iter	Logloss
0	0.6857094876
1	0.6783350403
2	0.6721193751
3	0.6651089522
4	0.6588594704
5	0.6528847089
6	0.6472000935
7	0.6417353958
8	0.6364888222
9	0.6310552702
10	0.6267367509
11	0.6223959617
12	0.6180451895
13	0.6138752014
14	0.6103167346
15	0.6065766142
16	0.6031508569
17	0.6000805208
18	0.5964217692
19	0.5933849347
20	0.5903580447
21	0.5875619737
22	0.5848671575
23	0.5822508556
24	0.5798298687
25	0.5776542927
26	0.5753193096
27	0.5732160361
28	0.5709882236
29	0.5693924092
30	0.5674768915
31	0.5655815481
32	0.5637330492
33	0.5623646185
34	0.5605609918
35	0.5589634715
36	0.5572499716
37	0.5556945211
38	0.554036361
39	0.5525279013
40	0.5511086151
41	0.5500620142
42	0.5487800047
43	0.5475324649
44	0.5464437704
45	0.5454524522
46	0.5444422702
47	0.5433938401
48	0.5423737065
49	0.5415167533
50	0.5404621619
51	0.5395639045
52	0.5387471882
53	0.5379652964
54	0.5372558357
55	0.5365785448
56	0.5358382688
57	0.5353490132
58	0.5349317151
59	0.5341884558
60	0.5336393255
61	0.5330638459
62	0.5325358793
63	0.5319139659
64	0.5314213656
65	0.5310110363
66	0.5305503758
67	0.5301181291
68	0.5295757845
69	0.5291344042
70	0.5286426683
71	0.5282458668
72	0.5277863085
73	0.5272579182
74	0.5267914472
75	0.5264362602
76	0.5260458578
77	0.5258131988
78	0.5255709819
79	0.525212215
80	0.524864832
81	0.5245949805
82	0.5243249469
83	0.5239974429
84	0.5237210781
85	0.5234347436
86	0.5231883241
87	0.5229504538
88	0.5227171318
89	0.5224501663
90	0.5222212059
91	0.5219560243
92	0.5217447746
93	0.5214371306
94	0.5211792833
95	0.5209753007
96	0.5207518097
97	0.5205218493
98	0.5203055726
99	0.5201235435
100	0.5198668561
101	0.5197427391
102	0.5195627588
103	0.5193823504
104	0.5192162542
105	0.5190122029
106	0.518826803
107	0.5186565696
108	0.5184587524
109	0.5183489884
110	0.5181451718
111	0.5179984781
112	0.5178946373
113	0.5178143498
114	0.5176287091
115	0.5175394914
116	0.5173708327
117	0.5172229699
118	0.5170857651
119	0.5169008347
120	0.5168186962
121	0.5167853052
122	0.5165961934
123	0.5164885118
124	0.5163993827
125	0.5163224793
126	0.5162916188
127	0.5161858377
128	0.5160740639
129	0.515965532
130	0.5158950693
131	0.5157651062
132	0.5156909217
133	0.5155844133
134	0.5155033094
135	0.5154156002
136	0.5153089255
137	0.5152540953
138	0.515166888
139	0.5150970745
140	0.5149887879
141	0.5148926317
142	0.5148566364
143	0.5148279742
144	0.5147801099
145	0.5146824462
146	0.5146165972
147	0.5145465807
148	0.5144660644
149	0.5143993523
150	0.5142959469
151	0.5142581594
152	0.5140919533
153	0.5139955241
154	0.5139103113
155	0.5138219041
156	0.5137253554
157	0.5136457422
158	0.5135911563
159	0.5135196086
160	0.5134477012
161	0.5133666235
162	0.5132714889
163	0.5131698343
164	0.5130928112
165	0.5130428102
166	0.5129942808
167	0.5129223237
168	0.5128652176
169	0.5128557414
170	0.5128157524
171	0.5127484111
172	0.5126811157
173	0.5126253734
174	0.512566012
175	0.5124958441
176	0.512438907
177	0.5124212057
178	0.5123621804
179	0.51231023
180	0.5122802533
181	0.5122358467
182	0.5121930155
183	0.512159123
184	0.512085866
185	0.5120336477
186	0.5119901853
187	0.5119270199
188	0.5118985381
189	0.511851789
190	0.5118020528
191	0.5117437722
192	0.5116903524
193	0.5116760988
194	0.5115890234
195	0.5115313172
196	0.5114664646
197	0.5114492554
198	0.5114055054
199	0.5113816672
200	0.5113283005
201	0.5112780964
202	0.5112320878
203	0.5111640719
204	0.5111238443
205	0.5110698015
206	0.511048426
207	0.511019605
208	0.5109714986
209	0.5109166131
210	0.5109105319
211	0.5108830738
212	0.5108465534
213	0.510814121
214	0.5107921841
215	0.510752511
216	0.5107136244
217	0.5106980897
218	0.5106754227
219	0.5106361096
220	0.5105904527
221	0.5105525334
222	0.5105004489
223	0.5104637272
224	0.510426264
225	0.5103916871
226	0.5103626248
227	0.5103234641
228	0.5103040248
229	0.5102867418
230	0.5102628625
231	0.5102271045
232	0.5102206416
233	0.510184513
234	0.5101551256
235	0.5101283489
236	0.5101081637
237	0.5100494054
238	0.5100222459
239	0.5100001577
240	0.5099608079
241	0.5099342933
242	0.5099022707
243	0.5098660161
244	0.50983559
245	0.5097846102
246	0.5097563527
247	0.5097145831
248	0.5096890944
249	0.5096637739
250	0.5096215662
251	0.5095957799
252	0.509571219
253	0.5095467155
254	0.5095235536
255	0.5095058222
256	0.5094411199
257	0.5094129465
258	0.5093804436
259	0.5093512189
260	0.5093160897
261	0.5092887432
262	0.5092591291
263	0.5092235416
264	0.5091897716
265	0.5091654555
266	0.5091426195
267	0.5091077092
268	0.5090884294
269	0.5090492845
270	0.5090149296
271	0.5089910612
272	0.5089721305
273	0.5089422528
274	0.5089227333
275	0.508893488
276	0.5088792768
277	0.5088548633
278	0.508836147
279	0.508819415
280	0.5087941715
281	0.508777799
282	0.5087577104
283	0.5087169946
284	0.5086860118
285	0.5086804061
286	0.5086469414
287	0.5086241728
288	0.5086194405
289	0.5086105106
290	0.5085931342
291	0.5085641234
292	0.5085414404
293	0.508522457
294	0.5085052972
295	0.5084922096
296	0.5084716274
297	0.5084623929
298	0.5084615666
299	0.5084443181
300	0.5084199786
301	0.5083973951
302	0.5083921137
303	0.5083681423
304	0.5083539924
305	0.5083181303
306	0.5083007066
307	0.508281992
308	0.5082789292
309	0.5082569407
310	0.5082436671
311	0.5082347875
312	0.5082109338
313	0.5081698752
314	0.5081548515
315	0.508133456
316	0.5081222953
317	0.5081222952
318	0.5081059849
319	0.5080881165
320	0.508085089
321	0.5080710187
322	0.508035537
323	0.5080170997
324	0.5080071029
325	0.5079909077
326	0.5079721584
327	0.5079596755
328	0.5079404314
329	0.507901933
330	0.5078870955
331	0.5078721811
332	0.5078611938
333	0.5078249949
334	0.5078054996
335	0.5077930794
336	0.5077805525
337	0.5077805523
338	0.5077742382
339	0.5077646765
340	0.5077434013
341	0.5077229422
342	0.5077108712
343	0.5076986335
344	0.5076938947
345	0.5076790618
346	0.5076790618
347	0.5076790616
348	0.5076502061
349	0.5076457899
350	0.5076222178
351	0.5075986191
352	0.5075828028
353	0.5075752561
354	0.5075596321
355	0.5075491353
356	0.5075299407
357	0.5075245311
358	0.5075104873
359	0.5075055373
360	0.5074897144
361	0.5074715483
362	0.5074606967
363	0.5074426418
364	0.5074337895
365	0.5074191104
366	0.507399013
367	0.5073904511
368	0.5073693346
369	0.5073686024
370	0.5073589788
371	0.5073480888
372	0.5073315903
373	0.5073242391
374	0.5073160177
375	0.5073160173
376	0.5072948816
377	0.5072485537
378	0.5072398727
379	0.5072280841
380	0.5072018927
381	0.5071936641
382	0.5071746506
383	0.5071646703
384	0.5071612653
385	0.5071470421
386	0.5071197557
387	0.5071100112
388	0.5070991962
389	0.507078112
390	0.5070756978
391	0.507067535
392	0.5070675345
393	0.5070437956
394	0.5070273347
395	0.5070108188
396	0.5070011938
397	0.5069989127
398	0.506986622
399	0.5069811388
400	0.5069648627
401	0.5069547629
402	0.5069332972
403	0.5069212078
404	0.506893313
405	0.506873632
406	0.5068647562
407	0.5068338211
408	0.506817342
409	0.5067843549
410	0.5067694953
411	0.5067589977
412	0.5067441356
413	0.5067149371
414	0.5067011717
415	0.5066941072
416	0.5066920861
417	0.5066688243
418	0.5066568953
419	0.5066404321
420	0.5066067668
421	0.5065997387
422	0.5065754222
423	0.5065637803
424	0.5065578947
425	0.5065561562
426	0.5065206918
427	0.5065075759
428	0.5064690992
429	0.5064388881
430	0.5064346072
431	0.5064320116
432	0.5064191268
433	0.5064076385
434	0.5063972687
435	0.5063896746
436	0.5063719895
437	0.5063616887
438	0.5063354571
439	0.5063212774
440	0.5063068342
441	0.5062821864
442	0.5062821861
443	0.5062650152
444	0.5062650149
445	0.5062609705
446	0.5062484393
447	0.5062274864
448	0.5062110297
449	0.5061961328
450	0.5061843314
451	0.5061843311
452	0.5061760187
453	0.5061752773
454	0.5061687364
455	0.5061440963
456	0.5061214341
457	0.5060794683
458	0.5060737652
459	0.5060737603
460	0.5060658705
461	0.5060574624
462	0.5060539021
463	0.5060333161
464	0.5060185569
465	0.5060043444
466	0.5059909315
467	0.5059884203
468	0.5059756887
469	0.5059590283
470	0.5059570198
471	0.5059361229
472	0.505914391
473	0.5059085373
474	0.5058923414
475	0.5058923411
476	0.5058846536
477	0.5058846534
478	0.5058697027
479	0.5058520987
480	0.5058243759
481	0.5058086788
482	0.5057959576
483	0.5057737354
484	0.5057499072
485	0.5057494456
486	0.5057373326
487	0.5056998488
488	0.5056835227
489	0.5056643415
490	0.5056499852
491	0.5056415602
492	0.5056415599
493	0.5056325831
494	0.5055981291
495	0.5055756623
496	0.5055614526
497	0.5055512383
498	0.5055390266
499	0.50551611
500	0.5054862782
501	0.5054756747
502	0.5054577258
503	0.5054433864
504	0.5054338498
505	0.5054188845
506	0.5053833013
507	0.5053762045
508	0.5053762045
509	0.5053597444
510	0.5053306453
511	0.505320534
512	0.5053051267
513	0.5052884484
514	0.5052670606
515	0.5052565542
516	0.5052346393
517	0.5052180044
518	0.5052069173
519	0.5051801767
520	0.5051411959
521	0.5051126237
522	0.5051009101
523	0.5050823872
524	0.5050473067
525	0.505024876
526	0.5050031901
527	0.5049815064
528	0.5049426716
529	0.5049111715
530	0.5048783213
531	0.5048553793
532	0.5048377183
533	0.5048225571
534	0.5047967996
535	0.5047780652
536	0.5047516291
537	0.5047116078
538	0.5046902284
539	0.504647993
540	0.5046234944
541	0.5046068328
542	0.5045724783
543	0.5045505811
544	0.5045310618
545	0.5045058033
546	0.5044732094
547	0.5044447083
548	0.5044183552
549	0.5044014435
550	0.5043560086
551	0.5043432685
552	0.5043153161
553	0.5042767856
554	0.5042651683
555	0.5042439471
556	0.5042348742
557	0.5042049195
558	0.5041768923
559	0.504160228
560	0.504119546
561	0.5040731903
562	0.5040560397
563	0.5040163802
564	0.5039964002
565	0.5039579655
566	0.5039261385
567	0.5038947449
568	0.5038777291
569	0.5038481544
570	0.503826341
571	0.5037897094
572	0.5037806635
573	0.5037557565
574	0.5037241801
575	0.5036812621
576	0.5036535124
577	0.5036152254
578	0.5035845432
579	0.503553114
580	0.5035192472
581	0.5034751163
582	0.5034537504
583	0.503423189
584	0.5033925534
585	0.5033597539
586	0.5033338697
587	0.5033013975
588	0.5032700592
589	0.5032318675
590	0.5032074937
591	0.5031815312
592	0.5031567329
593	0.5031255382
594	0.5030993433
595	0.5030616208
596	0.5030369757
597	0.5030033843
598	0.5029759479
599	0.5029505773
600	0.5029194352
601	0.5028871184
602	0.5028562919
603	0.502826575
604	0.5028026862
605	0.5027759731
606	0.5027404937
607	0.5027230677
608	0.5026938157
609	0.5026564728
610	0.5026385722
611	0.5026032017
612	0.5025755658
613	0.5025354345
614	0.5025082034
615	0.5024856731
616	0.5024634954
617	0.5024175045
618	0.5024019432
619	0.5023708602
620	0.5023480995
621	0.502319286
622	0.5022901336
623	0.5022676197
624	0.5022434012
625	0.5022196664
626	0.5021891267
627	0.5021709884
628	0.5021555903
629	0.5021273514
630	0.5020952974
631	0.5020631952
632	0.5020407077
633	0.5020219134
634	0.5020061785
635	0.5019823091
636	0.5019565594
637	0.5019214684
638	0.5018938789
639	0.5018672802
640	0.5018411963
641	0.5018266185
642	0.5017969066
643	0.5017691587
644	0.5017508851
645	0.5017348766
646	0.5017104345
647	0.5016764437
648	0.501646686
649	0.5016269049
650	0.5015998286
651	0.5015756932
652	0.5015519312
653	0.5015289454
654	0.5015054954
655	0.5014911064
656	0.5014718654
657	0.501447374
658	0.5014295619
659	0.5014073974
660	0.5013860107
661	0.5013558937
662	0.5013287096
663	0.5013069794
664	0.5012841996
665	0.5012684402
666	0.50125125
667	0.501230558
668	0.5012076093
669	0.5011912071
670	0.5011623729
671	0.5011393617
672	0.5011189636
673	0.501101396
674	0.5010841054
675	0.5010693391
676	0.5010554698
677	0.5010379445
678	0.5010129339
679	0.5009830674
680	0.5009670026
681	0.5009471353
682	0.5009291645
683	0.5009108203
684	0.5008854682
685	0.5008653551
686	0.500849992
687	0.500833892
688	0.5008073029
689	0.5007791179
690	0.5007511786
691	0.5007320663
692	0.5007049478
693	0.5006853313
694	0.50066326
695	0.5006360453
696	0.5006195687
697	0.5005942989
698	0.5005791738
699	0.5005645938
700	0.5005540646
701	0.5005318284
702	0.5005085409
703	0.500488784
704	0.5004733019
705	0.5004429684
706	0.5004292228
707	0.5004101818
708	0.5003903711
709	0.5003765167
710	0.5003584336
711	0.5003360558
712	0.5003108613
713	0.5002901935
714	0.5002719271
715	0.500256316
716	0.500222816
717	0.5002008264
718	0.5001806544
719	0.500162878
720	0.500136122
721	0.5001157661
722	0.5001036872
723	0.5000845593
724	0.500065446
725	0.5000430649
726	0.5000235344
727	0.5000039015
728	0.4999822098
729	0.4999556862
730	0.4999298964
731	0.4999171114
732	0.4998958409
733	0.4998761381
734	0.499852594
735	0.499831636
736	0.4998161505
737	0.4998011473
738	0.4997834815
739	0.4997637086
740	0.4997476045
741	0.4997251894
742	0.4997037478
743	0.4996894029
744	0.4996657374
745	0.4996489848
746	0.4996318829
747	0.4996098997
748	0.4995954085
749	0.4995711094
750	0.4995561135
751	0.4995386596
752	0.4995236916
753	0.4995138608
754	0.4994870813
755	0.4994632015
756	0.4994454829
757	0.4994276311
758	0.4994157746
759	0.4993961611
760	0.4993835649
761	0.4993614779
762	0.4993398845
763	0.4993233322
764	0.4993114579
765	0.4992935832
766	0.4992779121
767	0.4992593586
768	0.4992385801
769	0.499212563
770	0.4991934649
771	0.4991818754
772	0.4991701321
773	0.4991535244
774	0.4991394216
775	0.499124668
776	0.4991175839
777	0.4990978239
778	0.4990813566
779	0.4990594457
780	0.4990334825
781	0.4990144609
782	0.4989973448
783	0.4989826706
784	0.4989670314
785	0.4989475773
786	0.4989355851
787	0.498926737
788	0.4989070692
789	0.4988993181
790	0.4988860746
791	0.4988723646
792	0.4988622313
793	0.4988539618
794	0.4988410132
795	0.4988283104
796	0.4988142415
797	0.4988037868
798	0.4987944695
799	0.4987755282
800	0.4987648216
801	0.4987519109
802	0.4987375022
803	0.4987230663
804	0.4987101517
805	0.4986944811
806	0.4986813794
807	0.4986723234
808	0.4986562131
809	0.4986394655
810	0.4986204434
811	0.4986077139
812	0.4985910616
813	0.4985802538
814	0.4985660304
815	0.4985527852
816	0.4985380713
817	0.4985131945
818	0.4984981398
819	0.4984832725
820	0.498469264
821	0.498452146
822	0.4984318497
823	0.4984190686
824	0.4983942877
825	0.4983705673
826	0.4983512427
827	0.4983273007
828	0.4983185282
829	0.4982961629
830	0.4982758617
831	0.4982563169
832	0.4982441463
833	0.4982347084
834	0.4982172986
835	0.498193436
836	0.4981792979
837	0.4981650335
838	0.4981498888
839	0.4981382189
840	0.4981190666
841	0.498110413
842	0.4980912104
843	0.4980758965
844	0.4980583135
845	0.4980427273
846	0.498030623
847	0.4980099749
848	0.4979960298
849	0.4979857081
850	0.4979766651
851	0.4979563201
852	0.4979377182
853	0.497924456
854	0.4979100685
855	0.4978970846
856	0.497878821
857	0.4978623036
858	0.497846857
859	0.4978276496
860	0.4978149031
861	0.4978024799
862	0.497784444
863	0.4977687853
864	0.4977578173
865	0.4977431707
866	0.4977291675
867	0.4977165757
868	0.4977006403
869	0.4976898703
870	0.4976679739
871	0.4976576561
872	0.4976520316
873	0.4976428309
874	0.4976254963
875	0.4976134604
876	0.4976068952
877	0.4975946564
878	0.497577694
879	0.4975639593
880	0.4975421698
881	0.4975278202
882	0.4975201502
883	0.4975092418
884	0.4974884753
885	0.4974773655
886	0.4974625369
887	0.497456507
888	0.4974429033
889	0.4974298713
890	0.4974215512
891	0.4974111869
892	0.4973908231
893	0.4973667412
894	0.4973549887
895	0.4973473649
896	0.4973393383
897	0.4973286099
898	0.4973139359
899	0.4973007661
900	0.4972810761
901	0.4972686772
902	0.4972574165
903	0.497243986
904	0.497227502
905	0.4972143465
906	0.4972039239
907	0.4971961319
908	0.497189712
909	0.4971788274
910	0.4971654694
911	0.4971492859
912	0.4971405083
913	0.4971222863
914	0.4971082668
915	0.4970993466
916	0.4970913362
917	0.4970807964
918	0.4970689231
919	0.4970541644
920	0.4970453736
921	0.4970279732
922	0.4970170333
923	0.4970029923
924	0.4969881569
925	0.4969762312
926	0.4969710789
927	0.4969524489
928	0.4969388711
929	0.4969306471
930	0.4969225638
931	0.4969094833
932	0.4968980867
933	0.4968891835
934	0.4968812101
935	0.4968697096
936	0.4968592409
937	0.4968498697
938	0.4968349276
939	0.496824966
940	0.4968123846
941	0.4968053424
942	0.496794723
943	0.4967833223
944	0.4967681016
945	0.4967623322
946	0.4967507778
947	0.4967432904
948	0.4967359111
949	0.4967193084
950	0.4967125461
951	0.4966939523
952	0.4966846745
953	0.4966740255
954	0.4966633901
955	0.4966563465
956	0.4966453769
957	0.4966355107
958	0.4966275703
959	0.4966187361
960	0.4965982886
961	0.4965896919
962	0.4965834802
963	0.4965746161
964	0.4965663417
965	0.4965588801
966	0.4965514978
967	0.496540012
968	0.4965276895
969	0.496517047
970	0.4965121083
971	0.4965051877
972	0.4964996071
973	0.4964939328
974	0.4964797967
975	0.4964754336
976	0.4964664079
977	0.4964568786
978	0.4964460689
979	0.4964295684
980	0.4964222409
981	0.4964121164
982	0.4964001064
983	0.4963883859
984	0.4963823479
985	0.4963747454
986	0.4963656995
987	0.4963464758
988	0.4963359593
989	0.4963232952
990	0.4963105912
991	0.4962987953
992	0.4962883602
993	0.4962771949
994	0.4962650036
995	0.4962506554
996	0.4962373973
997	0.4962255873
998	0.4962106977
999	0.4962022581
1000	0.496197742
1001	0.4961875016
1002	0.4961715351
1003	0.4961575412
1004	0.4961414032
1005	0.4961370689
1006	0.4961279237
1007	0.4961122756
1008	0.4961089535
1009	0.4961016317
1010	0.4960964903
1011	0.496082384
1012	0.4960712009
1013	0.4960620125
1014	0.4960528957
1015	0.4960453608
1016	0.4960258053
1017	0.4960109511
1018	0.4960006316
1019	0.495982604
1020	0.4959712946
1021	0.4959546622
1022	0.4959496856
1023	0.4959371705
1024	0.4959256567
1025	0.4959106977
1026	0.4958960407
1027	0.4958847467
1028	0.4958720655
1029	0.4958623194
1030	0.495855045
1031	0.4958422216
1032	0.495836551
1033	0.4958256647
1034	0.4958122737
1035	0.4957982979
1036	0.4957868844
1037	0.4957815799
1038	0.4957656092
1039	0.4957581927
1040	0.4957416799
1041	0.4957287484
1042	0.4957152603
1043	0.4956995555
1044	0.4956853789
1045	0.4956747422
1046	0.4956686848
1047	0.4956611
1048	0.4956448155
1049	0.4956372332
1050	0.4956299697
1051	0.4956142272
1052	0.4956074948
1053	0.4955997387
1054	0.4955855105
1055	0.4955769919
1056	0.4955718522
1057	0.4955595338
1058	0.4955476883
1059	0.4955360556
1060	0.495521089
1061	0.4955072608
1062	0.4954974837
1063	0.4954849763
1064	0.4954762143
1065	0.4954698244
1066	0.4954589271
1067	0.4954470762
1068	0.4954310447
1069	0.495423639
1070	0.4954156149
1071	0.495403278
1072	0.4953998676
1073	0.4953933373
1074	0.4953850642
1075	0.4953762718
1076	0.4953690246
1077	0.4953665641
1078	0.4953491272
1079	0.4953450986
1080	0.4953274702
1081	0.4953171041
1082	0.4953048358
1083	0.4952974128
1084	0.4952895292
1085	0.4952802156
1086	0.4952684968
1087	0.4952584947
1088	0.4952493723
1089	0.4952334027
1090	0.4952281542
1091	0.4952209295
1092	0.4952126736
1093	0.4952064287
1094	0.4951993967
1095	0.4951843791
1096	0.4951747027
1097	0.4951669334
1098	0.495159786
1099	0.4951499496
1100	0.4951409605
1101	0.495130019
1102	0.4951232014
1103	0.4951110041
1104	0.4951028285
1105	0.4950952037
1106	0.4950875704
1107	0.49507998
1108	0.495073203
1109	0.4950688697
1110	0.4950615493
1111	0.4950497628
1112	0.4950420027
1113	0.4950321365
1114	0.4950257979
1115	0.4950183518
1116	0.4950063469
1117	0.4950009464
1118	0.4949951094
1119	0.4949888777
1120	0.4949810405
1121	0.4949701555
1122	0.494964949
1123	0.4949580686
1124	0.4949450353
1125	0.4949355034
1126	0.4949275635
1127	0.4949172204
1128	0.494910027
1129	0.494906379
1130	0.494898043
1131	0.4948899055
1132	0.4948809935
1133	0.4948673058
1134	0.4948610692
1135	0.4948512439
1136	0.4948356856
1137	0.4948273133
1138	0.4948225705
1139	0.4948124633
1140	0.4948054533
1141	0.4947974167
1142	0.4947889394
1143	0.4947769971
1144	0.4947706814
1145	0.4947672806
1146	0.4947631278
1147	0.4947487335
1148	0.4947348993
1149	0.4947243169
1150	0.4947138737
1151	0.4947023438
1152	0.4946961299
1153	0.4946896211
1154	0.4946777089
1155	0.4946697434
1156	0.4946649692
1157	0.4946601091
1158	0.4946512714
1159	0.4946369029
1160	0.4946338499
1161	0.4946159931
1162	0.4946049243
1163	0.4945960661
1164	0.494592759
1165	0.494582852
1166	0.4945799633
1167	0.4945768129
1168	0.4945706332
1169	0.4945621169
1170	0.4945524055
1171	0.4945431898
1172	0.4945370511
1173	0.4945277236
1174	0.4945157509
1175	0.4945087577
1176	0.4944939801
1177	0.4944757311
1178	0.4944677538
1179	0.4944561216
1180	0.4944499556
1181	0.4944410537
1182	0.4944336459
1183	0.4944260761
1184	0.4944190899
1185	0.4944123346
1186	0.4944049886
1187	0.4943928578
1188	0.4943851397
1189	0.4943788728
1190	0.4943759
1191	0.4943689658
1192	0.4943570266
1193	0.4943488713
1194	0.4943440253
1195	0.4943374262
1196	0.4943260827
1197	0.4943174527
1198	0.494304486
1199	0.4942972761
1200	0.4942854043
1201	0.4942791724
1202	0.494272176
1203	0.4942635403
1204	0.4942546849
1205	0.4942426999
1206	0.4942398219
1207	0.4942285846
1208	0.494221865
1209	0.4942128459
1210	0.4942099149
1211	0.4942024897
1212	0.4941968037
1213	0.4941887083
1214	0.4941774609
1215	0.4941696929
1216	0.4941595521
1217	0.4941562845
1218	0.4941483282
1219	0.4941411061
1220	0.4941288623
1221	0.4941223761
1222	0.4941166333
1223	0.4941087416
1224	0.4940974538
1225	0.4940946553
1226	0.4940910816
1227	0.4940811275
1228	0.494066011
1229	0.4940566457
1230	0.4940483854
1231	0.4940408929
1232	0.494033432
1233	0.4940260576
1234	0.4940199027
1235	0.4940095443
1236	0.4940022336
1237	0.4939920841
1238	0.4939832936
1239	0.493972433
1240	0.4939669636
1241	0.4939590391
1242	0.4939557443
1243	0.4939451552
1244	0.4939369837
1245	0.4939325145
1246	0.4939215558
1247	0.4939089298
1248	0.4939057049
1249	0.4939039466
1250	0.4938978205
1251	0.4938862836
1252	0.4938780192
1253	0.4938752415
1254	0.493867539
1255	0.4938594742
1256	0.4938535325
1257	0.4938454218
1258	0.4938363099
1259	0.4938320542
1260	0.4938183292
1261	0.4938115645
1262	0.4938056746
1263	0.4938023789
1264	0.4937964906
1265	0.493788118
1266	0.4937764392
1267	0.493765405
1268	0.4937548264
1269	0.4937446972
1270	0.4937327394
1271	0.4937226644
1272	0.4937106745
1273	0.4937016356
1274	0.4936915316
1275	0.4936882613
1276	0.4936803711
1277	0.4936744236
1278	0.4936661454
1279	0.4936532513
1280	0.4936492653
1281	0.4936431858
1282	0.4936377307
1283	0.4936300201
1284	0.4936231242
1285	0.4936157589
1286	0.4936088449
1287	0.4936004747
1288	0.4935968317
1289	0.4935855461
1290	0.4935749046
1291	0.4935691855
1292	0.4935622138
1293	0.4935519912
1294	0.4935444372
1295	0.4935386149
1296	0.4935325344
1297	0.4935224674
1298	0.4935159377
1299	0.4935094049
1300	0.4934996961
1301	0.493486247
1302	0.4934779185
1303	0.4934742571
1304	0.4934662974
1305	0.4934558559
1306	0.4934418193
1307	0.4934330808
1308	0.4934269643
1309	0.4934186937
1310	0.4934121656
1311	0.4934027798
1312	0.4933946001
1313	0.493384463
1314	0.4933821885
1315	0.493375244
1316	0.493362494
1317	0.4933554501
1318	0.4933443186
1319	0.4933324679
1320	0.4933204921
1321	0.4933140799
1322	0.4933007437
1323	0.4932971191
1324	0.4932884803
1325	0.4932787983
1326	0.4932757969
1327	0.4932671384
1328	0.4932612354
1329	0.4932557218
1330	0.4932457824
1331	0.4932371943
1332	0.4932317413
1333	0.4932236375
1334	0.4932160452
1335	0.4932092069
1336	0.4931932013
1337	0.4931817357
1338	0.4931747183
1339	0.4931694999
1340	0.4931608234
1341	0.4931512448
1342	0.4931387041
1343	0.4931302118
1344	0.4931262591
1345	0.493120854
1346	0.4931186641
1347	0.4931125481
1348	0.4931044513
1349	0.4930966809
1350	0.4930907009
1351	0.493078441
1352	0.4930731634
1353	0.4930692616
1354	0.4930641097
1355	0.4930586923
1356	0.4930529043
1357	0.4930445389
1358	0.493036991
1359	0.4930274712
1360	0.4930217305
1361	0.4930160923
1362	0.4930089259
1363	0.4930028088
1364	0.4929947981
1365	0.4929835309
1366	0.4929721462
1367	0.4929688435
1368	0.4929585044
1369	0.4929509015
1370	0.4929482787
1371	0.4929438974
1372	0.4929404584
1373	0.492931077
1374	0.4929228515
1375	0.4929162813
1376	0.4929078528
1377	0.4929010884
1378	0.4928968631
1379	0.4928936288
1380	0.4928894765
1381	0.4928826722
1382	0.4928691598
1383	0.4928571518
1384	0.4928517681
1385	0.4928408039
1386	0.4928380055
1387	0.4928305308
1388	0.4928259364
1389	0.4928192675
1390	0.4928136254
1391	0.4928078763
1392	0.4927982687
1393	0.4927901528
1394	0.4927854231
1395	0.4927808904
1396	0.4927712378
1397	0.4927590104
1398	0.4927515117
1399	0.4927470657
1400	0.4927439018
1401	0.4927365915
1402	0.4927297114
1403	0.492725367
1404	0.4927165961
1405	0.4927118486
1406	0.4926999225
1407	0.4926860778
1408	0.4926812936
1409	0.4926769381
1410	0.4926661363
1411	0.4926578643
1412	0.4926498676
1413	0.4926430401
1414	0.4926379064
1415	0.4926346187
1416	0.492626854
1417	0.492620486
1418	0.4926188709
1419	0.4926144747
1420	0.4926108263
1421	0.4926009252
1422	0.4925955896
1423	0.4925880855
1424	0.4925841052
1425	0.4925704192
1426	0.4925616721
1427	0.4925539582
1428	0.492546102
1429	0.4925374786
1430	0.4925263074
1431	0.4925182405
1432	0.4925054024
1433	0.4925024527
1434	0.4925010018
1435	0.4924963785
1436	0.492484153
1437	0.4924783996
1438	0.4924689452
1439	0.4924597343
1440	0.492448348
1441	0.492436985
1442	0.4924295536
1443	0.4924178084
1444	0.4924146009
1445	0.4924019773
1446	0.4923915184
1447	0.4923847248
1448	0.4923771433
1449	0.4923690514
1450	0.4923642193
1451	0.492351875
1452	0.4923429944
1453	0.492332501
1454	0.4923255374
1455	0.4923204434
1456	0.4923142116
1457	0.4923101067
1458	0.4923022922
1459	0.4922926214
1460	0.492285792
1461	0.4922807561
1462	0.4922753225
1463	0.4922704214
1464	0.4922665382
1465	0.4922568017
1466	0.4922500557
1467	0.4922418433
1468	0.4922376144
1469	0.4922312784
1470	0.4922258726
1471	0.4922196025
1472	0.4922125806
1473	0.4922061743
1474	0.4921958921
1475	0.4921859552
1476	0.4921803639
1477	0.4921713194
1478	0.4921646362
1479	0.4921559835
1480	0.4921492102
1481	0.4921428532
1482	0.4921317861
1483	0.4921252509
1484	0.4921215501
1485	0.492113058
1486	0.4921081346
1487	0.4921058255
1488	0.4921002096
1489	0.4920891678
1490	0.4920801072
1491	0.4920710054
1492	0.4920675924
1493	0.4920644696
1494	0.4920604388
1495	0.4920549966
1496	0.4920490112
1497	0.4920454867
1498	0.4920382645
1499	0.4920305756
1500	0.4920237663
1501	0.4920171495
1502	0.4920105153
1503	0.492004528
1504	0.4920001695
1505	0.4919940167
1506	0.4919892866
1507	0.4919782523
1508	0.4919718462
1509	0.4919643069
1510	0.4919522016
1511	0.4919481703
1512	0.4919433556
1513	0.4919307506
1514	0.491922186
1515	0.4919178145
1516	0.4919118433
1517	0.4919043692
1518	0.4918943225
1519	0.4918847836
1520	0.4918784463
1521	0.4918717679
1522	0.491866245
1523	0.4918580972
1524	0.4918498525
1525	0.4918419915
1526	0.4918379503
1527	0.4918299327
1528	0.4918248207
1529	0.4918154455
1530	0.491805185
1531	0.4918024937
1532	0.4917961748
1533	0.491784296
1534	0.4917778281
1535	0.4917704301
1536	0.4917636872
1537	0.4917579001
1538	0.4917517814
1539	0.4917440315
1540	0.4917359459
1541	0.4917343347
1542	0.4917287596
1543	0.491718554
1544	0.4917079189
1545	0.4917018415
1546	0.4916945356
1547	0.4916846671
1548	0.4916815092
1549	0.4916710374
1550	0.4916631502
1551	0.4916528783
1552	0.4916501937
1553	0.4916470655
1554	0.4916397476
1555	0.4916321088
1556	0.4916268788
1557	0.4916201152
1558	0.4916051104
1559	0.4915997641
1560	0.4915851513
1561	0.4915727035
1562	0.4915668779
1563	0.4915606366
1564	0.4915540882
1565	0.4915512622
1566	0.4915441583
1567	0.4915388478
1568	0.4915365498
1569	0.4915307355
1570	0.4915224811
1571	0.4915157349
1572	0.4915077501
1573	0.4914986045
1574	0.4914873686
1575	0.4914841979
1576	0.4914799666
1577	0.4914718794
1578	0.4914613844
1579	0.491457091
1580	0.4914454637
1581	0.4914425199
1582	0.4914355756
1583	0.4914290756
1584	0.491426315
1585	0.491420386
1586	0.4914165495
1587	0.4914081446
1588	0.4914060531
1589	0.4914008045
1590	0.4913896065
1591	0.4913830997
1592	0.4913817197
1593	0.4913753198
1594	0.4913690302
1595	0.4913563783
1596	0.4913495646
1597	0.4913429458
1598	0.4913380405
1599	0.4913340484
1600	0.4913246852
1601	0.4913195342
1602	0.4913170097
1603	0.4913110895
1604	0.4912985041
1605	0.4912896696
1606	0.491283387
1607	0.4912801676
1608	0.4912746004
1609	0.4912658491
1610	0.4912608727
1611	0.4912527973
1612	0.4912491026
1613	0.4912396322
1614	0.491236756
1615	0.4912335497
1616	0.4912252316
1617	0.4912175281
1618	0.4912073177
1619	0.4912040022
1620	0.491197021
1621	0.4911874889
1622	0.4911810754
1623	0.4911746688
1624	0.4911675957
1625	0.491149774
1626	0.4911439422
1627	0.4911371246
1628	0.4911280031
1629	0.4911227259
1630	0.4911151204
1631	0.4911099098
1632	0.4911061605
1633	0.491101024
1634	0.4910901294
1635	0.4910882487
1636	0.4910842482
1637	0.4910754135
1638	0.4910680224
1639	0.4910637114
1640	0.4910553014
1641	0.4910512843
1642	0.49104392
1643	0.4910421754
1644	0.4910397023
1645	0.4910310791
1646	0.4910237941
1647	0.4910157407
1648	0.4910090572
1649	0.4910008578
1650	0.4909933884
1651	0.4909862605
1652	0.4909787893
1653	0.4909696117
1654	0.4909642141
1655	0.4909609294
1656	0.490956138
1657	0.4909505066
1658	0.4909367593
1659	0.4909338179
1660	0.4909238206
1661	0.4909188454
1662	0.4909086838
1663	0.4909052222
1664	0.4908945794
1665	0.490891887
1666	0.4908829171
1667	0.4908772802
1668	0.4908694687
1669	0.4908650415
1670	0.4908637928
1671	0.4908593212
1672	0.4908528402
1673	0.4908472098
1674	0.4908298556
1675	0.4908220783
1676	0.4908171596
1677	0.4908077845
1678	0.4907992886
1679	0.4907917476
1680	0.4907836274
1681	0.4907751332
1682	0.4907645486
1683	0.4907615828
1684	0.4907569763
1685	0.4907476341
1686	0.4907370285
1687	0.4907311969
1688	0.4907239572
1689	0.490715403
1690	0.4907123179
1691	0.4907067924
1692	0.4906993763
1693	0.4906935315
1694	0.4906898684
1695	0.4906819268
1696	0.4906793666
1697	0.4906768487
1698	0.4906690959
1699	0.4906666673
1700	0.4906600756
1701	0.490657572
1702	0.490651694
1703	0.4906455066
1704	0.4906387933
1705	0.490629143
1706	0.4906207813
1707	0.4906196338
1708	0.4906140717
1709	0.4906033307
1710	0.4905987428
1711	0.4905973623
1712	0.4905912733
1713	0.4905821174
1714	0.4905752421
1715	0.490566725
1716	0.4905643523
1717	0.4905557881
1718	0.490554517
1719	0.4905519358
1720	0.4905427393
1721	0.4905341879
1722	0.4905265913
1723	0.4905208494
1724	0.4905097118
1725	0.4905076754
1726	0.4905027424
1727	0.4904924307
1728	0.4904905592
1729	0.4904838544
1730	0.4904763454
1731	0.4904693123
1732	0.4904642525
1733	0.4904627944
1734	0.4904507273
1735	0.4904483692
1736	0.4904416147
1737	0.4904374891
1738	0.4904311058
1739	0.4904235694
1740	0.4904191771
1741	0.4904138549
1742	0.49040893
1743	0.4904070426
1744	0.4903995674
1745	0.4903951659
1746	0.4903887424
1747	0.4903848221
1748	0.4903791655
1749	0.4903764214
1750	0.4903673331
1751	0.4903562306
1752	0.490350931
1753	0.4903414767
1754	0.4903317017
1755	0.4903254595
1756	0.4903207235
1757	0.4903154358
1758	0.4903079607
1759	0.4902950792
1760	0.4902935917
1761	0.4902870268
1762	0.4902818615
1763	0.4902736449
1764	0.4902674947
1765	0.4902647112
1766	0.4902609018
1767	0.4902554039
1768	0.4902509774
1769	0.4902423812
1770	0.4902393143
1771	0.4902333021
1772	0.4902239137
1773	0.4902160464
1774	0.4902126234
1775	0.4902085775
1776	0.4902012288
1777	0.4901963579
1778	0.4901858802
1779	0.4901777857
1780	0.4901721764
1781	0.4901683505
1782	0.4901630672
1783	0.4901547343
1784	0.4901453005
1785	0.4901396528
1786	0.4901350479
1787	0.4901306973
1788	0.4901242573
1789	0.4901127467
1790	0.4901055551
1791	0.4901013951
1792	0.4900932201
1793	0.4900873601
1794	0.4900802949
1795	0.4900730139
1796	0.4900680035
1797	0.4900618616
1798	0.4900513301
1799	0.4900475716
1800	0.4900423566
1801	0.4900364098
1802	0.4900280767
1803	0.4900249123
1804	0.4900172911
1805	0.490010797
1806	0.4900077623
1807	0.4899968816
1808	0.4899904919
1809	0.489978788
1810	0.4899652394
1811	0.4899536475
1812	0.4899476634
1813	0.4899461571
1814	0.489937805
1815	0.489928897
1816	0.4899236237
1817	0.4899133942
1818	0.4899015336
1819	0.4898956865
1820	0.4898894092
1821	0.4898779183
1822	0.4898723143
1823	0.4898647695
1824	0.489858951
1825	0.4898502791
1826	0.4898450136
1827	0.4898363527
1828	0.4898321683
1829	0.4898299843
1830	0.4898228546
1831	0.4898123271
1832	0.4898104495
1833	0.4898080044
1834	0.489800212
1835	0.4897969209
1836	0.4897923208
1837	0.4897853067
1838	0.4897834222
1839	0.4897767255
1840	0.4897743959
1841	0.4897686296
1842	0.4897638029
1843	0.4897579405
1844	0.4897525968
1845	0.4897504622
1846	0.4897395283
1847	0.4897356083
1848	0.4897246097
1849	0.4897214178
1850	0.4897147283
1851	0.48970792
1852	0.4897006924
1853	0.489692994
1854	0.4896897804
1855	0.4896833551
1856	0.4896809041
1857	0.4896739827
1858	0.4896696107
1859	0.4896624904
1860	0.4896552088
1861	0.4896491697
1862	0.4896393524
1863	0.4896385663
1864	0.4896311875
1865	0.4896220809
1866	0.4896173021
1867	0.4896073373
1868	0.4896009554
1869	0.4895987099
1870	0.4895929924
1871	0.4895848187
1872	0.4895838161
1873	0.4895770302
1874	0.4895672463
1875	0.4895591412
1876	0.4895525331
1877	0.4895501309
1878	0.4895433347
1879	0.4895394025
1880	0.4895309198
1881	0.4895231978
1882	0.4895195774
1883	0.4895127446
1884	0.4895112808
1885	0.4895057119
1886	0.4894939682
1887	0.4894871451
1888	0.4894804814
1889	0.4894733516
1890	0.4894689725
1891	0.4894612483
1892	0.4894511706
1893	0.4894501408
1894	0.4894446169
1895	0.4894373223
1896	0.4894323093
1897	0.4894220056
1898	0.4894157709
1899	0.4894140518
1900	0.4894075396
1901	0.4894029531
1902	0.4893996118
1903	0.489392974
1904	0.4893833148
1905	0.4893787094
1906	0.4893762679
1907	0.4893736144
1908	0.4893718896
1909	0.4893649563
1910	0.489358838
1911	0.4893531041
1912	0.4893496549
1913	0.4893474308
1914	0.4893413089
1915	0.4893372277
1916	0.489330456
1917	0.4893221749
1918	0.4893195726
1919	0.4893088303
1920	0.4893047268
1921	0.4892995442
1922	0.4892982652
1923	0.489292642
1924	0.4892894812
1925	0.4892826028
1926	0.4892772394
1927	0.4892714898
1928	0.4892632327
1929	0.4892584142
1930	0.4892535546
1931	0.489251552
1932	0.4892391301
1933	0.4892374722
1934	0.4892346935
1935	0.489228895
1936	0.4892220097
1937	0.4892160464
1938	0.4892085213
1939	0.4892021121
1940	0.4891940723
1941	0.4891919497
1942	0.4891870259
1943	0.4891806613
1944	0.4891751863
1945	0.4891646438
1946	0.4891603931
1947	0.4891558791
1948	0.4891532719
1949	0.4891462805
1950	0.4891450043
1951	0.4891407804
1952	0.4891388274
1953	0.4891340307
1954	0.4891258302
1955	0.4891210266
1956	0.4891137754
1957	0.4891081381
1958	0.4891032862
1959	0.4890973045
1960	0.4890934739
1961	0.4890804447
1962	0.4890778385
1963	0.4890671361
1964	0.4890551814
1965	0.4890486931
1966	0.4890449876
1967	0.4890407549
1968	0.4890349934
1969	0.4890285407
1970	0.4890263402
1971	0.4890221713
1972	0.4890173164
1973	0.4890120984
1974	0.4890076131
1975	0.4890009509
1976	0.4889917965
1977	0.488987749
1978	0.4889826891
1979	0.4889734568
1980	0.4889714225
1981	0.4889691253
1982	0.4889660444
1983	0.4889598245
1984	0.4889545098
1985	0.4889471109
1986	0.4889443776
1987	0.4889395308
1988	0.4889372866
1989	0.488930625
1990	0.4889273198
1991	0.4889209769
1992	0.4889172115
1993	0.4889155291
1994	0.4889113122
1995	0.4889079459
1996	0.4889014928
1997	0.4888947315
1998	0.4888894065
1999	0.4888834874
2000	0.4888797886
2001	0.4888753602
2002	0.4888722828
2003	0.4888665404
2004	0.4888589682
2005	0.4888517598
2006	0.4888454831
2007	0.4888407689
2008	0.4888344442
2009	0.4888255731
2010	0.4888195696
2011	0.4888109425
2012	0.4888003566
2013	0.4887989795
2014	0.4887952162
2015	0.4887914938
2016	0.4887870625
2017	0.4887793588
2018	0.4887724197
2019	0.488771446
2020	0.4887629115
2021	0.4887606495
2022	0.4887547513
2023	0.4887496321
2024	0.4887450586
2025	0.4887400384
2026	0.4887360123
2027	0.4887265067
2028	0.4887231487
2029	0.488715794
2030	0.4887132581
2031	0.4887098882
2032	0.4887051368
2033	0.48870266
2034	0.4887002513
2035	0.4886939178
2036	0.4886889605
2037	0.4886846178
2038	0.4886738871
2039	0.4886678362
2040	0.4886620235
2041	0.4886593488
2042	0.4886552971
2043	0.4886487989
2044	0.4886456083
2045	0.4886371457
2046	0.4886306907
2047	0.4886241163
2048	0.4886212945
2049	0.4886144406
2050	0.488606304
2051	0.4886034089
2052	0.4885946695
2053	0.4885861068
2054	0.4885772186
2055	0.4885711851
2056	0.4885660711
2057	0.4885605088
2058	0.4885563038
2059	0.4885524413
2060	0.4885496087
2061	0.4885471867
2062	0.4885459614
2063	0.488539599
2064	0.4885326472
2065	0.4885296471
2066	0.4885227095
2067	0.4885200845
2068	0.4885118194
2069	0.4885111232
2070	0.488509581
2071	0.488500734
2072	0.4884954655
2073	0.4884933204
2074	0.4884887751
2075	0.4884858832
2076	0.488480462
2077	0.4884708539
2078	0.4884631212
2079	0.4884578478
2080	0.4884563132
2081	0.4884488404
2082	0.4884428262
2083	0.4884335018
2084	0.4884311365
2085	0.4884277357
2086	0.4884221141
2087	0.488415772
2088	0.4884145243
2089	0.488406499
2090	0.4883998419
2091	0.4883946417
2092	0.4883926734
2093	0.4883894842
2094	0.4883793207
2095	0.4883773152
2096	0.4883709844
2097	0.488362102
2098	0.4883537977
2099	0.4883477345
2100	0.4883389824
2101	0.4883381519
2102	0.4883302998
2103	0.4883289342
2104	0.4883234119
2105	0.4883179561
2106	0.488309089
2107	0.4883066155
2108	0.4882999988
2109	0.4882949561
2110	0.4882895344
2111	0.4882862104
2112	0.4882799315
2113	0.4882752032
2114	0.4882720876
2115	0.4882664793
2116	0.4882627344
2117	0.4882565144
2118	0.4882514016
2119	0.4882442925
2120	0.4882394306
2121	0.4882335768
2122	0.4882229017
2123	0.4882175388
2124	0.4882144101
2125	0.4882130602
2126	0.4882087936
2127	0.4882051538
2128	0.4881936821
2129	0.4881895972
2130	0.4881850974
2131	0.4881819398
2132	0.488178809
2133	0.4881767309
2134	0.4881692376
2135	0.4881648461
2136	0.4881557338
2137	0.4881472167
2138	0.4881416458
2139	0.4881322407
2140	0.4881244915
2141	0.4881186774
2142	0.488116111
2143	0.4881083206
2144	0.4881035392
2145	0.4880993875
2146	0.4880947423
2147	0.488092396
2148	0.4880835846
2149	0.4880742377
2150	0.4880680152
2151	0.4880602599
2152	0.4880571691
2153	0.4880557916
2154	0.4880520185
2155	0.4880470361
2156	0.4880455024
2157	0.4880369463
2158	0.4880345532
2159	0.4880300382
2160	0.4880275757
2161	0.4880249672
2162	0.4880166466
2163	0.4880146083
2164	0.48800583
2165	0.4879981054
2166	0.4879929481
2167	0.4879880283
2168	0.4879825309
2169	0.4879792549
2170	0.4879729031
2171	0.4879669442
2172	0.4879664953
2173	0.4879641897
2174	0.4879633991
2175	0.4879589759
2176	0.4879504596
2177	0.4879431751
2178	0.4879367316
2179	0.4879336325
2180	0.4879237639
2181	0.4879190892
2182	0.4879130698
2183	0.4879105421
2184	0.4879093383
2185	0.4879009955
2186	0.4878989491
2187	0.4878967493
2188	0.4878900514
2189	0.4878865297
2190	0.487876603
2191	0.4878730558
2192	0.4878706264
2193	0.487868632
2194	0.4878642618
2195	0.4878605877
2196	0.4878571751
2197	0.487851411
2198	0.4878459706
2199	0.4878379643
2200	0.487836223
2201	0.4878338192
2202	0.4878276259
2203	0.4878265241
2204	0.4878199348
2205	0.4878174588
2206	0.4878139233
2207	0.4878088467
2208	0.4878040549
2209	0.4878016877
2210	0.4877988691
2211	0.487793887
2212	0.4877886241
2213	0.4877803958
2214	0.487777559
2215	0.4877752472
2216	0.4877691432
2217	0.4877617965
2218	0.4877546184
2219	0.4877496449
2220	0.4877408278
2221	0.4877390616
2222	0.487734324
2223	0.4877297622
2224	0.4877260196
2225	0.4877194348
2226	0.4877089065
2227	0.4877050672
2228	0.487702546
2229	0.4876981421
2230	0.4876974427
2231	0.4876966897
2232	0.4876957728
2233	0.4876939887
2234	0.4876872819
2235	0.4876782456
2236	0.4876743694
2237	0.4876686597
2238	0.4876644314
2239	0.4876617777
2240	0.4876580177
2241	0.4876565437
2242	0.4876462972
2243	0.4876441049
2244	0.4876384501
2245	0.4876336834
2246	0.4876290912
2247	0.4876252817
2248	0.4876205721
2249	0.4876136088
2250	0.4876122832
2251	0.4876068595
2252	0.4875974778
2253	0.4875950414
2254	0.4875922729
2255	0.4875844726
2256	0.4875756529
2257	0.4875723489
2258	0.4875685669
2259	0.4875579726
2260	0.487556325
2261	0.4875454667
2262	0.487537626
2263	0.4875316367
2264	0.4875258896
2265	0.4875211788
2266	0.4875156105
2267	0.4875139517
2268	0.4875062225
2269	0.4875022189
2270	0.4874943735
2271	0.4874899295
2272	0.487482897
2273	0.4874783365
2274	0.4874724394
2275	0.4874678238
2276	0.4874658594
2277	0.4874626465
2278	0.4874575306
2279	0.4874483172
2280	0.4874479047
2281	0.4874451846
2282	0.4874406923
2283	0.4874350973
2284	0.4874298401
2285	0.4874272637
2286	0.487424986
2287	0.4874176327
2288	0.487409704
2289	0.4874058558
2290	0.4874011789
2291	0.4873942795
2292	0.48739397
2293	0.4873907119
2294	0.4873857549
2295	0.4873772718
2296	0.4873726924
2297	0.4873690389
2298	0.4873648592
2299	0.4873605817
2300	0.4873578
2301	0.4873542318
2302	0.487348807
2303	0.4873457973
2304	0.4873441391
2305	0.4873422864
2306	0.4873377283
2307	0.4873296351
2308	0.4873244182
2309	0.4873211485
2310	0.4873174112
2311	0.4873160647
2312	0.4873116342
2313	0.4873025771
2314	0.4872968215
2315	0.4872917843
2316	0.4872868857
2317	0.4872774959
2318	0.4872725807
2319	0.4872703731
2320	0.4872677919
2321	0.4872630719
2322	0.4872617196
2323	0.4872527585
2324	0.4872523772
2325	0.4872482319
2326	0.4872447083
2327	0.4872377923
2328	0.4872327085
2329	0.4872257085
2330	0.4872229298
2331	0.4872182285
2332	0.487214372
2333	0.4872122191
2334	0.4872039244
2335	0.4871953966
2336	0.487193575
2337	0.4871904272
2338	0.4871840593
2339	0.4871794223
2340	0.4871734097
2341	0.4871680729
2342	0.4871635559
2343	0.4871589024
2344	0.487157523
2345	0.4871541401
2346	0.4871535959
2347	0.4871495069
2348	0.4871463072
2349	0.4871413858
2350	0.4871349154
2351	0.487133132
2352	0.4871298409
2353	0.4871247828
2354	0.4871177721
2355	0.4871120927
2356	0.4871082625
2357	0.4871057214
2358	0.4870997556
2359	0.4870949491
2360	0.4870926313
2361	0.4870876182
2362	0.4870868264
2363	0.4870830259
2364	0.4870779679
2365	0.4870758382
2366	0.4870728332
2367	0.4870686722
2368	0.4870662827
2369	0.4870652583
2370	0.4870575438
2371	0.4870544026
2372	0.4870533738
2373	0.4870513856
2374	0.4870479985
2375	0.4870442852
2376	0.4870373733
2377	0.4870337453
2378	0.4870270265
2379	0.4870249499
2380	0.4870206563
2381	0.4870167145
2382	0.4870067211
2383	0.4870043363
2384	0.4870000622
2385	0.4869979864
2386	0.4869920011
2387	0.4869884469
2388	0.4869851345
2389	0.4869810766
2390	0.4869769814
2391	0.4869751188
2392	0.4869711471
2393	0.4869680675
2394	0.4869631936
2395	0.4869600188
2396	0.4869572417
2397	0.4869561807
2398	0.4869520258
2399	0.4869473333
2400	0.4869458773
2401	0.4869436376
2402	0.4869416658
2403	0.4869406712
2404	0.4869353297
2405	0.4869287928
2406	0.4869220295
2407	0.4869167398
2408	0.4869146356
2409	0.486911838
2410	0.4869085294
2411	0.4869049973
2412	0.4869022978
2413	0.4869022533
2414	0.48689676
2415	0.4868917136
2416	0.4868906173
2417	0.4868881386
2418	0.4868823993
2419	0.4868785311
2420	0.4868709786
2421	0.4868673765
2422	0.486865954
2423	0.4868651473
2424	0.4868621864
2425	0.4868569991
2426	0.486851672
2427	0.4868501397
2428	0.4868447138
2429	0.4868431763
2430	0.486834983
2431	0.4868300943
2432	0.4868285116
2433	0.4868238146
2434	0.4868183712
2435	0.4868153836
2436	0.4868097336
2437	0.4868030376
2438	0.4867940733
2439	0.4867898663
2440	0.4867883661
2441	0.4867771449
2442	0.4867681208
2443	0.4867662215
2444	0.4867603164
2445	0.4867559095
2446	0.4867509637
2447	0.4867472861
2448	0.4867436435
2449	0.4867386134
2450	0.4867338049
2451	0.4867290243
2452	0.4867246235
2453	0.4867201385
2454	0.4867188027
2455	0.4867134602
2456	0.4867104045
2457	0.4867019185
2458	0.4866984479
2459	0.4866924907
2460	0.4866865109
2461	0.4866819179
2462	0.4866758952
2463	0.4866699588
2464	0.4866618047
2465	0.4866589844
2466	0.486655541
2467	0.4866513011
2468	0.486648372
2469	0.48664664
2470	0.4866377388
2471	0.4866347776
2472	0.4866305991
2473	0.4866273909
2474	0.4866224316
2475	0.4866185208
2476	0.4866115198
2477	0.4866066095
2478	0.4866016767
2479	0.486598992
2480	0.4865961005
2481	0.4865934879
2482	0.4865852587
2483	0.486579589
2484	0.4865726905
2485	0.4865696761
2486	0.4865625761
2487	0.4865555988
2488	0.4865533991
2489	0.4865469652
2490	0.4865395871
2491	0.4865334216
2492	0.4865298891
2493	0.4865260318
2494	0.4865187118
2495	0.4865127163
2496	0.4865113253
2497	0.486510177
2498	0.4865032077
2499	0.4865015626
2500	0.4864936702
2501	0.4864839897
2502	0.486476862
2503	0.4864693245
2504	0.4864609202
2505	0.486454665
2506	0.4864541163
2507	0.4864506635
2508	0.4864451103
2509	0.4864411287
2510	0.4864376952
2511	0.4864302653
2512	0.4864232124
2513	0.4864177203
2514	0.4864134327
2515	0.4864118152
2516	0.4864040505
2517	0.4864016959
2518	0.4863945016
2519	0.4863930553
2520	0.486391398
2521	0.4863855953
2522	0.4863805402
2523	0.4863754543
2524	0.486370775
2525	0.4863668442
2526	0.4863619576
2527	0.4863516202
2528	0.4863433352
2529	0.4863358146
2530	0.4863303096
2531	0.4863246407
2532	0.4863199051
2533	0.4863140789
2534	0.4863073414
2535	0.4863046476
2536	0.4863016166
2537	0.4862981345
2538	0.486289053
2539	0.4862837772
2540	0.4862819492
2541	0.4862760279
2542	0.4862705049
2543	0.4862655512
2544	0.4862629353
2545	0.4862571236
2546	0.4862525249
2547	0.4862449592
2548	0.4862394082
2549	0.4862348071
2550	0.4862270207
2551	0.4862252509
2552	0.4862171086
2553	0.4862157885
2554	0.4862094654
2555	0.4862045498
2556	0.48619913
2557	0.4861928408
2558	0.4861894239
2559	0.4861855213
2560	0.4861789883
2561	0.4861761866
2562	0.4861682538
2563	0.4861641297
2564	0.4861572802
2565	0.4861504939
2566	0.4861427448
2567	0.4861377802
2568	0.4861353908
2569	0.4861333978
2570	0.4861270619
2571	0.48612293
2572	0.486122358
2573	0.4861191035
2574	0.4861138625
2575	0.4861133835
2576	0.4861087829
2577	0.4861042427
2578	0.4861024045
2579	0.486098646
2580	0.486094899
2581	0.4860919488
2582	0.4860906406
2583	0.4860865903
2584	0.4860802045
2585	0.4860725665
2586	0.4860647241
2587	0.4860631678
2588	0.4860616811
2589	0.4860597154
2590	0.4860509241
2591	0.4860447736
2592	0.4860424279
2593	0.4860395803
2594	0.4860331697
2595	0.4860290906
2596	0.4860253542
2597	0.4860208121
2598	0.4860104567
2599	0.486004419
2600	0.4860023992
2601	0.4860007125
2602	0.4859951072
2603	0.485994589
2604	0.485993179
2605	0.4859875774
2606	0.4859842961
2607	0.4859758985
2608	0.4859723638
2609	0.4859653993
2610	0.4859619337
2611	0.4859602593
2612	0.4859573684
2613	0.4859518403
2614	0.4859409625
2615	0.4859380046
2616	0.4859328402
2617	0.4859288695
2618	0.485927281
2619	0.4859258203
2620	0.4859244898
2621	0.4859195951
2622	0.4859144463
2623	0.4859117721
2624	0.4859069399
2625	0.4859029932
2626	0.4858986641
2627	0.485892838
2628	0.485887516
2629	0.4858810079
2630	0.4858671724
2631	0.485860666
2632	0.4858581153
2633	0.4858530075
2634	0.4858514745
2635	0.4858495
2636	0.4858423071
2637	0.4858401041
2638	0.4858379423
2639	0.4858332519
2640	0.4858291321
2641	0.4858261537
2642	0.4858233278
2643	0.485818391
2644	0.4858144306
2645	0.4858029126
2646	0.4857983555
2647	0.4857913801
2648	0.4857873262
2649	0.4857869006
2650	0.4857848498
2651	0.4857822287
2652	0.4857753391
2653	0.485766948
2654	0.4857616113
2655	0.4857597744
2656	0.4857531563
2657	0.4857485081
2658	0.485738766
2659	0.4857353289
2660	0.4857277258
2661	0.4857257825
2662	0.4857212934
2663	0.4857145744
2664	0.4857137306
2665	0.4857071242
2666	0.4857051787
2667	0.4857007564
2668	0.4856959847
2669	0.4856898667
2670	0.4856839904
2671	0.4856827427
2672	0.4856785925
2673	0.4856763054
2674	0.4856720261
2675	0.4856662954
2676	0.4856593517
2677	0.4856574085
2678	0.4856491923
2679	0.4856450313
2680	0.4856388901
2681	0.4856369822
2682	0.485630749
2683	0.4856276054
2684	0.4856182722
2685	0.4856159175
2686	0.4856148717
2687	0.4856090726
2688	0.4855995852
2689	0.4855979064
2690	0.4855918582
2691	0.4855906834
2692	0.4855805977
2693	0.4855777403
2694	0.4855739183
2695	0.4855711682
2696	0.4855618028
2697	0.4855588728
2698	0.4855518226
2699	0.4855463149
2700	0.4855416503
2701	0.4855361099
2702	0.4855324113
2703	0.4855226751
2704	0.4855195194
2705	0.4855159466
2706	0.4855142531
2707	0.485512202
2708	0.4855078409
2709	0.4855065356
2710	0.4855018841
2711	0.4854999341
2712	0.4854966924
2713	0.4854882895
2714	0.4854840359
2715	0.4854819756
2716	0.4854781511
2717	0.48547061
2718	0.4854678053
2719	0.4854640585
2720	0.4854591882
2721	0.4854573623
2722	0.4854479152
2723	0.4854448189
2724	0.4854429275
2725	0.485434344
2726	0.4854288506
2727	0.4854238933
2728	0.4854202183
2729	0.4854141945
2730	0.4854117913
2731	0.4854078619
2732	0.4854009822
2733	0.4853985878
2734	0.4853971838
2735	0.4853914173
2736	0.4853878831
2737	0.4853839166
2738	0.4853798724
2739	0.4853779898
2740	0.48537325
2741	0.4853709699
2742	0.4853649558
2743	0.485357017
2744	0.4853551901
2745	0.4853520315
2746	0.4853463367
2747	0.4853454964
2748	0.4853382034
2749	0.4853344102
2750	0.4853333893
2751	0.4853290749
2752	0.4853250742
2753	0.4853187159
2754	0.485315408
2755	0.4853101116
2756	0.4853065417
2757	0.4853040736
2758	0.4852975068
2759	0.4852933481
2760	0.4852876955
2761	0.485280567
2762	0.4852776534
2763	0.48527321
2764	0.4852675249
2765	0.4852587457
2766	0.4852559193
2767	0.4852503006
2768	0.4852449124
2769	0.4852432367
2770	0.4852368973
2771	0.4852316869
2772	0.4852300465
2773	0.4852289418
2774	0.4852264196
2775	0.4852211634
2776	0.4852129359
2777	0.4852082892
2778	0.4852065011
2779	0.4852025043
2780	0.4851989872
2781	0.485195594
2782	0.4851942262
2783	0.4851889337
2784	0.4851852501
2785	0.4851839516
2786	0.4851795914
2787	0.4851719852
2788	0.4851686199
2789	0.4851595082
2790	0.4851547705
2791	0.4851499065
2792	0.4851412543
2793	0.485137426
2794	0.485133174
2795	0.4851290733
2796	0.4851264438
2797	0.485118961
2798	0.4851166179
2799	0.4851124121
2800	0.4851075021
2801	0.4851065242
2802	0.4851005806
2803	0.4850985165
2804	0.4850938224
2805	0.4850870122
2806	0.4850796454
2807	0.4850762173
2808	0.4850678441
2809	0.4850623232
2810	0.4850581131
2811	0.4850570404
2812	0.4850540271
2813	0.485052818
2814	0.4850512883
2815	0.4850443962
2816	0.4850389062
2817	0.485034593
2818	0.4850309029
2819	0.4850265019
2820	0.485025207
2821	0.4850225019
2822	0.4850159888
2823	0.4850157985
2824	0.4850136291
2825	0.4850103012
2826	0.4850072659
2827	0.4850001438
2828	0.4849949063
2829	0.4849903319
2830	0.4849860953
2831	0.4849772395
2832	0.4849746656
2833	0.4849673236
2834	0.4849638814
2835	0.4849603168
2836	0.4849559739
2837	0.4849493652
2838	0.4849472156
2839	0.4849402842
2840	0.484935426
2841	0.4849341938
2842	0.4849311621
2843	0.484929727
2844	0.4849262373
2845	0.4849196162
2846	0.4849144416
2847	0.4849141293
2848	0.4849119386
2849	0.484910756
2850	0.4849067666
2851	0.484900222
2852	0.4848937443
2853	0.4848891767
2854	0.4848872725
2855	0.4848830869
2856	0.4848755478
2857	0.4848694463
2858	0.4848668642
2859	0.4848643932
2860	0.4848558934
2861	0.4848521601
2862	0.484848686
2863	0.4848448543
2864	0.4848384527
2865	0.4848354891
2866	0.4848294908
2867	0.484825589
2868	0.4848207872
2869	0.4848087799
2870	0.4848079671
2871	0.4848013378
2872	0.4847965488
2873	0.4847930805
2874	0.484791897
2875	0.4847871869
2876	0.4847831984
2877	0.4847762596
2878	0.4847651187
2879	0.4847633608
2880	0.4847629096
2881	0.4847597994
2882	0.4847556247
2883	0.4847535329
2884	0.4847495473
2885	0.484748153
2886	0.4847442716
2887	0.4847428179
2888	0.4847368041
2889	0.4847312118
2890	0.4847305274
2891	0.4847231568
2892	0.4847156998
2893	0.4847083891
2894	0.4847022754
2895	0.4846979052
2896	0.4846966762
2897	0.4846950024
2898	0.4846902203
2899	0.4846876389
2900	0.484686931
2901	0.4846823737
2902	0.4846810714
2903	0.4846778899
2904	0.4846747735
2905	0.4846659086
2906	0.4846589861
2907	0.4846564655
2908	0.4846519795
2909	0.4846484922
2910	0.4846445807
2911	0.4846419307
2912	0.4846412255
2913	0.4846321958
2914	0.4846255033
2915	0.4846242951
2916	0.4846119685
2917	0.4846073047
2918	0.4846007775
2919	0.4845965465
2920	0.4845954797
2921	0.4845921555
2922	0.4845868453
2923	0.4845831249
2924	0.4845743562
2925	0.4845698109
2926	0.4845660794
2927	0.4845592811
2928	0.4845529886
2929	0.4845487723
2930	0.4845471743
2931	0.4845445146
2932	0.4845425809
2933	0.4845394027
2934	0.4845287729
2935	0.4845244094
2936	0.4845233319
2937	0.4845224182
2938	0.4845180905
2939	0.4845134693
2940	0.4845122584
2941	0.4845053679
2942	0.4844985886
2943	0.4844970916
2944	0.4844906352
2945	0.4844864433
2946	0.4844766622
2947	0.4844660654
2948	0.4844618643
2949	0.4844550061
2950	0.4844486564
2951	0.484444461
2952	0.4844403432
2953	0.4844375766
2954	0.4844339657
2955	0.4844307073
2956	0.4844279447
2957	0.4844250595
2958	0.4844221855
2959	0.484418283
2960	0.4844133225
2961	0.484407072
2962	0.4844012537
2963	0.4843977986
2964	0.4843914828
2965	0.4843824398
2966	0.4843791541
2967	0.4843734577
2968	0.4843648529
2969	0.4843631946
2970	0.4843585966
2971	0.4843558149
2972	0.4843521495
2973	0.4843456621
2974	0.484344481
2975	0.484338953
2976	0.4843380373
2977	0.4843366099
2978	0.4843326586
2979	0.4843280858
2980	0.4843234442
2981	0.4843173537
2982	0.484312552
2983	0.484305422
2984	0.4842993083
2985	0.4842931149
2986	0.4842928006
2987	0.4842861915
2988	0.484281187
2989	0.4842778412
2990	0.4842731378
2991	0.484268954
2992	0.4842664628
2993	0.4842604202
2994	0.4842545666
2995	0.48425204
2996	0.4842500893
2997	0.4842482052
2998	0.4842478303
2999	0.4842456204
3000	0.4842438905
3001	0.4842412435
3002	0.4842387843
3003	0.4842293965
3004	0.4842172538
3005	0.4842065125
3006	0.484201132
3007	0.4841923225
3008	0.484189358
3009	0.4841878597
3010	0.484178947
3011	0.4841784336
3012	0.484176925
3013	0.4841728202
3014	0.4841688378
3015	0.4841672751
3016	0.4841639621
3017	0.484159932
3018	0.4841581294
3019	0.4841547411
3020	0.4841509539
3021	0.4841498912
3022	0.4841442602
3023	0.4841373154
3024	0.4841336892
3025	0.4841285383
3026	0.4841243287
3027	0.4841234396
3028	0.4841219768
3029	0.4841135059
3030	0.4841107958
3031	0.4841054042
3032	0.484102459
3033	0.4840995651
3034	0.4840957803
3035	0.4840910491
3036	0.484085362
3037	0.4840827312
3038	0.4840777558
3039	0.4840698984
3040	0.4840655277
3041	0.4840617642
3042	0.4840574991
3043	0.4840491852
3044	0.4840427024
3045	0.484039568
3046	0.4840376692
3047	0.4840329619
3048	0.4840277026
3049	0.4840237224
3050	0.4840164261
3051	0.4840115679
3052	0.4840100841
3053	0.4840062984
3054	0.4840006178
3055	0.483996349
3056	0.4839927726
3057	0.4839904933
3058	0.4839862403
3059	0.4839849804
3060	0.4839809312
3061	0.4839765154
3062	0.4839706443
3063	0.4839705447
3064	0.4839690997
3065	0.483962088
3066	0.4839593486
3067	0.4839524505
3068	0.4839472713
3069	0.4839420801
3070	0.4839324209
3071	0.4839286461
3072	0.483926185
3073	0.4839252706
3074	0.4839216947
3075	0.4839173915
3076	0.4839124397
3077	0.4839079257
3078	0.4839046547
3079	0.4838984253
3080	0.48388996
3081	0.4838860334
3082	0.483877818
3083	0.4838741993
3084	0.4838688334
3085	0.4838675947
3086	0.4838648614
3087	0.4838579517
3088	0.483853298
3089	0.4838403095
3090	0.4838375713
3091	0.4838315736
3092	0.4838270166
3093	0.4838237476
3094	0.4838212651
3095	0.483819778
3096	0.4838150149
3097	0.4838117371
3098	0.4838066398
3099	0.483799252
3100	0.4837946734
3101	0.4837924323
3102	0.4837915492
3103	0.4837849224
3104	0.4837844109
3105	0.4837764527
3106	0.4837732339
3107	0.4837702894
3108	0.4837674971
3109	0.48376375
3110	0.4837607109
3111	0.4837508966
3112	0.4837489071
3113	0.4837447647
3114	0.4837409711
3115	0.4837329638
3116	0.4837293165
3117	0.4837242709
3118	0.4837194285
3119	0.4837153109
3120	0.4837124576
3121	0.4837066098
3122	0.4837003004
3123	0.4836926339
3124	0.4836859617
3125	0.4836810788
3126	0.4836743976
3127	0.4836690126
3128	0.4836596299
3129	0.4836545138
3130	0.4836503141
3131	0.4836475146
3132	0.4836394078
3133	0.4836357484
3134	0.4836347003
3135	0.4836301117
3136	0.4836248672
3137	0.483620178
3138	0.4836112726
3139	0.4836073808
3140	0.4836035111
3141	0.4835987226
3142	0.4835963465
3143	0.483593174
3144	0.4835902196
3145	0.4835872747
3146	0.4835835034
3147	0.4835820066
3148	0.4835742845
3149	0.4835727167
3150	0.483570723
3151	0.4835688013
3152	0.4835647769
3153	0.4835590132
3154	0.4835542754
3155	0.4835494971
3156	0.4835444679
3157	0.4835399479
3158	0.4835320185
3159	0.4835246016
3160	0.4835221798
3161	0.4835193839
3162	0.4835133854
3163	0.4835066746
3164	0.4834991385
3165	0.4834965217
3166	0.4834943057
3167	0.4834934235
3168	0.4834898976
3169	0.4834855911
3170	0.4834800487
3171	0.4834755163
3172	0.4834741406
3173	0.4834730846
3174	0.4834691932
3175	0.4834685875
3176	0.4834677613
3177	0.4834616318
3178	0.4834604126
3179	0.4834568511
3180	0.4834527789
3181	0.4834389816
3182	0.4834340246
3183	0.4834294751
3184	0.4834271451
3185	0.4834226101
3186	0.4834222114
3187	0.4834217828
3188	0.4834163758
3189	0.4834112136
3190	0.4834071601
3191	0.483399296
3192	0.4833948491
3193	0.4833879545
3194	0.4833863701
3195	0.4833821369
3196	0.4833789663
3197	0.4833743749
3198	0.4833649313
3199	0.4833587917
3200	0.4833554094
3201	0.4833516629
3202	0.4833487677
3203	0.4833463792
3204	0.4833439334
3205	0.4833407848
3206	0.48333409
3207	0.483329283
3208	0.4833224494
3209	0.4833189727
3210	0.4833183
3211	0.4833126556
3212	0.4833041366
3213	0.4832983473
3214	0.4832970546
3215	0.4832962078
3216	0.4832943291
3217	0.483290889
3218	0.4832822191
3219	0.483278912
3220	0.4832718162
3221	0.4832648275
3222	0.483262181
3223	0.4832575084
3224	0.4832544017
3225	0.4832482548
3226	0.4832436971
3227	0.4832388987
3228	0.4832361201
3229	0.4832296389
3230	0.4832265794
3231	0.4832215709
3232	0.4832170471
3233	0.483215579
3234	0.4832100843
3235	0.4832085154
3236	0.4832046129
3237	0.4832002845
3238	0.4831978147
3239	0.4831961362
3240	0.4831903024
3241	0.4831818871
3242	0.4831774849
3243	0.4831767377
3244	0.4831734187
3245	0.4831711052
3246	0.4831651434
3247	0.4831596759
3248	0.4831525752
3249	0.4831505515
3250	0.4831427349
3251	0.483135886
3252	0.4831305701
3253	0.4831244663
3254	0.4831184777
3255	0.483115584
3256	0.4831106862
3257	0.4831075847
3258	0.4830983559
3259	0.4830931402
3260	0.4830887107
3261	0.4830845662
3262	0.483080917
3263	0.4830769715
3264	0.4830695505
3265	0.4830671729
3266	0.4830611169
3267	0.4830595771
3268	0.4830590363
3269	0.4830495813
3270	0.4830473887
3271	0.4830460536
3272	0.4830442708
3273	0.4830378281
3274	0.4830306402
3275	0.4830260877
3276	0.4830231336
3277	0.483022294
3278	0.4830157669
3279	0.4830101242
3280	0.4830055136
3281	0.4829993035
3282	0.4829926907
3283	0.4829866607
3284	0.482980791
3285	0.4829743725
3286	0.4829723924
3287	0.4829692418
3288	0.4829668172
3289	0.4829629091
3290	0.4829591209
3291	0.4829539984
3292	0.4829496241
3293	0.4829461989
3294	0.4829421687
3295	0.482935856
3296	0.4829287982
3297	0.4829253726
3298	0.4829191922
3299	0.4829137242
3300	0.4829110059
3301	0.4829045768
3302	0.4829012739
3303	0.4828979278
3304	0.4828963653
3305	0.4828937506
3306	0.4828883406
3307	0.4828834353
3308	0.4828777841
3309	0.482873096
3310	0.4828686398
3311	0.4828653731
3312	0.4828601166
3313	0.4828577589
3314	0.4828517453
3315	0.4828450305
3316	0.4828397992
3317	0.4828375299
3318	0.4828353197
3319	0.4828305751
3320	0.4828240903
3321	0.4828217942
3322	0.4828183012
3323	0.4828137422
3324	0.4828104097
3325	0.4828010248
3326	0.482799739
3327	0.4827962779
3328	0.482789442
3329	0.4827850821
3330	0.4827772321
3331	0.4827733984
3332	0.4827680958
3333	0.4827647972
3334	0.4827635129
3335	0.4827567742
3336	0.4827519205
3337	0.4827478919
3338	0.4827455471
3339	0.4827406532
3340	0.4827391532
3341	0.4827343816
3342	0.4827307382
3343	0.4827283263
3344	0.4827259752
3345	0.4827212131
3346	0.4827201094
3347	0.4827158776
3348	0.4827121731
3349	0.4827078794
3350	0.4827042711
3351	0.482702215
3352	0.4826927937
3353	0.4826877352
3354	0.4826802482
3355	0.4826724634
3356	0.4826658217
3357	0.4826629398
3358	0.4826606109
3359	0.4826597869
3360	0.4826571412
3361	0.4826548676
3362	0.4826467345
3363	0.4826437885
3364	0.4826422055
3365	0.4826326333
3366	0.4826261493
3367	0.4826226462
3368	0.4826118078
3369	0.482605531
3370	0.4826003608
3371	0.4825979976
3372	0.4825921258
3373	0.482589338
3374	0.4825878276
3375	0.4825866241
3376	0.4825805271
3377	0.4825790214
3378	0.4825762304
3379	0.4825745836
3380	0.4825683696
3381	0.4825646503
3382	0.4825605941
3383	0.4825566669
3384	0.4825513747
3385	0.4825464697
3386	0.4825409924
3387	0.4825395311
3388	0.4825314102
3389	0.4825291981
3390	0.4825242813
3391	0.4825199255
3392	0.4825136526
3393	0.4825089443
3394	0.4825037968
3395	0.4824971108
3396	0.4824932041
3397	0.4824885804
3398	0.4824854887
3399	0.4824833141
3400	0.4824797589
3401	0.4824776678
3402	0.4824730887
3403	0.4824672848
3404	0.4824598622
3405	0.4824549957
3406	0.4824538745
3407	0.4824500561
3408	0.4824476911
3409	0.4824438342
3410	0.482440275
3411	0.4824390958
3412	0.4824359207
3413	0.4824330386
3414	0.4824265548
3415	0.4824230782
3416	0.4824211387
3417	0.4824164221
3418	0.4824140185
3419	0.4824076078
3420	0.4824054906
3421	0.4824041338
3422	0.4824020049
3423	0.4823954151
3424	0.48239198
3425	0.4823876868
3426	0.4823861163
3427	0.4823830156
3428	0.4823776876
3429	0.48236958
3430	0.4823641746
3431	0.4823623835
3432	0.4823590457
3433	0.4823542288
3434	0.482347383
3435	0.4823454658
3436	0.48233773
3437	0.4823317625
3438	0.4823254396
3439	0.4823228538
3440	0.4823175058
3441	0.4823149043
3442	0.4823124022
3443	0.4823076915
3444	0.4823034018
3445	0.4822994879
3446	0.4822933753
3447	0.4822904409
3448	0.4822879467
3449	0.4822817119
3450	0.4822795535
3451	0.4822735356
3452	0.4822672876
3453	0.4822617042
3454	0.4822525818
3455	0.4822502678
3456	0.4822450281
3457	0.4822418677
3458	0.4822398388
3459	0.48223808
3460	0.4822376983
3461	0.4822364394
3462	0.4822285772
3463	0.4822251441
3464	0.4822222615
3465	0.4822182537
3466	0.4822132101
3467	0.4822098381
3468	0.4822038985
3469	0.4821948245
3470	0.4821922174
3471	0.4821878679
3472	0.4821842002
3473	0.4821826658
3474	0.4821813174
3475	0.4821769175
3476	0.4821705284
3477	0.4821640645
3478	0.4821537256
3479	0.482151765
3480	0.4821442528
3481	0.482138194
3482	0.4821330522
3483	0.4821244311
3484	0.4821192876
3485	0.4821127738
3486	0.4821111224
3487	0.4821068901
3488	0.4821051128
3489	0.4821044048
3490	0.4820932697
3491	0.4820906115
3492	0.4820866395
3493	0.482083171
3494	0.4820808774
3495	0.4820779232
3496	0.4820739147
3497	0.4820709661
3498	0.4820701347
3499	0.4820680352
3500	0.4820668834
3501	0.4820660718
3502	0.4820591628
3503	0.4820547378
3504	0.4820528939
3505	0.4820504833
3506	0.4820487946
3507	0.4820456466
3508	0.4820339626
3509	0.4820328716
3510	0.482029956
3511	0.4820255834
3512	0.4820225056
3513	0.4820178888
3514	0.4820157526
3515	0.4820110509
3516	0.4820077581
3517	0.4820043752
3518	0.4819915169
3519	0.4819887648
3520	0.4819859555
3521	0.481983602
3522	0.4819814787
3523	0.4819791877
3524	0.4819777692
3525	0.4819741906
3526	0.4819704523
3527	0.4819683012
3528	0.4819635185
3529	0.4819602636
3530	0.4819536426
3531	0.481951087
3532	0.4819485551
3533	0.4819461291
3534	0.4819400893
3535	0.4819341946
3536	0.4819278934
3537	0.4819277687
3538	0.4819247152
3539	0.4819223888
3540	0.4819200728
3541	0.4819178159
3542	0.4819068137
3543	0.4819017477
3544	0.4818990059
3545	0.4818945697
3546	0.4818859146
3547	0.4818826579
3548	0.4818770442
3549	0.4818730647
3550	0.4818655208
3551	0.481861025
3552	0.4818541157
3553	0.4818467069
3554	0.4818437195
3555	0.4818431814
3556	0.4818392066
3557	0.4818386779
3558	0.4818343919
3559	0.4818314251
3560	0.481821408
3561	0.4818198283
3562	0.481814221
3563	0.4818101502
3564	0.4818087444
3565	0.4818067165
3566	0.4818039166
3567	0.4817997009
3568	0.481797018
3569	0.4817896026
3570	0.4817833362
3571	0.4817794435
3572	0.4817771371
3573	0.4817739723
3574	0.4817690236
3575	0.4817592851
3576	0.4817540528
3577	0.4817463376
3578	0.4817381753
3579	0.4817358728
3580	0.4817336116
3581	0.481724264
3582	0.4817219752
3583	0.4817180627
3584	0.4817120267
3585	0.4817087071
3586	0.4817037718
3587	0.4816970069
3588	0.4816891969
3589	0.4816838638
3590	0.4816785623
3591	0.4816745913
3592	0.4816706543
3593	0.4816625959
3594	0.4816556917
3595	0.4816498276
3596	0.4816459046
3597	0.4816447658
3598	0.4816383472
3599	0.4816329784
3600	0.4816258425
3601	0.4816230804
3602	0.4816192099
3603	0.4816166279
3604	0.4816102651
3605	0.4816065969
3606	0.4816013409
3607	0.4816000226
3608	0.481596536
3609	0.48158752
3610	0.4815854455
3611	0.481581927
3612	0.481575445
3613	0.4815725841
3614	0.4815651185
3615	0.4815576773
3616	0.4815556873
3617	0.4815527101
3618	0.4815470554
3619	0.4815424712
3620	0.4815337533
3621	0.4815308434
3622	0.4815264159
3623	0.4815210083
3624	0.4815166212
3625	0.4815149844
3626	0.4815085224
3627	0.4815033476
3628	0.4814993025
3629	0.4814981238
3630	0.4814910845
3631	0.4814863753
3632	0.4814819625
3633	0.4814744373
3634	0.481470142
3635	0.4814673462
3636	0.4814639693
3637	0.4814619187
3638	0.4814566662
3639	0.4814528207
3640	0.4814508762
3641	0.4814421482
3642	0.4814334041
3643	0.4814298138
3644	0.4814259091
3645	0.481422739
3646	0.4814155885
3647	0.4814094748
3648	0.4814062759
3649	0.4814015549
3650	0.4813990342
3651	0.4813902396
3652	0.4813888406
3653	0.4813829086
3654	0.4813777679
3655	0.4813749858
3656	0.4813692774
3657	0.4813633578
3658	0.4813606398
3659	0.4813580712
3660	0.4813519795
3661	0.481346868
3662	0.4813449735
3663	0.4813411669
3664	0.4813352323
3665	0.4813331162
3666	0.4813299469
3667	0.4813189592
3668	0.4813118207
3669	0.4813087575
3670	0.4813026523
3671	0.481294641
3672	0.4812922898
3673	0.4812901138
3674	0.481288945
3675	0.4812838389
3676	0.4812807819
3677	0.4812711656
3678	0.4812673234
3679	0.4812628169
3680	0.4812522747
3681	0.4812468026
3682	0.4812417689
3683	0.4812356594
3684	0.4812326055
3685	0.4812281127
3686	0.4812224558
3687	0.4812181959
3688	0.4812131667
3689	0.4812101843
3690	0.4812063597
3691	0.4812033047
3692	0.4812000321
3693	0.4811967555
3694	0.4811940075
3695	0.4811924127
3696	0.4811894415
3697	0.4811832742
3698	0.481175457
3699	0.4811729772
3700	0.4811679524
3701	0.4811634183
3702	0.481160237
3703	0.4811549584
3704	0.4811502486
3705	0.4811459752
3706	0.4811412364
3707	0.4811336961
3708	0.4811297619
3709	0.4811245963
3710	0.4811155643
3711	0.4811134812
3712	0.4811099898
3713	0.4811050814
3714	0.4811014915
3715	0.4810962218
3716	0.4810933369
3717	0.4810876656
3718	0.4810859888
3719	0.481084832
3720	0.481080008
3721	0.4810792194
3722	0.4810712748
3723	0.4810700418
3724	0.4810669743
3725	0.4810613523
3726	0.4810584966
3727	0.4810532449
3728	0.4810496506
3729	0.4810481617
3730	0.4810450224
3731	0.4810432371
3732	0.4810388553
3733	0.4810332727
3734	0.4810298785
3735	0.4810230496
3736	0.4810184472
3737	0.4810136051
3738	0.4810096661
3739	0.4810054725
3740	0.4810012213
3741	0.4809984872
3742	0.4809928084
3743	0.4809847466
3744	0.4809804272
3745	0.4809764563
3746	0.4809740347
3747	0.4809649752
3748	0.4809609811
3749	0.4809576903
3750	0.4809525459
3751	0.4809478059
3752	0.4809438213
3753	0.4809421955
3754	0.480937348
3755	0.480935101
3756	0.4809286878
3757	0.4809253147
3758	0.4809198313
3759	0.4809166829
3760	0.480911982
3761	0.4809095893
3762	0.480904758
3763	0.4809010798
3764	0.480895574
3765	0.4808940602
3766	0.4808854134
3767	0.4808796718
3768	0.4808775168
3769	0.4808714464
3770	0.4808689591
3771	0.4808636114
3772	0.4808577918
3773	0.4808538304
3774	0.4808502657
3775	0.4808448681
3776	0.4808441517
3777	0.4808418004
3778	0.4808405411
3779	0.4808351041
3780	0.4808292062
3781	0.4808271416
3782	0.4808170288
3783	0.4808028506
3784	0.4807972733
3785	0.4807931411
3786	0.4807919155
3787	0.4807875623
3788	0.4807768857
3789	0.4807757539
3790	0.4807663545
3791	0.4807617594
3792	0.4807596741
3793	0.4807584754
3794	0.4807556222
3795	0.4807523118
3796	0.4807483208
3797	0.4807435718
3798	0.4807364653
3799	0.480730901
3800	0.4807290595
3801	0.4807250553
3802	0.4807181544
3803	0.4807127198
3804	0.4807103152
3805	0.4807038061
3806	0.4806999577
3807	0.4806913707
3808	0.4806854165
3809	0.4806814344
3810	0.4806755784
3811	0.4806686836
3812	0.4806648339
3813	0.4806607181
3814	0.4806558889
3815	0.4806501109
3816	0.4806493547
3817	0.4806401529
3818	0.480632767
3819	0.4806296717
3820	0.4806255494
3821	0.4806240864
3822	0.4806193765
3823	0.4806153592
3824	0.4806095985
3825	0.4806045419
3826	0.4805994365
3827	0.4805964036
3828	0.4805909588
3829	0.4805867007
3830	0.4805849153
3831	0.4805795761
3832	0.4805763884
3833	0.4805702776
3834	0.4805648483
3835	0.4805621153
3836	0.4805609208
3837	0.480559043
3838	0.4805554944
3839	0.4805480462
3840	0.4805454189
3841	0.4805429347
3842	0.4805348783
3843	0.4805318491
3844	0.4805293587
3845	0.4805281253
3846	0.4805210481
3847	0.4805159659
3848	0.480514492
3849	0.4805122052
3850	0.4805069879
3851	0.4805039436
3852	0.4804994311
3853	0.4804970423
3854	0.4804964204
3855	0.4804934214
3856	0.4804833344
3857	0.4804804365
3858	0.4804774712
3859	0.4804762493
3860	0.4804706637
3861	0.4804658718
3862	0.480463159
3863	0.4804617254
3864	0.4804592663
3865	0.4804540596
3866	0.4804490548
3867	0.4804422035
3868	0.4804402498
3869	0.4804351532
3870	0.4804292239
3871	0.4804182259
3872	0.4804125933
3873	0.4804097296
3874	0.4804027618
3875	0.4804001016
3876	0.4803918168
3877	0.480385886
3878	0.4803846468
3879	0.4803805599
3880	0.480375772
3881	0.4803697051
3882	0.4803656044
3883	0.4803613409
3884	0.4803596939
3885	0.4803568181
3886	0.4803501378
3887	0.4803444768
3888	0.4803424172
3889	0.4803379609
3890	0.4803316951
3891	0.4803251134
3892	0.4803239609
3893	0.4803221872
3894	0.4803199191
3895	0.4803179953
3896	0.4803158596
3897	0.4803146069
3898	0.480312239
3899	0.480308349
3900	0.4803033345
3901	0.4803004588
3902	0.4802971991
3903	0.4802934915
3904	0.4802890969
3905	0.480283612
3906	0.4802824239
3907	0.4802811249
3908	0.4802802441
3909	0.4802778488
3910	0.4802725844
3911	0.4802678901
3912	0.4802630128
3913	0.480257401
3914	0.4802522582
3915	0.4802495997
3916	0.480245847
3917	0.4802402712
3918	0.4802352324
3919	0.4802264731
3920	0.4802233092
3921	0.4802209928
3922	0.4802179629
3923	0.4802168026
3924	0.4802101036
3925	0.4802071526
3926	0.4802017632
3927	0.4801998882
3928	0.4801971677
3929	0.4801922278
3930	0.4801869788
3931	0.4801825608
3932	0.4801788958
3933	0.4801779375
3934	0.4801744364
3935	0.4801708958
3936	0.4801694411
3937	0.4801648843
3938	0.4801607466
3939	0.4801586677
3940	0.4801481322
3941	0.4801405433
3942	0.480135248
3943	0.4801320401
3944	0.4801278849
3945	0.4801253295
3946	0.4801174616
3947	0.4801123291
3948	0.4801091942
3949	0.4801039313
3950	0.4801030648
3951	0.4800984148
3952	0.4800958817
3953	0.4800911885
3954	0.4800863879
3955	0.4800812684
3956	0.4800789627
3957	0.4800751231
3958	0.4800736286
3959	0.4800678932
3960	0.4800642687
3961	0.4800620784
3962	0.4800547127
3963	0.4800513525
3964	0.4800483099
3965	0.4800457008
3966	0.4800388504
3967	0.4800372466
3968	0.4800330276
3969	0.4800270004
3970	0.4800253669
3971	0.4800225263
3972	0.480017157
3973	0.4800150154
3974	0.4800128916
3975	0.4800052804
3976	0.4799981832
3977	0.4799964276
3978	0.4799913779
3979	0.4799887654
3980	0.4799824473
3981	0.4799794172
3982	0.4799764182
3983	0.4799701414
3984	0.4799662843
3985	0.4799602942
3986	0.4799540375
3987	0.4799505349
3988	0.4799497899
3989	0.4799412071
3990	0.4799356508
3991	0.4799331466
3992	0.4799330971
3993	0.479929943
3994	0.4799277295
3995	0.479924924
3996	0.4799183064
3997	0.4799106672
3998	0.4799080266
3999	0.4799040202
4000	0.4799023417
4001	0.4798997857
4002	0.4798949596
4003	0.4798891519
4004	0.4798860171
4005	0.4798827005
4006	0.4798778709
4007	0.4798734998
4008	0.4798725664
4009	0.4798676259
4010	0.4798604384
4011	0.4798569272
4012	0.4798500706
4013	0.4798458763
4014	0.4798427105
4015	0.4798405182
4016	0.4798384832
4017	0.4798366361
4018	0.4798310701
4019	0.4798286907
4020	0.4798247037
4021	0.4798218863
4022	0.4798187703
4023	0.4798154703
4024	0.4798115608
4025	0.4798082426
4026	0.4798020819
4027	0.4797980273
4028	0.4797954688
4029	0.4797936082
4030	0.4797904232
4031	0.4797838723
4032	0.4797797229
4033	0.4797771953
4034	0.4797704185
4035	0.4797617317
4036	0.4797607333
4037	0.4797552985
4038	0.4797547401
4039	0.4797505005
4040	0.4797440352
4041	0.4797420834
4042	0.4797368644
4043	0.4797292342
4044	0.4797265867
4045	0.4797219419
4046	0.4797205062
4047	0.4797154701
4048	0.4797084107
4049	0.4797029968
4050	0.4797003066
4051	0.479694475
4052	0.4796885377
4053	0.4796815515
4054	0.4796761433
4055	0.4796737126
4056	0.479668856
4057	0.4796663497
4058	0.4796636183
4059	0.4796582451
4060	0.4796567389
4061	0.4796550939
4062	0.4796511387
4063	0.4796483972
4064	0.4796448823
4065	0.4796391774
4066	0.4796380676
4067	0.479636217
4068	0.4796299075
4069	0.4796263228
4070	0.4796219247
4071	0.4796180152
4072	0.4796150521
4073	0.4796053816
4074	0.4796025395
4075	0.4795972855
4076	0.4795923108
4077	0.4795907309
4078	0.4795896615
4079	0.479584693
4080	0.4795768805
4081	0.4795684797
4082	0.479565946
4083	0.4795603988
4084	0.4795595564
4085	0.4795535155
4086	0.4795507517
4087	0.4795486632
4088	0.4795415962
4089	0.4795330858
4090	0.4795296432
4091	0.4795248338
4092	0.4795187765
4093	0.4795156327
4094	0.479512802
4095	0.4795054901
4096	0.4795040038
4097	0.4794957118
4098	0.4794914679
4099	0.4794874048
4100	0.4794854018
4101	0.4794814015
4102	0.4794787483
4103	0.4794766108
4104	0.479471521
4105	0.4794638152
4106	0.479460702
4107	0.4794548494
4108	0.479452633
4109	0.4794464392
4110	0.4794406329
4111	0.4794347877
4112	0.4794303626
4113	0.4794277493
4114	0.4794203771
4115	0.4794134291
4116	0.4794098437
4117	0.4794043348
4118	0.4794032064
4119	0.4793997315
4120	0.4793973709
4121	0.4793918773
4122	0.4793887375
4123	0.479384286
4124	0.47938294
4125	0.4793818525
4126	0.4793788856
4127	0.4793736773
4128	0.4793698062
4129	0.4793660806
4130	0.4793607371
4131	0.4793587818
4132	0.4793520695
4133	0.4793454918
4134	0.4793383764
4135	0.4793302093
4136	0.4793270619
4137	0.4793249667
4138	0.4793219121
4139	0.4793154225
4140	0.4793132887
4141	0.4793124619
4142	0.4793068461
4143	0.4793051495
4144	0.4793029857
4145	0.4793017526
4146	0.4792972051
4147	0.4792892162
4148	0.4792843442
4149	0.4792800482
4150	0.4792748872
4151	0.4792721854
4152	0.4792609921
4153	0.4792521681
4154	0.4792490413
4155	0.4792469954
4156	0.4792431891
4157	0.4792383985
4158	0.479234467
4159	0.4792298142
4160	0.4792247862
4161	0.479219568
4162	0.4792155355
4163	0.4792110276
4164	0.4792092459
4165	0.4792039008
4166	0.4792021436
4167	0.4791943371
4168	0.479192428
4169	0.4791860025
4170	0.4791803704
4171	0.4791756666
4172	0.479169952
4173	0.4791683136
4174	0.4791624385
4175	0.4791566376
4176	0.4791508946
4177	0.4791461716
4178	0.4791439304
4179	0.4791420255
4180	0.4791375009
4181	0.4791299997
4182	0.4791206891
4183	0.4791159185
4184	0.479109932
4185	0.4791060989
4186	0.4791048266
4187	0.479100671
4188	0.4790937559
4189	0.4790882661
4190	0.4790835531
4191	0.4790766414
4192	0.4790755893
4193	0.4790728604
4194	0.4790682602
4195	0.4790650511
4196	0.4790626105
4197	0.4790614792
4198	0.4790574096
4199	0.479052283
4200	0.4790490958
4201	0.4790431488
4202	0.479039713
4203	0.4790358633
4204	0.4790292392
4205	0.4790271794
4206	0.4790234028
4207	0.4790178823
4208	0.4790119909
4209	0.4790094066
4210	0.4790083232
4211	0.4790020807
4212	0.478996853
4213	0.4789935137
4214	0.4789912782
4215	0.4789818117
4216	0.4789798264
4217	0.4789774253
4218	0.4789740502
4219	0.4789674228
4220	0.4789657011
4221	0.4789617015
4222	0.4789587186
4223	0.4789569529
4224	0.4789544411
4225	0.4789530031
4226	0.4789508233
4227	0.47894722
4228	0.478945448
4229	0.478941111
4230	0.4789337617
4231	0.478930522
4232	0.4789252291
4233	0.4789218877
4234	0.4789147793
4235	0.4789128567
4236	0.478909036
4237	0.4789063846
4238	0.4789029691
4239	0.4788992454
4240	0.4788968777
4241	0.4788912547
4242	0.4788873286
4243	0.4788830045
4244	0.4788790988
4245	0.4788766509
4246	0.478874952
4247	0.4788723067
4248	0.4788677631
4249	0.478866433
4250	0.4788626921
4251	0.4788597603
4252	0.4788561463
4253	0.4788539007
4254	0.4788503322
4255	0.478845165
4256	0.4788390049
4257	0.4788329533
4258	0.4788317852
4259	0.4788301469
4260	0.4788288341
4261	0.478826298
4262	0.4788181939
4263	0.4788153811
4264	0.4788067509
4265	0.4788033781
4266	0.4787975612
4267	0.4787929463
4268	0.4787904488
4269	0.4787860081
4270	0.4787800471
4271	0.4787761586
4272	0.478773932
4273	0.478772657
4274	0.4787694179
4275	0.4787628413
4276	0.4787566155
4277	0.4787503147
4278	0.4787477328
4279	0.4787448272
4280	0.4787390996
4281	0.4787364446
4282	0.4787326449
4283	0.4787301446
4284	0.4787209808
4285	0.478713949
4286	0.4787129104
4287	0.4787059184
4288	0.4787045854
4289	0.4786980756
4290	0.4786943774
4291	0.4786855863
4292	0.4786822699
4293	0.4786785293
4294	0.4786744876
4295	0.4786740204
4296	0.478671282
4297	0.4786673852
4298	0.4786654967
4299	0.4786614446
4300	0.4786518527
4301	0.4786470866
4302	0.4786440605
4303	0.4786411236
4304	0.4786358185
4305	0.4786321802
4306	0.4786245029
4307	0.4786215467
4308	0.4786173012
4309	0.4786132923
4310	0.4786109138
4311	0.4786039317
4312	0.4786004993
4313	0.4785970942
4314	0.4785937911
4315	0.4785905002
4316	0.4785885649
4317	0.4785867172
4318	0.4785855007
4319	0.4785797819
4320	0.4785765645
4321	0.4785745798
4322	0.4785693812
4323	0.478561913
4324	0.4785614546
4325	0.4785581157
4326	0.4785552662
4327	0.4785537207
4328	0.4785523752
4329	0.478547808
4330	0.4785459615
4331	0.4785402415
4332	0.4785299002
4333	0.4785244824
4334	0.4785204893
4335	0.4785195009
4336	0.4785139041
4337	0.4785086738
4338	0.4785037334
4339	0.4785013185
4340	0.4784926167
4341	0.4784887152
4342	0.4784778501
4343	0.4784747476
4344	0.4784706784
4345	0.4784672283
4346	0.4784600919
4347	0.4784545346
4348	0.4784499283
4349	0.4784477694
4350	0.478447133
4351	0.4784362957
4352	0.4784322528
4353	0.4784279553
4354	0.4784194494
4355	0.4784168033
4356	0.4784139703
4357	0.478408819
4358	0.4784056194
4359	0.478402052
4360	0.4783929266
4361	0.4783893338
4362	0.47838676
4363	0.4783837431
4364	0.4783801008
4365	0.4783788532
4366	0.4783734499
4367	0.4783680597
4368	0.4783652599
4369	0.4783625486
4370	0.4783560281
4371	0.4783521104
4372	0.4783473838
4373	0.4783432337
4374	0.4783398473
4375	0.4783368203
4376	0.4783260152
4377	0.4783229399
4378	0.4783181721
4379	0.47831465
4380	0.4783119774
4381	0.4783102536
4382	0.4783039322
4383	0.4783005192
4384	0.4782956931
4385	0.4782950142
4386	0.4782868893
4387	0.47828291
4388	0.4782771937
4389	0.4782706187
4390	0.4782678686
4391	0.4782623107
4392	0.4782574708
4393	0.4782554215
4394	0.4782530593
4395	0.4782503655
4396	0.4782431302
4397	0.4782389217
4398	0.4782351102
4399	0.4782281514
4400	0.4782254149
4401	0.478223826
4402	0.4782172637
4403	0.4782137511
4404	0.4782107647
4405	0.4782085299
4406	0.4782072747
4407	0.4782067327
4408	0.4782021389
4409	0.4782006462
4410	0.4782002809
4411	0.4781991606
4412	0.4781957703
4413	0.4781882012
4414	0.4781860572
4415	0.4781791729
4416	0.4781751615
4417	0.4781705549
4418	0.4781660072
4419	0.4781631777
4420	0.478157155
4421	0.4781558418
4422	0.478150866
4423	0.4781465016
4424	0.478145614
4425	0.4781422626
4426	0.4781349914
4427	0.4781296892
4428	0.4781265992
4429	0.4781250851
4430	0.4781233741
4431	0.4781158478
4432	0.4781081321
4433	0.4781049502
4434	0.4780970108
4435	0.4780867529
4436	0.4780813872
4437	0.4780770002
4438	0.4780724226
4439	0.4780666106
4440	0.4780607398
4441	0.4780577945
4442	0.4780546337
4443	0.4780537648
4444	0.4780485231
4445	0.4780478459
4446	0.4780439704
4447	0.4780370805
4448	0.4780346983
4449	0.4780311004
4450	0.4780297826
4451	0.4780255042
4452	0.4780200295
4453	0.4780180083
4454	0.4780147545
4455	0.478012201
4456	0.4780113119
4457	0.478006411
4458	0.4780019904
4459	0.4779990073
4460	0.4779973251
4461	0.4779939321
4462	0.4779915023
4463	0.4779888365
4464	0.4779871218
4465	0.4779829143
4466	0.4779768406
4467	0.4779716535
4468	0.4779712416
4469	0.4779677946
4470	0.4779604919
4471	0.4779577388
4472	0.4779560814
4473	0.4779533418
4474	0.4779493248
4475	0.4779444178
4476	0.4779345958
4477	0.4779322764
4478	0.4779313023
4479	0.477929605
4480	0.4779244483
4481	0.477920459
4482	0.4779169689
4483	0.4779152185
4484	0.4779089228
4485	0.4779031824
4486	0.4779002252
4487	0.4778970048
4488	0.4778949839
4489	0.4778891872
4490	0.4778876608
4491	0.477886052
4492	0.4778824458
4493	0.4778772422
4494	0.4778743293
4495	0.4778717778
4496	0.4778686201
4497	0.4778637918
4498	0.4778611352
4499	0.4778600013
4500	0.4778544499
4501	0.4778514778
4502	0.477845347
4503	0.4778383604
4504	0.4778312093
4505	0.4778281246
4506	0.4778218849
4507	0.4778180446
4508	0.4778116439
4509	0.4778079904
4510	0.4778070744
4511	0.4778046558
4512	0.477798902
4513	0.4777957461
4514	0.4777940141
4515	0.4777898204
4516	0.4777850403
4517	0.4777833673
4518	0.4777768043
4519	0.4777719456
4520	0.4777657111
4521	0.4777585453
4522	0.4777559673
4523	0.4777528532
4524	0.4777507758
4525	0.4777489957
4526	0.4777447663
4527	0.4777417539
4528	0.4777391509
4529	0.4777376312
4530	0.4777358928
4531	0.4777341382
4532	0.4777285666
4533	0.4777274648
4534	0.4777222595
4535	0.4777199322
4536	0.477713743
4537	0.4777094942
4538	0.4777072348
4539	0.4777015647
4540	0.4776942184
4541	0.4776879356
4542	0.4776860752
4543	0.4776827944
4544	0.477679018
4545	0.4776732416
4546	0.4776697921
4547	0.4776656435
4548	0.4776622116
4549	0.4776572866
4550	0.4776526789
4551	0.4776496938
4552	0.4776455031
4553	0.4776423482
4554	0.4776402491
4555	0.4776344254
4556	0.4776289919
4557	0.4776243048
4558	0.4776145291
4559	0.4776089132
4560	0.4776049146
4561	0.4776044163
4562	0.4776016464
4563	0.4775988251
4564	0.4775961851
4565	0.4775937763
4566	0.4775867336
4567	0.4775830081
4568	0.477581089
4569	0.4775754862
4570	0.4775708343
4571	0.4775687091
4572	0.4775627395
4573	0.4775548433
4574	0.4775490717
4575	0.4775479258
4576	0.4775443487
4577	0.4775397718
4578	0.4775343316
4579	0.4775322827
4580	0.477529633
4581	0.4775275012
4582	0.4775240169
4583	0.4775199274
4584	0.4775174368
4585	0.477513884
4586	0.4775122498
4587	0.4775058905
4588	0.4775039944
4589	0.4775027476
4590	0.4774960786
4591	0.4774886051
4592	0.4774849644
4593	0.47748273
4594	0.4774812678
4595	0.4774760059
4596	0.4774724618
4597	0.4774703876
4598	0.4774672418
4599	0.477462513
4600	0.477460437
4601	0.4774560671
4602	0.4774484956
4603	0.4774443048
4604	0.4774343481
4605	0.4774278647
4606	0.4774258728
4607	0.4774216982
4608	0.4774165568
4609	0.4774120607
4610	0.4774075791
4611	0.4774035172
4612	0.4773973213
4613	0.4773933513
4614	0.4773904956
4615	0.4773848382
4616	0.4773840133
4617	0.477377716
4618	0.4773746121
4619	0.4773708219
4620	0.4773691503
4621	0.4773640991
4622	0.4773618207
4623	0.477359728
4624	0.4773557262
4625	0.4773554328
4626	0.4773542274
4627	0.4773471356
4628	0.4773439727
4629	0.4773409365
4630	0.4773376786
4631	0.4773350302
4632	0.4773315331
4633	0.477329195
4634	0.4773230246
4635	0.4773193285
4636	0.4773130618
4637	0.4773104107
4638	0.4773050302
4639	0.4773025472
4640	0.4773019993
4641	0.4772969507
4642	0.4772936402
4643	0.4772922311
4644	0.4772869884
4645	0.4772815099
4646	0.4772773672
4647	0.4772697238
4648	0.4772640892
4649	0.4772597743
4650	0.4772513587
4651	0.4772466576
4652	0.4772436111
4653	0.4772385127
4654	0.4772363974
4655	0.477233512
4656	0.4772287102
4657	0.4772200468
4658	0.4772189448
4659	0.4772151965
4660	0.4772095182
4661	0.4772075318
4662	0.4772005127
4663	0.4771991838
4664	0.4771970127
4665	0.4771918132
4666	0.4771848972
4667	0.4771806998
4668	0.4771782862
4669	0.477177482
4670	0.4771741553
4671	0.4771683425
4672	0.4771578761
4673	0.4771568979
4674	0.4771521247
4675	0.4771473819
4676	0.4771448495
4677	0.4771386628
4678	0.4771355574
4679	0.477132774
4680	0.4771285276
4681	0.4771275359
4682	0.4771215189
4683	0.4771158466
4684	0.4771130987
4685	0.4771077682
4686	0.4771059938
4687	0.4771025998
4688	0.4771002034
4689	0.4770982931
4690	0.4770952019
4691	0.4770931833
4692	0.4770865776
4693	0.4770832144
4694	0.4770803109
4695	0.4770725156
4696	0.4770683592
4697	0.4770612862
4698	0.4770574358
4699	0.4770537081
4700	0.4770501615
4701	0.4770474954
4702	0.4770456787
4703	0.4770422047
4704	0.477037914
4705	0.4770345557
4706	0.4770290861
4707	0.4770257785
4708	0.4770230987
4709	0.4770201395
4710	0.4770124317
4711	0.477006015
4712	0.4770016566
4713	0.4769956618
4714	0.4769940415
4715	0.4769894688
4716	0.4769867959
4717	0.4769809454
4718	0.4769727331
4719	0.4769695819
4720	0.4769683024
4721	0.476963449
4722	0.4769607273
4723	0.4769583661
4724	0.4769562344
4725	0.4769475764
4726	0.4769460805
4727	0.4769407848
4728	0.4769391723
4729	0.4769340864
4730	0.4769315759
4731	0.4769297059
4732	0.4769224011
4733	0.476921233
4734	0.4769169096
4735	0.476911045
4736	0.4769079199
4737	0.4769013548
4738	0.4768996953
4739	0.4768958175
4740	0.4768930809
4741	0.4768879934
4742	0.4768854346
4743	0.4768814684
4744	0.4768788654
4745	0.4768730051
4746	0.4768705148
4747	0.4768664514
4748	0.4768660542
4749	0.4768616331
4750	0.4768585563
4751	0.4768573621
4752	0.4768515051
4753	0.4768467623
4754	0.4768418236
4755	0.4768405538
4756	0.4768320208
4757	0.4768285045
4758	0.4768275635
4759	0.4768237745
4760	0.4768190396
4761	0.4768162791
4762	0.4768143611
4763	0.47680831
4764	0.4768058638
4765	0.4767987247
4766	0.4767967492
4767	0.4767919029
4768	0.476790019
4769	0.4767880398
4770	0.4767854083
4771	0.4767825547
4772	0.4767787776
4773	0.4767731214
4774	0.4767686061
4775	0.4767651353
4776	0.4767609757
4777	0.4767541675
4778	0.4767487088
4779	0.4767480372
4780	0.4767382972
4781	0.4767356176
4782	0.4767327153
4783	0.476729669
4784	0.4767244743
4785	0.4767237245
4786	0.4767205188
4787	0.4767159044
4788	0.476711602
4789	0.4767089051
4790	0.4767048065
4791	0.47670124
4792	0.4766945515
4793	0.4766893554
4794	0.4766844223
4795	0.4766785649
4796	0.4766776788
4797	0.4766736046
4798	0.4766694141
4799	0.4766656795
4800	0.4766611273
4801	0.4766585536
4802	0.4766526224
4803	0.4766485041
4804	0.476643792
4805	0.476639421
4806	0.4766357439
4807	0.4766319115
4808	0.4766250013
4809	0.476620459
4810	0.4766176631
4811	0.4766137356
4812	0.4766106968
4813	0.4766037056
4814	0.4765944168
4815	0.4765924878
4816	0.476590471
4817	0.4765891862
4818	0.4765832901
4819	0.4765806294
4820	0.4765764745
4821	0.4765735643
4822	0.4765697378
4823	0.476566959
4824	0.4765624765
4825	0.4765595287
4826	0.4765554063
4827	0.4765529209
4828	0.4765457881
4829	0.4765438436
4830	0.4765402839
4831	0.4765368135
4832	0.4765360066
4833	0.4765345726
4834	0.4765288953
4835	0.4765269735
4836	0.4765242171
4837	0.4765216924
4838	0.4765182902
4839	0.476517708
4840	0.4765133324
4841	0.4765102148
4842	0.476508223
4843	0.476506604
4844	0.4765050942
4845	0.4765039486
4846	0.4765018003
4847	0.4764991554
4848	0.4764966929
4849	0.4764922145
4850	0.4764903501
4851	0.476483189
4852	0.4764780041
4853	0.4764733717
4854	0.4764649429
4855	0.476459846
4856	0.4764548738
4857	0.4764515954
4858	0.4764489544
4859	0.476448407
4860	0.476447207
4861	0.4764453157
4862	0.476438236
4863	0.4764356904
4864	0.4764313166
4865	0.4764285469
4866	0.4764258261
4867	0.4764246677
4868	0.4764190208
4869	0.4764146251
4870	0.4764087281
4871	0.4764054953
4872	0.476403978
4873	0.476403504
4874	0.47640177
4875	0.4763990936
4876	0.476398309
4877	0.476395925
4878	0.476394646
4879	0.4763915826
4880	0.4763847666
4881	0.4763819148
4882	0.476375504
4883	0.4763731514
4884	0.47637022
4885	0.4763678357
4886	0.4763625933
4887	0.4763608868
4888	0.4763544913
4889	0.4763533447
4890	0.4763508609
4891	0.4763494838
4892	0.4763452085
4893	0.4763411536
4894	0.4763373919
4895	0.4763353247
4896	0.4763289985
4897	0.4763241193
4898	0.4763207254
4899	0.4763176196
4900	0.4763133256
4901	0.4763074624
4902	0.4763056145
4903	0.4763017189
4904	0.4762964774
4905	0.4762920223
4906	0.4762889737
4907	0.4762838969
4908	0.476280218
4909	0.4762734438
4910	0.4762717829
4911	0.4762712269
4912	0.4762655413
4913	0.4762632341
4914	0.4762596002
4915	0.4762573699
4916	0.4762536641
4917	0.4762498827
4918	0.4762465707
4919	0.4762446439
4920	0.4762386362
4921	0.4762360528
4922	0.4762334353
4923	0.4762321055
4924	0.4762297861
4925	0.4762275661
4926	0.476226742
4927	0.4762221032
4928	0.4762208576
4929	0.476212151
4930	0.4762093683
4931	0.4762053301
4932	0.4762014909
4933	0.476198503
4934	0.4761938284
4935	0.4761892902
4936	0.4761829693
4937	0.4761746669
4938	0.4761710271
4939	0.4761666065
4940	0.4761610485
4941	0.4761573765
4942	0.4761535184
4943	0.4761483528
4944	0.4761387903
4945	0.4761371499
4946	0.4761353298
4947	0.4761311186
4948	0.476129449
4949	0.4761277882
4950	0.4761253702
4951	0.4761209177
4952	0.4761188482
4953	0.4761138972
4954	0.4761118607
4955	0.4761095613
4956	0.4761059409
4957	0.4761002821
4958	0.4760963845
4959	0.4760932058
4960	0.4760918187
4961	0.4760895118
4962	0.4760835498
4963	0.4760816757
4964	0.4760760222
4965	0.4760700038
4966	0.4760627512
4967	0.4760597173
4968	0.4760546638
4969	0.4760520193
4970	0.4760485362
4971	0.4760462471
4972	0.4760409946
4973	0.4760380967
4974	0.4760324163
4975	0.4760287498
4976	0.4760253369
4977	0.4760191267
4978	0.4760185001
4979	0.4760161211
4980	0.4760104677
4981	0.4760093133
4982	0.4760069926
4983	0.4760023062
4984	0.475998123
4985	0.4759973781
4986	0.4759923052
4987	0.4759900455
4988	0.4759864797
4989	0.4759844925
4990	0.4759834027
4991	0.4759809616
4992	0.4759752697
4993	0.4759702565
4994	0.4759651742
4995	0.4759635881
4996	0.4759613401
4997	0.4759597316
4998	0.4759574205
4999	0.4759514962
5000	0.4759468229
5001	0.4759452803
5002	0.4759420432
5003	0.4759383226
5004	0.4759352672
5005	0.4759332452
5006	0.475930704
5007	0.4759276192
5008	0.4759218769
5009	0.4759195254
5010	0.4759157971
5011	0.4759101981
5012	0.4759063854
5013	0.4759043442
5014	0.4758965699
5015	0.475892229
5016	0.4758870244
5017	0.4758854756
5018	0.4758835158
5019	0.4758769949
5020	0.4758758133
5021	0.4758752023
5022	0.4758695305
5023	0.4758682556
5024	0.4758660963
5025	0.4758633887
5026	0.4758566418
5027	0.4758535986
5028	0.4758488348
5029	0.4758429382
5030	0.4758417879
5031	0.4758390575
5032	0.4758338051
5033	0.4758286821
5034	0.475824168
5035	0.4758175775
5036	0.4758111177
5037	0.4758092762
5038	0.4758053343
5039	0.4757971524
5040	0.4757935289
5041	0.4757864131
5042	0.4757825945
5043	0.4757817265
5044	0.4757764387
5045	0.4757727535
5046	0.4757699163
5047	0.4757671391
5048	0.475764282
5049	0.4757615699
5050	0.4757568611
5051	0.4757515006
5052	0.4757501506
5053	0.4757470743
5054	0.4757401239
5055	0.4757357219
5056	0.4757291431
5057	0.4757262068
5058	0.4757238859
5059	0.475721349
5060	0.4757180753
5061	0.4757122779
5062	0.4757100071
5063	0.4757062662
5064	0.4757033306
5065	0.4757014289
5066	0.4756968175
5067	0.4756887777
5068	0.4756846396
5069	0.4756765307
5070	0.4756729033
5071	0.4756695015
5072	0.4756668945
5073	0.4756568735
5074	0.4756531791
5075	0.4756529232
5076	0.4756496625
5077	0.4756451256
5078	0.4756414822
5079	0.4756360671
5080	0.4756287977
5081	0.4756228698
5082	0.475620831
5083	0.4756184602
5084	0.4756127314
5085	0.4756049478
5086	0.4756002901
5087	0.4755963608
5088	0.4755935184
5089	0.4755909454
5090	0.4755885106
5091	0.4755874433
5092	0.4755833509
5093	0.4755784688
5094	0.4755746731
5095	0.4755734575
5096	0.4755709948
5097	0.4755686956
5098	0.4755648294
5099	0.475556746
5100	0.4755557777
5101	0.4755523637
5102	0.4755503678
5103	0.4755484297
5104	0.4755431282
5105	0.4755402473
5106	0.4755380037
5107	0.4755330793
5108	0.4755291708
5109	0.4755275178
5110	0.4755235518
5111	0.4755216153
5112	0.4755193025
5113	0.4755160129
5114	0.4755135085
5115	0.4755097161
5116	0.4755040465
5117	0.4755011234
5118	0.4754986309
5119	0.4754946099
5120	0.4754918043
5121	0.4754867422
5122	0.4754827025
5123	0.4754766438
5124	0.4754740154
5125	0.4754687045
5126	0.4754631753
5127	0.4754613699
5128	0.4754588668
5129	0.4754527041
5130	0.4754478484
5131	0.4754455788
5132	0.4754401668
5133	0.4754370434
5134	0.4754324346
5135	0.4754307681
5136	0.4754254548
5137	0.4754184234
5138	0.4754165171
5139	0.4754111315
5140	0.4754063911
5141	0.4754047311
5142	0.4754012897
5143	0.4753979581
5144	0.475392886
5145	0.4753894414
5146	0.4753846748
5147	0.4753799754
5148	0.4753753883
5149	0.4753719318
5150	0.4753674188
5151	0.4753632013
5152	0.4753521853
5153	0.4753490503
5154	0.4753444205
5155	0.475342878
5156	0.4753353286
5157	0.4753333196
5158	0.4753314646
5159	0.4753256236
5160	0.475319378
5161	0.4753173037
5162	0.4753114944
5163	0.4753058513
5164	0.4753038307
5165	0.4752970202
5166	0.4752913168
5167	0.4752883366
5168	0.4752852796
5169	0.4752811135
5170	0.4752740522
5171	0.4752693348
5172	0.4752655957
5173	0.4752605355
5174	0.4752589884
5175	0.4752538297
5176	0.4752488856
5177	0.4752417205
5178	0.4752388692
5179	0.4752370573
5180	0.475234656
5181	0.4752291734
5182	0.4752227291
5183	0.4752198206
5184	0.4752188933
5185	0.4752173757
5186	0.4752127565
5187	0.4752079209
5188	0.4752058677
5189	0.4752028178
5190	0.47520183
5191	0.4752002033
5192	0.475193621
5193	0.4751884344
5194	0.4751834672
5195	0.4751774691
5196	0.4751737245
5197	0.47516997
5198	0.4751652048
5199	0.4751622598
5200	0.4751615505
5201	0.475159758
5202	0.4751549852
5203	0.4751515758
5204	0.4751460127
5205	0.4751445238
5206	0.4751432487
5207	0.4751407282
5208	0.4751374166
5209	0.475133539
5210	0.4751285006
5211	0.4751259573
5212	0.475123889
5213	0.4751193333
5214	0.4751155693
5215	0.4751129156
5216	0.4751083604
5217	0.4751067342
5218	0.4751029738
5219	0.4750980337
5220	0.4750946221
5221	0.4750929235
5222	0.4750900962
5223	0.4750865493
5224	0.4750806592
5225	0.4750751715
5226	0.4750738092
5227	0.4750719457
5228	0.475068209
5229	0.475062334
5230	0.4750619989
5231	0.4750599292
5232	0.4750578711
5233	0.4750489101
5234	0.4750441662
5235	0.475044133
5236	0.4750406802
5237	0.4750365986
5238	0.4750319437
5239	0.4750233237
5240	0.4750225421
5241	0.4750200162
5242	0.4750171693
5243	0.4750133563
5244	0.4750110981
5245	0.4750076604
5246	0.4750037376
5247	0.4749999394
5248	0.4749965337
5249	0.4749895669
5250	0.4749875847
5251	0.4749786291
5252	0.4749762432
5253	0.474972758
5254	0.4749681564
5255	0.4749669389
5256	0.4749632937
5257	0.4749603684
5258	0.474958291
5259	0.4749579829
5260	0.47495382
5261	0.474950204
5262	0.4749470236
5263	0.4749439333
5264	0.4749416123
5265	0.4749394855
5266	0.4749335913
5267	0.4749297934
5268	0.4749254528
5269	0.47492313
5270	0.4749213933
5271	0.4749182472
5272	0.4749179644
5273	0.4749129014
5274	0.4749079394
5275	0.4749052283
5276	0.4749017247
5277	0.4748971066
5278	0.474896237
5279	0.4748953924
5280	0.4748899363
5281	0.4748881974
5282	0.4748863121
5283	0.4748833958
5284	0.4748814913
5285	0.474880256
5286	0.4748766749
5287	0.4748751582
5288	0.4748730246
5289	0.4748701927
5290	0.4748618874
5291	0.4748570755
5292	0.4748504587
5293	0.4748456871
5294	0.4748408575
5295	0.4748382256
5296	0.4748314018
5297	0.4748288571
5298	0.4748278244
5299	0.4748233947
5300	0.4748225008
5301	0.474820393
5302	0.4748172429
5303	0.4748142671
5304	0.4748135922
5305	0.4748076541
5306	0.4748042769
5307	0.4748038521
5308	0.4747998655
5309	0.4747965049
5310	0.4747939044
5311	0.4747922566
5312	0.4747897679
5313	0.47478844
5314	0.4747852709
5315	0.4747832193
5316	0.4747775288
5317	0.4747734131
5318	0.4747653972
5319	0.4747636671
5320	0.4747580367
5321	0.4747524692
5322	0.4747483001
5323	0.4747446081
5324	0.4747395096
5325	0.4747348721
5326	0.4747310631
5327	0.4747296535
5328	0.4747286541
5329	0.4747253214
5330	0.4747201162
5331	0.4747146645
5332	0.4747114775
5333	0.4747093292
5334	0.4747069108
5335	0.4747022427
5336	0.4747005521
5337	0.4747001143
5338	0.4746955473
5339	0.4746928239
5340	0.4746875883
5341	0.4746851001
5342	0.4746848057
5343	0.4746833796
5344	0.4746796664
5345	0.4746761458
5346	0.474670976
5347	0.474667634
5348	0.4746630447
5349	0.4746621346
5350	0.4746599399
5351	0.4746556618
5352	0.4746515217
5353	0.4746463432
5354	0.4746442883
5355	0.4746380279
5356	0.4746343935
5357	0.4746312303
5358	0.4746292175
5359	0.4746265872
5360	0.4746245787
5361	0.4746220376
5362	0.474621526
5363	0.4746189621
5364	0.47461218
5365	0.4746092054
5366	0.4746082542
5367	0.47460758
5368	0.4746040111
5369	0.4745999468
5370	0.4745976961
5371	0.4745925971
5372	0.4745840842
5373	0.4745799636
5374	0.4745765882
5375	0.4745735834
5376	0.4745690664
5377	0.4745672539
5378	0.4745634733
5379	0.47456049
5380	0.4745568582
5381	0.4745530993
5382	0.4745483832
5383	0.4745446358
5384	0.4745426276
5385	0.4745390279
5386	0.4745349445
5387	0.4745328752
5388	0.4745309852
5389	0.474523336
5390	0.4745190551
5391	0.4745157367
5392	0.4745141517
5393	0.4745078314
5394	0.4745053456
5395	0.4745030154
5396	0.4745020057
5397	0.4745005543
5398	0.4744910687
5399	0.4744870815
5400	0.4744828321
5401	0.474478865
5402	0.4744737177
5403	0.4744716404
5404	0.4744682609
5405	0.474464202
5406	0.4744597553
5407	0.4744568829
5408	0.4744515511
5409	0.4744508835
5410	0.4744490904
5411	0.4744480717
5412	0.4744446889
5413	0.4744431401
5414	0.474441689
5415	0.4744373461
5416	0.4744347793
5417	0.4744311364
5418	0.4744259692
5419	0.4744202692
5420	0.4744177118
5421	0.4744157218
5422	0.4744084111
5423	0.4744080446
5424	0.4744066011
5425	0.4744027623
5426	0.4743974326
5427	0.4743963527
5428	0.4743909234
5429	0.4743899565
5430	0.4743871646
5431	0.4743821483
5432	0.4743808931
5433	0.4743783922
5434	0.4743762648
5435	0.4743751256
5436	0.4743730195
5437	0.4743697358
5438	0.474365165
5439	0.4743629293
5440	0.4743612415
5441	0.4743579924
5442	0.4743558682
5443	0.4743528981
5444	0.4743478587
5445	0.4743452726
5446	0.474344093
5447	0.4743425673
5448	0.4743353802
5449	0.4743329211
5450	0.4743296767
5451	0.4743253424
5452	0.4743223639
5453	0.4743194549
5454	0.4743171976
5455	0.4743104155
5456	0.474307223
5457	0.4743016577
5458	0.4742989795
5459	0.4742960768
5460	0.4742929506
5461	0.4742901689
5462	0.4742890495
5463	0.4742877888
5464	0.4742830697
5465	0.4742762818
5466	0.4742758363
5467	0.4742717159
5468	0.4742695591
5469	0.4742685467
5470	0.4742649261
5471	0.4742607057
5472	0.4742546025
5473	0.4742514885
5474	0.4742490219
5475	0.4742458668
5476	0.4742405095
5477	0.4742378106
5478	0.474234996
5479	0.4742259617
5480	0.4742239368
5481	0.4742222004
5482	0.4742201596
5483	0.4742172831
5484	0.4742133135
5485	0.4742081885
5486	0.4742078635
5487	0.4742068402
5488	0.4742020046
5489	0.4741993634
5490	0.4741981679
5491	0.4741922322
5492	0.4741906202
5493	0.4741853215
5494	0.4741823516
5495	0.474179393
5496	0.4741791488
5497	0.4741740844
5498	0.4741671306
5499	0.4741628934
5500	0.4741566142
5501	0.4741505565
5502	0.4741477191
5503	0.4741429105
5504	0.4741385411
5505	0.4741363068
5506	0.4741282429
5507	0.4741256357
5508	0.4741208128
5509	0.4741180437
5510	0.4741101459
5511	0.4741034851
5512	0.4740998534
5513	0.4740882735
5514	0.4740860362
5515	0.4740812065
5516	0.474078519
5517	0.4740782068
5518	0.4740758727
5519	0.4740744666
5520	0.4740707748
5521	0.474065931
5522	0.4740631744
5523	0.474060148
5524	0.4740580097
5525	0.4740525197
5526	0.4740496088
5527	0.4740480905
5528	0.4740467164
5529	0.4740423287
5530	0.4740398338
5531	0.474036577
5532	0.4740319001
5533	0.4740279522
5534	0.4740271219
5535	0.4740250225
5536	0.4740218743
5537	0.4740181265
5538	0.4740135207
5539	0.4740073625
5540	0.474002827
5541	0.4739981935
5542	0.4739962363
5543	0.4739907805
5544	0.4739837165
5545	0.4739814462
5546	0.4739797632
5547	0.4739766037
5548	0.4739749367
5549	0.4739726074
5550	0.473971256
5551	0.4739665525
5552	0.4739638558
5553	0.4739621551
5554	0.4739576706
5555	0.4739546593
5556	0.4739496022
5557	0.4739453561
5558	0.4739410369
5559	0.4739407229
5560	0.4739331921
5561	0.4739261379
5562	0.4739245602
5563	0.4739231655
5564	0.4739210149
5565	0.4739208401
5566	0.4739165309
5567	0.4739150974
5568	0.4739087617
5569	0.4739057449
5570	0.4739019098
5571	0.4739010759
5572	0.473896853
5573	0.4738943809
5574	0.4738872618
5575	0.4738845345
5576	0.4738820633
5577	0.4738779148
5578	0.4738746743
5579	0.47386792
5580	0.4738660547
5581	0.4738630743
5582	0.473859749
5583	0.4738530316
5584	0.4738495307
5585	0.4738487479
5586	0.4738428013
5587	0.4738389569
5588	0.4738340628
5589	0.4738308995
5590	0.4738252837
5591	0.4738219661
5592	0.4738196868
5593	0.4738145743
5594	0.4738125127
5595	0.4738078079
5596	0.473806822
5597	0.4738036079
5598	0.4737990574
5599	0.473796607
5600	0.4737926057
5601	0.4737862143
5602	0.4737811818
5603	0.4737789095
5604	0.4737766955
5605	0.473773195
5606	0.4737728416
5607	0.4737704171
5608	0.4737656933
5609	0.4737604878
5610	0.4737569787
5611	0.4737545191
5612	0.4737509424
5613	0.4737471505
5614	0.4737435487
5615	0.4737400569
5616	0.4737333236
5617	0.4737282329
5618	0.4737253916
5619	0.4737233603
5620	0.4737207125
5621	0.4737173561
5622	0.4737133333
5623	0.4737083592
5624	0.4737070157
5625	0.4737039084
5626	0.4737011359
5627	0.4736963321
5628	0.4736928989
5629	0.4736888223
5630	0.4736857856
5631	0.4736798403
5632	0.4736765982
5633	0.4736730714
5634	0.4736716536
5635	0.4736681149
5636	0.4736634078
5637	0.4736593989
5638	0.4736552228
5639	0.4736532126
5640	0.4736499671
5641	0.4736462595
5642	0.4736420807
5643	0.4736393861
5644	0.4736368583
5645	0.4736334618
5646	0.4736320671
5647	0.4736285052
5648	0.4736264903
5649	0.4736220882
5650	0.4736183153
5651	0.4736157063
5652	0.4736118544
5653	0.4736094647
5654	0.4736060686
5655	0.4736014157
5656	0.4735997436
5657	0.4735963558
5658	0.473594209
5659	0.4735910689
5660	0.4735845962
5661	0.473579373
5662	0.4735769678
5663	0.4735743231
5664	0.4735725868
5665	0.4735711334
5666	0.4735649217
5667	0.4735610068
5668	0.473557916
5669	0.473554475
5670	0.4735493036
5671	0.4735482033
5672	0.4735430629
5673	0.4735391484
5674	0.4735360296
5675	0.4735313385
5676	0.473528159
5677	0.4735219899
5678	0.4735191258
5679	0.473517204
5680	0.4735131346
5681	0.4735047646
5682	0.4735019074
5683	0.473501881
5684	0.4735004575
5685	0.4734964158
5686	0.4734917529
5687	0.473488579
5688	0.4734870623
5689	0.4734838646
5690	0.4734801039
5691	0.4734779195
5692	0.4734761115
5693	0.4734740439
5694	0.4734675915
5695	0.4734672648
5696	0.4734616485
5697	0.4734586812
5698	0.4734551026
5699	0.4734540108
5700	0.4734487541
5701	0.473443151
5702	0.4734398786
5703	0.4734359705
5704	0.4734343909
5705	0.4734312948
5706	0.4734305394
5707	0.4734273823
5708	0.4734225417
5709	0.47341957
5710	0.4734167303
5711	0.4734120524
5712	0.4734107882
5713	0.4734056336
5714	0.4734002957
5715	0.4733945359
5716	0.4733892134
5717	0.4733866568
5718	0.4733841339
5719	0.4733826806
5720	0.4733777808
5721	0.4733709177
5722	0.473366685
5723	0.4733662152
5724	0.4733630266
5725	0.4733611905
5726	0.4733540594
5727	0.4733484123
5728	0.4733471911
5729	0.4733462272
5730	0.4733438715
5731	0.4733406334
5732	0.4733354794
5733	0.4733306414
5734	0.4733296095
5735	0.4733244435
5736	0.4733226704
5737	0.4733195733
5738	0.473317754
5739	0.473315216
5740	0.4733112454
5741	0.4733073767
5742	0.4733008381
5743	0.4732960443
5744	0.4732920732
5745	0.4732866707
5746	0.4732864619
5747	0.4732835076
5748	0.4732797417
5749	0.4732772607
5750	0.4732733926
5751	0.4732683493
5752	0.4732674951
5753	0.4732643806
5754	0.473258306
5755	0.4732550901
5756	0.4732518398
5757	0.4732476047
5758	0.473243347
5759	0.4732393005
5760	0.4732364242
5761	0.4732334609
5762	0.4732311863
5763	0.4732288616
5764	0.4732242999
5765	0.4732186335
5766	0.4732174736
5767	0.4732152192
5768	0.4732130942
5769	0.4732057517
5770	0.4732023734
5771	0.4731908501
5772	0.4731872099
5773	0.473179644
5774	0.4731758105
5775	0.4731727778
5776	0.4731699042
5777	0.4731664244
5778	0.4731630866
5779	0.4731604588
5780	0.4731567394
5781	0.4731550021
5782	0.4731514658
5783	0.4731466904
5784	0.4731455659
5785	0.4731418147
5786	0.4731365051
5787	0.4731333025
5788	0.4731288318
5789	0.4731246131
5790	0.4731182075
5791	0.4731151657
5792	0.4731113746
5793	0.4731081549
5794	0.4731055998
5795	0.4731051758
5796	0.4731014565
5797	0.4730970706
5798	0.4730932377
5799	0.4730894822
5800	0.4730877204
5801	0.4730810375
5802	0.473076537
5803	0.4730727294
5804	0.4730684475
5805	0.4730659275
5806	0.4730634669
5807	0.473058036
5808	0.4730560035
5809	0.473050996
5810	0.4730452456
5811	0.4730396414
5812	0.4730373273
5813	0.4730288925
5814	0.4730261922
5815	0.4730241213
5816	0.4730218485
5817	0.4730160205
5818	0.4730083989
5819	0.4730063148
5820	0.4730009751
5821	0.4729978181
5822	0.472994405
5823	0.4729936821
5824	0.4729903654
5825	0.472986806
5826	0.4729847038
5827	0.4729831382
5828	0.4729779461
5829	0.4729741376
5830	0.4729725658
5831	0.472969025
5832	0.4729647885
5833	0.4729618187
5834	0.4729572873
5835	0.4729552961
5836	0.4729531772
5837	0.4729528446
5838	0.4729472454
5839	0.4729449971
5840	0.472941015
5841	0.472936823
5842	0.472932227
5843	0.4729284763
5844	0.4729259164
5845	0.4729197979
5846	0.4729194566
5847	0.4729136614
5848	0.4729113732
5849	0.4729085392
5850	0.4729049952
5851	0.4729009271
5852	0.4728976313
5853	0.4728951778
5854	0.4728935399
5855	0.47289165
5856	0.4728878472
5857	0.4728803343
5858	0.4728795831
5859	0.4728757476
5860	0.4728748522
5861	0.4728736095
5862	0.4728665482
5863	0.4728619491
5864	0.4728616769
5865	0.4728581607
5866	0.4728561819
5867	0.4728527798
5868	0.4728491273
5869	0.4728470912
5870	0.4728461756
5871	0.4728437074
5872	0.4728398292
5873	0.4728384069
5874	0.4728349672
5875	0.4728315764
5876	0.4728300739
5877	0.4728256544
5878	0.4728232409
5879	0.4728167189
5880	0.4728160202
5881	0.4728151119
5882	0.4728126397
5883	0.4728073463
5884	0.4728059748
5885	0.4728004822
5886	0.4727987209
5887	0.4727929685
5888	0.4727905513
5889	0.4727874324
5890	0.4727850973
5891	0.4727826627
5892	0.4727783974
5893	0.4727754404
5894	0.4727678333
5895	0.4727662141
5896	0.4727617988
5897	0.4727547976
5898	0.4727519371
5899	0.4727497272
5900	0.4727438314
5901	0.4727404227
5902	0.4727370026
5903	0.4727331162
5904	0.4727311637
5905	0.4727278907
5906	0.4727228765
5907	0.4727196059
5908	0.4727136109
5909	0.4727098644
5910	0.4727069621
5911	0.4727052387
5912	0.4727004003
5913	0.4726951979
5914	0.4726917
5915	0.4726858839
5916	0.4726840503
5917	0.4726791388
5918	0.4726766388
5919	0.4726723351
5920	0.4726682495
5921	0.4726655301
5922	0.4726620203
5923	0.4726608182
5924	0.4726561254
5925	0.4726468974
5926	0.4726444827
5927	0.4726420701
5928	0.4726401326
5929	0.4726371608
5930	0.4726310982
5931	0.4726272182
5932	0.4726230552
5933	0.472617894
5934	0.47261461
5935	0.4726126037
5936	0.4726093098
5937	0.4726069191
5938	0.4726031909
5939	0.4726022901
5940	0.4725956718
5941	0.4725929411
5942	0.4725892795
5943	0.4725867562
5944	0.4725829239
5945	0.4725766513
5946	0.4725717345
5947	0.472569604
5948	0.4725687887
5949	0.4725643772
5950	0.4725627689
5951	0.4725593853
5952	0.4725583077
5953	0.4725539655
5954	0.4725501339
5955	0.4725452709
5956	0.4725431559
5957	0.472540724
5958	0.4725359503
5959	0.4725286809
5960	0.4725261302
5961	0.472522186
5962	0.472518098
5963	0.4725140007
5964	0.4725094742
5965	0.4725046766
5966	0.4725013112
5967	0.4724987063
5968	0.4724884285
5969	0.4724866095
5970	0.4724816207
5971	0.4724775491
5972	0.4724762585
5973	0.4724722835
5974	0.472469616
5975	0.4724653719
5976	0.4724618625
5977	0.4724589241
5978	0.4724529299
5979	0.4724502295
5980	0.4724495004
5981	0.472442233
5982	0.4724389689
5983	0.472434923
5984	0.4724319268
5985	0.4724281964
5986	0.4724233141
5987	0.4724197356
5988	0.4724137394
5989	0.4724093003
5990	0.4724037252
5991	0.4724025068
5992	0.4723977317
5993	0.4723956925
5994	0.4723907138
5995	0.4723880035
5996	0.4723844477
5997	0.4723813316
5998	0.4723748143
5999	0.4723685286
