iter	Passed	Remaining
0	84	508396
1	182	548258
2	305	610686
3	392	588248
4	502	602610
5	582	582128
6	649	555721
7	739	553823
8	834	555680
9	893	535097
10	948	516560
11	1014	506149
12	1081	498171
13	1187	507807
14	1251	499326
15	1335	499310
16	1404	494352
17	1479	491705
18	1567	493458
19	1649	493232
20	1698	483573
21	1777	483078
22	1854	481909
23	1954	486757
24	2029	485098
25	2114	485892
26	2201	487128
27	2270	484241
28	2334	480748
29	2427	483058
30	2513	483967
31	2587	482643
32	2680	484679
33	2768	485773
34	2851	485964
35	2957	490000
36	3062	493540
37	3126	490558
38	3210	490696
39	3295	491093
40	3392	493139
41	3482	494046
42	3562	493501
43	3647	493686
44	3738	494751
45	3829	495650
46	3930	497873
47	4035	500364
48	4130	501680
49	4226	502928
50	4304	502100
51	4375	500483
52	4449	499306
53	4527	498538
54	4630	500491
55	4723	501386
56	4814	501984
57	4897	501753
58	5001	503618
59	5084	503322
60	5166	503007
61	5273	505080
62	5357	504850
63	5450	505554
64	5542	506097
65	5655	508449
66	5786	512433
67	5916	516102
68	6039	519139
69	6127	519067
70	6216	519104
71	6307	519279
72	6401	519744
73	6494	520074
74	6582	520009
75	6666	519650
76	6746	518965
77	6826	518286
78	6886	516118
79	6989	517229
80	7073	516883
81	7181	518296
82	7252	517001
83	7334	516556
84	7393	514502
85	7484	514687
86	7591	515987
87	7671	515388
88	7757	515225
89	7853	515742
90	7944	515887
91	8037	516154
92	8138	516914
93	8246	518142
94	8323	517395
95	8413	517448
96	8488	516557
97	8589	517293
98	8665	516505
99	8754	516497
100	8844	516571
101	8912	515346
102	8996	515069
103	9100	515914
104	9184	515649
105	9271	515510
106	9359	515499
107	9451	515619
108	9536	515417
109	9634	515875
110	9710	515182
111	9789	514647
112	9873	514402
113	9953	513891
114	10047	514145
115	10143	514540
116	10244	515110
117	10361	516499
118	10449	516437
119	10545	516706
120	10592	514678
121	10620	511715
122	10699	511203
123	10799	511766
124	10891	511903
125	10968	511344
126	11014	509377
127	11092	508882
128	11174	508577
129	11279	509334
130	11353	508648
131	11455	509242
132	11522	508309
133	11617	508583
134	11694	508064
135	11784	508120
136	11872	508107
137	11978	508819
138	12051	508163
139	12131	507800
140	12214	507538
141	12301	507473
142	12351	505886
143	12383	503596
144	12483	504058
145	12565	503806
146	12650	503695
147	12743	503888
148	12842	504309
149	12918	503804
150	13000	503571
151	13031	501359
152	13095	500456
153	13169	499919
154	13255	499846
155	13325	499175
156	13403	498825
157	13477	498314
158	13547	497667
159	13607	496687
160	13671	495831
161	13747	495437
162	13852	496040
163	13957	496690
164	14050	496879
165	14127	496504
166	14203	496115
167	14284	495877
168	14351	495180
169	14380	493168
170	14432	491963
171	14520	492024
172	14603	491888
173	14685	491718
174	14766	491509
175	14830	490750
176	14919	490828
177	14985	490149
178	15074	490217
179	15165	490356
180	15245	490119
181	15326	489936
182	15399	489497
183	15490	489631
184	15588	489977
185	15688	490405
186	15767	490136
187	15843	489804
188	15920	489483
189	16012	489649
190	16107	489886
191	16208	490308
192	16293	490242
193	16345	489188
194	16455	489874
195	16525	489364
196	16616	489473
197	16670	488494
198	16737	487920
199	16818	487733
200	16897	487513
201	16994	487780
202	17075	487608
203	17168	487795
204	17261	487962
205	17339	487706
206	17399	486947
207	17489	487020
208	17577	487051
209	17675	487350
210	17706	485799
211	17781	485456
212	17880	485787
213	17966	485774
214	18030	485143
215	18114	485069
216	18211	485325
217	18324	486026
218	18426	486399
219	18506	486203
220	18598	486333
221	18696	486609
222	18774	486370
223	18879	486829
224	18990	487411
225	19108	488194
226	19197	488233
227	19294	488467
228	19371	488183
229	19430	487440
230	19531	487772
231	19620	487808
232	19656	486520
233	19754	486762
234	19822	486281
235	19929	486759
236	20007	486509
237	20087	486311
238	20161	485993
239	20251	486037
240	20338	486025
241	20405	485515
242	20495	485570
243	20557	484958
244	20647	484997
245	20733	484952
246	20831	485194
247	20918	485185
248	21020	485504
249	21094	485182
250	21200	485585
251	21285	485513
252	21348	484938
253	21440	485030
254	21520	484855
255	21599	484633
256	21673	484324
257	21781	484766
258	21891	485246
259	22004	485791
260	22074	485391
261	22173	485616
262	22238	485100
263	22335	485290
264	22422	485254
265	22488	484764
266	22573	484704
267	22632	484068
268	22701	483661
269	22767	483178
270	22851	483078
271	22941	483131
272	23029	483114
273	23115	483069
274	23207	483129
275	23297	483178
276	23359	482615
277	23446	482595
278	23539	482680
279	23638	482908
280	23725	482864
281	23794	482465
282	23888	482579
283	23970	482457
284	24067	482623
285	24116	481824
286	24209	481907
287	24299	481930
288	24328	480764
289	24410	480632
290	24493	480527
291	24571	480328
292	24651	480152
293	24733	480024
294	24812	479838
295	24901	479851
296	24962	479333
297	25049	479296
298	25083	478263
299	25165	478151
300	25254	478154
301	25346	478224
302	25410	477776
303	25476	477343
304	25556	477202
305	25654	477376
306	25758	477663
307	25857	477863
308	25902	477059
309	25986	476985
310	26062	476744
311	26143	476615
312	26232	476624
313	26333	476850
314	26435	477092
315	26535	477301
316	26626	477347
317	26644	476078
318	26722	475891
319	26802	475748
320	26845	474931
321	26939	475030
322	27031	475098
323	27111	474957
324	27197	474904
325	27274	474716
326	27370	474844
327	27451	474708
328	27522	474399
329	27615	474489
330	27694	474326
331	27780	474278
332	27847	473917
333	27912	473509
334	28006	473604
335	28085	473446
336	28150	473041
337	28166	471837
338	28208	471060
339	28304	471182
340	28389	471126
341	28461	470863
342	28541	470720
343	28612	470450
344	28660	469779
345	28725	469400
346	28744	468272
347	28768	467237
348	28855	467219
349	28985	467912
350	29073	467909
351	29160	467896
352	29252	467959
353	29321	467655
354	29431	468005
355	29524	468080
356	29613	468085
357	29696	468010
358	29790	468094
359	29872	467998
360	29932	467562
361	30013	467450
362	30097	467385
363	30179	467280
364	30230	466713
365	30325	466807
366	30411	466773
367	30478	466458
368	30571	466528
369	30601	465633
370	30681	465518
371	30764	465441
372	30859	465542
373	30935	465350
374	31017	465256
375	31029	464129
376	31110	464014
377	31218	464312
378	31296	464161
379	31393	464289
380	31475	464206
381	31567	464260
382	31668	464443
383	31772	464671
384	31809	463927
385	31904	464018
386	31995	464065
387	32108	464421
388	32228	464862
389	32321	464935
390	32381	464523
391	32465	464461
392	32486	463488
393	32575	463502
394	32658	463422
395	32763	463653
396	32870	463915
397	32902	463110
398	33006	463330
399	33095	463342
400	33187	463385
401	33270	463305
402	33376	463539
403	33498	464009
404	33604	464233
405	33723	464659
406	33834	464948
407	33954	465370
408	34067	465696
409	34173	465927
410	34274	466079
411	34369	466153
412	34446	465983
413	34601	466869
414	34713	467170
415	34817	467354
416	34855	466667
417	34948	466701
418	35028	466574
419	35112	466498
420	35193	466374
421	35273	466244
422	35367	466305
423	35462	466364
424	35559	466462
425	35611	465962
426	35749	466587
427	35832	466490
428	35948	466832
429	36050	466984
430	36101	466467
431	36138	465790
432	36226	465755
433	36307	465639
434	36386	465501
435	36477	465507
436	36571	465554
437	36640	465285
438	36729	465265
439	36804	465074
440	36879	464879
441	36975	464950
442	36991	464019
443	37078	463986
444	37112	463282
445	37182	463026
446	37281	463137
447	37378	463229
448	37473	463280
449	37571	463375
450	37665	463424
451	37685	462565
452	37786	462693
453	37817	461970
454	37865	461461
455	37969	461626
456	38041	461405
457	38115	461219
458	38196	461099
459	38228	460401
460	38310	460311
461	38403	460338
462	38449	459817
463	38536	459781
464	38605	459529
465	38700	459589
466	38793	459621
467	38845	459173
468	38934	459164
469	39056	459531
470	39108	459091
471	39222	459363
472	39323	459494
473	39365	458934
474	39463	459025
475	39487	458250
476	39575	458234
477	39597	457442
478	39713	457737
479	39827	458018
480	39923	458088
481	40015	458101
482	40093	457966
483	40166	457769
484	40244	457620
485	40275	456952
486	40350	456778
487	40426	456622
488	40519	456656
489	40603	456577
490	40690	456540
491	40768	456413
492	40787	455612
493	40869	455521
494	40944	455348
495	41047	455491
496	41141	455537
497	41229	455514
498	41303	455334
499	41373	455112
500	41477	455257
501	41563	455207
502	41647	455140
503	41717	454923
504	41803	454872
505	41904	454986
506	41993	454975
507	42039	454486
508	42061	453756
509	42153	453770
510	42265	454005
511	42361	454058
512	42438	453923
513	42524	453871
514	42580	453507
515	42677	453573
516	42772	453617
517	42867	453663
518	42954	453626
519	43030	453479
520	43097	453226
521	43186	453214
522	43278	453219
523	43359	453119
524	43474	453379
525	43541	453125
526	43624	453053
527	43698	452871
528	43778	452767
529	43861	452685
530	43936	452522
531	44026	452512
532	44080	452135
533	44172	452145
534	44245	451965
535	44360	452216
536	44460	452307
537	44576	452559
538	44665	452539
539	44755	452525
540	44859	452653
541	44932	452478
542	45007	452317
543	45077	452099
544	45179	452207
545	45282	452327
546	45367	452262
547	45461	452287
548	45534	452111
549	45624	452101
550	45685	451796
551	45776	451790
552	45863	451749
553	45954	451749
554	46045	451740
555	46137	451746
556	46224	451701
557	46323	451777
558	46390	451542
559	46485	451577
560	46594	451746
561	46675	451635
562	46756	451534
563	46828	451343
564	46901	451164
565	46993	451168
566	47063	450963
567	47149	450906
568	47243	450931
569	47347	451047
570	47389	450574
571	47464	450419
572	47527	450139
573	47634	450286
574	47703	450069
575	47817	450280
576	47910	450296
577	47992	450199
578	48094	450296
579	48177	450206
580	48262	450145
581	48317	449797
582	48396	449684
583	48492	449715
584	48568	449569
585	48652	449495
586	48747	449522
587	48814	449293
588	48920	449418
589	48981	449133
590	49060	449013
591	49152	449016
592	49245	449024
593	49326	448918
594	49394	448703
595	49483	448676
596	49553	448468
597	49638	448402
598	49725	448359
599	49809	448281
600	49887	448153
601	49963	448014
602	50038	447858
603	50163	448148
604	50292	448478
605	50392	448545
606	50477	448477
607	50581	448580
608	50661	448467
609	50753	448457
610	50867	448651
611	50961	448665
612	51050	448630
613	51157	448756
614	51274	448961
615	51359	448899
616	51444	448822
617	51527	448743
618	51614	448683
619	51692	448560
620	51773	448451
621	51847	448292
622	51934	448234
623	52030	448258
624	52089	447971
625	52207	448180
626	52268	447906
627	52367	447958
628	52463	447979
629	52557	447986
630	52642	447920
631	52709	447700
632	52823	447872
633	52914	447850
634	53019	447950
635	53097	447820
636	53168	447637
637	53259	447614
638	53356	447643
639	53429	447469
640	53521	447459
641	53621	447511
642	53716	447526
643	53837	447750
644	53946	447881
645	54046	447935
646	54153	448046
647	54267	448205
648	54390	448449
649	54510	448663
650	54585	448510
651	54671	448438
652	54788	448627
653	54899	448767
654	54986	448705
655	55088	448767
656	55169	448657
657	55248	448533
658	55338	448503
659	55417	448380
660	55520	448446
661	55609	448407
662	55691	448302
663	55814	448533
664	55920	448624
665	56033	448770
666	56158	449017
667	56247	448969
668	56319	448790
669	56424	448868
670	56531	448963
671	56632	449017
672	56759	449270
673	56866	449361
674	56963	449380
675	57060	449390
676	57168	449493
677	57257	449446
678	57336	449316
679	57456	449514
680	57582	449754
681	57684	449802
682	57838	450256
683	57920	450152
684	57998	450013
685	58093	450009
686	58176	449916
687	58233	449614
688	58341	449711
689	58463	449912
690	58580	450078
691	58692	450205
692	58800	450293
693	58910	450402
694	59030	450584
695	59132	450631
696	59237	450699
697	59342	450761
698	59456	450898
699	59571	451044
700	59666	451034
701	59753	450959
702	59857	451013
703	59957	451045
704	60076	451215
705	60151	451052
706	60234	450945
707	60341	451024
708	60464	451221
709	60597	451490
710	60683	451416
711	60781	451421
712	60892	451527
713	60977	451438
714	61072	451422
715	61160	451361
716	61255	451345
717	61355	451364
718	61438	451261
719	61533	451249
720	61635	451281
721	61745	451375
722	61852	451446
723	61937	451359
724	62041	451403
725	62154	451521
726	62257	451561
727	62366	451643
728	62411	451264
729	62514	451301
730	62611	451301
731	62733	451475
732	62831	451477
733	62909	451335
734	63003	451312
735	63092	451245
736	63181	451182
737	63273	451148
738	63382	451221
739	63464	451112
740	63548	451010
741	63645	451007
742	63712	450791
743	63847	451050
744	63950	451089
745	64026	450929
746	64100	450760
747	64189	450698
748	64312	450872
749	64383	450681
750	64466	450579
751	64579	450682
752	64673	450655
753	64776	450684
754	64872	450670
755	64992	450818
756	65086	450789
757	65162	450633
758	65267	450683
759	65390	450849
760	65521	451072
761	65634	451169
762	65729	451145
763	65847	451278
764	65983	451531
765	66088	451574
766	66191	451602
767	66288	451592
768	66419	451807
769	66514	451781
770	66607	451737
771	66724	451856
772	66830	451908
773	66909	451766
774	67011	451789
775	67097	451698
776	67174	451548
777	67253	451411
778	67349	451391
779	67462	451483
780	67527	451250
781	67627	451252
782	67723	451229
783	67820	451211
784	67904	451108
785	68013	451176
786	68098	451074
787	68186	451000
788	68257	450809
789	68357	450815
790	68454	450794
791	68551	450778
792	68637	450690
793	68736	450684
794	68821	450588
795	68909	450511
796	68985	450354
797	69085	450356
798	69185	450354
799	69296	450430
800	69385	450357
801	69467	450241
802	69508	449857
803	69603	449825
804	69700	449806
805	69780	449679
806	69869	449608
807	69955	449515
808	70054	449506
809	70146	449456
810	70250	449481
811	70332	449364
812	70417	449266
813	70502	449172
814	70579	449021
815	70667	448943
816	70761	448906
817	70850	448836
818	70963	448914
819	71085	449053
820	71179	449011
821	71283	449034
822	71363	448904
823	71454	448844
824	71511	448573
825	71604	448525
826	71690	448435
827	71748	448168
828	71844	448140
829	71919	447981
830	72017	447962
831	72112	447929
832	72202	447866
833	72322	447982
834	72400	447840
835	72485	447745
836	72581	447713
837	72669	447636
838	72768	447625
839	72859	447566
840	72951	447509
841	73037	447420
842	73105	447219
843	73198	447168
844	73299	447169
845	73382	447061
846	73445	446828
847	73537	446772
848	73622	446677
849	73735	446749
850	73829	446710
851	73904	446548
852	73997	446502
853	74092	446461
854	74172	446337
855	74256	446235
856	74350	446190
857	74436	446100
858	74517	445974
859	74634	446069
860	74739	446094
861	74824	445997
862	74892	445794
863	74977	445697
864	75063	445605
865	75143	445478
866	75226	445374
867	75324	445350
868	75416	445298
869	75519	445305
870	75600	445183
871	75680	445056
872	75766	444966
873	75866	444954
874	75963	444926
875	76062	444912
876	76132	444726
877	76213	444606
878	76304	444543
879	76396	444489
880	76449	444207
881	76539	444138
882	76642	444141
883	76751	444188
884	76806	443917
885	76889	443807
886	76995	443830
887	77077	443715
888	77174	443687
889	77256	443572
890	77345	443501
891	77442	443470
892	77540	443449
893	77651	443496
894	77737	443409
895	77820	443301
896	77905	443201
897	78006	443196
898	78124	443285
899	78233	443324
900	78289	443058
901	78391	443061
902	78471	442934
903	78571	442921
904	78692	443026
905	78785	442974
906	78869	442867
907	78957	442789
908	79037	442664
909	79112	442507
910	79201	442435
911	79299	442407
912	79395	442369
913	79480	442276
914	79564	442170
915	79664	442155
916	79763	442135
917	79853	442062
918	79943	441996
919	80041	441968
920	80118	441825
921	80191	441662
922	80277	441568
923	80354	441425
924	80474	441523
925	80566	441465
926	80652	441368
927	80709	441119
928	80803	441069
929	80901	441043
930	80997	441005
931	81086	440929
932	81160	440772
933	81261	440761
934	81362	440751
935	81444	440637
936	81557	440689
937	81643	440596
938	81727	440492
939	81821	440442
940	81913	440381
941	81997	440279
942	82086	440205
943	82176	440133
944	82249	439967
945	82339	439900
946	82452	439950
947	82537	439850
948	82617	439729
949	82690	439562
950	82774	439460
951	82863	439385
952	82955	439322
953	83048	439270
954	83141	439211
955	83239	439182
956	83316	439045
957	83391	438895
958	83478	438806
959	83575	438771
960	83668	438714
961	83775	438734
962	83878	438727
963	83968	438655
964	84054	438566
965	84177	438664
966	84265	438579
967	84363	438550
968	84465	438538
969	84558	438482
970	84633	438334
971	84724	438267
972	84809	438165
973	84913	438169
974	85000	438079
975	85091	438009
976	85169	437876
977	85264	437833
978	85356	437765
979	85462	437776
980	85555	437721
981	85654	437692
982	85741	437601
983	85827	437509
984	85922	437464
985	86039	437526
986	86117	437395
987	86186	437215
988	86271	437114
989	86356	437015
990	86447	436947
991	86519	436784
992	86607	436698
993	86691	436597
994	86782	436528
995	86914	436668
996	87005	436596
997	87083	436466
998	87172	436383
999	87255	436278
1000	87335	436151
1001	87418	436046
1002	87510	435979
1003	87583	435822
1004	87676	435765
1005	87775	435736
1006	87873	435703
1007	87957	435598
1008	88047	435527
1009	88148	435506
1010	88229	435385
1011	88323	435335
1012	88419	435291
1013	88514	435240
1014	88599	435142
1015	88683	435035
1016	88751	434857
1017	88837	434762
1018	88950	434800
1019	89053	434791
1020	89143	434714
1021	89230	434629
1022	89329	434598
1023	89408	434470
1024	89501	434408
1025	89583	434297
1026	89686	434285
1027	89802	434336
1028	89880	434203
1029	89968	434120
1030	90067	434090
1031	90167	434064
1032	90251	433959
1033	90342	433886
1034	90439	433845
1035	90516	433709
1036	90594	433576
1037	90676	433464
1038	90805	433575
1039	90909	433569
1040	90988	433441
1041	91076	433354
1042	91167	433287
1043	91292	433376
1044	91428	433518
1045	91559	433638
1046	91722	433908
1047	91857	434042
1048	91954	433999
1049	92067	434032
1050	92161	433974
1051	92273	434001
1052	92377	433990
1053	92472	433936
1054	92563	433861
1055	92669	433862
1056	92814	434042
1057	92980	434316
1058	93101	434387
1059	93227	434475
1060	93363	434610
1061	93486	434687
1062	93614	434782
1063	93718	434769
1064	93811	434703
1065	93922	434724
1066	94037	434759
1067	94108	434590
1068	94183	434443
1069	94286	434424
1070	94407	434486
1071	94510	434465
1072	94638	434559
1073	94762	434635
1074	94893	434746
1075	94983	434666
1076	95060	434525
1077	95159	434486
1078	95229	434312
1079	95312	434201
1080	95379	434014
1081	95474	433960
1082	95543	433781
1083	95648	433772
1084	95744	433717
1085	95836	433645
1086	95933	433600
1087	96038	433586
1088	96143	433574
1089	96244	433541
1090	96319	433393
1091	96418	433353
1092	96512	433289
1093	96598	433191
1094	96669	433025
1095	96758	432942
1096	96841	432829
1097	96935	432765
1098	97036	432734
1099	97153	432772
1100	97235	432658
1101	97330	432599
1102	97426	432545
1103	97525	432505
1104	97632	432498
1105	97731	432458
1106	97816	432356
1107	97900	432247
1108	97985	432141
1109	98078	432075
1110	98175	432026
1111	98259	431917
1112	98355	431863
1113	98454	431822
1114	98540	431723
1115	98636	431666
1116	98723	431571
1117	98829	431561
1118	98929	431522
1119	99018	431438
1120	99102	431329
1121	99184	431211
1122	99298	431235
1123	99401	431209
1124	99484	431099
1125	99573	431015
1126	99678	430994
1127	99791	431015
1128	99870	430883
1129	99952	430769
1130	100037	430664
1131	100156	430709
1132	100279	430770
1133	100378	430724
1134	100494	430753
1135	100578	430645
1136	100683	430626
1137	100778	430567
1138	100886	430560
1139	100988	430530
1140	101124	430645
1141	101236	430654
1142	101352	430683
1143	101473	430728
1144	101587	430748
1145	101679	430672
1146	101765	430572
1147	101898	430673
1148	102002	430646
1149	102141	430771
1150	102281	430898
1151	102411	430980
1152	102536	431044
1153	102680	431188
1154	102791	431190
1155	102918	431261
1156	103018	431217
1157	103126	431207
1158	103256	431290
1159	103407	431457
1160	103543	431566
1161	103674	431649
1162	103763	431560
1163	103861	431507
1164	103962	431468
1165	104077	431482
1166	104178	431444
1167	104278	431400
1168	104408	431478
1169	104534	431539
1170	104704	431781
1171	104827	431830
1172	104944	431855
1173	105056	431860
1174	105167	431860
1175	105302	431955
1176	105397	431889
1177	105479	431766
1178	105587	431752
1179	105712	431807
1180	105814	431770
1181	105926	431772
1182	106020	431700
1183	106142	431741
1184	106246	431709
1185	106358	431710
1186	106456	431654
1187	106583	431718
1188	106692	431705
1189	106835	431831
1190	106963	431895
1191	107061	431836
1192	107164	431800
1193	107282	431825
1194	107366	431711
1195	107453	431611
1196	107567	431618
1197	107668	431571
1198	107805	431671
1199	107911	431646
1200	108016	431616
1201	108137	431649
1202	108278	431765
1203	108378	431715
1204	108481	431674
1205	108592	431669
1206	108714	431705
1207	108833	431729
1208	108941	431712
1209	109033	431629
1210	109124	431542
1211	109217	431463
1212	109310	431382
1213	109410	431331
1214	109511	431287
1215	109602	431197
1216	109736	431281
1217	109833	431217
1218	109897	431027
1219	109983	430919
1220	110073	430829
1221	110175	430785
1222	110292	430800
1223	110381	430702
1224	110480	430647
1225	110576	430582
1226	110684	430559
1227	110777	430480
1228	110841	430290
1229	110967	430336
1230	111073	430307
1231	111157	430194
1232	111250	430113
1233	111329	429981
1234	111413	429866
1235	111489	429721
1236	111590	429674
1237	111706	429680
1238	111817	429672
1239	111922	429639
1240	112034	429632
1241	112131	429566
1242	112231	429513
1243	112302	429350
1244	112395	429268
1245	112520	429310
1246	112617	429245
1247	112717	429194
1248	112839	429224
1249	112945	429193
1250	113057	429184
1251	113143	429076
1252	113228	428966
1253	113310	428844
1254	113433	428879
1255	113535	428831
1256	113643	428806
1257	113750	428779
1258	113848	428718
1259	113947	428657
1260	114042	428586
1261	114131	428489
1262	114210	428358
1263	114328	428370
1264	114424	428300
1265	114508	428186
1266	114596	428084
1267	114732	428167
1268	114842	428148
1269	114963	428169
1270	115080	428179
1271	115188	428153
1272	115300	428143
1273	115397	428074
1274	115501	428034
1275	115593	427951
1276	115696	427905
1277	115864	428099
1278	115984	428118
1279	116091	428089
1280	116198	428057
1281	116282	427940
1282	116368	427834
1283	116450	427712
1284	116545	427636
1285	116636	427545
1286	116748	427534
1287	116862	427529
1288	116932	427362
1289	117039	427331
1290	117107	427156
1291	117194	427054
1292	117292	426988
1293	117393	426933
1294	117499	426900
1295	117588	426801
1296	117682	426724
1297	117792	426702
1298	117872	426573
1299	117962	426479
1300	118061	426418
1301	118160	426356
1302	118266	426322
1303	118363	426254
1304	118456	426172
1305	118545	426072
1306	118652	426039
1307	118726	425889
1308	118818	425803
1309	118900	425683
1310	118984	425568
1311	119070	425458
1312	119185	425456
1313	119273	425352
1314	119356	425235
1315	119436	425107
1316	119547	425086
1317	119657	425066
1318	119773	425064
1319	119867	424983
1320	119947	424854
1321	120049	424806
1322	120139	424712
1323	120253	424702
1324	120365	424685
1325	120464	424623
1326	120545	424497
1327	120645	424439
1328	120743	424374
1329	120830	424268
1330	120917	424166
1331	121023	424126
1332	121118	424050
1333	121223	424009
1334	121331	423976
1335	121415	423864
1336	121510	423786
1337	121602	423701
1338	121690	423600
1339	121788	423533
1340	121899	423512
1341	121979	423382
1342	122078	423321
1343	122183	423276
1344	122268	423166
1345	122372	423122
1346	122442	422960
1347	122543	422903
1348	122642	422840
1349	122727	422729
1350	122831	422681
1351	122931	422623
1352	123043	422603
1353	123149	422565
1354	123244	422487
1355	123334	422391
1356	123428	422314
1357	123527	422250
1358	123606	422117
1359	123694	422017
1360	123784	421923
1361	123873	421824
1362	123978	421781
1363	124057	421649
1364	124159	421597
1365	124237	421463
1366	124344	421424
1367	124442	421359
1368	124536	421278
1369	124643	421240
1370	124727	421126
1371	124816	421027
1372	124903	420924
1373	125018	420915
1374	125101	420794
1375	125196	420717
1376	125308	420696
1377	125402	420617
1378	125500	420548
1379	125588	420449
1380	125687	420382
1381	125812	420407
1382	125899	420303
1383	125988	420206
1384	126082	420122
1385	126172	420027
1386	126271	419963
1387	126390	419967
1388	126496	419925
1389	126572	419783
1390	126675	419733
1391	126791	419724
1392	126899	419688
1393	127001	419632
1394	127108	419593
1395	127204	419520
1396	127298	419438
1397	127399	419380
1398	127483	419266
1399	127593	419234
1400	127686	419150
1401	127786	419089
1402	127882	419012
1403	127985	418962
1404	128063	418828
1405	128158	418747
1406	128241	418631
1407	128330	418532
1408	128447	418526
1409	128557	418495
1410	128653	418420
1411	128758	418373
1412	128857	418308
1413	128955	418237
1414	129043	418138
1415	129126	418018
1416	129238	417994
1417	129326	417895
1418	129427	417833
1419	129518	417743
1420	129622	417692
1421	129722	417630
1422	129798	417489
1423	129897	417423
1424	129979	417302
1425	130065	417193
1426	130144	417065
1427	130240	416987
1428	130332	416901
1429	130443	416870
1430	130523	416745
1431	130623	416683
1432	130732	416647
1433	130817	416535
1434	130917	416471
1435	130996	416343
1436	131107	416314
1437	131210	416261
1438	131315	416213
1439	131417	416156
1440	131511	416073
1441	131607	415996
1442	131731	416009
1443	131839	415970
1444	131918	415841
1445	132004	415730
1446	132096	415642
1447	132192	415567
1448	132284	415478
1449	132384	415414
1450	132521	415463
1451	132627	415420
1452	132726	415354
1453	132813	415248
1454	132912	415178
1455	133002	415083
1456	133098	415009
1457	133175	414871
1458	133279	414818
1459	133369	414723
1460	133497	414746
1461	133619	414749
1462	133714	414669
1463	133785	414516
1464	133875	414420
1465	133968	414333
1466	134064	414256
1467	134153	414156
1468	134258	414107
1469	134358	414043
1470	134441	413925
1471	134526	413816
1472	134635	413778
1473	134736	413716
1474	134843	413673
1475	134965	413675
1476	135062	413600
1477	135161	413531
1478	135274	413505
1479	135408	413544
1480	135504	413468
1481	135618	413444
1482	135733	413424
1483	135837	413372
1484	135934	413294
1485	136049	413274
1486	136167	413265
1487	136300	413296
1488	136436	413342
1489	136552	413322
1490	136666	413298
1491	136789	413303
1492	136900	413267
1493	137036	413312
1494	137154	413299
1495	137264	413262
1496	137397	413294
1497	137505	413251
1498	137610	413198
1499	137734	413202
1500	137897	413324
1501	138015	413310
1502	138139	413316
1503	138241	413255
1504	138347	413205
1505	138473	413213
1506	138584	413178
1507	138699	413156
1508	138813	413127
1509	138932	413116
1510	139028	413037
1511	139140	413004
1512	139263	413002
1513	139372	412963
1514	139472	412893
1515	139567	412810
1516	139689	412807
1517	139776	412699
1518	139923	412769
1519	140023	412700
1520	140123	412632
1521	140222	412559
1522	140328	412507
1523	140424	412427
1524	140512	412324
1525	140618	412271
1526	140735	412253
1527	140835	412184
1528	140932	412106
1529	141021	412004
1530	141117	411922
1531	141232	411897
1532	141340	411849
1533	141457	411831
1534	141566	411787
1535	141656	411689
1536	141761	411633
1537	141869	411587
1538	141988	411574
1539	142088	411502
1540	142193	411447
1541	142292	411373
1542	142407	411347
1543	142509	411283
1544	142616	411234
1545	142725	411189
1546	142836	411152
1547	142936	411081
1548	143028	410987
1549	143109	410861
1550	143204	410777
1551	143293	410677
1552	143389	410595
1553	143508	410579
1554	143611	410516
1555	143722	410476
1556	143841	410462
1557	143967	410463
1558	144108	410511
1559	144210	410446
1560	144325	410416
1561	144428	410355
1562	144534	410299
1563	144654	410286
1564	144750	410203
1565	144866	410177
1566	144987	410166
1567	145104	410142
1568	145215	410103
1569	145322	410048
1570	145469	410110
1571	145583	410078
1572	145708	410077
1573	145811	410013
1574	145884	409865
1575	145987	409802
1576	146108	409789
1577	146213	409731
1578	146335	409720
1579	146443	409670
1580	146542	409597
1581	146651	409548
1582	146751	409475
1583	146840	409374
1584	146941	409304
1585	147047	409247
1586	147168	409233
1587	147275	409181
1588	147373	409101
1589	147483	409058
1590	147581	408979
1591	147699	408957
1592	147777	408821
1593	147886	408774
1594	147971	408662
1595	148099	408664
1596	148194	408578
1597	148292	408500
1598	148387	408413
1599	148495	408361
1600	148582	408253
1601	148688	408197
1602	148772	408080
1603	148886	408045
1604	148980	407955
1605	149071	407859
1606	149187	407829
1607	149261	407683
1608	149360	407609
1609	149469	407559
1610	149572	407495
1611	149658	407383
1612	149770	407342
1613	149877	407288
1614	149980	407221
1615	150059	407092
1616	150155	407006
1617	150256	406938
1618	150348	406841
1619	150442	406752
1620	150526	406636
1621	150616	406535
1622	150730	406499
1623	150838	406446
1624	150931	406353
1625	151012	406229
1626	151123	406184
1627	151239	406154
1628	151343	406090
1629	151440	406010
1630	151581	406044
1631	151686	405984
1632	151784	405905
1633	151880	405821
1634	151963	405701
1635	152065	405632
1636	152167	405563
1637	152265	405484
1638	152406	405517
1639	152521	405485
1640	152605	405367
1641	152723	405341
1642	152841	405314
1643	152956	405279
1644	153062	405220
1645	153156	405129
1646	153265	405080
1647	153372	405022
1648	153454	404900
1649	153536	404778
1650	153649	404738
1651	153743	404646
1652	153837	404555
1653	153921	404438
1654	154038	404408
1655	154155	404377
1656	154273	404349
1657	154401	404349
1658	154534	404361
1659	154651	404329
1660	154745	404238
1661	154844	404161
1662	154937	404066
1663	155050	404024
1664	155161	403979
1665	155272	403931
1666	155380	403876
1667	155557	404001
1668	155655	403921
1669	155769	403881
1670	155884	403844
1671	155981	403759
1672	156068	403650
1673	156181	403609
1674	156255	403465
1675	156393	403487
1676	156494	403414
1677	156610	403378
1678	156721	403331
1679	156834	403288
1680	156927	403195
1681	157017	403093
1682	157126	403040
1683	157218	402943
1684	157318	402865
1685	157403	402751
1686	157492	402646
1687	157572	402520
1688	157692	402493
1689	157811	402465
1690	157934	402448
1691	158051	402414
1692	158200	402461
1693	158295	402374
1694	158392	402289
1695	158499	402230
1696	158595	402143
1697	158696	402067
1698	158822	402057
1699	158914	401961
1700	159011	401876
1701	159109	401794
1702	159228	401763
1703	159340	401716
1704	159435	401628
1705	159541	401566
1706	159634	401471
1707	159718	401352
1708	159817	401272
1709	159920	401204
1710	160007	401093
1711	160103	401008
1712	160208	400943
1713	160316	400883
1714	160428	400838
1715	160541	400793
1716	160648	400732
1717	160775	400722
1718	160881	400658
1719	160964	400539
1720	161052	400431
1721	161131	400302
1722	161213	400179
1723	161316	400109
1724	161405	400004
1725	161497	399907
1726	161610	399862
1727	161737	399850
1728	161839	399778
1729	161949	399725
1730	162054	399660
1731	162148	399566
1732	162235	399457
1733	162319	399339
1734	162427	399281
1735	162524	399196
1736	162620	399109
1737	162741	399081
1738	162837	398993
1739	162949	398945
1740	163062	398899
1741	163153	398799
1742	163267	398755
1743	163362	398664
1744	163453	398564
1745	163539	398452
1746	163650	398400
1747	163733	398281
1748	163826	398185
1749	163913	398076
1750	164017	398007
1751	164114	397921
1752	164213	397841
1753	164291	397709
1754	164380	397603
1755	164469	397500
1756	164584	397455
1757	164689	397390
1758	164805	397351
1759	164908	397279
1760	165001	397183
1761	165096	397094
1762	165196	397015
1763	165317	396987
1764	165443	396971
1765	165551	396912
1766	165658	396849
1767	165783	396831
1768	165885	396756
1769	165997	396707
1770	166087	396603
1771	166222	396608
1772	166317	396517
1773	166438	396488
1774	166547	396430
1775	166630	396311
1776	166720	396206
1777	166831	396153
1778	166952	396126
1779	167060	396064
1780	167168	396003
1781	167276	395945
1782	167377	395866
1783	167489	395816
1784	167596	395752
1785	167737	395771
1786	167863	395752
1787	167976	395702
1788	168076	395622
1789	168170	395529
1790	168268	395445
1791	168372	395374
1792	168479	395311
1793	168575	395223
1794	168665	395118
1795	168753	395011
1796	168841	394902
1797	168935	394809
1798	169026	394709
1799	169152	394689
1800	169242	394585
1801	169344	394511
1802	169461	394471
1803	169572	394414
1804	169674	394340
1805	169779	394272
1806	169866	394161
1807	169954	394053
1808	170036	393932
1809	170115	393803
1810	170214	393720
1811	170302	393612
1812	170393	393512
1813	170493	393432
1814	170586	393336
1815	170711	393312
1816	170801	393209
1817	170891	393106
1818	170987	393016
1819	171094	392954
1820	171192	392868
1821	171263	392721
1822	171357	392627
1823	171439	392505
1824	171541	392429
1825	171631	392327
1826	171711	392202
1827	171815	392130
1828	171914	392048
1829	172000	391935
1830	172076	391800
1831	172168	391701
1832	172245	391570
1833	172326	391446
1834	172426	391365
1835	172521	391273
1836	172603	391152
1837	172686	391034
1838	172790	390963
1839	172874	390846
1840	172963	390740
1841	173069	390675
1842	173136	390520
1843	173224	390411
1844	173296	390268
1845	173381	390154
1846	173497	390109
1847	173607	390052
1848	173716	389993
1849	173806	389890
1850	173905	389807
1851	174013	389745
1852	174117	389672
1853	174224	389608
1854	174329	389538
1855	174453	389513
1856	174574	389478
1857	174693	389440
1858	174803	389381
1859	174916	389330
1860	175014	389245
1861	175122	389181
1862	175210	389073
1863	175313	389001
1864	175415	388923
1865	175532	388881
1866	175643	388823
1867	175760	388781
1868	175872	388725
1869	175967	388633
1870	176069	388556
1871	176170	388479
1872	176262	388379
1873	176368	388311
1874	176503	388307
1875	176587	388191
1876	176707	388152
1877	176811	388080
1878	176903	387983
1879	177004	387904
1880	177089	387789
1881	177195	387720
1882	177282	387611
1883	177374	387512
1884	177456	387391
1885	177533	387259
1886	177619	387148
1887	177702	387029
1888	177815	386976
1889	177883	386826
1890	177972	386720
1891	178059	386610
1892	178140	386488
1893	178245	386417
1894	178364	386378
1895	178491	386354
1896	178601	386295
1897	178709	386231
1898	178789	386107
1899	178863	385968
1900	178957	385873
1901	179037	385748
1902	179140	385675
1903	179237	385585
1904	179325	385479
1905	179407	385358
1906	179516	385297
1907	179619	385221
1908	179723	385148
1909	179830	385082
1910	179925	384990
1911	180069	385002
1912	180170	384923
1913	180253	384804
1914	180338	384690
1915	180421	384572
1916	180522	384492
1917	180616	384398
1918	180703	384289
1919	180791	384182
1920	180902	384123
1921	180988	384012
1922	181081	383914
1923	181161	383790
1924	181246	383677
1925	181330	383562
1926	181415	383448
1927	181501	383336
1928	181593	383238
1929	181690	383151
1930	181777	383042
1931	181863	382929
1932	181965	382851
1933	182043	382725
1934	182137	382630
1935	182222	382517
1936	182319	382428
1937	182414	382337
1938	182499	382222
1939	182600	382143
1940	182692	382043
1941	182787	381951
1942	182877	381850
1943	182958	381728
1944	183044	381617
1945	183159	381567
1946	183243	381452
1947	183335	381352
1948	183416	381232
1949	183515	381147
1950	183590	381014
1951	183682	380914
1952	183770	380809
1953	183851	380686
1954	183938	380579
1955	184012	380442
1956	184077	380289
1957	184176	380205
1958	184255	380079
1959	184367	380021
1960	184481	379969
1961	184569	379863
1962	184664	379771
1963	184759	379679
1964	184832	379542
1965	184943	379481
1966	185047	379409
1967	185146	379323
1968	185286	379325
1969	185427	379326
1970	185541	379272
1971	185669	379247
1972	185778	379183
1973	185852	379047
1974	185955	378972
1975	186051	378881
1976	186157	378813
1977	186253	378722
1978	186373	378680
1979	186525	378703
1980	186607	378584
1981	186733	378554
1982	186843	378493
1983	186988	378501
1984	187097	378436
1985	187186	378331
1986	187272	378220
1987	187364	378121
1988	187462	378034
1989	187569	377967
1990	187670	377885
1991	187780	377823
1992	187877	377733
1993	187966	377629
1994	188087	377588
1995	188173	377478
1996	188305	377459
1997	188435	377436
1998	188552	377387
1999	188683	377366
2000	188818	377354
2001	188917	377268
2002	188999	377149
2003	189083	377035
2004	189184	376954
2005	189306	376913
2006	189386	376790
2007	189484	376705
2008	189615	376683
2009	189751	376670
2010	189829	376543
2011	189904	376411
2012	189984	376288
2013	190090	376216
2014	190187	376126
2015	190261	375993
2016	190345	375879
2017	190447	375799
2018	190544	375708
2019	190632	375601
2020	190731	375517
2021	190825	375422
2022	190924	375337
2023	191014	375234
2024	191094	375111
2025	191191	375022
2026	191275	374907
2027	191377	374828
2028	191471	374732
2029	191558	374624
2030	191639	374503
2031	191735	374412
2032	191857	374372
2033	192013	374398
2034	192111	374310
2035	192190	374186
2036	192292	374106
2037	192387	374013
2038	192493	373941
2039	192593	373857
2040	192709	373804
2041	192814	373731
2042	192907	373633
2043	193007	373550
2044	193106	373465
2045	193202	373373
2046	193293	373272
2047	193382	373168
2048	193474	373067
2049	193585	373006
2050	193679	372910
2051	193755	372781
2052	193870	372725
2053	193946	372596
2054	194057	372533
2055	194154	372444
2056	194254	372361
2057	194345	372259
2058	194426	372139
2059	194521	372045
2060	194595	371911
2061	194704	371845
2062	194801	371756
2063	194907	371684
2064	194998	371582
2065	195083	371470
2066	195165	371353
2067	195273	371283
2068	195364	371182
2069	195463	371097
2070	195557	371001
2071	195635	370877
2072	195747	370815
2073	195856	370747
2074	195982	370714
2075	196071	370608
2076	196165	370514
2077	196259	370417
2078	196350	370317
2079	196456	370244
2080	196560	370169
2081	196646	370057
2082	196733	369948
2083	196833	369865
2084	196919	369755
2085	197009	369652
2086	197091	369534
2087	197185	369439
2088	197281	369347
2089	197385	369271
2090	197499	369213
2091	197597	369125
2092	197696	369039
2093	197785	368935
2094	197902	368882
2095	197990	368776
2096	198092	368695
2097	198194	368614
2098	198291	368526
2099	198387	368433
2100	198470	368317
2101	198578	368248
2102	198675	368158
2103	198765	368056
2104	198915	368064
2105	199042	368031
2106	199133	367929
2107	199235	367849
2108	199318	367732
2109	199421	367654
2110	199519	367566
2111	199620	367483
2112	199720	367398
2113	199810	367296
2114	199898	367189
2115	199993	367096
2116	200083	366992
2117	200201	366940
2118	200295	366846
2119	200380	366734
2120	200459	366610
2121	200551	366512
2122	200632	366393
2123	200746	366333
2124	200826	366213
2125	200915	366107
2126	200999	365995
2127	201085	365884
2128	201171	365775
2129	201284	365714
2130	201361	365587
2131	201455	365491
2132	201559	365415
2133	201660	365331
2134	201734	365201
2135	201830	365108
2136	201911	364989
2137	202046	364969
2138	202122	364840
2139	202219	364750
2140	202308	364646
2141	202395	364538
2142	202498	364458
2143	202593	364366
2144	202688	364272
2145	202770	364155
2146	202869	364069
2147	202966	363979
2148	203057	363878
2149	203144	363771
2150	203248	363693
2151	203356	363622
2152	203467	363558
2153	203560	363459
2154	203637	363334
2155	203726	363230
2156	203827	363146
2157	203910	363031
2158	203992	362915
2159	204090	362828
2160	204165	362699
2161	204258	362601
2162	204335	362476
2163	204428	362379
2164	204512	362266
2165	204593	362146
2166	204689	362056
2167	204778	361951
2168	204863	361840
2169	204942	361718
2170	205045	361640
2171	205139	361544
2172	205240	361462
2173	205331	361361
2174	205446	361303
2175	205548	361221
2176	205683	361197
2177	205807	361154
2178	205910	361074
2179	206056	361071
2180	206230	361115
2181	206400	361152
2182	206555	361164
2183	206721	361194
2184	206878	361209
2185	207019	361194
2186	207154	361171
2187	207292	361152
2188	207435	361139
2189	207551	361083
2190	207683	361053
2191	207811	361015
2192	207932	360966
2193	208058	360924
2194	208185	360885
2195	208301	360828
2196	208416	360768
2197	208531	360708
2198	208656	360666
2199	208786	360630
2200	208918	360600
2201	209045	360560
2202	209185	360543
2203	209310	360500
2204	209430	360447
2205	209553	360401
2206	209695	360386
2207	209846	360387
2208	209962	360328
2209	210085	360282
2210	210207	360233
2211	210311	360153
2212	210410	360064
2213	210510	359979
2214	210611	359893
2215	210708	359802
2216	210813	359724
2217	210930	359666
2218	211023	359566
2219	211110	359459
2220	211224	359395
2221	211325	359309
2222	211426	359224
2223	211510	359110
2224	211604	359013
2225	211732	358975
2226	211852	358922
2227	211962	358852
2228	212064	358769
2229	212175	358700
2230	212284	358628
2231	212400	358568
2232	212500	358480
2233	212602	358397
2234	212705	358316
2235	212799	358219
2236	212922	358170
2237	213038	358110
2238	213181	358094
2239	213285	358014
2240	213390	357936
2241	213485	357840
2242	213591	357763
2243	213704	357697
2244	213842	357674
2245	213948	357596
2246	214066	357539
2247	214168	357455
2248	214269	357370
2249	214361	357269
2250	214473	357202
2251	214573	357114
2252	214684	357044
2253	214776	356945
2254	214897	356891
2255	214991	356793
2256	215096	356715
2257	215206	356643
2258	215313	356568
2259	215438	356521
2260	215533	356426
2261	215668	356396
2262	215819	356393
2263	215938	356335
2264	216060	356284
2265	216205	356271
2266	216294	356165
2267	216374	356044
2268	216510	356015
2269	216624	355951
2270	216769	355936
2271	216906	355909
2272	217008	355824
2273	217121	355759
2274	217223	355674
2275	217353	355634
2276	217458	355553
2277	217573	355490
2278	217693	355434
2279	217796	355351
2280	217915	355295
2281	218014	355205
2282	218125	355135
2283	218240	355071
2284	218377	355042
2285	218478	354955
2286	218585	354878
2287	218705	354822
2288	218789	354708
2289	218921	354672
2290	219042	354617
2291	219146	354535
2292	219234	354426
2293	219354	354371
2294	219479	354323
2295	219615	354292
2296	219730	354227
2297	219830	354138
2298	219907	354013
2299	220035	353970
2300	220160	353921
2301	220280	353864
2302	220400	353808
2303	220507	353730
2304	220597	353626
2305	220734	353595
2306	220886	353590
2307	221018	353552
2308	221127	353478
2309	221246	353420
2310	221360	353352
2311	221463	353268
2312	221561	353175
2313	221661	353086
2314	221795	353051
2315	221883	352943
2316	222012	352901
2317	222128	352837
2318	222224	352742
2319	222331	352664
2320	222429	352570
2321	222522	352471
2322	222654	352432
2323	222773	352373
2324	222878	352292
2325	223004	352243
2326	223116	352172
2327	223197	352053
2328	223318	351997
2329	223437	351938
2330	223528	351834
2331	223641	351765
2332	223738	351671
2333	223847	351596
2334	223956	351520
2335	224095	351492
2336	224208	351422
2337	224302	351324
2338	224409	351246
2339	224503	351146
2340	224617	351078
2341	224708	350974
2342	224805	350880
2343	224906	350792
2344	224998	350691
2345	225110	350618
2346	225210	350529
2347	225304	350431
2348	225405	350342
2349	225514	350266
2350	225619	350185
2351	225722	350100
2352	225827	350017
2353	225944	349955
2354	226076	349914
2355	226182	349833
2356	226296	349765
2357	226402	349685
2358	226507	349603
2359	226607	349513
2360	226719	349442
2361	226830	349368
2362	226934	349284
2363	227034	349194
2364	227167	349156
2365	227271	349072
2366	227403	349031
2367	227502	348940
2368	227624	348884
2369	227738	348814
2370	227851	348744
2371	227959	348666
2372	228064	348583
2373	228223	348583
2374	228341	348520
2375	228457	348455
2376	228575	348392
2377	228675	348302
2378	228783	348223
2379	228875	348120
2380	228967	348019
2381	229106	347988
2382	229217	347914
2383	229333	347848
2384	229435	347761
2385	229542	347680
2386	229663	347621
2387	229765	347535
2388	229865	347444
2389	229979	347375
2390	230099	347314
2391	230218	347252
2392	230331	347181
2393	230439	347102
2394	230550	347029
2395	230667	346964
2396	230767	346873
2397	230879	346801
2398	230980	346711
2399	231092	346638
2400	231195	346552
2401	231295	346461
2402	231395	346371
2403	231534	346338
2404	231651	346273
2405	231788	346237
2406	231911	346181
2407	232031	346120
2408	232133	346032
2409	232255	345973
2410	232378	345916
2411	232532	345906
2412	232637	345822
2413	232734	345727
2414	232854	345665
2415	232952	345571
2416	233085	345529
2417	233187	345441
2418	233281	345341
2419	233406	345287
2420	233505	345194
2421	233602	345098
2422	233694	344996
2423	233785	344891
2424	233872	344780
2425	233977	344697
2426	234073	344599
2427	234214	344568
2428	234362	344548
2429	234460	344453
2430	234585	344400
2431	234683	344304
2432	234792	344227
2433	234903	344151
2434	235013	344075
2435	235117	343989
2436	235210	343888
2437	235325	343819
2438	235466	343786
2439	235566	343695
2440	235656	343589
2441	235755	343496
2442	235850	343396
2443	235945	343298
2444	236049	343213
2445	236150	343123
2446	236251	343033
2447	236361	342956
2448	236517	342945
2449	236632	342875
2450	236764	342830
2451	236881	342763
2452	237008	342711
2453	237158	342690
2454	237262	342605
2455	237371	342526
2456	237479	342446
2457	237583	342360
2458	237714	342312
2459	237825	342237
2460	237945	342173
2461	238076	342126
2462	238243	342130
2463	238356	342057
2464	238464	341976
2465	238576	341901
2466	238694	341835
2467	238811	341768
2468	238904	341664
2469	238996	341562
2470	239077	341441
2471	239192	341371
2472	239295	341283
2473	239416	341221
2474	239497	341102
2475	239596	341008
2476	239685	340900
2477	239797	340826
2478	239936	340788
2479	240032	340690
2480	240126	340590
2481	240232	340507
2482	240326	340405
2483	240420	340304
2484	240498	340182
2485	240591	340079
2486	240679	339970
2487	240778	339876
2488	240890	339801
2489	241013	339741
2490	241122	339662
2491	241232	339584
2492	241334	339493
2493	241435	339403
2494	241530	339304
2495	241624	339203
2496	241705	339084
2497	241794	338977
2498	241901	338894
2499	241989	338784
2500	242077	338675
2501	242174	338579
2502	242288	338507
2503	242406	338439
2504	242487	338321
2505	242598	338244
2506	242675	338119
2507	242777	338029
2508	242879	337940
2509	242976	337843
2510	243062	337732
2511	243156	337631
2512	243231	337504
2513	243335	337418
2514	243428	337315
2515	243524	337216
2516	243608	337103
2517	243699	336997
2518	243784	336885
2519	243875	336780
2520	243959	336665
2521	244038	336544
2522	244121	336429
2523	244210	336321
2524	244310	336229
2525	244408	336134
2526	244497	336027
2527	244584	335916
2528	244689	335831
2529	244772	335715
2530	244868	335617
2531	244979	335539
2532	245073	335440
2533	245177	335353
2534	245269	335249
2535	245340	335118
2536	245436	335019
2537	245543	334937
2538	245650	334854
2539	245733	334739
2540	245819	334628
2541	245914	334528
2542	246008	334428
2543	246100	334325
2544	246181	334207
2545	246289	334125
2546	246395	334041
2547	246500	333955
2548	246611	333878
2549	246706	333779
2550	246793	333669
2551	246892	333575
2552	246963	333444
2553	247073	333366
2554	247185	333288
2555	247276	333184
2556	247372	333086
2557	247449	332964
2558	247534	332851
2559	247622	332742
2560	247731	332662
2561	247909	332675
2562	248044	332629
2563	248182	332587
2564	248277	332488
2565	248379	332399
2566	248463	332285
2567	248607	332251
2568	248708	332159
2569	248796	332051
2570	248892	331953
2571	248978	331842
2572	249064	331731
2573	249186	331668
2574	249303	331597
2575	249408	331511
2576	249505	331415
2577	249604	331321
2578	249701	331225
2579	249788	331114
2580	249898	331035
2581	249981	330920
2582	250073	330817
2583	250194	330752
2584	250294	330659
2585	250428	330611
2586	250522	330511
2587	250616	330411
2588	250693	330287
2589	250756	330146
2590	250846	330040
2591	250947	329949
2592	251037	329843
2593	251148	329765
2594	251255	329682
2595	251338	329566
2596	251422	329453
2597	251505	329338
2598	251572	329202
2599	251682	329123
2600	251770	329015
2601	251861	328910
2602	251959	328815
2603	252052	328713
2604	252130	328592
2605	252207	328469
2606	252290	328355
2607	252389	328260
2608	252483	328161
2609	252593	328081
2610	252674	327964
2611	252766	327860
2612	252882	327789
2613	252966	327675
2614	253054	327567
2615	253150	327469
2616	253242	327366
2617	253324	327251
2618	253417	327149
2619	253502	327038
2620	253594	326935
2621	253671	326812
2622	253766	326713
2623	253891	326652
2624	254000	326571
2625	254096	326474
2626	254186	326369
2627	254272	326257
2628	254371	326164
2629	254465	326064
2630	254551	325953
2631	254671	325887
2632	254758	325777
2633	254870	325699
2634	254938	325567
2635	255009	325437
2636	255122	325360
2637	255198	325237
2638	255292	325137
2639	255388	325040
2640	255468	324921
2641	255561	324820
2642	255661	324727
2643	255748	324618
2644	255845	324521
2645	255927	324406
2646	256016	324300
2647	256093	324178
2648	256183	324073
2649	256260	323952
2650	256353	323850
2651	256453	323758
2652	256558	323671
2653	256671	323595
2654	256761	323490
2655	256850	323383
2656	256957	323299
2657	257058	323208
2658	257147	323102
2659	257229	322987
2660	257324	322888
2661	257421	322791
2662	257515	322691
2663	257597	322577
2664	257677	322459
2665	257747	322328
2666	257850	322240
2667	257926	322118
2668	258035	322037
2669	258148	321959
2670	258233	321849
2671	258325	321747
2672	258421	321649
2673	258508	321540
2674	258617	321458
2675	258706	321352
2676	258795	321246
2677	258878	321133
2678	258961	321019
2679	259044	320906
2680	259132	320798
2681	259234	320707
2682	259355	320641
2683	259448	320540
2684	259544	320443
2685	259645	320351
2686	259728	320238
2687	259818	320132
2688	259899	320017
2689	259975	319895
2690	260072	319799
2691	260167	319700
2692	260264	319604
2693	260359	319505
2694	260443	319393
2695	260575	319340
2696	260683	319257
2697	260799	319184
2698	260932	319132
2699	261042	319052
2700	261177	319002
2701	261279	318911
2702	261371	318809
2703	261466	318711
2704	261560	318611
2705	261654	318510
2706	261759	318424
2707	261871	318345
2708	261965	318245
2709	262075	318164
2710	262164	318059
2711	262238	317934
2712	262317	317816
2713	262396	317699
2714	262488	317597
2715	262580	317494
2716	262669	317388
2717	262764	317289
2718	262859	317190
2719	262946	317082
2720	263053	316998
2721	263138	316887
2722	263229	316784
2723	263310	316668
2724	263390	316551
2725	263481	316448
2726	263564	316334
2727	263659	316236
2728	263727	316105
2729	263798	315978
2730	263874	315857
2731	263962	315749
2732	264045	315637
2733	264125	315521
2734	264212	315413
2735	264315	315323
2736	264404	315218
2737	264487	315105
2738	264597	315024
2739	264687	314920
2740	264777	314815
2741	264859	314701
2742	264923	314565
2743	265009	314457
2744	265105	314359
2745	265197	314257
2746	265274	314138
2747	265359	314027
2748	265459	313935
2749	265548	313829
2750	265636	313723
2751	265715	313605
2752	265793	313488
2753	265887	313388
2754	265980	313287
2755	266076	313189
2756	266162	313081
2757	266261	312987
2758	266346	312876
2759	266431	312766
2760	266528	312671
2761	266606	312553
2762	266716	312472
2763	266823	312388
2764	266903	312272
2765	267008	312185
2766	267102	312086
2767	267193	311982
2768	267289	311885
2769	267403	311810
2770	267492	311704
2771	267576	311593
2772	267699	311528
2773	267786	311419
2774	267878	311318
2775	267976	311223
2776	268088	311144
2777	268172	311034
2778	268256	310922
2779	268341	310812
2780	268438	310716
2781	268529	310613
2782	268598	310485
2783	268703	310399
2784	268803	310306
2785	268892	310200
2786	268983	310097
2787	269089	310013
2788	269191	309922
2789	269280	309816
2790	269362	309704
2791	269446	309592
2792	269555	309511
2793	269659	309423
2794	269777	309351
2795	269890	309274
2796	269972	309160
2797	270054	309047
2798	270131	308928
2799	270230	308835
2800	270327	308738
2801	270432	308652
2802	270519	308544
2803	270601	308431
2804	270689	308325
2805	270790	308234
2806	270865	308112
2807	270954	308008
2808	271031	307889
2809	271124	307788
2810	271205	307674
2811	271278	307552
2812	271358	307436
2813	271450	307335
2814	271537	307228
2815	271625	307121
2816	271713	307015
2817	271818	306929
2818	271913	306831
2819	271988	306710
2820	272084	306613
2821	272192	306530
2822	272301	306447
2823	272415	306370
2824	272506	306267
2825	272594	306162
2826	272675	306048
2827	272752	305930
2828	272847	305832
2829	272935	305726
2830	273030	305628
2831	273137	305544
2832	273229	305442
2833	273349	305372
2834	273466	305299
2835	273561	305200
2836	273645	305089
2837	273728	304978
2838	273837	304896
2839	273912	304775
2840	274015	304686
2841	274085	304560
2842	274173	304454
2843	274246	304332
2844	274336	304229
2845	274447	304148
2846	274553	304062
2847	274643	303958
2848	274747	303871
2849	274832	303761
2850	274917	303653
2851	274994	303535
2852	275075	303421
2853	275178	303332
2854	275273	303234
2855	275346	303112
2856	275433	303005
2857	275533	302913
2858	275624	302810
2859	275715	302708
2860	275792	302591
2861	275884	302489
2862	275996	302410
2863	276095	302316
2864	276191	302219
2865	276293	302130
2866	276386	302029
2867	276472	301922
2868	276559	301814
2869	276639	301700
2870	276730	301599
2871	276840	301516
2872	276983	301471
2873	277088	301384
2874	277164	301266
2875	277255	301163
2876	277334	301047
2877	277419	300939
2878	277525	300853
2879	277604	300737
2880	277674	300613
2881	277754	300499
2882	277863	300416
2883	277946	300305
2884	278037	300203
2885	278120	300093
2886	278241	300023
2887	278328	299916
2888	278421	299816
2889	278516	299718
2890	278607	299615
2891	278685	299500
2892	278797	299420
2893	278888	299318
2894	278990	299227
2895	279106	299153
2896	279202	299055
2897	279296	298957
2898	279394	298862
2899	279507	298784
2900	279597	298680
2901	279681	298570
2902	279772	298469
2903	279860	298363
2904	279948	298258
2905	280035	298151
2906	280129	298053
2907	280241	297973
2908	280345	297884
2909	280444	297791
2910	280572	297728
2911	280660	297623
2912	280738	297507
2913	280834	297410
2914	280938	297322
2915	281026	297217
2916	281103	297100
2917	281208	297012
2918	281284	296895
2919	281397	296816
2920	281476	296701
2921	281566	296598
2922	281672	296512
2923	281765	296412
2924	281852	296306
2925	281956	296218
2926	282033	296101
2927	282109	295983
2928	282209	295891
2929	282295	295783
2930	282380	295675
2931	282466	295568
2932	282571	295481
2933	282667	295384
2934	282737	295260
2935	282830	295161
2936	282911	295048
2937	283012	294956
2938	283099	294850
2939	283228	294788
2940	283325	294693
2941	283419	294594
2942	283516	294498
2943	283613	294403
2944	283713	294310
2945	283813	294218
2946	283900	294112
2947	284002	294021
2948	284092	293919
2949	284191	293825
2950	284268	293709
2951	284353	293600
2952	284444	293498
2953	284530	293392
2954	284642	293311
2955	284735	293212
2956	284829	293112
2957	284921	293012
2958	285002	292900
2959	285108	292814
2960	285200	292712
2961	285313	292634
2962	285414	292542
2963	285496	292431
2964	285563	292304
2965	285654	292203
2966	285727	292083
2967	285833	291996
2968	285928	291899
2969	286024	291802
2970	286109	291694
2971	286199	291592
2972	286308	291508
2973	286417	291425
2974	286517	291332
2975	286651	291274
2976	286739	291170
2977	286823	291061
2978	286949	290995
2979	287069	290922
2980	287170	290831
2981	287267	290735
2982	287356	290631
2983	287445	290527
2984	287533	290423
2985	287640	290337
2986	287743	290248
2987	287843	290155
2988	287956	290076
2989	288053	289980
2990	288152	289886
2991	288240	289781
2992	288320	289669
2993	288420	289576
2994	288509	289472
2995	288599	289370
2996	288685	289263
2997	288790	289175
2998	288919	289111
2999	289038	289038
3000	289161	288968
3001	289270	288884
3002	289425	288847
3003	289514	288743
3004	289583	288619
3005	289683	288526
3006	289785	288436
3007	289878	288337
3008	289978	288243
3009	290074	288147
3010	290156	288036
3011	290249	287937
3012	290358	287852
3013	290475	287777
3014	290614	287722
3015	290738	287653
3016	290838	287560
3017	290924	287453
3018	291014	287351
3019	291102	287246
3020	291201	287153
3021	291299	287058
3022	291396	286962
3023	291481	286854
3024	291575	286756
3025	291667	286654
3026	291747	286542
3027	291832	286434
3028	291919	286329
3029	292000	286218
3030	292091	286116
3031	292178	286011
3032	292288	285928
3033	292403	285850
3034	292511	285764
3035	292629	285690
3036	292727	285594
3037	292805	285480
3038	292895	285377
3039	292980	285270
3040	293074	285171
3041	293166	285070
3042	293250	284962
3043	293363	284882
3044	293484	284810
3045	293587	284720
3046	293698	284637
3047	293801	284548
3048	293939	284491
3049	294034	284394
3050	294119	284286
3051	294217	284191
3052	294309	284090
3053	294412	284000
3054	294503	283899
3055	294576	283780
3056	294696	283706
3057	294794	283611
3058	294895	283520
3059	294972	283404
3060	295059	283299
3061	295147	283195
3062	295237	283092
3063	295323	282985
3064	295407	282877
3065	295511	282789
3066	295611	282695
3067	295708	282600
3068	295788	282487
3069	295888	282394
3070	295977	282291
3071	296062	282184
3072	296145	282075
3073	296220	281958
3074	296315	281861
3075	296390	281744
3076	296487	281648
3077	296603	281571
3078	296705	281479
3079	296834	281414
3080	296935	281322
3081	297057	281250
3082	297154	281154
3083	297269	281075
3084	297377	280990
3085	297483	280903
3086	297582	280809
3087	297674	280708
3088	297765	280607
3089	297864	280513
3090	297961	280417
3091	298063	280326
3092	298167	280236
3093	298286	280161
3094	298387	280069
3095	298499	279987
3096	298584	279880
3097	298683	279786
3098	298765	279676
3099	298881	279598
3100	298954	279480
3101	299034	279368
3102	299117	279260
3103	299221	279170
3104	299310	279067
3105	299467	279027
3106	299553	278921
3107	299637	278812
3108	299725	278709
3109	299824	278614
3110	299928	278525
3111	300031	278435
3112	300179	278386
3113	300308	278320
3114	300418	278236
3115	300488	278116
3116	300584	278019
3117	300669	277911
3118	300769	277818
3119	300883	277738
3120	300998	277659
3121	301089	277558
3122	301164	277441
3123	301236	277322
3124	301319	277213
3125	301409	277111
3126	301509	277018
3127	301603	276919
3128	301676	276801
3129	301764	276698
3130	301851	276593
3131	301950	276498
3132	302061	276416
3133	302186	276344
3134	302303	276267
3135	302425	276194
3136	302553	276127
3137	302642	276024
3138	302726	275915
3139	302817	275814
3140	302931	275734
3141	303031	275641
3142	303138	275554
3143	303230	275453
3144	303322	275353
3145	303432	275268
3146	303522	275166
3147	303603	275056
3148	303686	274947
3149	303780	274848
3150	303873	274749
3151	303958	274643
3152	304054	274545
3153	304154	274452
3154	304252	274357
3155	304358	274269
3156	304468	274185
3157	304536	274063
3158	304659	273990
3159	304773	273910
3160	304874	273817
3161	304988	273736
3162	305107	273660
3163	305214	273574
3164	305324	273489
3165	305434	273404
3166	305540	273316
3167	305648	273231
3168	305732	273123
3169	305834	273031
3170	305913	272919
3171	305981	272797
3172	306071	272695
3173	306143	272578
3174	306250	272490
3175	306343	272390
3176	306409	272267
3177	306509	272173
3178	306631	272100
3179	306742	272017
3180	306866	271944
3181	306974	271858
3182	307072	271763
3183	307189	271685
3184	307320	271618
3185	307418	271523
3186	307515	271428
3187	307619	271337
3188	307721	271246
3189	307811	271144
3190	307893	271035
3191	307984	270934
3192	308072	270829
3193	308162	270727
3194	308269	270640
3195	308379	270555
3196	308468	270452
3197	308573	270363
3198	308658	270257
3199	308759	270164
3200	308869	270079
3201	308984	269999
3202	309097	269917
3203	309188	269816
3204	309285	269720
3205	309374	269617
3206	309480	269528
3207	309605	269456
3208	309682	269344
3209	309788	269255
3210	309870	269145
3211	309939	269026
3212	310036	268930
3213	310130	268831
3214	310224	268732
3215	310305	268622
3216	310413	268536
3217	310509	268439
3218	310594	268332
3219	310692	268237
3220	310780	268133
3221	310855	268018
3222	310934	267907
3223	311019	267800
3224	311126	267713
3225	311209	267605
3226	311296	267501
3227	311398	267408
3228	311487	267305
3229	311588	267213
3230	311665	267100
3231	311758	267000
3232	311852	266902
3233	311966	266820
3234	312089	266746
3235	312196	266660
3236	312326	266591
3237	312484	266548
3238	312586	266455
3239	312678	266355
3240	312794	266276
3241	312916	266201
3242	313063	266147
3243	313166	266056
3244	313321	266009
3245	313490	265974
3246	313642	265924
3247	313748	265836
3248	313875	265765
3249	314007	265698
3250	314110	265607
3251	314237	265536
3252	314366	265467
3253	314466	265373
3254	314598	265306
3255	314719	265230
3256	314858	265169
3257	314996	265107
3258	315098	265015
3259	315209	264930
3260	315309	264836
3261	315444	264771
3262	315553	264685
3263	315660	264597
3264	315781	264521
3265	315883	264428
3266	316007	264354
3267	316128	264278
3268	316251	264204
3269	316339	264100
3270	316439	264005
3271	316532	263905
3272	316628	263809
3273	316709	263699
3274	316801	263597
3275	316899	263502
3276	316996	263406
3277	317089	263306
3278	317207	263227
3279	317321	263144
3280	317426	263054
3281	317532	262966
3282	317647	262884
3283	317787	262822
3284	317904	262743
3285	318014	262657
3286	318133	262578
3287	318234	262485
3288	318351	262404
3289	318462	262319
3290	318565	262228
3291	318684	262149
3292	318828	262091
3293	318924	261994
3294	319030	261904
3295	319174	261846
3296	319301	261775
3297	319407	261685
3298	319567	261640
3299	319686	261561
3300	319824	261498
3301	319928	261407
3302	320046	261327
3303	320158	261242
3304	320253	261144
3305	320351	261048
3306	320461	260962
3307	320534	260845
3308	320630	260748
3309	320741	260662
3310	320859	260582
3311	320953	260483
3312	321077	260408
3313	321200	260333
3314	321285	260227
3315	321386	260132
3316	321497	260047
3317	321637	259985
3318	321731	259885
3319	321829	259790
3320	321935	259700
3321	322010	259585
3322	322105	259487
3323	322186	259377
3324	322276	259274
3325	322396	259196
3326	322542	259139
3327	322626	259031
3328	322709	258923
3329	322785	258809
3330	322885	258715
3331	322979	258615
3332	323060	258506
3333	323153	258406
3334	323249	258308
3335	323340	258207
3336	323453	258123
3337	323562	258035
3338	323677	257952
3339	323766	257849
3340	323852	257744
3341	323939	257639
3342	324041	257546
3343	324136	257448
3344	324231	257349
3345	324308	257236
3346	324388	257126
3347	324492	257035
3348	324585	256935
3349	324706	256857
3350	324812	256767
3351	324911	256672
3352	324994	256564
3353	325124	256493
3354	325249	256418
3355	325372	256342
3356	325505	256273
3357	325626	256196
3358	325715	256092
3359	325826	256006
3360	325971	255947
3361	326089	255866
3362	326192	255774
3363	326297	255683
3364	326412	255601
3365	326506	255501
3366	326618	255415
3367	326720	255322
3368	326799	255212
3369	326936	255146
3370	327024	255042
3371	327135	254956
3372	327252	254874
3373	327372	254795
3374	327475	254702
3375	327600	254627
3376	327719	254547
3377	327815	254450
3378	327916	254355
3379	328034	254275
3380	328166	254204
3381	328247	254096
3382	328322	253981
3383	328432	253894
3384	328527	253796
3385	328634	253706
3386	328729	253608
3387	328820	253506
3388	328935	253422
3389	329037	253330
3390	329140	253237
3391	329248	253148
3392	329364	253065
3393	329448	252959
3394	329572	252882
3395	329694	252804
3396	329791	252707
3397	329892	252613
3398	329985	252512
3399	330094	252425
3400	330203	252337
3401	330307	252245
3402	330407	252150
3403	330513	252060
3404	330606	251960
3405	330693	251855
3406	330777	251748
3407	330870	251647
3408	330997	251573
3409	331082	251467
3410	331186	251375
3411	331278	251274
3412	331393	251191
3413	331507	251106
3414	331586	250996
3415	331663	250883
3416	331793	250811
3417	331972	250776
3418	332074	250682
3419	332208	250613
3420	332310	250519
3421	332440	250447
3422	332560	250367
3423	332688	250293
3424	332810	250215
3425	332930	250135
3426	333044	250050
3427	333146	249956
3428	333238	249856
3429	333325	249751
3430	333411	249645
3431	333521	249558
3432	333620	249462
3433	333740	249382
3434	333849	249293
3435	333931	249185
3436	334017	249079
3437	334125	248990
3438	334214	248887
3439	334321	248797
3440	334411	248694
3441	334490	248584
3442	334587	248486
3443	334692	248395
3444	334796	248303
3445	334893	248205
3446	334974	248096
3447	335058	247989
3448	335140	247881
3449	335221	247772
3450	335332	247685
3451	335422	247583
3452	335538	247499
3453	335628	247397
3454	335729	247303
3455	335806	247190
3456	335893	247086
3457	336013	247005
3458	336103	246903
3459	336221	246821
3460	336324	246728
3461	336408	246621
3462	336499	246520
3463	336586	246415
3464	336673	246310
3465	336760	246206
3466	336848	246102
3467	336937	245999
3468	337046	245910
3469	337142	245812
3470	337239	245715
3471	337322	245607
3472	337438	245524
3473	337526	245420
3474	337609	245313
3475	337680	245197
3476	337772	245096
3477	337859	244991
3478	337958	244895
3479	338067	244807
3480	338202	244737
3481	338307	244646
3482	338448	244580
3483	338602	244524
3484	338700	244428
3485	338799	244332
3486	338902	244239
3487	338987	244133
3488	339076	244030
3489	339157	243921
3490	339245	243817
3491	339336	243715
3492	339413	243604
3493	339529	243520
3494	339631	243426
3495	339726	243328
3496	339832	243237
3497	339919	243132
3498	340001	243025
3499	340086	242919
3500	340179	242818
3501	340280	242724
3502	340360	242614
3503	340456	242516
3504	340541	242411
3505	340635	242311
3506	340750	242226
3507	340860	242139
3508	340970	242051
3509	341071	241956
3510	341153	241848
3511	341223	241732
3512	341317	241632
3513	341396	241523
3514	341487	241421
3515	341598	241334
3516	341693	241235
3517	341790	241137
3518	341893	241045
3519	342004	240957
3520	342096	240857
3521	342206	240768
3522	342306	240673
3523	342394	240570
3524	342478	240463
3525	342574	240365
3526	342692	240283
3527	342809	240199
3528	342907	240103
3529	342985	239992
3530	343102	239909
3531	343208	239818
3532	343322	239732
3533	343431	239644
3534	343534	239550
3535	343651	239467
3536	343757	239376
3537	343859	239282
3538	343962	239189
3539	344059	239092
3540	344152	238991
3541	344254	238898
3542	344363	238809
3543	344488	238731
3544	344593	238639
3545	344696	238546
3546	344799	238453
3547	344903	238360
3548	345010	238270
3549	345113	238177
3550	345219	238086
3551	345348	238010
3552	345466	237927
3553	345567	237832
3554	345700	237760
3555	345789	237657
3556	345897	237567
3557	346020	237487
3558	346123	237394
3559	346231	237305
3560	346341	237216
3561	346483	237149
3562	346604	237068
3563	346696	236967
3564	346818	236887
3565	346914	236788
3566	346996	236681
3567	347092	236583
3568	347197	236491
3569	347286	236388
3570	347389	236294
3571	347484	236196
3572	347582	236099
3573	347677	236000
3574	347809	235926
3575	347898	235823
3576	348002	235730
3577	348097	235632
3578	348186	235529
3579	348287	235434
3580	348370	235327
3581	348466	235229
3582	348593	235152
3583	348673	235043
3584	348764	234941
3585	348871	234851
3586	348965	234751
3587	349065	234655
3588	349178	234569
3589	349283	234477
3590	349390	234386
3591	349488	234289
3592	349583	234190
3593	349675	234090
3594	349774	233993
3595	349868	233894
3596	349989	233812
3597	350083	233713
3598	350199	233628
3599	350352	233568
3600	350458	233477
3601	350565	233385
3602	350678	233299
3603	350776	233202
3604	350862	233097
3605	350956	232997
3606	351069	232910
3607	351162	232810
3608	351262	232714
3609	351361	232618
3610	351442	232510
3611	351537	232411
3612	351653	232326
3613	351764	232238
3614	351866	232144
3615	351961	232045
3616	352050	231942
3617	352159	231852
3618	352255	231754
3619	352340	231649
3620	352435	231550
3621	352517	231442
3622	352595	231333
3623	352720	231253
3624	352822	231159
3625	352915	231059
3626	352998	230952
3627	353086	230849
3628	353190	230756
3629	353269	230646
3630	353365	230549
3631	353458	230448
3632	353563	230356
3633	353687	230276
3634	353776	230173
3635	353895	230090
3636	353994	229994
3637	354085	229892
3638	354173	229789
3639	354281	229698
3640	354372	229597
3641	354501	229520
3642	354584	229414
3643	354673	229311
3644	354769	229213
3645	354854	229107
3646	354954	229012
3647	355050	228914
3648	355131	228806
3649	355224	228706
3650	355334	228617
3651	355425	228515
3652	355513	228412
3653	355617	228319
3654	355723	228227
3655	355821	228130
3656	355897	228019
3657	355980	227913
3658	356068	227810
3659	356159	227708
3660	356264	227616
3661	356372	227525
3662	356473	227430
3663	356565	227329
3664	356664	227233
3665	356744	227125
3666	356849	227032
3667	356950	226938
3668	357035	226832
3669	357135	226737
3670	357235	226641
3671	357331	226543
3672	357428	226445
3673	357526	226348
3674	357627	226253
3675	357736	226164
3676	357810	226052
3677	357926	225966
3678	358018	225866
3679	358118	225770
3680	358202	225664
3681	358319	225579
3682	358417	225482
3683	358513	225384
3684	358628	225298
3685	358734	225206
3686	358824	225104
3687	358966	225035
3688	359079	224947
3689	359175	224849
3690	359257	224743
3691	359387	224666
3692	359474	224561
3693	359556	224455
3694	359657	224359
3695	359764	224269
3696	359860	224170
3697	359933	224058
3698	360027	223958
3699	360127	223862
3700	360211	223757
3701	360283	223644
3702	360387	223551
3703	360469	223444
3704	360568	223348
3705	360674	223256
3706	360773	223159
3707	360865	223059
3708	360959	222959
3709	361064	222867
3710	361143	222758
3711	361248	222665
3712	361329	222558
3713	361419	222456
3714	361504	222352
3715	361585	222244
3716	361669	222139
3717	361771	222044
3718	361851	221936
3719	361938	221833
3720	362041	221739
3721	362135	221640
3722	362249	221553
3723	362361	221464
3724	362447	221360
3725	362549	221265
3726	362660	221177
3727	362773	221089
3728	362859	220985
3729	362957	220888
3730	363071	220801
3731	363157	220697
3732	363259	220602
3733	363355	220504
3734	363451	220406
3735	363522	220293
3736	363601	220184
3737	363700	220088
3738	363786	219984
3739	363886	219888
3740	363980	219789
3741	364072	219689
3742	364166	219589
3743	364270	219496
3744	364345	219385
3745	364437	219285
3746	364526	219183
3747	364614	219079
3748	364721	218988
3749	364817	218890
3750	364912	218791
3751	365005	218691
3752	365135	218614
3753	365234	218517
3754	365358	218436
3755	365468	218346
3756	365554	218243
3757	365662	218151
3758	365754	218051
3759	365840	217947
3760	365956	217861
3761	366067	217772
3762	366154	217668
3763	366241	217565
3764	366349	217474
3765	366425	217364
3766	366517	217263
3767	366612	217165
3768	366697	217060
3769	366781	216955
3770	366880	216859
3771	366975	216760
3772	367074	216664
3773	367189	216577
3774	367282	216477
3775	367378	216379
3776	367484	216287
3777	367592	216196
3778	367693	216101
3779	367780	215997
3780	367882	215903
3781	367979	215806
3782	368072	215706
3783	368184	215617
3784	368278	215518
3785	368380	215423
3786	368468	215320
3787	368560	215220
3788	368669	215130
3789	368778	215039
3790	368878	214943
3791	368973	214845
3792	369061	214742
3793	369148	214639
3794	369267	214554
3795	369353	214450
3796	369433	214343
3797	369517	214238
3798	369622	214145
3799	369715	214045
3800	369813	213948
3801	369917	213855
3802	370047	213777
3803	370176	213698
3804	370280	213604
3805	370383	213510
3806	370500	213424
3807	370592	213324
3808	370689	213226
3809	370790	213131
3810	370907	213045
3811	370999	212945
3812	371122	212862
3813	371217	212763
3814	371316	212667
3815	371409	212567
3816	371491	212461
3817	371561	212348
3818	371663	212253
3819	371779	212167
3820	371899	212082
3821	371992	211983
3822	372111	211898
3823	372235	211816
3824	372338	211721
3825	372433	211623
3826	372516	211517
3827	372630	211429
3828	372739	211338
3829	372864	211257
3830	372980	211170
3831	373080	211074
3832	373178	210977
3833	373274	210879
3834	373386	210790
3835	373470	210685
3836	373560	210584
3837	373648	210481
3838	373766	210395
3839	373866	210299
3840	373951	210195
3841	374042	210094
3842	374120	209986
3843	374213	209886
3844	374316	209792
3845	374403	209689
3846	374494	209588
3847	374573	209480
3848	374669	209382
3849	374753	209278
3850	374836	209172
3851	374932	209074
3852	375044	208985
3853	375183	208911
3854	375270	208807
3855	375360	208706
3856	375455	208608
3857	375552	208510
3858	375636	208405
3859	375717	208299
3860	375796	208192
3861	375891	208093
3862	375984	207993
3863	376090	207901
3864	376165	207791
3865	376252	207688
3866	376334	207582
3867	376419	207478
3868	376510	207377
3869	376601	207276
3870	376686	207172
3871	376788	207078
3872	376883	206979
3873	376969	206876
3874	377057	206773
3875	377159	206678
3876	377258	206582
3877	377365	206490
3878	377442	206382
3879	377543	206286
3880	377642	206190
3881	377766	206107
3882	377865	206011
3883	377953	205908
3884	378035	205803
3885	378124	205701
3886	378222	205604
3887	378361	205529
3888	378490	205449
3889	378580	205348
3890	378658	205240
3891	378757	205144
3892	378902	205072
3893	379014	204983
3894	379103	204881
3895	379190	204778
3896	379292	204683
3897	379407	204595
3898	379505	204498
3899	379630	204416
3900	379723	204316
3901	379802	204209
3902	379903	204114
3903	379984	204008
3904	380066	203902
3905	380150	203797
3906	380241	203697
3907	380334	203597
3908	380426	203497
3909	380521	203399
3910	380610	203297
3911	380704	203197
3912	380788	203093
3913	380875	202990
3914	380975	202894
3915	381044	202782
3916	381135	202682
3917	381246	202591
3918	381366	202506
3919	381433	202393
3920	381527	202294
3921	381627	202198
3922	381724	202100
3923	381812	201998
3924	381908	201900
3925	382004	201802
3926	382096	201702
3927	382182	201599
3928	382269	201496
3929	382372	201402
3930	382469	201305
3931	382582	201215
3932	382674	201115
3933	382781	201023
3934	382870	200921
3935	382977	200829
3936	383063	200726
3937	383156	200627
3938	383270	200538
3939	383373	200443
3940	383496	200360
3941	383593	200262
3942	383685	200162
3943	383795	200072
3944	383884	199970
3945	383966	199865
3946	384069	199770
3947	384163	199671
3948	384250	199568
3949	384321	199458
3950	384419	199361
3951	384509	199259
3952	384598	199158
3953	384686	199056
3954	384764	198949
3955	384846	198843
3956	384931	198740
3957	385028	198642
3958	385153	198560
3959	385228	198450
3960	385323	198352
3961	385422	198256
3962	385505	198151
3963	385581	198043
3964	385667	197940
3965	385749	197835
3966	385828	197728
3967	385922	197629
3968	386010	197527
3969	386103	197428
3970	386197	197329
3971	386308	197238
3972	386391	197134
3973	386472	197029
3974	386555	196924
3975	386647	196824
3976	386744	196727
3977	386828	196623
3978	386937	196531
3979	387021	196427
3980	387134	196338
3981	387245	196248
3982	387349	196154
3983	387438	196053
3984	387528	195952
3985	387646	195865
3986	387755	195774
3987	387856	195678
3988	387959	195584
3989	388083	195500
3990	388179	195403
3991	388260	195297
3992	388337	195189
3993	388419	195084
3994	388516	194987
3995	388611	194889
3996	388700	194788
3997	388794	194688
3998	388890	194591
3999	388979	194489
4000	389075	194391
4001	389181	194299
4002	389295	194210
4003	389389	194111
4004	389478	194009
4005	389566	193907
4006	389633	193795
4007	389714	193690
4008	389800	193587
4009	389891	193487
4010	390023	193407
4011	390120	193309
4012	390223	193215
4013	390317	193116
4014	390396	193010
4015	390497	192915
4016	390588	192814
4017	390699	192724
4018	390810	192633
4019	390909	192537
4020	390997	192435
4021	391136	192358
4022	391240	192264
4023	391330	192164
4024	391424	192065
4025	391528	191971
4026	391616	191869
4027	391723	191777
4028	391825	191682
4029	391928	191587
4030	392039	191497
4031	392147	191405
4032	392230	191300
4033	392330	191205
4034	392444	191116
4035	392555	191025
4036	392644	190924
4037	392747	190829
4038	392855	190737
4039	392941	190634
4040	393058	190547
4041	393148	190446
4042	393246	190349
4043	393344	190252
4044	393436	190152
4045	393521	190049
4046	393624	189955
4047	393727	189860
4048	393848	189774
4049	393983	189695
4050	394083	189599
4051	394185	189504
4052	394275	189403
4053	394357	189299
4054	394404	189178
4055	394477	189069
4056	394576	188972
4057	394659	188868
4058	394741	188763
4059	394833	188664
4060	394932	188568
4061	395029	188470
4062	395110	188365
4063	395208	188268
4064	395306	188171
4065	395409	188077
4066	395510	187981
4067	395583	187873
4068	395720	187794
4069	395806	187692
4070	395905	187595
4071	396002	187498
4072	396098	187400
4073	396188	187299
4074	396287	187203
4075	396379	187103
4076	396472	187004
4077	396550	186897
4078	396645	186799
4079	396738	186700
4080	396829	186600
4081	396909	186494
4082	397003	186396
4083	397085	186291
4084	397174	186190
4085	397266	186091
4086	397354	185989
4087	397448	185890
4088	397561	185800
4089	397645	185697
4090	397730	185594
4091	397812	185490
4092	397917	185396
4093	398022	185303
4094	398146	185218
4095	398290	185142
4096	398375	185040
4097	398462	184937
4098	398602	184860
4099	398734	184779
4100	398852	184691
4101	398963	184600
4102	399052	184499
4103	399166	184410
4104	399309	184334
4105	399425	184245
4106	399540	184156
4107	399663	184070
4108	399761	183973
4109	399894	183893
4110	399992	183796
4111	400094	183700
4112	400196	183605
4113	400314	183517
4114	400430	183429
4115	400568	183350
4116	400697	183267
4117	400788	183167
4118	400881	183068
4119	400983	182973
4120	401077	182874
4121	401206	182791
4122	401300	182692
4123	401423	182607
4124	401517	182507
4125	401609	182407
4126	401709	182311
4127	401796	182209
4128	401905	182118
4129	402006	182022
4130	402100	181923
4131	402190	181822
4132	402289	181726
4133	402428	181647
4134	402548	181560
4135	402642	181461
4136	402739	181364
4137	402839	181267
4138	402955	181178
4139	403058	181084
4140	403173	180994
4141	403276	180900
4142	403363	180797
4143	403458	180699
4144	403558	180603
4145	403658	180507
4146	403756	180410
4147	403852	180312
4148	403945	180212
4149	404035	180112
4150	404137	180016
4151	404241	179922
4152	404353	179831
4153	404480	179747
4154	404564	179644
4155	404690	179559
4156	404798	179466
4157	404891	179367
4158	405007	179278
4159	405106	179181
4160	405204	179084
4161	405343	179005
4162	405460	178916
4163	405566	178823
4164	405651	178720
4165	405756	178626
4166	405909	178553
4167	406039	178470
4168	406140	178374
4169	406228	178272
4170	406357	178189
4171	406500	178111
4172	406618	178023
4173	406716	177926
4174	406839	177839
4175	406974	177759
4176	407078	177664
4177	407248	177598
4178	407458	177549
4179	407604	177473
4180	407756	177400
4181	407922	177331
4182	408014	177232
4183	408194	177170
4184	408338	177092
4185	408476	177013
4186	408608	176930
4187	408756	176854
4188	408861	176759
4189	408944	176656
4190	409059	176566
4191	409189	176482
4192	409295	176388
4193	409414	176300
4194	409534	176212
4195	409652	176123
4196	409750	176025
4197	409852	175930
4198	409968	175840
4199	410132	175770
4200	410227	175672
4201	410338	175580
4202	410447	175487
4203	410546	175390
4204	410643	175292
4205	410820	175228
4206	410918	175131
4207	411018	175034
4208	411114	174936
4209	411211	174838
4210	411295	174734
4211	411394	174637
4212	411508	174546
4213	411639	174463
4214	411727	174361
4215	411809	174257
4216	411893	174153
4217	411990	174055
4218	412092	173960
4219	412192	173863
4220	412293	173766
4221	412399	173672
4222	412499	173575
4223	412589	173475
4224	412698	173382
4225	412800	173286
4226	412908	173193
4227	413022	173102
4228	413129	173008
4229	413244	172917
4230	413328	172814
4231	413430	172718
4232	413522	172618
4233	413618	172520
4234	413727	172427
4235	413821	172327
4236	413935	172237
4237	414047	172145
4238	414147	172048
4239	414264	171958
4240	414364	171862
4241	414446	171758
4242	414577	171673
4243	414722	171595
4244	414847	171509
4245	414950	171413
4246	415060	171321
4247	415170	171228
4248	415267	171130
4249	415413	171052
4250	415560	170975
4251	415724	170904
4252	415928	170850
4253	416060	170766
4254	416221	170695
4255	416398	170629
4256	416532	170546
4257	416633	170449
4258	416722	170348
4259	416828	170253
4260	416954	170167
4261	417077	170080
4262	417194	169989
4263	417312	169900
4264	417437	169813
4265	417527	169712
4266	417625	169614
4267	417750	169527
4268	417858	169433
4269	417970	169341
4270	418078	169247
4271	418193	169157
4272	418324	169072
4273	418447	168984
4274	418540	168884
4275	418686	168806
4276	418826	168725
4277	418962	168642
4278	419105	168562
4279	419201	168464
4280	419302	168367
4281	419404	168271
4282	419492	168168
4283	419583	168068
4284	419741	167994
4285	419847	167899
4286	419945	167801
4287	420115	167732
4288	420254	167651
4289	420351	167552
4290	420454	167456
4291	420558	167361
4292	420657	167263
4293	420767	167170
4294	420853	167067
4295	420946	166967
4296	421043	166869
4297	421147	166773
4298	421258	166680
4299	421367	166587
4300	421487	166497
4301	421594	166403
4302	421721	166316
4303	421834	166224
4304	421954	166135
4305	422091	166052
4306	422188	165954
4307	422283	165855
4308	422401	165764
4309	422521	165675
4310	422649	165589
4311	422768	165499
4312	422913	165419
4313	423024	165326
4314	423140	165235
4315	423252	165142
4316	423338	165040
4317	423432	164940
4318	423538	164845
4319	423640	164748
4320	423750	164655
4321	423843	164555
4322	423941	164457
4323	424049	164363
4324	424154	164267
4325	424248	164168
4326	424337	164066
4327	424433	163967
4328	424527	163868
4329	424618	163767
4330	424716	163669
4331	424809	163569
4332	424917	163475
4333	425060	163394
4334	425201	163312
4335	425312	163219
4336	425425	163127
4337	425545	163037
4338	425676	162951
4339	425814	162869
4340	426013	162809
4341	426136	162720
4342	426251	162629
4343	426354	162532
4344	426476	162443
4345	426567	162343
4346	426666	162245
4347	426774	162150
4348	426936	162076
4349	427081	161996
4350	427196	161904
4351	427347	161826
4352	427475	161739
4353	427610	161655
4354	427763	161577
4355	427897	161492
4356	427998	161395
4357	428116	161304
4358	428215	161206
4359	428326	161113
4360	428440	161021
4361	428542	160924
4362	428646	160828
4363	428781	160744
4364	428907	160655
4365	429011	160560
4366	429125	160467
4367	429220	160368
4368	429326	160272
4369	429469	160191
4370	429589	160100
4371	429699	160007
4372	429847	159927
4373	429984	159843
4374	430094	159749
4375	430193	159651
4376	430304	159557
4377	430392	159455
4378	430489	159356
4379	430584	159257
4380	430686	159160
4381	430781	159060
4382	430914	158975
4383	431070	158898
4384	431189	158807
4385	431251	158695
4386	431341	158594
4387	431438	158495
4388	431518	158390
4389	431613	158291
4390	431700	158188
4391	431778	158082
4392	431897	157992
4393	431984	157889
4394	432074	157788
4395	432180	157692
4396	432300	157602
4397	432438	157518
4398	432624	157451
4399	432786	157376
4400	432968	157308
4401	433104	157224
4402	433255	157144
4403	433490	157095
4404	433642	157016
4405	433820	156947
4406	433942	156857
4407	434073	156770
4408	434170	156671
4409	434309	156587
4410	434419	156493
4411	434535	156401
4412	434655	156310
4413	434793	156226
4414	434923	156138
4415	435067	156056
4416	435175	155961
4417	435368	155897
4418	435528	155820
4419	435641	155727
4420	435740	155628
4421	435875	155543
4422	436028	155463
4423	436136	155368
4424	436229	155268
4425	436338	155173
4426	436426	155070
4427	436550	154981
4428	436645	154881
4429	436736	154780
4430	436834	154681
4431	436967	154595
4432	437079	154501
4433	437170	154399
4434	437262	154299
4435	437374	154205
4436	437482	154109
4437	437571	154007
4438	437670	153909
4439	437766	153809
4440	437902	153724
4441	438030	153636
4442	438183	153556
4443	438299	153464
4444	438438	153379
4445	438568	153291
4446	438668	153193
4447	438754	153090
4448	438855	152992
4449	438954	152894
4450	439076	152803
4451	439227	152723
4452	439323	152623
4453	439425	152526
4454	439518	152425
4455	439609	152324
4456	439749	152240
4457	439874	152150
4458	439990	152057
4459	440070	151952
4460	440169	151854
4461	440279	151759
4462	440367	151656
4463	440479	151562
4464	440594	151469
4465	440729	151383
4466	440838	151288
4467	440944	151192
4468	441053	151097
4469	441159	151000
4470	441284	150911
4471	441443	150833
4472	441603	150755
4473	441702	150656
4474	441864	150579
4475	441980	150486
4476	442083	150389
4477	442181	150290
4478	442258	150184
4479	442352	150083
4480	442433	149979
4481	442550	149886
4482	442633	149782
4483	442741	149686
4484	442864	149596
4485	442952	149493
4486	443047	149394
4487	443127	149289
4488	443206	149183
4489	443296	149081
4490	443402	148985
4491	443553	148904
4492	443650	148805
4493	443761	148710
4494	443875	148616
4495	443977	148519
4496	444101	148428
4497	444215	148335
4498	444326	148240
4499	444417	148139
4500	444526	148043
4501	444636	147948
4502	444752	147855
4503	444854	147757
4504	444969	147664
4505	445048	147559
4506	445146	147460
4507	445227	147355
4508	445329	147257
4509	445421	147157
4510	445530	147061
4511	445650	146969
4512	445770	146878
4513	445887	146785
4514	445987	146686
4515	446076	146585
4516	446159	146480
4517	446294	146394
4518	446405	146299
4519	446513	146203
4520	446622	146108
4521	446736	146014
4522	446846	145918
4523	446934	145816
4524	447005	145708
4525	447116	145614
4526	447204	145511
4527	447381	145438
4528	447498	145345
4529	447609	145250
4530	447711	145153
4531	447802	145051
4532	447897	144951
4533	448024	144862
4534	448149	144771
4535	448254	144674
4536	448349	144574
4537	448445	144474
4538	448549	144377
4539	448667	144285
4540	448761	144184
4541	448855	144084
4542	448953	143985
4543	449034	143880
4544	449147	143786
4545	449252	143689
4546	449346	143589
4547	449451	143492
4548	449533	143388
4549	449690	143307
4550	449782	143206
4551	449919	143120
4552	450046	143030
4553	450140	142930
4554	450223	142826
4555	450323	142727
4556	450422	142628
4557	450529	142532
4558	450638	142436
4559	450741	142339
4560	450838	142240
4561	450942	142142
4562	451041	142043
4563	451133	141942
4564	451257	141852
4565	451389	141763
4566	451504	141669
4567	451643	141583
4568	451762	141491
4569	451903	141405
4570	452053	141322
4571	452183	141233
4572	452308	141142
4573	452480	141066
4574	452615	140978
4575	452730	140884
4576	452841	140789
4577	452960	140696
4578	453054	140596
4579	453163	140500
4580	453260	140400
4581	453351	140299
4582	453440	140197
4583	453554	140103
4584	453670	140009
4585	453783	139914
4586	453886	139817
4587	453968	139713
4588	454063	139613
4589	454163	139514
4590	454263	139415
4591	454392	139325
4592	454515	139234
4593	454627	139139
4594	454736	139043
4595	454866	138953
4596	454972	138857
4597	455102	138767
4598	455194	138666
4599	455302	138570
4600	455396	138469
4601	455482	138366
4602	455554	138259
4603	455654	138161
4604	455760	138064
4605	455835	137957
4606	455913	137852
4607	456008	137752
4608	456105	137652
4609	456203	137553
4610	456342	137467
4611	456452	137371
4612	456537	137268
4613	456635	137168
4614	456729	137068
4615	456825	136968
4616	456910	136865
4617	457003	136764
4618	457097	136664
4619	457202	136566
4620	457304	136469
4621	457431	136378
4622	457573	136292
4623	457718	136206
4624	457843	136115
4625	457962	136022
4626	458074	135927
4627	458193	135834
4628	458303	135738
4629	458400	135638
4630	458501	135540
4631	458613	135445
4632	458730	135351
4633	458831	135253
4634	458927	135153
4635	459021	135052
4636	459122	134954
4637	459220	134855
4638	459323	134757
4639	459414	134655
4640	459512	134556
4641	459601	134454
4642	459685	134351
4643	459777	134250
4644	459874	134150
4645	459990	134056
4646	460073	133952
4647	460180	133856
4648	460273	133755
4649	460371	133656
4650	460470	133557
4651	460579	133461
4652	460691	133365
4653	460795	133268
4654	460906	133172
4655	460986	133068
4656	461095	132972
4657	461197	132873
4658	461312	132779
4659	461401	132677
4660	461487	132574
4661	461572	132471
4662	461671	132372
4663	461785	132278
4664	461895	132182
4665	461980	132079
4666	462065	131976
4667	462153	131874
4668	462252	131775
4669	462342	131673
4670	462445	131575
4671	462541	131475
4672	462633	131374
4673	462736	131276
4674	462820	131173
4675	462913	131073
4676	463036	130980
4677	463148	130885
4678	463233	130782
4679	463337	130685
4680	463423	130582
4681	463520	130482
4682	463607	130380
4683	463705	130281
4684	463783	130176
4685	463879	130076
4686	463983	129978
4687	464081	129879
4688	464185	129781
4689	464280	129681
4690	464373	129580
4691	464485	129485
4692	464601	129391
4693	464693	129290
4694	464802	129194
4695	464899	129094
4696	464991	128993
4697	465074	128890
4698	465169	128790
4699	465271	128692
4700	465378	128595
4701	465475	128495
4702	465568	128395
4703	465660	128294
4704	465753	128193
4705	465833	128089
4706	465944	127993
4707	466040	127893
4708	466138	127794
4709	466227	127692
4710	466347	127599
4711	466440	127498
4712	466557	127404
4713	466649	127303
4714	466765	127209
4715	466857	127108
4716	466961	127011
4717	467053	126910
4718	467150	126810
4719	467227	126705
4720	467327	126606
4721	467417	126505
4722	467521	126407
4723	467620	126308
4724	467700	126204
4725	467799	126105
4726	467899	126007
4727	467997	125908
4728	468085	125806
4729	468178	125705
4730	468257	125601
4731	468365	125504
4732	468443	125400
4733	468530	125297
4734	468620	125196
4735	468729	125099
4736	468846	125005
4737	468920	124900
4738	469016	124800
4739	469100	124697
4740	469187	124595
4741	469283	124495
4742	469378	124395
4743	469473	124295
4744	469563	124194
4745	469672	124098
4746	469821	124012
4747	469930	123916
4748	470044	123821
4749	470128	123718
4750	470200	123611
4751	470280	123507
4752	470384	123410
4753	470507	123317
4754	470599	123216
4755	470747	123130
4756	470883	123041
4757	471044	122958
4758	471172	122867
4759	471298	122775
4760	471412	122679
4761	471495	122576
4762	471586	122475
4763	471666	122371
4764	471771	122274
4765	471913	122186
4766	472006	122086
4767	472104	121986
4768	472202	121887
4769	472298	121787
4770	472394	121687
4771	472486	121586
4772	472585	121488
4773	472687	121389
4774	472798	121293
4775	472890	121193
4776	473007	121098
4777	473118	121002
4778	473212	120902
4779	473292	120798
4780	473412	120704
4781	473498	120602
4782	473648	120516
4783	473779	120425
4784	473894	120330
4785	473987	120229
4786	474129	120141
4787	474260	120051
4788	474345	119948
4789	474435	119846
4790	474552	119752
4791	474678	119660
4792	474791	119564
4793	474886	119464
4794	475003	119370
4795	475099	119270
4796	475200	119171
4797	475296	119071
4798	475377	118968
4799	475459	118864
4800	475559	118766
4801	475640	118662
4802	475730	118561
4803	475838	118464
4804	475924	118362
4805	476026	118263
4806	476112	118161
4807	476209	118061
4808	476297	117960
4809	476403	117862
4810	476497	117762
4811	476593	117662
4812	476698	117565
4813	476822	117472
4814	476935	117376
4815	477051	117281
4816	477146	117181
4817	477248	117083
4818	477341	116982
4819	477432	116881
4820	477536	116783
4821	477625	116682
4822	477721	116582
4823	477823	116484
4824	477919	116384
4825	478002	116281
4826	478100	116182
4827	478234	116091
4828	478330	115991
4829	478426	115892
4830	478515	115790
4831	478621	115693
4832	478719	115593
4833	478819	115495
4834	478929	115398
4835	479025	115299
4836	479121	115199
4837	479218	115099
4838	479311	114999
4839	479395	114896
4840	479518	114803
4841	479602	114700
4842	479732	114608
4843	479834	114510
4844	479966	114419
4845	480061	114319
4846	480149	114217
4847	480283	114126
4848	480381	114027
4849	480492	113931
4850	480590	113831
4851	480705	113736
4852	480788	113633
4853	480894	113536
4854	481022	113443
4855	481128	113346
4856	481225	113247
4857	481323	113147
4858	481415	113046
4859	481504	112945
4860	481603	112846
4861	481679	112741
4862	481772	112641
4863	481867	112541
4864	481963	112441
4865	482057	112341
4866	482153	112241
4867	482236	112138
4868	482325	112037
4869	482419	111937
4870	482518	111838
4871	482618	111739
4872	482721	111641
4873	482810	111539
4874	482908	111440
4875	483008	111341
4876	483099	111240
4877	483197	111141
4878	483317	111047
4879	483404	110945
4880	483498	110845
4881	483597	110745
4882	483710	110650
4883	483798	110548
4884	483892	110448
4885	483979	110346
4886	484105	110253
4887	484188	110150
4888	484294	110053
4889	484420	109960
4890	484497	109856
4891	484597	109757
4892	484700	109659
4893	484792	109558
4894	484898	109461
4895	484980	109358
4896	485092	109262
4897	485208	109166
4898	485341	109075
4899	485476	108984
4900	485595	108889
4901	485681	108787
4902	485779	108688
4903	485895	108593
4904	486013	108498
4905	486115	108400
4906	486231	108304
4907	486322	108203
4908	486437	108108
4909	486557	108013
4910	486674	107918
4911	486760	107816
4912	486866	107719
4913	486967	107620
4914	487069	107521
4915	487173	107423
4916	487300	107331
4917	487460	107245
4918	487588	107152
4919	487725	107061
4920	487872	106972
4921	488060	106893
4922	488210	106805
4923	488327	106709
4924	488418	106609
4925	488520	106510
4926	488644	106416
4927	488794	106328
4928	488887	106228
4929	489001	106132
4930	489140	106041
4931	489250	105944
4932	489368	105849
4933	489474	105751
4934	489644	105668
4935	489764	105573
4936	489858	105472
4937	489947	105371
4938	490042	105271
4939	490144	105172
4940	490238	105072
4941	490335	104972
4942	490435	104873
4943	490548	104777
4944	490653	104679
4945	490754	104580
4946	490832	104476
4947	490923	104375
4948	491045	104281
4949	491152	104183
4950	491263	104087
4951	491367	103988
4952	491487	103893
4953	491581	103793
4954	491712	103701
4955	491852	103610
4956	491976	103516
4957	492079	103418
4958	492185	103320
4959	492270	103218
4960	492373	103119
4961	492484	103022
4962	492592	102925
4963	492698	102827
4964	492795	102727
4965	492921	102634
4966	493056	102542
4967	493149	102441
4968	493247	102342
4969	493349	102243
4970	493451	102144
4971	493564	102048
4972	493679	101952
4973	493796	101856
4974	493905	101759
4975	494013	101662
4976	494141	101568
4977	494275	101476
4978	494430	101388
4979	494560	101295
4980	494684	101201
4981	494803	101105
4982	494922	101010
4983	495045	100916
4984	495149	100817
4985	495264	100721
4986	495367	100623
4987	495478	100526
4988	495594	100430
4989	495680	100328
4990	495770	100226
4991	495860	100125
4992	495961	100026
4993	496070	99929
4994	496166	99829
4995	496279	99732
4996	496370	99631
4997	496487	99535
4998	496579	99435
4999	496686	99337
5000	496783	99237
5001	496922	99146
5002	497023	99046
5003	497112	98945
5004	497242	98852
5005	497365	98757
5006	497463	98658
5007	497585	98563
5008	497687	98464
5009	497777	98363
5010	497894	98267
5011	497995	98168
5012	498132	98076
5013	498243	97979
5014	498318	97875
5015	498436	97779
5016	498531	97679
5017	498626	97578
5018	498703	97475
5019	498799	97375
5020	498886	97273
5021	499026	97181
5022	499131	97083
5023	499233	96984
5024	499336	96886
5025	499455	96790
5026	499585	96697
5027	499714	96603
5028	499815	96504
5029	499918	96405
5030	500042	96311
5031	500155	96214
5032	500261	96116
5033	500364	96017
5034	500468	95918
5035	500582	95822
5036	500688	95724
5037	500783	95623
5038	500878	95523
5039	500977	95424
5040	501085	95326
5041	501171	95224
5042	501269	95124
5043	501380	95027
5044	501482	94928
5045	501581	94829
5046	501678	94729
5047	501783	94631
5048	501907	94536
5049	502016	94438
5050	502133	94342
5051	502224	94241
5052	502403	94157
5053	502573	94070
5054	502705	93977
5055	502836	93883
5056	502936	93784
5057	503074	93692
5058	503229	93603
5059	503354	93508
5060	503457	93409
5061	503564	93311
5062	503697	93218
5063	503855	93129
5064	504033	93044
5065	504156	92949
5066	504290	92856
5067	504450	92767
5068	504601	92677
5069	504750	92587
5070	504894	92496
5071	505001	92397
5072	505161	92309
5073	505322	92220
5074	505505	92136
5075	505633	92042
5076	505767	91948
5077	505938	91861
5078	506087	91771
5079	506290	91690
5080	506465	91604
5081	506580	91507
5082	506686	91408
5083	506800	91311
5084	506944	91220
5085	507023	91116
5086	507144	91020
5087	507281	90927
5088	507462	90842
5089	507620	90753
5090	507747	90658
5091	507883	90565
5092	508038	90475
5093	508210	90388
5094	508429	90309
5095	508586	90220
5096	508701	90123
5097	508825	90027
5098	508976	89936
5099	509105	89842
5100	509260	89752
5101	509380	89655
5102	509528	89564
5103	509663	89470
5104	509802	89377
5105	509925	89281
5106	510040	89184
5107	510171	89090
5108	510299	88995
5109	510380	88892
5110	510489	88793
5111	510594	88694
5112	510709	88597
5113	510823	88500
5114	510935	88402
5115	511037	88302
5116	511166	88207
5117	511310	88115
5118	511445	88021
5119	511578	87927
5120	511743	87838
5121	511887	87746
5122	512042	87655
5123	512208	87567
5124	512360	87476
5125	512511	87384
5126	512693	87298
5127	512864	87210
5128	513098	87133
5129	513235	87039
5130	513336	86940
5131	513463	86844
5132	513600	86750
5133	513705	86651
5134	513821	86554
5135	513942	86457
5136	514083	86364
5137	514198	86266
5138	514340	86173
5139	514483	86080
5140	514617	85986
5141	514738	85889
5142	514909	85801
5143	515073	85712
5144	515196	85615
5145	515318	85519
5146	515407	85417
5147	515497	85315
5148	515613	85217
5149	515725	85119
5150	515852	85024
5151	515943	84922
5152	516041	84821
5153	516147	84722
5154	516255	84623
5155	516384	84528
5156	516501	84430
5157	516629	84335
5158	516777	84243
5159	516917	84149
5160	517024	84050
5161	517138	83952
5162	517248	83853
5163	517371	83757
5164	517488	83659
5165	517590	83559
5166	517723	83464
5167	517896	83376
5168	518033	83282
5169	518207	83193
5170	518407	83109
5171	518529	83012
5172	518665	82918
5173	518798	82823
5174	518936	82729
5175	519061	82632
5176	519205	82539
5177	519362	82448
5178	519481	82350
5179	519596	82252
5180	519728	82157
5181	519913	82070
5182	520074	81979
5183	520186	81881
5184	520301	81783
5185	520413	81684
5186	520534	81587
5187	520653	81490
5188	520793	81395
5189	520937	81302
5190	521070	81207
5191	521182	81108
5192	521324	81014
5193	521452	80918
5194	521575	80821
5195	521696	80724
5196	521833	80629
5197	521950	80531
5198	522080	80435
5199	522252	80346
5200	522362	80247
5201	522500	80152
5202	522642	80058
5203	522780	79964
5204	522908	79867
5205	523029	79770
5206	523119	79668
5207	523225	79568
5208	523337	79470
5209	523441	79370
5210	523537	79269
5211	523661	79172
5212	523780	79074
5213	523913	78978
5214	524045	78883
5215	524172	78786
5216	524278	78687
5217	524376	78586
5218	524485	78486
5219	524607	78389
5220	524787	78300
5221	524928	78206
5222	525076	78113
5223	525241	78022
5224	525376	77926
5225	525520	77832
5226	525633	77733
5227	525771	77638
5228	525870	77538
5229	526011	77443
5230	526119	77343
5231	526242	77246
5232	526348	77146
5233	526446	77045
5234	526568	76948
5235	526662	76846
5236	526779	76748
5237	526883	76648
5238	527028	76554
5239	527195	76463
5240	527304	76364
5241	527418	76265
5242	527549	76169
5243	527683	76073
5244	527802	75975
5245	527911	75875
5246	528046	75780
5247	528152	75680
5248	528274	75582
5249	528410	75487
5250	528557	75393
5251	528696	75298
5252	528821	75200
5253	528935	75102
5254	529051	75003
5255	529165	74904
5256	529284	74806
5257	529400	74708
5258	529537	74612
5259	529707	74521
5260	529864	74428
5261	530035	74337
5262	530233	74250
5263	530347	74151
5264	530472	74054
5265	530565	73952
5266	530668	73852
5267	530790	73754
5268	530920	73657
5269	531048	73560
5270	531179	73464
5271	531323	73369
5272	531435	73270
5273	531578	73175
5274	531681	73074
5275	531800	72976
5276	531920	72878
5277	532033	72779
5278	532170	72683
5279	532296	72585
5280	532418	72487
5281	532552	72391
5282	532683	72294
5283	532803	72196
5284	532927	72098
5285	533049	72000
5286	533205	71907
5287	533320	71808
5288	533435	71709
5289	533585	71615
5290	533757	71524
5291	533878	71425
5292	534045	71333
5293	534163	71235
5294	534296	71138
5295	534459	71045
5296	534635	70955
5297	534796	70862
5298	534890	70760
5299	535006	70661
5300	535129	70563
5301	535269	70467
5302	535377	70367
5303	535504	70269
5304	535635	70172
5305	535770	70076
5306	535911	69980
5307	536025	69881
5308	536150	69783
5309	536265	69684
5310	536394	69586
5311	536535	69491
5312	536665	69393
5313	536805	69297
5314	536913	69197
5315	537015	69096
5316	537146	68999
5317	537270	68901
5318	537392	68803
5319	537529	68706
5320	537656	68609
5321	537782	68511
5322	537885	68410
5323	537972	68307
5324	538085	68208
5325	538189	68107
5326	538295	68006
5327	538410	67907
5328	538550	67811
5329	538706	67717
5330	538816	67617
5331	538954	67520
5332	539094	67424
5333	539191	67323
5334	539296	67222
5335	539438	67126
5336	539584	67030
5337	539692	66930
5338	539837	66835
5339	539937	66733
5340	540050	66634
5341	540139	66531
5342	540226	66428
5343	540324	66327
5344	540441	66228
5345	540558	66128
5346	540685	66030
5347	540780	65929
5348	540896	65829
5349	540981	65726
5350	541064	65623
5351	541187	65524
5352	541293	65424
5353	541404	65324
5354	541498	65222
5355	541621	65123
5356	541745	65025
5357	541879	64928
5358	541967	64825
5359	542082	64726
5360	542258	64634
5361	542351	64531
5362	542464	64432
5363	542599	64335
5364	542740	64238
5365	542858	64139
5366	542960	64038
5367	543058	63936
5368	543164	63836
5369	543243	63732
5370	543343	63631
5371	543475	63533
5372	543590	63434
5373	543705	63334
5374	543816	63234
5375	543930	63134
5376	544044	63035
5377	544140	62933
5378	544239	62831
5379	544319	62728
5380	544409	62625
5381	544513	62524
5382	544612	62423
5383	544712	62322
5384	544805	62220
5385	544901	62118
5386	544991	62015
5387	545088	61914
5388	545197	61814
5389	545288	61711
5390	545393	61610
5391	545508	61511
5392	545613	61410
5393	545706	61308
5394	545802	61206
5395	545886	61103
5396	545969	61000
5397	546060	60898
5398	546154	60796
5399	546256	60695
5400	546357	60593
5401	546468	60493
5402	546585	60394
5403	546681	60292
5404	546772	60190
5405	546854	60087
5406	546936	59983
5407	547022	59881
5408	547139	59781
5409	547230	59679
5410	547346	59579
5411	547442	59478
5412	547531	59375
5413	547640	59275
5414	547734	59173
5415	547856	59074
5416	547988	58976
5417	548092	58875
5418	548192	58774
5419	548299	58674
5420	548425	58575
5421	548531	58474
5422	548645	58375
5423	548733	58272
5424	548827	58170
5425	548925	58069
5426	549005	57965
5427	549090	57862
5428	549178	57760
5429	549295	57660
5430	549423	57562
5431	549526	57461
5432	549654	57363
5433	549762	57262
5434	549888	57164
5435	550007	57064
5436	550147	56967
5437	550281	56869
5438	550391	56769
5439	550562	56675
5440	550710	56579
5441	550878	56484
5442	551029	56388
5443	551138	56288
5444	551245	56187
5445	551357	56087
5446	551450	55985
5447	551559	55884
5448	551670	55784
5449	551761	55682
5450	551848	55579
5451	551932	55476
5452	552031	55375
5453	552133	55274
5454	552225	55171
5455	552360	55074
5456	552471	54973
5457	552573	54872
5458	552690	54772
5459	552824	54674
5460	552937	54574
5461	553052	54474
5462	553149	54373
5463	553228	54269
5464	553311	54166
5465	553398	54064
5466	553489	53961
5467	553582	53859
5468	553691	53759
5469	553796	53658
5470	553920	53559
5471	554017	53457
5472	554118	53356
5473	554236	53256
5474	554310	53153
5475	554411	53051
5476	554511	52950
5477	554610	52848
5478	554714	52748
5479	554842	52649
5480	554935	52547
5481	555026	52445
5482	555115	52342
5483	555224	52242
5484	555326	52140
5485	555429	52039
5486	555514	51937
5487	555625	51836
5488	555725	51735
5489	555835	51634
5490	555911	51531
5491	556009	51429
5492	556119	51329
5493	556240	51230
5494	556343	51128
5495	556427	51026
5496	556520	50924
5497	556608	50821
5498	556709	50720
5499	556824	50620
5500	556920	50518
5501	557022	50417
5502	557135	50317
5503	557229	50215
5504	557323	50113
5505	557456	50015
5506	557575	49915
5507	557680	49814
5508	557769	49712
5509	557869	49610
5510	557958	49508
5511	558063	49407
5512	558162	49306
5513	558254	49204
5514	558356	49102
5515	558464	49002
5516	558558	48900
5517	558666	48799
5518	558776	48699
5519	558848	48595
5520	558946	48493
5521	559032	48391
5522	559127	48289
5523	559228	48188
5524	559306	48085
5525	559398	47983
5526	559483	47880
5527	559583	47779
5528	559674	47677
5529	559805	47578
5530	559947	47480
5531	560034	47378
5532	560153	47278
5533	560256	47177
5534	560355	47075
5535	560466	46975
5536	560564	46873
5537	560660	46772
5538	560734	46668
5539	560838	46567
5540	560950	46467
5541	561041	46365
5542	561149	46264
5543	561237	46162
5544	561329	46060
5545	561433	45959
5546	561519	45856
5547	561635	45756
5548	561740	45655
5549	561840	45554
5550	561940	45453
5551	562036	45351
5552	562131	45249
5553	562213	45147
5554	562305	45045
5555	562376	44941
5556	562470	44839
5557	562594	44740
5558	562698	44639
5559	562792	44537
5560	562891	44436
5561	562987	44334
5562	563087	44233
5563	563225	44134
5564	563315	44032
5565	563393	43929
5566	563479	43827
5567	563566	43724
5568	563673	43624
5569	563761	43522
5570	563858	43420
5571	563971	43320
5572	564072	43218
5573	564173	43117
5574	564292	43017
5575	564394	42916
5576	564528	42817
5577	564693	42721
5578	564836	42623
5579	564957	42523
5580	565071	42423
5581	565163	42321
5582	565276	42221
5583	565379	42119
5584	565511	42020
5585	565625	41920
5586	565713	41818
5587	565823	41717
5588	565913	41615
5589	566033	41515
5590	566118	41413
5591	566227	41312
5592	566328	41211
5593	566431	41110
5594	566528	41008
5595	566611	40906
5596	566688	40803
5597	566762	40700
5598	566852	40597
5599	566946	40496
5600	567030	40393
5601	567122	40291
5602	567245	40192
5603	567363	40092
5604	567455	39990
5605	567587	39891
5606	567692	39790
5607	567799	39689
5608	567918	39589
5609	568028	39488
5610	568130	39387
5611	568247	39287
5612	568352	39186
5613	568449	39084
5614	568527	38981
5615	568615	38879
5616	568717	38778
5617	568837	38678
5618	568942	38577
5619	569046	38476
5620	569191	38378
5621	569294	38277
5622	569412	38176
5623	569520	38076
5624	569624	37974
5625	569733	37874
5626	569845	37773
5627	569949	37672
5628	570049	37571
5629	570144	37469
5630	570261	37369
5631	570386	37269
5632	570492	37168
5633	570583	37066
5634	570678	36964
5635	570787	36864
5636	570889	36762
5637	570986	36661
5638	571094	36560
5639	571186	36458
5640	571290	36357
5641	571381	36255
5642	571509	36156
5643	571619	36055
5644	571724	35954
5645	571830	35853
5646	571940	35752
5647	572056	35652
5648	572146	35550
5649	572245	35448
5650	572355	35348
5651	572452	35246
5652	572561	35145
5653	572657	35044
5654	572766	34943
5655	572887	34843
5656	572984	34741
5657	573092	34640
5658	573193	34539
5659	573311	34439
5660	573423	34338
5661	573522	34237
5662	573628	34136
5663	573714	34033
5664	573796	33931
5665	573941	33832
5666	574077	33733
5667	574174	33631
5668	574296	33531
5669	574461	33434
5670	574611	33335
5671	574727	33235
5672	574857	33135
5673	574973	33035
5674	575090	32934
5675	575180	32832
5676	575287	32731
5677	575385	32630
5678	575481	32528
5679	575602	32428
5680	575711	32327
5681	575825	32226
5682	575984	32128
5683	576099	32028
5684	576219	31927
5685	576356	31828
5686	576474	31727
5687	576620	31628
5688	576752	31529
5689	576880	31429
5690	577000	31328
5691	577101	31227
5692	577214	31126
5693	577358	31027
5694	577458	30926
5695	577549	30824
5696	577654	30723
5697	577765	30622
5698	577882	30521
5699	577983	30420
5700	578081	30318
5701	578201	30218
5702	578329	30118
5703	578456	30018
5704	578552	29916
5705	578647	29814
5706	578787	29715
5707	578882	29613
5708	578997	29512
5709	579090	29410
5710	579180	29308
5711	579297	29208
5712	579405	29107
5713	579511	29006
5714	579613	28904
5715	579732	28804
5716	579833	28702
5717	579976	28603
5718	580108	28503
5719	580232	28402
5720	580349	28302
5721	580490	28202
5722	580577	28100
5723	580716	28000
5724	580853	27901
5725	580982	27801
5726	581145	27702
5727	581295	27603
5728	581398	27501
5729	581569	27403
5730	581663	27301
5731	581769	27200
5732	581870	27099
5733	581993	26998
5734	582093	26897
5735	582184	26795
5736	582280	26693
5737	582382	26591
5738	582497	26490
5739	582587	26389
5740	582695	26287
5741	582791	26186
5742	582883	26084
5743	582973	25982
5744	583062	25880
5745	583170	25778
5746	583260	25676
5747	583365	25575
5748	583448	25473
5749	583548	25371
5750	583670	25271
5751	583749	25168
5752	583831	25066
5753	583922	24964
5754	584014	24862
5755	584119	24761
5756	584233	24660
5757	584324	24558
5758	584453	24457
5759	584558	24356
5760	584639	24254
5761	584747	24153
5762	584843	24051
5763	584960	23950
5764	585062	23849
5765	585144	23746
5766	585254	23645
5767	585355	23544
5768	585497	23444
5769	585626	23343
5770	585734	23242
5771	585849	23141
5772	585954	23040
5773	586040	22938
5774	586161	22837
5775	586245	22735
5776	586370	22634
5777	586467	22533
5778	586560	22431
5779	586668	22329
5780	586782	22228
5781	586899	22128
5782	587036	22027
5783	587182	21927
5784	587284	21826
5785	587397	21725
5786	587496	21623
5787	587607	21522
5788	587691	21420
5789	587776	21318
5790	587867	21216
5791	587967	21114
5792	588116	21015
5793	588241	20914
5794	588348	20813
5795	588454	20711
5796	588556	20610
5797	588657	20508
5798	588751	20406
5799	588898	20306
5800	588982	20204
5801	589076	20102
5802	589168	20001
5803	589325	19901
5804	589447	19800
5805	589544	19698
5806	589634	19596
5807	589721	19494
5808	589815	19393
5809	589927	19291
5810	590017	19190
5811	590130	19088
5812	590230	18987
5813	590398	18887
5814	590544	18787
5815	590676	18687
5816	590813	18586
5817	590951	18486
5818	591060	18384
5819	591157	18283
5820	591282	18182
5821	591376	18080
5822	591513	17980
5823	591627	17878
5824	591726	17777
5825	591843	17676
5826	591950	17574
5827	592033	17472
5828	592140	17371
5829	592245	17269
5830	592329	17167
5831	592414	17065
5832	592495	16963
5833	592597	16861
5834	592705	16760
5835	592804	16658
5836	592893	16556
5837	592991	16455
5838	593095	16353
5839	593196	16251
5840	593296	16150
5841	593405	16048
5842	593507	15947
5843	593636	15846
5844	593722	15744
5845	593827	15643
5846	593927	15541
5847	594010	15439
5848	594112	15337
5849	594217	15236
5850	594319	15134
5851	594422	15033
5852	594526	14931
5853	594628	14830
5854	594762	14729
5855	594883	14628
5856	595032	14527
5857	595160	14426
5858	595293	14326
5859	595384	14224
5860	595507	14123
5861	595631	14022
5862	595739	13920
5863	595860	13819
5864	595948	13717
5865	596051	13615
5866	596152	13514
5867	596249	13412
5868	596332	13310
5869	596437	13209
5870	596538	13107
5871	596669	13006
5872	596774	12904
5873	596848	12802
5874	596966	12701
5875	597062	12599
5876	597183	12498
5877	597291	12397
5878	597392	12295
5879	597498	12193
5880	597633	12092
5881	597775	11992
5882	597886	11890
5883	598005	11789
5884	598113	11687
5885	598253	11586
5886	598369	11485
5887	598476	11384
5888	598560	11282
5889	598677	11180
5890	598764	11078
5891	598873	10977
5892	599007	10876
5893	599132	10775
5894	599243	10673
5895	599337	10571
5896	599435	10470
5897	599553	10368
5898	599656	10267
5899	599773	10165
5900	599860	10063
5901	599954	9961
5902	600031	9859
5903	600154	9758
5904	600249	9656
5905	600368	9555
5906	600500	9454
5907	600629	9353
5908	600721	9251
5909	600840	9149
5910	600924	9047
5911	601004	8945
5912	601105	8844
5913	601197	8742
5914	601351	8641
5915	601442	8539
5916	601548	8438
5917	601638	8336
5918	601768	8235
5919	601900	8133
5920	602031	8032
5921	602141	7930
5922	602236	7829
5923	602336	7727
5924	602432	7625
5925	602504	7523
5926	602592	7421
5927	602696	7320
5928	602785	7218
5929	602886	7116
5930	603031	7015
5931	603148	6914
5932	603270	6812
5933	603404	6711
5934	603514	6609
5935	603611	6507
5936	603695	6406
5937	603801	6304
5938	603899	6202
5939	603988	6100
5940	604102	5999
5941	604194	5897
5942	604298	5795
5943	604423	5694
5944	604515	5592
5945	604625	5491
5946	604708	5389
5947	604797	5287
5948	604902	5185
5949	605045	5084
5950	605147	4982
5951	605258	4881
5952	605334	4779
5953	605454	4677
5954	605537	4575
5955	605642	4474
5956	605731	4372
5957	605833	4270
5958	605948	4169
5959	606028	4067
5960	606133	3965
5961	606214	3863
5962	606319	3762
5963	606430	3660
5964	606518	3558
5965	606661	3457
5966	606766	3355
5967	606860	3253
5968	606952	3152
5969	607049	3050
5970	607136	2948
5971	607237	2847
5972	607329	2745
5973	607419	2643
5974	607513	2541
5975	607625	2440
5976	607738	2338
5977	607850	2236
5978	607940	2135
5979	608018	2033
5980	608106	1931
5981	608197	1830
5982	608330	1728
5983	608414	1626
5984	608503	1525
5985	608612	1423
5986	608743	1321
5987	608851	1220
5988	608970	1118
5989	609076	1016
5990	609167	915
5991	609300	813
5992	609385	711
5993	609483	610
5994	609588	508
5995	609697	406
5996	609802	305
5997	609877	203
5998	609991	101
5999	610092	0
