iter	Logloss
0	0.6870335764
1	0.6795469853
2	0.6730584276
3	0.666473085
4	0.6609428612
5	0.655097328
6	0.6492240088
7	0.6438418351
8	0.6384931665
9	0.6339596459
10	0.6288838336
11	0.6240024339
12	0.6195980693
13	0.6155080291
14	0.6118327526
15	0.6080460154
16	0.6043852241
17	0.601190201
18	0.5978823588
19	0.5945661353
20	0.5912753071
21	0.5882344942
22	0.5854401123
23	0.5829481288
24	0.5804582655
25	0.5780264912
26	0.5761574593
27	0.5739060975
28	0.5717152594
29	0.5695193197
30	0.5679385453
31	0.5660530818
32	0.5645113924
33	0.5629694175
34	0.5612029305
35	0.5594614581
36	0.5579166955
37	0.5564331508
38	0.555047837
39	0.5537107745
40	0.5524030008
41	0.5512836701
42	0.5500217809
43	0.5488218599
44	0.5477134023
45	0.546534521
46	0.5454580724
47	0.5445272688
48	0.5433523232
49	0.5423500442
50	0.5414774124
51	0.540698377
52	0.5398058371
53	0.5388949238
54	0.5381168018
55	0.5374377525
56	0.53663359
57	0.5358886111
58	0.5352864191
59	0.534396363
60	0.5338314502
61	0.5332997924
62	0.5326446125
63	0.5320584011
64	0.5316574173
65	0.531098965
66	0.5304806772
67	0.5300388587
68	0.5295171413
69	0.5290463392
70	0.5286771129
71	0.5281211336
72	0.5278009137
73	0.5274801452
74	0.5270999207
75	0.5266319777
76	0.5263165627
77	0.5260517269
78	0.5256948854
79	0.5253582691
80	0.5249389737
81	0.5246876316
82	0.5243672937
83	0.5242141333
84	0.523934404
85	0.5236619098
86	0.5234186379
87	0.5231017814
88	0.5227561325
89	0.5224052113
90	0.521988452
91	0.5217429576
92	0.5215140067
93	0.5212658703
94	0.5210014837
95	0.5209371859
96	0.5207078544
97	0.5205234322
98	0.5203465864
99	0.5200654107
100	0.5198353146
101	0.5196782936
102	0.5195074894
103	0.5193590307
104	0.519140377
105	0.5189234747
106	0.5187486489
107	0.5185907417
108	0.5184168518
109	0.5181817319
110	0.5180645526
111	0.5179391961
112	0.5177715212
113	0.5176675175
114	0.5175077932
115	0.5174101234
116	0.5172389146
117	0.5171087298
118	0.5169972674
119	0.5168882651
120	0.5167754804
121	0.5166790654
122	0.5165584942
123	0.5164436663
124	0.5163583825
125	0.5162612128
126	0.5160879052
127	0.5159805885
128	0.5158483729
129	0.5156903126
130	0.515572597
131	0.5154980483
132	0.5154238387
133	0.5152807625
134	0.5151939901
135	0.5151183767
136	0.5150581571
137	0.5150196146
138	0.5149578163
139	0.5148838012
140	0.5147550574
141	0.5146590585
142	0.5145263952
143	0.5143982381
144	0.51427511
145	0.5141117632
146	0.5140551892
147	0.5139825223
148	0.5139199607
149	0.5138812346
150	0.513743717
151	0.5136973206
152	0.5136466116
153	0.513634758
154	0.5135794978
155	0.5134932804
156	0.5134801818
157	0.5134018513
158	0.5133436273
159	0.5132637202
160	0.5131975063
161	0.5131506115
162	0.5130474778
163	0.5129709567
164	0.5128869991
165	0.5127890521
166	0.512730427
167	0.5126750756
168	0.5125942113
169	0.5125224606
170	0.5124539671
171	0.5124069029
172	0.51236467
173	0.5123406907
174	0.5122675557
175	0.5122035765
176	0.5121186732
177	0.5120926101
178	0.5120871904
179	0.5120321275
180	0.5119551181
181	0.5118870567
182	0.511874067
183	0.5118156216
184	0.5117941589
185	0.5116972284
186	0.5116262942
187	0.511570995
188	0.5115211772
189	0.5114994058
190	0.5114477341
191	0.5114180724
192	0.5113412701
193	0.5112755104
194	0.5112460402
195	0.5111885018
196	0.5111136039
197	0.5110511713
198	0.5110439378
199	0.5110101672
200	0.5109332585
201	0.5108438019
202	0.5107998374
203	0.5107609466
204	0.5107115144
205	0.5106508199
206	0.5105858506
207	0.5105715372
208	0.5105291263
209	0.5104584913
210	0.5104052092
211	0.5104016328
212	0.5103912264
213	0.5103382223
214	0.5102785791
215	0.5102340664
216	0.5101983854
217	0.5101671642
218	0.51010612
219	0.5100748689
220	0.5100373704
221	0.5099747181
222	0.5099267583
223	0.5099024128
224	0.5098759604
225	0.5098515474
226	0.5098253544
227	0.5098163494
228	0.5098041371
229	0.509773215
230	0.5097681587
231	0.5097353085
232	0.5097011865
233	0.509672402
234	0.5096299601
235	0.5096119286
236	0.5096084614
237	0.5095883432
238	0.5095711808
239	0.5095452946
240	0.5095115661
241	0.5094736536
242	0.5094324987
243	0.5093647186
244	0.5093442576
245	0.5093195555
246	0.5092838041
247	0.5092507739
248	0.5092131831
249	0.5091916392
250	0.5091505141
251	0.5091155918
252	0.5090896514
253	0.5090586055
254	0.5090441918
255	0.5090087631
256	0.5089700748
257	0.5089380218
258	0.508917629
259	0.5088864202
260	0.5088674769
261	0.5088324229
262	0.5088324228
263	0.5088198625
264	0.5087845416
265	0.5087755057
266	0.5087467532
267	0.5087227889
268	0.5087071571
269	0.5086769098
270	0.5086618716
271	0.5086545008
272	0.5086299393
273	0.5086193696
274	0.5085573754
275	0.5085314044
276	0.5085181514
277	0.5084903004
278	0.5084639868
279	0.5084339521
280	0.5084053906
281	0.5083785559
282	0.5083489943
283	0.5083460511
284	0.5083387368
285	0.5083125411
286	0.5082891286
287	0.5082428103
288	0.5082247244
289	0.5081993323
290	0.5081948626
291	0.5081691167
292	0.508160944
293	0.5081402044
294	0.5081200439
295	0.508100479
296	0.5080727167
297	0.5080619859
298	0.5080287633
299	0.5080100381
300	0.5079930701
301	0.5079930697
302	0.5079789813
303	0.507966546
304	0.5079337803
305	0.5079153393
306	0.5079018656
307	0.5078984342
308	0.5078780701
309	0.5078643958
310	0.5078380015
311	0.5078216068
312	0.5077967431
313	0.5077824178
314	0.5077688697
315	0.5077415483
316	0.5077097476
317	0.5076760695
318	0.5076580218
319	0.5076420622
320	0.5076420618
321	0.5076047274
322	0.5075845081
323	0.5075657255
324	0.5075249629
325	0.5075083237
326	0.5074722636
327	0.5074625685
328	0.5074376681
329	0.5074263627
330	0.5073897364
331	0.507362714
332	0.5073437768
333	0.5073247396
334	0.5073134727
335	0.5073017158
336	0.5072897981
337	0.5072837967
338	0.5072453601
339	0.5072330118
340	0.5072074631
341	0.5071925932
342	0.5071705111
343	0.5071501198
344	0.5071405297
345	0.5071249089
346	0.5070924099
347	0.5070879011
348	0.5070590378
349	0.5070518139
350	0.5070262686
351	0.5070262682
352	0.5070000598
353	0.5069969502
354	0.5069668386
355	0.5069510518
356	0.5069321049
357	0.5069183331
358	0.5068811099
359	0.5068522049
360	0.5068522041
361	0.5068363833
362	0.5068236599
363	0.5068073329
364	0.5067775824
365	0.5067652367
366	0.506746981
367	0.5067435708
368	0.5067181457
369	0.5067181452
370	0.5066847135
371	0.5066751888
372	0.5066619271
373	0.5066317998
374	0.5066062025
375	0.5065922978
376	0.506575015
377	0.5065679274
378	0.5065671926
379	0.5065589136
380	0.5065475981
381	0.5065222222
382	0.5065152723
383	0.5064965568
384	0.5064911401
385	0.5064812035
386	0.5064638152
387	0.5064450812
388	0.5064375112
389	0.5064302046
390	0.5064142804
391	0.506410925
392	0.5063961045
393	0.5063892137
394	0.5063826035
395	0.5063807985
396	0.5063096627
397	0.5062861925
398	0.5062737527
399	0.5062731178
400	0.5062614582
401	0.5062614578
402	0.506243443
403	0.5062126863
404	0.5061957837
405	0.5061957832
406	0.5061756616
407	0.5061613653
408	0.5061518839
409	0.5061313914
410	0.5061152288
411	0.5060912135
412	0.5060791319
413	0.5060715678
414	0.5060523276
415	0.5060216106
416	0.5059859675
417	0.5059720829
418	0.5059719541
419	0.5059633469
420	0.5059196437
421	0.5059174273
422	0.5059050502
423	0.50590505
424	0.505878954
425	0.5058646025
426	0.5058635155
427	0.5058635154
428	0.5058318863
429	0.5058318861
430	0.5058207506
431	0.5058052521
432	0.5057755439
433	0.5057393796
434	0.5057310996
435	0.5057204745
436	0.5057087521
437	0.5056914177
438	0.5056779896
439	0.505670978
440	0.5056570167
441	0.505645282
442	0.5056310004
443	0.5056167128
444	0.505608995
445	0.5056042866
446	0.5055831435
447	0.5055720701
448	0.5055592759
449	0.5055481201
450	0.50554812
451	0.5055397316
452	0.5055199018
453	0.5054976725
454	0.5054781339
455	0.5054529488
456	0.5054351235
457	0.5054263252
458	0.5054147118
459	0.5053887011
460	0.5053848271
461	0.5053476185
462	0.5053315501
463	0.5053196723
464	0.5053086951
465	0.5052855999
466	0.5052582189
467	0.5052534768
468	0.5052470353
469	0.5052434538
470	0.505219879
471	0.5052112987
472	0.5052062733
473	0.5051910739
474	0.5051704096
475	0.5051292699
476	0.5050921278
477	0.5050832385
478	0.50506772
479	0.5050591059
480	0.5050544695
481	0.5050063835
482	0.504987448
483	0.5049772642
484	0.5049318012
485	0.5048823058
486	0.5048696799
487	0.5048559318
488	0.5048067052
489	0.5048067046
490	0.5047933033
491	0.5047829958
492	0.5047674624
493	0.504757847
494	0.5047082086
495	0.5047010587
496	0.5046841524
497	0.5046783693
498	0.5046459187
499	0.5046249774
500	0.5046013786
501	0.504595081
502	0.5045698603
503	0.50455868
504	0.5045580128
505	0.5045435476
506	0.5045150193
507	0.5044738716
508	0.5044725246
509	0.5044585906
510	0.5044493522
511	0.5044271541
512	0.5044070154
513	0.5044065157
514	0.5043953138
515	0.5043697503
516	0.5043534018
517	0.504312846
518	0.5042767232
519	0.5042706645
520	0.5042511386
521	0.5042395361
522	0.5042142869
523	0.5041780387
524	0.5041655397
525	0.5041477607
526	0.5041306023
527	0.5040840726
528	0.5040407567
529	0.5040217339
530	0.504002123
531	0.5039647116
532	0.5039554146
533	0.5039319605
534	0.5038988519
535	0.5038893059
536	0.5038689021
537	0.5038400827
538	0.5038295416
539	0.5038039855
540	0.5037736778
541	0.5037391416
542	0.5037263546
543	0.5036872038
544	0.5036750602
545	0.5036411529
546	0.5036161066
547	0.5035737157
548	0.5035651429
549	0.5035376731
550	0.5034935537
551	0.5034800079
552	0.5034366597
553	0.503410593
554	0.5033873491
555	0.5033423753
556	0.5033204284
557	0.5032813714
558	0.5032678295
559	0.5032458741
560	0.5032232105
561	0.5031947212
562	0.5031630868
563	0.5031476157
564	0.5031044146
565	0.5030736081
566	0.5030478056
567	0.5030157577
568	0.5029860601
569	0.5029564496
570	0.5029350437
571	0.502913946
572	0.5028817367
573	0.502861429
574	0.5028319715
575	0.5028034185
576	0.502780228
577	0.5027545221
578	0.5027162973
579	0.5026823519
580	0.502649134
581	0.5026287061
582	0.5026049044
583	0.5025835281
584	0.5025546432
585	0.5025273411
586	0.502494243
587	0.50247243
588	0.5024525259
589	0.502429459
590	0.5024095672
591	0.5023684011
592	0.5023282764
593	0.5023049078
594	0.5022783663
595	0.5022468537
596	0.5022228807
597	0.5021930161
598	0.5021634233
599	0.5021400498
600	0.5021185442
601	0.5020932447
602	0.5020596203
603	0.5020290383
604	0.5020032213
605	0.5019654615
606	0.5019317153
607	0.5018973524
608	0.5018741208
609	0.5018389665
610	0.5018031626
611	0.5017717487
612	0.5017548425
613	0.5017338837
614	0.5016991364
615	0.5016756714
616	0.501643206
617	0.5016231983
618	0.5015918661
619	0.501564899
620	0.5015371346
621	0.5015059651
622	0.5014938702
623	0.5014641526
624	0.5014270949
625	0.5014057588
626	0.5013762011
627	0.5013574301
628	0.5013218717
629	0.5012931837
630	0.5012709228
631	0.501245773
632	0.5012143474
633	0.5011839974
634	0.5011581705
635	0.5011351285
636	0.5011077421
637	0.501089148
638	0.5010672907
639	0.5010277731
640	0.5009980897
641	0.500975026
642	0.5009522366
643	0.5009185656
644	0.5008952854
645	0.5008735219
646	0.5008583806
647	0.5008352143
648	0.5008124079
649	0.5007777434
650	0.5007452527
651	0.5007247332
652	0.500702105
653	0.5006821801
654	0.5006609986
655	0.500632518
656	0.5006008333
657	0.5005810145
658	0.5005528535
659	0.5005133202
660	0.500494832
661	0.5004626764
662	0.5004375522
663	0.500403812
664	0.5003846779
665	0.5003565074
666	0.5003379939
667	0.5003140273
668	0.5002854367
669	0.5002607701
670	0.5002422118
671	0.5002232604
672	0.5002030574
673	0.5001815263
674	0.5001512789
675	0.5001257487
676	0.500108693
677	0.5000853156
678	0.500057267
679	0.5000393439
680	0.5000156805
681	0.4999962152
682	0.4999734923
683	0.4999549202
684	0.4999333785
685	0.4999170408
686	0.4998953434
687	0.4998760924
688	0.4998468632
689	0.4998246739
690	0.4998037779
691	0.4997808835
692	0.4997573072
693	0.4997368383
694	0.499721265
695	0.4996885079
696	0.4996689078
697	0.4996514554
698	0.4996324765
699	0.4996181204
700	0.4995823069
701	0.4995546093
702	0.4995351968
703	0.4995186027
704	0.499500119
705	0.4994828707
706	0.4994604188
707	0.4994433301
708	0.4994136509
709	0.4993995849
710	0.4993702103
711	0.4993459722
712	0.4993256641
713	0.4993137259
714	0.4992907007
715	0.4992689377
716	0.4992570719
717	0.4992244422
718	0.4992105637
719	0.4991832805
720	0.4991627706
721	0.4991472148
722	0.4991205491
723	0.4991036802
724	0.4990846655
725	0.4990688992
726	0.4990527261
727	0.4990367439
728	0.4990098961
729	0.4989945992
730	0.4989804479
731	0.4989685776
732	0.498955588
733	0.4989373077
734	0.4989061505
735	0.4988849894
736	0.4988625698
737	0.4988472251
738	0.4988328673
739	0.4988109614
740	0.4987937936
741	0.498781061
742	0.4987659225
743	0.498742858
744	0.4987280613
745	0.4987137188
746	0.4986846038
747	0.4986735007
748	0.4986539085
749	0.4986343309
750	0.4986268314
751	0.4985991605
752	0.4985813369
753	0.498564369
754	0.4985511044
755	0.4985316151
756	0.4985047035
757	0.4984792869
758	0.4984560325
759	0.4984444934
760	0.4984292229
761	0.4984162645
762	0.4984052889
763	0.4983890405
764	0.4983732087
765	0.4983572926
766	0.4983322358
767	0.4983154708
768	0.4982960815
769	0.4982836922
770	0.4982737794
771	0.4982583577
772	0.498243293
773	0.4982251424
774	0.4982137105
775	0.4982018202
776	0.4981895552
777	0.4981716204
778	0.4981553959
779	0.498143632
780	0.4981318658
781	0.4981135649
782	0.4981076691
783	0.4980824604
784	0.4980596179
785	0.4980491516
786	0.4980339738
787	0.498016296
788	0.4979997617
789	0.4979860928
790	0.497962406
791	0.4979492306
792	0.4979235214
793	0.4979148724
794	0.4978957322
795	0.4978842366
796	0.4978711643
797	0.4978546406
798	0.497832487
799	0.497823766
800	0.4978054849
801	0.4977928913
802	0.4977711256
803	0.4977538688
804	0.4977323801
805	0.4977120116
806	0.49769364
807	0.4976712198
808	0.4976534089
809	0.4976405044
810	0.497634702
811	0.4976190366
812	0.4976104223
813	0.4976007443
814	0.4975904095
815	0.4975763379
816	0.4975604451
817	0.4975451926
818	0.4975271731
819	0.497516397
820	0.4974956272
821	0.4974834114
822	0.4974710715
823	0.4974529039
824	0.4974460518
825	0.4974322941
826	0.4974209248
827	0.4974043451
828	0.4973923023
829	0.4973784212
830	0.4973670154
831	0.4973557379
832	0.4973413195
833	0.4973275976
834	0.4973095565
835	0.4972956652
836	0.4972790323
837	0.4972702599
838	0.4972486792
839	0.4972361089
840	0.4972162038
841	0.4972113692
842	0.4971999636
843	0.4971890169
844	0.4971696428
845	0.4971599566
846	0.4971494853
847	0.4971300358
848	0.4971172715
849	0.497108137
850	0.4970898013
851	0.4970784311
852	0.4970610185
853	0.4970451697
854	0.497041402
855	0.497022479
856	0.497003423
857	0.4969920546
858	0.4969795629
859	0.4969689145
860	0.4969555687
861	0.4969441104
862	0.4969317691
863	0.4969173346
864	0.4969079668
865	0.4968894992
866	0.496880023
867	0.4968746601
868	0.4968600221
869	0.4968499461
870	0.4968347634
871	0.4968183282
872	0.4968045225
873	0.4967888392
874	0.496775212
875	0.4967650755
876	0.4967600042
877	0.4967406049
878	0.4967307322
879	0.4967192833
880	0.4967003422
881	0.4966950971
882	0.4966779285
883	0.4966642497
884	0.4966509001
885	0.4966394188
886	0.4966272548
887	0.4966160737
888	0.4965976063
889	0.4965894325
890	0.4965694003
891	0.4965523703
892	0.496543005
893	0.496526907
894	0.496510527
895	0.4964965659
896	0.496483548
897	0.4964753662
898	0.4964577284
899	0.4964492639
900	0.4964388973
901	0.4964335384
902	0.4964173484
903	0.4964065827
904	0.4963932485
905	0.4963857651
906	0.496380166
907	0.4963605748
908	0.496352283
909	0.4963495918
910	0.4963411749
911	0.49632589
912	0.4963107114
913	0.4963027428
914	0.496288032
915	0.4962833854
916	0.4962741573
917	0.4962635156
918	0.4962485157
919	0.4962334636
920	0.4962181017
921	0.4962132724
922	0.4962026584
923	0.496185657
924	0.4961771061
925	0.496168997
926	0.4961531772
927	0.4961370798
928	0.4961179887
929	0.4961054583
930	0.4960976414
931	0.4960895552
932	0.4960718181
933	0.496061144
934	0.496052385
935	0.4960453644
936	0.4960291424
937	0.4960198417
938	0.4960020294
939	0.4959946452
940	0.4959790976
941	0.4959718514
942	0.4959614983
943	0.495955078
944	0.4959461543
945	0.4959394688
946	0.4959269868
947	0.4959160034
948	0.4959067952
949	0.4958973878
950	0.4958792406
951	0.4958630798
952	0.4958512088
953	0.4958429457
954	0.4958276953
955	0.4958180693
956	0.4958094873
957	0.4958017821
958	0.4957859979
959	0.4957681446
960	0.4957514136
961	0.4957396734
962	0.4957262392
963	0.495718766
964	0.4957049482
965	0.4956880719
966	0.4956784986
967	0.4956677456
968	0.495655855
969	0.4956455471
970	0.4956413982
971	0.4956228815
972	0.4956158968
973	0.4956027636
974	0.495593331
975	0.4955855662
976	0.4955670501
977	0.4955509284
978	0.4955375991
979	0.495532971
980	0.495517352
981	0.4955108848
982	0.495500769
983	0.4954893383
984	0.4954797204
985	0.4954706478
986	0.4954630859
987	0.4954523193
988	0.4954394576
989	0.4954314226
990	0.495413847
991	0.4954075592
992	0.4953982356
993	0.4953888216
994	0.4953751666
995	0.4953628306
996	0.4953562582
997	0.4953481044
998	0.4953335528
999	0.4953246711
1000	0.4953172572
1001	0.4953093022
1002	0.4952938587
1003	0.4952834595
1004	0.4952765195
1005	0.495268185
1006	0.4952594986
1007	0.4952516456
1008	0.4952332436
1009	0.495216473
1010	0.4952042651
1011	0.4951946209
1012	0.4951880569
1013	0.4951809806
1014	0.4951721008
1015	0.4951626755
1016	0.4951548574
1017	0.4951494019
1018	0.4951417829
1019	0.495136265
1020	0.4951263426
1021	0.4951180053
1022	0.4951106741
1023	0.4950911192
1024	0.4950870969
1025	0.4950780109
1026	0.4950641183
1027	0.4950567655
1028	0.49504271
1029	0.4950309437
1030	0.4950216967
1031	0.4950118625
1032	0.4950019812
1033	0.4949865825
1034	0.4949780118
1035	0.4949664309
1036	0.4949548806
1037	0.4949476359
1038	0.4949382011
1039	0.4949296141
1040	0.494925594
1041	0.494914946
1042	0.4949085675
1043	0.4948968975
1044	0.4948895422
1045	0.4948754035
1046	0.4948713674
1047	0.4948640286
1048	0.494851474
1049	0.4948393973
1050	0.4948286577
1051	0.4948167396
1052	0.4948121538
1053	0.4948017327
1054	0.4947954699
1055	0.494785465
1056	0.4947728919
1057	0.4947579531
1058	0.494748887
1059	0.4947382771
1060	0.4947268828
1061	0.494715604
1062	0.4947040634
1063	0.4946917227
1064	0.4946795262
1065	0.4946743138
1066	0.4946708928
1067	0.4946649097
1068	0.4946555396
1069	0.4946429558
1070	0.4946333966
1071	0.4946144113
1072	0.4946095469
1073	0.4945975518
1074	0.4945867972
1075	0.4945705151
1076	0.4945575053
1077	0.4945417754
1078	0.4945290319
1079	0.4945222031
1080	0.4945079507
1081	0.4944911184
1082	0.4944785369
1083	0.4944644852
1084	0.4944491321
1085	0.4944384764
1086	0.4944339534
1087	0.4944285183
1088	0.4944190668
1089	0.4944027086
1090	0.4943915906
1091	0.4943807789
1092	0.4943708725
1093	0.4943582325
1094	0.4943468226
1095	0.4943412431
1096	0.4943343295
1097	0.4943273658
1098	0.4943150562
1099	0.4943079468
1100	0.49429934
1101	0.4942944773
1102	0.4942888947
1103	0.4942789258
1104	0.4942720349
1105	0.4942634
1106	0.4942528924
1107	0.4942444984
1108	0.494240868
1109	0.4942229608
1110	0.4942149611
1111	0.4942091392
1112	0.4942021009
1113	0.494192118
1114	0.4941826088
1115	0.4941753501
1116	0.494163846
1117	0.494152831
1118	0.4941402145
1119	0.4941305495
1120	0.4941227961
1121	0.4941103902
1122	0.494095397
1123	0.4940891114
1124	0.4940746309
1125	0.4940669256
1126	0.4940600647
1127	0.4940461873
1128	0.4940430549
1129	0.4940278745
1130	0.4940210582
1131	0.4940102084
1132	0.4940015703
1133	0.4939955346
1134	0.4939813454
1135	0.4939743123
1136	0.4939632574
1137	0.4939552574
1138	0.4939479305
1139	0.4939443732
1140	0.4939359101
1141	0.4939274583
1142	0.4939211955
1143	0.4939082498
1144	0.4938962557
1145	0.4938921709
1146	0.493880544
1147	0.493870085
1148	0.4938639656
1149	0.4938595537
1150	0.4938517499
1151	0.493843279
1152	0.4938310379
1153	0.4938241943
1154	0.4938164296
1155	0.4938089951
1156	0.49379741
1157	0.4937883007
1158	0.4937816686
1159	0.4937761721
1160	0.4937673281
1161	0.4937599969
1162	0.4937539275
1163	0.4937410082
1164	0.4937331277
1165	0.4937293821
1166	0.4937199175
1167	0.4937134845
1168	0.4937065348
1169	0.4937023273
1170	0.4936873536
1171	0.4936754111
1172	0.4936656586
1173	0.4936513616
1174	0.4936443516
1175	0.4936383782
1176	0.4936270921
1177	0.493617993
1178	0.4936115228
1179	0.4936014138
1180	0.4935939426
1181	0.4935901722
1182	0.4935840635
1183	0.4935772595
1184	0.4935699957
1185	0.4935591064
1186	0.4935484417
1187	0.4935407562
1188	0.4935359578
1189	0.4935273205
1190	0.4935199529
1191	0.4935136345
1192	0.4935071679
1193	0.4935007443
1194	0.49349263
1195	0.4934812157
1196	0.4934780074
1197	0.4934663856
1198	0.493453935
1199	0.4934414381
1200	0.4934305032
1201	0.4934167377
1202	0.4934054466
1203	0.4933946992
1204	0.4933843071
1205	0.4933747252
1206	0.4933669235
1207	0.4933596436
1208	0.4933552619
1209	0.4933459982
1210	0.4933307899
1211	0.4933246496
1212	0.4933161909
1213	0.4933030673
1214	0.4932982237
1215	0.4932914009
1216	0.4932859054
1217	0.4932780866
1218	0.4932623961
1219	0.493251386
1220	0.4932450775
1221	0.4932341169
1222	0.4932241388
1223	0.4932159424
1224	0.4932079819
1225	0.4931928803
1226	0.4931835081
1227	0.4931735594
1228	0.4931630791
1229	0.4931553339
1230	0.4931449698
1231	0.4931342263
1232	0.4931293998
1233	0.493122201
1234	0.4931128279
1235	0.4931058945
1236	0.4930980625
1237	0.493088527
1238	0.4930826727
1239	0.4930768559
1240	0.4930678734
1241	0.4930531159
1242	0.4930495172
1243	0.4930391311
1244	0.493025784
1245	0.4930212161
1246	0.4930177623
1247	0.4930114726
1248	0.4930033357
1249	0.4929941324
1250	0.4929840765
1251	0.4929740048
1252	0.4929642442
1253	0.4929590909
1254	0.4929535857
1255	0.4929476067
1256	0.4929340422
1257	0.4929291701
1258	0.4929232359
1259	0.4929185722
1260	0.4929071217
1261	0.4928934155
1262	0.4928885749
1263	0.4928839569
1264	0.4928747956
1265	0.492868983
1266	0.4928653719
1267	0.4928622044
1268	0.4928548784
1269	0.492853256
1270	0.4928395577
1271	0.4928360082
1272	0.4928220463
1273	0.492813912
1274	0.4928100451
1275	0.4927992347
1276	0.4927899733
1277	0.4927832527
1278	0.4927733017
1279	0.492766783
1280	0.4927631488
1281	0.4927534143
1282	0.4927440278
1283	0.4927424755
1284	0.4927334685
1285	0.4927238822
1286	0.4927135062
1287	0.4927103562
1288	0.4927000386
1289	0.4926963626
1290	0.4926920924
1291	0.4926893807
1292	0.4926838272
1293	0.4926788626
1294	0.4926697502
1295	0.4926647703
1296	0.4926575607
1297	0.4926494789
1298	0.4926358371
1299	0.492628139
1300	0.4926231562
1301	0.4926147836
1302	0.4926103835
1303	0.4926020208
1304	0.4925981799
1305	0.4925959566
1306	0.4925938968
1307	0.4925914927
1308	0.4925878881
1309	0.4925778915
1310	0.4925649841
1311	0.4925537745
1312	0.492546843
1313	0.4925376315
1314	0.492529136
1315	0.4925184343
1316	0.4925092513
1317	0.4925001167
1318	0.4924936463
1319	0.4924902969
1320	0.492478453
1321	0.4924667457
1322	0.492456486
1323	0.4924488478
1324	0.492442746
1325	0.492436249
1326	0.4924295689
1327	0.4924204684
1328	0.4924152821
1329	0.4924097899
1330	0.4924047333
1331	0.4923976036
1332	0.4923862203
1333	0.4923756995
1334	0.4923640307
1335	0.4923568055
1336	0.4923503114
1337	0.4923397194
1338	0.4923377931
1339	0.4923265808
1340	0.4923193567
1341	0.4923092826
1342	0.4923010093
1343	0.4922943307
1344	0.4922862076
1345	0.4922799851
1346	0.4922726942
1347	0.4922636567
1348	0.4922586019
1349	0.4922519609
1350	0.4922455734
1351	0.4922366498
1352	0.492231094
1353	0.4922184745
1354	0.4922110581
1355	0.4922050695
1356	0.4922004748
1357	0.492195659
1358	0.49219036
1359	0.4921811862
1360	0.4921756987
1361	0.4921701114
1362	0.4921624206
1363	0.4921544026
1364	0.4921485446
1365	0.4921396299
1366	0.4921336809
1367	0.492121435
1368	0.4921102638
1369	0.4921044126
1370	0.4920929951
1371	0.4920896757
1372	0.4920855889
1373	0.492081963
1374	0.4920717902
1375	0.4920650807
1376	0.4920568803
1377	0.4920503451
1378	0.4920429308
1379	0.4920368046
1380	0.4920283409
1381	0.492016846
1382	0.4920056581
1383	0.491997917
1384	0.4919879169
1385	0.4919849184
1386	0.4919776082
1387	0.4919742925
1388	0.4919678994
1389	0.4919666565
1390	0.4919595103
1391	0.4919560632
1392	0.491949173
1393	0.4919450663
1394	0.4919423437
1395	0.4919373116
1396	0.491929363
1397	0.4919219033
1398	0.4919191146
1399	0.491912214
1400	0.4919113477
1401	0.4919066997
1402	0.4918946693
1403	0.4918871332
1404	0.4918823966
1405	0.4918724949
1406	0.491865836
1407	0.4918598912
1408	0.4918529685
1409	0.4918510882
1410	0.4918467457
1411	0.4918414014
1412	0.4918362624
1413	0.4918338414
1414	0.4918315466
1415	0.491824172
1416	0.4918219155
1417	0.4918118058
1418	0.4918026119
1419	0.4917900128
1420	0.4917827486
1421	0.4917757108
1422	0.4917673904
1423	0.491761952
1424	0.4917601319
1425	0.4917518676
1426	0.4917472513
1427	0.49174163
1428	0.4917365
1429	0.4917276018
1430	0.4917240101
1431	0.4917182982
1432	0.4917065816
1433	0.4916941824
1434	0.49168527
1435	0.491675876
1436	0.4916684202
1437	0.4916621897
1438	0.4916522949
1439	0.4916468177
1440	0.4916410198
1441	0.4916339279
1442	0.4916293227
1443	0.491625222
1444	0.4916204365
1445	0.4916159585
1446	0.4916102874
1447	0.4916015562
1448	0.4915951536
1449	0.491586112
1450	0.4915794405
1451	0.4915748334
1452	0.4915677132
1453	0.4915638095
1454	0.4915564148
1455	0.4915519382
1456	0.491541049
1457	0.491534812
1458	0.4915240255
1459	0.4915156562
1460	0.4915077676
1461	0.4915039821
1462	0.4915004307
1463	0.4914905669
1464	0.4914850159
1465	0.4914750488
1466	0.4914724894
1467	0.4914658445
1468	0.4914534513
1469	0.4914461291
1470	0.491444441
1471	0.4914426955
1472	0.4914401944
1473	0.4914340442
1474	0.4914248341
1475	0.4914205682
1476	0.4914146723
1477	0.4914081764
1478	0.4914042445
1479	0.4913988252
1480	0.4913906976
1481	0.4913857172
1482	0.491382939
1483	0.4913740651
1484	0.4913683614
1485	0.4913660357
1486	0.491359671
1487	0.4913518826
1488	0.4913481828
1489	0.4913448378
1490	0.4913385817
1491	0.4913261285
1492	0.4913208313
1493	0.4913139362
1494	0.4913087977
1495	0.4913030265
1496	0.491295817
1497	0.491287867
1498	0.4912865228
1499	0.4912809432
1500	0.491275617
1501	0.4912728346
1502	0.4912656841
1503	0.491258528
1504	0.4912569208
1505	0.4912527038
1506	0.4912475212
1507	0.4912423287
1508	0.4912357374
1509	0.4912301486
1510	0.4912228712
1511	0.491215694
1512	0.4912094263
1513	0.4911998456
1514	0.491198934
1515	0.4911924884
1516	0.4911894534
1517	0.4911835186
1518	0.4911798499
1519	0.4911771463
1520	0.4911656077
1521	0.4911600098
1522	0.491153282
1523	0.4911490659
1524	0.4911404872
1525	0.491138475
1526	0.4911366771
1527	0.4911258351
1528	0.4911192376
1529	0.491114369
1530	0.4911105306
1531	0.4911031898
1532	0.4910965365
1533	0.4910933265
1534	0.4910906949
1535	0.4910847821
1536	0.4910766016
1537	0.4910734676
1538	0.4910682296
1539	0.4910640316
1540	0.4910528072
1541	0.4910447687
1542	0.4910333908
1543	0.4910272817
1544	0.4910209945
1545	0.4910192858
1546	0.4910081301
1547	0.4910022195
1548	0.4909983904
1549	0.4909925959
1550	0.4909836805
1551	0.4909791725
1552	0.4909720523
1553	0.4909683724
1554	0.4909615928
1555	0.4909555982
1556	0.490943749
1557	0.4909319453
1558	0.4909263208
1559	0.490920764
1560	0.4909163087
1561	0.4909113692
1562	0.4909022695
1563	0.4908946536
1564	0.4908844742
1565	0.4908813016
1566	0.4908770539
1567	0.4908704679
1568	0.49086761
1569	0.4908598786
1570	0.4908566841
1571	0.4908490857
1572	0.4908451846
1573	0.4908403203
1574	0.4908301697
1575	0.4908286304
1576	0.4908234804
1577	0.4908125255
1578	0.4908035286
1579	0.4908012378
1580	0.4907973594
1581	0.4907936034
1582	0.4907909395
1583	0.4907813192
1584	0.4907776883
1585	0.4907753115
1586	0.4907683218
1587	0.4907586777
1588	0.4907509471
1589	0.4907393215
1590	0.4907333463
1591	0.4907288898
1592	0.4907212888
1593	0.4907137552
1594	0.4907051815
1595	0.4906983512
1596	0.4906933894
1597	0.4906863998
1598	0.4906803119
1599	0.4906742464
1600	0.4906681491
1601	0.4906656322
1602	0.4906585808
1603	0.4906516883
1604	0.4906444733
1605	0.4906392946
1606	0.490637499
1607	0.4906297593
1608	0.4906221137
1609	0.4906162396
1610	0.4906082388
1611	0.4906023912
1612	0.4905976398
1613	0.4905915844
1614	0.4905873073
1615	0.4905829382
1616	0.4905780398
1617	0.4905688361
1618	0.4905653668
1619	0.4905577442
1620	0.4905544139
1621	0.4905494093
1622	0.4905436174
1623	0.4905312891
1624	0.4905258946
1625	0.4905208444
1626	0.4905167761
1627	0.4905116734
1628	0.4905062965
1629	0.4904969078
1630	0.4904870636
1631	0.4904823102
1632	0.4904790895
1633	0.4904769215
1634	0.490470742
1635	0.4904651768
1636	0.4904596486
1637	0.4904513109
1638	0.4904474396
1639	0.4904429573
1640	0.4904369452
1641	0.4904325387
1642	0.4904286113
1643	0.4904250339
1644	0.490419952
1645	0.4904150382
1646	0.4904095291
1647	0.4904020064
1648	0.4903940387
1649	0.4903889463
1650	0.4903850923
1651	0.4903786224
1652	0.4903749314
1653	0.4903708384
1654	0.4903632887
1655	0.4903571295
1656	0.4903476346
1657	0.4903423688
1658	0.4903350279
1659	0.4903275394
1660	0.4903150462
1661	0.4903076921
1662	0.4903021984
1663	0.4902954313
1664	0.4902895211
1665	0.4902835089
1666	0.4902770775
1667	0.490269984
1668	0.490265312
1669	0.490262017
1670	0.4902563922
1671	0.4902468118
1672	0.4902385208
1673	0.4902330704
1674	0.4902294915
1675	0.4902179141
1676	0.4902104945
1677	0.4902000074
1678	0.4901896725
1679	0.4901823998
1680	0.490180451
1681	0.4901739026
1682	0.4901697495
1683	0.4901614048
1684	0.4901593785
1685	0.4901544986
1686	0.4901517362
1687	0.4901475495
1688	0.4901384278
1689	0.4901266427
1690	0.4901205171
1691	0.4901161078
1692	0.4901089899
1693	0.490100764
1694	0.4900913759
1695	0.4900856011
1696	0.4900802595
1697	0.4900737114
1698	0.4900680161
1699	0.4900605443
1700	0.4900556319
1701	0.4900515364
1702	0.4900447286
1703	0.4900370002
1704	0.4900269303
1705	0.4900201016
1706	0.4900087188
1707	0.4900054439
1708	0.4899963887
1709	0.4899911278
1710	0.489984996
1711	0.4899825554
1712	0.4899774933
1713	0.4899733701
1714	0.4899672554
1715	0.4899647186
1716	0.4899600047
1717	0.489949061
1718	0.489944352
1719	0.4899434942
1720	0.4899378925
1721	0.4899349834
1722	0.489928539
1723	0.4899238706
1724	0.4899209368
1725	0.4899130634
1726	0.4899094796
1727	0.4898969709
1728	0.489890289
1729	0.4898808699
1730	0.4898786195
1731	0.4898734586
1732	0.4898683323
1733	0.4898638965
1734	0.4898575968
1735	0.4898528648
1736	0.4898467361
1737	0.4898400722
1738	0.4898341018
1739	0.4898321042
1740	0.4898278994
1741	0.4898148161
1742	0.4898124415
1743	0.4898060985
1744	0.4897978014
1745	0.4897893572
1746	0.4897814841
1747	0.4897730668
1748	0.4897659225
1749	0.4897631761
1750	0.4897573766
1751	0.4897492064
1752	0.489745346
1753	0.4897400868
1754	0.4897376214
1755	0.4897331126
1756	0.4897283054
1757	0.4897241794
1758	0.4897185998
1759	0.4897100786
1760	0.4897059334
1761	0.489703267
1762	0.4896980306
1763	0.4896950622
1764	0.489690054
1765	0.4896859743
1766	0.489679058
1767	0.4896782415
1768	0.4896666386
1769	0.4896624359
1770	0.4896601908
1771	0.489656033
1772	0.4896463403
1773	0.4896385833
1774	0.489633693
1775	0.4896240369
1776	0.4896188983
1777	0.4896122658
1778	0.4896066
1779	0.4895966648
1780	0.4895927842
1781	0.4895895595
1782	0.4895865445
1783	0.4895805405
1784	0.489574908
1785	0.4895691642
1786	0.4895679086
1787	0.4895634918
1788	0.4895567326
1789	0.4895503511
1790	0.489545416
1791	0.4895414193
1792	0.4895370373
1793	0.4895315714
1794	0.4895284658
1795	0.4895235927
1796	0.4895166538
1797	0.4895098305
1798	0.4895045048
1799	0.4895001951
1800	0.4894994707
1801	0.4894975905
1802	0.4894917346
1803	0.4894830698
1804	0.4894719043
1805	0.4894684801
1806	0.4894615264
1807	0.4894550396
1808	0.4894486993
1809	0.4894436817
1810	0.4894391037
1811	0.4894367235
1812	0.4894325169
1813	0.4894205818
1814	0.4894162935
1815	0.4894111232
1816	0.4894064834
1817	0.4894009372
1818	0.4893996521
1819	0.4893972348
1820	0.4893916672
1821	0.4893849427
1822	0.4893803922
1823	0.4893746219
1824	0.4893672266
1825	0.4893621051
1826	0.4893570006
1827	0.4893554812
1828	0.4893460805
1829	0.4893421066
1830	0.4893330805
1831	0.489329437
1832	0.4893223349
1833	0.4893144877
1834	0.4893055377
1835	0.4893003498
1836	0.4892935019
1837	0.4892875793
1838	0.4892828218
1839	0.4892820745
1840	0.4892787878
1841	0.4892698027
1842	0.4892635514
1843	0.4892596985
1844	0.4892491618
1845	0.4892421516
1846	0.4892369287
1847	0.4892338154
1848	0.4892284888
1849	0.4892220482
1850	0.4892218295
1851	0.4892174852
1852	0.4892126897
1853	0.4892092813
1854	0.4892034757
1855	0.4891958606
1856	0.4891858643
1857	0.4891822116
1858	0.4891777163
1859	0.4891674832
1860	0.4891620561
1861	0.4891571912
1862	0.4891458872
1863	0.489140424
1864	0.4891308295
1865	0.4891262042
1866	0.4891191714
1867	0.4891136052
1868	0.4891112395
1869	0.4891058521
1870	0.4891022888
1871	0.4890993533
1872	0.4890964895
1873	0.489089727
1874	0.4890861723
1875	0.4890808017
1876	0.4890749068
1877	0.4890706257
1878	0.4890637715
1879	0.4890621532
1880	0.4890579517
1881	0.4890524326
1882	0.4890482116
1883	0.48904424
1884	0.489038661
1885	0.4890320115
1886	0.4890273021
1887	0.4890189269
1888	0.4890151434
1889	0.4890084083
1890	0.4890036261
1891	0.4889910137
1892	0.4889848085
1893	0.4889798727
1894	0.4889767031
1895	0.4889722457
1896	0.4889673691
1897	0.4889633334
1898	0.4889584943
1899	0.4889510651
1900	0.4889487582
1901	0.4889401236
1902	0.4889354473
1903	0.4889296108
1904	0.4889251297
1905	0.4889205612
1906	0.4889144701
1907	0.4889059418
1908	0.4889029821
1909	0.4888984062
1910	0.4888948558
1911	0.4888918016
1912	0.4888879761
1913	0.4888838122
1914	0.4888817473
1915	0.4888754777
1916	0.4888734159
1917	0.4888664751
1918	0.4888633909
1919	0.4888572635
1920	0.4888542914
1921	0.4888506406
1922	0.4888436247
1923	0.4888401891
1924	0.4888362463
1925	0.4888333317
1926	0.4888323026
1927	0.4888279251
1928	0.488822966
1929	0.4888122907
1930	0.4888068464
1931	0.4887999295
1932	0.4887937572
1933	0.4887910863
1934	0.4887861914
1935	0.488777277
1936	0.4887754611
1937	0.4887637091
1938	0.488755429
1939	0.4887526406
1940	0.4887491368
1941	0.4887400003
1942	0.4887363427
1943	0.4887301754
1944	0.4887177871
1945	0.488714501
1946	0.4887135399
1947	0.4887087462
1948	0.4886983388
1949	0.4886949206
1950	0.4886900591
1951	0.4886841354
1952	0.4886790007
1953	0.4886773975
1954	0.4886704187
1955	0.4886634439
1956	0.4886528854
1957	0.4886485438
1958	0.4886392147
1959	0.4886361819
1960	0.4886251375
1961	0.4886205022
1962	0.4886155464
1963	0.4886098805
1964	0.4886011002
1965	0.4885925243
1966	0.4885854051
1967	0.4885775719
1968	0.4885716733
1969	0.4885663273
1970	0.4885630081
1971	0.4885577471
1972	0.4885492743
1973	0.4885420876
1974	0.4885363846
1975	0.4885300032
1976	0.4885276488
1977	0.4885245526
1978	0.4885212936
1979	0.488516789
1980	0.4885125991
1981	0.4885063488
1982	0.4885039563
1983	0.4884986594
1984	0.4884933367
1985	0.4884872661
1986	0.4884823934
1987	0.4884713632
1988	0.4884656436
1989	0.4884629541
1990	0.4884563659
1991	0.4884501214
1992	0.4884451794
1993	0.4884374122
1994	0.4884276484
1995	0.4884192544
1996	0.4884167045
1997	0.4884067068
1998	0.4884040871
1999	0.488395271
2000	0.4883902312
2001	0.4883862487
2002	0.4883806794
2003	0.4883752073
2004	0.4883695725
2005	0.4883659981
2006	0.4883612986
2007	0.4883545515
2008	0.4883478662
2009	0.4883417811
2010	0.4883364518
2011	0.4883260731
2012	0.4883232056
2013	0.488313338
2014	0.4883104221
2015	0.4883036544
2016	0.4882979716
2017	0.488294978
2018	0.4882935446
2019	0.4882903006
2020	0.4882860053
2021	0.4882826589
2022	0.4882728695
2023	0.4882672171
2024	0.4882625332
2025	0.4882584221
2026	0.488255122
2027	0.4882525764
2028	0.4882489581
2029	0.4882420167
2030	0.4882358281
2031	0.4882313126
2032	0.4882275733
2033	0.4882225025
2034	0.4882188184
2035	0.4882141386
2036	0.4882057886
2037	0.4882001416
2038	0.4881942676
2039	0.4881934303
2040	0.4881879129
2041	0.4881818815
2042	0.4881777433
2043	0.4881691415
2044	0.488159543
2045	0.4881506621
2046	0.4881416346
2047	0.4881338609
2048	0.4881250837
2049	0.4881207512
2050	0.4881166573
2051	0.4881122724
2052	0.4881075137
2053	0.4881060275
2054	0.4881023338
2055	0.4880949404
2056	0.4880855268
2057	0.4880833941
2058	0.4880770881
2059	0.4880690424
2060	0.4880662524
2061	0.4880623383
2062	0.4880566067
2063	0.4880527863
2064	0.4880490395
2065	0.488047725
2066	0.4880440038
2067	0.4880378948
2068	0.48803472
2069	0.4880290025
2070	0.488024033
2071	0.488020974
2072	0.4880177894
2073	0.4880136795
2074	0.4880056379
2075	0.4880003459
2076	0.4879976409
2077	0.4879931013
2078	0.4879869307
2079	0.487980503
2080	0.4879738538
2081	0.4879705512
2082	0.4879667639
2083	0.4879563427
2084	0.4879523692
2085	0.4879487429
2086	0.4879459807
2087	0.4879448869
2088	0.4879424042
2089	0.4879381982
2090	0.4879327137
2091	0.4879287904
2092	0.487918808
2093	0.4879120998
2094	0.4879112609
2095	0.4879064866
2096	0.4878961162
2097	0.4878923903
2098	0.4878875399
2099	0.4878831818
2100	0.4878765459
2101	0.4878726957
2102	0.4878679261
2103	0.4878640111
2104	0.4878549466
2105	0.487853387
2106	0.4878474238
2107	0.4878431983
2108	0.4878386915
2109	0.4878344893
2110	0.4878315332
2111	0.4878281256
2112	0.487823521
2113	0.4878168518
2114	0.4878096183
2115	0.4878038516
2116	0.4877966578
2117	0.4877928972
2118	0.4877889721
2119	0.4877855272
2120	0.4877836799
2121	0.4877810852
2122	0.4877755958
2123	0.4877679216
2124	0.4877635521
2125	0.4877601996
2126	0.4877553643
2127	0.4877497064
2128	0.4877446985
2129	0.4877410134
2130	0.4877338317
2131	0.487727621
2132	0.4877198212
2133	0.4877186943
2134	0.4877165327
2135	0.4877133053
2136	0.4877089726
2137	0.4877032298
2138	0.4876977737
2139	0.4876908795
2140	0.4876874776
2141	0.4876823201
2142	0.4876795499
2143	0.4876734009
2144	0.4876719363
2145	0.487667109
2146	0.4876626765
2147	0.4876558671
2148	0.4876449128
2149	0.4876406907
2150	0.4876320976
2151	0.4876280078
2152	0.4876245232
2153	0.4876220719
2154	0.4876171223
2155	0.4876126876
2156	0.4876088788
2157	0.4875988864
2158	0.4875953677
2159	0.487591056
2160	0.4875888669
2161	0.4875856022
2162	0.4875795786
2163	0.4875733325
2164	0.4875659715
2165	0.4875603953
2166	0.4875554015
2167	0.4875477089
2168	0.4875435224
2169	0.4875395297
2170	0.4875293162
2171	0.4875203102
2172	0.4875151729
2173	0.4875098082
2174	0.4875031197
2175	0.4874997197
2176	0.487497605
2177	0.4874956902
2178	0.4874920849
2179	0.4874828791
2180	0.4874815629
2181	0.4874775297
2182	0.4874758198
2183	0.4874698005
2184	0.4874653877
2185	0.4874611768
2186	0.4874545615
2187	0.4874504024
2188	0.4874472438
2189	0.4874445995
2190	0.4874398677
2191	0.4874350878
2192	0.4874310485
2193	0.4874254269
2194	0.4874194943
2195	0.4874134326
2196	0.4874106789
2197	0.4874050727
2198	0.4874029228
2199	0.4873997506
2200	0.4873921051
2201	0.4873890675
2202	0.4873865775
2203	0.4873851455
2204	0.4873837044
2205	0.4873757455
2206	0.4873740577
2207	0.487369342
2208	0.48736416
2209	0.4873619115
2210	0.4873611338
2211	0.4873593732
2212	0.4873526501
2213	0.4873496141
2214	0.487347632
2215	0.4873445062
2216	0.4873433918
2217	0.4873383842
2218	0.4873329396
2219	0.4873291673
2220	0.4873236392
2221	0.4873182665
2222	0.4873110684
2223	0.4873069626
2224	0.4873006414
2225	0.4872932893
2226	0.4872869336
2227	0.4872824582
2228	0.4872785702
2229	0.487274985
2230	0.4872700807
2231	0.4872680987
2232	0.4872609771
2233	0.4872577025
2234	0.4872528698
2235	0.4872453559
2236	0.4872385305
2237	0.4872366595
2238	0.4872311166
2239	0.4872275559
2240	0.4872267368
2241	0.48722371
2242	0.4872216682
2243	0.4872185573
2244	0.4872170273
2245	0.4872147037
2246	0.4872113673
2247	0.4872092591
2248	0.4872077874
2249	0.4872034292
2250	0.4872005782
2251	0.4871955455
2252	0.4871892625
2253	0.4871853143
2254	0.4871819822
2255	0.4871772973
2256	0.4871750682
2257	0.4871686219
2258	0.4871649843
2259	0.4871620255
2260	0.4871581074
2261	0.4871555537
2262	0.4871547664
2263	0.4871509509
2264	0.4871435491
2265	0.4871388977
2266	0.4871355922
2267	0.4871330919
2268	0.4871293715
2269	0.4871239998
2270	0.487120398
2271	0.487118569
2272	0.4871153586
2273	0.4871125514
2274	0.4871093879
2275	0.4871084141
2276	0.4871047149
2277	0.4871025941
2278	0.4871002992
2279	0.4870916815
2280	0.4870888169
2281	0.487084821
2282	0.4870778292
2283	0.4870747379
2284	0.4870706178
2285	0.4870692632
2286	0.4870631375
2287	0.4870610179
2288	0.4870584747
2289	0.4870513311
2290	0.487048331
2291	0.4870412102
2292	0.4870393427
2293	0.4870376224
2294	0.487029722
2295	0.4870238058
2296	0.4870179783
2297	0.487016493
2298	0.4870060384
2299	0.4870015409
2300	0.4869988172
2301	0.486998106
2302	0.4869941116
2303	0.4869935083
2304	0.486991022
2305	0.4869882858
2306	0.4869834923
2307	0.4869828891
2308	0.4869820982
2309	0.4869772517
2310	0.4869687485
2311	0.4869674522
2312	0.4869634582
2313	0.4869593871
2314	0.4869579771
2315	0.4869518989
2316	0.4869478747
2317	0.486945368
2318	0.4869411022
2319	0.4869394805
2320	0.486935382
2321	0.4869301599
2322	0.486929525
2323	0.4869199554
2324	0.48691801
2325	0.4869136209
2326	0.4869084891
2327	0.4869041465
2328	0.4868961769
2329	0.4868956155
2330	0.4868930701
2331	0.4868887877
2332	0.486886344
2333	0.4868829123
2334	0.4868772086
2335	0.4868724908
2336	0.4868701383
2337	0.4868629244
2338	0.4868560271
2339	0.4868549961
2340	0.4868519418
2341	0.4868472063
2342	0.4868409487
2343	0.4868342004
2344	0.4868314749
2345	0.4868298191
2346	0.4868228074
2347	0.4868144747
2348	0.4868052756
2349	0.4867983498
2350	0.4867976805
2351	0.4867934002
2352	0.4867870164
2353	0.4867843836
2354	0.486780264
2355	0.4867760792
2356	0.4867726176
2357	0.4867686906
2358	0.4867616529
2359	0.4867551492
2360	0.486751395
2361	0.4867481352
2362	0.4867456289
2363	0.4867444344
2364	0.4867389442
2365	0.4867345899
2366	0.4867331821
2367	0.4867253368
2368	0.4867238922
2369	0.4867200266
2370	0.4867179171
2371	0.4867124935
2372	0.4867102843
2373	0.4867050602
2374	0.4867026417
2375	0.4866976765
2376	0.4866934917
2377	0.486689447
2378	0.4866870455
2379	0.4866863563
2380	0.4866823244
2381	0.4866806474
2382	0.4866783795
2383	0.4866754582
2384	0.4866738035
2385	0.4866688887
2386	0.4866630671
2387	0.4866569222
2388	0.4866514569
2389	0.486649632
2390	0.4866453403
2391	0.4866350939
2392	0.486629303
2393	0.4866228864
2394	0.486619602
2395	0.4866169715
2396	0.4866127339
2397	0.4866058224
2398	0.4866017536
2399	0.4865976904
2400	0.4865899354
2401	0.4865869395
2402	0.4865829577
2403	0.4865790699
2404	0.4865726213
2405	0.4865674502
2406	0.4865637647
2407	0.4865588163
2408	0.4865504001
2409	0.4865478932
2410	0.4865425717
2411	0.4865380901
2412	0.4865374195
2413	0.4865287796
2414	0.4865259847
2415	0.4865229205
2416	0.4865178316
2417	0.4865111259
2418	0.4865000392
2419	0.4864978198
2420	0.4864896289
2421	0.4864846287
2422	0.4864804449
2423	0.4864762339
2424	0.4864704898
2425	0.486459613
2426	0.4864560564
2427	0.4864521622
2428	0.4864488699
2429	0.486447482
2430	0.4864419625
2431	0.4864376376
2432	0.4864342458
2433	0.4864319977
2434	0.4864277808
2435	0.4864230164
2436	0.4864185267
2437	0.4864173482
2438	0.4864154415
2439	0.4864146626
2440	0.4864075388
2441	0.4864036723
2442	0.4863977573
2443	0.4863928226
2444	0.4863896392
2445	0.486385354
2446	0.4863811165
2447	0.4863732204
2448	0.4863671831
2449	0.4863591689
2450	0.4863553696
2451	0.4863491503
2452	0.4863450483
2453	0.4863404063
2454	0.4863308707
2455	0.4863262558
2456	0.486319527
2457	0.4863188469
2458	0.4863163901
2459	0.4863086791
2460	0.4863066701
2461	0.486302924
2462	0.4862955306
2463	0.486291314
2464	0.4862856683
2465	0.4862784377
2466	0.4862744638
2467	0.4862678036
2468	0.4862651889
2469	0.4862594154
2470	0.4862544824
2471	0.4862503922
2472	0.4862445381
2473	0.4862400649
2474	0.4862304882
2475	0.4862280925
2476	0.4862274924
2477	0.4862265045
2478	0.486223161
2479	0.4862162675
2480	0.4862153176
2481	0.486211554
2482	0.4862068788
2483	0.4862049007
2484	0.486202666
2485	0.4861967078
2486	0.4861933346
2487	0.4861861082
2488	0.4861789105
2489	0.4861772462
2490	0.486172216
2491	0.4861694083
2492	0.4861639537
2493	0.4861608795
2494	0.4861539849
2495	0.486148666
2496	0.4861414882
2497	0.4861396262
2498	0.4861368627
2499	0.4861343364
2500	0.4861318038
2501	0.4861276163
2502	0.4861245743
2503	0.4861222172
2504	0.4861201568
2505	0.4861190655
2506	0.486117268
2507	0.4861087267
2508	0.4861047136
2509	0.4861039059
2510	0.4861001116
2511	0.4860952542
2512	0.4860904454
2513	0.4860855881
2514	0.4860819915
2515	0.4860766814
2516	0.4860760582
2517	0.4860693471
2518	0.4860666583
2519	0.4860619292
2520	0.4860565161
2521	0.4860504613
2522	0.4860488487
2523	0.4860459091
2524	0.4860426072
2525	0.4860383654
2526	0.4860336433
2527	0.486026403
2528	0.4860198276
2529	0.4860143467
2530	0.486010099
2531	0.4860075699
2532	0.4860015159
2533	0.4859975886
2534	0.4859926272
2535	0.4859870483
2536	0.4859812109
2537	0.4859755305
2538	0.4859721287
2539	0.4859716773
2540	0.485965799
2541	0.4859592045
2542	0.4859530486
2543	0.4859512778
2544	0.4859463573
2545	0.4859434757
2546	0.4859397414
2547	0.4859365995
2548	0.4859317774
2549	0.4859284536
2550	0.485927541
2551	0.4859221677
2552	0.4859195639
2553	0.4859174872
2554	0.4859127563
2555	0.4859079261
2556	0.4859060655
2557	0.4859045676
2558	0.4858977511
2559	0.4858931424
2560	0.4858893551
2561	0.4858846763
2562	0.4858783975
2563	0.4858742363
2564	0.4858688345
2565	0.4858651608
2566	0.4858579641
2567	0.4858559006
2568	0.4858489252
2569	0.485843692
2570	0.4858406981
2571	0.4858369362
2572	0.4858275065
2573	0.4858217385
2574	0.4858170518
2575	0.4858123655
2576	0.4858102411
2577	0.4858036401
2578	0.4857998357
2579	0.4857977111
2580	0.4857925123
2581	0.4857901124
2582	0.4857861466
2583	0.4857801136
2584	0.4857765131
2585	0.4857711123
2586	0.4857655395
2587	0.4857625462
2588	0.4857581722
2589	0.4857534538
2590	0.485748368
2591	0.4857452874
2592	0.4857401758
2593	0.485734736
2594	0.4857257317
2595	0.4857225038
2596	0.485718466
2597	0.4857146409
2598	0.4857125799
2599	0.4857087748
2600	0.485703954
2601	0.4856940912
2602	0.485692579
2603	0.48569084
2604	0.4856889332
2605	0.4856840222
2606	0.4856810075
2607	0.4856775585
2608	0.4856753872
2609	0.485670988
2610	0.4856636263
2611	0.4856578972
2612	0.4856547667
2613	0.4856503297
2614	0.4856467481
2615	0.4856407379
2616	0.4856351503
2617	0.4856312131
2618	0.4856297765
2619	0.4856225696
2620	0.4856180936
2621	0.4856136179
2622	0.4856092655
2623	0.4856067619
2624	0.485604267
2625	0.4855994806
2626	0.485596191
2627	0.4855913824
2628	0.4855893974
2629	0.4855885061
2630	0.4855868307
2631	0.4855832107
2632	0.4855811827
2633	0.4855750157
2634	0.4855707588
2635	0.4855679405
2636	0.4855653951
2637	0.4855625684
2638	0.4855613416
2639	0.4855543884
2640	0.4855507819
2641	0.4855470001
2642	0.4855445856
2643	0.4855424296
2644	0.4855357458
2645	0.4855276907
2646	0.4855238667
2647	0.4855182281
2648	0.4855141921
2649	0.4855103541
2650	0.4855050972
2651	0.4854964887
2652	0.4854927844
2653	0.4854879688
2654	0.485484827
2655	0.4854800137
2656	0.4854753022
2657	0.4854715972
2658	0.4854668655
2659	0.4854623142
2660	0.4854585994
2661	0.4854546021
2662	0.4854515671
2663	0.4854496576
2664	0.4854444092
2665	0.4854428956
2666	0.4854367489
2667	0.4854351691
2668	0.4854323375
2669	0.4854288845
2670	0.4854258946
2671	0.4854222647
2672	0.4854171558
2673	0.4854082533
2674	0.4854020428
2675	0.485396799
2676	0.4853912676
2677	0.485388382
2678	0.4853818348
2679	0.4853786273
2680	0.4853713219
2681	0.4853675723
2682	0.4853605435
2683	0.4853581666
2684	0.4853523857
2685	0.485348944
2686	0.4853445574
2687	0.485341508
2688	0.4853392891
2689	0.4853370534
2690	0.4853318955
2691	0.4853268791
2692	0.4853209081
2693	0.4853181411
2694	0.485312137
2695	0.4853078419
2696	0.4853026084
2697	0.4853000015
2698	0.485294906
2699	0.485291282
2700	0.4852879732
2701	0.4852829399
2702	0.4852794471
2703	0.485275383
2704	0.4852705824
2705	0.485262528
2706	0.4852606099
2707	0.4852585924
2708	0.4852560126
2709	0.4852532814
2710	0.4852495907
2711	0.4852480692
2712	0.485243537
2713	0.4852416563
2714	0.4852397025
2715	0.4852342678
2716	0.4852301397
2717	0.4852236562
2718	0.4852205595
2719	0.4852185343
2720	0.4852114484
2721	0.4852074295
2722	0.4852023613
2723	0.4851944481
2724	0.485190904
2725	0.485188773
2726	0.4851786694
2727	0.4851767576
2728	0.4851712586
2729	0.4851679343
2730	0.4851651091
2731	0.4851607948
2732	0.485156633
2733	0.4851557432
2734	0.4851536972
2735	0.4851508343
2736	0.4851479214
2737	0.4851461985
2738	0.4851434829
2739	0.485134186
2740	0.4851328432
2741	0.4851287485
2742	0.4851250846
2743	0.4851215851
2744	0.485116665
2745	0.4851102004
2746	0.4851050573
2747	0.485104323
2748	0.4851010408
2749	0.4850933043
2750	0.4850863104
2751	0.4850821193
2752	0.4850770474
2753	0.4850755651
2754	0.4850742179
2755	0.4850701161
2756	0.4850644125
2757	0.485062754
2758	0.4850588009
2759	0.4850544309
2760	0.4850499555
2761	0.4850461559
2762	0.4850443939
2763	0.4850393256
2764	0.4850366157
2765	0.4850349235
2766	0.4850297771
2767	0.4850243916
2768	0.4850202179
2769	0.485016808
2770	0.4850106053
2771	0.4850089276
2772	0.4850045946
2773	0.4850038197
2774	0.4849988813
2775	0.4849910254
2776	0.4849846179
2777	0.4849804602
2778	0.4849753195
2779	0.4849723624
2780	0.4849681205
2781	0.4849655409
2782	0.4849631368
2783	0.4849610574
2784	0.4849551672
2785	0.4849527437
2786	0.4849500538
2787	0.4849477261
2788	0.4849434335
2789	0.4849359522
2790	0.4849312428
2791	0.4849246489
2792	0.484920024
2793	0.4849169148
2794	0.4849120611
2795	0.4849090509
2796	0.4848983873
2797	0.4848935946
2798	0.4848886954
2799	0.4848845795
2800	0.4848836388
2801	0.4848791612
2802	0.4848766117
2803	0.4848718787
2804	0.4848679985
2805	0.4848633842
2806	0.4848605196
2807	0.484859343
2808	0.4848563321
2809	0.4848516554
2810	0.4848496082
2811	0.4848461895
2812	0.4848444035
2813	0.4848439431
2814	0.4848429858
2815	0.484836504
2816	0.4848332939
2817	0.4848303971
2818	0.4848282385
2819	0.4848265365
2820	0.4848220614
2821	0.4848196636
2822	0.4848173954
2823	0.4848160314
2824	0.4848115578
2825	0.4848099146
2826	0.4848019794
2827	0.4847966645
2828	0.4847939372
2829	0.4847916457
2830	0.4847866659
2831	0.4847853836
2832	0.4847850449
2833	0.484783509
2834	0.4847805958
2835	0.4847767442
2836	0.4847712099
2837	0.4847661295
2838	0.4847614622
2839	0.4847584688
2840	0.4847565235
2841	0.4847547874
2842	0.4847502771
2843	0.4847449615
2844	0.4847382225
2845	0.4847368019
2846	0.4847322262
2847	0.4847300661
2848	0.4847262396
2849	0.4847237243
2850	0.4847194229
2851	0.4847142686
2852	0.4847108408
2853	0.4847083718
2854	0.4847028812
2855	0.4846990011
2856	0.4846977366
2857	0.4846943908
2858	0.4846919607
2859	0.4846846229
2860	0.484679174
2861	0.4846768493
2862	0.4846732942
2863	0.4846720225
2864	0.4846702916
2865	0.484666679
2866	0.4846658176
2867	0.4846639725
2868	0.4846624361
2869	0.4846588269
2870	0.4846534968
2871	0.4846499305
2872	0.4846362148
2873	0.4846346403
2874	0.4846299729
2875	0.4846296753
2876	0.4846214141
2877	0.4846195626
2878	0.4846174474
2879	0.4846148933
2880	0.4846125636
2881	0.4846084657
2882	0.4846066791
2883	0.4846054885
2884	0.4846044704
2885	0.484600241
2886	0.4845951038
2887	0.4845907945
2888	0.4845879612
2889	0.4845836351
2890	0.4845772881
2891	0.4845711834
2892	0.4845704153
2893	0.4845664414
2894	0.4845615755
2895	0.4845561457
2896	0.4845516991
2897	0.4845494398
2898	0.4845465581
2899	0.4845421595
2900	0.4845405325
2901	0.4845386828
2902	0.4845350754
2903	0.4845322318
2904	0.484527265
2905	0.4845228943
2906	0.4845194218
2907	0.484517545
2908	0.4845150511
2909	0.4845107126
2910	0.4845094356
2911	0.4845074784
2912	0.4845052914
2913	0.4845040263
2914	0.4844993259
2915	0.4844933171
2916	0.4844862151
2917	0.484483356
2918	0.48448065
2919	0.4844750472
2920	0.4844701921
2921	0.4844692852
2922	0.4844657875
2923	0.4844606864
2924	0.4844550226
2925	0.4844513925
2926	0.4844467569
2927	0.4844426985
2928	0.484440485
2929	0.4844380484
2930	0.4844335192
2931	0.4844284533
2932	0.4844196292
2933	0.4844167839
2934	0.4844127351
2935	0.4844077128
2936	0.4844052777
2937	0.4844020998
2938	0.4843976871
2939	0.4843894153
2940	0.484387814
2941	0.4843818051
2942	0.4843801384
2943	0.4843773751
2944	0.4843745077
2945	0.4843689782
2946	0.4843640689
2947	0.4843606872
2948	0.4843551258
2949	0.4843499853
2950	0.4843462989
2951	0.4843450027
2952	0.4843396923
2953	0.4843368066
2954	0.4843331067
2955	0.4843287858
2956	0.4843245388
2957	0.4843206714
2958	0.4843145661
2959	0.4843083451
2960	0.4843040923
2961	0.4843004308
2962	0.4842946845
2963	0.4842909203
2964	0.4842890312
2965	0.4842868242
2966	0.4842787573
2967	0.484276429
2968	0.4842757463
2969	0.4842683857
2970	0.4842665565
2971	0.4842631079
2972	0.4842611068
2973	0.4842558832
2974	0.4842483173
2975	0.484243572
2976	0.4842361304
2977	0.484234555
2978	0.4842342294
2979	0.4842281226
2980	0.4842244283
2981	0.4842203114
2982	0.484217307
2983	0.4842161133
2984	0.4842156674
2985	0.4842096526
2986	0.4842071711
2987	0.4842019177
2988	0.4841992195
2989	0.4841963298
2990	0.4841915848
2991	0.4841859433
2992	0.4841829565
2993	0.4841807919
2994	0.4841780781
2995	0.4841737531
2996	0.4841655475
2997	0.4841576714
2998	0.4841518308
2999	0.4841483487
3000	0.4841473196
3001	0.4841420267
3002	0.4841367618
3003	0.4841337509
3004	0.4841302201
3005	0.4841266351
3006	0.4841226158
3007	0.4841204641
3008	0.4841178276
3009	0.4841158604
3010	0.4841138784
3011	0.4841095315
3012	0.4841059064
3013	0.4841035932
3014	0.4841006607
3015	0.4840955746
3016	0.4840905622
3017	0.4840872396
3018	0.4840839211
3019	0.4840800109
3020	0.4840732222
3021	0.4840718716
3022	0.4840696544
3023	0.484064337
3024	0.4840600368
3025	0.4840550941
3026	0.4840527139
3027	0.4840488401
3028	0.4840448819
3029	0.4840387852
3030	0.4840352044
3031	0.4840307411
3032	0.4840281572
3033	0.4840270389
3034	0.4840256676
3035	0.4840232131
3036	0.4840215039
3037	0.48401357
3038	0.484010945
3039	0.4840082854
3040	0.4840037285
3041	0.4840003081
3042	0.4839928902
3043	0.4839878292
3044	0.4839850422
3045	0.4839796763
3046	0.4839733175
3047	0.4839725862
3048	0.4839706589
3049	0.4839698195
3050	0.4839673933
3051	0.4839621849
3052	0.4839614629
3053	0.4839592793
3054	0.4839566533
3055	0.4839525773
3056	0.4839491607
3057	0.4839468704
3058	0.4839417503
3059	0.4839368699
3060	0.4839287896
3061	0.4839271095
3062	0.4839239801
3063	0.4839192984
3064	0.4839144495
3065	0.48391108
3066	0.4839090757
3067	0.4839047656
3068	0.4839036232
3069	0.4838999669
3070	0.4838956692
3071	0.483892386
3072	0.4838897272
3073	0.483884957
3074	0.4838790226
3075	0.483872951
3076	0.4838692939
3077	0.483865881
3078	0.4838574446
3079	0.4838535128
3080	0.4838507226
3081	0.483843486
3082	0.4838404426
3083	0.4838362172
3084	0.4838320292
3085	0.4838263485
3086	0.4838239318
3087	0.4838205251
3088	0.4838177185
3089	0.4838167234
3090	0.4838133541
3091	0.4838104626
3092	0.4838094851
3093	0.4838048123
3094	0.4837985322
3095	0.4837935706
3096	0.4837899867
3097	0.4837811693
3098	0.4837774418
3099	0.4837758983
3100	0.4837709572
3101	0.4837628495
3102	0.4837590278
3103	0.4837550612
3104	0.4837535908
3105	0.4837488042
3106	0.4837433531
3107	0.4837409998
3108	0.4837371183
3109	0.4837312009
3110	0.4837260462
3111	0.4837236415
3112	0.483720568
3113	0.4837195805
3114	0.4837158182
3115	0.4837111055
3116	0.4837080684
3117	0.4837028785
3118	0.4837020522
3119	0.4836966133
3120	0.4836940148
3121	0.4836889595
3122	0.4836859804
3123	0.4836784178
3124	0.4836754646
3125	0.4836743318
3126	0.4836689322
3127	0.4836638001
3128	0.4836604291
3129	0.4836549462
3130	0.4836528037
3131	0.4836497786
3132	0.4836452722
3133	0.4836413415
3134	0.4836358287
3135	0.4836349977
3136	0.4836304369
3137	0.483627615
3138	0.4836225477
3139	0.4836179645
3140	0.4836155681
3141	0.4836111327
3142	0.4836075125
3143	0.4836035713
3144	0.4835999652
3145	0.483593673
3146	0.4835900913
3147	0.4835868177
3148	0.4835836954
3149	0.4835759598
3150	0.4835712829
3151	0.4835684632
3152	0.4835647442
3153	0.4835607188
3154	0.4835573818
3155	0.4835535629
3156	0.4835522669
3157	0.4835460882
3158	0.4835434311
3159	0.4835414621
3160	0.483536516
3161	0.483532764
3162	0.4835297641
3163	0.4835266645
3164	0.483520936
3165	0.483515054
3166	0.4835122202
3167	0.4835061489
3168	0.4835011624
3169	0.4834977034
3170	0.4834934987
3171	0.4834903012
3172	0.483483339
3173	0.4834824577
3174	0.4834803598
3175	0.4834743291
3176	0.4834714713
3177	0.4834687014
3178	0.4834606334
3179	0.4834544739
3180	0.4834509936
3181	0.4834496164
3182	0.4834454313
3183	0.4834435545
3184	0.4834418124
3185	0.4834385413
3186	0.4834328061
3187	0.4834287133
3188	0.483422645
3189	0.4834180371
3190	0.4834166728
3191	0.4834134909
3192	0.4834058823
3193	0.4834036504
3194	0.4834000475
3195	0.4833920574
3196	0.4833899132
3197	0.4833847454
3198	0.4833824187
3199	0.4833747826
3200	0.4833706022
3201	0.4833677883
3202	0.4833638819
3203	0.4833607284
3204	0.4833578877
3205	0.4833504558
3206	0.4833479524
3207	0.4833406084
3208	0.4833316877
3209	0.4833268544
3210	0.4833224408
3211	0.4833189588
3212	0.4833158524
3213	0.4833126258
3214	0.4833105881
3215	0.4833075642
3216	0.4833054821
3217	0.4833009955
3218	0.4832962878
3219	0.4832903987
3220	0.4832861449
3221	0.4832800354
3222	0.4832782377
3223	0.4832737442
3224	0.4832732235
3225	0.4832696934
3226	0.483267378
3227	0.4832644082
3228	0.4832594284
3229	0.4832571797
3230	0.483251981
3231	0.4832485865
3232	0.4832451725
3233	0.4832416181
3234	0.4832385804
3235	0.4832365651
3236	0.4832354191
3237	0.4832334873
3238	0.4832280873
3239	0.4832241221
3240	0.4832181697
3241	0.4832131224
3242	0.4832105865
3243	0.4832083054
3244	0.4832031869
3245	0.4831967797
3246	0.4831923898
3247	0.4831872561
3248	0.4831840254
3249	0.4831798818
3250	0.4831782144
3251	0.4831742352
3252	0.4831697823
3253	0.483166289
3254	0.4831596798
3255	0.4831572645
3256	0.4831534454
3257	0.4831492178
3258	0.4831454049
3259	0.4831442728
3260	0.4831389922
3261	0.4831375474
3262	0.4831338609
3263	0.4831259273
3264	0.4831213014
3265	0.4831182553
3266	0.4831161711
3267	0.483113041
3268	0.4831113491
3269	0.4831092775
3270	0.4831026137
3271	0.4831010914
3272	0.483099752
3273	0.4830966471
3274	0.4830920977
3275	0.4830882048
3276	0.4830856028
3277	0.4830827758
3278	0.48307704
3279	0.4830741726
3280	0.4830688724
3281	0.4830673894
3282	0.4830634988
3283	0.4830590835
3284	0.4830555351
3285	0.483052286
3286	0.4830499864
3287	0.4830484679
3288	0.4830472784
3289	0.4830465721
3290	0.4830416969
3291	0.4830396403
3292	0.4830361887
3293	0.4830321917
3294	0.4830283364
3295	0.4830262984
3296	0.4830230136
3297	0.4830209105
3298	0.4830168931
3299	0.4830121768
3300	0.483006351
3301	0.4830051784
3302	0.4830004821
3303	0.4829960982
3304	0.4829938203
3305	0.4829898244
3306	0.4829854225
3307	0.4829816834
3308	0.482980585
3309	0.482976278
3310	0.4829739387
3311	0.4829727022
3312	0.4829671423
3313	0.4829649405
3314	0.4829624772
3315	0.4829587965
3316	0.4829566897
3317	0.4829513792
3318	0.482944816
3319	0.4829425117
3320	0.4829380161
3321	0.4829357138
3322	0.4829348876
3323	0.4829305081
3324	0.4829292532
3325	0.4829266951
3326	0.4829187341
3327	0.4829152339
3328	0.4829130269
3329	0.4829108593
3330	0.482907787
3331	0.4829033772
3332	0.4829018072
3333	0.4828969325
3334	0.4828945047
3335	0.4828897144
3336	0.4828874806
3337	0.4828847838
3338	0.482880573
3339	0.4828759149
3340	0.4828744056
3341	0.4828713434
3342	0.4828672907
3343	0.4828635363
3344	0.482863348
3345	0.4828600654
3346	0.4828577847
3347	0.4828564374
3348	0.4828513071
3349	0.4828457349
3350	0.4828428586
3351	0.4828405468
3352	0.4828366395
3353	0.4828341833
3354	0.4828293285
3355	0.4828241699
3356	0.4828207157
3357	0.4828177201
3358	0.4828136821
3359	0.4828088527
3360	0.482807247
3361	0.4828053266
3362	0.4827994369
3363	0.4827958898
3364	0.4827946375
3365	0.4827913626
3366	0.4827897526
3367	0.4827844073
3368	0.4827814411
3369	0.4827808764
3370	0.4827802852
3371	0.4827790733
3372	0.4827760256
3373	0.4827745127
3374	0.4827703887
3375	0.4827682467
3376	0.4827657043
3377	0.4827638502
3378	0.4827621373
3379	0.4827593622
3380	0.4827583236
3381	0.4827548266
3382	0.4827505749
3383	0.4827428598
3384	0.4827397215
3385	0.4827381937
3386	0.4827338265
3387	0.4827282549
3388	0.4827244567
3389	0.4827211101
3390	0.4827143935
3391	0.4827109369
3392	0.4827062525
3393	0.4827042342
3394	0.4826987896
3395	0.4826977361
3396	0.4826957594
3397	0.482689747
3398	0.4826876479
3399	0.4826845485
3400	0.4826828238
3401	0.482681455
3402	0.482679372
3403	0.4826776419
3404	0.4826754754
3405	0.4826742904
3406	0.4826732906
3407	0.4826684611
3408	0.4826628489
3409	0.4826608332
3410	0.4826565965
3411	0.4826536109
3412	0.4826510629
3413	0.4826476109
3414	0.4826416187
3415	0.4826384966
3416	0.4826377353
3417	0.4826355507
3418	0.4826306824
3419	0.4826236085
3420	0.4826226613
3421	0.4826201123
3422	0.4826190976
3423	0.4826144312
3424	0.4826096043
3425	0.4826019314
3426	0.4825995762
3427	0.4825967313
3428	0.4825962314
3429	0.4825937877
3430	0.4825888401
3431	0.4825837435
3432	0.4825804742
3433	0.4825788471
3434	0.4825780161
3435	0.4825745983
3436	0.4825684706
3437	0.4825662158
3438	0.4825622582
3439	0.4825591288
3440	0.4825567463
3441	0.4825531033
3442	0.4825501689
3443	0.4825464281
3444	0.4825416257
3445	0.482537473
3446	0.4825370327
3447	0.4825319424
3448	0.4825248521
3449	0.482520754
3450	0.4825200412
3451	0.4825156428
3452	0.4825094007
3453	0.482503642
3454	0.4824994651
3455	0.4824961919
3456	0.4824941773
3457	0.4824896828
3458	0.482484388
3459	0.482482279
3460	0.4824732661
3461	0.4824694712
3462	0.4824645982
3463	0.48245901
3464	0.4824551401
3465	0.4824486399
3466	0.4824444333
3467	0.4824422246
3468	0.4824391787
3469	0.4824377685
3470	0.4824338793
3471	0.482427842
3472	0.4824273855
3473	0.4824261153
3474	0.4824217475
3475	0.4824173926
3476	0.4824162948
3477	0.4824140428
3478	0.4824133175
3479	0.4824074521
3480	0.4824047868
3481	0.4823998057
3482	0.4823955305
3483	0.4823903381
3484	0.482384991
3485	0.4823790829
3486	0.4823752957
3487	0.4823694222
3488	0.4823670176
3489	0.4823653501
3490	0.4823639169
3491	0.4823598902
3492	0.4823552096
3493	0.4823538303
3494	0.482351819
3495	0.482350622
3496	0.4823472041
3497	0.4823421802
3498	0.4823415129
3499	0.4823371728
3500	0.4823362304
3501	0.4823324844
3502	0.4823286174
3503	0.4823196876
3504	0.4823138782
3505	0.4823126657
3506	0.4823068878
3507	0.4823044183
3508	0.482302061
3509	0.482298514
3510	0.4822958797
3511	0.482294757
3512	0.4822915312
3513	0.4822882363
3514	0.4822847513
3515	0.4822799554
3516	0.4822768424
3517	0.4822738978
3518	0.482272559
3519	0.4822691401
3520	0.48226521
3521	0.4822643105
3522	0.4822621681
3523	0.4822594644
3524	0.4822562141
3525	0.4822535839
3526	0.4822474852
3527	0.482242003
3528	0.4822410255
3529	0.4822375277
3530	0.4822359476
3531	0.4822287885
3532	0.4822274716
3533	0.4822253911
3534	0.4822240744
3535	0.4822215182
3536	0.4822176425
3537	0.4822142409
3538	0.4822120807
3539	0.4822095949
3540	0.4822064439
3541	0.4822031918
3542	0.4822010554
3543	0.4821944785
3544	0.4821879411
3545	0.482182945
3546	0.4821806796
3547	0.4821755914
3548	0.4821700064
3549	0.4821657137
3550	0.4821598985
3551	0.4821523369
3552	0.4821499284
3553	0.4821453811
3554	0.4821425207
3555	0.4821408074
3556	0.482137998
3557	0.4821351814
3558	0.4821325629
3559	0.4821282239
3560	0.4821229309
3561	0.4821205996
3562	0.4821190187
3563	0.4821174261
3564	0.4821154638
3565	0.4821136581
3566	0.4821108348
3567	0.4821085973
3568	0.48210581
3569	0.4821021559
3570	0.4820989319
3571	0.4820908415
3572	0.4820816244
3573	0.4820798096
3574	0.4820752977
3575	0.4820710181
3576	0.4820670912
3577	0.482060255
3578	0.4820576642
3579	0.4820561159
3580	0.4820517259
3581	0.4820489335
3582	0.4820476485
3583	0.482045561
3584	0.4820436244
3585	0.4820411893
3586	0.4820390061
3587	0.4820321459
3588	0.4820280632
3589	0.4820254891
3590	0.4820225432
3591	0.4820188938
3592	0.4820112711
3593	0.4820100576
3594	0.4820091018
3595	0.4820073695
3596	0.4820047058
3597	0.4820020419
3598	0.4819961078
3599	0.4819923032
3600	0.4819901874
3601	0.4819819383
3602	0.4819785981
3603	0.4819760079
3604	0.4819741965
3605	0.4819730735
3606	0.4819724772
3607	0.481969998
3608	0.4819642122
3609	0.4819620138
3610	0.481958968
3611	0.4819546377
3612	0.4819536152
3613	0.4819499183
3614	0.4819456404
3615	0.4819415175
3616	0.4819410757
3617	0.4819370815
3618	0.4819330685
3619	0.4819272467
3620	0.4819214758
3621	0.481919378
3622	0.4819138178
3623	0.4819106164
3624	0.4819084746
3625	0.4819054422
3626	0.4819032111
3627	0.4819004036
3628	0.4818984262
3629	0.4818951394
3630	0.4818924946
3631	0.4818906124
3632	0.4818871222
3633	0.4818849846
3634	0.4818806694
3635	0.4818771428
3636	0.4818730997
3637	0.4818713217
3638	0.4818690935
3639	0.4818678189
3640	0.4818657492
3641	0.4818629553
3642	0.4818598515
3643	0.4818544981
3644	0.4818526284
3645	0.4818496791
3646	0.4818421525
3647	0.4818398232
3648	0.4818342428
3649	0.4818308205
3650	0.481825107
3651	0.4818215579
3652	0.4818194131
3653	0.4818175472
3654	0.4818164401
3655	0.481812339
3656	0.4818099579
3657	0.4818067331
3658	0.4818047035
3659	0.481800968
3660	0.4817965091
3661	0.481795666
3662	0.4817895017
3663	0.481786649
3664	0.4817847724
3665	0.4817785791
3666	0.4817748361
3667	0.4817724075
3668	0.481762725
3669	0.4817600357
3670	0.4817565758
3671	0.4817511602
3672	0.4817461823
3673	0.4817435902
3674	0.4817411923
3675	0.481738745
3676	0.4817366845
3677	0.4817324739
3678	0.4817293591
3679	0.4817232673
3680	0.4817170001
3681	0.4817133963
3682	0.4817092293
3683	0.4817074883
3684	0.4817019258
3685	0.4816964199
3686	0.4816879011
3687	0.4816826325
3688	0.4816798646
3689	0.481678056
3690	0.481673916
3691	0.4816709677
3692	0.4816700249
3693	0.4816658232
3694	0.4816621771
3695	0.481660797
3696	0.481658479
3697	0.4816533894
3698	0.481650413
3699	0.4816476484
3700	0.4816426011
3701	0.4816386001
3702	0.4816379865
3703	0.4816329065
3704	0.4816290116
3705	0.4816236598
3706	0.4816200156
3707	0.4816137566
3708	0.4816109644
3709	0.4816064259
3710	0.4816023588
3711	0.4816000538
3712	0.4815963128
3713	0.4815942176
3714	0.4815921212
3715	0.4815866362
3716	0.4815840292
3717	0.4815815448
3718	0.4815778275
3719	0.4815731641
3720	0.4815683623
3721	0.481564909
3722	0.4815585386
3723	0.4815543872
3724	0.4815504174
3725	0.4815471773
3726	0.4815414529
3727	0.4815372079
3728	0.4815330314
3729	0.4815311089
3730	0.481525719
3731	0.4815213966
3732	0.4815192047
3733	0.4815166901
3734	0.4815149289
3735	0.4815114326
3736	0.4815084562
3737	0.4815052123
3738	0.481500783
3739	0.4814932845
3740	0.4814907589
3741	0.4814852079
3742	0.4814826562
3743	0.4814806405
3744	0.4814727125
3745	0.4814691279
3746	0.4814678631
3747	0.4814626853
3748	0.4814585136
3749	0.4814544524
3750	0.4814532128
3751	0.4814479349
3752	0.4814461685
3753	0.4814437898
3754	0.4814422243
3755	0.481441666
3756	0.4814388713
3757	0.4814327987
3758	0.481427463
3759	0.4814245145
3760	0.4814210277
3761	0.4814181747
3762	0.4814159041
3763	0.4814069355
3764	0.4814049796
3765	0.481402511
3766	0.481398796
3767	0.4813970952
3768	0.4813919212
3769	0.4813887199
3770	0.4813843434
3771	0.4813802316
3772	0.4813763883
3773	0.4813729213
3774	0.4813689261
3775	0.4813639476
3776	0.481362709
3777	0.4813596137
3778	0.4813553662
3779	0.4813541559
3780	0.4813490768
3781	0.4813458865
3782	0.4813447642
3783	0.4813425478
3784	0.4813400706
3785	0.4813339533
3786	0.4813287025
3787	0.4813274683
3788	0.4813235924
3789	0.4813229229
3790	0.4813169476
3791	0.4813118362
3792	0.4813074558
3793	0.4813023341
3794	0.4812974239
3795	0.4812935423
3796	0.4812921264
3797	0.4812911695
3798	0.4812874964
3799	0.4812860782
3800	0.4812817115
3801	0.4812775792
3802	0.4812722303
3803	0.4812703718
3804	0.4812662598
3805	0.4812577868
3806	0.4812559094
3807	0.4812549531
3808	0.4812501998
3809	0.481245528
3810	0.4812382491
3811	0.4812327269
3812	0.481229321
3813	0.4812273076
3814	0.4812263168
3815	0.4812201369
3816	0.4812172382
3817	0.4812134055
3818	0.4812118805
3819	0.4812089366
3820	0.4812050508
3821	0.4811995979
3822	0.4811956636
3823	0.4811936934
3824	0.4811925801
3825	0.4811919125
3826	0.4811867405
3827	0.4811859526
3828	0.4811830133
3829	0.4811800492
3830	0.4811780354
3831	0.4811759816
3832	0.4811730575
3833	0.4811686743
3834	0.481166941
3835	0.4811652847
3836	0.4811603287
3837	0.4811555226
3838	0.4811536147
3839	0.4811526326
3840	0.4811504927
3841	0.4811472303
3842	0.4811398467
3843	0.4811346984
3844	0.481130282
3845	0.4811276859
3846	0.4811260177
3847	0.4811230739
3848	0.4811190383
3849	0.4811137307
3850	0.4811118864
3851	0.4811106416
3852	0.4811097291
3853	0.4811081457
3854	0.4811042942
3855	0.48109909
3856	0.4810958934
3857	0.4810917335
3858	0.4810860521
3859	0.4810805988
3860	0.4810780193
3861	0.4810734123
3862	0.4810711476
3863	0.4810704893
3864	0.4810645443
3865	0.4810636775
3866	0.4810627486
3867	0.4810607143
3868	0.4810557112
3869	0.4810508213
3870	0.4810450388
3871	0.4810424981
3872	0.4810406747
3873	0.4810361157
3874	0.4810289531
3875	0.4810261807
3876	0.481024866
3877	0.4810195346
3878	0.4810144439
3879	0.4810120369
3880	0.4810084134
3881	0.4810037882
3882	0.4809997052
3883	0.480995206
3884	0.4809913254
3885	0.480988145
3886	0.4809849266
3887	0.48097587
3888	0.4809732265
3889	0.4809697991
3890	0.4809686363
3891	0.4809664104
3892	0.4809644918
3893	0.480959422
3894	0.4809576306
3895	0.4809542254
3896	0.4809509561
3897	0.4809489341
3898	0.4809453136
3899	0.4809426689
3900	0.4809401664
3901	0.4809360791
3902	0.4809343707
3903	0.4809292746
3904	0.4809256207
3905	0.4809202348
3906	0.4809146718
3907	0.4809119211
3908	0.480904729
3909	0.4809027061
3910	0.4808995908
3911	0.4808946456
3912	0.4808887641
3913	0.4808853445
3914	0.4808818651
3915	0.4808771437
3916	0.4808719729
3917	0.4808689565
3918	0.4808640677
3919	0.4808597229
3920	0.480856335
3921	0.4808521965
3922	0.4808486605
3923	0.4808402306
3924	0.4808324558
3925	0.4808285152
3926	0.480825799
3927	0.4808187341
3928	0.4808145179
3929	0.4808102151
3930	0.4808066351
3931	0.4808008018
3932	0.4807993685
3933	0.4807931142
3934	0.4807881954
3935	0.4807860159
3936	0.4807830401
3937	0.4807792992
3938	0.4807755321
3939	0.4807744371
3940	0.4807725693
3941	0.4807686009
3942	0.4807667024
3943	0.480762995
3944	0.4807586073
3945	0.4807576455
3946	0.480755906
3947	0.4807509922
3948	0.4807476973
3949	0.4807430236
3950	0.4807376237
3951	0.4807360044
3952	0.4807322739
3953	0.4807283879
3954	0.480725346
3955	0.4807241331
3956	0.480722341
3957	0.4807178366
3958	0.4807162568
3959	0.4807121162
3960	0.4807071962
3961	0.4807038207
3962	0.4807014138
3963	0.4806961356
3964	0.4806936164
3965	0.4806909102
3966	0.4806894199
3967	0.4806842641
3968	0.480679666
3969	0.4806774661
3970	0.4806735445
3971	0.4806683005
3972	0.4806677226
3973	0.4806651891
3974	0.4806622609
3975	0.4806607268
3976	0.4806589922
3977	0.4806553954
3978	0.4806537641
3979	0.480649281
3980	0.4806463377
3981	0.4806440984
3982	0.4806429028
3983	0.4806403382
3984	0.4806365215
3985	0.4806327112
3986	0.48062977
3987	0.4806245446
3988	0.4806227001
3989	0.4806192011
3990	0.4806170495
3991	0.4806096778
3992	0.4806053671
3993	0.4806017317
3994	0.4805954647
3995	0.4805893592
3996	0.4805849727
3997	0.4805834626
3998	0.4805827457
3999	0.480581473
4000	0.4805783185
4001	0.4805750214
4002	0.4805737864
4003	0.4805694113
4004	0.4805672915
4005	0.4805603122
4006	0.4805583147
4007	0.4805535308
4008	0.4805473015
4009	0.4805426849
4010	0.4805396769
4011	0.4805374879
4012	0.4805327534
4013	0.4805310917
4014	0.4805265992
4015	0.4805249131
4016	0.480521842
4017	0.4805155002
4018	0.4805110743
4019	0.4805049903
4020	0.4805011403
4021	0.4804981723
4022	0.4804953893
4023	0.4804914999
4024	0.4804879513
4025	0.4804826516
4026	0.480482246
4027	0.4804760576
4028	0.48046972
4029	0.4804668778
4030	0.4804635107
4031	0.480459966
4032	0.4804533526
4033	0.4804488455
4034	0.4804451809
4035	0.4804430886
4036	0.4804403907
4037	0.4804342134
4038	0.4804299356
4039	0.4804281879
4040	0.4804240524
4041	0.4804146587
4042	0.4804115333
4043	0.48040793
4044	0.4804029807
4045	0.4803969282
4046	0.4803944301
4047	0.4803898277
4048	0.480385845
4049	0.4803812502
4050	0.4803768567
4051	0.4803754166
4052	0.4803746042
4053	0.4803729415
4054	0.4803705602
4055	0.4803652605
4056	0.4803621013
4057	0.4803569616
4058	0.480355099
4059	0.4803538064
4060	0.4803502591
4061	0.4803469567
4062	0.4803403144
4063	0.4803347694
4064	0.4803310467
4065	0.4803253026
4066	0.4803196702
4067	0.4803190322
4068	0.4803160253
4069	0.4803154175
4070	0.4803135773
4071	0.4803125478
4072	0.4803112615
4073	0.4803082116
4074	0.4803044431
4075	0.4803006872
4076	0.4802985599
4077	0.4802959814
4078	0.4802904574
4079	0.4802880175
4080	0.4802846417
4081	0.4802831604
4082	0.4802774187
4083	0.4802697365
4084	0.4802664246
4085	0.4802655348
4086	0.4802629987
4087	0.4802558002
4088	0.4802533852
4089	0.4802517858
4090	0.4802500726
4091	0.480243233
4092	0.4802411099
4093	0.4802376377
4094	0.4802339973
4095	0.4802323504
4096	0.4802308047
4097	0.4802272408
4098	0.4802194821
4099	0.4802147484
4100	0.4802107996
4101	0.4802040997
4102	0.4801963368
4103	0.4801932115
4104	0.4801877479
4105	0.4801843171
4106	0.4801790836
4107	0.480175121
4108	0.4801706142
4109	0.4801683985
4110	0.4801632373
4111	0.4801572487
4112	0.4801540024
4113	0.4801504997
4114	0.4801482093
4115	0.4801452428
4116	0.4801435201
4117	0.4801390462
4118	0.4801381177
4119	0.4801345277
4120	0.480127894
4121	0.4801231374
4122	0.4801196692
4123	0.4801164933
4124	0.4801136586
4125	0.4801084449
4126	0.4801051529
4127	0.4801011389
4128	0.4800961245
4129	0.4800944873
4130	0.4800897192
4131	0.4800864881
4132	0.4800820264
4133	0.4800782948
4134	0.4800765293
4135	0.4800758434
4136	0.4800742622
4137	0.4800701264
4138	0.4800690526
4139	0.4800640483
4140	0.4800609534
4141	0.4800571227
4142	0.4800528004
4143	0.4800503145
4144	0.4800486435
4145	0.4800439578
4146	0.4800395646
4147	0.4800368988
4148	0.4800351897
4149	0.4800325997
4150	0.4800293562
4151	0.4800282232
4152	0.4800252027
4153	0.4800239708
4154	0.4800195985
4155	0.4800149471
4156	0.4800099925
4157	0.4800061759
4158	0.4800031677
4159	0.4799967783
4160	0.4799932104
4161	0.4799904776
4162	0.4799877465
4163	0.479985222
4164	0.4799837514
4165	0.4799806207
4166	0.4799768014
4167	0.4799757422
4168	0.4799735034
4169	0.4799719218
4170	0.4799698069
4171	0.4799646199
4172	0.4799636132
4173	0.4799618323
4174	0.4799581886
4175	0.4799522141
4176	0.4799496022
4177	0.4799472863
4178	0.4799428306
4179	0.4799404423
4180	0.4799347774
4181	0.4799295542
4182	0.479926993
4183	0.4799191677
4184	0.4799156885
4185	0.4799145542
4186	0.4799094359
4187	0.4799072494
4188	0.4799026692
4189	0.4798992309
4190	0.4798953178
4191	0.4798930272
4192	0.4798922031
4193	0.4798853728
4194	0.4798804979
4195	0.4798744759
4196	0.4798707733
4197	0.4798663125
4198	0.4798617212
4199	0.4798583353
4200	0.4798547522
4201	0.4798495524
4202	0.4798446681
4203	0.4798392482
4204	0.4798377759
4205	0.4798349278
4206	0.4798318111
4207	0.4798305927
4208	0.4798271646
4209	0.4798238544
4210	0.4798191458
4211	0.4798169045
4212	0.4798156287
4213	0.4798119985
4214	0.4798107552
4215	0.4798075355
4216	0.4798019826
4217	0.4797994539
4218	0.4797967329
4219	0.4797935412
4220	0.4797867465
4221	0.4797827613
4222	0.4797814823
4223	0.4797789716
4224	0.4797737745
4225	0.4797690687
4226	0.4797667607
4227	0.4797644295
4228	0.4797598007
4229	0.4797559035
4230	0.4797546824
4231	0.4797531229
4232	0.4797504524
4233	0.4797462379
4234	0.4797441742
4235	0.4797403463
4236	0.4797390246
4237	0.479738037
4238	0.4797319455
4239	0.4797291957
4240	0.4797268123
4241	0.4797232184
4242	0.4797197548
4243	0.479717127
4244	0.4797156837
4245	0.4797108794
4246	0.4797068473
4247	0.479701329
4248	0.4796966088
4249	0.4796945029
4250	0.4796908226
4251	0.4796858349
4252	0.4796841568
4253	0.4796807828
4254	0.4796792842
4255	0.4796772482
4256	0.4796731933
4257	0.4796680724
4258	0.4796630896
4259	0.4796614613
4260	0.479659901
4261	0.479657742
4262	0.4796528913
4263	0.4796483591
4264	0.4796444051
4265	0.4796431285
4266	0.4796423684
4267	0.4796391627
4268	0.4796348588
4269	0.4796293476
4270	0.4796252074
4271	0.4796224167
4272	0.479615704
4273	0.4796103448
4274	0.4796093805
4275	0.4796056267
4276	0.4796044837
4277	0.4795986626
4278	0.4795958386
4279	0.4795930602
4280	0.4795890926
4281	0.4795875355
4282	0.4795823698
4283	0.4795797665
4284	0.479577601
4285	0.479576554
4286	0.479569609
4287	0.4795631461
4288	0.4795600834
4289	0.4795542945
4290	0.4795487972
4291	0.4795476356
4292	0.4795430286
4293	0.4795367812
4294	0.4795355787
4295	0.4795319349
4296	0.4795301832
4297	0.4795259135
4298	0.4795217788
4299	0.4795206821
4300	0.4795139589
4301	0.4795118242
4302	0.4795066201
4303	0.4795029958
4304	0.4795015154
4305	0.4794996102
4306	0.4794989683
4307	0.4794937072
4308	0.479490179
4309	0.4794856196
4310	0.4794833688
4311	0.4794778003
4312	0.4794728161
4313	0.4794716121
4314	0.4794669581
4315	0.4794634184
4316	0.4794596561
4317	0.4794543581
4318	0.4794507207
4319	0.4794492464
4320	0.4794465258
4321	0.4794433049
4322	0.4794414655
4323	0.4794406122
4324	0.4794380679
4325	0.4794349132
4326	0.4794316417
4327	0.4794297637
4328	0.4794243465
4329	0.4794199047
4330	0.4794158184
4331	0.4794100288
4332	0.4794094453
4333	0.4794083067
4334	0.4794044099
4335	0.4794024987
4336	0.4794007858
4337	0.4793988319
4338	0.4793936334
4339	0.4793883536
4340	0.4793846432
4341	0.4793807293
4342	0.4793796187
4343	0.4793758769
4344	0.4793742785
4345	0.4793703476
4346	0.4793694571
4347	0.4793669456
4348	0.4793621731
4349	0.4793576411
4350	0.479354732
4351	0.4793461866
4352	0.4793418525
4353	0.4793365208
4354	0.4793329791
4355	0.4793285021
4356	0.4793236758
4357	0.4793178323
4358	0.4793159259
4359	0.4793151784
4360	0.4793129848
4361	0.4793107275
4362	0.4793094035
4363	0.4793060514
4364	0.4793030675
4365	0.4793010032
4366	0.4792964395
4367	0.4792930776
4368	0.4792907631
4369	0.4792893907
4370	0.4792846299
4371	0.4792808858
4372	0.4792792049
4373	0.4792777956
4374	0.4792757812
4375	0.4792715595
4376	0.4792663737
4377	0.4792647845
4378	0.4792597018
4379	0.4792550492
4380	0.4792516412
4381	0.4792485901
4382	0.479246163
4383	0.4792415219
4384	0.4792391572
4385	0.4792352422
4386	0.4792322399
4387	0.47923051
4388	0.4792279597
4389	0.4792249528
4390	0.4792209425
4391	0.4792187271
4392	0.4792144861
4393	0.4792130736
4394	0.4792047682
4395	0.4792031211
4396	0.4792012873
4397	0.4791986314
4398	0.4791965866
4399	0.4791942394
4400	0.4791914918
4401	0.4791868205
4402	0.4791819304
4403	0.4791777866
4404	0.4791769777
4405	0.4791763276
4406	0.4791748114
4407	0.4791721306
4408	0.4791685488
4409	0.4791656856
4410	0.4791621896
4411	0.4791569979
4412	0.4791527958
4413	0.4791485559
4414	0.4791468078
4415	0.4791421214
4416	0.4791388418
4417	0.4791368166
4418	0.4791345981
4419	0.4791283479
4420	0.4791206003
4421	0.4791159384
4422	0.4791134932
4423	0.4791108973
4424	0.4791087146
4425	0.4791044561
4426	0.4790971257
4427	0.4790932828
4428	0.4790896619
4429	0.4790868995
4430	0.4790827788
4431	0.4790754238
4432	0.4790722196
4433	0.4790684753
4434	0.4790642345
4435	0.4790631137
4436	0.4790609509
4437	0.4790552726
4438	0.4790525754
4439	0.4790503673
4440	0.4790477183
4441	0.4790443892
4442	0.4790399889
4443	0.4790372378
4444	0.4790347856
4445	0.4790320219
4446	0.4790301397
4447	0.4790287164
4448	0.4790271215
4449	0.4790254459
4450	0.4790214946
4451	0.4790170742
4452	0.4790129876
4453	0.479010568
4454	0.4790078755
4455	0.4790050352
4456	0.4790022611
4457	0.4790012182
4458	0.4789953277
4459	0.478991118
4460	0.4789877672
4461	0.4789855068
4462	0.4789827991
4463	0.478981285
4464	0.478978356
4465	0.478974001
4466	0.4789703627
4467	0.4789664148
4468	0.4789632702
4469	0.4789621342
4470	0.4789580843
4471	0.4789568603
4472	0.4789551839
4473	0.4789525624
4474	0.4789480219
4475	0.4789443421
4476	0.4789408375
4477	0.4789392082
4478	0.4789360328
4479	0.4789341719
4480	0.4789317143
4481	0.4789299168
4482	0.4789260649
4483	0.4789246358
4484	0.4789189601
4485	0.4789170374
4486	0.4789135163
4487	0.4789090857
4488	0.4789059657
4489	0.4788988148
4490	0.4788953865
4491	0.4788912325
4492	0.4788872712
4493	0.4788829296
4494	0.4788789439
4495	0.478876217
4496	0.4788734632
4497	0.4788698965
4498	0.4788615139
4499	0.4788535998
4500	0.4788496215
4501	0.4788477555
4502	0.4788452283
4503	0.4788413322
4504	0.4788361417
4505	0.4788320658
4506	0.4788297227
4507	0.4788256956
4508	0.4788246273
4509	0.478822733
4510	0.4788200709
4511	0.4788160164
4512	0.4788131574
4513	0.4788064815
4514	0.4788024858
4515	0.4788014868
4516	0.4787964148
4517	0.4787939087
4518	0.4787894947
4519	0.4787839095
4520	0.478781591
4521	0.4787789372
4522	0.478770879
4523	0.4787664431
4524	0.4787612971
4525	0.4787581723
4526	0.4787549697
4527	0.4787518801
4528	0.4787482565
4529	0.4787452816
4530	0.478739393
4531	0.4787349537
4532	0.4787311461
4533	0.4787288683
4534	0.4787271339
4535	0.4787236106
4536	0.4787174395
4537	0.4787135959
4538	0.4787106389
4539	0.4787072841
4540	0.478703873
4541	0.4786993854
4542	0.4786979276
4543	0.4786909539
4544	0.4786893683
4545	0.4786856813
4546	0.4786805624
4547	0.4786770488
4548	0.4786741096
4549	0.4786700166
4550	0.4786677218
4551	0.4786646208
4552	0.4786578814
4553	0.4786531795
4554	0.4786495205
4555	0.4786429464
4556	0.4786379116
4557	0.4786344662
4558	0.4786327367
4559	0.4786300998
4560	0.4786265772
4561	0.4786223555
4562	0.478617778
4563	0.4786120059
4564	0.4786109473
4565	0.478609477
4566	0.4786067094
4567	0.4786034154
4568	0.4785988076
4569	0.4785946569
4570	0.4785921706
4571	0.4785897744
4572	0.4785871776
4573	0.4785845338
4574	0.4785829309
4575	0.4785786363
4576	0.478571646
4577	0.4785677136
4578	0.4785641898
4579	0.478558793
4580	0.4785544437
4581	0.4785503932
4582	0.4785468107
4583	0.4785446277
4584	0.4785409348
4585	0.4785371896
4586	0.4785346103
4587	0.4785323157
4588	0.4785317476
4589	0.4785290239
4590	0.4785268498
4591	0.4785257483
4592	0.4785213333
4593	0.4785177268
4594	0.4785142937
4595	0.4785091447
4596	0.4785085545
4597	0.4785042234
4598	0.4785038692
4599	0.478500273
4600	0.478494277
4601	0.4784920633
4602	0.4784879767
4603	0.4784853369
4604	0.4784805749
4605	0.4784787695
4606	0.4784752595
4607	0.4784727044
4608	0.4784704002
4609	0.4784665877
4610	0.478466346
4611	0.478464291
4612	0.4784631863
4613	0.4784582293
4614	0.4784549051
4615	0.4784535149
4616	0.4784512591
4617	0.4784481889
4618	0.4784450906
4619	0.4784428585
4620	0.4784399244
4621	0.4784371893
4622	0.4784345143
4623	0.4784325217
4624	0.4784284377
4625	0.4784245014
4626	0.4784229282
4627	0.4784207166
4628	0.4784182438
4629	0.4784152718
4630	0.4784130252
4631	0.4784119069
4632	0.4784107594
4633	0.4784082406
4634	0.4784051633
4635	0.4784025982
4636	0.4784005668
4637	0.4783980193
4638	0.4783947232
4639	0.4783929809
4640	0.4783919077
4641	0.4783880404
4642	0.4783835225
4643	0.4783782073
4644	0.4783759235
4645	0.4783740673
4646	0.4783701955
4647	0.4783687912
4648	0.4783632143
4649	0.478361187
4650	0.4783601242
4651	0.47835681
4652	0.4783553967
4653	0.4783546716
4654	0.4783515746
4655	0.4783479463
4656	0.4783419854
4657	0.4783396726
4658	0.4783383308
4659	0.4783373544
4660	0.4783348404
4661	0.4783341339
4662	0.4783308566
4663	0.4783291026
4664	0.4783273242
4665	0.4783236611
4666	0.478321431
4667	0.4783199164
4668	0.4783178313
4669	0.4783152833
4670	0.478311468
4671	0.47830464
4672	0.4782988044
4673	0.4782914292
4674	0.4782889723
4675	0.4782848843
4676	0.4782818136
4677	0.4782805022
4678	0.4782770823
4679	0.4782745879
4680	0.4782707936
4681	0.478268813
4682	0.4782623223
4683	0.478260701
4684	0.4782587011
4685	0.4782565411
4686	0.4782526417
4687	0.4782470958
4688	0.4782439876
4689	0.4782403674
4690	0.4782386894
4691	0.4782326615
4692	0.4782308732
4693	0.4782280379
4694	0.4782241046
4695	0.4782231112
4696	0.4782220915
4697	0.4782184089
4698	0.4782137398
4699	0.4782122985
4700	0.4782093353
4701	0.4782062905
4702	0.4781989375
4703	0.4781970817
4704	0.4781939729
4705	0.4781912107
4706	0.478188845
4707	0.4781833301
4708	0.4781775455
4709	0.478172147
4710	0.4781691003
4711	0.4781674413
4712	0.4781654048
4713	0.4781608749
4714	0.4781594668
4715	0.4781551868
4716	0.4781540858
4717	0.4781458217
4718	0.4781453153
4719	0.4781439061
4720	0.4781395068
4721	0.4781334291
4722	0.4781308581
4723	0.4781250883
4724	0.4781232534
4725	0.4781218278
4726	0.4781162758
4727	0.4781147581
4728	0.4781126854
4729	0.4781102884
4730	0.4781081305
4731	0.4781057084
4732	0.4781054263
4733	0.4781016135
4734	0.4780986433
4735	0.4780953558
4736	0.4780898182
4737	0.478085072
4738	0.4780822306
4739	0.4780772041
4740	0.4780754442
4741	0.478071256
4742	0.4780685041
4743	0.4780667144
4744	0.4780652948
4745	0.4780631976
4746	0.4780608361
4747	0.4780582796
4748	0.4780581191
4749	0.4780533922
4750	0.4780509641
4751	0.4780432097
4752	0.4780413188
4753	0.4780393576
4754	0.4780348306
4755	0.4780316971
4756	0.4780286609
4757	0.4780272849
4758	0.478021234
4759	0.4780151396
4760	0.4780146008
4761	0.4780101376
4762	0.4780016796
4763	0.4779966893
4764	0.4779903019
4765	0.4779879517
4766	0.4779857415
4767	0.4779838169
4768	0.4779808046
4769	0.4779782302
4770	0.4779749806
4771	0.4779710373
4772	0.4779671509
4773	0.477966264
4774	0.4779655101
4775	0.4779629878
4776	0.4779621222
4777	0.4779589087
4778	0.4779536363
4779	0.4779506167
4780	0.4779474407
4781	0.47794329
4782	0.4779415682
4783	0.4779403921
4784	0.4779373792
4785	0.4779329875
4786	0.477932109
4787	0.4779291742
4788	0.4779281563
4789	0.4779270952
4790	0.4779233962
4791	0.4779208462
4792	0.4779151883
4793	0.4779097862
4794	0.4779070527
4795	0.4779037443
4796	0.4779035985
4797	0.477899923
4798	0.4778976736
4799	0.4778923807
4800	0.4778879096
4801	0.4778854058
4802	0.4778812746
4803	0.4778791175
4804	0.4778754142
4805	0.4778716743
4806	0.4778684106
4807	0.477865756
4808	0.4778597517
4809	0.4778567768
4810	0.4778520259
4811	0.4778481839
4812	0.4778434934
4813	0.4778419346
4814	0.477837892
4815	0.4778353073
4816	0.4778302208
4817	0.4778259904
4818	0.4778217488
4819	0.4778175367
4820	0.477815427
4821	0.4778103791
4822	0.4778075986
4823	0.4778048421
4824	0.4778020045
4825	0.4777953565
4826	0.4777937812
4827	0.4777915437
4828	0.4777901321
4829	0.4777887323
4830	0.4777847944
4831	0.4777802637
4832	0.4777796638
4833	0.4777764541
4834	0.4777721848
4835	0.4777680921
4836	0.4777667132
4837	0.4777641381
4838	0.4777613488
4839	0.4777565376
4840	0.4777524385
4841	0.4777494244
4842	0.4777480854
4843	0.4777454908
4844	0.4777409844
4845	0.4777390179
4846	0.4777336939
4847	0.4777322235
4848	0.4777269015
4849	0.4777242365
4850	0.4777225804
4851	0.4777204844
4852	0.4777196647
4853	0.4777163929
4854	0.4777141454
4855	0.477709979
4856	0.4777085028
4857	0.4777078408
4858	0.4777051678
4859	0.4777039181
4860	0.4777011679
4861	0.4777003828
4862	0.4776957474
4863	0.4776930693
4864	0.4776886482
4865	0.4776873003
4866	0.4776848272
4867	0.4776820182
4868	0.4776772165
4869	0.4776747769
4870	0.4776739927
4871	0.4776693127
4872	0.4776651552
4873	0.4776632471
4874	0.4776623973
4875	0.4776597096
4876	0.4776592003
4877	0.4776555588
4878	0.4776536835
4879	0.4776525191
4880	0.4776503121
4881	0.4776484472
4882	0.4776437177
4883	0.4776403365
4884	0.4776353952
4885	0.4776322394
4886	0.4776281485
4887	0.4776272712
4888	0.4776265836
4889	0.4776259303
4890	0.4776221823
4891	0.4776193501
4892	0.4776155077
4893	0.4776138759
4894	0.4776100205
4895	0.4776080504
4896	0.4776059868
4897	0.4776011154
4898	0.4775999957
4899	0.4775922267
4900	0.4775908458
4901	0.4775895727
4902	0.4775854022
4903	0.4775832509
4904	0.4775821606
4905	0.477579555
4906	0.4775708376
4907	0.4775698875
4908	0.4775655012
4909	0.4775619816
4910	0.4775613936
4911	0.4775583841
4912	0.4775554752
4913	0.4775540415
4914	0.4775515696
4915	0.4775500306
4916	0.4775484501
4917	0.4775468698
4918	0.477542308
4919	0.477539107
4920	0.4775379
4921	0.4775371486
4922	0.4775343267
4923	0.4775292795
4924	0.4775271368
4925	0.4775230459
4926	0.4775200533
4927	0.4775191592
4928	0.4775119032
4929	0.4775089944
4930	0.4775062677
4931	0.4775059299
4932	0.4775041496
4933	0.4774969466
4934	0.477495128
4935	0.4774930488
4936	0.4774883234
4937	0.477484565
4938	0.4774796707
4939	0.4774760578
4940	0.477475583
4941	0.4774723976
4942	0.4774708489
4943	0.4774672845
4944	0.4774654447
4945	0.4774614398
4946	0.4774596067
4947	0.4774549514
4948	0.4774540553
4949	0.4774481784
4950	0.4774463465
4951	0.4774423816
4952	0.4774377303
4953	0.4774327602
4954	0.4774276642
4955	0.4774219767
4956	0.4774188806
4957	0.4774178613
4958	0.4774163932
4959	0.4774125252
4960	0.477410815
4961	0.4774078685
4962	0.4774031893
4963	0.4774000672
4964	0.4773947569
4965	0.4773901176
4966	0.4773862717
4967	0.4773848351
4968	0.4773834081
4969	0.477380893
4970	0.4773793471
4971	0.4773750422
4972	0.4773735774
4973	0.4773699988
4974	0.4773691358
4975	0.4773654211
4976	0.4773637566
4977	0.4773610691
4978	0.4773597751
4979	0.4773576284
4980	0.477355725
4981	0.4773522566
4982	0.4773487009
4983	0.4773466016
4984	0.4773429968
4985	0.4773426796
4986	0.4773379628
4987	0.4773353647
4988	0.4773334594
4989	0.4773312191
4990	0.4773284479
4991	0.477323398
4992	0.477322975
4993	0.4773188164
4994	0.4773156958
4995	0.477313707
4996	0.4773110196
4997	0.4773089503
4998	0.477307536
4999	0.4773046838
5000	0.4772980061
5001	0.4772921158
5002	0.4772896522
5003	0.4772864969
5004	0.4772841202
5005	0.4772808402
5006	0.477275137
5007	0.4772719792
5008	0.477267969
5009	0.4772657955
5010	0.4772607341
5011	0.4772575455
5012	0.4772531388
5013	0.4772511455
5014	0.4772479373
5015	0.4772458062
5016	0.4772449619
5017	0.4772411247
5018	0.4772370676
5019	0.4772328384
5020	0.477227548
5021	0.4772234783
5022	0.4772178613
5023	0.4772149659
5024	0.4772133872
5025	0.4772092324
5026	0.4772076045
5027	0.4772064259
5028	0.4772044531
5029	0.4771991861
5030	0.4771970142
5031	0.4771956265
5032	0.4771943282
5033	0.477192591
5034	0.4771893023
5035	0.4771877559
5036	0.4771826188
5037	0.4771798179
5038	0.4771778214
5039	0.4771769799
5040	0.4771756641
5041	0.4771714468
5042	0.4771683037
5043	0.4771652743
5044	0.4771629641
5045	0.4771591933
5046	0.4771569445
5047	0.4771530279
5048	0.4771491529
5049	0.4771444137
5050	0.4771400213
5051	0.4771371682
5052	0.4771359911
5053	0.4771317924
5054	0.4771276157
5055	0.4771230917
5056	0.4771191022
5057	0.4771150947
5058	0.4771139847
5059	0.477110292
5060	0.4771068431
5061	0.477105922
5062	0.477102375
5063	0.47710167
5064	0.4770953305
5065	0.4770927244
5066	0.4770897122
5067	0.4770840747
5068	0.477082176
5069	0.4770817
5070	0.4770779648
5071	0.4770746705
5072	0.4770702841
5073	0.4770692728
5074	0.4770672947
5075	0.4770659667
5076	0.4770623418
5077	0.4770610509
5078	0.4770569829
5079	0.4770551059
5080	0.4770519676
5081	0.4770502768
5082	0.4770467002
5083	0.4770398864
5084	0.4770372346
5085	0.4770353999
5086	0.4770286486
5087	0.4770277813
5088	0.4770257684
5089	0.4770229354
5090	0.4770191686
5091	0.4770165902
5092	0.477014641
5093	0.4770104473
5094	0.4770083064
5095	0.4770074061
5096	0.4770059469
5097	0.4770003953
5098	0.4769999812
5099	0.4769980478
5100	0.4769968252
5101	0.4769961069
5102	0.476993727
5103	0.4769897958
5104	0.4769856391
5105	0.4769822933
5106	0.4769777046
5107	0.4769739027
5108	0.4769719754
5109	0.4769699655
5110	0.476968139
5111	0.4769643932
5112	0.4769606095
5113	0.4769576816
5114	0.4769545449
5115	0.4769519521
5116	0.4769479391
5117	0.4769447742
5118	0.4769439023
5119	0.4769408449
5120	0.4769361219
5121	0.4769314032
5122	0.4769287892
5123	0.4769280854
5124	0.476925199
5125	0.4769223064
5126	0.4769192576
5127	0.4769156705
5128	0.4769129462
5129	0.4769068778
5130	0.476902563
5131	0.4769006273
5132	0.4768995817
5133	0.4768980818
5134	0.4768924314
5135	0.4768879995
5136	0.4768857672
5137	0.4768815743
5138	0.4768776361
5139	0.4768742306
5140	0.4768685401
5141	0.4768671853
5142	0.4768658842
5143	0.4768645134
5144	0.4768607516
5145	0.4768594263
5146	0.4768541762
5147	0.4768515145
5148	0.4768449511
5149	0.4768405646
5150	0.4768359051
5151	0.4768325487
5152	0.4768310979
5153	0.4768267555
5154	0.4768247576
5155	0.476820964
5156	0.476815637
5157	0.4768155478
5158	0.476811977
5159	0.476805903
5160	0.4768050832
5161	0.4768029632
5162	0.4767971358
5163	0.4767949051
5164	0.4767920335
5165	0.4767906291
5166	0.4767875601
5167	0.4767841029
5168	0.476781027
5169	0.476779414
5170	0.4767777599
5171	0.476774409
5172	0.4767678378
5173	0.476766391
5174	0.4767654402
5175	0.4767637819
5176	0.4767623189
5177	0.4767594564
5178	0.4767566792
5179	0.4767538993
5180	0.47675172
5181	0.4767465795
5182	0.4767447231
5183	0.476742311
5184	0.4767386622
5185	0.4767359309
5186	0.4767324356
5187	0.4767247102
5188	0.4767197967
5189	0.476713884
5190	0.4767130714
5191	0.4767074881
5192	0.4767028644
5193	0.4766989912
5194	0.4766967055
5195	0.4766949523
5196	0.4766893569
5197	0.4766874693
5198	0.4766843941
5199	0.4766833239
5200	0.4766805139
5201	0.4766790596
5202	0.4766740008
5203	0.476671939
5204	0.4766696414
5205	0.4766676506
5206	0.4766639312
5207	0.4766597024
5208	0.4766530559
5209	0.4766507751
5210	0.4766485045
5211	0.4766464311
5212	0.4766438184
5213	0.4766416353
5214	0.4766364604
5215	0.4766354714
5216	0.476631442
5217	0.4766302186
5218	0.476627754
5219	0.4766252276
5220	0.476621597
5221	0.4766152742
5222	0.4766121778
5223	0.4766097657
5224	0.4766086272
5225	0.4766067695
5226	0.4766058598
5227	0.4766043829
5228	0.4766002732
5229	0.4765979106
5230	0.476593648
5231	0.4765878506
5232	0.4765867483
5233	0.4765861113
5234	0.4765824292
5235	0.4765803229
5236	0.4765750593
5237	0.4765736095
5238	0.4765711178
5239	0.4765673199
5240	0.4765648795
5241	0.476559485
5242	0.4765564776
5243	0.4765539396
5244	0.4765528194
5245	0.4765473644
5246	0.4765450718
5247	0.4765398443
5248	0.4765380961
5249	0.4765351994
5250	0.476533172
5251	0.4765304722
5252	0.47652683
5253	0.4765233337
5254	0.4765211547
5255	0.4765196968
5256	0.4765187301
5257	0.4765169203
5258	0.4765112735
5259	0.4765083394
5260	0.4765072617
5261	0.4765055617
5262	0.4765035122
5263	0.4765025478
5264	0.4765014134
5265	0.4764985302
5266	0.4764936617
5267	0.4764907477
5268	0.4764875755
5269	0.4764856822
5270	0.4764834983
5271	0.4764814449
5272	0.4764760526
5273	0.4764728752
5274	0.4764716553
5275	0.476469239
5276	0.4764661986
5277	0.4764651911
5278	0.4764619698
5279	0.4764584382
5280	0.4764547497
5281	0.4764514681
5282	0.4764487883
5283	0.4764463778
5284	0.4764411826
5285	0.4764370475
5286	0.4764342793
5287	0.4764317689
5288	0.4764262067
5289	0.4764200176
5290	0.4764161279
5291	0.4764121548
5292	0.4764111535
5293	0.4764098363
5294	0.4764053178
5295	0.4764024637
5296	0.4763976783
5297	0.4763938212
5298	0.4763930645
5299	0.4763897546
5300	0.4763860746
5301	0.4763820791
5302	0.4763761214
5303	0.4763744861
5304	0.4763690979
5305	0.4763654512
5306	0.4763619484
5307	0.4763577884
5308	0.4763554791
5309	0.4763533951
5310	0.4763506604
5311	0.476345428
5312	0.4763410318
5313	0.4763378997
5314	0.4763366899
5315	0.4763353813
5316	0.4763316287
5317	0.4763307231
5318	0.4763295523
5319	0.4763279247
5320	0.476323613
5321	0.4763208498
5322	0.4763180414
5323	0.4763129737
5324	0.4763095135
5325	0.4763063438
5326	0.4763060129
5327	0.4763044924
5328	0.4763010244
5329	0.4762996906
5330	0.4762947711
5331	0.4762928449
5332	0.4762923886
5333	0.4762864797
5334	0.4762815556
5335	0.4762781637
5336	0.4762709092
5337	0.4762655055
5338	0.4762607922
5339	0.4762560715
5340	0.4762516574
5341	0.4762506579
5342	0.4762447224
5343	0.4762400626
5344	0.4762358853
5345	0.476232313
5346	0.4762290094
5347	0.4762252136
5348	0.4762191881
5349	0.4762159668
5350	0.4762142429
5351	0.4762116625
5352	0.4762049381
5353	0.4762038154
5354	0.4762004217
5355	0.4761983629
5356	0.4761967059
5357	0.4761870294
5358	0.4761851723
5359	0.4761819104
5360	0.4761786886
5361	0.4761768233
5362	0.4761756139
5363	0.476171165
5364	0.476170194
5365	0.4761648704
5366	0.4761615067
5367	0.4761597293
5368	0.4761550273
5369	0.4761521519
5370	0.4761474092
5371	0.4761426218
5372	0.4761378539
5373	0.4761347747
5374	0.4761257292
5375	0.4761181018
5376	0.476115843
5377	0.4761139798
5378	0.4761130185
5379	0.4761087029
5380	0.4761058585
5381	0.4761021256
5382	0.4760982622
5383	0.4760943853
5384	0.4760915647
5385	0.4760883557
5386	0.4760860432
5387	0.4760811639
5388	0.476077553
5389	0.476074605
5390	0.4760721265
5391	0.4760710643
5392	0.4760703636
5393	0.4760679288
5394	0.4760668271
5395	0.4760640622
5396	0.4760603894
5397	0.4760561826
5398	0.476051573
5399	0.4760458954
5400	0.4760441544
5401	0.4760424661
5402	0.4760390276
5403	0.4760376171
5404	0.4760348909
5405	0.4760326173
5406	0.4760297313
5407	0.4760282081
5408	0.4760266093
5409	0.476022042
5410	0.4760189691
5411	0.4760161843
5412	0.4760120972
5413	0.4760078616
5414	0.4760027252
5415	0.4760005015
5416	0.475995147
5417	0.4759906263
5418	0.4759863305
5419	0.4759836517
5420	0.4759798362
5421	0.4759756615
5422	0.4759721491
5423	0.4759694909
5424	0.4759670014
5425	0.4759639438
5426	0.4759628242
5427	0.4759607044
5428	0.4759586858
5429	0.4759572443
5430	0.4759559889
5431	0.4759517627
5432	0.4759511087
5433	0.4759471335
5434	0.4759426271
5435	0.4759411359
5436	0.4759401284
5437	0.4759371016
5438	0.4759331932
5439	0.4759308761
5440	0.4759284259
5441	0.4759260452
5442	0.4759225476
5443	0.4759183019
5444	0.4759147491
5445	0.4759135275
5446	0.4759096153
5447	0.4759077699
5448	0.4759051735
5449	0.4759025613
5450	0.4759012445
5451	0.4758973524
5452	0.4758950225
5453	0.4758925233
5454	0.4758913214
5455	0.4758892741
5456	0.4758824454
5457	0.4758818924
5458	0.4758795106
5459	0.4758753367
5460	0.4758736065
5461	0.4758708355
5462	0.4758695007
5463	0.4758667605
5464	0.47586075
5465	0.4758584603
5466	0.4758544047
5467	0.475851691
5468	0.4758450084
5469	0.4758415087
5470	0.4758394829
5471	0.4758343414
5472	0.4758314247
5473	0.4758298809
5474	0.4758271756
5475	0.4758265381
5476	0.4758244546
5477	0.4758184391
5478	0.4758155964
5479	0.4758125511
5480	0.4758105604
5481	0.4758085259
5482	0.4758054322
5483	0.4758039558
5484	0.4758014062
5485	0.4758004187
5486	0.4757989582
5487	0.4757983062
5488	0.4757951914
5489	0.4757910603
5490	0.4757840642
5491	0.4757795766
5492	0.4757762934
5493	0.4757755759
5494	0.4757750854
5495	0.4757742155
5496	0.4757699574
5497	0.475766036
5498	0.4757629187
5499	0.4757596585
5500	0.4757574326
5501	0.4757551369
5502	0.4757524775
5503	0.4757503636
5504	0.475748203
5505	0.4757414972
5506	0.4757371183
5507	0.4757353412
5508	0.4757342931
5509	0.4757304149
5510	0.475728962
5511	0.4757254484
5512	0.4757227682
5513	0.4757192328
5514	0.4757175012
5515	0.4757152076
5516	0.4757116726
5517	0.4757102183
5518	0.4757079364
5519	0.475704486
5520	0.4756996693
5521	0.4756968415
5522	0.4756933951
5523	0.4756889912
5524	0.4756875624
5525	0.4756852068
5526	0.4756837356
5527	0.4756807399
5528	0.4756795005
5529	0.4756769331
5530	0.4756742042
5531	0.475672458
5532	0.475671542
5533	0.4756673815
5534	0.475666589
5535	0.475665332
5536	0.4756635315
5537	0.475659605
5538	0.4756583746
5539	0.4756556702
5540	0.4756528686
5541	0.4756458735
5542	0.4756431574
5543	0.4756423407
5544	0.47563524
5545	0.4756298223
5546	0.4756282239
5547	0.4756255695
5548	0.4756247752
5549	0.4756218863
5550	0.4756202413
5551	0.4756182336
5552	0.4756170587
5553	0.4756148392
5554	0.4756126991
5555	0.4756100391
5556	0.4756084558
5557	0.4756064855
5558	0.4756042594
5559	0.4755969096
5560	0.4755912152
5561	0.4755875733
5562	0.475585225
5563	0.4755823762
5564	0.4755807409
5565	0.4755797419
5566	0.4755757781
5567	0.4755717085
5568	0.4755683669
5569	0.4755662918
5570	0.47556228
5571	0.4755602473
5572	0.4755589979
5573	0.4755560086
5574	0.4755521708
5575	0.4755463169
5576	0.4755441292
5577	0.4755421106
5578	0.4755388675
5579	0.4755331258
5580	0.4755304432
5581	0.4755259184
5582	0.4755222024
5583	0.4755188098
5584	0.475517334
5585	0.4755135733
5586	0.4755115787
5587	0.4755087616
5588	0.4755060772
5589	0.475500251
5590	0.4754983399
5591	0.4754907826
5592	0.4754876986
5593	0.4754849741
5594	0.4754836411
5595	0.4754825061
5596	0.4754782618
5597	0.4754768416
5598	0.4754749351
5599	0.4754700933
5600	0.4754686165
5601	0.4754647312
5602	0.4754613153
5603	0.4754577898
5604	0.475456088
5605	0.4754521851
5606	0.4754505503
5607	0.4754498745
5608	0.475441432
5609	0.4754385438
5610	0.4754374605
5611	0.4754326345
5612	0.4754293013
5613	0.4754284904
5614	0.4754254869
5615	0.4754201531
5616	0.4754170724
5617	0.4754125419
5618	0.475410793
5619	0.4754079001
5620	0.4754054844
5621	0.4754024897
5622	0.4754013581
5623	0.4753963128
5624	0.4753945779
5625	0.4753927323
5626	0.4753901537
5627	0.4753879098
5628	0.4753854764
5629	0.4753833452
5630	0.4753825437
5631	0.4753793211
5632	0.4753710085
5633	0.4753676624
5634	0.4753658083
5635	0.4753604127
5636	0.4753585047
5637	0.47535631
5638	0.4753531752
5639	0.4753472791
5640	0.4753400669
5641	0.4753359034
5642	0.4753341264
5643	0.4753329267
5644	0.4753296767
5645	0.4753292023
5646	0.4753271421
5647	0.4753239585
5648	0.4753197943
5649	0.4753144162
5650	0.475308984
5651	0.4753046398
5652	0.4753015664
5653	0.4752975556
5654	0.4752907405
5655	0.4752884504
5656	0.4752850204
5657	0.4752835045
5658	0.4752804713
5659	0.4752782724
5660	0.4752742018
5661	0.4752720078
5662	0.47526852
5663	0.4752667768
5664	0.475265083
5665	0.4752542854
5666	0.4752511658
5667	0.475250014
5668	0.4752453406
5669	0.4752417946
5670	0.475239706
5671	0.4752349083
5672	0.4752308702
5673	0.4752279877
5674	0.4752273899
5675	0.475225553
5676	0.4752229353
5677	0.4752202154
5678	0.4752190706
5679	0.4752174992
5680	0.4752169263
5681	0.4752156647
5682	0.4752143096
5683	0.4752126778
5684	0.475211488
5685	0.4752075879
5686	0.4752039389
5687	0.4752018014
5688	0.4751982514
5689	0.4751942812
5690	0.4751901364
5691	0.475185158
5692	0.4751818788
5693	0.4751770801
5694	0.4751729575
5695	0.4751694257
5696	0.4751667048
5697	0.4751628994
5698	0.4751606011
5699	0.4751578709
5700	0.4751554008
5701	0.4751533805
5702	0.475148376
5703	0.4751466247
5704	0.4751448902
5705	0.4751438044
5706	0.4751417905
5707	0.4751403554
5708	0.4751394948
5709	0.4751377974
5710	0.475132715
5711	0.4751286351
5712	0.4751272056
5713	0.4751260164
5714	0.4751201596
5715	0.4751159602
5716	0.4751142358
5717	0.475112028
5718	0.4751102937
5719	0.4751082291
5720	0.4751048033
5721	0.4751026686
5722	0.4750999438
5723	0.4750978949
5724	0.4750974454
5725	0.4750913866
5726	0.4750893875
5727	0.4750874403
5728	0.475085959
5729	0.4750831733
5730	0.4750793077
5731	0.475078143
5732	0.4750771065
5733	0.4750725666
5734	0.4750705499
5735	0.4750678414
5736	0.4750667049
5737	0.4750611937
5738	0.4750596822
5739	0.4750581971
5740	0.4750551386
5741	0.4750542274
5742	0.4750519863
5743	0.4750508025
5744	0.4750477763
5745	0.4750459159
5746	0.4750431085
5747	0.4750406638
5748	0.4750379059
5749	0.4750330378
5750	0.4750282987
5751	0.4750235649
5752	0.4750222522
5753	0.4750170908
5754	0.4750153742
5755	0.4750149473
5756	0.4750130139
5757	0.4750093976
5758	0.4750080092
5759	0.4750061004
5760	0.4750014444
5761	0.4749959304
5762	0.4749928478
5763	0.4749908639
5764	0.4749860363
5765	0.4749845494
5766	0.4749810962
5767	0.4749806936
5768	0.4749794824
5769	0.4749766814
5770	0.4749747961
5771	0.4749731583
5772	0.4749691307
5773	0.4749684013
5774	0.4749649428
5775	0.474963621
5776	0.4749598791
5777	0.4749565926
5778	0.4749549743
5779	0.4749505419
5780	0.4749474835
5781	0.4749420366
5782	0.4749391715
5783	0.4749359898
5784	0.4749337146
5785	0.4749314405
5786	0.4749306364
5787	0.4749278121
5788	0.4749236563
5789	0.4749219344
5790	0.4749188197
5791	0.4749177788
5792	0.474916265
5793	0.4749143918
5794	0.4749123447
5795	0.474908217
5796	0.4749061809
5797	0.4749047845
5798	0.4749034777
5799	0.4749014468
5800	0.4749004665
5801	0.4748967705
5802	0.4748948559
5803	0.474892196
5804	0.4748861607
5805	0.4748858006
5806	0.4748814855
5807	0.474879538
5808	0.4748784587
5809	0.4748741209
5810	0.4748703786
5811	0.474868539
5812	0.4748658545
5813	0.4748642664
5814	0.4748620168
5815	0.4748601686
5816	0.4748570458
5817	0.474855396
5818	0.4748541081
5819	0.4748492923
5820	0.4748487424
5821	0.4748428563
5822	0.4748409576
5823	0.474839033
5824	0.4748380381
5825	0.4748367126
5826	0.4748351506
5827	0.4748288014
5828	0.4748266437
5829	0.474822937
5830	0.4748212504
5831	0.4748193532
5832	0.4748159727
5833	0.4748114031
5834	0.4748067049
5835	0.4748062922
5836	0.4748028586
5837	0.474801142
5838	0.4747986863
5839	0.4747972186
5840	0.4747933767
5841	0.4747912682
5842	0.4747851429
5843	0.474783782
5844	0.4747774959
5845	0.4747745832
5846	0.474772221
5847	0.4747711683
5848	0.4747691705
5849	0.4747672504
5850	0.4747635548
5851	0.4747610212
5852	0.4747571974
5853	0.4747549161
5854	0.4747533984
5855	0.474750622
5856	0.4747481364
5857	0.4747466317
5858	0.4747428254
5859	0.4747380383
5860	0.4747363347
5861	0.4747335603
5862	0.4747274548
5863	0.4747266168
5864	0.4747243509
5865	0.4747212062
5866	0.4747200037
5867	0.4747183169
5868	0.4747161649
5869	0.4747125369
5870	0.4747088207
5871	0.4747071208
5872	0.4747042544
5873	0.4746979069
5874	0.4746967104
5875	0.4746899257
5876	0.4746885733
5877	0.4746870023
5878	0.474683725
5879	0.4746798979
5880	0.4746780097
5881	0.4746748209
5882	0.4746727953
5883	0.4746714079
5884	0.4746675282
5885	0.4746622467
5886	0.4746586476
5887	0.4746576033
5888	0.4746530851
5889	0.4746470029
5890	0.474646555
5891	0.4746442749
5892	0.4746424671
5893	0.474638659
5894	0.4746367401
5895	0.4746345434
5896	0.474631603
5897	0.4746290713
5898	0.4746285069
5899	0.4746248551
5900	0.474621641
5901	0.4746174755
5902	0.4746153456
5903	0.4746138285
5904	0.4746105223
5905	0.4746094579
5906	0.4746086294
5907	0.4746029102
5908	0.4745980932
5909	0.4745969267
5910	0.4745936213
5911	0.4745867811
5912	0.4745838244
5913	0.474582318
5914	0.4745795198
5915	0.4745769478
5916	0.4745719485
5917	0.4745682296
5918	0.474566206
5919	0.4745641397
5920	0.4745629624
5921	0.474559884
5922	0.4745545311
5923	0.4745503396
5924	0.4745478819
5925	0.4745469018
5926	0.4745447627
5927	0.474543134
5928	0.4745392823
5929	0.4745366454
5930	0.4745337568
5931	0.4745260965
5932	0.4745234178
5933	0.4745193888
5934	0.4745169608
5935	0.4745124685
5936	0.4745097134
5937	0.4745093857
5938	0.474505066
5939	0.4745041266
5940	0.4745030885
5941	0.4745009134
5942	0.4744983403
5943	0.4744949034
5944	0.4744935889
5945	0.4744903059
5946	0.4744881042
5947	0.4744836202
5948	0.4744791725
5949	0.474475349
5950	0.4744697752
5951	0.4744683483
5952	0.4744626932
5953	0.4744603889
5954	0.4744592859
5955	0.4744572918
5956	0.4744569235
5957	0.4744557244
5958	0.4744549332
5959	0.4744520865
5960	0.4744481998
5961	0.4744447926
5962	0.4744413565
5963	0.4744379105
5964	0.4744360704
5965	0.4744352204
5966	0.474432605
5967	0.4744306964
5968	0.4744283655
5969	0.4744235653
5970	0.4744215707
5971	0.4744162558
5972	0.4744129707
5973	0.4744121235
5974	0.4744102032
5975	0.4744068748
5976	0.4744036922
5977	0.474402376
5978	0.4744015831
5979	0.4744000199
5980	0.4743942944
5981	0.4743910587
5982	0.4743896773
5983	0.4743883554
5984	0.4743832684
5985	0.4743801181
5986	0.4743787718
5987	0.4743762133
5988	0.4743728215
5989	0.4743722391
5990	0.4743689222
5991	0.4743655095
5992	0.4743607447
5993	0.474358284
5994	0.4743537869
5995	0.4743501987
