y_true,proba,pred_05,pred_best_f1
1,0.24647668950723828,0,0
0,0.5167677093416598,1,1
0,0.1561216570319829,0,0
1,0.8351032562538139,1,1
1,0.7636601274440268,1,1
1,0.7186675818081689,1,1
0,0.5590217140445225,1,1
0,0.1734730925346732,0,0
1,0.7616617309667445,1,1
1,0.8114285794774306,1,1
0,0.4771800570886337,0,0
0,0.22402390171434527,0,0
1,0.4482700843233142,0,0
1,0.48826428870993305,0,0
1,0.7313822597942088,1,1
0,0.19383992414227785,0,0
0,0.11658813334239743,0,0
1,0.9092502995632592,1,1
0,0.19138958666322853,0,0
0,0.03638616780806513,0,0
0,0.2718895064805921,0,0
0,0.060814227806140354,0,0
0,0.4026296717502093,0,0
1,0.6235107186684253,1,1
0,0.5030456403019612,1,1
0,0.24883412141939656,0,0
0,0.4742080349462098,0,0
1,0.8042659744629066,1,1
0,0.48209768452576435,0,0
0,0.36080667051744486,0,0
1,0.9127653191103778,1,1
0,0.1473783086193966,0,0
0,0.25150693420467396,0,0
0,0.059605664651483065,0,0
0,0.49619946301406004,0,0
0,0.24253578291179448,0,0
0,0.6137823114873616,1,1
0,0.39643070154950294,0,0
0,0.080647624334991,0,0
1,0.8407558443191754,1,1
1,0.7168333354763389,1,1
1,0.6470723637238451,1,1
0,0.49596814300112607,0,0
0,0.3074436177513998,0,0
0,0.246814411256376,0,0
1,0.7897125553107189,1,1
0,0.584307776966953,1,1
0,0.09993864521072321,0,0
0,0.8737654212627716,1,1
0,0.4322367646244013,0,0
0,0.423285720640106,0,0
0,0.20464549897573014,0,0
1,0.3694185353816928,0,0
0,0.14515525183633493,0,0
0,0.1532241801619746,0,0
1,0.5309229488524737,1,1
1,0.9000571650310275,1,1
0,0.8069612164333032,1,1
0,0.7896277686803183,1,1
0,0.31786329816524644,0,0
1,0.9349215809352385,1,1
0,0.10912305974390621,0,0
0,0.28261952625580733,0,0
0,0.9167343079891138,1,1
1,0.8014914305741702,1,1
1,0.946987650701166,1,1
0,0.40675174436337075,0,0
0,0.07952923216105684,0,0
1,0.5530826677106102,1,1
0,0.12874367332986392,0,0
0,0.1620506246376221,0,0
1,0.6828287118223847,1,1
1,0.8331126255936792,1,1
1,0.23454546407578825,0,0
1,0.9327006694662399,1,1
1,0.7332297365239306,1,1
1,0.44024287169964654,0,0
1,0.6874672249038664,1,1
0,0.5020884437955988,1,1
0,0.6178830651999441,1,1
0,0.5970394865926809,1,1
0,0.1552483552222694,0,0
1,0.4817312743975592,0,0
0,0.7301462722118219,1,1
1,0.3868613483949393,0,0
0,0.23478359317682815,0,0
1,0.8581273813441004,1,1
1,0.9104153574129729,1,1
0,0.17726379811846474,0,0
0,0.5363150311028638,1,1
1,0.4751288930565763,0,0
0,0.7823471518201291,1,1
0,0.8393206110298289,1,1
0,0.5378260826044307,1,1
0,0.9201671874659976,1,1
1,0.8692073520240737,1,1
0,0.3668322685173018,0,0
0,0.2463676689035453,0,0
0,0.0378786164030186,0,0
0,0.4263336727610645,0,0
1,0.963855060549592,1,1
1,0.6630940342117448,1,1
0,0.6532556516230876,1,1
0,0.4310576432527284,0,0
0,0.17438290336262885,0,0
0,0.3388984420236249,0,0
0,0.19167586227159805,0,0
1,0.3767113249361462,0,0
0,0.5138680243481194,1,1
1,0.8905452235817463,1,1
0,0.26912910001991136,0,0
1,0.8155972438557927,1,1
1,0.722278428648394,1,1
0,0.18507877455418106,0,0
0,0.2099061086519709,0,0
0,0.6705450581978233,1,1
0,0.45129035818171886,0,0
1,0.728070352009668,1,1
0,0.3289064549318748,0,0
0,0.33645654503100086,0,0
0,0.20900724210073518,0,0
0,0.7414989368555317,1,1
0,0.36409639207373834,0,0
1,0.7182952240930671,1,1
0,0.09725356809454883,0,0
1,0.27223558049498303,0,0
0,0.2759959634670578,0,0
1,0.7301151353802876,1,1
0,0.370705312904456,0,0
0,0.16172739057382957,0,0
1,0.7676334892980947,1,1
1,0.8259619947442393,1,1
1,0.5669724478821812,1,1
0,0.3354535120059928,0,0
1,0.8519239965640841,1,1
1,0.7601383169806156,1,1
0,0.48847051069611835,0,0
0,0.06910248214111485,0,0
0,0.2657819222930588,0,0
0,0.3570855502880992,0,0
0,0.32572493807931724,0,0
1,0.29729085093116187,0,0
0,0.2693441336862737,0,0
0,0.49277989115424237,0,0
1,0.6524363087307379,1,1
0,0.23138098841044538,0,0
0,0.25318537048273215,0,0
0,0.1192235104635642,0,0
0,0.2872582306621132,0,0
0,0.13819962824710258,0,0
1,0.9341897248282496,1,1
1,0.10819958726778056,0,0
0,0.15036894553663485,0,0
0,0.9386551527073468,1,1
1,0.8542065167698989,1,1
1,0.6702522883716198,1,1
0,0.5081047539948748,1,1
0,0.27345839704672703,0,0
0,0.15551388743601,0,0
1,0.8520488673410224,1,1
0,0.11744708400625525,0,0
0,0.2745233696990285,0,0
0,0.0709132259494821,0,0
1,0.7341151551042461,1,1
0,0.5032066094262817,1,1
1,0.5105762076548443,1,1
0,0.26944161032886843,0,0
0,0.24268572451869894,0,0
1,0.16565226587246842,0,0
1,0.7335564596834784,1,1
1,0.8376060507914475,1,1
0,0.28291601365950203,0,0
0,0.818630054191182,1,1
1,0.6507686925013452,1,1
1,0.9477238814644694,1,1
0,0.5457255608851767,1,1
0,0.5067152735054953,1,1
1,0.529346789182616,1,1
0,0.13616217925997826,0,0
0,0.2647043624166531,0,0
1,0.7139728944484377,1,1
0,0.15383082429646905,0,0
0,0.12533135826389927,0,0
0,0.16810125542664306,0,0
0,0.15711484759028818,0,0
0,0.41955011994212194,0,0
0,0.14046778700741136,0,0
0,0.6726395798810401,1,1
1,0.7977636114268392,1,1
1,0.7046269135300725,1,1
1,0.8180462694146788,1,1
0,0.18387731883079114,0,0
0,0.40468487805508546,0,0
0,0.14935742672768051,0,0
0,0.08882069525215662,0,0
0,0.6857346198908453,1,1
1,0.94528431433367,1,1
0,0.5933809427725603,1,1
1,0.7651933899498238,1,1
0,0.11031492229536409,0,0
1,0.12939330133051596,0,0
1,0.6940217868633902,1,1
0,0.5467523403373299,1,1
1,0.7174499704063828,1,1
0,0.45972849773450575,0,0
1,0.7356168848044035,1,1
0,0.22289521511205831,0,0
0,0.4217489152691665,0,0
0,0.28108513208206815,0,0
1,0.7918360338671223,1,1
0,0.2751023649100266,0,0
1,0.5830022267809317,1,1
1,0.36780464281313113,0,0
0,0.14415027085216547,0,0
1,0.46530676301821444,0,0
0,0.5540752196083996,1,1
1,0.899420738095451,1,1
0,0.4189436785476013,0,0
1,0.6589060161487452,1,1
0,0.2052103349765476,0,0
0,0.8079258335640005,1,1
0,0.325381750684957,0,0
0,0.36368685258559735,0,0
0,0.06972668163338848,0,0
1,0.8972371766029675,1,1
1,0.8224639879417253,1,1
0,0.33401236125067923,0,0
1,0.5663592086446764,1,1
1,0.9235678752909824,1,1
0,0.2756717108144141,0,0
0,0.3209161365890925,0,0
1,0.7251928369687392,1,1
1,0.7845927592766822,1,1
0,0.044730719062803195,0,0
0,0.23457007586615786,0,0
0,0.2768017670788243,0,0
1,0.37669315327872843,0,0
0,0.44993662650177185,0,0
1,0.8495930349491254,1,1
0,0.1492082773414141,0,0
0,0.2110912114334491,0,0
0,0.6252901389144133,1,1
0,0.5516036471611242,1,1
0,0.333912781012401,0,0
1,0.9285959865968668,1,1
0,0.29933822561123014,0,0
0,0.3935955299370377,0,0
0,0.10983235811671362,0,0
0,0.38410667501868095,0,0
0,0.27030533293785386,0,0
1,0.48472155514510207,0,0
1,0.7009499218325209,1,1
0,0.11444244228111515,0,0
0,0.7277630763595104,1,1
0,0.43361773432165746,0,0
0,0.48593224629925014,0,0
1,0.3212794554969806,0,0
0,0.08862145132698747,0,0
0,0.30995066915863206,0,0
1,0.6317442651573494,1,1
0,0.15477828584884837,0,0
0,0.54107112210786,1,1
1,0.8407189360999171,1,1
1,0.6714637586491458,1,1
1,0.4500554708755822,0,0
1,0.3676216657614421,0,0
0,0.23045318299128142,0,0
0,0.6935542060102035,1,1
1,0.45567157254907464,0,0
0,0.09250099686858841,0,0
1,0.8990543191481315,1,1
1,0.8791220251587174,1,1
1,0.7534846146218654,1,1
1,0.8494751334740384,1,1
0,0.3917011804604172,0,0
0,0.43594528854631415,0,0
0,0.8494910677306455,1,1
0,0.4264319978584921,0,0
0,0.8554098658016486,1,1
1,0.9082954193858818,1,1
1,0.6935169768310766,1,1
1,0.8127706940671188,1,1
0,0.7923864764970912,1,1
1,0.9551401317730863,1,1
1,0.6472267092177736,1,1
0,0.0776855093528356,0,0
0,0.2339385983822104,0,0
0,0.19924518085730866,0,0
0,0.2979595163894428,0,0
0,0.1266725337667557,0,0
0,0.4666610902573354,0,0
1,0.11584415766875032,0,0
0,0.6939987948449692,1,1
1,0.1414106885269402,0,0
0,0.6075834720624093,1,1
0,0.5818131566934003,1,1
0,0.2343197098546373,0,0
1,0.8994188308922014,1,1
0,0.1110564276721664,0,0
1,0.7544428302072458,1,1
0,0.7462821212630776,1,1
1,0.3811902960512774,0,0
0,0.5354135535995458,1,1
0,0.5394272108190991,1,1
0,0.1467330913633899,0,0
1,0.3023989457373077,0,0
0,0.5248752515504621,1,1
0,0.4783517330133631,0,0
0,0.7648200259466815,1,1
1,0.899070580673101,1,1
0,0.37553682391284704,0,0
0,0.2270506282676731,0,0
0,0.2608035728032569,0,0
0,0.07806201425633912,0,0
0,0.15939247160201522,0,0
1,0.8688629315020111,1,1
0,0.15274440684938756,0,0
0,0.2680116545250475,0,0
0,0.10822216401336474,0,0
0,0.6423705758771141,1,1
1,0.8763868818924947,1,1
1,0.7401920143589221,1,1
1,0.7247833039262278,1,1
0,0.13783092242794107,0,0
0,0.17054462855575203,0,0
0,0.04848903707321373,0,0
0,0.2450648475381078,0,0
0,0.29317696386935227,0,0
0,0.366170072673011,0,0
1,0.45097924583958854,0,0
0,0.17451678117126818,0,0
0,0.24416961144367716,0,0
0,0.13377221588798008,0,0
0,0.3355518754575941,0,0
0,0.1746013997211307,0,0
0,0.5744797248652395,1,1
0,0.6161683800355018,1,1
1,0.6171571688177294,1,1
1,0.8534168305779615,1,1
1,0.8409522529434168,1,1
1,0.7721535362081676,1,1
0,0.3251203391038752,0,0
0,0.5071812180197125,1,1
1,0.8562955202422469,1,1
0,0.21672586571272523,0,0
0,0.19299995457574765,0,0
1,0.7757769064365195,1,1
0,0.5113737892297905,1,1
0,0.31307071600190284,0,0
0,0.7903919311714841,1,1
0,0.15593700386993065,0,0
1,0.8734322579698605,1,1
0,0.4838609143184921,0,0
0,0.6939588041606832,1,1
1,0.24052940926617403,0,0
0,0.7036878961286467,1,1
1,0.361271436250933,0,0
1,0.7319571797608788,1,1
1,0.7907124779504972,1,1
0,0.13703847133411254,0,0
0,0.08691786612487082,0,0
1,0.60040485344973,1,1
0,0.20746084808184645,0,0
0,0.13876288137366982,0,0
1,0.7504195676888882,1,1
1,0.42146414299886675,0,0
1,0.6387208348449565,1,1
0,0.5807887376908588,1,1
0,0.142071141755599,0,0
0,0.14642176042267183,0,0
1,0.5479131190898221,1,1
1,0.7486571586077199,1,1
0,0.08987976694427006,0,0
1,0.17423146990270724,0,0
1,0.8747542179263943,1,1
0,0.4256136634958024,0,0
0,0.06826163367739528,0,0
0,0.29155906748661353,0,0
0,0.250677510497932,0,0
0,0.9223408047423783,1,1
0,0.32894801603434864,0,0
1,0.888759583141106,1,1
0,0.13068595291692048,0,0
0,0.31452812548239045,0,0
0,0.25227925978074517,0,0
1,0.5433378715115256,1,1
0,0.1268710560309777,0,0
0,0.15414066502613208,0,0
1,0.8638200596455674,1,1
1,0.6721598269285549,1,1
0,0.14043697602328784,0,0
1,0.6397267215454743,1,1
0,0.2505568720352641,0,0
0,0.29232509203707974,0,0
1,0.4404003755680657,0,0
0,0.2548342881976107,0,0
0,0.5243616168761985,1,1
0,0.4682856439791853,0,0
1,0.8986975162507415,1,1
1,0.8352834389994271,1,1
0,0.5424243480635631,1,1
0,0.25374202424653447,0,0
1,0.6584811979948407,1,1
1,0.8259953932403099,1,1
1,0.8897399707937219,1,1
0,0.3526043392475618,0,0
0,0.45295533700360224,0,0
0,0.3074673666649607,0,0
1,0.761747258682162,1,1
1,0.7834426965476814,1,1
0,0.5573419450231261,1,1
0,0.7589683186804459,1,1
1,0.942083192374431,1,1
0,0.40092152653856067,0,0
1,0.7201737157621928,1,1
0,0.1681322671642121,0,0
0,0.5908003164631022,1,1
0,0.3936523947275363,0,0
0,0.6683726189290848,1,1
0,0.23663046815646516,0,0
1,0.5613200362367903,1,1
1,0.4979256638265323,0,0
0,0.37704118165969003,0,0
1,0.880330128640504,1,1
0,0.22209975297616152,0,0
0,0.7450570895280942,1,1
0,0.049719978308987826,0,0
0,0.5791230885836802,1,1
0,0.8147777282798877,1,1
0,0.5639516731212273,1,1
0,0.312897693102477,0,0
0,0.21174036273933394,0,0
1,0.7727318902787954,1,1
1,0.8915396804603067,1,1
0,0.15138140000799066,0,0
0,0.3006360369263572,0,0
1,0.573470691702647,1,1
0,0.15543702791946884,0,0
0,0.8472588922734169,1,1
1,0.6997843286404511,1,1
0,0.21712901879244298,0,0
1,0.7463514525347037,1,1
0,0.33985775419903264,0,0
0,0.2277007102219386,0,0
1,0.8779878804524974,1,1
0,0.6323035162524211,1,1
0,0.8385217611340424,1,1
0,0.1737621182001748,0,0
0,0.4790156349306273,0,0
0,0.1522698177475609,0,0
0,0.5341259541923087,1,1
0,0.10075044375309904,0,0
1,0.911155127608907,1,1
0,0.9313732355884559,1,1
0,0.39419265168966366,0,0
0,0.4372195078901986,0,0
0,0.4565990890640917,0,0
1,0.8680559597221361,1,1
0,0.3686963170280906,0,0
0,0.2484717557450708,0,0
0,0.2734468152267532,0,0
1,0.07139540724264559,0,0
1,0.8417369340428434,1,1
1,0.8144392231591538,1,1
0,0.05060967305451224,0,0
0,0.3633033379201552,0,0
1,0.7978279652362601,1,1
0,0.16400806797966924,0,0
0,0.08948899870450122,0,0
1,0.9296265533510023,1,1
0,0.18675429376240688,0,0
0,0.08443980446135972,0,0
0,0.5745104208144763,1,1
0,0.08538793782537815,0,0
0,0.46268257352357883,0,0
0,0.3258533956601196,0,0
1,0.8335302938892102,1,1
0,0.4067049896771742,0,0
0,0.11536348542741443,0,0
0,0.30548129891650094,0,0
0,0.25741889211847474,0,0
0,0.20879677700704416,0,0
0,0.21179389654037656,0,0
0,0.5897819486888691,1,1
1,0.9151643941816323,1,1
1,0.877178356038486,1,1
0,0.3308528451211796,0,0
0,0.8149379612418822,1,1
1,0.6091146539967417,1,1
0,0.11017330261525751,0,0
0,0.16630018959495846,0,0
1,0.7644775156478035,1,1
0,0.46079611805697857,0,0
0,0.1681269738392035,0,0
1,0.38286559306918266,0,0
1,0.9144673799882782,1,1
0,0.9108147836096997,1,1
0,0.5382064433860625,1,1
1,0.6187226852831084,1,1
0,0.5695937947993494,1,1
0,0.11699652129861027,0,0
0,0.3205474987007643,0,0
0,0.720746796848231,1,1
0,0.3041765034145409,0,0
0,0.2755772644958824,0,0
0,0.35805766985600296,0,0
0,0.5363911618398282,1,1
0,0.2122874085578183,0,0
0,0.27713190640799196,0,0
0,0.6488488755877049,1,1
1,0.5851936606154364,1,1
0,0.09194286295642605,0,0
0,0.32884127248706635,0,0
0,0.26320461994388833,0,0
1,0.44681400638679164,0,0
1,0.38987227460538,0,0
1,0.7671355542808844,1,1
1,0.25555196953370746,0,0
0,0.7645492526904824,1,1
0,0.21638995748587392,0,0
1,0.9605820347035823,1,1
1,0.2247444661529929,0,0
0,0.3047672595952847,0,0
1,0.39852391089186934,0,0
0,0.2164928954399938,0,0
0,0.24917870269847925,0,0
0,0.09291629266769665,0,0
0,0.4374053749473678,0,0
0,0.3682899110786994,0,0
0,0.2717185268898793,0,0
1,0.3042909957564196,0,0
0,0.27951328329728026,0,0
1,0.9431710422037264,1,1
0,0.355685530646154,0,0
1,0.7108700599956481,1,1
0,0.20238827970671075,0,0
0,0.6488488318499411,1,1
0,0.43512159901647657,0,0
0,0.6156644022224498,1,1
0,0.30053880713353753,0,0
0,0.8245438427428152,1,1
0,0.6204353922178277,1,1
0,0.2164727215430786,0,0
0,0.3220299154409183,0,0
0,0.4180866302832876,0,0
0,0.11134676465943727,0,0
0,0.28730313774787186,0,0
1,0.6659899288137063,1,1
0,0.3675519892060383,0,0
1,0.3999418547335112,0,0
0,0.3222307047814882,0,0
1,0.8124612039663395,1,1
0,0.539828770056018,1,1
0,0.3033154327243353,0,0
0,0.492316176531359,0,0
0,0.14710104731577295,0,0
1,0.6519574197253433,1,1
0,0.853363075137351,1,1
0,0.46295098811826546,0,0
0,0.23727247650837857,0,0
0,0.15197857991615063,0,0
1,0.9117476835885379,1,1
1,0.6369483653162787,1,1
0,0.3479419193482942,0,0
0,0.1697919163406911,0,0
1,0.7129808402875767,1,1
1,0.9379067918230214,1,1
0,0.7287960417822698,1,1
1,0.8912981577583622,1,1
1,0.5644210293506196,1,1
0,0.27042544585923345,0,0
0,0.9390689486087722,1,1
0,0.6345450942501026,1,1
0,0.06791866153215516,0,0
0,0.3759084690788973,0,0
0,0.11179556579461315,0,0
1,0.6093902540022217,1,1
0,0.056328944158777504,0,0
0,0.11903703492491106,0,0
0,0.14712880615900076,0,0
0,0.49364037243231534,0,0
0,0.3940852924267495,0,0
0,0.3333943817869439,0,0
0,0.8191811942067886,1,1
1,0.7411917778004317,1,1
0,0.21014441147842094,0,0
0,0.49928325944086527,0,0
0,0.6003000787287974,1,1
0,0.770597181170165,1,1
1,0.8992272726221726,1,1
1,0.7880397133970639,1,1
0,0.21627624979699653,0,0
1,0.7232773180893333,1,1
0,0.10176049179603217,0,0
1,0.8902469722436156,1,1
0,0.41401641562149566,0,0
0,0.21616071321556843,0,0
1,0.5497650544440975,1,1
0,0.3966067297614763,0,0
1,0.7928541264413532,1,1
1,0.9070559056723317,1,1
0,0.10400117099573941,0,0
0,0.8407389658925131,1,1
0,0.3330557454863911,0,0
1,0.4338064919643835,0,0
0,0.4950747689965623,0,0
0,0.34488869135368194,0,0
0,0.5257582063856905,1,1
1,0.20405174324479414,0,0
0,0.8909555994502496,1,1
0,0.14027424850418163,0,0
0,0.07020195710200863,0,0
1,0.5289731136008364,1,1
0,0.8588758210640822,1,1
1,0.18758053717385942,0,0
0,0.42069318956883545,0,0
0,0.6253644459048829,1,1
0,0.06656846829779617,0,0
0,0.7042866689753039,1,1
0,0.1890595950501929,0,0
0,0.37023831227888404,0,0
1,0.8468537647156446,1,1
0,0.20365955800816707,0,0
1,0.7082741909979023,1,1
0,0.23271753366580447,0,0
1,0.8919243035845533,1,1
0,0.6758982717208906,1,1
0,0.4431744300317807,0,0
1,0.7675247956472843,1,1
1,0.49110486333251824,0,0
0,0.36643994678878516,0,0
0,0.3805629624365716,0,0
1,0.537894808005902,1,1
1,0.3564674414212911,0,0
0,0.6046823505771256,1,1
0,0.29632543616960616,0,0
0,0.20025549608927462,0,0
0,0.7684234355328663,1,1
0,0.28786008655499945,0,0
1,0.32825085834949563,0,0
0,0.29043497538779744,0,0
1,0.8940113720468461,1,1
0,0.4622712366128653,0,0
1,0.8280182942350551,1,1
1,0.1897854303849939,0,0
0,0.8455680856716964,1,1
0,0.6839099231882578,1,1
1,0.6963421754007751,1,1
0,0.34020134138574226,0,0
0,0.2682964956710143,0,0
0,0.26270093725476107,0,0
1,0.9284820734898047,1,1
1,0.39396724001497274,0,0
1,0.2980792389873993,0,0
0,0.8061594396488501,1,1
0,0.09926384682880204,0,0
0,0.13112276023967995,0,0
0,0.11607847278143463,0,0
0,0.06807534541491522,0,0
1,0.8587766188506689,1,1
1,0.9226557168909532,1,1
1,0.5615032945066211,1,1
0,0.6058596620890306,1,1
1,0.8021520720144776,1,1
0,0.5117013668125509,1,1
1,0.08638057194741668,0,0
0,0.3011814308400048,0,0
1,0.5716083974996367,1,1
0,0.33352111754607666,0,0
0,0.2866402440669832,0,0
0,0.5989355803680083,1,1
0,0.1209112530262819,0,0
1,0.720416498718832,1,1
0,0.49884490835553863,0,0
1,0.8751608208803748,1,1
1,0.11011550593437462,0,0
1,0.7507047911120399,1,1
0,0.5477935527794894,1,1
0,0.46305517951898145,0,0
0,0.49350588720648725,0,0
0,0.4797199743577705,0,0
0,0.8615362628645205,1,1
0,0.3666106549228239,0,0
0,0.3556037302670271,0,0
0,0.09263219564988362,0,0
0,0.37132173428195775,0,0
0,0.3382906896329092,0,0
0,0.13971248892338628,0,0
0,0.6722998249455041,1,1
0,0.45752569913901986,0,0
0,0.2006827249289873,0,0
1,0.76163389868394,1,1
0,0.6004075368005513,1,1
1,0.777288473610165,1,1
0,0.28237473117162304,0,0
0,0.24370251086857114,0,0
1,0.7430495940724997,1,1
0,0.2772149933617744,0,0
1,0.6963162010773734,1,1
0,0.42555422673206117,0,0
0,0.40235071074428014,0,0
1,0.9253807671525466,1,1
1,0.7321921176238804,1,1
1,0.9200187288197262,1,1
1,0.87615772893864,1,1
1,0.8260524295292161,1,1
0,0.3925242779588538,0,0
1,0.9190771175443161,1,1
0,0.5375201900636234,1,1
0,0.3933270514956644,0,0
0,0.09034713532921827,0,0
0,0.3558873687595922,0,0
0,0.426282571597211,0,0
0,0.35530230898221793,0,0
0,0.24113072059553115,0,0
0,0.4977605864832843,0,0
1,0.6124311036332786,1,1
0,0.29329673051779126,0,0
1,0.894005190819293,1,1
0,0.2796273266518309,0,0
0,0.1524381670308384,0,0
0,0.4559601787546131,0,0
1,0.8601405676137659,1,1
1,0.06784703206792843,0,0
0,0.15123078995573383,0,0
1,0.5215305784340154,1,1
0,0.39338314341174246,0,0
1,0.8005895082301266,1,1
1,0.7779270742893544,1,1
1,0.8755306607369069,1,1
0,0.5992920371899506,1,1
0,0.22233958553297334,0,0
0,0.3402107131958851,0,0
0,0.26903697752580236,0,0
0,0.48693186909523334,0,0
1,0.1448974650576173,0,0
1,0.8227144435089742,1,1
0,0.21756816216005723,0,0
1,0.1472260736244719,0,0
0,0.7426023298281217,1,1
0,0.3481526692290756,0,0
0,0.4129787716095638,0,0
0,0.1515489071834063,0,0
0,0.4581047152236744,0,0
0,0.14227330262379387,0,0
0,0.669505834556775,1,1
0,0.599203146798094,1,1
1,0.45547575713607497,0,0
0,0.15419036052136817,0,0
0,0.1002388224363958,0,0
0,0.5921398959547295,1,1
1,0.5828367029797314,1,1
1,0.9129900040136738,1,1
1,0.41142570520088634,0,0
1,0.7845561128628636,1,1
0,0.2981078524687762,0,0
0,0.5609661566432868,1,1
0,0.5427695909342771,1,1
1,0.44185510064228684,0,0
0,0.18011785067336636,0,0
1,0.6156731912916111,1,1
0,0.5668160696997977,1,1
1,0.8036352776781672,1,1
1,0.7684392224371417,1,1
0,0.31747721564018033,0,0
0,0.5134496160099603,1,1
0,0.752261075980191,1,1
0,0.16530887867383987,0,0
0,0.06623805993416275,0,0
1,0.5927947433776622,1,1
0,0.4741458048249551,0,0
0,0.718541512199171,1,1
0,0.5512400255767048,1,1
0,0.40736304050994776,0,0
0,0.18574389474315156,0,0
0,0.8427061652897525,1,1
0,0.1589150553035205,0,0
0,0.32639988987655455,0,0
1,0.7790696801075444,1,1
0,0.8893751844542429,1,1
0,0.36802897432168324,0,0
1,0.9279677620135726,1,1
0,0.4879122303887793,0,0
0,0.5596054633425339,1,1
0,0.4477477996750659,0,0
1,0.8182252118323303,1,1
0,0.581221035615678,1,1
1,0.5577208898475764,1,1
1,0.396375228499271,0,0
1,0.8560091235042195,1,1
1,0.8065486112880206,1,1
0,0.6135708640428568,1,1
0,0.15441361144617716,0,0
1,0.3722990092442547,0,0
1,0.8196386328525128,1,1
0,0.10737716400602239,0,0
0,0.6672789085876671,1,1
1,0.7186496630403167,1,1
0,0.8743651952164713,1,1
0,0.14765034201180843,0,0
0,0.34075195606369757,0,0
1,0.6531917265404567,1,1
0,0.235982788562622,0,0
0,0.27000367065755254,0,0
0,0.1095447453038467,0,0
1,0.5923440877744389,1,1
0,0.5310462783985375,1,1
1,0.6683396584040537,1,1
0,0.054129010386900316,0,0
0,0.6245850565350944,1,1
0,0.3700123105876201,0,0
0,0.3277982836003717,0,0
0,0.18513162578363462,0,0
0,0.1661869903152421,0,0
1,0.25102925099076395,0,0
0,0.09384755109704884,0,0
1,0.7899048854678495,1,1
1,0.42611059059103445,0,0
0,0.8180702766912914,1,1
1,0.12149833157788095,0,0
0,0.12034444278592318,0,0
1,0.7023216563241701,1,1
0,0.5742091538974068,1,1
1,0.3548231742322545,0,0
0,0.41224580234325486,0,0
1,0.868151178365613,1,1
0,0.06927979438783452,0,0
0,0.911483703637366,1,1
0,0.9194266102059935,1,1
1,0.8885816940240217,1,1
1,0.8701320276321859,1,1
0,0.5119302230471527,1,1
1,0.8479417982806101,1,1
1,0.9107019708651348,1,1
1,0.6809479739025543,1,1
0,0.32555040027757814,0,0
1,0.5784998526168695,1,1
0,0.6203011780040987,1,1
0,0.37516935717617184,0,0
0,0.10186481965485879,0,0
0,0.10481028307403631,0,0
0,0.4651931711711679,0,0
0,0.10516611829469014,0,0
0,0.9094142451691414,1,1
0,0.6947837358120327,1,1
0,0.7990753488465353,1,1
0,0.7765823831859164,1,1
1,0.8607229236560971,1,1
1,0.6003338343660197,1,1
0,0.14783363877722386,0,0
0,0.8977098378647751,1,1
1,0.6697375279049542,1,1
0,0.08678096499494284,0,0
0,0.10038698157317891,0,0
0,0.4617990893976139,0,0
0,0.4754058470541154,0,0
0,0.6154372776999146,1,1
0,0.05292263676088992,0,0
1,0.8856886367705797,1,1
0,0.13926583381013707,0,0
1,0.7290399942819815,1,1
1,0.4430885867619241,0,0
0,0.19167737891599984,0,0
1,0.8935885156909739,1,1
1,0.7330690626831278,1,1
1,0.8082649838807938,1,1
1,0.8136089117051893,1,1
0,0.35659919971897736,0,0
1,0.8815665584858692,1,1
0,0.6265682280791864,1,1
1,0.3395926121660889,0,0
0,0.13412358473313657,0,0
0,0.3836623177472231,0,0
0,0.22655535039762933,0,0
1,0.24131829409101543,0,0
0,0.13276154500760864,0,0
1,0.39497902676705476,0,0
1,0.9103962083874045,1,1
1,0.7156165940226356,1,1
0,0.6352181121637691,1,1
0,0.35818882725483064,0,0
0,0.1088630846875606,0,0
0,0.1310087331032383,0,0
0,0.5867416726488027,1,1
0,0.09685655623757916,0,0
0,0.14876989675981578,0,0
0,0.3493798694051733,0,0
0,0.2261251335379079,0,0
1,0.8080586677369285,1,1
1,0.7929908701856034,1,1
0,0.27684348369331796,0,0
0,0.4391209778967422,0,0
0,0.15541473993938493,0,0
1,0.8303012450884615,1,1
0,0.23442348418260264,0,0
1,0.7197650615919344,1,1
0,0.7090037493413168,1,1
0,0.15920467010114586,0,0
1,0.39641966270506046,0,0
0,0.20103341388623638,0,0
0,0.45770433671921024,0,0
1,0.9060072727417675,1,1
1,0.8750382282461423,1,1
1,0.5537608871550838,1,1
0,0.18329728401852646,0,0
0,0.5764885812634183,1,1
1,0.9082946294877828,1,1
0,0.1843800240562281,0,0
1,0.7562468057698879,1,1
0,0.07242012401382322,0,0
0,0.4211566692287763,0,0
0,0.5876301911430161,1,1
0,0.1389681969115952,0,0
0,0.12498413753255684,0,0
0,0.3953278298177314,0,0
1,0.7819855561736826,1,1
0,0.1509432837516307,0,0
1,0.31354425310275635,0,0
0,0.41931915776060763,0,0
0,0.44527629096954224,0,0
1,0.7456705745174532,1,1
1,0.5276857986843118,1,1
1,0.8697969061690844,1,1
0,0.9170116886157745,1,1
0,0.3524874701344846,0,0
0,0.1335138220527705,0,0
1,0.8993277061742332,1,1
1,0.8965040419565417,1,1
0,0.2862353060750716,0,0
0,0.30028190371539676,0,0
0,0.904355643329965,1,1
0,0.31458947305898444,0,0
0,0.7633694950677372,1,1
0,0.3601533872935651,0,0
0,0.4906149902613833,0,0
1,0.5864246676130623,1,1
0,0.5475353882003766,1,1
1,0.8408805910968579,1,1
0,0.5606426578915081,1,1
0,0.6977778756870571,1,1
1,0.883519451849829,1,1
1,0.5244840944852631,1,1
1,0.3480606309773282,0,0
1,0.08563382583127808,0,0
1,0.8250675463818101,1,1
0,0.6202221373708221,1,1
1,0.27112133914074976,0,0
0,0.11274851036385809,0,0
1,0.32863439513942455,0,0
0,0.45796869450480937,0,0
0,0.34446713101022625,0,0
0,0.05186792743950338,0,0
1,0.9327011083676668,1,1
1,0.8183397757606287,1,1
0,0.8348124238361594,1,1
1,0.8154728253942908,1,1
0,0.7892850083263023,1,1
0,0.3753610332732744,0,0
0,0.13671467388394637,0,0
0,0.07588354219773098,0,0
0,0.2940015238013374,0,0
0,0.6125258233604138,1,1
0,0.3674804397784166,0,0
0,0.6666128863977924,1,1
0,0.2143651389517516,0,0
1,0.6646701326881813,1,1
1,0.9566579807521095,1,1
1,0.5455294335558446,1,1
1,0.8132940972947281,1,1
0,0.19921298331383402,0,0
0,0.4988932483852305,0,0
0,0.2844746409728669,0,0
1,0.5403686072725262,1,1
1,0.8209806707558994,1,1
0,0.1562752535177,0,0
0,0.3341005670580192,0,0
1,0.4876110029371967,0,0
1,0.29485250910412675,0,0
0,0.09768994067292086,0,0
0,0.032525118606027484,0,0
0,0.6880016571627111,1,1
0,0.357153982119749,0,0
0,0.2731687038849185,0,0
0,0.3143459034578055,0,0
1,0.643128067750937,1,1
1,0.6632142781811216,1,1
0,0.17051563428916064,0,0
0,0.5244558210453157,1,1
0,0.907949893918818,1,1
1,0.842260130512839,1,1
0,0.1329536995964035,0,0
0,0.21354763365571977,0,0
0,0.31173546494174703,0,0
0,0.0639233355281238,0,0
0,0.7629145138325003,1,1
1,0.636505939854512,1,1
0,0.4986329115743708,0,0
0,0.14825792732623533,0,0
1,0.654914436351104,1,1
1,0.6538241125196627,1,1
0,0.08647193299596723,0,0
0,0.25139757045983846,0,0
1,0.6154772121439224,1,1
0,0.1302591350631366,0,0
0,0.2567570938025734,0,0
1,0.7991591095531649,1,1
0,0.4381005177669939,0,0
0,0.2675333262759673,0,0
0,0.2712833165799684,0,0
1,0.5170057849381068,1,1
0,0.39916055600135153,0,0
1,0.7830272103471146,1,1
0,0.0721319581831301,0,0
0,0.5236236315645068,1,1
1,0.8050410085485612,1,1
0,0.2719614879955684,0,0
1,0.7525442425607108,1,1
0,0.532560523869851,1,1
0,0.0935086298947487,0,0
0,0.42133408342018047,0,0
1,0.6963817245828853,1,1
1,0.799204790580498,1,1
1,0.44363543679589107,0,0
0,0.10600934468441374,0,0
1,0.7223215388456128,1,1
1,0.7433638818748601,1,1
1,0.6366604711919027,1,1
0,0.2700417688973582,0,0
1,0.6313907080288563,1,1
0,0.17508277186211854,0,0
0,0.7169775550677852,1,1
1,0.740573482517696,1,1
0,0.31607389358732263,0,0
0,0.21667736037987143,0,0
0,0.4746966204329525,0,0
0,0.08295453190288243,0,0
0,0.37357787020261096,0,0
0,0.23377783088752932,0,0
0,0.5355233398783483,1,1
0,0.443733392076384,0,0
0,0.14563514769607278,0,0
0,0.7796247695040529,1,1
0,0.7882282581705974,1,1
0,0.05881343263696019,0,0
0,0.6216262913919135,1,1
0,0.1322327828454378,0,0
0,0.3352667167440901,0,0
1,0.9097283461172169,1,1
0,0.33514700362972416,0,0
1,0.19704304950872567,0,0
0,0.3029905257007852,0,0
0,0.16653963337010855,0,0
0,0.04386243343497037,0,0
0,0.4210181584341136,0,0
1,0.270869557503727,0,0
0,0.1482314755399695,0,0
0,0.8483329754382983,1,1
0,0.4730174394586554,0,0
0,0.17292824954462296,0,0
1,0.903246128831801,1,1
1,0.7324395904720353,1,1
0,0.2921919911737012,0,0
1,0.7944850604370598,1,1
0,0.8375661254598671,1,1
0,0.33213809010176687,0,0
0,0.12345532367661957,0,0
0,0.48303965538471844,0,0
0,0.2642289672674805,0,0
0,0.11723388250559505,0,0
0,0.27418353273940405,0,0
0,0.21907184330452179,0,0
1,0.10108909967681583,0,0
0,0.10089288914697227,0,0
0,0.1922028309957882,0,0
0,0.20453153372551533,0,0
0,0.6915630421275661,1,1
0,0.0864718411597855,0,0
0,0.28391074432942737,0,0
1,0.7586867095448079,1,1
0,0.6724472437039578,1,1
1,0.6233701146243026,1,1
0,0.27916349954361735,0,0
0,0.29675827182497105,0,0
1,0.9411686836862164,1,1
0,0.2149544823626072,0,0
1,0.9108769100314489,1,1
1,0.7425077302207181,1,1
1,0.4618463953668758,0,0
0,0.21845786521733326,0,0
0,0.16516381232414556,0,0
0,0.15722727954819268,0,0
0,0.37561958447198757,0,0
1,0.8924105263596193,1,1
1,0.9465718801736301,1,1
1,0.7047852349404552,1,1
0,0.6099846536773691,1,1
0,0.8616763443951323,1,1
0,0.6984481408084356,1,1
0,0.17161278233659807,0,0
0,0.21534411410657242,0,0
0,0.13765622690473345,0,0
0,0.6602284742871705,1,1
0,0.688715202576102,1,1
1,0.7887960250994773,1,1
1,0.689300429584237,1,1
1,0.55583421970301,1,1
0,0.15551388743601,0,0
1,0.6869820840677417,1,1
0,0.4822870963452331,0,0
0,0.44081911533847246,0,0
1,0.7124473049078095,1,1
0,0.36426190536280845,0,0
0,0.20609537719611482,0,0
1,0.7995135064040751,1,1
1,0.7716003317726619,1,1
0,0.8597224534916738,1,1
0,0.5757739699825878,1,1
0,0.6582498472722477,1,1
1,0.4985483673050867,0,0
0,0.21105609475028667,0,0
1,0.13525037258648187,0,0
0,0.34517356866299487,0,0
1,0.9175099038656722,1,1
0,0.4550448274246133,0,0
1,0.5014804939014187,1,1
0,0.12464603943942944,0,0
1,0.2910315301755045,0,0
1,0.9074136165299754,1,1
1,0.839661497239909,1,1
1,0.8411246534489346,1,1
0,0.11882816322970853,0,0
0,0.7753058591719789,1,1
0,0.19884167539701705,0,0
0,0.3880280453240635,0,0
1,0.8610908265340053,1,1
0,0.46214748323878085,0,0
0,0.2506507243567354,0,0
0,0.23426720070597817,0,0
1,0.9112349551337307,1,1
0,0.11519104558405106,0,0
1,0.9279677620135726,1,1
1,0.7772738349538525,1,1
0,0.4637241158284741,0,0
1,0.7952836955660421,1,1
0,0.3167675896805497,0,0
0,0.35040995684118154,0,0
0,0.16673173052414342,0,0
1,0.7853886302315312,1,1
0,0.08103212230861451,0,0
1,0.08515642406850343,0,0
0,0.6822847604424448,1,1
1,0.5216802029229994,1,1
1,0.7490409787521736,1,1
1,0.8983290945597763,1,1
0,0.25615418370390425,0,0
1,0.48944132540182633,0,0
0,0.6105460476212853,1,1
1,0.18875548080018362,0,0
0,0.1398963260686732,0,0
1,0.9182343487230683,1,1
0,0.20727986375621663,0,0
1,0.8660400641000873,1,1
1,0.6976004571646216,1,1
0,0.3845094937015058,0,0
1,0.9524778878849037,1,1
0,0.7062232406102764,1,1
1,0.21301906661511005,0,0
0,0.3795935807142283,0,0
0,0.08546514879596774,0,0
1,0.7736449006867155,1,1
0,0.6603694149415734,1,1
0,0.5218977622662265,1,1
1,0.7312472921230205,1,1
1,0.8654971725270827,1,1
0,0.5386695654728414,1,1
0,0.44879877001357327,0,0
1,0.3409455837765738,0,0
1,0.9311656005824086,1,1
0,0.34157648390177625,0,0
0,0.8156878042507515,1,1
1,0.8862932854782972,1,1
1,0.7388479052133898,1,1
0,0.10036005293756668,0,0
0,0.35377024079587416,0,0
1,0.5740518762572586,1,1
1,0.8045553777477776,1,1
0,0.18980574032873287,0,0
0,0.1425247449102868,0,0
0,0.11423976565957579,0,0
0,0.26171869419455224,0,0
1,0.7907557568674081,1,1
0,0.20706916214933913,0,0
1,0.5389681685600449,1,1
0,0.32800359539662505,0,0
0,0.1721154929067646,0,0
1,0.6476059455729055,1,1
0,0.7138221663729573,1,1
0,0.5048572117062475,1,1
1,0.9486563339327477,1,1
0,0.6907481489282356,1,1
1,0.7577384662644087,1,1
1,0.7136113100885805,1,1
0,0.15167425537922566,0,0
1,0.645579203370693,1,1
0,0.09428186219586615,0,0
1,0.9139683913870082,1,1
0,0.0950317645566864,0,0
0,0.389361115055574,0,0
0,0.2827491467215188,0,0
0,0.17266081849546325,0,0
0,0.5828961521450435,1,1
1,0.5156698111099228,1,1
1,0.22432906610771478,0,0
0,0.5440184397338378,1,1
1,0.7160268722641545,1,1
0,0.11952788858518161,0,0
0,0.3539716202797405,0,0
0,0.5143345382743979,1,1
0,0.4166493210339089,0,0
1,0.6702930304360053,1,1
1,0.28327170415210867,0,0
0,0.8814387307188775,1,1
1,0.5832956981441405,1,1
0,0.2751454806353568,0,0
0,0.2912722452177201,0,0
0,0.46823247889006936,0,0
1,0.5020787994010077,1,1
0,0.25428045430767754,0,0
1,0.8113061047583333,1,1
1,0.6463848727373959,1,1
0,0.49865922645577193,0,0
0,0.16162275664008482,0,0
1,0.8629828419388706,1,1
0,0.8801917738070278,1,1
0,0.611532294396598,1,1
1,0.6181332162147218,1,1
1,0.8667018045296803,1,1
1,0.4855816464912064,0,0
0,0.18126256969933732,0,0
0,0.4406380026858719,0,0
0,0.3929590470549075,0,0
1,0.45992140950438964,0,0
0,0.10203279722509517,0,0
0,0.8232381754480959,1,1
0,0.10877134463474407,0,0
1,0.8246057932912649,1,1
1,0.7573768121705027,1,1
0,0.1009234512078259,0,0
1,0.7939205432510658,1,1
0,0.6143987454977432,1,1
0,0.45443163602237674,0,0
1,0.834442019634336,1,1
0,0.2514892371181987,0,0
0,0.18898583729461726,0,0
1,0.8886659964535674,1,1
0,0.7855997157312595,1,1
1,0.6647890124726923,1,1
0,0.49713380011801106,0,0
1,0.8844326707016762,1,1
0,0.4949175876934906,0,0
1,0.2974443829927431,0,0
0,0.8942298148940938,1,1
0,0.059859484041272296,0,0
0,0.4347470453425394,0,0
0,0.12302758536569428,0,0
0,0.343442827177224,0,0
0,0.2797818431258108,0,0
1,0.42004457231330466,0,0
0,0.7339998069506602,1,1
0,0.8287321981403821,1,1
0,0.44242691923459493,0,0
0,0.1842171651060504,0,0
0,0.1759492581943604,0,0
0,0.13463605103117413,0,0
1,0.2342417470711663,0,0
0,0.46319398228244857,0,0
0,0.1050716349759514,0,0
0,0.5669811750498664,1,1
0,0.6666458701269239,1,1
1,0.8781308102659326,1,1
1,0.932414024356386,1,1
0,0.32810682919580936,0,0
0,0.08925645089585786,0,0
0,0.4055275748855316,0,0
0,0.1772879023007566,0,0
1,0.4642169084879433,0,0
1,0.6972121503407216,1,1
0,0.8591103322657775,1,1
1,0.7701588910640903,1,1
1,0.5716886716934334,1,1
1,0.9302688210520574,1,1
0,0.6321066530558429,1,1
1,0.39826526313672395,0,0
0,0.5906636490706347,1,1
1,0.12721273891581855,0,0
1,0.8736367973795744,1,1
0,0.2606779910704353,0,0
1,0.8665160509478335,1,1
0,0.15669934204429486,0,0
1,0.10519367717716549,0,0
1,0.8925959943363692,1,1
1,0.7752840817271877,1,1
1,0.9354506660182111,1,1
0,0.6657701329078586,1,1
0,0.5916595372885991,1,1
0,0.1906497065505873,0,0
1,0.7091396618096537,1,1
1,0.9082297529757203,1,1
1,0.788749836837063,1,1
1,0.327103422929305,0,0
1,0.1521579782886436,0,0
0,0.09160759655066343,0,0
1,0.8526140362333084,1,1
0,0.47575677832928764,0,0
1,0.7410688498689573,1,1
0,0.677347124226125,1,1
0,0.20953894854785896,0,0
1,0.41320690424360984,0,0
0,0.3335182831340307,0,0
0,0.3964264686160954,0,0
1,0.8298473929094272,1,1
0,0.5349366660524927,1,1
1,0.3750934447582388,0,0
0,0.3310974804567601,0,0
0,0.1633645361913542,0,0
1,0.10309477111773417,0,0
0,0.2775505592036071,0,0
0,0.12901023796102912,0,0
1,0.6111033835866972,1,1
0,0.12088514878227097,0,0
1,0.6692240038500409,1,1
1,0.7172690688303535,1,1
0,0.3561410650582902,0,0
0,0.13111618994168717,0,0
0,0.6450757393471716,1,1
0,0.20127355920824722,0,0
1,0.7524248580610323,1,1
0,0.3010666892340309,0,0
0,0.2054481415944415,0,0
0,0.6316001063733534,1,1
0,0.40723025813370417,0,0
0,0.06618021710856711,0,0
1,0.6830642032057989,1,1
1,0.7369753707286886,1,1
1,0.5077559809836939,1,1
0,0.8126440078708627,1,1
0,0.3622353011059835,0,0
0,0.453178695165313,0,0
0,0.4045636643112348,0,0
0,0.4613842941043065,0,0
1,0.676159410088055,1,1
1,0.20576335211211136,0,0
0,0.26815685428372993,0,0
1,0.8792692087878137,1,1
1,0.7654358019272702,1,1
1,0.8332785036727904,1,1
0,0.866401177881358,1,1
0,0.7677088514380339,1,1
0,0.7890862431653176,1,1
1,0.7193225469927615,1,1
0,0.18254069412361845,0,0
0,0.47879328311750274,0,0
1,0.3751847829819096,0,0
0,0.21479154667341557,0,0
0,0.45649041970493487,0,0
1,0.6878398135414705,1,1
1,0.9430562932780043,1,1
0,0.9465684221670719,1,1
1,0.8827984856671782,1,1
0,0.12100983543134318,0,0
0,0.3607161889740964,0,0
0,0.24873972801025904,0,0
1,0.6495459741726299,1,1
1,0.7961721652311841,1,1
0,0.12221274219350392,0,0
0,0.516448739765513,1,1
0,0.46229631504185315,0,0
0,0.7714708215970161,1,1
1,0.7028770184266531,1,1
0,0.15138140000799066,0,0
0,0.6800585185295748,1,1
0,0.2635031798068489,0,0
0,0.25648248527323375,0,0
1,0.6036049969429585,1,1
0,0.23340327457891358,0,0
0,0.17976581450977924,0,0
0,0.5856750362157893,1,1
0,0.3220118575351745,0,0
1,0.8324535142711079,1,1
1,0.2629047121110758,0,0
0,0.4456495652989555,0,0
0,0.30611693541699764,0,0
1,0.7965252525472539,1,1
0,0.7494393820031726,1,1
1,0.7016300145372752,1,1
0,0.28338609123733655,0,0
1,0.8866149426049885,1,1
1,0.6799453560449592,1,1
1,0.6074968176621526,1,1
1,0.334944459903081,0,0
1,0.6967145954344522,1,1
0,0.46804984230033597,0,0
1,0.9229034598566083,1,1
1,0.6627521371704521,1,1
1,0.9391888886652995,1,1
0,0.17294191332335393,0,0
1,0.6351895235355155,1,1
0,0.8834207582542708,1,1
0,0.1990223725892104,0,0
0,0.7039700794488895,1,1
1,0.7946360150296096,1,1
0,0.07922448781750514,0,0
1,0.6234041408544447,1,1
0,0.4235294518075096,0,0
0,0.7450155949382724,1,1
0,0.1478845251065637,0,0
1,0.8799608765032875,1,1
1,0.6930805521871821,1,1
0,0.2541913629536829,0,0
1,0.8920954769523608,1,1
0,0.44468587200062504,0,0
0,0.07679009599847965,0,0
1,0.8487654790153804,1,1
0,0.3332406386461266,0,0
0,0.6395328620916311,1,1
0,0.5851557337028231,1,1
0,0.2407763329283457,0,0
0,0.04957215704861451,0,0
0,0.2546586447531548,0,0
1,0.15329321457295492,0,0
0,0.8643859786682525,1,1
0,0.5925914823314282,1,1
0,0.7595824255755764,1,1
0,0.6802726583433033,1,1
0,0.25947405188417527,0,0
0,0.17837199639198212,0,0
1,0.5407200848827329,1,1
1,0.38202515614209714,0,0
1,0.7246217818938152,1,1
0,0.2422790989871894,0,0
0,0.33770887549172607,0,0
0,0.14191148245022372,0,0
0,0.1296321006127024,0,0
0,0.12704100921464082,0,0
1,0.5753719256261361,1,1
1,0.48919075064675954,0,0
0,0.831882154387696,1,1
1,0.8051676061306551,1,1
0,0.6670128408702442,1,1
0,0.32750018620262245,0,0
0,0.34941654414495804,0,0
0,0.2956185388082466,0,0
0,0.12411895247135883,0,0
0,0.4051059175374145,0,0
1,0.19676154553233774,0,0
1,0.6267812434435671,1,1
1,0.6887758402842129,1,1
0,0.866677856000415,1,1
0,0.40960367638354656,0,0
0,0.3795097370794059,0,0
1,0.79283923595968,1,1
0,0.6247484282946136,1,1
0,0.2586097030535507,0,0
0,0.1328337490007907,0,0
1,0.8457899063045272,1,1
1,0.8434815248657641,1,1
0,0.11348317377527041,0,0
0,0.7808335575870766,1,1
0,0.19062074543191257,0,0
1,0.17453357752080403,0,0
0,0.7340506308521475,1,1
1,0.3788091866456401,0,0
1,0.5009552308039624,1,1
0,0.7208269192101225,1,1
0,0.4007986796740914,0,0
0,0.2914174591768499,0,0
0,0.4277779236981458,0,0
1,0.7527346083787132,1,1
0,0.770464007222144,1,1
1,0.47932168170203626,0,0
0,0.2493627619945703,0,0
0,0.19373343532787732,0,0
1,0.3551317352419315,0,0
0,0.34642199785319966,0,0
1,0.5970418471712976,1,1
0,0.4038286216418586,0,0
1,0.33495210864939506,0,0
0,0.18158843383302786,0,0
0,0.38350625146460415,0,0
1,0.843205544130205,1,1
1,0.8019811168336046,1,1
1,0.7568913954826488,1,1
0,0.07958795752111962,0,0
0,0.6255717335179463,1,1
0,0.41270768370124755,0,0
0,0.44110015780587225,0,0
0,0.19711174513125423,0,0
0,0.16429231333332026,0,0
0,0.10042874904892515,0,0
1,0.30104630401889004,0,0
0,0.15337797986835977,0,0
1,0.7727565424875386,1,1
0,0.5202072346285489,1,1
0,0.5564984473721959,1,1
1,0.5347817074393533,1,1
0,0.0738663656194115,0,0
0,0.18360867121958274,0,0
1,0.7406271261912379,1,1
1,0.8707082270513702,1,1
0,0.4434265594377287,0,0
1,0.34978027143846735,0,0
0,0.10868598434496181,0,0
1,0.7048332330435361,1,1
0,0.09903095059317402,0,0
1,0.35465799013051813,0,0
0,0.2793861486969181,0,0
1,0.5461887961013436,1,1
0,0.2095027535488151,0,0
0,0.6917580129269658,1,1
0,0.12584268612326058,0,0
0,0.2232099949366895,0,0
0,0.16457644718367087,0,0
0,0.30423733721792834,0,0
1,0.8977412820882755,1,1
0,0.25389162744930843,0,0
0,0.3735372514733143,0,0
1,0.5577425997124944,1,1
0,0.34263804377297374,0,0
0,0.20640808485740708,0,0
1,0.9367046302908756,1,1
0,0.5257537103103341,1,1
0,0.1516359051177298,0,0
0,0.05892517300777613,0,0
1,0.7167560207995008,1,1
0,0.4028235279432931,0,0
0,0.7989493535033303,1,1
1,0.8224193448422876,1,1
1,0.9029080854536594,1,1
1,0.9596035801705697,1,1
1,0.7342140564388683,1,1
0,0.269674084543774,0,0
1,0.601929941023033,1,1
1,0.5864016564342298,1,1
1,0.8471958435699728,1,1
0,0.14027767447559084,0,0
0,0.22413122325747342,0,0
0,0.30199250447599646,0,0
0,0.4717647990641552,0,0
1,0.7652346660221104,1,1
0,0.3803275993095862,0,0
0,0.8288833088944487,1,1
0,0.22817222079338992,0,0
0,0.3452195503043886,0,0
0,0.11814043134263194,0,0
1,0.7737078511402045,1,1
0,0.5101116390496117,1,1
0,0.3984083575874225,0,0
0,0.42402711515715197,0,0
1,0.6844354536315832,1,1
0,0.22566978457407777,0,0
0,0.2083331683722797,0,0
1,0.5523735978055117,1,1
1,0.8102607647770093,1,1
0,0.3078961565533983,0,0
0,0.42088256669680824,0,0
1,0.8576388354779737,1,1
0,0.4729496037039354,0,0
0,0.12041860017102567,0,0
1,0.473589607157583,0,0
0,0.6435667170269562,1,1
0,0.6819731381238925,1,1
0,0.5801810492753398,1,1
0,0.4472675498673687,0,0
0,0.68846332032345,1,1
0,0.3859127372987109,0,0
1,0.41529927350507295,0,0
1,0.4097684482564433,0,0
0,0.43089396119176804,0,0
0,0.1511836222198136,0,0
1,0.7943702539370143,1,1
1,0.4941065558562374,0,0
1,0.8638604131842811,1,1
1,0.3756826146800612,0,0
1,0.36700843163492347,0,0
0,0.30788641276691886,0,0
0,0.11712484271363119,0,0
1,0.853512671354759,1,1
0,0.469430632678811,0,0
0,0.32722349579415355,0,0
0,0.17795605260368716,0,0
1,0.8498688919069247,1,1
0,0.5553414333543724,1,1
0,0.8296394690996929,1,1
1,0.40117773895384834,0,0
1,0.8091504360942997,1,1
1,0.8641041360545205,1,1
1,0.9171861854541858,1,1
0,0.43235995090217016,0,0
0,0.7429762909505369,1,1
1,0.7882219589368485,1,1
0,0.44257045338648315,0,0
0,0.26459271924737393,0,0
0,0.6161774021022194,1,1
0,0.7696319050606215,1,1
0,0.2848110191588716,0,0
1,0.25532664638699887,0,0
0,0.15803743258136868,0,0
1,0.9120993897472566,1,1
0,0.11034075155748586,0,0
1,0.82647040535587,1,1
0,0.24891135568717856,0,0
0,0.19466861205176586,0,0
0,0.7794277155741836,1,1
0,0.11625874059445679,0,0
0,0.42788662277461104,0,0
1,0.8821507495933258,1,1
0,0.27518316307171337,0,0
0,0.4351522656365608,0,0
0,0.6887115886103413,1,1
0,0.4923414489116309,0,0
1,0.39826362800940046,0,0
1,0.6233843173889428,1,1
0,0.06899536152813004,0,0
0,0.41004232933758505,0,0
0,0.07426187150417016,0,0
0,0.3323229877908762,0,0
1,0.37673130491894163,0,0
1,0.6674442777374545,1,1
0,0.6811801785836397,1,1
0,0.6223883236405724,1,1
0,0.08357142496053764,0,0
0,0.23360993094981686,0,0
0,0.7507910016059469,1,1
0,0.15574081674358936,0,0
1,0.9146724032894757,1,1
0,0.23172998813544654,0,0
1,0.6566104680551826,1,1
1,0.8141230430829264,1,1
1,0.7104391913492663,1,1
1,0.6378034064040395,1,1
1,0.88167750658477,1,1
0,0.4816100854559047,0,0
0,0.7367953180385985,1,1
1,0.8662772519417483,1,1
0,0.3434533627384823,0,0
0,0.8991805690506384,1,1
0,0.2389602623121577,0,0
0,0.3078274314042741,0,0
1,0.32993842415127067,0,0
0,0.6969130293976179,1,1
0,0.1493494927149662,0,0
1,0.9007147732184484,1,1
0,0.20238479901799142,0,0
1,0.34395109048706624,0,0
0,0.6496849305201577,1,1
1,0.7923381595262599,1,1
1,0.7538301974400111,1,1
1,0.8870265494725244,1,1
0,0.6031748417446358,1,1
0,0.3596274692250678,0,0
0,0.1408626284931853,0,0
1,0.7258343871865429,1,1
0,0.7248732914079862,1,1
0,0.18184575986086432,0,0
0,0.1799412721760636,0,0
0,0.31931979892163875,0,0
0,0.1742689560095674,0,0
0,0.08590944081714187,0,0
1,0.3284563570736474,0,0
0,0.3436385280608188,0,0
0,0.06729916168147615,0,0
1,0.8863816865965543,1,1
0,0.8143765302341531,1,1
0,0.796682459486323,1,1
0,0.784043320295122,1,1
1,0.8686567726492729,1,1
0,0.79983067726581,1,1
0,0.3129726590246968,0,0
0,0.23908568389512608,0,0
0,0.20645127290440524,0,0
1,0.8154869589772621,1,1
1,0.8380149909480072,1,1
1,0.7123426329008556,1,1
1,0.836908683370881,1,1
0,0.49524034428142866,0,0
1,0.7848069104296563,1,1
1,0.4340096374257477,0,0
1,0.8996547812692006,1,1
1,0.6057496656735442,1,1
1,0.8221472824606727,1,1
0,0.8991691561529647,1,1
0,0.18846402044472874,0,0
0,0.3904388905526312,0,0
0,0.2573402379855251,0,0
0,0.2204254145812234,0,0
0,0.5456061339818995,1,1
1,0.40315537501746807,0,0
0,0.6195909792576206,1,1
0,0.7042187376194479,1,1
0,0.057509450494065084,0,0
0,0.10835290098593608,0,0
1,0.14778748756661092,0,0
0,0.13322959322592107,0,0
0,0.2866675514023819,0,0
0,0.5726948224418118,1,1
0,0.15388636942766934,0,0
0,0.7012153393376671,1,1
0,0.4562641785946262,0,0
1,0.48731193472499396,0,0
0,0.1555622320869826,0,0
0,0.32440137496633764,0,0
0,0.6967014176711585,1,1
1,0.892411469646995,1,1
0,0.48087775084079887,0,0
1,0.3024031404172357,0,0
1,0.5726278429833924,1,1
0,0.22836029402057695,0,0
0,0.47920271493716726,0,0
0,0.8356069445187726,1,1
0,0.4284991951572277,0,0
0,0.2649582405826958,0,0
1,0.6542462778737238,1,1
1,0.3780309528566482,0,0
0,0.8351332687368367,1,1
0,0.4037589912683102,0,0
0,0.13100035372450758,0,0
0,0.49163691476064997,0,0
0,0.2144968089290692,0,0
1,0.528860904022576,1,1
1,0.8698330050593324,1,1
0,0.07752147157731262,0,0
1,0.538559900320982,1,1
1,0.6266840823323677,1,1
0,0.43531951445229616,0,0
1,0.9454235767974892,1,1
0,0.733486599369501,1,1
0,0.2245703085216881,0,0
0,0.21108804573063414,0,0
0,0.682192018655298,1,1
0,0.133813485847298,0,0
0,0.09883694280752811,0,0
0,0.0724362425958006,0,0
0,0.07284506793854995,0,0
1,0.4615712610181646,0,0
0,0.3490531726872537,0,0
0,0.2680965735311988,0,0
1,0.5790022961125314,1,1
1,0.819295501050518,1,1
1,0.4716042359806829,0,0
1,0.840151705419601,1,1
1,0.4755681646178684,0,0
0,0.825426956382846,1,1
0,0.48883930490263827,0,0
0,0.47809009569035793,0,0
0,0.37978137320479843,0,0
0,0.14971862944504813,0,0
0,0.5877868736980224,1,1
0,0.29917832837817293,0,0
0,0.5314431257839597,1,1
0,0.35666205848237137,0,0
0,0.2875843167823562,0,0
0,0.8785874142237272,1,1
0,0.567203999958533,1,1
0,0.5594906334129238,1,1
0,0.5735332557706537,1,1
0,0.10394180938809419,0,0
0,0.7344421634864132,1,1
0,0.6862606228577023,1,1
1,0.9421190934750018,1,1
0,0.5699335286060152,1,1
0,0.6526323486589384,1,1
0,0.3550137802297272,0,0
0,0.12369163313206562,0,0
0,0.4136050854079388,0,0
1,0.2541078327438928,0,0
0,0.485043035695004,0,0
0,0.6284741034015527,1,1
0,0.1768609848763926,0,0
0,0.09894766881521624,0,0
0,0.451436184347822,0,0
0,0.08119313046131314,0,0
0,0.11125574059204672,0,0
0,0.2191014849280436,0,0
0,0.7550833594220773,1,1
0,0.49429472466175645,0,0
1,0.6675031343172347,1,1
0,0.33186439067555185,0,0
0,0.4286422371883139,0,0
0,0.11329770677578344,0,0
0,0.3153317123780028,0,0
1,0.7850632718854988,1,1
0,0.31318597520705704,0,0
1,0.9104932457006354,1,1
1,0.3913065424734536,0,0
0,0.18949049849328692,0,0
1,0.09444645574592561,0,0
0,0.8518699714491219,1,1
0,0.31880038503905467,0,0
1,0.7862016958194729,1,1
0,0.8719271479362835,1,1
0,0.2158364638325035,0,0
1,0.8966387983971043,1,1
0,0.7882605281960373,1,1
0,0.7649889526172832,1,1
0,0.9173760800904939,1,1
1,0.680744434523311,1,1
1,0.7656880088681046,1,1
0,0.2276788230249534,0,0
1,0.895753171887226,1,1
0,0.2691319938286156,0,0
1,0.9214141869839882,1,1
1,0.8617292185254095,1,1
0,0.5617894301092551,1,1
1,0.6779522170353034,1,1
1,0.743857488996857,1,1
1,0.8176778252533862,1,1
0,0.038753947043982696,0,0
0,0.494181659401984,0,0
1,0.5519207574863048,1,1
0,0.2889290807210789,0,0
1,0.12783369081058585,0,0
0,0.1469223692107897,0,0
1,0.8471454625138182,1,1
1,0.6401872753127206,1,1
0,0.5223782674241478,1,1
1,0.6367222203820566,1,1
1,0.7147251389638637,1,1
0,0.709083882468056,1,1
0,0.1070501760881149,0,0
0,0.5374469577355979,1,1
1,0.7171642656839788,1,1
0,0.6178085851896442,1,1
0,0.4125190919534275,0,0
1,0.9325259597469274,1,1
0,0.304465780733893,0,0
1,0.3272723824870095,0,0
0,0.3841348531176452,0,0
0,0.2767505101423851,0,0
1,0.8059365099245281,1,1
1,0.5904939275772685,1,1
0,0.2478254995808289,0,0
1,0.5451566674717216,1,1
0,0.5430274430703479,1,1
1,0.6078627592108515,1,1
0,0.24827718409274008,0,0
1,0.7695016006909292,1,1
1,0.6321174793247755,1,1
0,0.132952230948324,0,0
1,0.6591960012807342,1,1
0,0.42251069084425286,0,0
0,0.6881497405431861,1,1
0,0.4476878383363351,0,0
0,0.742314267706564,1,1
1,0.5315045887474251,1,1
0,0.4248245071238489,0,0
0,0.205938138133248,0,0
0,0.2774591777096987,0,0
1,0.47149125301467665,0,0
0,0.9216254579492916,1,1
1,0.43227813204633525,0,0
1,0.6764486093553908,1,1
1,0.8186708946777951,1,1
1,0.4860798323847143,0,0
0,0.10448537323375442,0,0
0,0.14056873555530616,0,0
1,0.6258891964138474,1,1
1,0.8357366483130527,1,1
0,0.3900718493163656,0,0
1,0.4456784700125435,0,0
0,0.6741073357693446,1,1
0,0.6528570616304854,1,1
0,0.32592879711392214,0,0
0,0.6537794640141078,1,1
0,0.6090099982841645,1,1
0,0.15610012750145028,0,0
0,0.3346890716948182,0,0
0,0.2889141860778706,0,0
1,0.8566569709773668,1,1
0,0.0756486792605194,0,0
0,0.3779200812578565,0,0
1,0.9441676811748914,1,1
0,0.36526841558409034,0,0
0,0.518572780909481,1,1
1,0.6887190926379898,1,1
0,0.1672537651702869,0,0
1,0.5879497796068162,1,1
1,0.5399779496947494,1,1
1,0.7288530937394005,1,1
0,0.11101077212781581,0,0
0,0.6227037829308495,1,1
1,0.1722044619090734,0,0
1,0.688203242545278,1,1
0,0.07691286289274883,0,0
1,0.5523465655763282,1,1
0,0.549403452288593,1,1
0,0.10298242643190667,0,0
0,0.3231873803586207,0,0
1,0.8374081759723478,1,1
1,0.6165342610975155,1,1
0,0.6682699030982071,1,1
1,0.6666955412081531,1,1
1,0.9137194363680188,1,1
1,0.8535893140356408,1,1
1,0.8474148462358768,1,1
0,0.7456553075448965,1,1
0,0.3135198502674409,0,0
0,0.7377702822222958,1,1
0,0.32731550758080163,0,0
1,0.426556183479777,0,0
1,0.7804869972983066,1,1
0,0.10892115763257659,0,0
1,0.6699035993674239,1,1
1,0.5090271202891102,1,1
0,0.15148074798899014,0,0
0,0.817241637272576,1,1
1,0.9121097915046533,1,1
0,0.22919188131151075,0,0
1,0.7441496748530728,1,1
0,0.44098215261233503,0,0
1,0.8017418830014774,1,1
1,0.8666084187566582,1,1
0,0.08548753055141316,0,0
0,0.2717307431127684,0,0
0,0.35823584799746216,0,0
0,0.44278544664468694,0,0
0,0.24036088126393113,0,0
0,0.10814096764963446,0,0
1,0.6617222074847412,1,1
0,0.5197692524573441,1,1
0,0.3528767461320337,0,0
0,0.4718279657833705,0,0
1,0.5119002661214844,1,1
0,0.22697623703468894,0,0
1,0.5486421830865381,1,1
1,0.7535957666097994,1,1
0,0.7386516328012931,1,1
0,0.9150685725685473,1,1
0,0.09926208344884482,0,0
0,0.11601367180224242,0,0
0,0.6030203925437021,1,1
1,0.8711493603252769,1,1
0,0.6904049209217573,1,1
1,0.8599583755413751,1,1
0,0.22284691005653032,0,0
1,0.7979498812739426,1,1
0,0.3382317744067507,0,0
0,0.32580424441580436,0,0
0,0.1396277982570087,0,0
0,0.43227361358148764,0,0
0,0.6787694458174847,1,1
1,0.8961332514933654,1,1
0,0.16540906970685812,0,0
1,0.7632205979807779,1,1
1,0.5404596078699944,1,1
0,0.11313260862265634,0,0
0,0.054845740331941006,0,0
1,0.3969229896517009,0,0
0,0.15792733917173202,0,0
0,0.6263144103326361,1,1
1,0.33776666103049346,0,0
1,0.9094405168529757,1,1
0,0.261382569623974,0,0
0,0.5357297504702785,1,1
0,0.2896142094861601,0,0
0,0.10913653502821889,0,0
1,0.43877460278036945,0,0
0,0.47559829447749075,0,0
1,0.871041816578032,1,1
0,0.07182074589289046,0,0
0,0.11354382544972923,0,0
0,0.48181117937390777,0,0
0,0.265291124955967,0,0
1,0.4670645420263129,0,0
0,0.29659666585760674,0,0
0,0.8590492828182384,1,1
0,0.35773417211404057,0,0
1,0.7780890744190456,1,1
0,0.7314468771994865,1,1
0,0.27571983110411874,0,0
1,0.21410130574446806,0,0
0,0.2904830827117705,0,0
0,0.7854355933230025,1,1
0,0.6580636801087738,1,1
0,0.07518372201720065,0,0
0,0.07754035458251748,0,0
0,0.4929266658796153,0,0
0,0.27299588674768355,0,0
1,0.8204009473880929,1,1
1,0.5475308879516968,1,1
0,0.31690379076248265,0,0
0,0.8562594492030255,1,1
1,0.4236983741413642,0,0
0,0.4759966838490307,0,0
0,0.42838105253333436,0,0
0,0.3455322084376987,0,0
0,0.4296497672707318,0,0
1,0.8986877599825804,1,1
1,0.6590589710373164,1,1
0,0.4358436950921044,0,0
0,0.19419909528709006,0,0
0,0.8514290294922047,1,1
1,0.9474553402034338,1,1
1,0.8078630846661546,1,1
0,0.3846281211758691,0,0
0,0.686171049297477,1,1
0,0.20900589772214806,0,0
0,0.6025462838126974,1,1
1,0.7873206341918109,1,1
0,0.13693701962299393,0,0
1,0.6123852412826383,1,1
1,0.5598775573746364,1,1
0,0.9147325617154118,1,1
0,0.69471252798335,1,1
0,0.19607467341315032,0,0
0,0.27148602426561774,0,0
0,0.2710819365805817,0,0
0,0.111914059726692,0,0
0,0.21997211306506984,0,0
1,0.7923418208638047,1,1
0,0.47773816058130353,0,0
0,0.12349210195046537,0,0
1,0.7396592409386843,1,1
0,0.06977783137135593,0,0
0,0.6607772182266942,1,1
0,0.4291884514364852,0,0
0,0.40244946351677974,0,0
0,0.23650980430576496,0,0
0,0.5934123140929731,1,1
0,0.5513757855975868,1,1
0,0.5772150511387596,1,1
0,0.6796837846756684,1,1
1,0.3005243391556143,0,0
1,0.9418011933840951,1,1
1,0.9748176122814961,1,1
1,0.746857157101594,1,1
0,0.5438112515548976,1,1
0,0.49672176322706657,0,0
0,0.7378190116774529,1,1
0,0.12504493670415898,0,0
0,0.5397604102026197,1,1
1,0.7069479404410554,1,1
0,0.11128617930666275,0,0
0,0.5022444868167762,1,1
1,0.6125133599172744,1,1
1,0.5279637145057458,1,1
0,0.23944857212995577,0,0
0,0.1299055265084687,0,0
0,0.6632314580068722,1,1
0,0.2628372669126134,0,0
0,0.5518130705372,1,1
1,0.557916221686077,1,1
1,0.8226533104216416,1,1
0,0.4557987222667951,0,0
0,0.2276889228139252,0,0
1,0.7482969480095782,1,1
0,0.25106850308347806,0,0
0,0.7749310939642894,1,1
0,0.49685422694925474,0,0
0,0.4094448189527241,0,0
0,0.5120134429059744,1,1
0,0.14496003848872535,0,0
1,0.8397589985721534,1,1
0,0.3595446333910929,0,0
0,0.07790322009143448,0,0
1,0.6631458303629808,1,1
0,0.10491561258014234,0,0
1,0.7454560326014986,1,1
0,0.7445476216773352,1,1
0,0.1352216468367241,0,0
0,0.12519355245539154,0,0
0,0.3148055801682217,0,0
0,0.18650300811083315,0,0
1,0.42712278045861407,0,0
1,0.885990609758929,1,1
0,0.5573092823413607,1,1
0,0.5289481940199616,1,1
1,0.6175066224575017,1,1
0,0.2520902003080184,0,0
0,0.37476336291692175,0,0
0,0.40920580558727115,0,0
0,0.6188194972572836,1,1
0,0.17445593578331733,0,0
0,0.267288131585453,0,0
1,0.06516669876415482,0,0
1,0.7098489104572885,1,1
0,0.6911447926531014,1,1
0,0.4110696605480083,0,0
0,0.14146870484279006,0,0
0,0.6317503327894177,1,1
1,0.8707435518322151,1,1
0,0.5023563784019243,1,1
1,0.402334435263868,0,0
0,0.2218757535617815,0,0
0,0.5063525743562112,1,1
0,0.2855338119050684,0,0
0,0.2407450981237855,0,0
0,0.2857140108337041,0,0
1,0.6924207538100912,1,1
0,0.4011470097607998,0,0
0,0.28904851491071165,0,0
1,0.5365483546109707,1,1
1,0.9504124407211405,1,1
0,0.28540494085096696,0,0
1,0.22665843116106907,0,0
0,0.21225092872140203,0,0
0,0.26474787799813365,0,0
0,0.4689426926260263,0,0
0,0.46837030801725826,0,0
1,0.8166590130800261,1,1
0,0.14835529893802885,0,0
0,0.8719197812661325,1,1
0,0.56494151028866,1,1
0,0.16108788177068228,0,0
0,0.5772040880925469,1,1
0,0.6915150507574632,1,1
0,0.3492768624298541,0,0
0,0.6701138164769602,1,1
1,0.8600436417517814,1,1
0,0.750487778176887,1,1
1,0.7707716997152335,1,1
1,0.8444513780127202,1,1
0,0.33575581368296725,0,0
0,0.40786831250365957,0,0
0,0.3282180230623114,0,0
1,0.33194744227738815,0,0
0,0.4780111854693002,0,0
0,0.2669264659272195,0,0
1,0.6408529242521239,1,1
0,0.20852693260706484,0,0
1,0.904512531394092,1,1
1,0.13555007653351747,0,0
0,0.24588654355539796,0,0
1,0.11073879460994256,0,0
1,0.796371119207647,1,1
0,0.25113927271571856,0,0
1,0.791671572708348,1,1
0,0.08461360453978617,0,0
1,0.7484948302778263,1,1
0,0.26482698875785465,0,0
1,0.914458252496882,1,1
0,0.6542536428001596,1,1
1,0.8280480087850925,1,1
1,0.5107931814369263,1,1
0,0.5038126318010705,1,1
0,0.1225105829022668,0,0
0,0.25733896991756244,0,0
1,0.8790847025094749,1,1
1,0.8473876086675465,1,1
0,0.5167118651771888,1,1
1,0.7294443648134206,1,1
1,0.8201943584766598,1,1
1,0.8516791964835517,1,1
0,0.19828867418015741,0,0
0,0.7327488791398414,1,1
1,0.7518803185074693,1,1
1,0.931745408481074,1,1
0,0.2123592415753634,0,0
1,0.28875231578690197,0,0
0,0.08352886739000137,0,0
0,0.8147936840408722,1,1
1,0.7028228685529788,1,1
1,0.5818661797538679,1,1
0,0.33602296034687584,0,0
0,0.14317599866822403,0,0
1,0.836463871645193,1,1
0,0.690313267543156,1,1
0,0.6411659213112479,1,1
0,0.677892383746657,1,1
0,0.5090114869789947,1,1
1,0.7776412285233135,1,1
0,0.20868650580536033,0,0
0,0.3893491058615342,0,0
0,0.3060861313414471,0,0
0,0.7020058164616582,1,1
0,0.5013627243415361,1,1
0,0.45924786198657647,0,0
0,0.3312831018301927,0,0
1,0.8762153865278816,1,1
0,0.400670467691736,0,0
0,0.7836064740310241,1,1
1,0.8468621045114347,1,1
1,0.8035240224800135,1,1
1,0.877539185826145,1,1
1,0.7451344207688274,1,1
0,0.637466312457717,1,1
0,0.25703161475195047,0,0
0,0.2091968889646892,0,0
1,0.6418310330206781,1,1
0,0.6640657753609098,1,1
0,0.5837318790707641,1,1
1,0.8577325767420033,1,1
1,0.8892918860522823,1,1
0,0.1589243724325657,0,0
0,0.5519794322798687,1,1
0,0.6388192773556173,1,1
0,0.2276463762853088,0,0
1,0.7207214487004051,1,1
1,0.7728852329168784,1,1
1,0.4972746126564852,0,0
0,0.30465169947922643,0,0
1,0.575412370759179,1,1
0,0.19639398990715393,0,0
1,0.7480314807384472,1,1
0,0.7158006729686087,1,1
0,0.3130258194585741,0,0
0,0.22132441312344792,0,0
0,0.40604692158784306,0,0
1,0.9461750586328163,1,1
0,0.1266476497578641,0,0
0,0.12795249494663183,0,0
1,0.7672815484906937,1,1
0,0.5496239131178101,1,1
1,0.8695726267606955,1,1
0,0.0772811789153414,0,0
0,0.5299887076249558,1,1
0,0.5239799658459449,1,1
1,0.5692706012714009,1,1
1,0.8425820393626742,1,1
0,0.05781091024812964,0,0
0,0.46877121010949063,0,0
0,0.3351862876604586,0,0
0,0.47808732102288926,0,0
0,0.4156206683019054,0,0
1,0.2554336513636279,0,0
0,0.23749262821845352,0,0
0,0.21278701622213875,0,0
0,0.21057883632828314,0,0
0,0.2542454853909939,0,0
1,0.8353951481917747,1,1
1,0.28819356498870324,0,0
0,0.6834668713756649,1,1
1,0.8117252772148714,1,1
1,0.8706773214034116,1,1
1,0.5622997473987912,1,1
0,0.23793723006544487,0,0
0,0.34298715355410614,0,0
1,0.7147831132035304,1,1
0,0.5315692924073407,1,1
0,0.2771786744397133,0,0
0,0.7563445182541172,1,1
0,0.13448916961641974,0,0
1,0.9029582116614501,1,1
1,0.6158905153534759,1,1
1,0.7839066595281142,1,1
1,0.9014966146297716,1,1
1,0.9377700354885374,1,1
0,0.4247046576865764,0,0
0,0.2211638324411711,0,0
0,0.8235978814455716,1,1
1,0.9242277004976892,1,1
1,0.3299644986546675,0,0
0,0.4893196857582212,0,0
0,0.29646103506482174,0,0
0,0.22735590757644628,0,0
0,0.9032357242863883,1,1
1,0.7191676126091299,1,1
1,0.8973145239585432,1,1
0,0.3540543503468483,0,0
1,0.4982949745216593,0,0
1,0.7972491424624183,1,1
0,0.21422616675466766,0,0
0,0.45365244315985487,0,0
1,0.7284126674979172,1,1
0,0.519274295483091,1,1
1,0.7486658389993197,1,1
1,0.43017623982626,0,0
1,0.8904044131976071,1,1
0,0.534266544931516,1,1
0,0.5288427271783959,1,1
0,0.4127588786711203,0,0
0,0.781743458508127,1,1
0,0.3812601891760463,0,0
1,0.41582021083707027,0,0
0,0.09755870340539326,0,0
1,0.17969531917440734,0,0
0,0.8147045022603694,1,1
1,0.7489581624645092,1,1
0,0.5869017152567516,1,1
0,0.4504169454024668,0,0
0,0.2619183553591643,0,0
0,0.944742052796817,1,1
0,0.423948953674202,0,0
0,0.16188770569152702,0,0
0,0.06660986840380297,0,0
1,0.7915148314607586,1,1
0,0.5943894066941762,1,1
0,0.5712000077828194,1,1
0,0.519480915936604,1,1
0,0.10387348754171503,0,0
0,0.7577311957234331,1,1
0,0.19870356340948328,0,0
0,0.906787586382874,1,1
0,0.3952394425411452,0,0
0,0.5356713813208243,1,1
0,0.5157538990961142,1,1
0,0.52749693350969,1,1
0,0.1696386932705226,0,0
1,0.4573179750967665,0,0
0,0.5151565759801999,1,1
0,0.29399098933468093,0,0
0,0.8251791967773777,1,1
0,0.80370068597397,1,1
1,0.9529240222433364,1,1
0,0.27485170787032026,0,0
1,0.8615384748175176,1,1
0,0.2575941044171788,0,0
0,0.12082444592990116,0,0
0,0.17505932986151201,0,0
1,0.14597126509055455,0,0
0,0.05573525663540777,0,0
1,0.9061991539367816,1,1
1,0.5541757637695441,1,1
0,0.5674093712684181,1,1
1,0.46994148159685095,0,0
0,0.36616250587983423,0,0
1,0.7132954920443384,1,1
0,0.30400684637735287,0,0
1,0.3356180019313396,0,0
0,0.13426610242238518,0,0
0,0.8422478570338672,1,1
1,0.8472429524338053,1,1
1,0.8977518602422337,1,1
0,0.43915037560005515,0,0
0,0.24293570277021434,0,0
0,0.16311092181400533,0,0
0,0.8140733027912875,1,1
0,0.5973393192507576,1,1
0,0.777273189946579,1,1
0,0.5506623804771004,1,1
0,0.6967581073964463,1,1
0,0.28266502217051276,0,0
1,0.678817010521431,1,1
1,0.8886682429934125,1,1
0,0.3505694889562853,0,0
1,0.9028480339588415,1,1
1,0.5536153172866862,1,1
0,0.1358287362332598,0,0
0,0.13937366521543817,0,0
0,0.24545545475858452,0,0
1,0.4210117711415565,0,0
0,0.3383015227109417,0,0
0,0.32452716537087684,0,0
1,0.7891138491391747,1,1
0,0.4193048977032421,0,0
1,0.6648048474040666,1,1
1,0.5402367098212296,1,1
1,0.14514193480927368,0,0
1,0.44437170123557224,0,0
0,0.8591391948436791,1,1
0,0.6748521358852508,1,1
0,0.21701161807096428,0,0
1,0.4339972107252121,0,0
0,0.125435329690803,0,0
0,0.2728546253849397,0,0
0,0.2620897809766827,0,0
0,0.6956787454986124,1,1
1,0.7434098084399177,1,1
0,0.09894799096064899,0,0
0,0.5906792929639093,1,1
0,0.08438599791429909,0,0
1,0.925548427373767,1,1
0,0.10057607270734056,0,0
0,0.32793263621193425,0,0
0,0.6083927363032101,1,1
0,0.3902280912822483,0,0
0,0.4588124809006047,0,0
1,0.918398402208908,1,1
0,0.38020850153981767,0,0
0,0.18581461526166132,0,0
0,0.6508911127831687,1,1
1,0.8936153996276601,1,1
1,0.6498628911889512,1,1
1,0.7054861169333722,1,1
1,0.9685539053018289,1,1
1,0.29255948802771686,0,0
0,0.09410976164679304,0,0
0,0.5023999453978442,1,1
0,0.41904203832739595,0,0
1,0.9100944809995825,1,1
0,0.24605772514498384,0,0
1,0.5833740104711793,1,1
0,0.7902070372603488,1,1
0,0.152790585401204,0,0
0,0.27027152539196025,0,0
1,0.8925050947721757,1,1
0,0.2685732447908891,0,0
0,0.4334014172909888,0,0
0,0.17181225541905112,0,0
0,0.14398109336214354,0,0
1,0.7706501232689356,1,1
1,0.5487808345053475,1,1
1,0.8498064261120555,1,1
0,0.6781246511135598,1,1
0,0.13738377189889714,0,0
1,0.749505744135151,1,1
1,0.4161146057579693,0,0
0,0.544725405180672,1,1
0,0.5044555321606612,1,1
0,0.6426344914738606,1,1
1,0.6019753225490054,1,1
0,0.09679880704910883,0,0
1,0.9734383499544567,1,1
0,0.1247262999991172,0,0
0,0.37034993746522255,0,0
1,0.644037221433498,1,1
0,0.4401933367853126,0,0
0,0.3761673887001657,0,0
0,0.315417774821002,0,0
0,0.9373512838118098,1,1
1,0.8498648727767071,1,1
0,0.48629697866024907,0,0
0,0.09363289010150563,0,0
0,0.35640094675053097,0,0
0,0.08363138371688861,0,0
0,0.5516992699061392,1,1
0,0.08734289797593484,0,0
1,0.3735481106684825,0,0
1,0.8746547935359509,1,1
0,0.23215012958423786,0,0
1,0.4588361492016835,0,0
1,0.820278303158083,1,1
0,0.8222158191931549,1,1
0,0.5174799880475378,1,1
0,0.3884155840188753,0,0
1,0.8933532799458961,1,1
1,0.5784642394685211,1,1
0,0.7209359338663031,1,1
1,0.8915103043615441,1,1
1,0.5123961797653253,1,1
1,0.8320889769888345,1,1
0,0.4428594785229133,0,0
0,0.22890687219899905,0,0
0,0.3286509668812925,0,0
1,0.901300103021608,1,1
0,0.06693754804706731,0,0
1,0.16687443951371095,0,0
1,0.8370035083569312,1,1
1,0.7756387655484909,1,1
1,0.8975301924772487,1,1
0,0.5223912494543119,1,1
0,0.21061802149770176,0,0
0,0.4530449225186277,0,0
1,0.2998146807584918,0,0
0,0.5766713953399446,1,1
1,0.8156424796491117,1,1
0,0.6678959319595006,1,1
0,0.5252038319790471,1,1
0,0.7402955801703397,1,1
1,0.15067652718389546,0,0
0,0.2893667790714963,0,0
0,0.21260106584526603,0,0
0,0.4364305970539476,0,0
1,0.5413784749984143,1,1
0,0.10375056676104384,0,0
0,0.3457283655016794,0,0
0,0.14572897037194843,0,0
0,0.08344063602899618,0,0
0,0.6817042045379054,1,1
0,0.23137776664890913,0,0
0,0.16638421156739838,0,0
1,0.5769547145193333,1,1
0,0.6303231818377641,1,1
0,0.8012544202361424,1,1
0,0.09128593309816573,0,0
1,0.7707181226392137,1,1
1,0.8834433843669204,1,1
0,0.7206178801134547,1,1
0,0.09047598075163105,0,0
1,0.7207384807618742,1,1
0,0.30263197537897496,0,0
0,0.7088585115831706,1,1
0,0.5133684941862967,1,1
1,0.7427342059560899,1,1
0,0.08200167901131114,0,0
0,0.3344308156124045,0,0
0,0.07846355499640449,0,0
0,0.4559524514317866,0,0
0,0.5409125770880842,1,1
0,0.18426970605165477,0,0
1,0.7153842963830972,1,1
1,0.603878239347542,1,1
1,0.8895233730764679,1,1
1,0.21388108640987377,0,0
1,0.7525710195164961,1,1
0,0.4331993913124437,0,0
0,0.6337102220787738,1,1
0,0.2957796920362573,0,0
0,0.0828970776365549,0,0
1,0.8784867857259858,1,1
0,0.3612462643249708,0,0
1,0.8593143197639347,1,1
0,0.3780842952693595,0,0
0,0.7550842448384789,1,1
0,0.09275383459129533,0,0
1,0.5317298403404669,1,1
1,0.452476993705092,0,0
1,0.7168416508133385,1,1
1,0.8378382874125553,1,1
0,0.5337325608051426,1,1
0,0.35139893413861584,0,0
0,0.17253276159166958,0,0
0,0.16848821793951674,0,0
1,0.7796862629467233,1,1
0,0.10067361137083926,0,0
0,0.3993873866580831,0,0
0,0.6290731645318305,1,1
1,0.6244680390432993,1,1
0,0.2337512449942121,0,0
1,0.8997245016271456,1,1
1,0.12794078785948124,0,0
0,0.28507974425878446,0,0
0,0.29427729994751334,0,0
1,0.9365516277475084,1,1
0,0.22199625591212915,0,0
0,0.524408701205719,1,1
0,0.1877863319634087,0,0
0,0.1386091050500915,0,0
1,0.21669846280268582,0,0
0,0.600441261379662,1,1
0,0.35434180270537,0,0
1,0.7287263620084223,1,1
0,0.10074941786493909,0,0
0,0.7245127644867153,1,1
1,0.7156272229897803,1,1
0,0.17612729983438905,0,0
0,0.5922464381474087,1,1
0,0.16789758865369375,0,0
1,0.4181428025315942,0,0
1,0.8755915010039882,1,1
0,0.1790087728924353,0,0
0,0.4923084243949445,0,0
1,0.43814598622640993,0,0
0,0.6199660181455982,1,1
0,0.4633915952623301,0,0
0,0.5810776856800273,1,1
0,0.500781193570717,1,1
1,0.8143996028351158,1,1
1,0.8823877547911435,1,1
0,0.2674456000949838,0,0
1,0.9260538641317236,1,1
0,0.14084353012588302,0,0
1,0.8090036472991118,1,1
0,0.20483131256140613,0,0
1,0.6779901861725925,1,1
1,0.7371653669645661,1,1
1,0.44725331363832244,0,0
1,0.5550906471220969,1,1
1,0.9313664163686736,1,1
0,0.4229893003892991,0,0
0,0.06480817231653231,0,0
0,0.13388639713251846,0,0
0,0.1559815112932254,0,0
0,0.13753644336660784,0,0
1,0.9518618005783961,1,1
0,0.07523050485035633,0,0
0,0.4446417322103594,0,0
1,0.4372457220741942,0,0
0,0.40003443611663575,0,0
0,0.915967110497452,1,1
0,0.5566934504485278,1,1
1,0.3473814569879032,0,0
0,0.08442425486162623,0,0
0,0.11153360437265611,0,0
1,0.4826908132651373,0,0
1,0.5197484604283682,1,1
0,0.5468804018980359,1,1
0,0.8096792006439193,1,1
0,0.715107592179258,1,1
0,0.7217733275537349,1,1
0,0.22915616948931128,0,0
0,0.9520826218963848,1,1
0,0.16163217253512693,0,0
1,0.5385733662616045,1,1
0,0.3109501187078209,0,0
0,0.5822894019944793,1,1
0,0.13223443126824774,0,0
1,0.676999202520448,1,1
0,0.2670704590354645,0,0
0,0.2827183791405988,0,0
1,0.7888790450389556,1,1
0,0.3322966984289089,0,0
0,0.13922934521384725,0,0
1,0.9467067957733196,1,1
0,0.1470646127684515,0,0
0,0.6583958023077067,1,1
0,0.3376347307800002,0,0
0,0.08870002070253054,0,0
0,0.14433276527052252,0,0
0,0.5073823295628141,1,1
0,0.44738557720374583,0,0
0,0.6412576295832074,1,1
0,0.4237801008900567,0,0
1,0.375560856875827,0,0
0,0.07754950435109915,0,0
1,0.5992732377928649,1,1
0,0.1520919212665237,0,0
0,0.3189191581331258,0,0
0,0.2335967618871987,0,0
0,0.8776860530732328,1,1
0,0.26347879013315983,0,0
0,0.1676492970709153,0,0
0,0.2581912113623111,0,0
0,0.33039816001008043,0,0
0,0.10292271398214496,0,0
1,0.8284411052068805,1,1
0,0.24695895894603248,0,0
0,0.285268128313355,0,0
1,0.9298861601985668,1,1
0,0.16254367031357403,0,0
1,0.6125580155129724,1,1
1,0.8369866896375083,1,1
1,0.6288138161362122,1,1
0,0.4090271091312608,0,0
0,0.10195965041430996,0,0
0,0.18966803851485106,0,0
0,0.2093937112454667,0,0
1,0.8449007380662029,1,1
1,0.8687513733460152,1,1
0,0.19442902453548672,0,0
0,0.24870509418042686,0,0
0,0.19087766648868382,0,0
0,0.6368741776525385,1,1
0,0.48072442890853173,0,0
0,0.08471583673897971,0,0
0,0.1451242358987801,0,0
1,0.864119995522096,1,1
0,0.3247953044548856,0,0
0,0.07937021638200593,0,0
0,0.16574520859190756,0,0
0,0.1511452989166841,0,0
0,0.7896108456393627,1,1
0,0.1623895338546695,0,0
0,0.1260058743423546,0,0
0,0.3189833131121677,0,0
1,0.9370846193681953,1,1
0,0.07054062045160836,0,0
0,0.44660701191107555,0,0
0,0.29884703528878653,0,0
0,0.6257824951982118,1,1
1,0.725318393010243,1,1
1,0.8674468780654446,1,1
0,0.1416235240258081,0,0
0,0.16382466160082299,0,0
0,0.6757579297358404,1,1
0,0.4202884282799118,0,0
1,0.1722684846637118,0,0
1,0.7356954807146037,1,1
0,0.14630488858305002,0,0
0,0.12748276245929557,0,0
0,0.24644696455859058,0,0
0,0.7030910745900938,1,1
0,0.1809384670844309,0,0
1,0.8846527482310782,1,1
1,0.8009352972042967,1,1
1,0.6604713768754091,1,1
1,0.8155100490157436,1,1
1,0.5645408077528866,1,1
1,0.7711407919572937,1,1
1,0.8324256557136833,1,1
1,0.5117689178645024,1,1
0,0.5092941539134778,1,1
1,0.1041302724912962,0,0
0,0.22021372218219898,0,0
0,0.8329688533382033,1,1
0,0.7977732809936949,1,1
1,0.7590309313231179,1,1
0,0.11554265934431887,0,0
1,0.8859860152053327,1,1
0,0.14130451289298407,0,0
0,0.14358699330946645,0,0
0,0.06487264313927152,0,0
0,0.17837093485074476,0,0
0,0.21401104758910638,0,0
1,0.7191707759868906,1,1
0,0.7661265548208703,1,1
0,0.3838934251553649,0,0
0,0.8744773405678595,1,1
1,0.77432918682409,1,1
0,0.08369718043307263,0,0
0,0.34850798031200153,0,0
1,0.7931044130187651,1,1
1,0.787977406517735,1,1
0,0.17999755244359555,0,0
1,0.8372230347779623,1,1
0,0.5421194992247028,1,1
1,0.7765620639853779,1,1
0,0.5615293344492666,1,1
0,0.13717289956715592,0,0
0,0.7702701606816206,1,1
1,0.8009715880215167,1,1
0,0.6594918960938204,1,1
0,0.759340553535245,1,1
1,0.13321829496309914,0,0
0,0.19982094155283706,0,0
1,0.7461753312567535,1,1
0,0.4334398400037107,0,0
0,0.6874304031278856,1,1
0,0.15811984411619848,0,0
0,0.07525745162682738,0,0
0,0.3450170531195337,0,0
0,0.42966031999430226,0,0
1,0.8645954170648172,1,1
0,0.32424905450127445,0,0
1,0.16293436759014374,0,0
0,0.48776832489601063,0,0
0,0.2771229611836036,0,0
0,0.6136172823015958,1,1
0,0.5961541899304266,1,1
0,0.4341927199494464,0,0
0,0.08117708861038042,0,0
1,0.8709707585318952,1,1
0,0.7788594888693998,1,1
1,0.45400813942022805,0,0
0,0.1051458769105573,0,0
0,0.568096714699301,1,1
0,0.3524040704226173,0,0
0,0.2241502634877751,0,0
1,0.6498134439556409,1,1
1,0.6092311155763722,1,1
1,0.9417589558059408,1,1
0,0.21098069812136666,0,0
1,0.305130354935813,0,0
0,0.15389044832130033,0,0
1,0.5792216164617795,1,1
0,0.6828765878045109,1,1
1,0.6167892539094103,1,1
0,0.21872584383205293,0,0
0,0.5925516082292087,1,1
1,0.5077681169085959,1,1
0,0.27611823194583146,0,0
1,0.6374848437997912,1,1
1,0.40746150021290517,0,0
0,0.5755291633237305,1,1
0,0.37581381727211405,0,0
0,0.24874500009659384,0,0
0,0.8532323914342567,1,1
1,0.8413268595081249,1,1
1,0.9029551483405986,1,1
0,0.32507097296786097,0,0
0,0.6510716757618127,1,1
0,0.6011805721325852,1,1
0,0.7450094684106188,1,1
0,0.41016023410488556,0,0
1,0.8831199871250951,1,1
0,0.30956872073215025,0,0
1,0.8648855701017085,1,1
1,0.8642211170757346,1,1
0,0.2550518432773167,0,0
1,0.9708079118554981,1,1
0,0.1758125168505719,0,0
0,0.5929575259347126,1,1
0,0.14852799082052912,0,0
0,0.3882647325379999,0,0
0,0.624884137673396,1,1
0,0.33224595046370864,0,0
0,0.8036069469740709,1,1
0,0.8928984153449779,1,1
1,0.7563637312387097,1,1
0,0.5190914632788346,1,1
0,0.03662300908030109,0,0
1,0.8771894100079773,1,1
1,0.7496058957276504,1,1
0,0.41118171256924374,0,0
0,0.2877451442345776,0,0
0,0.1101130548985196,0,0
0,0.31163369539498936,0,0
1,0.9217424888483097,1,1
1,0.1387557785904736,0,0
0,0.1948938302868302,0,0
1,0.7368452849807858,1,1
1,0.5687078887944091,1,1
0,0.5419278294697927,1,1
1,0.5339875479369186,1,1
0,0.37618090478408345,0,0
0,0.22936520983128955,0,0
1,0.5043465325946443,1,1
1,0.8859222567123362,1,1
0,0.5285515688918248,1,1
0,0.40372314990694913,0,0
0,0.034380823102427426,0,0
0,0.6367001371343224,1,1
0,0.1674226123154406,0,0
0,0.3557847604543716,0,0
0,0.07369029360230642,0,0
0,0.7104417276597944,1,1
1,0.8038983685270313,1,1
0,0.31999443741067785,0,0
0,0.2778894057918346,0,0
0,0.2378106475338911,0,0
1,0.9395434431505784,1,1
0,0.16271718729170545,0,0
0,0.5515965390432355,1,1
0,0.32695672515046365,0,0
0,0.7807531931656967,1,1
1,0.9368699719732764,1,1
1,0.13532401428709792,0,0
0,0.5404733064451372,1,1
0,0.18880762613012486,0,0
0,0.355893572426059,0,0
0,0.321658752843592,0,0
0,0.09788758126279407,0,0
0,0.24989952958530154,0,0
1,0.8437591218870298,1,1
0,0.4277399864812105,0,0
1,0.8561485286540712,1,1
0,0.44058266002653557,0,0
0,0.5053206120918482,1,1
1,0.5930256821913772,1,1
1,0.8633469074503177,1,1
0,0.3620736352049523,0,0
0,0.30991115549467,0,0
1,0.37161736776329474,0,0
1,0.7767903202542444,1,1
0,0.4046883212424201,0,0
0,0.2775505592036071,0,0
0,0.2663182035383431,0,0
1,0.722550913136175,1,1
0,0.34497019890603925,0,0
1,0.5614236565685347,1,1
0,0.6587392159190328,1,1
0,0.23529480371847186,0,0
1,0.9241869766126147,1,1
0,0.4047117605136433,0,0
1,0.7264761203460562,1,1
0,0.40964738308016824,0,0
1,0.46166718231922443,0,0
0,0.4110982818929924,0,0
0,0.30429598647040706,0,0
1,0.7922705684057743,1,1
1,0.5840213437274354,1,1
0,0.09824838072435794,0,0
0,0.2645755899970221,0,0
0,0.5100874797469324,1,1
1,0.7763789974244604,1,1
0,0.09226592154208393,0,0
0,0.09664454322731371,0,0
0,0.08364496293201454,0,0
1,0.812886220534019,1,1
0,0.24005550298383307,0,0
0,0.12388554819518541,0,0
1,0.6497627998792577,1,1
0,0.555127156371259,1,1
0,0.2435978988374311,0,0
0,0.5295189747866926,1,1
1,0.9124068916908329,1,1
1,0.8083216298478009,1,1
0,0.5348782178845798,1,1
0,0.3371368103112709,0,0
0,0.33896746232110453,0,0
0,0.850349530550377,1,1
1,0.530173228985675,1,1
0,0.5894777917774049,1,1
0,0.20757865722993118,0,0
1,0.7947087574668056,1,1
1,0.6869285410661312,1,1
0,0.6111033835866972,1,1
0,0.23777926781426115,0,0
0,0.08018217012310061,0,0
0,0.18708518798499732,0,0
0,0.677923278944417,1,1
0,0.45236810283677165,0,0
1,0.8243352375620239,1,1
1,0.7730764590423608,1,1
0,0.2250531010353189,0,0
0,0.12388908422365964,0,0
0,0.058760156586870754,0,0
1,0.4504709407467518,0,0
1,0.8821834842944146,1,1
0,0.10332691658469201,0,0
0,0.11742545228436836,0,0
0,0.33771399207133834,0,0
1,0.6795250605063756,1,1
0,0.5104259228786712,1,1
0,0.42543865463508024,0,0
1,0.9562793916488325,1,1
0,0.29364120971922847,0,0
1,0.9143342660229067,1,1
1,0.5726386188217011,1,1
1,0.7081489945732998,1,1
0,0.07675880118156987,0,0
0,0.2952310237078136,0,0
0,0.34748448502345297,0,0
1,0.8538080050052236,1,1
0,0.4784774019079079,0,0
0,0.3237312121843277,0,0
1,0.9093618603728835,1,1
0,0.7525804562805182,1,1
1,0.48106464275401084,0,0
0,0.2988157057475872,0,0
1,0.2872243032103277,0,0
0,0.34157305790250825,0,0
0,0.1122694400639816,0,0
1,0.2525592384737331,0,0
0,0.31828113235779704,0,0
0,0.11193463687370367,0,0
0,0.7050016960287814,1,1
0,0.7597033995866875,1,1
0,0.14823602203448832,0,0
0,0.27714591874597955,0,0
0,0.36185173006943727,0,0
0,0.26584843484942633,0,0
1,0.4647479568830649,0,0
0,0.37552598861316355,0,0
0,0.6145254870029546,1,1
1,0.517288938569873,1,1
1,0.7353967000465406,1,1
1,0.5736805341346852,1,1
0,0.6503113352482844,1,1
1,0.9641714973813513,1,1
0,0.35475037829319955,0,0
0,0.24802723551877104,0,0
1,0.2855734520499143,0,0
0,0.05604468839354683,0,0
0,0.09848514777544479,0,0
1,0.7581318165567568,1,1
0,0.23662106577749453,0,0
0,0.2803789833839018,0,0
0,0.2567122923589028,0,0
0,0.7248086838622317,1,1
1,0.7996560594361666,1,1
0,0.14314315314824164,0,0
1,0.3693672778116546,0,0
0,0.13175719360487406,0,0
1,0.515496576660157,1,1
1,0.7331997618207431,1,1
0,0.08353290565445319,0,0
0,0.6417016408496019,1,1
0,0.2864013249957428,0,0
0,0.16568005070254377,0,0
1,0.565082533311216,1,1
0,0.2729721537665657,0,0
0,0.23043406229900407,0,0
1,0.8953471766593359,1,1
0,0.6218330577205836,1,1
0,0.33774096855935204,0,0
0,0.6022566692477757,1,1
1,0.5208274453763911,1,1
0,0.20927982709593712,0,0
0,0.08040304879697904,0,0
0,0.5041723732207087,1,1
0,0.10494647089193844,0,0
0,0.3214730808356569,0,0
1,0.8512096864346278,1,1
0,0.2707816000142169,0,0
1,0.7342077494918594,1,1
1,0.875032852554535,1,1
1,0.45959016060374835,0,0
1,0.5450720662113355,1,1
1,0.5309452230666,1,1
0,0.42034542100847194,0,0
0,0.44762846689084695,0,0
1,0.8388138069814032,1,1
0,0.1163747665322248,0,0
0,0.07123082059740321,0,0
1,0.6245754756666301,1,1
0,0.058045617925824335,0,0
0,0.7386882948546392,1,1
1,0.794688372960745,1,1
0,0.2648541336120718,0,0
1,0.7603101696836094,1,1
1,0.667615616889373,1,1
1,0.26385249939405137,0,0
0,0.09437374550220644,0,0
1,0.76145080804938,1,1
0,0.42469650528955805,0,0
1,0.6250920560559644,1,1
1,0.824391266770274,1,1
1,0.9061458352621135,1,1
0,0.09337700638042182,0,0
1,0.6297647273867462,1,1
0,0.16878549852242836,0,0
0,0.6274091050259817,1,1
0,0.20066514136464128,0,0
1,0.8373751041744942,1,1
0,0.4376882523914492,0,0
0,0.49957951949190443,0,0
0,0.41076220150085324,0,0
1,0.7129034084250394,1,1
0,0.676703028006073,1,1
1,0.23868007426384388,0,0
0,0.2092349873871186,0,0
1,0.4443556774231766,0,0
1,0.6870731189791303,1,1
0,0.8574014373040937,1,1
1,0.9117384351229904,1,1
0,0.2145004947151642,0,0
0,0.3110974831064522,0,0
0,0.45636515450036297,0,0
0,0.8281194754561649,1,1
1,0.8503537620323347,1,1
1,0.4472802244490188,0,0
1,0.8808754159318788,1,1
1,0.6644472502233703,1,1
0,0.1674291738726815,0,0
1,0.9443481252627656,1,1
0,0.2781453995349505,0,0
0,0.839436600983606,1,1
0,0.6437003653086463,1,1
1,0.9406125428524338,1,1
0,0.5824002727546683,1,1
0,0.06392122051696694,0,0
0,0.04225703208631276,0,0
1,0.3404396494750988,0,0
0,0.5071914255128103,1,1
0,0.19547480946222426,0,0
1,0.8644704114062626,1,1
0,0.3506063336298433,0,0
1,0.8450506666776314,1,1
1,0.7029938669987242,1,1
0,0.6439715119987168,1,1
0,0.8234367877776124,1,1
0,0.8201959623806477,1,1
0,0.26543978761035747,0,0
0,0.060917050403339536,0,0
0,0.2994084435355955,0,0
1,0.7131753765406748,1,1
0,0.480055183914902,0,0
0,0.8566165708285555,1,1
1,0.6534420993128812,1,1
0,0.8533909823307478,1,1
1,0.8402654113577427,1,1
0,0.3462153864442112,0,0
0,0.7069253687684952,1,1
0,0.5111766226964959,1,1
1,0.7627175332895704,1,1
1,0.9304901380877051,1,1
0,0.20797809266123315,0,0
0,0.1110796802198937,0,0
1,0.9460638072531952,1,1
0,0.37166733670392677,0,0
0,0.15012377561494697,0,0
1,0.7560477652136685,1,1
1,0.36878033819729467,0,0
0,0.12138093085493672,0,0
0,0.64556436525031,1,1
0,0.1849648399699752,0,0
0,0.2112495271057454,0,0
1,0.8263236965780644,1,1
1,0.7236445680874358,1,1
0,0.5246350316385295,1,1
1,0.8885196118098704,1,1
1,0.5768753537347846,1,1
0,0.3399132528869833,0,0
0,0.06437513655071822,0,0
1,0.9205093128811259,1,1
0,0.5044953957125075,1,1
0,0.37660257666671887,0,0
0,0.5530189968051482,1,1
1,0.8502870934742893,1,1
1,0.7652898876792817,1,1
1,0.6213082615086054,1,1
1,0.9307070541293695,1,1
1,0.5474733846973583,1,1
1,0.833801508171891,1,1
0,0.3569414404180961,0,0
0,0.2589995079649884,0,0
0,0.1342436171617245,0,0
0,0.4597550085917972,0,0
0,0.339031659304062,0,0
1,0.4062158980740761,0,0
1,0.6941240637718074,1,1
0,0.4497726602194842,0,0
0,0.07172947043198213,0,0
1,0.7515179828437443,1,1
1,0.4747553009136495,0,0
1,0.8824643596240458,1,1
1,0.8045077879485776,1,1
0,0.6170794278069944,1,1
0,0.09521181191013621,0,0
0,0.23501798771661805,0,0
0,0.07946883916192643,0,0
0,0.1560640847535797,0,0
0,0.2547318687389923,0,0
0,0.20877654714205504,0,0
0,0.0755379131464521,0,0
1,0.8939599454142386,1,1
1,0.7728546541839183,1,1
0,0.5449186517584246,1,1
0,0.5604382422146208,1,1
0,0.2579319481499836,0,0
1,0.788455911800292,1,1
0,0.10648877943418569,0,0
1,0.8087759552268814,1,1
0,0.12497015633541021,0,0
1,0.492391880780879,0,0
0,0.4286195340320584,0,0
1,0.5122798842254972,1,1
0,0.3592116572543063,0,0
1,0.6771218264920742,1,1
0,0.8412179392647834,1,1
0,0.7536316947752649,1,1
0,0.10617503737798815,0,0
0,0.4422069380383277,0,0
1,0.47232089835565877,0,0
1,0.6693755069700261,1,1
1,0.6745128449006349,1,1
0,0.7749576892485206,1,1
0,0.33009996788175816,0,0
1,0.5394368406502551,1,1
0,0.3158272256127585,0,0
0,0.18497814105288155,0,0
0,0.8192459595365683,1,1
0,0.5712884857380226,1,1
0,0.9066606406771783,1,1
1,0.7323231241072857,1,1
0,0.13613486236068295,0,0
0,0.18730862440183438,0,0
0,0.26908125715799075,0,0
0,0.18383962844910542,0,0
1,0.89666028636385,1,1
0,0.7753829862626606,1,1
1,0.6951594147830257,1,1
0,0.9186057683361609,1,1
1,0.31948806168390415,0,0
0,0.36411022255467734,0,0
0,0.3120551620339264,0,0
1,0.7577188650540159,1,1
0,0.11553989668809342,0,0
0,0.5133203013355664,1,1
0,0.07861434346656583,0,0
0,0.5471044968753221,1,1
0,0.15249442946285538,0,0
1,0.1792937579220919,0,0
0,0.7272644846273677,1,1
1,0.9544541679146651,1,1
0,0.8600973753863445,1,1
0,0.319229188892649,0,0
1,0.6981389098689853,1,1
0,0.47097719132382315,0,0
1,0.9013613498148428,1,1
0,0.12577848273589182,0,0
0,0.10618885763921736,0,0
0,0.11219711065172648,0,0
0,0.27710918715803506,0,0
1,0.847341785030851,1,1
0,0.2818586889246801,0,0
0,0.17384138589993867,0,0
1,0.912268222708516,1,1
0,0.4493536849185104,0,0
1,0.9032011044394139,1,1
0,0.8904183049646178,1,1
0,0.40197607438445476,0,0
0,0.14537798726398915,0,0
0,0.35079425669388686,0,0
1,0.39750647225771346,0,0
0,0.6659915436594407,1,1
1,0.5260566150428947,1,1
1,0.6342560593969979,1,1
1,0.6691169427547102,1,1
0,0.3339839738292643,0,0
1,0.916844608021579,1,1
1,0.140184695319363,0,0
0,0.5546845239146057,1,1
1,0.33579567350003275,0,0
0,0.2613504374203071,0,0
0,0.07240090092639477,0,0
0,0.6781636466570826,1,1
1,0.6559547058533309,1,1
0,0.7649836795362442,1,1
1,0.6713840992476515,1,1
1,0.9397626042753036,1,1
0,0.14126528368408503,0,0
0,0.2222724814315386,0,0
0,0.16938583814283908,0,0
1,0.8780586767793804,1,1
0,0.1320966515938251,0,0
0,0.6681179778268006,1,1
0,0.2713610332593972,0,0
1,0.48527094551371885,0,0
0,0.31390928877608504,0,0
1,0.7071638833531767,1,1
1,0.7725409079356618,1,1
0,0.08933139789925974,0,0
1,0.8787840569324745,1,1
0,0.11288966783639473,0,0
1,0.5223480937161021,1,1
1,0.6843971056685694,1,1
0,0.6613641234395888,1,1
1,0.0505298427234745,0,0
0,0.850808359663309,1,1
0,0.1466946808375731,0,0
0,0.4203690611384427,0,0
1,0.5860643993488645,1,1
1,0.7213610559695348,1,1
0,0.48597063680833685,0,0
1,0.6587250851291334,1,1
0,0.11672499435877653,0,0
1,0.5457544801307854,1,1
0,0.34090816212935865,0,0
0,0.5219611130772246,1,1
1,0.7393847472783716,1,1
1,0.28697526399559586,0,0
0,0.4053170290121134,0,0
0,0.218374133885924,0,0
1,0.8781855225257233,1,1
1,0.3182755107513967,0,0
0,0.4354741692863278,0,0
0,0.3742460150474224,0,0
0,0.5173006694595036,1,1
1,0.6326450264945799,1,1
0,0.17429673920085886,0,0
0,0.8288475102285363,1,1
0,0.22772050338219266,0,0
0,0.29038070264461563,0,0
0,0.6289240033519268,1,1
1,0.8244604473936183,1,1
1,0.7723422821657778,1,1
0,0.586244734343725,1,1
1,0.4442473328314239,0,0
0,0.7480586974413329,1,1
1,0.7882593882248181,1,1
0,0.7413682841991658,1,1
0,0.10445612719481116,0,0
0,0.4701617762796243,0,0
0,0.23343999826385317,0,0
0,0.5272187892219454,1,1
0,0.4007355555231092,0,0
0,0.18792963038863128,0,0
1,0.5842516305242871,1,1
0,0.12340147529272655,0,0
0,0.0729447874917299,0,0
0,0.10068096689682098,0,0
0,0.373172986771005,0,0
1,0.9117494513437482,1,1
1,0.3170683312103269,0,0
1,0.3631804039189805,0,0
0,0.3417686104370994,0,0
1,0.6131833450918603,1,1
1,0.9418707429777691,1,1
0,0.7084848028683087,1,1
0,0.9260359610713228,1,1
0,0.09464532501975802,0,0
1,0.5231193919437191,1,1
1,0.3499538202673804,0,0
1,0.7533716603418917,1,1
0,0.2548400117953476,0,0
1,0.6532698887361419,1,1
1,0.6650186086046908,1,1
1,0.1712150629935509,0,0
0,0.4587823591046148,0,0
0,0.740662434960757,1,1
0,0.16266096467679503,0,0
1,0.8097796839381344,1,1
1,0.7555755300666018,1,1
1,0.9060017552292862,1,1
1,0.5208669285896608,1,1
1,0.7053929525893593,1,1
0,0.7823647303853124,1,1
0,0.8755565574541255,1,1
0,0.44965090002653035,0,0
0,0.233547079445773,0,0
1,0.5002807279920386,1,1
0,0.3830499713487975,0,0
1,0.40176424599996857,0,0
0,0.8102072606704267,1,1
1,0.8578937791537534,1,1
1,0.3821015564660295,0,0
0,0.7697172137326977,1,1
0,0.6353452776083599,1,1
0,0.18336501957527163,0,0
1,0.6140373487312771,1,1
0,0.31489279969358264,0,0
1,0.8093723178667706,1,1
0,0.35735953128182163,0,0
0,0.18728880818695978,0,0
0,0.8581125922886289,1,1
0,0.5648830102830767,1,1
0,0.4218015696046227,0,0
1,0.10937105526900708,0,0
1,0.6412379552182786,1,1
1,0.8400779240433839,1,1
1,0.7647626308791474,1,1
0,0.12741584703504297,0,0
0,0.7567103542577783,1,1
0,0.1303284572353396,0,0
0,0.11487995106168811,0,0
1,0.7553433440936241,1,1
1,0.7443193329944713,1,1
1,0.8963407759785373,1,1
1,0.8559462709910273,1,1
0,0.05863011890060723,0,0
0,0.14508591593399386,0,0
0,0.1447702139140679,0,0
0,0.7784628168100798,1,1
1,0.3463563035980716,0,0
0,0.17995509558244913,0,0
0,0.26036770524369085,0,0
0,0.4507230650851299,0,0
0,0.08554360049487138,0,0
0,0.2821228088644079,0,0
0,0.2591785341340241,0,0
0,0.30004982973780103,0,0
0,0.8981649523484446,1,1
1,0.7872052522854596,1,1
1,0.771089713774339,1,1
1,0.9059436681202877,1,1
0,0.7258032747588656,1,1
0,0.42447393589591476,0,0
0,0.19310444543584018,0,0
1,0.270700692931686,0,0
0,0.4175976528293563,0,0
0,0.6711392279620587,1,1
1,0.8964381919840667,1,1
1,0.8114975328254369,1,1
1,0.5254480050710066,1,1
0,0.1652825394195832,0,0
1,0.8688920082429911,1,1
0,0.13068055167920373,0,0
0,0.61555839478278,1,1
0,0.6496940145510048,1,1
0,0.40304959248220884,0,0
1,0.5104978825401096,1,1
1,0.831069598089232,1,1
0,0.084237414145485,0,0
1,0.11873730138816818,0,0
0,0.595560345554744,1,1
0,0.5041337187272179,1,1
0,0.26171103160335585,0,0
0,0.4322749514439002,0,0
0,0.821090754195597,1,1
0,0.24728922656096444,0,0
0,0.16693182067588475,0,0
0,0.7793700400251246,1,1
0,0.16536069519116356,0,0
1,0.8922424141596913,1,1
1,0.7404458072482495,1,1
0,0.3241942743902166,0,0
1,0.631562227367687,1,1
1,0.9452041684943817,1,1
0,0.5466913686491653,1,1
0,0.8131048094040016,1,1
0,0.3926033371741028,0,0
1,0.7876290047713964,1,1
0,0.4337701507805958,0,0
0,0.39215247790380775,0,0
0,0.24062951820403788,0,0
1,0.7608206005134664,1,1
0,0.23170051447419687,0,0
0,0.04557893141686983,0,0
1,0.792239131215357,1,1
0,0.28188723090134593,0,0
1,0.5387480728449575,1,1
0,0.10545394296206186,0,0
0,0.8783064167861242,1,1
0,0.24639111278127543,0,0
0,0.396481708983344,0,0
0,0.6174665734467446,1,1
1,0.865510276808147,1,1
1,0.7004259809704995,1,1
0,0.28366562700997094,0,0
0,0.8656779752423599,1,1
0,0.07024761179814343,0,0
1,0.3259855042603654,0,0
1,0.48729516480197,0,0
0,0.23305815542451716,0,0
1,0.8927196389121598,1,1
0,0.22042017182822676,0,0
1,0.8588249529918004,1,1
1,0.8166427235560709,1,1
1,0.6081685537596033,1,1
0,0.20831283834779613,0,0
1,0.6108702326926692,1,1
1,0.6649379557590775,1,1
0,0.07735534232970673,0,0
0,0.7231021763003227,1,1
1,0.3336295632171654,0,0
0,0.7079943110934169,1,1
0,0.7583473182803641,1,1
1,0.8990308885744349,1,1
1,0.722648577676597,1,1
0,0.5520230409676528,1,1
0,0.33578664383972556,0,0
0,0.07968176331050049,0,0
0,0.32478547326669455,0,0
0,0.3502578396964164,0,0
1,0.8319790523539663,1,1
0,0.5652094834585322,1,1
1,0.7111292293904672,1,1
1,0.7938463608766029,1,1
1,0.7712363358806166,1,1
1,0.8980011762484932,1,1
0,0.32185902563630236,0,0
0,0.19290894125964203,0,0
0,0.14128368497003171,0,0
0,0.15481181588139442,0,0
0,0.3394549677860806,0,0
0,0.17217343905004703,0,0
1,0.8699551714287551,1,1
0,0.38061668554860806,0,0
0,0.5054233741321571,1,1
1,0.9445786002456966,1,1
0,0.6657415250033858,1,1
0,0.24669216720103754,0,0
0,0.08021435018235269,0,0
1,0.08459457604124299,0,0
0,0.26849692851114276,0,0
0,0.33730076649408797,0,0
1,0.15748608979496284,0,0
1,0.7635059392674602,1,1
1,0.7561810699117716,1,1
0,0.7557731736939567,1,1
1,0.7592723363626792,1,1
0,0.25607104833964955,0,0
0,0.1844229616586609,0,0
0,0.8066046262719331,1,1
0,0.03992696456833461,0,0
1,0.37359406442055026,0,0
0,0.09521700832325625,0,0
0,0.4688462172759378,0,0
0,0.48849999085751045,0,0
0,0.9440659937622577,1,1
1,0.7116219746983528,1,1
0,0.17757901340346666,0,0
0,0.18745528757449997,0,0
0,0.4113701275038695,0,0
1,0.3983905737300694,0,0
0,0.2087252666602836,0,0
0,0.14560040255004222,0,0
0,0.19588506705769665,0,0
1,0.8616937516524332,1,1
1,0.7436409250847159,1,1
0,0.318407131798409,0,0
0,0.5226580256236623,1,1
0,0.6754538771294094,1,1
0,0.7618815000180978,1,1
1,0.8623227293607213,1,1
0,0.32122084980299015,0,0
0,0.5034299985707539,1,1
1,0.572779290429431,1,1
1,0.8053307594658082,1,1
0,0.35640243721392856,0,0
1,0.6627917880695875,1,1
0,0.1877735799722619,0,0
1,0.7318044617100504,1,1
0,0.15702100047894932,0,0
1,0.9483331570081894,1,1
0,0.2067681437379487,0,0
0,0.686159213793246,1,1
1,0.6436309459351389,1,1
0,0.1623735481031192,0,0
1,0.8378962125522513,1,1
1,0.4040691039655623,0,0
0,0.05416112640784592,0,0
0,0.4410059127019788,0,0
1,0.7634756446857122,1,1
0,0.20478230984640317,0,0
0,0.34678362895677406,0,0
0,0.13779801221940088,0,0
0,0.1929846454231626,0,0
0,0.15682349709562535,0,0
0,0.599359257067959,1,1
0,0.09029375584916369,0,0
0,0.28357065805313875,0,0
0,0.045747094072070914,0,0
0,0.07034808106388181,0,0
1,0.8998763690065644,1,1
0,0.3099793745311156,0,0
0,0.2789643769713748,0,0
0,0.36099951585805057,0,0
0,0.7807838929470812,1,1
0,0.6018719299338707,1,1
0,0.07658362127428225,0,0
1,0.713353374808242,1,1
0,0.33421624152449453,0,0
0,0.08433241515101414,0,0
1,0.6410779508018724,1,1
1,0.9673352591684945,1,1
0,0.11946657144976879,0,0
0,0.9160237650608517,1,1
0,0.1655164616880417,0,0
1,0.8513155548122285,1,1
0,0.5771625750260898,1,1
1,0.8056704866814135,1,1
1,0.0867558903127202,0,0
0,0.14048075286513081,0,0
0,0.4228011464494555,0,0
0,0.37528039952450215,0,0
0,0.2849308144822749,0,0
0,0.7854795943979981,1,1
1,0.7551858228974129,1,1
0,0.48290722655785284,0,0
1,0.8252578731386303,1,1
0,0.4483402795429445,0,0
1,0.7827771861085424,1,1
0,0.5794579657114777,1,1
0,0.34353373068789045,0,0
0,0.6168196215242837,1,1
1,0.3613195943787478,0,0
0,0.7840811892400164,1,1
0,0.5744703338587145,1,1
1,0.8877896804403574,1,1
1,0.5609764806385553,1,1
0,0.08783595366097742,0,0
0,0.16156953118214837,0,0
0,0.2708646825933382,0,0
0,0.2785248728887982,0,0
0,0.3068056478633128,0,0
1,0.5906766276028215,1,1
1,0.4693123659935303,0,0
1,0.5497990509824113,1,1
0,0.39846851569920316,0,0
0,0.12496371878145525,0,0
0,0.1775635821370837,0,0
0,0.1262263812711501,0,0
0,0.9152008816733778,1,1
1,0.8875664951288365,1,1
1,0.7345762610716945,1,1
0,0.29939913092626064,0,0
1,0.8010610589134938,1,1
0,0.4945482283980814,0,0
1,0.7288730423946107,1,1
0,0.16799352519496563,0,0
0,0.45925394355498117,0,0
1,0.6458467111585563,1,1
0,0.2911563591124175,0,0
1,0.14173103666905054,0,0
0,0.09490571782445881,0,0
0,0.14171478419633046,0,0
0,0.1313414224954841,0,0
1,0.6731968441652068,1,1
0,0.9154058848461367,1,1
0,0.18559177837547647,0,0
1,0.1086215073207659,0,0
1,0.4578658042307784,0,0
0,0.24689820558921982,0,0
0,0.18340323292789248,0,0
0,0.746120796290888,1,1
0,0.47953065283239105,0,0
0,0.10505900956050145,0,0
0,0.9118638884026234,1,1
1,0.7197669613183296,1,1
0,0.5309525194334428,1,1
1,0.6040975986164783,1,1
0,0.20017281375491128,0,0
0,0.8156737387010732,1,1
1,0.4809101114816157,0,0
0,0.5370846981094681,1,1
0,0.20774951941391556,0,0
1,0.8090645586030741,1,1
0,0.5637161924688898,1,1
1,0.8574702946965431,1,1
0,0.533143324092394,1,1
0,0.5757024292792108,1,1
0,0.9405006341978188,1,1
0,0.283522811598789,0,0
0,0.09535041526574403,0,0
0,0.2252205372205715,0,0
0,0.21744647390277322,0,0
0,0.5383058633624623,1,1
0,0.7334655073237607,1,1
1,0.6717812287635977,1,1
0,0.6329759230379548,1,1
1,0.6860414416421062,1,1
0,0.10794000511613093,0,0
0,0.36749203406601916,0,0
0,0.10985217827461875,0,0
1,0.7215543302979972,1,1
1,0.7022319620967642,1,1
1,0.23145304689793075,0,0
1,0.6103472627489859,1,1
0,0.7597462404485799,1,1
1,0.1654184318234791,0,0
0,0.25537321724991763,0,0
0,0.40568825152894744,0,0
0,0.18556247708615264,0,0
0,0.18553667177610908,0,0
1,0.309082317502109,0,0
0,0.16380826556696473,0,0
0,0.5827931431756789,1,1
0,0.12362337568824346,0,0
1,0.9035854916576012,1,1
1,0.833315194068811,1,1
1,0.45368681534205096,0,0
1,0.1854871038292263,0,0
0,0.1730897264741217,0,0
1,0.3787297439706378,0,0
1,0.7536220869082946,1,1
0,0.7471270074163813,1,1
0,0.0944038331609562,0,0
0,0.697961014215945,1,1
0,0.7737532675697243,1,1
0,0.3184602120756362,0,0
1,0.7016987707173057,1,1
1,0.3108788141336546,0,0
1,0.31852419626742096,0,0
0,0.6133750763284357,1,1
1,0.49333177896713193,0,0
0,0.5277910593474656,1,1
0,0.5261656282350342,1,1
0,0.4346619685723123,0,0
0,0.7828490479186869,1,1
0,0.26040345076770327,0,0
1,0.1256662216394367,0,0
0,0.6402228274184926,1,1
0,0.8870643382937845,1,1
0,0.4813093012047506,0,0
0,0.22694281418594672,0,0
0,0.5499587528685527,1,1
0,0.2851696324590748,0,0
0,0.08952081684158193,0,0
0,0.9169959736765267,1,1
0,0.580817964151432,1,1
0,0.2636775345229119,0,0
0,0.24287533794368013,0,0
1,0.7774686674531683,1,1
0,0.1063885453665724,0,0
0,0.5994045140543044,1,1
0,0.23080445443916744,0,0
0,0.14864579086478144,0,0
0,0.21826550591046565,0,0
0,0.8961306702346818,1,1
0,0.3299826776240804,0,0
0,0.09678376364769628,0,0
1,0.5569210563348456,1,1
0,0.6856933674703117,1,1
0,0.5794098958579491,1,1
1,0.5956237634269883,1,1
0,0.6896582908061117,1,1
0,0.6548100102731245,1,1
0,0.2088946638342126,0,0
1,0.6826144581810973,1,1
0,0.1282296094222103,0,0
0,0.35291908948736744,0,0
0,0.565366817047688,1,1
0,0.6629858721806237,1,1
0,0.11997031343683869,0,0
0,0.2723432518490856,0,0
1,0.38501958218176124,0,0
1,0.9190256296764425,1,1
1,0.8017617765025378,1,1
1,0.918505966758924,1,1
1,0.5940013429556961,1,1
1,0.8061114436576186,1,1
1,0.6243197436855471,1,1
1,0.22159941140559236,0,0
0,0.7691638262280678,1,1
1,0.9372188811530439,1,1
0,0.40202040119622107,0,0
1,0.715532924929152,1,1
0,0.8285800492416064,1,1
0,0.138286786808221,0,0
0,0.41079713037820137,0,0
1,0.6772360739211638,1,1
1,0.5559245916347132,1,1
0,0.11485661976281891,0,0
0,0.2153631276853566,0,0
1,0.20856272195792758,0,0
1,0.6086553693170669,1,1
1,0.343293784386582,0,0
0,0.3289733514867882,0,0
0,0.29575820213947107,0,0
0,0.10993494461500694,0,0
1,0.3700267846191953,0,0
1,0.9209990004475335,1,1
0,0.8422380381888315,1,1
0,0.2617936230679519,0,0
1,0.8708576367248265,1,1
0,0.7545091231497135,1,1
1,0.8852421465022536,1,1
0,0.21998956749078608,0,0
0,0.8195484591919621,1,1
0,0.14366076100649247,0,0
1,0.7020148367458539,1,1
0,0.49473711207346766,0,0
0,0.4458624586130017,0,0
1,0.7179298397729519,1,1
1,0.2712221117170423,0,0
0,0.25612318046123544,0,0
0,0.4271924831707992,0,0
1,0.7014404041998474,1,1
0,0.1127928702381357,0,0
0,0.17477300226996345,0,0
0,0.32669041316991887,0,0
0,0.16301437250930256,0,0
0,0.4865545646339724,0,0
0,0.1415207931422819,0,0
0,0.7560519622401253,1,1
1,0.8646505902382547,1,1
0,0.4205916931680909,0,0
0,0.8660688219780608,1,1
0,0.2698597123489767,0,0
0,0.26991490981141086,0,0
0,0.210677121444188,0,0
1,0.9437950991272746,1,1
0,0.23753207411769703,0,0
1,0.8964113598922717,1,1
1,0.5632607279369869,1,1
0,0.5331192578999879,1,1
0,0.5725584317431144,1,1
0,0.5753801768657876,1,1
1,0.8263830835794765,1,1
1,0.35500480863018374,0,0
0,0.7389445104359869,1,1
0,0.49911740083737227,0,0
1,0.798040689233685,1,1
0,0.727116765682184,1,1
0,0.19070139740122155,0,0
0,0.09063312157267388,0,0
1,0.6150009517303983,1,1
1,0.8149369558707774,1,1
0,0.16132847191629937,0,0
1,0.7417730145232319,1,1
1,0.532207181290163,1,1
0,0.5030857158184572,1,1
1,0.13498588283521773,0,0
1,0.7402434907623248,1,1
1,0.9012901601953388,1,1
0,0.09227598398811475,0,0
0,0.18459045772382301,0,0
1,0.3560410774885542,0,0
0,0.07332015856688663,0,0
0,0.24021923555549157,0,0
0,0.14274156841333652,0,0
0,0.7152817858440386,1,1
0,0.9510673888120725,1,1
0,0.8218649338818997,1,1
1,0.7268607954045562,1,1
0,0.11027159307427384,0,0
0,0.1709582313087478,0,0
0,0.09082042709319162,0,0
0,0.28705564088466334,0,0
1,0.3696751047963952,0,0
1,0.8394813432906043,1,1
0,0.36301023490624984,0,0
0,0.4007616517899268,0,0
1,0.936519106515914,1,1
1,0.8947713533022151,1,1
1,0.8546114176569242,1,1
1,0.882545706281415,1,1
0,0.5022238241029253,1,1
0,0.28480064172946457,0,0
0,0.1190731097456721,0,0
0,0.7442881307445904,1,1
0,0.13200107755288432,0,0
0,0.6133582944726591,1,1
0,0.4804586681136782,0,0
0,0.576253306903821,1,1
1,0.1691870955555743,0,0
0,0.1797874815757825,0,0
0,0.36494085143404104,0,0
0,0.43403700562278924,0,0
1,0.40869453698145225,0,0
0,0.1045184637946297,0,0
0,0.26473089796273935,0,0
1,0.5581529353616081,1,1
1,0.9464627493459168,1,1
0,0.45629248691443547,0,0
0,0.28025340266994103,0,0
0,0.18636163518577192,0,0
0,0.5865466123529302,1,1
1,0.7525471763252385,1,1
1,0.6024493891850018,1,1
1,0.8813176625825918,1,1
1,0.4359610979811926,0,0
0,0.3933495537355299,0,0
0,0.7722868875621823,1,1
0,0.7633174302858283,1,1
0,0.09641410798571692,0,0
0,0.3991456844824512,0,0
0,0.3742384708695083,0,0
0,0.3329272540550482,0,0
1,0.6290093793075389,1,1
0,0.07822206997774724,0,0
0,0.58167736371858,1,1
0,0.18710311729929757,0,0
0,0.5094358008907611,1,1
0,0.2753893199016343,0,0
0,0.34617289051115924,0,0
1,0.5196691807059576,1,1
1,0.42981143995191556,0,0
0,0.5167028273866056,1,1
0,0.24169433997049153,0,0
0,0.11291850639017692,0,0
0,0.4960502151799678,0,0
1,0.5537189300138893,1,1
0,0.5636015017146746,1,1
1,0.552091710304058,1,1
1,0.7372858188158833,1,1
0,0.20186478006167835,0,0
1,0.7798058897184321,1,1
1,0.659854081666209,1,1
0,0.41099453380564477,0,0
1,0.9017514637888655,1,1
1,0.899344623139695,1,1
0,0.5098027872248697,1,1
0,0.30796616016917927,0,0
1,0.3245731293059399,0,0
1,0.35985660450200835,0,0
1,0.12464691714548286,0,0
1,0.495857322367381,0,0
0,0.3388070020174717,0,0
0,0.7938797043045698,1,1
0,0.3997243219500963,0,0
0,0.7904433489653133,1,1
0,0.24326746715052136,0,0
0,0.213427935410523,0,0
0,0.3997559127792249,0,0
1,0.7288449077696363,1,1
1,0.8546564391522259,1,1
1,0.7032489233550969,1,1
0,0.6713454961141548,1,1
0,0.478765016595811,0,0
0,0.3988317432432942,0,0
0,0.47603898867561845,0,0
0,0.20811462195627892,0,0
0,0.3498805895856752,0,0
1,0.7084961641671469,1,1
0,0.18184742261307615,0,0
1,0.8800394233534552,1,1
1,0.9063587722699373,1,1
0,0.35076895445412654,0,0
1,0.7973702513308591,1,1
1,0.6597334982109044,1,1
1,0.8377808566557249,1,1
1,0.9239439303122188,1,1
0,0.14904825193761637,0,0
1,0.789899481047498,1,1
1,0.3097208730497241,0,0
0,0.15611206667353322,0,0
0,0.06863927521162896,0,0
0,0.13863374156001498,0,0
1,0.8713968824200691,1,1
0,0.10997055267474923,0,0
0,0.15730222202169805,0,0
0,0.24277122877873764,0,0
0,0.8760423008647137,1,1
1,0.2912046051295185,0,0
0,0.5705235850830667,1,1
0,0.7891165003957968,1,1
0,0.41875766878693255,0,0
0,0.8712286756453109,1,1
1,0.7708423663522797,1,1
1,0.7427138118826639,1,1
1,0.6262876038631485,1,1
0,0.3396763260074002,0,0
0,0.7670609940248658,1,1
0,0.5016607940053714,1,1
0,0.821613751811583,1,1
1,0.39556446920278987,0,0
0,0.7905321806582652,1,1
0,0.23357662816526778,0,0
1,0.792739352814105,1,1
0,0.07545002168480007,0,0
0,0.23081614235454553,0,0
0,0.5712328976262602,1,1
0,0.5629123439006668,1,1
1,0.8216591126126871,1,1
0,0.9003696551831677,1,1
0,0.8133655269563116,1,1
0,0.5404691287712312,1,1
0,0.2081808027962239,0,0
1,0.7187945491443956,1,1
0,0.2315647775390804,0,0
1,0.8080811275980074,1,1
0,0.3477005640815172,0,0
1,0.4921546533216499,0,0
0,0.5304665267429873,1,1
1,0.7423667451386223,1,1
0,0.1997971206074203,0,0
0,0.17764053747004577,0,0
0,0.09715478291950207,0,0
1,0.6753649884751113,1,1
0,0.6291784751341915,1,1
0,0.2081049245801918,0,0
0,0.4861898804583757,0,0
0,0.25550289036103274,0,0
0,0.6517302183600873,1,1
0,0.03321781951987649,0,0
0,0.5708789084298489,1,1
0,0.11240258811750833,0,0
1,0.3977832932789088,0,0
0,0.18060689009086925,0,0
1,0.5608364886590319,1,1
0,0.5147942311993764,1,1
0,0.10329422088274731,0,0
0,0.18051434664626753,0,0
1,0.6917202774808028,1,1
0,0.1412616111194487,0,0
0,0.5417354069592898,1,1
1,0.9207026466240112,1,1
1,0.9613248060962973,1,1
0,0.5453752600131885,1,1
0,0.07811497302459576,0,0
1,0.1227190580656333,0,0
0,0.21783257419086355,0,0
1,0.8783931381352964,1,1
1,0.8272023613000287,1,1
0,0.17208917826230774,0,0
0,0.16046023084784405,0,0
0,0.6675645082200593,1,1
1,0.35219252691352604,0,0
0,0.09802876702499162,0,0
0,0.47653095818988334,0,0
0,0.40651800394360016,0,0
0,0.4206419256547765,0,0
0,0.23331711394309204,0,0
0,0.117610071121235,0,0
1,0.8552299823111726,1,1
0,0.13615056468599593,0,0
0,0.11488258688187919,0,0
1,0.8824928686863492,1,1
0,0.7127097414440646,1,1
0,0.2502430982907859,0,0
0,0.4101552630361625,0,0
1,0.7490362466575914,1,1
0,0.602841826053683,1,1
1,0.7921513492678524,1,1
0,0.14578367829989522,0,0
0,0.6481831905866555,1,1
1,0.7348933275786799,1,1
0,0.34756462045987985,0,0
0,0.2764522790080919,0,0
0,0.49183889186637914,0,0
0,0.08875391073296468,0,0
0,0.6571436965614063,1,1
1,0.6730213655813911,1,1
1,0.8945242622367772,1,1
1,0.6579312940385063,1,1
0,0.24853850767155292,0,0
1,0.6572779538983715,1,1
0,0.9092795666631452,1,1
1,0.36065638584492987,0,0
0,0.17243594022649877,0,0
1,0.6088784579819173,1,1
0,0.40930104604766687,0,0
0,0.17144166833953592,0,0
1,0.7516069202801312,1,1
0,0.4031193687836273,0,0
1,0.7120892469655585,1,1
0,0.06338809024136279,0,0
0,0.10414253819082389,0,0
1,0.5173623000272292,1,1
0,0.18179751660296634,0,0
1,0.5057781018271299,1,1
0,0.2469201988966917,0,0
0,0.7007051496912484,1,1
1,0.8813811184332624,1,1
0,0.3176268723005401,0,0
1,0.631900790661412,1,1
0,0.23880460393646935,0,0
1,0.712155545063529,1,1
0,0.19808748227147593,0,0
1,0.7141079210412917,1,1
1,0.7670029508579675,1,1
1,0.4763013392826063,0,0
1,0.8937224146584684,1,1
1,0.7266290085720114,1,1
0,0.6193084716809513,1,1
1,0.8510400464713145,1,1
0,0.3913163142478897,0,0
1,0.8217986211551551,1,1
1,0.6459906739681939,1,1
1,0.37014332316352755,0,0
1,0.5890232888793367,1,1
1,0.1930513963721746,0,0
1,0.862809213624571,1,1
0,0.06606025959457781,0,0
0,0.18657998158002428,0,0
0,0.7418765274644359,1,1
0,0.3990440495489777,0,0
0,0.42716041836854485,0,0
0,0.2790456561029669,0,0
1,0.8096006319706286,1,1
0,0.4553864552516837,0,0
0,0.8417490495189122,1,1
1,0.5599432182516778,1,1
0,0.4971743487158069,0,0
0,0.40625411541787393,0,0
1,0.8266526010043291,1,1
0,0.3500876876894214,0,0
0,0.36308880061422644,0,0
1,0.6573443259714866,1,1
0,0.38873302903871165,0,0
0,0.3773635178472593,0,0
0,0.23073628055883663,0,0
1,0.9384344158224756,1,1
1,0.48307213994323117,0,0
0,0.546175737927592,1,1
0,0.46702641118362936,0,0
0,0.5705947848438603,1,1
0,0.5458939593085891,1,1
1,0.7004831494084268,1,1
1,0.61223499341617,1,1
0,0.16649452965306877,0,0
0,0.5633368306938561,1,1
0,0.4882028365472221,0,0
1,0.9659649118228623,1,1
1,0.5873156113055121,1,1
1,0.8807612605527478,1,1
0,0.4542946806466805,0,0
0,0.19164107087772375,0,0
0,0.6350121585636052,1,1
1,0.6020967569235928,1,1
0,0.7427182623366188,1,1
1,0.7178126822005719,1,1
1,0.8191760268218311,1,1
1,0.7304443243369136,1,1
1,0.8558149283742054,1,1
1,0.14254242530033806,0,0
1,0.8702584599034607,1,1
0,0.10286960260788691,0,0
1,0.47445507833536676,0,0
0,0.29715809010656075,0,0
1,0.8898360370839274,1,1
0,0.07633068837634104,0,0
0,0.11202130505359993,0,0
1,0.5360980144488974,1,1
0,0.5463553936224604,1,1
0,0.8480544538331183,1,1
0,0.4600359075284891,0,0
0,0.4582077654195037,0,0
0,0.11905110704251967,0,0
0,0.18996801615551206,0,0
0,0.2336597511593093,0,0
0,0.11547621676901289,0,0
1,0.9339220033536418,1,1
0,0.08877900965726808,0,0
0,0.09593566610775585,0,0
0,0.05416363511921718,0,0
1,0.9324734282030742,1,1
0,0.41655921238517907,0,0
1,0.9161755462687746,1,1
0,0.14467405428839222,0,0
1,0.5084545213042169,1,1
0,0.08651006542962117,0,0
0,0.8622752722115371,1,1
0,0.08670726396937471,0,0
1,0.9235525454135773,1,1
0,0.399884395365785,0,0
0,0.16446251098743137,0,0
0,0.12488321159097994,0,0
0,0.9112793500862465,1,1
0,0.24724983759841412,0,0
1,0.6811264327886146,1,1
0,0.26816048794163105,0,0
0,0.3498505096781001,0,0
1,0.489565547225597,0,0
0,0.5509818439076184,1,1
1,0.7227309645324305,1,1
0,0.262880057473091,0,0
0,0.2339848819421594,0,0
0,0.0523062057657527,0,0
1,0.8436716931387847,1,1
0,0.8545333629041413,1,1
0,0.12649990335245187,0,0
0,0.7345907777687269,1,1
0,0.3538723498539967,0,0
1,0.9105962178094966,1,1
0,0.21081129278033672,0,0
0,0.06161251837956809,0,0
1,0.8406988418492294,1,1
0,0.22887388104920783,0,0
1,0.7522581452295156,1,1
0,0.5372256730846451,1,1
0,0.349600481959766,0,0
0,0.23395556436680975,0,0
0,0.10146727411390426,0,0
0,0.12204112952578453,0,0
0,0.17521409324477918,0,0
0,0.5747411661049723,1,1
1,0.5618378392126837,1,1
0,0.5820599669096188,1,1
0,0.875942989717492,1,1
0,0.31275888506979954,0,0
1,0.9032454314122632,1,1
0,0.7110417487353407,1,1
0,0.16442751908603534,0,0
0,0.1197785468583283,0,0
0,0.13025236426694628,0,0
0,0.3932842156744229,0,0
0,0.5328345879504831,1,1
0,0.56112481181176,1,1
0,0.2463376125228352,0,0
1,0.8438902865908611,1,1
0,0.8170917715980287,1,1
0,0.45478978528488917,0,0
0,0.538120088529077,1,1
0,0.15475939370674577,0,0
1,0.7417599797813131,1,1
0,0.09926194317843262,0,0
0,0.8560342543293629,1,1
1,0.8781949122918465,1,1
0,0.48803291140326766,0,0
0,0.7140587287539354,1,1
0,0.2599884604000807,0,0
1,0.18456867605560098,0,0
1,0.1803033033470115,0,0
0,0.29023321758409254,0,0
1,0.4503706228350366,0,0
0,0.7264099859149867,1,1
0,0.5139757687816507,1,1
1,0.3449811878082981,0,0
0,0.10605270720614528,0,0
0,0.13699770324100677,0,0
0,0.41063191905213065,0,0
1,0.7815696435930889,1,1
0,0.5379927617144855,1,1
0,0.18344945262831006,0,0
1,0.1880678304245882,0,0
0,0.49814393989085526,0,0
1,0.39140953306143456,0,0
1,0.2504745824820569,0,0
0,0.11021401599844784,0,0
0,0.5224798289627904,1,1
0,0.11060921307396687,0,0
1,0.5475273131534039,1,1
0,0.37810983430838346,0,0
1,0.8353738867080058,1,1
0,0.40524077759160004,0,0
1,0.9042265414436781,1,1
0,0.25599293840456133,0,0
1,0.7908588309278434,1,1
1,0.9090928642634075,1,1
0,0.12381337303687659,0,0
0,0.565378414822112,1,1
0,0.3874250167943861,0,0
0,0.10081067127425875,0,0
0,0.20465821126652534,0,0
0,0.4738268445204805,0,0
0,0.20913925160859956,0,0
0,0.818125958274092,1,1
0,0.303625483187238,0,0
0,0.6852611740633031,1,1
0,0.06509727145721338,0,0
0,0.15438196777137053,0,0
1,0.585782101206826,1,1
1,0.568036974093614,1,1
1,0.8406589749782658,1,1
1,0.7068273999119694,1,1
0,0.2628720775110362,0,0
0,0.686939047160515,1,1
1,0.1392211755551889,0,0
1,0.6128869287666763,1,1
0,0.8626070983022542,1,1
0,0.3746190906621964,0,0
1,0.8734254934269813,1,1
0,0.0994651601649698,0,0
1,0.8754676180244915,1,1
0,0.21030337106703978,0,0
0,0.26328364824899325,0,0
0,0.07340654218756686,0,0
0,0.0646524605026159,0,0
1,0.8375354084974356,1,1
0,0.29136422629088804,0,0
0,0.8616023921230198,1,1
1,0.8355295748425396,1,1
0,0.18374549602884366,0,0
1,0.3771457085372456,0,0
0,0.23057205492393767,0,0
1,0.6195537512265156,1,1
0,0.13253839218787516,0,0
0,0.7656503430901868,1,1
0,0.0535835362036807,0,0
0,0.14636833054442083,0,0
0,0.7810111493496787,1,1
1,0.5460317286359697,1,1
1,0.7687437118900593,1,1
0,0.17442169539491895,0,0
0,0.09162869153611383,0,0
1,0.5757402586853528,1,1
0,0.2284110139853296,0,0
1,0.9202492154539306,1,1
0,0.11723388256620418,0,0
0,0.42667741638066453,0,0
1,0.5552397762736982,1,1
1,0.7562567029558043,1,1
0,0.33223384571898734,0,0
1,0.5966258994684849,1,1
0,0.5168931538185029,1,1
0,0.4878425604334348,0,0
1,0.8926548611214395,1,1
0,0.8948739261358537,1,1
0,0.152994420563322,0,0
0,0.16818345160078532,0,0
0,0.7118470733239862,1,1
1,0.542877629419884,1,1
1,0.8054951695579035,1,1
1,0.29155260082864753,0,0
0,0.49420307458190865,0,0
0,0.2470987802607755,0,0
0,0.4132437295503211,0,0
0,0.29271825098741056,0,0
0,0.34140367882377487,0,0
0,0.12316050912584477,0,0
0,0.176610582838981,0,0
0,0.3816285909024762,0,0
0,0.18582727176378636,0,0
0,0.310325973358318,0,0
0,0.15462388071004535,0,0
1,0.7072940487444829,1,1
0,0.5060946647499055,1,1
0,0.14381610262704586,0,0
1,0.7050227266101331,1,1
0,0.43966280875529784,0,0
0,0.7317930722254653,1,1
0,0.21882446840936243,0,0
0,0.5064963009494446,1,1
1,0.8955929102660297,1,1
0,0.2519430178842752,0,0
0,0.14985541712185202,0,0
0,0.3472893210375684,0,0
0,0.3082824035729493,0,0
1,0.8277744067855861,1,1
0,0.07760025508352843,0,0
1,0.6895714609724214,1,1
0,0.09442203391224545,0,0
0,0.6250337077160032,1,1
1,0.5316933366000389,1,1
1,0.8997895837144699,1,1
1,0.7066817275135919,1,1
0,0.6507664040495768,1,1
1,0.774292831276347,1,1
0,0.44148859964552173,0,0
0,0.4517415808373804,0,0
0,0.5061539578659489,1,1
0,0.5865555291998623,1,1
0,0.3988144057556782,0,0
1,0.6504901286690695,1,1
1,0.42106176635494313,0,0
0,0.20478938197214888,0,0
1,0.4629865159061706,0,0
1,0.8800894863951989,1,1
0,0.13775441549588605,0,0
0,0.14782151103086633,0,0
0,0.549526944645965,1,1
0,0.22479220628751928,0,0
0,0.24660442602685553,0,0
1,0.7805743094521246,1,1
0,0.4738459182442408,0,0
1,0.2791929031503732,0,0
0,0.6454927886101743,1,1
0,0.8096508915755443,1,1
0,0.7680270855245585,1,1
1,0.785057742161769,1,1
1,0.3488986352697041,0,0
0,0.2954859053303601,0,0
0,0.37666446243700435,0,0
0,0.5771800074547309,1,1
1,0.8813146125388215,1,1
0,0.2732869673797435,0,0
0,0.3752999447995053,0,0
0,0.8263615851670236,1,1
0,0.7003146827505503,1,1
0,0.2558349878824915,0,0
0,0.594561499289699,1,1
0,0.18142133571705935,0,0
1,0.553951260997542,1,1
0,0.7064779365748141,1,1
1,0.7910149322615875,1,1
0,0.22609885064626553,0,0
0,0.12416642089321529,0,0
0,0.6114652506222578,1,1
1,0.8785706231319729,1,1
0,0.1466458077185534,0,0
1,0.7232034896162576,1,1
1,0.9036337018751797,1,1
0,0.2540493513491736,0,0
1,0.2563763907530682,0,0
1,0.4392148166432028,0,0
0,0.7097946552519467,1,1
0,0.05519482481662144,0,0
0,0.7190741859225647,1,1
0,0.3168228766197551,0,0
0,0.20863621136378163,0,0
0,0.4247304622081459,0,0
1,0.8415020878453254,1,1
1,0.9170107988306649,1,1
1,0.6810824986854946,1,1
1,0.8073721265088297,1,1
0,0.3134258481651989,0,0
0,0.062065053361757314,0,0
0,0.11006721621707191,0,0
1,0.31660543357971216,0,0
0,0.6396316160073047,1,1
1,0.5049308339837455,1,1
0,0.5861924202784657,1,1
0,0.1424491195252037,0,0
1,0.6515590208936834,1,1
0,0.28049510742442474,0,0
0,0.2924110377454763,0,0
1,0.41043286948326746,0,0
0,0.19097090720504706,0,0
1,0.4884995423376431,0,0
0,0.1917583044312637,0,0
1,0.7895566825498741,1,1
1,0.22289144240476616,0,0
1,0.49076960113530915,0,0
1,0.534607442340687,1,1
0,0.268477758238868,0,0
0,0.16886600002618934,0,0
1,0.89384821367052,1,1
0,0.7197012198915986,1,1
1,0.33582615714917124,0,0
0,0.6492134889984976,1,1
1,0.9720867433675231,1,1
0,0.19976708964332282,0,0
0,0.3562236503985382,0,0
0,0.09533957150949533,0,0
0,0.1705829606524904,0,0
0,0.8488738745895602,1,1
0,0.3874007664679996,0,0
0,0.0940869084390615,0,0
0,0.4978565557217271,0,0
0,0.20515346236461965,0,0
0,0.318540512542348,0,0
1,0.9560275564853596,1,1
0,0.280470921435968,0,0
0,0.24585937899239702,0,0
0,0.5407794188947078,1,1
0,0.2156438950538637,0,0
1,0.8049307546268637,1,1
0,0.4188787370468188,0,0
0,0.9207124145090649,1,1
1,0.6021074256962993,1,1
0,0.28541926238947335,0,0
0,0.2580510714816505,0,0
1,0.8348975176399003,1,1
0,0.2997469351895015,0,0
1,0.37974851983677,0,0
0,0.23889973258326735,0,0
0,0.6358672076178925,1,1
0,0.13839307742103907,0,0
1,0.8715116691550808,1,1
1,0.7135687503818868,1,1
0,0.09636892415977974,0,0
1,0.20439890829655646,0,0
0,0.19189314322120743,0,0
0,0.15459432970779713,0,0
0,0.7408748884125081,1,1
1,0.6603113637723244,1,1
0,0.3893424099585655,0,0
0,0.7880168104918405,1,1
1,0.9226888213376654,1,1
0,0.35941437128514325,0,0
0,0.14756917295486038,0,0
0,0.34255034953177366,0,0
0,0.15518103046412254,0,0
1,0.5538650502336091,1,1
0,0.30159382804522217,0,0
0,0.8573521719666933,1,1
0,0.25944967016719,0,0
0,0.17919924423618938,0,0
0,0.19140920474208006,0,0
0,0.6405577906291079,1,1
1,0.5234809826218657,1,1
0,0.6005728093104715,1,1
1,0.5267775816269124,1,1
0,0.1196888222419247,0,0
0,0.860851752841085,1,1
1,0.6446056410447157,1,1
1,0.7934420746567273,1,1
0,0.06729361475943418,0,0
0,0.7631709226320879,1,1
1,0.7658266095967634,1,1
0,0.4028549027616237,0,0
0,0.3755348894689238,0,0
1,0.7313121571465037,1,1
1,0.5363782288464796,1,1
0,0.1399841126560466,0,0
0,0.22272258419950416,0,0
0,0.2713610332593972,0,0
0,0.5944968506394329,1,1
0,0.3671437517968104,0,0
0,0.4860532276238646,0,0
0,0.8990575124460704,1,1
0,0.20085636452897648,0,0
1,0.7928099863031285,1,1
0,0.6605390405225385,1,1
1,0.604210817504769,1,1
1,0.8031531591613505,1,1
0,0.667327331791807,1,1
0,0.5891319544461635,1,1
1,0.3274164066942806,0,0
1,0.5351583852114249,1,1
1,0.4620281078632344,0,0
1,0.8229890623689067,1,1
1,0.8578544994005006,1,1
0,0.6107682659108179,1,1
0,0.47172938402453224,0,0
0,0.039510091549074235,0,0
0,0.0982977074321941,0,0
0,0.43739394124318864,0,0
1,0.6236455926091771,1,1
1,0.5524702071437434,1,1
1,0.48747486423576003,0,0
0,0.1023792613036368,0,0
0,0.41062881869380535,0,0
0,0.2801249256447295,0,0
1,0.7283215908468753,1,1
0,0.8719913503253663,1,1
1,0.6199788336144486,1,1
1,0.3661343851518315,0,0
0,0.7405112980546463,1,1
1,0.8332481894847971,1,1
1,0.7892163262436793,1,1
0,0.1802426307868697,0,0
1,0.681029078421447,1,1
1,0.37702092368253437,0,0
1,0.7035292824310808,1,1
0,0.11526600647545762,0,0
1,0.809427120288246,1,1
0,0.492929182383631,0,0
0,0.6535785726312654,1,1
0,0.2487862469448804,0,0
0,0.2216197723456746,0,0
0,0.2483423768693953,0,0
0,0.20835070389268828,0,0
0,0.5442206129222481,1,1
0,0.10201824830353053,0,0
1,0.5651546803201831,1,1
1,0.23712043560233312,0,0
1,0.8521800231841387,1,1
0,0.1306817371772762,0,0
0,0.1644664137694201,0,0
0,0.2348350951347406,0,0
0,0.182495235193665,0,0
0,0.10631228624851068,0,0
0,0.03208928149470547,0,0
1,0.7571973003903032,1,1
0,0.8244328080800998,1,1
0,0.23657090904617623,0,0
1,0.6528938561930057,1,1
1,0.512813525486987,1,1
0,0.06455536350319549,0,0
0,0.6399445839693906,1,1
0,0.258773241769227,0,0
0,0.1335956107156144,0,0
0,0.3544282898586152,0,0
1,0.5066161589092119,1,1
1,0.24562147023009423,0,0
1,0.9500277976360937,1,1
1,0.6341021375920205,1,1
0,0.6332956028363227,1,1
0,0.4070397940913759,0,0
1,0.6752093225826905,1,1
0,0.22793839319315723,0,0
1,0.5568958758857504,1,1
1,0.7887651440877844,1,1
1,0.8104932872864472,1,1
0,0.37849733981508665,0,0
0,0.18142767025897383,0,0
0,0.8573335722935874,1,1
0,0.4717004160517126,0,0
1,0.7031696397594914,1,1
0,0.5825770086061587,1,1
0,0.23662336678374268,0,0
0,0.2972256769661176,0,0
1,0.8488163859778535,1,1
0,0.1479796469692943,0,0
0,0.09898530698408196,0,0
0,0.11707229309319389,0,0
0,0.15864946886213446,0,0
0,0.13383485486187768,0,0
0,0.4939569788869786,0,0
0,0.3272219001282736,0,0
0,0.41164109139522403,0,0
0,0.26326267726980457,0,0
0,0.1836747464502307,0,0
0,0.6191129924793509,1,1
0,0.7452094289954629,1,1
0,0.24967106576451215,0,0
1,0.6109135871806005,1,1
1,0.89412124322341,1,1
0,0.5188677844268018,1,1
0,0.6030669846280334,1,1
1,0.8899267854944712,1,1
0,0.8680268776024731,1,1
1,0.24905869472328257,0,0
1,0.7291307069780106,1,1
0,0.20758269843120164,0,0
1,0.6031222837409567,1,1
0,0.8246487523570774,1,1
1,0.7689660674333991,1,1
0,0.33147407702062864,0,0
0,0.1055020571644462,0,0
0,0.5597615745798579,1,1
0,0.42752986266345083,0,0
0,0.06554071873120385,0,0
0,0.8982555974843339,1,1
1,0.696286028712755,1,1
1,0.8154882807432883,1,1
1,0.5065893923457964,1,1
1,0.7200004934656538,1,1
1,0.6099884291571792,1,1
1,0.6965000870453798,1,1
0,0.295205473743141,0,0
0,0.762947960773508,1,1
0,0.15703570751110543,0,0
1,0.17159334552000424,0,0
1,0.5134598233407645,1,1
0,0.900885640746097,1,1
1,0.5887904831748273,1,1
1,0.8157173794552801,1,1
0,0.3206948776761338,0,0
1,0.8570554882872362,1,1
0,0.2404952539804993,0,0
1,0.7369722316955944,1,1
1,0.5351631943801772,1,1
0,0.6231870498537209,1,1
0,0.4128398506576204,0,0
0,0.10076172303545489,0,0
1,0.3854212158180535,0,0
1,0.46529404823063836,0,0
0,0.13437406765640467,0,0
0,0.5846549331976777,1,1
0,0.32832197784028794,0,0
0,0.22639175444303614,0,0
1,0.7656334574998106,1,1
0,0.1177106604305662,0,0
1,0.8034580884729279,1,1
1,0.3754487655254452,0,0
0,0.11737070662597467,0,0
1,0.13263811496247077,0,0
0,0.691325432865953,1,1
1,0.6612077967613855,1,1
1,0.6903102932609703,1,1
0,0.29857928345032625,0,0
1,0.7382722732403729,1,1
0,0.2927246410335093,0,0
0,0.42217184717952955,0,0
0,0.04899493572735748,0,0
0,0.5856993251520687,1,1
0,0.0636912457856528,0,0
1,0.16517726580104783,0,0
0,0.11762478448615628,0,0
0,0.22457175062012363,0,0
0,0.7243382739440647,1,1
0,0.5177569657017246,1,1
1,0.7204474896474363,1,1
1,0.9009750988763684,1,1
0,0.24800045546403207,0,0
0,0.30926065863312796,0,0
0,0.0845014650453971,0,0
1,0.5553321789551859,1,1
0,0.7023414339825772,1,1
1,0.5940246101785335,1,1
1,0.7867864969771236,1,1
0,0.15481735959692908,0,0
0,0.6820856748149893,1,1
0,0.6792489671206798,1,1
0,0.5943812191024356,1,1
0,0.6060302700817948,1,1
0,0.7902866916455898,1,1
0,0.4184563642370336,0,0
0,0.17146028175374384,0,0
0,0.43109931568705456,0,0
0,0.46017220880682674,0,0
1,0.5669582642938389,1,1
0,0.6825291550413823,1,1
1,0.7536771881497764,1,1
0,0.280161652925278,0,0
0,0.20271065814255554,0,0
1,0.6554862448713196,1,1
0,0.06866721501469546,0,0
1,0.8769444021400067,1,1
0,0.26751879434151316,0,0
0,0.320441766307086,0,0
0,0.4815192322428252,0,0
1,0.5836265658676391,1,1
1,0.2498647373586938,0,0
1,0.47634748338270116,0,0
0,0.48068958548626844,0,0
0,0.22685044806106033,0,0
1,0.4351270968022578,0,0
1,0.7613313718445445,1,1
0,0.39143957297029497,0,0
1,0.4369129763811639,0,0
1,0.746759331072114,1,1
0,0.6809984263779799,1,1
1,0.04015804847916936,0,0
0,0.603113074608944,1,1
1,0.6643329353166172,1,1
0,0.7696023742571971,1,1
1,0.8957828610680412,1,1
1,0.32162162585958176,0,0
0,0.5634315176978991,1,1
0,0.19341317553261117,0,0
0,0.4373497057097515,0,0
0,0.6345289813062419,1,1
0,0.7416017934692153,1,1
0,0.737781172570632,1,1
1,0.9070084379805073,1,1
1,0.6883613712440693,1,1
0,0.2705106211797198,0,0
0,0.029741320454610566,0,0
1,0.6605697984355138,1,1
1,0.752942494344288,1,1
0,0.5543010722924436,1,1
0,0.10194133464357864,0,0
0,0.23626163428375918,0,0
0,0.4329008289568573,0,0
1,0.7515268780946276,1,1
1,0.3754915791690589,0,0
1,0.9230434762903972,1,1
0,0.3207963249942834,0,0
1,0.4998477591601435,0,0
0,0.28777843164640304,0,0
0,0.19428350303666725,0,0
0,0.12093231374984016,0,0
0,0.5027663358167481,1,1
1,0.6635715485671304,1,1
0,0.340595982073846,0,0
0,0.372792233653811,0,0
0,0.1772697476210729,0,0
0,0.07409980182621125,0,0
0,0.09014693491767876,0,0
0,0.8133854169547912,1,1
0,0.6076086649496047,1,1
1,0.9039210728011677,1,1
0,0.3083157954480199,0,0
0,0.3838177979940793,0,0
1,0.15056709711466523,0,0
1,0.6466322259468624,1,1
0,0.28147499447029617,0,0
1,0.8092533845524039,1,1
1,0.47284464967195194,0,0
0,0.5669022662560093,1,1
0,0.8800874521825967,1,1
0,0.21871399991986182,0,0
0,0.1957884131036855,0,0
0,0.19091987973669086,0,0
1,0.71946808046686,1,1
0,0.11308821421080816,0,0
0,0.837877538677884,1,1
0,0.8855209060968606,1,1
0,0.36159761369942606,0,0
1,0.5445369552340692,1,1
0,0.18443008639562378,0,0
0,0.8508307684971343,1,1
1,0.7473807389834505,1,1
0,0.5197295262309031,1,1
0,0.0718706411124783,0,0
1,0.8850115870204984,1,1
0,0.5612646184407512,1,1
0,0.9233031774317666,1,1
0,0.7095726450931843,1,1
1,0.33660530108345027,0,0
1,0.6048967701254035,1,1
0,0.6965138107969476,1,1
0,0.401120095475808,0,0
1,0.7808600172394163,1,1
1,0.706109575327238,1,1
0,0.6414737197996048,1,1
0,0.9240758198518236,1,1
0,0.5800516824115733,1,1
0,0.2632585134044085,0,0
0,0.3369869664778867,0,0
0,0.1631767053868242,0,0
0,0.10100927698964066,0,0
0,0.8587459140450882,1,1
1,0.47892930132152994,0,0
1,0.31295741804695976,0,0
1,0.634581956058682,1,1
0,0.32336991453488106,0,0
0,0.3225770427928211,0,0
0,0.37768471037135465,0,0
0,0.6578147547898763,1,1
0,0.7989929698258068,1,1
0,0.11222852124351443,0,0
0,0.6774285893128372,1,1
0,0.15785484881866685,0,0
0,0.2464404747175931,0,0
0,0.4414747096062154,0,0
0,0.11957189925514955,0,0
0,0.20005940638420153,0,0
1,0.9139311789976515,1,1
0,0.12964344670911132,0,0
0,0.2642417299718013,0,0
0,0.32001679974175457,0,0
0,0.07954990358573955,0,0
1,0.40972803832234805,0,0
0,0.30199865038849566,0,0
1,0.9079228619016304,1,1
1,0.45904960309014964,0,0
1,0.8220904842806503,1,1
0,0.7488664667839238,1,1
1,0.8399326477694247,1,1
0,0.10615504288484945,0,0
0,0.35850717611773386,0,0
0,0.058102586056952066,0,0
0,0.43645273702744886,0,0
1,0.7599611969417973,1,1
0,0.6066378761941539,1,1
0,0.07654791427098938,0,0
0,0.5288729850483178,1,1
1,0.4265460834695231,0,0
1,0.9386833536996844,1,1
1,0.45940167193825376,0,0
0,0.07851869631763521,0,0
0,0.3586714294945007,0,0
0,0.8331853130442488,1,1
0,0.1527235726368641,0,0
0,0.6711630170389051,1,1
0,0.45487499833644424,0,0
0,0.32962136354040045,0,0
0,0.09447380234099008,0,0
0,0.5548471974241599,1,1
0,0.21265768556983158,0,0
0,0.6740187500780941,1,1
0,0.1896028957173978,0,0
0,0.16415283953765647,0,0
0,0.4136496491878919,0,0
0,0.5831807862500105,1,1
0,0.38133331283273597,0,0
0,0.3036438397365997,0,0
0,0.5332983262802878,1,1
0,0.06330843212528196,0,0
0,0.20727685469141716,0,0
0,0.8743612501725276,1,1
1,0.7852849675091459,1,1
1,0.9318975817034401,1,1
0,0.06844588895879387,0,0
1,0.858573814870463,1,1
0,0.5145400969867501,1,1
0,0.3274910995288142,0,0
0,0.2829149838273527,0,0
0,0.26172211100743586,0,0
1,0.8881796695474261,1,1
0,0.4937653479956622,0,0
0,0.48266823347921844,0,0
0,0.152517745926736,0,0
0,0.6587744822716336,1,1
0,0.4067644862528641,0,0
0,0.2606300442933066,0,0
0,0.2146203305659978,0,0
0,0.5646306068515143,1,1
1,0.7281705848851839,1,1
1,0.8964956881877328,1,1
0,0.18053666528232812,0,0
1,0.4570829826771134,0,0
0,0.4385450595379891,0,0
1,0.7185308312127432,1,1
0,0.4187207574107044,0,0
0,0.5102530204417236,1,1
0,0.4761202632132454,0,0
0,0.6792446602285085,1,1
0,0.23725772722013452,0,0
0,0.26326096076981953,0,0
1,0.3823633567754338,0,0
1,0.6895314479141779,1,1
0,0.06812019968008029,0,0
1,0.7384049852091145,1,1
0,0.49785085602053714,0,0
1,0.3867757970479593,0,0
0,0.10404496335189925,0,0
0,0.5570384855470287,1,1
0,0.1478031674462831,0,0
0,0.6377036859437307,1,1
0,0.17470607287995216,0,0
0,0.8039688005930106,1,1
0,0.7004193083860561,1,1
1,0.9205281941104465,1,1
1,0.841444252800695,1,1
0,0.799941630334817,1,1
1,0.7847000423973378,1,1
0,0.10967403282215525,0,0
0,0.30835199991039747,0,0
0,0.8476795141571497,1,1
0,0.15220306104791168,0,0
1,0.30227993897215677,0,0
0,0.8312489974181746,1,1
0,0.57458335391223,1,1
0,0.3880100632677931,0,0
0,0.8536842090516082,1,1
0,0.06704648754884593,0,0
1,0.7345864471798618,1,1
0,0.34282510138686506,0,0
1,0.8417370127457919,1,1
1,0.8363060385506064,1,1
1,0.5505138491249191,1,1
1,0.6851143728840791,1,1
0,0.16393589728737024,0,0
0,0.42590907069322403,0,0
0,0.6089101450385017,1,1
0,0.671911118277985,1,1
0,0.44155425130230663,0,0
0,0.2966977330353019,0,0
1,0.7815064037013576,1,1
0,0.08126139002438197,0,0
1,0.7769855975564574,1,1
0,0.34037232444935733,0,0
0,0.7727366387612299,1,1
1,0.27619690653934315,0,0
0,0.18634161733085713,0,0
1,0.9416542147545153,1,1
0,0.3509045901728799,0,0
0,0.18716879929756963,0,0
0,0.35299424207339936,0,0
0,0.19332285283133008,0,0
0,0.18493626802970073,0,0
0,0.45969777557050445,0,0
0,0.8172886719632969,1,1
0,0.6203558869834225,1,1
0,0.4835585234136928,0,0
1,0.7643494312902936,1,1
0,0.28471419353464456,0,0
0,0.17548643218694512,0,0
0,0.903068089793267,1,1
0,0.15263702063703802,0,0
0,0.48672020159228846,0,0
0,0.27318415486704567,0,0
0,0.339818909339184,0,0
1,0.5799146114461823,1,1
0,0.15138756426422154,0,0
0,0.2154136233690527,0,0
1,0.70955918764913,1,1
0,0.4637510029305779,0,0
0,0.8964867980055963,1,1
1,0.4134284420825013,0,0
0,0.17052828450501886,0,0
0,0.03465091482809996,0,0
0,0.7588641902691327,1,1
0,0.6106728932485406,1,1
0,0.25790224091036623,0,0
1,0.7534641842919638,1,1
0,0.4028989532863181,0,0
0,0.17062372677142326,0,0
0,0.4078925115018901,0,0
1,0.7100299535504345,1,1
1,0.9291888336253873,1,1
0,0.24373277795774304,0,0
0,0.10990048458055579,0,0
1,0.5209659922753724,1,1
0,0.3145577915632303,0,0
0,0.12439141640778431,0,0
0,0.7454211904752148,1,1
0,0.3172427263376095,0,0
0,0.19050897108966952,0,0
0,0.2879507852065952,0,0
0,0.45627681108325335,0,0
0,0.28121706437301036,0,0
0,0.48496881193904856,0,0
0,0.6037465498907272,1,1
0,0.17206540052635672,0,0
0,0.5248307524904288,1,1
0,0.11577640249535338,0,0
1,0.8149548030219133,1,1
0,0.14573441477911087,0,0
0,0.9589635757325896,1,1
0,0.7803142149580707,1,1
0,0.8988815893879725,1,1
1,0.07332407675682064,0,0
0,0.2636876116380776,0,0
0,0.649744230554187,1,1
0,0.225707837920291,0,0
1,0.8802536098330337,1,1
0,0.10663164890236293,0,0
0,0.2954038123664851,0,0
0,0.3925709623117497,0,0
0,0.24713055895266,0,0
1,0.8251115349789604,1,1
0,0.1825195383979025,0,0
1,0.6596600540016871,1,1
0,0.20080967554080612,0,0
1,0.7675927256972366,1,1
0,0.20259443993448373,0,0
0,0.44556686413799657,0,0
0,0.7937185197698576,1,1
0,0.742375156232825,1,1
1,0.7168640068687255,1,1
0,0.6357368786616518,1,1
0,0.7983411650224774,1,1
0,0.7199439344409566,1,1
0,0.4453892190382923,0,0
1,0.538755426183553,1,1
0,0.8288407716235804,1,1
0,0.6950418839601534,1,1
0,0.1835676766418297,0,0
1,0.4543334209894106,0,0
0,0.11150659909762947,0,0
0,0.6830582546243514,1,1
0,0.707578088960518,1,1
0,0.25451474042772393,0,0
1,0.4333674034982745,0,0
1,0.743928790826735,1,1
1,0.8927361708975552,1,1
0,0.42471878438607497,0,0
0,0.14341293869712637,0,0
0,0.3532341397621542,0,0
1,0.6820115804969131,1,1
1,0.728565492425231,1,1
0,0.5919057587342668,1,1
1,0.7218847346878065,1,1
0,0.50832356858654,1,1
0,0.5125859018683275,1,1
0,0.489304077410141,0,0
1,0.8548000709176952,1,1
0,0.13058443174378317,0,0
0,0.7855537119319771,1,1
0,0.5692257135601079,1,1
0,0.3295790177646384,0,0
1,0.8359026605372152,1,1
0,0.44139928768631825,0,0
0,0.921220600656504,1,1
0,0.7330862073258104,1,1
1,0.8343481905268095,1,1
0,0.2679023085164217,0,0
1,0.929116403740516,1,1
0,0.7512350936196565,1,1
0,0.18589664449545878,0,0
0,0.22568020721530585,0,0
0,0.5418145366528084,1,1
0,0.21631260112586978,0,0
1,0.9704102480971868,1,1
1,0.6296762328327301,1,1
1,0.9575932872269083,1,1
1,0.46311837931141325,0,0
0,0.11344413021625095,0,0
1,0.7824227060743211,1,1
0,0.18547511891739873,0,0
1,0.8927445200781218,1,1
1,0.7386404957243972,1,1
1,0.8497501581262961,1,1
1,0.9338135735764096,1,1
1,0.8926478087720393,1,1
1,0.5203431808176666,1,1
0,0.20173371080493482,0,0
1,0.6841617474414581,1,1
0,0.702534540616439,1,1
1,0.5447359578524036,1,1
1,0.7824601247883106,1,1
1,0.8037040602412733,1,1
0,0.8953844554294343,1,1
0,0.6407491215371114,1,1
0,0.59608486204599,1,1
0,0.11099197323674258,0,0
0,0.2169959272838587,0,0
1,0.8251925054066115,1,1
1,0.6011785137336814,1,1
0,0.23222432507550725,0,0
0,0.30957679003123056,0,0
0,0.46704097685813106,0,0
0,0.2786441504500472,0,0
0,0.2904548384802067,0,0
0,0.7837557618724522,1,1
1,0.47179217289239345,0,0
0,0.08266861802840911,0,0
1,0.9246245183889763,1,1
0,0.13914013710353088,0,0
0,0.6613421486185586,1,1
1,0.45655288383697806,0,0
0,0.507858192637408,1,1
0,0.4420502677476481,0,0
1,0.8367978411476008,1,1
0,0.2505245036415333,0,0
1,0.923104858144134,1,1
1,0.3614017483054611,0,0
0,0.4313072235885756,0,0
0,0.39651962502049104,0,0
0,0.6941467246484603,1,1
0,0.26908571961185934,0,0
0,0.39825156514810295,0,0
0,0.14084682218622296,0,0
0,0.11747301553124967,0,0
1,0.7041101856381929,1,1
1,0.7308826563941813,1,1
0,0.8753936192549955,1,1
0,0.7433166475069234,1,1
1,0.6518215752967577,1,1
0,0.1360330665064813,0,0
0,0.6778753249398022,1,1
1,0.15705130032863915,0,0
0,0.3924773327715306,0,0
0,0.6776456502448538,1,1
0,0.12628444217419893,0,0
0,0.11277448450404048,0,0
0,0.2832981851236016,0,0
0,0.20267146906138903,0,0
0,0.2754988087534937,0,0
1,0.8221555600579153,1,1
0,0.46409384418057203,0,0
1,0.8411211105135831,1,1
0,0.23067084223540937,0,0
1,0.8282429166311301,1,1
1,0.6719958440745483,1,1
1,0.15210632645915934,0,0
0,0.14419334097629233,0,0
0,0.18205328684148592,0,0
0,0.2710991398826364,0,0
0,0.32743049842270017,0,0
1,0.3130081476469745,0,0
1,0.3688436063054117,0,0
0,0.8737441813945787,1,1
1,0.514224819712868,1,1
0,0.23096249921849885,0,0
0,0.41368374592380286,0,0
1,0.8028753710067336,1,1
1,0.7035527381996433,1,1
0,0.3248890015221732,0,0
0,0.25850361396507054,0,0
0,0.2906241648585052,0,0
1,0.7763020482958795,1,1
1,0.8989672453022428,1,1
1,0.7544710622253376,1,1
0,0.6317303473329552,1,1
0,0.4544943016135577,0,0
0,0.4714610910572049,0,0
0,0.7792363318700543,1,1
1,0.5885856658231068,1,1
0,0.0714885949454682,0,0
0,0.4210767772910783,0,0
1,0.5468096336548739,1,1
0,0.5418070451332864,1,1
1,0.8134054196491518,1,1
0,0.215729963874835,0,0
0,0.7842063116926,1,1
1,0.366356325192523,0,0
1,0.08776492984632586,0,0
0,0.3876266194497732,0,0
1,0.2706459028217386,0,0
1,0.8128437942848323,1,1
0,0.07636857289749338,0,0
0,0.13543180812966468,0,0
0,0.1304653792486368,0,0
1,0.4857712652782718,0,0
0,0.30368248808228615,0,0
0,0.32929814256622486,0,0
1,0.8345691620244293,1,1
0,0.3470911555142793,0,0
0,0.13901409242368917,0,0
0,0.8597168346316201,1,1
0,0.49707876336148754,0,0
1,0.5751450985683699,1,1
1,0.7991647600725562,1,1
1,0.6681770532980148,1,1
1,0.3171885958653811,0,0
0,0.7157187921902033,1,1
0,0.27231429095403903,0,0
0,0.6400585435677759,1,1
0,0.6008803035674124,1,1
1,0.5289361746496252,1,1
0,0.393559484390705,0,0
1,0.8894609515120513,1,1
1,0.9030799776697483,1,1
1,0.6934585454751456,1,1
1,0.5994717886190603,1,1
1,0.41494277456944206,0,0
1,0.7005116990791604,1,1
1,0.9081315849241797,1,1
0,0.4774153068965222,0,0
0,0.17044425123363083,0,0
1,0.35725659755835887,0,0
1,0.8421391764108626,1,1
1,0.4353256071288352,0,0
0,0.10428791136026257,0,0
0,0.3856758672228363,0,0
0,0.785112691421752,1,1
0,0.13469137533244993,0,0
1,0.8703060949020166,1,1
1,0.9524726369712804,1,1
0,0.3226580864560477,0,0
0,0.15303953642670487,0,0
1,0.5185112398153973,1,1
0,0.11552375515874706,0,0
0,0.17971576300141873,0,0
0,0.2755884123669003,0,0
0,0.6275285869252671,1,1
1,0.6130891420852409,1,1
0,0.11392636438206516,0,0
1,0.9692334050717794,1,1
0,0.8200616659911665,1,1
1,0.49334732349681676,0,0
1,0.18115517164104145,0,0
0,0.29336297548268914,0,0
1,0.2938778026711812,0,0
0,0.489225497982445,0,0
1,0.7182592024240617,1,1
0,0.8037334960587346,1,1
1,0.8662286217699344,1,1
0,0.31530310320840443,0,0
1,0.45514348313970615,0,0
1,0.23951328830248783,0,0
0,0.06359372377156787,0,0
1,0.7642135557731675,1,1
0,0.4102170851122294,0,0
0,0.651142255036487,1,1
1,0.347548596721749,0,0
0,0.44391191973204835,0,0
0,0.2603655349284246,0,0
0,0.2243648983039851,0,0
0,0.3681192332407102,0,0
0,0.48065032804243146,0,0
1,0.6487723334478774,1,1
1,0.32566445375844,0,0
0,0.17755781997567838,0,0
0,0.8387896874002443,1,1
1,0.7759381251126019,1,1
0,0.20076764652899848,0,0
0,0.250629147709263,0,0
1,0.4682016013494181,0,0
1,0.28372636615925456,0,0
0,0.29542716538663627,0,0
0,0.5121516066636962,1,1
0,0.11716407810535073,0,0
1,0.92419075605787,1,1
0,0.45711480636456925,0,0
0,0.2096012202087448,0,0
0,0.6421607571230161,1,1
1,0.8653211973808687,1,1
1,0.8515642144278943,1,1
1,0.5734765066419835,1,1
0,0.37631039795545496,0,0
1,0.8167567628372095,1,1
1,0.9025674391212115,1,1
1,0.6021807416943759,1,1
1,0.6497205493836836,1,1
1,0.8343203177569699,1,1
0,0.5156085210763273,1,1
0,0.09815337626734101,0,0
1,0.8916072911889354,1,1
1,0.755463030654763,1,1
0,0.11076649119063606,0,0
0,0.19132957703292,0,0
0,0.09303857904062608,0,0
0,0.07627640965008743,0,0
0,0.38722757149483994,0,0
1,0.769424870857077,1,1
1,0.8194369752562171,1,1
0,0.5513978678054783,1,1
0,0.0995046930406055,0,0
0,0.11167336873791364,0,0
1,0.8834931896758664,1,1
0,0.30523128889333745,0,0
0,0.45505176664124863,0,0
0,0.2625539115010466,0,0
0,0.21494963040199067,0,0
0,0.21943751360614414,0,0
1,0.7951494637358936,1,1
0,0.5183249286101085,1,1
0,0.7794610840272804,1,1
0,0.10800484645844725,0,0
0,0.2292784335392499,0,0
0,0.24649123355138133,0,0
0,0.48946860094225697,0,0
0,0.28002942966990013,0,0
0,0.46532491849200774,0,0
0,0.07796303818779386,0,0
1,0.5180142946283671,1,1
1,0.8198810410692612,1,1
0,0.4498491804204333,0,0
0,0.1375362909671537,0,0
0,0.06959591678651242,0,0
0,0.411513310548536,0,0
0,0.1419706635260683,0,0
0,0.17038880249261548,0,0
1,0.45020747534841266,0,0
0,0.5305873847174275,1,1
0,0.21445548951611249,0,0
0,0.2566973839508321,0,0
1,0.3539734177742984,0,0
0,0.19376526312351983,0,0
1,0.565157792434715,1,1
1,0.24365854874622908,0,0
0,0.1704913350017682,0,0
1,0.804692631793086,1,1
1,0.7730192108415469,1,1
1,0.17544764906380061,0,0
0,0.11296054547692416,0,0
0,0.1512999190029512,0,0
0,0.20062134671103404,0,0
0,0.6428023511983773,1,1
0,0.12925336688353103,0,0
0,0.20565699396825612,0,0
1,0.3078477223434983,0,0
0,0.19673636766289931,0,0
0,0.9075762599855027,1,1
1,0.9500889840635792,1,1
1,0.8049718068076017,1,1
1,0.6220792229355736,1,1
1,0.8548666741071619,1,1
1,0.9034226728478172,1,1
0,0.09672463895371139,0,0
0,0.1460041954144917,0,0
0,0.5458549004724467,1,1
1,0.7539487379928791,1,1
0,0.6479143903475124,1,1
0,0.16079845084662667,0,0
0,0.45559877015698963,0,0
0,0.5214083877069031,1,1
0,0.4131242819911761,0,0
1,0.8660451648879526,1,1
0,0.15935464443212502,0,0
0,0.4747771528815715,0,0
0,0.17313233299548358,0,0
0,0.5056688403173761,1,1
0,0.4060342182839603,0,0
0,0.6057955138110644,1,1
0,0.36607835162639946,0,0
1,0.782587453532435,1,1
0,0.3476241443560615,0,0
1,0.4408473034521656,0,0
0,0.6324753212518698,1,1
1,0.8729515085010087,1,1
1,0.6783014038207312,1,1
0,0.22332921228908684,0,0
0,0.17728856651440628,0,0
0,0.4490358125008683,0,0
1,0.8188210402905132,1,1
0,0.7464983601309888,1,1
0,0.5145199566870677,1,1
0,0.8906639444085456,1,1
0,0.12820273636669408,0,0
0,0.2901832213150566,0,0
0,0.3982732259058963,0,0
0,0.3963977565803625,0,0
0,0.4960702264562078,0,0
1,0.8017984711560442,1,1
1,0.10641472858708244,0,0
1,0.8322232083201166,1,1
0,0.715906251370357,1,1
0,0.24477345708675316,0,0
0,0.18335589247651296,0,0
1,0.5941797315449338,1,1
0,0.123835186351914,0,0
1,0.4863888745113505,0,0
1,0.8733155289980034,1,1
0,0.6466451647816265,1,1
1,0.2817107735955759,0,0
1,0.77424983167422,1,1
1,0.29553001783409566,0,0
1,0.760269153701814,1,1
1,0.5038977540621177,1,1
0,0.10051941698624459,0,0
1,0.9138753240823235,1,1
1,0.5433423208917435,1,1
1,0.1644527532470676,0,0
1,0.3747770674609341,0,0
1,0.5882166261982303,1,1
0,0.621359764473921,1,1
1,0.45820458679643655,0,0
0,0.17873123919851538,0,0
0,0.1320144786209433,0,0
1,0.8351533203367069,1,1
1,0.608726725506367,1,1
0,0.19830183755731484,0,0
1,0.7737585523207516,1,1
0,0.11235851822365236,0,0
0,0.8055417604432852,1,1
0,0.2301027557436056,0,0
1,0.9171061574591736,1,1
0,0.3525213567872971,0,0
0,0.6105287354866958,1,1
0,0.3456964515510182,0,0
0,0.29096902680526515,0,0
1,0.749973922110911,1,1
1,0.7337294176667928,1,1
0,0.697123156419145,1,1
0,0.6335214115114433,1,1
1,0.45188073405058016,0,0
0,0.07246054164964078,0,0
0,0.12678219096269666,0,0
1,0.35439247632527165,0,0
0,0.666242945999227,1,1
0,0.1092231330026271,0,0
1,0.6287871874218665,1,1
0,0.5394132601353301,1,1
0,0.4214951075117279,0,0
0,0.16665820779005547,0,0
0,0.5825444255971216,1,1
0,0.14845501625888582,0,0
0,0.319910626868894,0,0
0,0.3835694500304669,0,0
0,0.39249889231690555,0,0
0,0.34170885329965145,0,0
1,0.6833944135041389,1,1
0,0.08446289933381479,0,0
1,0.7488497881414502,1,1
0,0.10278406990339607,0,0
1,0.6566436294004779,1,1
0,0.6290192420697479,1,1
0,0.20295120540207864,0,0
1,0.8384605766989677,1,1
1,0.4700052342184437,0,0
0,0.22223159028228454,0,0
0,0.23987684782778165,0,0
1,0.5372860837209218,1,1
1,0.8981001551260388,1,1
1,0.8488702096124401,1,1
0,0.5618358540202782,1,1
1,0.3830533557292856,0,0
0,0.35100662793583653,0,0
1,0.5284424262093923,1,1
0,0.2751808547731756,0,0
0,0.14747367321690402,0,0
1,0.7486950856284225,1,1
0,0.09944047739621954,0,0
0,0.09091930319571534,0,0
0,0.5525142298806451,1,1
1,0.7025335205361006,1,1
0,0.10352332107858142,0,0
0,0.4346686449319816,0,0
0,0.28153991047778565,0,0
0,0.10680256134775977,0,0
0,0.9219041819608759,1,1
0,0.2734315881287958,0,0
0,0.174644316150944,0,0
0,0.28721229518159286,0,0
1,0.9157322709610496,1,1
0,0.3859407718245788,0,0
1,0.8574320114365681,1,1
0,0.39188436340516675,0,0
0,0.07311548924545566,0,0
0,0.448505091708504,0,0
0,0.5693259276542012,1,1
0,0.0495493425209677,0,0
0,0.7598272892444978,1,1
0,0.20774983376516223,0,0
1,0.5738608652370796,1,1
0,0.20768737857778014,0,0
0,0.2218784919767309,0,0
0,0.5145496457469303,1,1
1,0.2437735734418799,0,0
0,0.7975766607092645,1,1
1,0.22070943799229856,0,0
0,0.38280452043616175,0,0
0,0.28782270269493204,0,0
0,0.39825147150032825,0,0
1,0.7344588741207421,1,1
0,0.32836866933953407,0,0
0,0.3919335821950843,0,0
1,0.6714159641564202,1,1
0,0.4612856718311139,0,0
0,0.6504729764870998,1,1
0,0.47281562255354403,0,0
1,0.8148575306162577,1,1
1,0.8275038834164377,1,1
1,0.9020816242897113,1,1
0,0.4112831758022824,0,0
1,0.2444845489919722,0,0
1,0.8678475936120359,1,1
0,0.23877134684665763,0,0
0,0.33159614903861523,0,0
1,0.8523603091984782,1,1
0,0.4965662211586704,0,0
1,0.9127140607288508,1,1
1,0.877855893508557,1,1
0,0.32868556232227264,0,0
1,0.48628931113120416,0,0
0,0.3409875301519867,0,0
0,0.5082216735345597,1,1
0,0.30020935714624775,0,0
1,0.7507590793186164,1,1
0,0.33339014566139935,0,0
1,0.6348469552675385,1,1
0,0.14784306876767658,0,0
1,0.7836670810940669,1,1
1,0.9259601542070277,1,1
0,0.46509634447117115,0,0
1,0.7854291477156912,1,1
0,0.5348409161695079,1,1
1,0.8121002738659887,1,1
1,0.29763052271576346,0,0
1,0.762301686848966,1,1
1,0.5710871669748661,1,1
0,0.22738734055483642,0,0
0,0.5228385608966675,1,1
0,0.6016224955053842,1,1
0,0.9298291627430804,1,1
0,0.4482175214127926,0,0
0,0.17503617738696575,0,0
0,0.13533134632239996,0,0
1,0.8665997475815832,1,1
0,0.8769708369309892,1,1
1,0.7456089512909385,1,1
1,0.5831789419249319,1,1
1,0.686512557487862,1,1
0,0.18122007959252473,0,0
1,0.41626188121036434,0,0
1,0.8319558808135701,1,1
1,0.7359709707942693,1,1
0,0.6357249385356512,1,1
0,0.13543180812966468,0,0
1,0.45473674308607115,0,0
0,0.38614495945998056,0,0
0,0.601064406968375,1,1
0,0.09554643823348753,0,0
1,0.8378543789069798,1,1
0,0.701480845485721,1,1
1,0.36904798867258354,0,0
1,0.7163557569797355,1,1
0,0.7950681874148934,1,1
0,0.6837829182164655,1,1
0,0.08511167760850821,0,0
0,0.04251635436305536,0,0
1,0.18533567399877304,0,0
1,0.40246396382502403,0,0
0,0.32480100537177975,0,0
1,0.4952978336871555,0,0
0,0.44360014032632245,0,0
0,0.6248490603070144,1,1
0,0.5692826547897861,1,1
0,0.31733538100413283,0,0
0,0.39228880863431775,0,0
0,0.6821001859538944,1,1
0,0.4245545601195377,0,0
0,0.28527359409950975,0,0
0,0.188645516835713,0,0
0,0.2101347790191742,0,0
0,0.1864254791434556,0,0
0,0.17465859027014574,0,0
0,0.3274453407642236,0,0
1,0.7898897259250834,1,1
0,0.6977664502951384,1,1
1,0.845973373479433,1,1
0,0.16317593407891215,0,0
0,0.7080014320506348,1,1
0,0.2852985522466266,0,0
0,0.6325354486997212,1,1
0,0.4806013527273775,0,0
1,0.8091316389947937,1,1
0,0.8341738707021366,1,1
1,0.6821733211157536,1,1
1,0.7970016389681894,1,1
0,0.5042435660703155,1,1
1,0.9266011588105704,1,1
1,0.26931418099609833,0,0
0,0.24585219727886312,0,0
0,0.07733921323018758,0,0
1,0.6456658195828121,1,1
1,0.7248042218129233,1,1
0,0.43399520815528136,0,0
0,0.3384847791241555,0,0
0,0.3446717023312765,0,0
0,0.21843512691822473,0,0
1,0.8944868469475217,1,1
0,0.3769641206809634,0,0
0,0.11763954834577896,0,0
1,0.7508773524272576,1,1
1,0.439494829505846,0,0
0,0.23593400736542938,0,0
0,0.5544925669777172,1,1
1,0.8353611551057839,1,1
0,0.8994811077164233,1,1
1,0.9523367758699817,1,1
0,0.20113768478879268,0,0
1,0.925012276594122,1,1
0,0.1306760934495699,0,0
0,0.26237184229969407,0,0
1,0.6435071810500615,1,1
1,0.7626678098341354,1,1
0,0.18708829485818876,0,0
0,0.2245004483238595,0,0
0,0.3632953131963827,0,0
1,0.7991872262710092,1,1
0,0.5194494647979386,1,1
0,0.07803933790508945,0,0
1,0.8472332713848281,1,1
0,0.1741038928942385,0,0
0,0.40898641875913005,0,0
1,0.49878507730369254,0,0
0,0.23456989897224192,0,0
0,0.06340633975653465,0,0
0,0.07850701335426373,0,0
0,0.4127831145216605,0,0
0,0.18964633201244777,0,0
1,0.8313171486802392,1,1
0,0.5089066688432724,1,1
0,0.39590226490395847,0,0
0,0.3620465619497191,0,0
0,0.2576538767846351,0,0
0,0.06307869004939388,0,0
1,0.6525140700865287,1,1
0,0.11355748774320526,0,0
0,0.1889247837257484,0,0
0,0.15524218333479,0,0
0,0.15165954031644271,0,0
1,0.8185380645317483,1,1
0,0.4189951065739565,0,0
0,0.2573535824341872,0,0
1,0.7078459643158834,1,1
0,0.3981152586618375,0,0
0,0.3047839066645,0,0
0,0.27913201955651507,0,0
1,0.8119887338726066,1,1
1,0.9052953412985417,1,1
0,0.18911928591513252,0,0
1,0.34800016444134796,0,0
1,0.8976260817661463,1,1
1,0.876931153064819,1,1
0,0.20135872581233732,0,0
1,0.3237576399991591,0,0
0,0.5330620803319265,1,1
0,0.6413634719970316,1,1
0,0.07599284148483917,0,0
1,0.751724605921755,1,1
0,0.3252537196737493,0,0
1,0.7099774268792357,1,1
0,0.21327699744327702,0,0
0,0.08891758927838042,0,0
0,0.41051353448673805,0,0
0,0.1720151121323926,0,0
0,0.6272145370985797,1,1
0,0.3019666066733472,0,0
1,0.8052783148614722,1,1
0,0.6426883901314263,1,1
1,0.35587848831347996,0,0
1,0.832532532791792,1,1
1,0.802394128824647,1,1
0,0.3285321684940311,0,0
0,0.3261214935682664,0,0
0,0.40269329000075454,0,0
0,0.585207496610376,1,1
0,0.6830866388529524,1,1
1,0.19335468382174822,0,0
1,0.8458099178755899,1,1
1,0.51380575201195,1,1
1,0.34838526324854385,0,0
0,0.06985378866342389,0,0
0,0.41765515550785365,0,0
0,0.2364828708722381,0,0
1,0.7943228050970939,1,1
0,0.16206051472311295,0,0
0,0.43094211498797513,0,0
0,0.163178285618029,0,0
0,0.42247687903279696,0,0
1,0.9217538986944854,1,1
0,0.3368883423275609,0,0
0,0.6470939224552791,1,1
0,0.5026043271596125,1,1
0,0.3586657764056892,0,0
0,0.3480178362884444,0,0
0,0.2229392606762984,0,0
1,0.6252451276913703,1,1
1,0.5762687781903387,1,1
0,0.23343718496418045,0,0
0,0.6609959796429621,1,1
1,0.6393203234469423,1,1
0,0.2207931502681511,0,0
0,0.11650836349000412,0,0
1,0.33791618311114685,0,0
1,0.8192940139102058,1,1
1,0.7698885587592253,1,1
0,0.130813873229861,0,0
1,0.6886052802799116,1,1
0,0.8111516525151197,1,1
1,0.6457082529215463,1,1
0,0.7519499495959396,1,1
0,0.6224648451802478,1,1
1,0.8979689759451469,1,1
1,0.8253750393631886,1,1
0,0.183551962229957,0,0
1,0.5747811685898631,1,1
0,0.6158167610414479,1,1
1,0.3027362270552934,0,0
1,0.29372961635961686,0,0
1,0.722466839835498,1,1
1,0.3645295882853409,0,0
0,0.7230423950584451,1,1
1,0.8494407873050723,1,1
0,0.3004188947758617,0,0
0,0.44109573358122645,0,0
0,0.4582212793783318,0,0
0,0.08105451472745678,0,0
0,0.7175406724622593,1,1
0,0.1526981547815256,0,0
1,0.767330422978618,1,1
0,0.8084536478185897,1,1
0,0.11345017262484934,0,0
1,0.821664650122877,1,1
0,0.42297317596047795,0,0
0,0.30650231564595903,0,0
0,0.804214675363038,1,1
1,0.4749866945423964,0,0
0,0.19728395767364187,0,0
0,0.7545055920037242,1,1
0,0.11685935034223321,0,0
1,0.6111375419650106,1,1
0,0.4029450600616572,0,0
0,0.6093527622504336,1,1
0,0.1433480925209385,0,0
0,0.5671914794951619,1,1
1,0.5822328263569654,1,1
1,0.3791403255061521,0,0
1,0.4679304599130536,0,0
1,0.7068308146809233,1,1
0,0.09847596458479659,0,0
1,0.80722856586615,1,1
1,0.5587540577073592,1,1
0,0.24379980940664597,0,0
1,0.478938323243274,0,0
0,0.6006815803853456,1,1
1,0.7409989659367119,1,1
0,0.2319192375029419,0,0
1,0.44168961334600676,0,0
1,0.9635558423226598,1,1
1,0.7498214471844122,1,1
0,0.3868874310801961,0,0
0,0.28190258597206774,0,0
1,0.5053956999262026,1,1
0,0.5087113402214538,1,1
0,0.1112513461172782,0,0
0,0.5379676805271402,1,1
0,0.09643847111549202,0,0
0,0.1439964640829408,0,0
0,0.22145889142939662,0,0
1,0.5819039379275779,1,1
0,0.7007023623144109,1,1
1,0.42357600439820603,0,0
0,0.25642715455329335,0,0
0,0.6099139610534802,1,1
0,0.46812434139735043,0,0
0,0.295981769325423,0,0
1,0.8802306728414586,1,1
1,0.9364977945254441,1,1
0,0.25890092073235954,0,0
1,0.8258104438210366,1,1
0,0.13500496107812532,0,0
0,0.5482969173198267,1,1
0,0.14140703831983054,0,0
0,0.5717739940359964,1,1
0,0.5739077926143759,1,1
0,0.716616579527435,1,1
1,0.8895639987074322,1,1
1,0.8203325034932215,1,1
0,0.34193454622313746,0,0
1,0.6026003432391003,1,1
0,0.18525832659356364,0,0
0,0.7959377009770486,1,1
0,0.6031987779138469,1,1
0,0.6620380477546939,1,1
0,0.4213572046818765,0,0
1,0.6340628683468137,1,1
0,0.9064022113150428,1,1
0,0.5313589524807768,1,1
0,0.6608438226475579,1,1
1,0.8458009916210665,1,1
1,0.572868748381891,1,1
0,0.5563786427873285,1,1
1,0.8395221268791853,1,1
0,0.4989055371640488,0,0
1,0.5576133804394096,1,1
0,0.17635208308876985,0,0
0,0.4035939991439974,0,0
1,0.7361598855799585,1,1
0,0.14921660632474604,0,0
0,0.19961596338997886,0,0
0,0.6428547995526595,1,1
0,0.0775456919166439,0,0
0,0.3655271811465939,0,0
0,0.08070569697847142,0,0
0,0.5730720247785875,1,1
1,0.8843641849787061,1,1
0,0.37776613985954244,0,0
1,0.7969718752003785,1,1
0,0.47464829209093223,0,0
1,0.3227883326705068,0,0
0,0.5577504792766887,1,1
0,0.35536109395266224,0,0
0,0.11039938050198692,0,0
0,0.24267399431421835,0,0
0,0.5187972492981563,1,1
1,0.736824466487135,1,1
0,0.40443519131358696,0,0
0,0.7278436610826469,1,1
0,0.15079720337537494,0,0
0,0.08219899830128097,0,0
0,0.31500599756653624,0,0
0,0.17248988138055624,0,0
0,0.3188928659309303,0,0
0,0.3503023351001338,0,0
1,0.9686085794901951,1,1
1,0.8647022862554846,1,1
1,0.889549310103007,1,1
1,0.8838396813913991,1,1
0,0.039275096482008054,0,0
1,0.7062404029058151,1,1
0,0.2944784515029151,0,0
0,0.5226114906304212,1,1
0,0.3395701099102821,0,0
0,0.12974430569968756,0,0
0,0.11075097421758126,0,0
0,0.35666808008191003,0,0
1,0.7244226379256962,1,1
0,0.5947282510752341,1,1
1,0.6663687548349911,1,1
0,0.3954397355520209,0,0
0,0.6705551774466348,1,1
0,0.6825738269962076,1,1
0,0.7368369093236061,1,1
0,0.5238854914530452,1,1
0,0.4131637420802712,0,0
1,0.7066711871058377,1,1
0,0.28989492851212006,0,0
0,0.377503612739837,0,0
1,0.6401555462992969,1,1
1,0.44827162884515015,0,0
0,0.23496962494277818,0,0
0,0.7015149812186741,1,1
0,0.07070415030415164,0,0
1,0.961729990626659,1,1
0,0.8166114640689438,1,1
0,0.2586802823601811,0,0
1,0.4986475190109801,0,0
1,0.6379789405515676,1,1
0,0.32532385025514127,0,0
0,0.3343082260713855,0,0
0,0.3729607674290822,0,0
0,0.27652989510889936,0,0
0,0.6487516243793867,1,1
0,0.11443615126284105,0,0
1,0.8686801811482545,1,1
0,0.17128090748883948,0,0
0,0.08691786612487082,0,0
0,0.6785329958495708,1,1
0,0.5011342836807686,1,1
0,0.12491879936088846,0,0
1,0.7301124642615731,1,1
0,0.14919498675318318,0,0
0,0.5211832954960047,1,1
0,0.8098695373294731,1,1
1,0.3707341873351271,0,0
1,0.11421787987958253,0,0
0,0.0718325374271359,0,0
0,0.15090346460059478,0,0
1,0.4985797535997824,0,0
1,0.28833307491037063,0,0
0,0.3000931410564012,0,0
0,0.1547487236925171,0,0
0,0.31872941209876315,0,0
1,0.2230269829051453,0,0
0,0.6059913207539744,1,1
0,0.1361944228627262,0,0
0,0.5627161570674964,1,1
0,0.26831574105339123,0,0
0,0.40480838626999777,0,0
1,0.4648499249765997,0,0
1,0.712254692668813,1,1
0,0.265250041855701,0,0
0,0.2591773929928067,0,0
0,0.44039874562793974,0,0
1,0.5066305228894282,1,1
0,0.3521138600528502,0,0
1,0.6542224687353226,1,1
0,0.7459443764323171,1,1
0,0.19227018092625148,0,0
0,0.7960018854375237,1,1
0,0.37086081037835883,0,0
1,0.9112892447655867,1,1
0,0.7601860163024569,1,1
0,0.1375790355893653,0,0
1,0.22206440094993746,0,0
1,0.8081450772667728,1,1
1,0.19548699678177955,0,0
1,0.8233866143603598,1,1
0,0.5950152442016797,1,1
0,0.30685272793378005,0,0
0,0.16914133997329467,0,0
1,0.7583739109620218,1,1
0,0.24125886393611506,0,0
0,0.14698801897735653,0,0
1,0.7525025163874688,1,1
1,0.8992280668029503,1,1
0,0.22430016697400562,0,0
0,0.0975277911802962,0,0
0,0.717986460389734,1,1
0,0.8390463622226246,1,1
1,0.252305458906435,0,0
1,0.42677137398021775,0,0
1,0.7087951663185824,1,1
0,0.17120289977250022,0,0
1,0.7051167701186598,1,1
0,0.38982754842011724,0,0
1,0.6942255076749582,1,1
1,0.8935239434942744,1,1
0,0.7054777055416391,1,1
0,0.16543212004468597,0,0
0,0.08322956304520247,0,0
0,0.30384475602607675,0,0
0,0.3636018216028322,0,0
0,0.43071856900371125,0,0
1,0.8693096018107135,1,1
1,0.8617677110717392,1,1
0,0.2477227940526723,0,0
1,0.6362732390345948,1,1
1,0.7270746048913591,1,1
1,0.8548865504867832,1,1
0,0.10077750948786736,0,0
0,0.24687301428768385,0,0
0,0.13355956085383236,0,0
0,0.4286521438379532,0,0
1,0.7280498075524565,1,1
0,0.15351273136216978,0,0
0,0.2967125610799949,0,0
0,0.47079664822726164,0,0
0,0.7380165430587838,1,1
1,0.18470776157395424,0,0
0,0.23365757543094542,0,0
0,0.09508420028248443,0,0
0,0.5279049030050277,1,1
0,0.0974840306395573,0,0
1,0.7648035267413833,1,1
1,0.9388549256906347,1,1
1,0.7173565906772611,1,1
0,0.4854449396324778,0,0
0,0.1554341342696779,0,0
1,0.6133260853357684,1,1
0,0.426756011062924,0,0
1,0.6048743066568903,1,1
0,0.7363147684432341,1,1
0,0.7831122607279317,1,1
1,0.43318010708187654,0,0
0,0.708099914394813,1,1
0,0.4170123423588416,0,0
0,0.43994210300107384,0,0
1,0.8252453072818132,1,1
0,0.13396675026242338,0,0
1,0.4836026998883634,0,0
1,0.5213029574239556,1,1
1,0.8200468578162939,1,1
0,0.18679409426961777,0,0
1,0.5662983837794149,1,1
0,0.13333484489574918,0,0
0,0.6750943830640815,1,1
0,0.6542773374960317,1,1
0,0.8186349926459647,1,1
1,0.894178411080114,1,1
0,0.864854837469964,1,1
1,0.40162302425841817,0,0
0,0.23782136450418365,0,0
0,0.02080934046354259,0,0
0,0.3406791881790896,0,0
0,0.40435872960943736,0,0
0,0.13403029778302278,0,0
0,0.5281753846072156,1,1
1,0.3799338024232089,0,0
1,0.8054314811505645,1,1
1,0.5356445960012994,1,1
0,0.4363122800882451,0,0
1,0.8989338459101063,1,1
0,0.30981195150173946,0,0
1,0.8943196812905031,1,1
1,0.3844632087607922,0,0
0,0.402829601543741,0,0
0,0.9237621839103192,1,1
0,0.21654637690676573,0,0
0,0.34346052501633295,0,0
1,0.7311680991948983,1,1
1,0.762752284966011,1,1
0,0.5609723305265096,1,1
0,0.49493898295635785,0,0
1,0.43383979260091665,0,0
1,0.584309827012387,1,1
0,0.7866739950463972,1,1
1,0.7392538887914089,1,1
0,0.39311806095296287,0,0
1,0.8726781164108648,1,1
1,0.9443336024734363,1,1
0,0.17072082505784103,0,0
0,0.25740883862284364,0,0
0,0.17099663859961695,0,0
0,0.41827360931034807,0,0
0,0.18824342942896707,0,0
1,0.6456766654465508,1,1
0,0.7666221345518046,1,1
0,0.37132334724254595,0,0
0,0.38610873324113365,0,0
0,0.11488235580893928,0,0
1,0.8448130959623292,1,1
0,0.13399244062342236,0,0
0,0.31998803493925154,0,0
1,0.4572191613252983,0,0
1,0.37381332648529275,0,0
1,0.8169423658763494,1,1
0,0.25554832701432295,0,0
1,0.8481979919684454,1,1
1,0.07709565076028158,0,0
1,0.5119305578646428,1,1
0,0.3185390370607792,0,0
1,0.836982208010733,1,1
1,0.39544024908677267,0,0
0,0.44368825390111144,0,0
0,0.09581245164716706,0,0
0,0.29959861332407783,0,0
0,0.38150303919854917,0,0
0,0.2575701474629557,0,0
0,0.2300565435567421,0,0
1,0.6955767763980963,1,1
1,0.9108467794171999,1,1
0,0.4490312068566179,0,0
0,0.9086335411550088,1,1
0,0.15635809780789145,0,0
0,0.8298423086588547,1,1
1,0.43497393263739115,0,0
0,0.41065714104329265,0,0
1,0.8958801080040547,1,1
0,0.23722843352510842,0,0
0,0.17825111118866152,0,0
0,0.13221861309740426,0,0
1,0.5047664536252425,1,1
1,0.8900727475681978,1,1
0,0.4566277100596265,0,0
1,0.8829854518779457,1,1
1,0.7342849804817804,1,1
0,0.44315451008302625,0,0
1,0.16415904367897827,0,0
0,0.22556667958980528,0,0
0,0.30675500833864694,0,0
0,0.25466747402196227,0,0
0,0.3952826391145477,0,0
1,0.7063906743039782,1,1
0,0.731975461544258,1,1
1,0.8231655188700323,1,1
0,0.23076664989859058,0,0
0,0.3077047807901525,0,0
0,0.11868211165665568,0,0
0,0.36529639457836366,0,0
0,0.45237567036704435,0,0
1,0.6591354364002797,1,1
1,0.7101936052213621,1,1
0,0.2670795348501796,0,0
0,0.34714508239965464,0,0
0,0.6532013382820109,1,1
0,0.23724289138405072,0,0
1,0.8129673917649944,1,1
0,0.03993912327461972,0,0
1,0.8916639006960408,1,1
0,0.46344578635698674,0,0
1,0.6232186253083041,1,1
0,0.09619794078092693,0,0
0,0.4065287210489238,0,0
0,0.15239820326184328,0,0
0,0.16927446821506656,0,0
1,0.4158213871769603,0,0
0,0.1533253733844745,0,0
0,0.16423788349546445,0,0
0,0.13643390554428667,0,0
1,0.705675431279413,1,1
0,0.282909569867656,0,0
0,0.4966140016570032,0,0
0,0.15908651201769267,0,0
1,0.6494668090700143,1,1
1,0.746089840471796,1,1
0,0.3398566716330529,0,0
0,0.833034545347264,1,1
0,0.2391611643887727,0,0
0,0.10108909967681583,0,0
0,0.2706647379138301,0,0
1,0.7770913672833418,1,1
0,0.6041187212674474,1,1
1,0.7492686273685748,1,1
0,0.35232643093407995,0,0
0,0.35733762829710985,0,0
0,0.085696612262255,0,0
0,0.3384158463913191,0,0
1,0.7633907111374919,1,1
0,0.5993390127333129,1,1
0,0.8772822096824924,1,1
0,0.14750942306889106,0,0
0,0.710821226822464,1,1
0,0.2770437801181094,0,0
0,0.08049108909990146,0,0
0,0.32767348052173667,0,0
1,0.9737054605868898,1,1
0,0.20284958767347214,0,0
1,0.8994951983768559,1,1
0,0.1785110877111902,0,0
1,0.6401719858009206,1,1
0,0.43263320081791745,0,0
1,0.7698933936494063,1,1
0,0.10091821404087187,0,0
1,0.9413880831379515,1,1
1,0.9454034093927379,1,1
0,0.47965443726822626,0,0
1,0.8843524313062217,1,1
0,0.0749113960775037,0,0
0,0.5094355227006804,1,1
0,0.21493516640829113,0,0
0,0.4832097734081991,0,0
0,0.6177008625423427,1,1
0,0.4169892552080454,0,0
1,0.49288062548946415,0,0
0,0.11973928127211325,0,0
0,0.5738842739805144,1,1
0,0.8176224301767764,1,1
0,0.4364662814089136,0,0
0,0.5867315344543877,1,1
1,0.7600816800928716,1,1
0,0.28051723389040534,0,0
1,0.7674935666679932,1,1
0,0.07474829752925524,0,0
0,0.22430891075504067,0,0
0,0.21414159274103997,0,0
1,0.5675066185196841,1,1
0,0.11496856737039607,0,0
0,0.5099882042752161,1,1
1,0.8458090042937212,1,1
0,0.08611327287412873,0,0
1,0.5255821147833429,1,1
0,0.32944980899449067,0,0
1,0.6701865354613549,1,1
1,0.9054823859333613,1,1
1,0.29923047030777683,0,0
1,0.4950026967710266,0,0
0,0.37478149276874273,0,0
0,0.3677798601600109,0,0
0,0.06114378916668996,0,0
0,0.5023292140322227,1,1
1,0.70569835492245,1,1
0,0.455362295277685,0,0
0,0.20194004298371304,0,0
0,0.17243798893993012,0,0
0,0.1454425032270058,0,0
1,0.6109829644686711,1,1
1,0.9668132608214429,1,1
0,0.36692383218272867,0,0
1,0.8365318618357148,1,1
0,0.30188778755914847,0,0
1,0.9041463181180199,1,1
0,0.562431408875178,1,1
0,0.540810739710845,1,1
1,0.9512760636666853,1,1
0,0.6303142272336651,1,1
0,0.5373948051484873,1,1
0,0.1929283573194156,0,0
1,0.7495933126841113,1,1
1,0.45714516729981747,0,0
0,0.2756751236415092,0,0
0,0.8828905285116999,1,1
0,0.12867636024808066,0,0
1,0.9072093349580739,1,1
1,0.7981755755455174,1,1
0,0.5864480956705381,1,1
0,0.18482629749265692,0,0
0,0.38570546493320157,0,0
0,0.3096090080693297,0,0
1,0.865834042678484,1,1
0,0.4201035555925657,0,0
1,0.4271627867610022,0,0
0,0.267611591840245,0,0
0,0.5302155762341016,1,1
0,0.5084351536602231,1,1
0,0.795449713404954,1,1
0,0.2732084129708964,0,0
0,0.12957624289751404,0,0
0,0.6270263861506906,1,1
0,0.6191419030129769,1,1
1,0.7076479439665606,1,1
1,0.5010805083606298,1,1
1,0.16672029533921173,0,0
1,0.9471374636101368,1,1
0,0.6895744155630016,1,1
0,0.4202190691680513,0,0
0,0.6473347312822777,1,1
1,0.7956692468409367,1,1
1,0.768799857618421,1,1
0,0.9335169489429861,1,1
0,0.6863769917181304,1,1
0,0.6798770315737489,1,1
0,0.14719914312907162,0,0
0,0.5708563015552762,1,1
0,0.6005482300914687,1,1
0,0.09934204948434913,0,0
0,0.4545390154249795,0,0
1,0.791665639992152,1,1
0,0.12173157927874623,0,0
0,0.2378072203049465,0,0
1,0.7573587422136883,1,1
1,0.46601575151864966,0,0
0,0.8303927308386377,1,1
0,0.3041743834579399,0,0
1,0.7229263432202981,1,1
1,0.8425402764079954,1,1
1,0.7100074683871416,1,1
0,0.6144901114982938,1,1
1,0.7142956504403194,1,1
1,0.16412908154384948,0,0
1,0.4389595123600778,0,0
1,0.896577283615558,1,1
1,0.37908649944072415,0,0
0,0.901781112391639,1,1
1,0.9096010137665201,1,1
0,0.15509081614512768,0,0
0,0.13181886829653272,0,0
1,0.8071801247369415,1,1
1,0.5311074255756395,1,1
0,0.6459967649685012,1,1
0,0.30915970276971066,0,0
1,0.481457494648887,0,0
0,0.2620524963581322,0,0
0,0.2934669312796724,0,0
1,0.7649615588526781,1,1
0,0.27121298207085087,0,0
0,0.9387475695948219,1,1
0,0.8019554263294598,1,1
0,0.8920389664788437,1,1
1,0.7938941491560314,1,1
1,0.9169676766498264,1,1
1,0.8945616452405912,1,1
0,0.6683026456132033,1,1
0,0.14233554651438185,0,0
1,0.5996183057284931,1,1
0,0.49783845295081236,0,0
0,0.37557187306041223,0,0
0,0.27336683684204316,0,0
1,0.8519504115330102,1,1
0,0.6016599226662824,1,1
1,0.0977869663272203,0,0
1,0.8223327799342339,1,1
0,0.7473938915821245,1,1
0,0.1675797480762371,0,0
0,0.19272641791127626,0,0
0,0.40533069635276564,0,0
0,0.3545857331078852,0,0
1,0.31958581970170874,0,0
0,0.8171457216237673,1,1
0,0.04775427257970534,0,0
0,0.09889314858041451,0,0
1,0.7463506848717383,1,1
0,0.3021030557550602,0,0
0,0.5121416385141113,1,1
0,0.07086925675901586,0,0
0,0.7806200953444081,1,1
0,0.5472460423253585,1,1
0,0.5697027511334996,1,1
0,0.614185117148862,1,1
0,0.22116334567240548,0,0
1,0.8561443406645105,1,1
0,0.32410823490671864,0,0
0,0.29366289700849296,0,0
0,0.22620308557813343,0,0
0,0.42274320793572684,0,0
1,0.6972450514196257,1,1
0,0.3877574873590995,0,0
0,0.47186719034022234,0,0
0,0.5030840577885738,1,1
1,0.9279672729965351,1,1
0,0.37624313667509696,0,0
0,0.7698344130288912,1,1
1,0.5477391739724397,1,1
0,0.46923964162582443,0,0
0,0.327977511586899,0,0
0,0.562753416699169,1,1
0,0.1628674649379917,0,0
0,0.14777114043000086,0,0
0,0.4257556885097017,0,0
1,0.6593272619381665,1,1
1,0.8886496220885277,1,1
1,0.7237158482622137,1,1
0,0.7761874733974635,1,1
0,0.7785362393618804,1,1
0,0.6505287095697398,1,1
1,0.9249166109054748,1,1
1,0.8829861859284102,1,1
1,0.9445232172010336,1,1
1,0.8681940298212998,1,1
1,0.2722815112740991,0,0
1,0.7950815571567164,1,1
1,0.46139826483208296,0,0
0,0.48063676164861335,0,0
1,0.6601837353789778,1,1
1,0.574890938879618,1,1
1,0.33886923974067495,0,0
1,0.8584737510428649,1,1
0,0.11607884168438054,0,0
0,0.4584593370332959,0,0
0,0.7202025864751538,1,1
0,0.5728740304698842,1,1
0,0.44048397057319366,0,0
1,0.8217710638564999,1,1
0,0.5155773322648456,1,1
1,0.6872635575185415,1,1
0,0.3800469616799519,0,0
1,0.6367274723571977,1,1
0,0.3131412250928161,0,0
0,0.5370974102713282,1,1
0,0.3544271846073127,0,0
1,0.6544055161821796,1,1
0,0.8683390515872905,1,1
1,0.7983075009023628,1,1
1,0.8909925393970649,1,1
0,0.18495477049778167,0,0
0,0.5706806388028169,1,1
1,0.7511915925669616,1,1
1,0.7758501654671011,1,1
1,0.7508131074143102,1,1
0,0.15672027245774672,0,0
0,0.6340101481966225,1,1
0,0.38028255886440815,0,0
1,0.4315103819148066,0,0
0,0.2962243540830207,0,0
1,0.8891324236995719,1,1
0,0.46872927079040644,0,0
0,0.1703162485709208,0,0
0,0.2113728637246798,0,0
0,0.7661252828263749,1,1
0,0.2436576932500187,0,0
0,0.7586943327834579,1,1
0,0.37765235628264593,0,0
0,0.8619285132464678,1,1
1,0.440051439756361,0,0
0,0.27757754968590637,0,0
0,0.38201215371050173,0,0
0,0.49070753497307035,0,0
0,0.29412066484209454,0,0
1,0.8298281325593709,1,1
1,0.8816519157221927,1,1
0,0.2904612181015492,0,0
1,0.8401144074046594,1,1
0,0.4807674049210954,0,0
0,0.062175902395164656,0,0
1,0.18000919039294447,0,0
1,0.8753133136561702,1,1
0,0.17776508939718833,0,0
0,0.27208783263223374,0,0
0,0.7694353465881509,1,1
1,0.2756104702256624,0,0
1,0.791619337236088,1,1
0,0.09642290353187358,0,0
0,0.09373746608671543,0,0
0,0.15359314373283442,0,0
1,0.45103230567121805,0,0
1,0.8908968156539728,1,1
1,0.4127021323952545,0,0
1,0.8136496462889986,1,1
0,0.35917143135973234,0,0
0,0.46975028873177554,0,0
1,0.9252995852652385,1,1
1,0.8618433820292679,1,1
0,0.5538963319026028,1,1
0,0.29952891842218415,0,0
0,0.14985990542873992,0,0
0,0.5064440581867354,1,1
0,0.27281684338268186,0,0
1,0.8754602121396512,1,1
0,0.2365427974276051,0,0
0,0.24731982936350086,0,0
0,0.5777038571980149,1,1
0,0.5984671564470806,1,1
1,0.6658544040442637,1,1
0,0.06411061615342975,0,0
0,0.1402439021398818,0,0
0,0.4963147365117426,0,0
0,0.2477641790478127,0,0
1,0.6236876878993565,1,1
1,0.8073144929583002,1,1
1,0.7077209799354652,1,1
0,0.3472998690673336,0,0
0,0.829472645713613,1,1
0,0.43100897443844144,0,0
0,0.8433562845434096,1,1
0,0.3240859056188118,0,0
1,0.8305541515881725,1,1
0,0.14723063281699372,0,0
1,0.6466132239823855,1,1
0,0.8483116172077078,1,1
0,0.09065064135305798,0,0
0,0.04407247476771978,0,0
0,0.15492386620414833,0,0
1,0.8631966218763776,1,1
1,0.7422144802780876,1,1
0,0.13867575196119886,0,0
1,0.8612293649420216,1,1
0,0.37480676001220053,0,0
0,0.21017915106462515,0,0
0,0.3950914537907101,0,0
0,0.390227937672709,0,0
0,0.15589906675773213,0,0
0,0.38380512787483195,0,0
0,0.36594758378541,0,0
0,0.6678731462965889,1,1
0,0.26593876537163674,0,0
0,0.08783312503381763,0,0
0,0.27557651819994916,0,0
1,0.6668780571176978,1,1
0,0.1617587174083487,0,0
0,0.6662299342881407,1,1
1,0.11598188688136025,0,0
0,0.6706895635124293,1,1
1,0.15810351506076253,0,0
1,0.6511988282486993,1,1
0,0.23848853485152885,0,0
0,0.37299029855573196,0,0
1,0.8397475375327187,1,1
1,0.7141502041609978,1,1
0,0.25014212028542987,0,0
0,0.3065876633546266,0,0
0,0.22461749314200907,0,0
0,0.06110546940134238,0,0
1,0.7018333633929209,1,1
0,0.4720638005406021,0,0
0,0.11198588318223655,0,0
0,0.48311474440814,0,0
0,0.1044699494467228,0,0
0,0.13273972003708256,0,0
0,0.07951614100933432,0,0
0,0.3406686083074362,0,0
0,0.7299833876274083,1,1
0,0.0967742793993795,0,0
1,0.21462045919661354,0,0
0,0.48669296268204093,0,0
1,0.45014488509326334,0,0
0,0.3910534101709102,0,0
1,0.8280097626638158,1,1
0,0.19276920409724813,0,0
1,0.8150977014387262,1,1
0,0.48670242836775496,0,0
1,0.4043750615897531,0,0
1,0.2657888028298517,0,0
0,0.3716306102213464,0,0
1,0.7102981844284121,1,1
1,0.740395514793915,1,1
1,0.665618321286504,1,1
0,0.4631559078399822,0,0
0,0.6137451945517531,1,1
1,0.9011920315108849,1,1
0,0.6209864470983936,1,1
0,0.5682188651022464,1,1
0,0.35883783328580343,0,0
0,0.33711318403917273,0,0
0,0.4397600440881479,0,0
0,0.4369090067339429,0,0
1,0.8599319943671768,1,1
1,0.4278830670653148,0,0
0,0.32346026403304334,0,0
0,0.6898693812046992,1,1
1,0.724624290424723,1,1
0,0.4780499934679532,0,0
0,0.12244077876222331,0,0
0,0.3740889389554149,0,0
0,0.25177942297478184,0,0
0,0.6673647958298566,1,1
0,0.10867874210492753,0,0
0,0.153914777480917,0,0
1,0.8318241936161883,1,1
0,0.6919063571435704,1,1
1,0.5949567538556823,1,1
0,0.18572997407579972,0,0
1,0.6823790066629347,1,1
1,0.3959479684967759,0,0
1,0.8071975269053671,1,1
1,0.8959236735041902,1,1
0,0.45348814709431495,0,0
1,0.6549244359335721,1,1
0,0.1004515710720529,0,0
1,0.5783381109331976,1,1
0,0.5536988955777511,1,1
1,0.7521263892479138,1,1
0,0.2912401168009226,0,0
1,0.6710171310247182,1,1
0,0.7066235200908527,1,1
1,0.6745201586669269,1,1
1,0.7412277497859853,1,1
1,0.3929011593214233,0,0
0,0.702409745672882,1,1
0,0.3776737911661734,0,0
0,0.2401413795250452,0,0
0,0.500414792840583,1,1
0,0.37268905984388295,0,0
1,0.9126694357510677,1,1
0,0.440069617727547,0,0
1,0.545576419157791,1,1
0,0.6042942895189004,1,1
0,0.08725828725640591,0,0
0,0.6696279232394827,1,1
0,0.8014637880112515,1,1
1,0.7890817216327936,1,1
0,0.16141709725672806,0,0
0,0.12031728415604123,0,0
0,0.0639233355281238,0,0
0,0.35759791908995386,0,0
1,0.7388535040277587,1,1
0,0.20116879944738608,0,0
0,0.7717735499132377,1,1
0,0.13796093080894273,0,0
1,0.819494480071537,1,1
0,0.7812873081553794,1,1
0,0.7635659117183625,1,1
0,0.2737859721871665,0,0
0,0.8860015032403766,1,1
0,0.424107275401464,0,0
1,0.39877258613478817,0,0
1,0.5055016385540715,1,1
1,0.6673472672495959,1,1
1,0.8832894214376119,1,1
0,0.3266045956675608,0,0
0,0.8810836573830396,1,1
1,0.5443767055693183,1,1
0,0.16433961909480396,0,0
0,0.29595133305270893,0,0
0,0.07108488205838961,0,0
1,0.8147709353990842,1,1
0,0.12102944819590027,0,0
0,0.25416072695257963,0,0
0,0.531627548441516,1,1
0,0.12798910374248695,0,0
0,0.5685689709623674,1,1
1,0.8158662290400792,1,1
0,0.4950366858980236,0,0
0,0.6232100377293573,1,1
1,0.6864918920240889,1,1
1,0.8683740487430178,1,1
0,0.7504062180358099,1,1
0,0.19354135446707071,0,0
0,0.7733768870263998,1,1
0,0.7629770396528571,1,1
0,0.23205323512181766,0,0
0,0.3046068615972404,0,0
1,0.7380070630392964,1,1
0,0.391507771241398,0,0
1,0.8896475174942773,1,1
0,0.2760326276693592,0,0
0,0.12218537764995092,0,0
0,0.4748487398940094,0,0
1,0.897200247282033,1,1
1,0.8286452633076086,1,1
0,0.13690954540698083,0,0
1,0.7840348735558351,1,1
1,0.6338276233664798,1,1
0,0.1574990419085448,0,0
1,0.41342165302397077,0,0
0,0.09298821548739357,0,0
0,0.7285887203576362,1,1
0,0.5058787641322233,1,1
0,0.3260304068812078,0,0
0,0.5486832557053226,1,1
0,0.04454415071268637,0,0
0,0.7900706476659378,1,1
1,0.6013092969689926,1,1
1,0.283445024794672,0,0
1,0.5698343929140485,1,1
0,0.4847465572347586,0,0
0,0.3926027807719807,0,0
0,0.12842592508827594,0,0
0,0.9162450485170542,1,1
0,0.12795459217464705,0,0
0,0.09873236232712422,0,0
0,0.346809026179695,0,0
1,0.15828896217055166,0,0
0,0.32444077546268557,0,0
0,0.2498704533512497,0,0
0,0.2222415556833639,0,0
1,0.4618049099087075,0,0
0,0.09905379145722819,0,0
0,0.13984831134772305,0,0
1,0.9730388461475125,1,1
0,0.07797858962609813,0,0
0,0.25263873288756783,0,0
0,0.26832116633482617,0,0
0,0.30638428326791617,0,0
1,0.34685072791638566,0,0
1,0.6790163564320287,1,1
0,0.5345147487686832,1,1
0,0.11144570386574848,0,0
0,0.260398076805158,0,0
0,0.0890257899496623,0,0
1,0.9578410034219269,1,1
0,0.11514697224244551,0,0
0,0.10576995933406454,0,0
1,0.14222789924679632,0,0
0,0.6253281457220777,1,1
0,0.4291005718010961,0,0
0,0.7707147100136588,1,1
1,0.780768900703122,1,1
1,0.35810527690129934,0,0
0,0.4518568732907246,0,0
0,0.12082204232755829,0,0
0,0.13849940608856817,0,0
1,0.7653022841703994,1,1
0,0.6299445607785915,1,1
0,0.47920357094960564,0,0
0,0.3278660511049576,0,0
1,0.5372152767735492,1,1
0,0.3674068053020811,0,0
0,0.791388068476535,1,1
1,0.4308753818824769,0,0
0,0.7131387318784682,1,1
1,0.5212071584351239,1,1
0,0.33864805903980433,0,0
1,0.8066827731916956,1,1
0,0.12710002612774765,0,0
0,0.34253615001373644,0,0
0,0.22639212057442096,0,0
0,0.21225935600042642,0,0
0,0.5748687958856292,1,1
0,0.38525796421933584,0,0
1,0.9039225499596695,1,1
1,0.6548143636899124,1,1
1,0.8221714410760509,1,1
1,0.7463873402837906,1,1
0,0.10995859751571581,0,0
0,0.12632698558963365,0,0
1,0.8909736611541079,1,1
1,0.7824171546474792,1,1
1,0.779460156937756,1,1
0,0.3447178239516329,0,0
1,0.7258186556100343,1,1
1,0.9363254445424681,1,1
0,0.06267512614553948,0,0
1,0.9482580672174677,1,1
0,0.3579658105763182,0,0
1,0.6555929156496522,1,1
1,0.7029749362994421,1,1
1,0.7217222460090167,1,1
0,0.36372579624341833,0,0
1,0.6525466796902163,1,1
0,0.7907760585491448,1,1
1,0.24736995455207633,0,0
0,0.2331935743345962,0,0
0,0.6449560404417487,1,1
1,0.7562939487227707,1,1
0,0.1266842828501089,0,0
1,0.7915954344232523,1,1
0,0.0941487760874224,0,0
1,0.5356812840158987,1,1
0,0.35151862020830216,0,0
0,0.4530742727399447,0,0
1,0.9388189741819646,1,1
1,0.6103775980868865,1,1
0,0.06772905846283843,0,0
0,0.35812201189686554,0,0
1,0.8855948857365615,1,1
1,0.8119573197490708,1,1
0,0.23405500149671926,0,0
0,0.13781155493854366,0,0
1,0.25556078052960357,0,0
0,0.8681822073777375,1,1
1,0.7430934973702115,1,1
0,0.289385821274811,0,0
0,0.4115174889848915,0,0
0,0.35057526127667854,0,0
0,0.2955474746184886,0,0
0,0.22457081568221443,0,0
1,0.7860456193370472,1,1
1,0.46981779842238547,0,0
0,0.1999516898246789,0,0
1,0.7600162458681787,1,1
1,0.06654001821932984,0,0
0,0.3709282873138358,0,0
0,0.6200968443182252,1,1
0,0.28356324115303266,0,0
1,0.8923474013809968,1,1
0,0.37532234533941683,0,0
0,0.69393939613144,1,1
0,0.2197541496962061,0,0
0,0.8963631002521311,1,1
1,0.8966520090210681,1,1
1,0.6364082729548032,1,1
0,0.7547991528027963,1,1
0,0.10055061182637187,0,0
1,0.9391358017151521,1,1
1,0.7627286278175075,1,1
1,0.6067260787470974,1,1
0,0.44508729759970483,0,0
1,0.1663274753817275,0,0
0,0.3424719717343129,0,0
1,0.5934674031882282,1,1
1,0.814961858934502,1,1
0,0.36404453671437625,0,0
1,0.6017967154898323,1,1
1,0.6010925018042774,1,1
1,0.849838039094063,1,1
0,0.3015858386720864,0,0
0,0.12150554594359109,0,0
1,0.7420818224898277,1,1
0,0.35705925127690735,0,0
1,0.8927279776805601,1,1
0,0.3255180735171369,0,0
1,0.6800036499623685,1,1
0,0.45578945373788604,0,0
0,0.6012900171921918,1,1
1,0.8499594448975082,1,1
0,0.23222508599964747,0,0
0,0.2847725842684026,0,0
0,0.30955111123234125,0,0
1,0.8308593229868616,1,1
0,0.10551433656647558,0,0
1,0.4212060467279332,0,0
1,0.47867181626084104,0,0
0,0.21324177012866474,0,0
1,0.7134093744447594,1,1
0,0.4123992325797974,0,0
1,0.9022169386034014,1,1
0,0.5220989120911425,1,1
1,0.6685307435265606,1,1
1,0.7514970728505623,1,1
0,0.32856626389525895,0,0
1,0.8659066538238099,1,1
0,0.2754525927965975,0,0
0,0.9125877293872785,1,1
0,0.2306339215193472,0,0
1,0.10618885763921736,0,0
0,0.23656671542324853,0,0
0,0.027062935983686885,0,0
0,0.7695201908203467,1,1
0,0.6972199277802383,1,1
0,0.9043609949919191,1,1
0,0.556764208159931,1,1
0,0.6116994481760384,1,1
0,0.6241551369882002,1,1
0,0.4009500307231658,0,0
0,0.17833012697744574,0,0
0,0.7476968081450384,1,1
0,0.15002701726626755,0,0
0,0.8765631810464252,1,1
0,0.15316677938233164,0,0
1,0.3082679592930917,0,0
0,0.6973578149269719,1,1
0,0.23722518921408933,0,0
0,0.4869852625669532,0,0
0,0.7234714464135236,1,1
1,0.5209231701432702,1,1
0,0.8393572258818078,1,1
0,0.3801804637430015,0,0
1,0.23626376437682875,0,0
0,0.45019761379840884,0,0
0,0.14518201270743764,0,0
0,0.7481838821347174,1,1
1,0.8598678695629736,1,1
0,0.8285672333008313,1,1
0,0.3141556429546849,0,0
0,0.1897322191613093,0,0
0,0.6754636061427246,1,1
0,0.9188028040823188,1,1
0,0.13873340073155346,0,0
1,0.7256699654907216,1,1
0,0.188532598995983,0,0
0,0.6304239162731622,1,1
0,0.3113060097880362,0,0
1,0.7479966989827197,1,1
1,0.667996911796011,1,1
0,0.5320198759609516,1,1
1,0.4668331753948501,0,0
1,0.48102386865670416,0,0
0,0.2937359683789247,0,0
0,0.4172556325855034,0,0
1,0.5739980884211447,1,1
1,0.852408318092836,1,1
0,0.5317500615724615,1,1
0,0.29043200872421127,0,0
1,0.8722378637892291,1,1
0,0.14580933951795608,0,0
0,0.2034403102623792,0,0
0,0.10929393510141852,0,0
1,0.9265536548366459,1,1
0,0.3112225283201776,0,0
0,0.34931559382346977,0,0
0,0.49289613557466944,0,0
0,0.7718360345947463,1,1
0,0.2529271753222267,0,0
1,0.3323803119595272,0,0
1,0.9073746269291216,1,1
1,0.8222775192176699,1,1
1,0.9027831457597914,1,1
0,0.1664819870704394,0,0
0,0.08067357455318265,0,0
1,0.14514536241569223,0,0
0,0.2329736240397228,0,0
1,0.6137593792895587,1,1
0,0.6082683694919402,1,1
0,0.6692935003431294,1,1
0,0.04644551089970213,0,0
0,0.4030451769634811,0,0
1,0.5473851572712692,1,1
1,0.45510188499647897,0,0
0,0.1843392809152339,0,0
0,0.3941570863047329,0,0
0,0.4718649841543799,0,0
1,0.659370601720839,1,1
0,0.26664984235140804,0,0
0,0.40868329988433916,0,0
0,0.6828027247452549,1,1
1,0.8183642831088883,1,1
0,0.5747227936562135,1,1
0,0.16702224847001737,0,0
0,0.666554317921286,1,1
0,0.14060267419302458,0,0
0,0.7084622558081954,1,1
0,0.3298734193398334,0,0
0,0.18980738375491193,0,0
1,0.5631134356342516,1,1
0,0.177674138562643,0,0
0,0.07576031455772891,0,0
0,0.4227724731116687,0,0
1,0.7715400510032742,1,1
1,0.5345460025435996,1,1
1,0.49345567376981425,0,0
0,0.35544245935673574,0,0
0,0.812081879989751,1,1
0,0.28719899505105256,0,0
0,0.7265263132158832,1,1
0,0.5085922316622823,1,1
0,0.11331335619510614,0,0
0,0.12363162035544464,0,0
0,0.1402247756311503,0,0
0,0.6808836286377674,1,1
1,0.7276151295546807,1,1
0,0.7758935979095181,1,1
1,0.8856231774216419,1,1
0,0.30069707535509155,0,0
1,0.7414254287039633,1,1
0,0.7750790770935551,1,1
0,0.47205107844724664,0,0
0,0.5805037342266977,1,1
1,0.3494974848171926,0,0
0,0.7531733818957246,1,1
0,0.22530739579072598,0,0
1,0.5594450206270024,1,1
1,0.6613590860525478,1,1
0,0.4860486793431548,0,0
1,0.7946586347703836,1,1
1,0.46302689959351045,0,0
0,0.4118256125280365,0,0
0,0.45044777114297146,0,0
1,0.5812450709121635,1,1
1,0.7431272315993548,1,1
0,0.11511328791818294,0,0
1,0.5029203743527295,1,1
1,0.8771825523250258,1,1
1,0.6255289074827228,1,1
1,0.47987619848563684,0,0
0,0.08606265675447808,0,0
1,0.23147979396145948,0,0
1,0.5545457417311489,1,1
0,0.13953124476768225,0,0
0,0.625608946277321,1,1
0,0.1336342272975524,0,0
0,0.07279675450949297,0,0
0,0.3231178359986958,0,0
0,0.2265536775576957,0,0
0,0.5110077511676987,1,1
0,0.07867507140747447,0,0
0,0.47492544065924974,0,0
1,0.8715948622374676,1,1
0,0.7245411893211398,1,1
1,0.7917670879378518,1,1
0,0.6910652751872053,1,1
1,0.5167225070637324,1,1
0,0.7328811233264801,1,1
0,0.7491802006684027,1,1
0,0.22038369535719404,0,0
0,0.3368161370323583,0,0
0,0.11674030460165911,0,0
1,0.5255251369539703,1,1
0,0.6091730215330771,1,1
1,0.5091768508246338,1,1
0,0.21670489778411373,0,0
0,0.4778008192417333,0,0
0,0.3564615856493326,0,0
0,0.2555305959612183,0,0
1,0.137650143389385,0,0
1,0.818848962731802,1,1
0,0.3759641257360966,0,0
0,0.21204582284126697,0,0
0,0.11683873902632272,0,0
0,0.12194367476414243,0,0
1,0.6478210635790698,1,1
0,0.11189974642335537,0,0
0,0.08561896600811512,0,0
0,0.052314762378917336,0,0
1,0.8236448240690356,1,1
0,0.3449569906293522,0,0
1,0.9019646258930597,1,1
0,0.8206842366485992,1,1
0,0.12095827304305574,0,0
1,0.9097840223313924,1,1
0,0.3425859869117289,0,0
0,0.11582979556845044,0,0
1,0.655431681776638,1,1
0,0.2961919944360754,0,0
0,0.04652411699879257,0,0
0,0.3112405482104952,0,0
1,0.3660818155289775,0,0
0,0.2953060790381628,0,0
0,0.06576667214701033,0,0
1,0.8272023613000287,1,1
1,0.531029211361427,1,1
0,0.28764692872649256,0,0
0,0.30915556563023733,0,0
1,0.6009839573925689,1,1
0,0.12612735880421205,0,0
0,0.4507116207670138,0,0
1,0.8965877320553008,1,1
1,0.7915992274402198,1,1
0,0.29797727544611124,0,0
0,0.19498418581229426,0,0
1,0.24422484297145125,0,0
0,0.5770408681014463,1,1
0,0.30508902056886733,0,0
1,0.9224786357033945,1,1
0,0.08010492389608419,0,0
1,0.7241706699263151,1,1
0,0.7130775440634206,1,1
1,0.7237237124714031,1,1
1,0.6748796146692048,1,1
0,0.7429952587125594,1,1
0,0.31165402667017134,0,0
0,0.4859689352372481,0,0
1,0.9293815767905993,1,1
1,0.3545989950833499,0,0
0,0.14480571625741517,0,0
0,0.042718171518458845,0,0
0,0.07047365545622829,0,0
1,0.8072894495729037,1,1
0,0.25338315365551334,0,0
0,0.6096783271300921,1,1
0,0.15294894784739418,0,0
0,0.05150957767945749,0,0
1,0.8554900805024299,1,1
1,0.7719084524824461,1,1
0,0.8079544143739245,1,1
1,0.3007233353094018,0,0
1,0.7175645197738648,1,1
0,0.25347054167558974,0,0
0,0.44340867926780425,0,0
1,0.8299365293348204,1,1
0,0.09083052248521861,0,0
1,0.6922564308216648,1,1
0,0.08589770353698821,0,0
1,0.5456826223103716,1,1
0,0.42342892052148673,0,0
0,0.3304232951229805,0,0
1,0.7019080526064773,1,1
0,0.8326626380172746,1,1
1,0.8762586964484427,1,1
1,0.63312232514916,1,1
0,0.2647328693778156,0,0
0,0.6570290399041262,1,1
0,0.34884138002037834,0,0
0,0.3928421308142142,0,0
0,0.6708559621042595,1,1
0,0.6526198980051939,1,1
0,0.6804065775710404,1,1
0,0.1708044596028577,0,0
0,0.7053012367008488,1,1
0,0.21221172120083123,0,0
0,0.07864999932425362,0,0
0,0.21553649210690123,0,0
0,0.19412365463318654,0,0
0,0.40070986694880983,0,0
0,0.48293648421736474,0,0
0,0.10569577415802497,0,0
0,0.11813885782114562,0,0
0,0.32922708135736517,0,0
0,0.1435018688200911,0,0
0,0.4285751105523622,0,0
0,0.39428157906628714,0,0
0,0.6965676936263595,1,1
0,0.08812068751548087,0,0
0,0.27214672443679233,0,0
1,0.9233826290225559,1,1
0,0.3562169706201518,0,0
0,0.13724147860657118,0,0
1,0.511584305901969,1,1
0,0.4148786109086491,0,0
1,0.6211312241582558,1,1
0,0.23979578743778013,0,0
0,0.08059556830733942,0,0
1,0.2643079889795697,0,0
0,0.12454989028735039,0,0
0,0.17578440196971754,0,0
0,0.2760315702742068,0,0
0,0.7417193409595241,1,1
0,0.5353168833374601,1,1
1,0.2009692221238912,0,0
1,0.8142229067671647,1,1
1,0.9053182277443309,1,1
1,0.961337685673926,1,1
0,0.10493354474246232,0,0
1,0.905361865317843,1,1
1,0.3798169277093553,0,0
1,0.801775003979833,1,1
1,0.7621263908327709,1,1
0,0.19152679254848293,0,0
1,0.11789596868873473,0,0
0,0.3764852212777895,0,0
0,0.5942893191951883,1,1
1,0.6095655510195404,1,1
0,0.7825647737084029,1,1
1,0.48353778411315523,0,0
1,0.550970992153124,1,1
1,0.4868989494625918,0,0
0,0.33143704013417513,0,0
1,0.31421853479750206,0,0
0,0.6002019411639984,1,1
1,0.7132531646361407,1,1
0,0.8725930605213843,1,1
0,0.2984000954215151,0,0
1,0.8708191828183053,1,1
0,0.1564326803387574,0,0
0,0.38247447626703085,0,0
0,0.46321743245686475,0,0
0,0.5927677813473731,1,1
0,0.4429441981067985,0,0
0,0.6381357605028205,1,1
0,0.4320996689917577,0,0
1,0.6689894230802208,1,1
0,0.05759571082722247,0,0
1,0.7573150062019542,1,1
1,0.9622562606584639,1,1
1,0.5897949334556869,1,1
0,0.18273803069436922,0,0
0,0.26892956832352566,0,0
1,0.22030035008961749,0,0
0,0.883056346608463,1,1
0,0.9226985754533972,1,1
0,0.1171034244138384,0,0
0,0.26112103019292343,0,0
1,0.8846298341785941,1,1
1,0.7503476738689699,1,1
1,0.867442485481534,1,1
0,0.1196966032310853,0,0
0,0.27637400091522457,0,0
1,0.8333438884196877,1,1
0,0.7408732362992276,1,1
0,0.4412436062480179,0,0
0,0.8333214043986683,1,1
1,0.7232734650457681,1,1
0,0.16789842318708503,0,0
1,0.045795947988245767,0,0
0,0.21867877627183466,0,0
0,0.3048651791975414,0,0
1,0.792455198927223,1,1
0,0.17507348644115764,0,0
1,0.8797979372687946,1,1
0,0.469364528436419,0,0
1,0.4192689348688626,0,0
0,0.3408889780390643,0,0
1,0.7364765991641229,1,1
1,0.401834133240514,0,0
1,0.8560329634154398,1,1
0,0.6519675673122455,1,1
0,0.3806492559914178,0,0
0,0.25713178327154884,0,0
1,0.7133048196719455,1,1
0,0.09488471947480241,0,0
0,0.23844975883066413,0,0
0,0.5063174575922289,1,1
0,0.617715874634609,1,1
1,0.7122629516726917,1,1
1,0.4202215161407258,0,0
0,0.1915446300798005,0,0
1,0.5823352011636959,1,1
0,0.4446072345016459,0,0
0,0.5409053978949845,1,1
0,0.5088595836391226,1,1
0,0.3221162756127742,0,0
1,0.8304628381314916,1,1
0,0.5304800113745858,1,1
1,0.7870772766076343,1,1
0,0.06771108127119028,0,0
0,0.3967812573715,0,0
0,0.14232778769100213,0,0
1,0.8225972960110314,1,1
0,0.44690902106982233,0,0
0,0.4541433070490901,0,0
1,0.4536104399102898,0,0
0,0.37805353024917576,0,0
0,0.20066234945234473,0,0
0,0.15635951462407313,0,0
1,0.8715803343611863,1,1
1,0.8949195599448857,1,1
0,0.18912029450657986,0,0
0,0.10069780952656236,0,0
0,0.10663296097930576,0,0
0,0.13974216557905714,0,0
0,0.1114328748139726,0,0
1,0.4032843547511072,0,0
1,0.3283824207922827,0,0
1,0.5610957096895691,1,1
1,0.4979097771519709,0,0
0,0.41688440882361005,0,0
1,0.257674549273234,0,0
1,0.39738720285721374,0,0
1,0.9167777190484879,1,1
1,0.30694283335425504,0,0
0,0.19453791971214104,0,0
0,0.08947205867500645,0,0
0,0.7107735744789483,1,1
0,0.47995437953882175,0,0
0,0.5825000668628786,1,1
0,0.8794887555246396,1,1
0,0.2687910828321239,0,0
0,0.07640079831586344,0,0
1,0.8836772538807411,1,1
0,0.7393594844475471,1,1
0,0.36333521373435873,0,0
1,0.45107879938512546,0,0
0,0.22340795794316567,0,0
0,0.13725181850140133,0,0
1,0.5015653232116928,1,1
1,0.9450884899566881,1,1
0,0.7954260941740376,1,1
0,0.11519104558405106,0,0
0,0.2974282808254445,0,0
0,0.46982609155772903,0,0
0,0.5227585376533062,1,1
1,0.3541769750225852,0,0
1,0.5269547431884583,1,1
0,0.1865408284127419,0,0
1,0.8815233900729509,1,1
0,0.18263554799589415,0,0
1,0.7423224721443675,1,1
0,0.10574071493996928,0,0
0,0.15830899770459816,0,0
1,0.6549952681527528,1,1
0,0.1597098673104056,0,0
1,0.8983043181634632,1,1
1,0.8077320779250075,1,1
0,0.4997028922045882,0,0
1,0.41269421892415076,0,0
1,0.7084932196680062,1,1
0,0.4615068248029931,0,0
0,0.26469518581516777,0,0
0,0.10638085207576103,0,0
1,0.7934531859866065,1,1
0,0.3639713778115041,0,0
0,0.06477769294927019,0,0
0,0.20571319115901976,0,0
0,0.8030088425545113,1,1
0,0.5248222403151495,1,1
1,0.9132373809611483,1,1
1,0.3728637289474589,0,0
0,0.2253951904799999,0,0
1,0.4590667218268393,0,0
1,0.31649698958976236,0,0
0,0.2321069850121823,0,0
0,0.2048003234164297,0,0
1,0.8700717010903127,1,1
0,0.8524760196700052,1,1
0,0.7218087494874377,1,1
0,0.10255602348656097,0,0
0,0.4517149767478755,0,0
0,0.6882820134951624,1,1
1,0.8819820774804245,1,1
0,0.6632599922127047,1,1
0,0.3728619788590733,0,0
0,0.8415693871631658,1,1
1,0.5269393703836374,1,1
0,0.4473163253929861,0,0
1,0.3575262784690779,0,0
0,0.537875514780665,1,1
0,0.15300886883863804,0,0
1,0.4948017673101927,0,0
1,0.6256397959667386,1,1
0,0.4119506533696982,0,0
1,0.8037800057089632,1,1
0,0.18000344435061733,0,0
0,0.7219619483813549,1,1
0,0.17682996884001176,0,0
1,0.610501403677665,1,1
0,0.08423123323125738,0,0
0,0.09487982061871374,0,0
1,0.5393226677168871,1,1
0,0.2643088232897177,0,0
0,0.46073283123399467,0,0
0,0.816728301564386,1,1
1,0.4785335595767605,0,0
1,0.7489587363369721,1,1
1,0.8695242758716589,1,1
0,0.3291582597755616,0,0
0,0.19788353586705232,0,0
0,0.6735331685873448,1,1
1,0.3962554176482062,0,0
0,0.6598627946742608,1,1
0,0.13510176391976148,0,0
0,0.040279296508051066,0,0
1,0.6147966952436363,1,1
1,0.2957484648680179,0,0
0,0.9481558643845079,1,1
0,0.5749005976752962,1,1
0,0.41858164813867466,0,0
0,0.841101593213188,1,1
1,0.6241320284544905,1,1
0,0.19749655904544897,0,0
0,0.16312850601443135,0,0
0,0.7374235729693192,1,1
0,0.9407901803365356,1,1
0,0.5058830862634882,1,1
0,0.20959023259292725,0,0
1,0.45761706781267175,0,0
0,0.7853955548192997,1,1
0,0.6349036457210108,1,1
0,0.30206546649869753,0,0
0,0.6018954910853777,1,1
1,0.7559905377616043,1,1
0,0.5997580945905265,1,1
0,0.17341099011779756,0,0
0,0.11973420727266094,0,0
0,0.7839392383128452,1,1
0,0.05506655033918936,0,0
0,0.35348867811597867,0,0
1,0.8810306968447781,1,1
0,0.35093566277361377,0,0
0,0.4286818517035124,0,0
1,0.87374612454432,1,1
0,0.08242543322472035,0,0
1,0.5548603682067349,1,1
1,0.8162757511455427,1,1
1,0.673310246055551,1,1
0,0.21817410196546305,0,0
0,0.10111097191388746,0,0
1,0.7564898826370362,1,1
0,0.06009480711368051,0,0
0,0.672146585928931,1,1
1,0.45215490822317,0,0
1,0.35340631286847146,0,0
1,0.5159956801241927,1,1
0,0.3694984114878417,0,0
0,0.07282087256533741,0,0
1,0.8503518158920089,1,1
0,0.21545968287361933,0,0
1,0.8756031692154241,1,1
0,0.21083159653217398,0,0
0,0.13354014800570335,0,0
1,0.8763011666490694,1,1
0,0.17934159641261088,0,0
0,0.4643708841591838,0,0
0,0.39108104784579023,0,0
0,0.36316817638014,0,0
0,0.26526261462607403,0,0
0,0.5545410100542713,1,1
0,0.1994731820109096,0,0
0,0.5198696046177591,1,1
0,0.31156192039815117,0,0
0,0.29503919550752955,0,0
0,0.22631672588921428,0,0
1,0.912321442088386,1,1
0,0.20675151974357503,0,0
0,0.4420673699776196,0,0
0,0.7966363526586009,1,1
0,0.6859293686184512,1,1
1,0.7747775748375048,1,1
0,0.09420921185551522,0,0
0,0.9180435684662652,1,1
0,0.6691553607588532,1,1
0,0.36597121235541674,0,0
0,0.7725320686002451,1,1
0,0.36031206841554486,0,0
0,0.5442357340318212,1,1
0,0.6770422456101698,1,1
0,0.20157190101969436,0,0
0,0.42483569278107447,0,0
1,0.7695525189729767,1,1
0,0.816562318931001,1,1
1,0.9448236617746768,1,1
0,0.7946282250468434,1,1
1,0.717434562033286,1,1
0,0.1004399150133951,0,0
0,0.2301639283842633,0,0
1,0.572558089472207,1,1
1,0.2282029552326261,0,0
1,0.6557419432974565,1,1
0,0.12101054071372092,0,0
0,0.0956949068673591,0,0
0,0.9054127649001548,1,1
1,0.8233413029241102,1,1
0,0.09355417234927746,0,0
0,0.26783762806810707,0,0
1,0.8092633774577114,1,1
0,0.6611014968259162,1,1
1,0.6543699238545019,1,1
1,0.6008258800346852,1,1
0,0.5653125261739015,1,1
0,0.22575641470891808,0,0
0,0.18086680656598983,0,0
0,0.09895493937639561,0,0
0,0.3174264356435409,0,0
1,0.7195950422518679,1,1
1,0.3778672521636572,0,0
1,0.789989984927487,1,1
0,0.10776238708504564,0,0
0,0.20895771210929218,0,0
0,0.238402851945436,0,0
0,0.1317149728254941,0,0
0,0.510643351164018,1,1
1,0.8120692750897658,1,1
0,0.4079465144344465,0,0
0,0.35171752965960984,0,0
0,0.6364244322805295,1,1
1,0.7376461471191391,1,1
0,0.30073509593822273,0,0
0,0.5933475856061255,1,1
0,0.5572011900997862,1,1
1,0.5445937716904332,1,1
1,0.6091526595121046,1,1
0,0.16574856336395874,0,0
0,0.4038918853032546,0,0
1,0.6894777118710756,1,1
0,0.3078854183107819,0,0
0,0.29965704130703164,0,0
0,0.4397841255048152,0,0
0,0.5028081392191155,1,1
1,0.6885285729887267,1,1
1,0.9588876017325492,1,1
1,0.7813485721970836,1,1
1,0.8543455651185274,1,1
0,0.5481057597726909,1,1
1,0.7172456041017686,1,1
1,0.7171202702726074,1,1
0,0.04143017795131153,0,0
0,0.6265947167628825,1,1
0,0.04999205049711619,0,0
1,0.6271610781003762,1,1
0,0.5181716609799814,1,1
0,0.8095400169619411,1,1
0,0.10980677974455359,0,0
0,0.4007833562145882,0,0
0,0.804875715106487,1,1
0,0.710651839317883,1,1
1,0.6118504254546067,1,1
0,0.31585873935164194,0,0
1,0.8216069285456663,1,1
0,0.31911217547441,0,0
1,0.8498434450389765,1,1
1,0.7784860509784216,1,1
0,0.2982115154935757,0,0
0,0.8058242246544528,1,1
1,0.6981365381605733,1,1
1,0.6579665442188304,1,1
0,0.4985138663284607,0,0
0,0.17886862744739895,0,0
1,0.623059944850022,1,1
1,0.5460338107040968,1,1
1,0.9259364503727249,1,1
0,0.768241967254687,1,1
0,0.45810558977044513,0,0
1,0.9454611745374334,1,1
0,0.512254556629236,1,1
0,0.4916637928691221,0,0
0,0.5957219162526607,1,1
0,0.823386198470794,1,1
1,0.882618368843615,1,1
1,0.6218293485787774,1,1
0,0.6146732915727955,1,1
0,0.12425647835593105,0,0
1,0.8437563285736275,1,1
0,0.09445795120375931,0,0
1,0.8997860966666268,1,1
1,0.9035500759679028,1,1
0,0.5905828355829034,1,1
0,0.611333312676676,1,1
1,0.44515904799564554,0,0
0,0.1327888941786793,0,0
0,0.3161670297356303,0,0
0,0.2233232876740845,0,0
0,0.09928264636050432,0,0
1,0.8214777333121626,1,1
0,0.15158483391394123,0,0
1,0.5954485918281156,1,1
0,0.3556331236702067,0,0
0,0.5195790577880681,1,1
0,0.5288539409824615,1,1
0,0.18501211865241446,0,0
1,0.8125039200752219,1,1
0,0.20007676197130703,0,0
1,0.7630442523087277,1,1
0,0.43684960614958757,0,0
1,0.7592506516822514,1,1
0,0.9165041218090847,1,1
0,0.3598456797769062,0,0
0,0.6011127120151084,1,1
0,0.1407756948964561,0,0
0,0.3112001293327346,0,0
0,0.06614259692244125,0,0
0,0.1047241641713144,0,0
1,0.7851561800397303,1,1
0,0.33523976631352365,0,0
1,0.9025906324824474,1,1
0,0.12790118159824423,0,0
0,0.22220741501082347,0,0
0,0.5719343191592584,1,1
1,0.6952697963014611,1,1
1,0.6292544394734024,1,1
0,0.3992252037454753,0,0
0,0.2090389820678256,0,0
0,0.7300785682820804,1,1
0,0.8159759422566975,1,1
1,0.8077201178370397,1,1
1,0.6434718196804096,1,1
1,0.6767003146110822,1,1
0,0.28070413331251304,0,0
0,0.2872641570800726,0,0
0,0.5586500314463463,1,1
1,0.20853818737827076,0,0
1,0.7953445818881637,1,1
0,0.5567730708899751,1,1
1,0.05638539761716997,0,0
1,0.7420448043654099,1,1
1,0.8677050842034075,1,1
0,0.5810829323869457,1,1
0,0.10992306316893388,0,0
1,0.4028735811093428,0,0
0,0.1583531743544589,0,0
1,0.8403401613154023,1,1
0,0.33717885093937394,0,0
0,0.15385831758466018,0,0
0,0.4902648041166426,0,0
0,0.5196004600430894,1,1
0,0.4500941771869559,0,0
0,0.5074391882937453,1,1
0,0.08557309572950775,0,0
0,0.0659886977909447,0,0
1,0.279625454326401,0,0
1,0.7632115810571065,1,1
0,0.24871659381596214,0,0
1,0.5296501225597656,1,1
0,0.08450931190242371,0,0
0,0.04183798467028009,0,0
1,0.8607674649161587,1,1
0,0.7888616197097577,1,1
0,0.824679745523065,1,1
0,0.7444239869451136,1,1
0,0.16071519752439314,0,0
0,0.31992276808991393,0,0
0,0.43880409403883375,0,0
1,0.784083289413132,1,1
0,0.07363388651719484,0,0
0,0.3121005306615649,0,0
0,0.4554656779823581,0,0
1,0.304918089975633,0,0
1,0.6427818145224817,1,1
1,0.7709909666027808,1,1
0,0.7564639917333736,1,1
1,0.4175299816511146,0,0
1,0.884214483562882,1,1
1,0.9304487563430567,1,1
1,0.8068408015911793,1,1
1,0.8354498802692379,1,1
0,0.5190113506531682,1,1
0,0.41446651314703864,0,0
0,0.4585869604601061,0,0
0,0.38680780716934127,0,0
0,0.36795548873616685,0,0
0,0.3005063776889904,0,0
1,0.5980792295278599,1,1
0,0.13980064226825337,0,0
1,0.37057597688395466,0,0
1,0.5061211638502626,1,1
0,0.3222151763495541,0,0
1,0.5476758359778064,1,1
1,0.4770501736766402,0,0
1,0.8032956314301825,1,1
0,0.23103539394311592,0,0
1,0.7750724465827664,1,1
1,0.9151805972453216,1,1
0,0.32870780738700855,0,0
0,0.20918156324249693,0,0
0,0.8183526993189633,1,1
0,0.348828959841306,0,0
1,0.8899525991394579,1,1
1,0.7968852753145719,1,1
0,0.8124113737656506,1,1
0,0.7381344609469949,1,1
1,0.23566784240445318,0,0
0,0.3654700965947594,0,0
0,0.21130230422441434,0,0
0,0.20223427450663248,0,0
1,0.7065582953244689,1,1
0,0.09767678931183094,0,0
0,0.47520301731001646,0,0
0,0.14114429689477062,0,0
0,0.1775434763593662,0,0
0,0.7564425016168882,1,1
0,0.6664548495889961,1,1
0,0.5040004080600429,1,1
1,0.6844086524666695,1,1
0,0.1882921752275142,0,0
1,0.8213506798953225,1,1
1,0.6819834181168914,1,1
0,0.04476008402863055,0,0
0,0.3749784271886442,0,0
1,0.6595921408703623,1,1
0,0.7143638189356896,1,1
0,0.26095894077255294,0,0
0,0.920364481809296,1,1
1,0.9437150775668546,1,1
0,0.6370055828816232,1,1
1,0.8381709918339658,1,1
0,0.42902375938043824,0,0
1,0.5878549558155686,1,1
0,0.13827475004877593,0,0
0,0.25486943269021156,0,0
1,0.2976821638126159,0,0
1,0.7223059457627282,1,1
1,0.9047993018442941,1,1
1,0.899927434261282,1,1
0,0.16695641351713006,0,0
0,0.3474040696255927,0,0
0,0.38190511389083454,0,0
1,0.872366160871539,1,1
0,0.4032076640955157,0,0
1,0.8559357337214916,1,1
0,0.6764316560695135,1,1
0,0.444161691936253,0,0
0,0.12719772398424364,0,0
0,0.48445843757272533,0,0
0,0.645425950943683,1,1
0,0.17865627786060562,0,0
0,0.5061315986774082,1,1
0,0.1299710470203513,0,0
1,0.8422883963395433,1,1
0,0.42889526366994674,0,0
0,0.40389842974677226,0,0
1,0.46194693038959467,0,0
1,0.8716010443698005,1,1
1,0.9369705251055266,1,1
0,0.6737579057835522,1,1
0,0.6371493802555798,1,1
0,0.17263949054636787,0,0
1,0.8262474754456764,1,1
0,0.5454622468794453,1,1
0,0.3314353223768248,0,0
0,0.13454230288275046,0,0
1,0.9157426865862314,1,1
1,0.41747084002980794,0,0
0,0.5241732539307092,1,1
1,0.3341642877713988,0,0
0,0.28658990437102266,0,0
0,0.7749886594371582,1,1
0,0.24020557408646806,0,0
0,0.5578568870631938,1,1
0,0.13261617546520738,0,0
0,0.101752173275431,0,0
0,0.5935879396265278,1,1
1,0.6755728831697386,1,1
0,0.3392799674290306,0,0
0,0.3104873131064484,0,0
1,0.3950978485010428,0,0
0,0.16598979080743476,0,0
0,0.5212962630755829,1,1
1,0.504645476699667,1,1
1,0.2503119135601017,0,0
1,0.8778679175942092,1,1
0,0.7475726743091066,1,1
0,0.17814808100529803,0,0
0,0.6428010097409685,1,1
0,0.42774456983962345,0,0
1,0.7795198318968573,1,1
0,0.313668714416038,0,0
1,0.6930483377958975,1,1
0,0.0703458457948217,0,0
0,0.1133459013420552,0,0
1,0.48766282533056216,0,0
1,0.7137180259452125,1,1
0,0.22578324048062443,0,0
0,0.3746242347850297,0,0
0,0.42235195066712866,0,0
1,0.8064901036395207,1,1
1,0.7481882515942705,1,1
1,0.7739995690226987,1,1
0,0.6513425129474903,1,1
0,0.10177028314667724,0,0
1,0.7168695836323276,1,1
0,0.6746254201019146,1,1
0,0.8888393765588442,1,1
0,0.5227312434842971,1,1
0,0.08829484096445697,0,0
0,0.07263744588140593,0,0
1,0.5987910318599553,1,1
1,0.5075337460572165,1,1
0,0.6829912915658211,1,1
0,0.13891185813868434,0,0
1,0.7494412093600827,1,1
0,0.8568003985765741,1,1
0,0.20547338529501025,0,0
1,0.7549156670869184,1,1
1,0.4831882097359516,0,0
0,0.3922852146614324,0,0
0,0.0461289753410541,0,0
1,0.5095867092645903,1,1
0,0.35200083941330856,0,0
0,0.4861572292007047,0,0
1,0.8097493832281608,1,1
0,0.4056791758121778,0,0
1,0.33044684936834084,0,0
0,0.16439987889776334,0,0
0,0.3305572926616004,0,0
1,0.5807710346597434,1,1
1,0.9247759763145502,1,1
0,0.07611829879368268,0,0
1,0.8712508047985293,1,1
0,0.5834976161729424,1,1
0,0.7944643027111374,1,1
0,0.12055198947503147,0,0
0,0.24850917409892287,0,0
0,0.23033343040124282,0,0
1,0.6884794271510464,1,1
0,0.34126201237834625,0,0
1,0.4170759533250931,0,0
0,0.30526467233185656,0,0
0,0.366204069639866,0,0
1,0.35452287941031896,0,0
0,0.4550553244740466,0,0
0,0.79048999066831,1,1
1,0.31156564390896835,0,0
1,0.8433525598638438,1,1
0,0.5324702858584199,1,1
0,0.8477104445174026,1,1
1,0.6525885655377248,1,1
0,0.40517011751137855,0,0
0,0.06655109911166206,0,0
0,0.15148074798899014,0,0
0,0.16746863693786845,0,0
0,0.3051672097999193,0,0
0,0.23579232039557205,0,0
0,0.5383066961963475,1,1
1,0.8888106821730772,1,1
1,0.18259736145659977,0,0
0,0.3844762962830193,0,0
1,0.8844553734314166,1,1
0,0.19037453155499892,0,0
1,0.8479403675290393,1,1
1,0.8731292043012149,1,1
0,0.11467771669099368,0,0
0,0.5512854533822769,1,1
1,0.47113522860407203,0,0
0,0.15525198321222744,0,0
0,0.13814608724831964,0,0
1,0.9515308744045916,1,1
0,0.34483401234004785,0,0
0,0.5073135046413635,1,1
0,0.8023350666762474,1,1
0,0.0753333019894661,0,0
0,0.10229087742845208,0,0
0,0.23785826269243712,0,0
0,0.31057081698668865,0,0
0,0.3651871453110885,0,0
1,0.7554687524895013,1,1
0,0.19835337075969864,0,0
1,0.6460615766573905,1,1
0,0.033894380786111636,0,0
0,0.14656932441691026,0,0
0,0.13050747306791466,0,0
0,0.17614612162936702,0,0
1,0.39851769669116266,0,0
0,0.4976086653331714,0,0
0,0.39682658542269256,0,0
1,0.6185487156146847,1,1
0,0.04630837028253403,0,0
0,0.13580477628255733,0,0
0,0.5321917892178211,1,1
0,0.3520125099482546,0,0
0,0.23173484929442795,0,0
0,0.5543994281292163,1,1
0,0.35749604771346166,0,0
0,0.7539071964559204,1,1
0,0.8033349017566053,1,1
1,0.9558218634132648,1,1
0,0.13623793156487737,0,0
0,0.08581862394873452,0,0
0,0.14776397795115265,0,0
1,0.8927959480153114,1,1
0,0.10290138772659745,0,0
0,0.49208097949799406,0,0
0,0.6223540733028808,1,1
1,0.7955574778066439,1,1
0,0.589421816398053,1,1
1,0.5319406325265049,1,1
0,0.34666924559960605,0,0
0,0.25987497097499657,0,0
0,0.18636918400509914,0,0
1,0.3398795542360602,0,0
1,0.8157209501094449,1,1
1,0.2361775898508022,0,0
0,0.46297927283121343,0,0
0,0.9082735050078665,1,1
0,0.21467453069522527,0,0
0,0.7268186801714169,1,1
0,0.8986429224297341,1,1
0,0.35176564336515,0,0
0,0.3234934616264038,0,0
0,0.25765672658561023,0,0
0,0.5895069208326617,1,1
0,0.3391040628083791,0,0
1,0.7263010449501177,1,1
0,0.35191735475120667,0,0
1,0.6105915432219614,1,1
1,0.65848824350975,1,1
1,0.7041184115729654,1,1
0,0.34975697565008423,0,0
0,0.11366370890353777,0,0
0,0.7829515212207463,1,1
0,0.713712619666248,1,1
0,0.1258805495454602,0,0
1,0.8028902900923353,1,1
0,0.13077550363766796,0,0
0,0.34349138101855214,0,0
1,0.7787052532992915,1,1
1,0.9168559232485076,1,1
1,0.9298150951530827,1,1
0,0.5705112991865232,1,1
1,0.7782376601087333,1,1
0,0.5018704166545196,1,1
0,0.5238189311820216,1,1
0,0.6691996086748474,1,1
0,0.6071448543884863,1,1
1,0.7679852486572407,1,1
0,0.49546969641844124,0,0
0,0.15214026774413053,0,0
0,0.3869385349818871,0,0
0,0.47219379296372166,0,0
0,0.8476949858607157,1,1
1,0.5562925391400977,1,1
1,0.6642983575618506,1,1
0,0.432589800527586,0,0
0,0.5299723214430224,1,1
1,0.8463622734763198,1,1
1,0.9115716567471261,1,1
0,0.7357283322791004,1,1
1,0.5985170121200577,1,1
0,0.1879418596012685,0,0
1,0.8618236483169834,1,1
1,0.32189844085360697,0,0
0,0.34174205710245037,0,0
0,0.5953110871939148,1,1
0,0.1066937384477015,0,0
1,0.533959825808551,1,1
1,0.9067388171839811,1,1
1,0.8695639607863056,1,1
1,0.4585867045053711,0,0
1,0.11482188149399743,0,0
1,0.6216194192819583,1,1
0,0.7444418369265527,1,1
1,0.7927512853240787,1,1
0,0.40612156315744036,0,0
1,0.9150723931066193,1,1
1,0.35883560748698845,0,0
0,0.38622391812528045,0,0
0,0.26637233229537133,0,0
0,0.6815929302179107,1,1
0,0.047103863136000644,0,0
1,0.5929827563021762,1,1
1,0.8400927128434346,1,1
0,0.5961116635128262,1,1
0,0.7363316263044242,1,1
1,0.2256926785436964,0,0
1,0.6012431206161156,1,1
1,0.24071915789524967,0,0
0,0.30387341008474955,0,0
1,0.48750238422959996,0,0
0,0.7639826210026397,1,1
0,0.7296707291100596,1,1
1,0.49782086112570423,0,0
1,0.5968679756738171,1,1
1,0.4191760644352858,0,0
1,0.3817172463901441,0,0
0,0.5800574784801799,1,1
1,0.4247174623770068,0,0
1,0.671177658807875,1,1
1,0.45922545837753237,0,0
1,0.6946765740198828,1,1
1,0.7167285786338069,1,1
0,0.16235744686173695,0,0
1,0.8471613557156107,1,1
0,0.23214051259442814,0,0
0,0.5043252145596544,1,1
1,0.8844021898869003,1,1
0,0.5800038414920687,1,1
0,0.23746807230749425,0,0
0,0.9137995181761556,1,1
0,0.4220938244691628,0,0
1,0.8000951722747719,1,1
0,0.22446412783393302,0,0
1,0.7397024173206257,1,1
0,0.7274421711586377,1,1
0,0.15067562727325487,0,0
0,0.6207553991902149,1,1
1,0.6131078419844562,1,1
1,0.6282335682907554,1,1
0,0.1605807203626904,0,0
0,0.06792658930870893,0,0
0,0.18949670054187537,0,0
1,0.818698999055019,1,1
1,0.8735395270019973,1,1
1,0.3828908262989398,0,0
0,0.18534086384291587,0,0
0,0.7367787904145048,1,1
0,0.1567335249936237,0,0
0,0.4153423700799545,0,0
1,0.8120080530867293,1,1
0,0.33386919820019234,0,0
0,0.4566579856419053,0,0
0,0.2805686313659386,0,0
0,0.7400210847421095,1,1
0,0.17880354965698872,0,0
1,0.954164846676766,1,1
0,0.1477227608369635,0,0
0,0.9478477256889257,1,1
1,0.8109217224939004,1,1
1,0.29672246191627577,0,0
1,0.8474070859018682,1,1
1,0.5883750991710722,1,1
0,0.22408768725115932,0,0
0,0.321658752843592,0,0
1,0.8395777862993572,1,1
0,0.052370555014377825,0,0
0,0.30499938066786053,0,0
0,0.38477400967534786,0,0
0,0.6690082279230334,1,1
1,0.7439660883937609,1,1
0,0.8900167416028129,1,1
0,0.0785397611031055,0,0
1,0.12195293819221857,0,0
1,0.49930008722061525,0,0
1,0.8499173237369164,1,1
0,0.47404168649567036,0,0
1,0.4789823222474276,0,0
1,0.24019783136500486,0,0
1,0.932833641234609,1,1
1,0.8577696334163061,1,1
0,0.10319687976516287,0,0
1,0.3522893070343837,0,0
0,0.6767661154751362,1,1
1,0.3515554492552937,0,0
1,0.3955627174707917,0,0
1,0.5681284462931824,1,1
1,0.8828383993372335,1,1
1,0.5613059291353979,1,1
0,0.5277465567177497,1,1
1,0.12364244000348498,0,0
0,0.4400131217802192,0,0
0,0.24583768580974097,0,0
0,0.12802494222572103,0,0
0,0.13530120440499238,0,0
0,0.23213375455515695,0,0
1,0.18942439603628827,0,0
1,0.94205779510354,1,1
0,0.669716506939302,1,1
1,0.6140492143312678,1,1
0,0.24564477526727527,0,0
0,0.31244876052632875,0,0
1,0.22436670047498095,0,0
0,0.22065813367798257,0,0
1,0.8361925516853292,1,1
0,0.4611327838662351,0,0
0,0.412399619728846,0,0
0,0.38460112359467397,0,0
0,0.7047839225882069,1,1
0,0.6853804068973451,1,1
0,0.3892819871999517,0,0
0,0.26485868734978657,0,0
0,0.19681635418368215,0,0
0,0.13370310882408085,0,0
0,0.5799976888499422,1,1
0,0.7389065681702875,1,1
1,0.23844546175436682,0,0
1,0.8388419914537981,1,1
0,0.21546822380935335,0,0
1,0.37437184416761865,0,0
1,0.8140714560975749,1,1
0,0.052173106291981096,0,0
0,0.20040899534664497,0,0
1,0.48623757094445286,0,0
0,0.22318008835097558,0,0
0,0.49719076281781965,0,0
1,0.7875607374698579,1,1
1,0.9153625910248535,1,1
0,0.16232630866179093,0,0
1,0.5975080123657541,1,1
0,0.5939390710168803,1,1
0,0.4686131757503201,0,0
0,0.11803840345048801,0,0
1,0.8672233696195111,1,1
1,0.8134002874006862,1,1
0,0.5291693200838244,1,1
0,0.8329780048839122,1,1
0,0.9571647177196828,1,1
0,0.9092001173235239,1,1
1,0.3282740383265089,0,0
0,0.11951934700733037,0,0
0,0.15354835196573957,0,0
0,0.22717006169894066,0,0
1,0.42486107306277604,0,0
1,0.6645748194585364,1,1
1,0.5685980875868767,1,1
0,0.09013643602817992,0,0
1,0.9238567842955749,1,1
1,0.817498323394769,1,1
1,0.7661752282973245,1,1
1,0.4562285960729695,0,0
0,0.2572616354834679,0,0
0,0.42423246757492217,0,0
1,0.8841926680733371,1,1
0,0.31973142588986875,0,0
0,0.7388750409646838,1,1
0,0.5035835778543835,1,1
0,0.3769953185516109,0,0
1,0.8440695664935539,1,1
0,0.5767643468196089,1,1
0,0.2519955120685002,0,0
1,0.5975274799597976,1,1
0,0.8728433767287724,1,1
1,0.6999530595151131,1,1
1,0.8688223076713453,1,1
0,0.12211161716590704,0,0
0,0.5858063989616645,1,1
0,0.08884706923181661,0,0
0,0.3499951539338882,0,0
0,0.43417234420346024,0,0
0,0.27290763770948234,0,0
1,0.6465462844339553,1,1
0,0.37294784064591985,0,0
0,0.86131782430836,1,1
0,0.22475970156453562,0,0
0,0.4393569387170456,0,0
1,0.7949400918937471,1,1
0,0.5238793290151955,1,1
0,0.11438054152788425,0,0
1,0.8736447414976036,1,1
0,0.5566930140141659,1,1
0,0.09837645707635144,0,0
0,0.5904056239029574,1,1
0,0.460377932278841,0,0
0,0.2149422277535256,0,0
1,0.9416040226007105,1,1
1,0.5564088906925342,1,1
0,0.7577492093270223,1,1
0,0.3114778065282407,0,0
0,0.3112843151521141,0,0
1,0.8254848740438624,1,1
1,0.7135545073617657,1,1
0,0.7685902543681388,1,1
0,0.7558880111524618,1,1
1,0.8838811927346815,1,1
0,0.2133817555254411,0,0
1,0.7822156373180689,1,1
0,0.3676257340626892,0,0
1,0.6679054166525739,1,1
0,0.40584026111448124,0,0
0,0.025416301966540558,0,0
0,0.48799035939049246,0,0
0,0.7841631400531429,1,1
1,0.8006897193023237,1,1
1,0.7955261552579418,1,1
0,0.7738906134258459,1,1
1,0.730360994062636,1,1
0,0.8408383012260165,1,1
0,0.05243581809844248,0,0
0,0.35958525123642254,0,0
0,0.13892339951827753,0,0
0,0.206141919005726,0,0
0,0.47843372252572297,0,0
0,0.7595769529016839,1,1
0,0.631641129022786,1,1
0,0.7360558452057098,1,1
0,0.23598890606553424,0,0
1,0.6461638643923701,1,1
0,0.3885471316151057,0,0
0,0.6889847311912176,1,1
1,0.8956834884192993,1,1
0,0.43752548901620264,0,0
1,0.8097466370254532,1,1
0,0.36412572005844196,0,0
0,0.07584143654706946,0,0
1,0.2586815848251111,0,0
0,0.7699571262231633,1,1
0,0.6706630950613792,1,1
1,0.1785550040328592,0,0
0,0.20681761745736774,0,0
0,0.13895146584082865,0,0
1,0.7355835294621954,1,1
0,0.6205414009520377,1,1
1,0.14426148249836837,0,0
0,0.8400089868036847,1,1
1,0.8684271254352479,1,1
0,0.23143382496282508,0,0
0,0.7184490620955689,1,1
1,0.7050207147440346,1,1
1,0.8235479539786943,1,1
0,0.8713173690955086,1,1
0,0.24829587238888706,0,0
1,0.1067003747967332,0,0
0,0.11486140160099195,0,0
1,0.8237147389128912,1,1
1,0.9474244044266995,1,1
1,0.7800451957777118,1,1
0,0.20389883567904002,0,0
0,0.6048037266380821,1,1
0,0.1656187838300543,0,0
1,0.7289399291554721,1,1
1,0.7233770242635933,1,1
0,0.6336200890105442,1,1
0,0.10009463249069801,0,0
0,0.09907201086786034,0,0
0,0.8051505329757271,1,1
0,0.48980010667539453,0,0
0,0.12939928055636477,0,0
1,0.9094327026537494,1,1
1,0.6965787975982903,1,1
1,0.6915320986576513,1,1
0,0.2056355828901988,0,0
1,0.8750338020398406,1,1
1,0.8009411995703748,1,1
0,0.3564499248656559,0,0
1,0.8023659638032322,1,1
1,0.30178458689083326,0,0
0,0.3274620314099957,0,0
1,0.7969724220821222,1,1
0,0.3222647716135101,0,0
0,0.5484693059124013,1,1
1,0.5921916482469815,1,1
0,0.23695334531573692,0,0
0,0.34225644585817955,0,0
0,0.38241974942732426,0,0
0,0.2454677933052315,0,0
0,0.23341826840614552,0,0
0,0.39172500934976917,0,0
0,0.8995022555948321,1,1
1,0.3429136420888831,0,0
0,0.28436390951369234,0,0
1,0.8814440871346555,1,1
0,0.7045702520071375,1,1
0,0.5644880541534956,1,1
0,0.26053362360864174,0,0
0,0.8206109319183718,1,1
0,0.43026127790084673,0,0
1,0.729958641142056,1,1
0,0.510202906814388,1,1
1,0.12998538667451195,0,0
0,0.2709819863339464,0,0
0,0.19888285735352687,0,0
0,0.2861169045889988,0,0
0,0.08547332792031512,0,0
1,0.9229856479007053,1,1
1,0.5174591256905722,1,1
0,0.08160702905752586,0,0
0,0.6286125551201697,1,1
0,0.237016103091366,0,0
0,0.5393500317077365,1,1
0,0.10099275061422902,0,0
0,0.5609120741580721,1,1
1,0.701143501159864,1,1
0,0.4799944184944637,0,0
0,0.6718891759565297,1,1
1,0.8536957816580213,1,1
0,0.36740028485800036,0,0
0,0.11357399278394298,0,0
0,0.7095402127850117,1,1
0,0.49693592217737187,0,0
1,0.6217064287429159,1,1
0,0.31636832557291034,0,0
0,0.26054758215310975,0,0
0,0.16828475881894617,0,0
0,0.14723107752333325,0,0
0,0.6513436321392283,1,1
0,0.09458926199690866,0,0
1,0.7530096061623481,1,1
0,0.0667725283198931,0,0
1,0.13941449887220167,0,0
0,0.6050750253396331,1,1
0,0.688104780733484,1,1
1,0.6617016247524096,1,1
1,0.5948071787428686,1,1
0,0.4267808777799771,0,0
1,0.7968907770448267,1,1
0,0.17110067002177715,0,0
1,0.9435359568216375,1,1
1,0.5983031151994528,1,1
1,0.9462639615834392,1,1
1,0.9782033205385571,1,1
0,0.33075274253908427,0,0
0,0.3277455296856117,0,0
1,0.6786416451817477,1,1
0,0.5564718777615494,1,1
0,0.13740901011657453,0,0
0,0.13138417294743848,0,0
1,0.49469064134445573,0,0
0,0.18343390119086259,0,0
1,0.42460129280300163,0,0
1,0.7836181293427406,1,1
1,0.7808016132856864,1,1
1,0.912533147787862,1,1
1,0.9340901136951771,1,1
0,0.2921366264195315,0,0
0,0.09094848450678669,0,0
1,0.3888835067062609,0,0
0,0.17022081683656112,0,0
0,0.7768337849638357,1,1
0,0.5203580869523513,1,1
0,0.5745502157541106,1,1
1,0.8545373149294355,1,1
1,0.8589788639307558,1,1
0,0.452554137512319,0,0
1,0.8556752139016154,1,1
1,0.8715936752182074,1,1
0,0.16536197329279173,0,0
0,0.23690388763846482,0,0
0,0.8148258885876487,1,1
0,0.5697221466254919,1,1
0,0.5869794112512187,1,1
0,0.1407395706092457,0,0
0,0.19095494133401947,0,0
0,0.11273921429678177,0,0
1,0.880756654780188,1,1
0,0.22295036619749847,0,0
0,0.22743345043238056,0,0
0,0.48709664123929314,0,0
1,0.5232480257749197,1,1
1,0.07892985399541563,0,0
1,0.8729146776160495,1,1
0,0.7199202450001989,1,1
1,0.4991090604687923,0,0
0,0.3866863547162333,0,0
0,0.1871915400770157,0,0
1,0.930342437370397,1,1
0,0.12744619602279364,0,0
0,0.6028405530947525,1,1
0,0.30572174021740095,0,0
0,0.15882562148434046,0,0
1,0.7458388655018825,1,1
0,0.4267808159613404,0,0
0,0.47986943764856427,0,0
0,0.2265560786319611,0,0
1,0.7795633028146849,1,1
0,0.44055744463312274,0,0
1,0.48840500268220693,0,0
0,0.1768330349193395,0,0
0,0.12420400293492616,0,0
1,0.3585247789889767,0,0
1,0.8337878562014048,1,1
0,0.40474703380674587,0,0
0,0.7610124483509811,1,1
0,0.8318348191487971,1,1
0,0.36752525724809787,0,0
0,0.3813829506018719,0,0
0,0.0753829601890901,0,0
0,0.41363123890603576,0,0
1,0.8506072796117058,1,1
0,0.2920679025893123,0,0
0,0.8861143039995828,1,1
0,0.9141480594133727,1,1
0,0.5234234004672685,1,1
0,0.82972974672204,1,1
0,0.552469679847194,1,1
1,0.5266189456771543,1,1
0,0.7233987561554498,1,1
0,0.2159117417596205,0,0
1,0.29576868267641493,0,0
0,0.3530744684234748,0,0
0,0.16708351259832396,0,0
0,0.8773393255048749,1,1
0,0.22891820538574495,0,0
1,0.7721622894778382,1,1
1,0.7857623148445206,1,1
0,0.15592094519905741,0,0
1,0.44866005981720136,0,0
1,0.4982711739696642,0,0
0,0.4917736697773193,0,0
0,0.1430149125581825,0,0
1,0.644623142146243,1,1
0,0.8270766885914569,1,1
1,0.7666908689760351,1,1
1,0.8768338545106275,1,1
0,0.6110749555878114,1,1
1,0.7648809272396118,1,1
0,0.17810573086329526,0,0
1,0.8504557302351495,1,1
1,0.6537197882337251,1,1
1,0.8877364767875514,1,1
0,0.2551432407015097,0,0
1,0.7631351291048778,1,1
0,0.8496069504089988,1,1
0,0.41994411593554504,0,0
0,0.10097440577439365,0,0
0,0.6176847417852236,1,1
0,0.29552485167844766,0,0
1,0.8962731447628672,1,1
1,0.5661471409579947,1,1
0,0.7838128899302089,1,1
0,0.4157025715053494,0,0
0,0.3301862050139794,0,0
1,0.6291149822619608,1,1
1,0.8447982290013477,1,1
0,0.40657614466118064,0,0
1,0.9041901038821367,1,1
0,0.5923353619291871,1,1
1,0.525270718630724,1,1
0,0.4091634382947802,0,0
0,0.29721122882287804,0,0
1,0.7465146469822846,1,1
1,0.8571777408076621,1,1
0,0.6526274485183949,1,1
1,0.724145762353156,1,1
0,0.3224225800688525,0,0
0,0.3480182013626882,0,0
0,0.3539622265712309,0,0
0,0.4264618024607146,0,0
0,0.6639503591146568,1,1
0,0.20051055519802638,0,0
0,0.23374486604729594,0,0
1,0.5012429259747951,1,1
1,0.7638633733777482,1,1
0,0.37503319305331456,0,0
0,0.17456523375073843,0,0
0,0.33951602255614194,0,0
0,0.7916515373249219,1,1
1,0.7081911511368055,1,1
0,0.07736388278540594,0,0
0,0.30939811870396267,0,0
0,0.14809975571649062,0,0
1,0.7814029296450021,1,1
0,0.22717944828397688,0,0
0,0.24214954608807812,0,0
1,0.8674015865025966,1,1
0,0.5389632426763475,1,1
0,0.5822599740276894,1,1
0,0.0759052109984528,0,0
0,0.3565376682215304,0,0
0,0.7932493914713578,1,1
0,0.25217053366607867,0,0
1,0.9508164450160326,1,1
0,0.270273609743858,0,0
0,0.28507581811327903,0,0
0,0.2051271924259578,0,0
0,0.12010857071221896,0,0
0,0.45554916043040233,0,0
0,0.7118381336666085,1,1
0,0.2499337331427116,0,0
0,0.2704919469138405,0,0
1,0.9405528060545593,1,1
0,0.40574843179537984,0,0
0,0.227975514912993,0,0
1,0.8447604858582533,1,1
1,0.6014441855899734,1,1
0,0.07418432362947351,0,0
0,0.19982857127109788,0,0
0,0.10387198952816445,0,0
1,0.7231248288012873,1,1
0,0.29486956480007526,0,0
1,0.7162071015407341,1,1
1,0.21610406387725925,0,0
1,0.5521907663734604,1,1
0,0.18888853127440447,0,0
0,0.4216632731855874,0,0
0,0.2063158001818871,0,0
1,0.8031019282309942,1,1
1,0.7749532359623521,1,1
0,0.0720925673368343,0,0
0,0.20227375866363384,0,0
0,0.5422855227525918,1,1
0,0.8420607638653691,1,1
1,0.8701806955290525,1,1
1,0.7531098211390175,1,1
0,0.5996116492886282,1,1
1,0.5495931775759182,1,1
0,0.1897305545164111,0,0
0,0.31206186483769455,0,0
0,0.6142285600055284,1,1
0,0.13200670363211311,0,0
1,0.8764187684920044,1,1
1,0.5980457838162228,1,1
0,0.2141957970545303,0,0
1,0.5763110272115467,1,1
0,0.5103110269490283,1,1
0,0.09063232329207548,0,0
0,0.04174993957240759,0,0
0,0.35760005196541106,0,0
0,0.23231926249606874,0,0
0,0.6811733498817961,1,1
0,0.5579114854999165,1,1
0,0.11007968165559937,0,0
1,0.6466134280210828,1,1
1,0.44867602296976195,0,0
0,0.8395628933376232,1,1
0,0.1629638182618532,0,0
0,0.4432093708298972,0,0
1,0.7505708756107364,1,1
0,0.11575744277507119,0,0
0,0.48532141445913235,0,0
0,0.43738900843979733,0,0
0,0.5195787658101328,1,1
1,0.8561071716514779,1,1
0,0.5498863473103206,1,1
0,0.4390173969713143,0,0
1,0.6720729027225562,1,1
0,0.14883543686577055,0,0
0,0.23564853504022037,0,0
0,0.39757427660051686,0,0
0,0.678797369437107,1,1
0,0.6178648434442764,1,1
1,0.8852838802975856,1,1
1,0.5583584818088503,1,1
0,0.3486880252815834,0,0
0,0.527683268473585,1,1
0,0.26405394949954053,0,0
0,0.4557854999561979,0,0
1,0.876233795598451,1,1
0,0.23698034191807693,0,0
1,0.5679426760500197,1,1
1,0.811661602752277,1,1
1,0.7990612422787338,1,1
0,0.2020970191264269,0,0
0,0.3322652067038074,0,0
1,0.38213268394909067,0,0
0,0.29819820795553337,0,0
1,0.6201360968820209,1,1
0,0.14158132600603757,0,0
0,0.5934709313859362,1,1
0,0.37601104298103344,0,0
0,0.28040088877300257,0,0
0,0.17171453220881713,0,0
0,0.17080003261625773,0,0
0,0.1149973946301492,0,0
0,0.4149135910429045,0,0
1,0.38213864987155677,0,0
0,0.03947034163024355,0,0
1,0.6307123585055331,1,1
0,0.5445521592004168,1,1
1,0.940234235333411,1,1
0,0.7044668188384139,1,1
1,0.3922172795493537,0,0
1,0.7943596856569898,1,1
1,0.8988383891709696,1,1
1,0.9759443314275343,1,1
1,0.7749169945558775,1,1
1,0.8638879707928557,1,1
0,0.4080121789764017,0,0
0,0.8283700257107012,1,1
0,0.4688411899151869,0,0
1,0.5097644802461361,1,1
1,0.8185499359540107,1,1
0,0.38301890873337124,0,0
1,0.852501177662421,1,1
0,0.12373801256853773,0,0
1,0.6333080488136799,1,1
0,0.5847966680002965,1,1
0,0.8127143005896973,1,1
1,0.8965579179829827,1,1
0,0.1356327772856888,0,0
1,0.5014813504900475,1,1
0,0.1820004324997884,0,0
1,0.8636577455951252,1,1
1,0.5957990754814377,1,1
1,0.881673227457455,1,1
1,0.7035960965840401,1,1
0,0.14011516071658534,0,0
0,0.6687024142837871,1,1
0,0.1522698177475609,0,0
1,0.8203826578716259,1,1
0,0.09222700984705652,0,0
0,0.6957744447332803,1,1
0,0.2430926525177011,0,0
0,0.16818345160078532,0,0
0,0.5680505630223553,1,1
0,0.15042741798848078,0,0
0,0.2738598148227383,0,0
0,0.07129168230418936,0,0
0,0.9327748414627732,1,1
0,0.15094472763005254,0,0
0,0.1979043654900875,0,0
0,0.4921890495479791,0,0
0,0.37036357319183094,0,0
0,0.54253062489669,1,1
1,0.7786208574346603,1,1
0,0.06656561606156212,0,0
0,0.18564993241382297,0,0
1,0.0783424071134402,0,0
0,0.272272656780102,0,0
0,0.218911421550673,0,0
0,0.11139394805275384,0,0
0,0.2586191777238299,0,0
1,0.9538466925266863,1,1
0,0.06384632243236169,0,0
1,0.7367441370146559,1,1
0,0.14863481275474716,0,0
1,0.8579501449923842,1,1
0,0.7804526869172352,1,1
0,0.7610851764869477,1,1
1,0.810496098834549,1,1
0,0.5969566328949605,1,1
0,0.08689741151883056,0,0
0,0.32089172747034156,0,0
0,0.039647361587249456,0,0
0,0.27039145877010307,0,0
0,0.23816639595152764,0,0
0,0.23387717969631158,0,0
0,0.8656583628782805,1,1
0,0.120089721815183,0,0
1,0.9031092744477207,1,1
0,0.1531855384345583,0,0
0,0.19104132837139357,0,0
1,0.7964408178342822,1,1
0,0.737110046762446,1,1
1,0.8917223441389341,1,1
1,0.4791541261602354,0,0
0,0.21068009371979327,0,0
0,0.33504991228444775,0,0
1,0.551632417149044,1,1
1,0.7569902372088185,1,1
1,0.9281489336143313,1,1
0,0.5633838655154448,1,1
0,0.6235533876846934,1,1
1,0.8163969331825921,1,1
1,0.7120850865175841,1,1
1,0.3931642243556953,0,0
0,0.873793018023468,1,1
0,0.16397420494409376,0,0
0,0.4166324559218402,0,0
0,0.20202864069542653,0,0
0,0.291724146228707,0,0
1,0.8407101493770269,1,1
0,0.35678938932765714,0,0
0,0.16609024133802583,0,0
0,0.2763128407358426,0,0
0,0.3582380105051106,0,0
0,0.2336491789223974,0,0
1,0.5406321437058493,1,1
0,0.8952042793751007,1,1
1,0.6472492391286279,1,1
0,0.8324936576936169,1,1
1,0.7937389001188371,1,1
1,0.8169211901156042,1,1
1,0.6798931163386044,1,1
0,0.15059405587080835,0,0
0,0.7198455261350313,1,1
0,0.11880094007457966,0,0
1,0.513979304520056,1,1
1,0.8851751403668138,1,1
0,0.18835646552879814,0,0
0,0.09642802622900173,0,0
1,0.42106026307067573,0,0
1,0.7967029226398312,1,1
0,0.26197905370003566,0,0
1,0.8289707575987131,1,1
0,0.5685552424826987,1,1
0,0.4181311726157934,0,0
0,0.1073049363656016,0,0
1,0.8441311127849039,1,1
0,0.7448374094631838,1,1
0,0.32515779278072177,0,0
1,0.8567638549816979,1,1
0,0.15565759978860172,0,0
1,0.9615500305371174,1,1
0,0.39493115124044026,0,0
0,0.0925555426938403,0,0
1,0.8014707805571653,1,1
0,0.18761431479491808,0,0
0,0.6574187151600759,1,1
0,0.12826569778044353,0,0
0,0.10397236003102396,0,0
0,0.1981647806632641,0,0
0,0.5322525954894116,1,1
1,0.6924771106217549,1,1
0,0.21734288546163813,0,0
0,0.8426549756939201,1,1
0,0.4546259872822324,0,0
0,0.18024113374055056,0,0
0,0.1252597218626886,0,0
1,0.8449165628995126,1,1
1,0.8741830824476184,1,1
0,0.1197883815397633,0,0
1,0.2716607558836479,0,0
1,0.8177818624275742,1,1
0,0.1463077255150664,0,0
0,0.20307351845343605,0,0
0,0.6017966871323527,1,1
1,0.7073948333343961,1,1
1,0.16865578142218596,0,0
1,0.8617977296342435,1,1
0,0.06993034792167847,0,0
0,0.5601658522098786,1,1
0,0.22381307187457283,0,0
0,0.31830196776324865,0,0
0,0.3305369783282986,0,0
0,0.38005170444510805,0,0
0,0.2966649933831637,0,0
0,0.46875703983118366,0,0
0,0.2862371488372159,0,0
0,0.4134866775247755,0,0
1,0.9346533289858637,1,1
0,0.13072770318239493,0,0
1,0.13901409242368917,0,0
1,0.7963152224471338,1,1
0,0.07867314315365331,0,0
0,0.8131105423638485,1,1
0,0.17029985618266977,0,0
0,0.4627447699399087,0,0
0,0.07533528885449937,0,0
0,0.17832811250622424,0,0
0,0.27770222667432837,0,0
0,0.21358161093241881,0,0
1,0.8604301112648314,1,1
1,0.7761077847061549,1,1
0,0.6772193188240888,1,1
1,0.8625356991318313,1,1
0,0.16928464708421634,0,0
0,0.43168916661832946,0,0
0,0.7058706528763029,1,1
1,0.7984900631190042,1,1
0,0.09750691008620217,0,0
1,0.7936893476986239,1,1
1,0.8139778045024887,1,1
0,0.254875898640728,0,0
1,0.8223669112060765,1,1
0,0.529057065754983,1,1
0,0.2550983038247159,0,0
1,0.8486803521833871,1,1
0,0.4401673519626171,0,0
1,0.6257225101480338,1,1
0,0.2970556020748203,0,0
0,0.300624444275122,0,0
1,0.2507312497860208,0,0
1,0.9473055921578537,1,1
0,0.3290139184170187,0,0
0,0.2821876123079735,0,0
0,0.07279027595000787,0,0
1,0.7423041830866444,1,1
0,0.3946867752331848,0,0
0,0.658849807357338,1,1
0,0.2194235653983247,0,0
0,0.8588811437604827,1,1
0,0.5454167726310476,1,1
0,0.7983886177901269,1,1
0,0.12918696766259768,0,0
0,0.10473502804713576,0,0
1,0.8849962743184102,1,1
0,0.5277821546041832,1,1
0,0.14160190615835022,0,0
0,0.4074839936121488,0,0
0,0.22540924932788367,0,0
0,0.15020141048003224,0,0
1,0.5315816802540819,1,1
0,0.7320164644202314,1,1
1,0.31875436706813803,0,0
0,0.35867583594032965,0,0
1,0.7921597861146065,1,1
0,0.3799781196183951,0,0
1,0.8276371861583498,1,1
0,0.4852780263839275,0,0
0,0.9308517328269502,1,1
0,0.16445785622285636,0,0
0,0.46651739382011215,0,0
1,0.19566277268718302,0,0
0,0.5117653566501469,1,1
1,0.7787088840437459,1,1
1,0.8746371195177813,1,1
0,0.1577345269959347,0,0
0,0.7900621245605524,1,1
0,0.06275994870673046,0,0
1,0.9132367181985795,1,1
0,0.25618785712658154,0,0
0,0.5887895859566213,1,1
0,0.7593270950027285,1,1
0,0.26062416504537034,0,0
0,0.2493223017940144,0,0
0,0.2546373433397001,0,0
1,0.6380668952537774,1,1
0,0.8542221171093655,1,1
0,0.6182982586202159,1,1
1,0.9224048752801104,1,1
1,0.2670481321664425,0,0
1,0.5291613933490686,1,1
0,0.4184776257717911,0,0
0,0.7587732362932009,1,1
0,0.7647459324494423,1,1
0,0.09093704176125625,0,0
1,0.8511316602322428,1,1
0,0.31119130415472224,0,0
0,0.1643588815623922,0,0
1,0.867845424756487,1,1
0,0.28941377579642935,0,0
0,0.5206690005232099,1,1
1,0.3797887928705595,0,0
1,0.8820368271721889,1,1
0,0.7516341681851413,1,1
0,0.4992759189691677,0,0
0,0.7713044436819987,1,1
1,0.6162368164602345,1,1
0,0.43716212641745567,0,0
0,0.3819281583013052,0,0
0,0.26003942454566914,0,0
1,0.898656031722413,1,1
0,0.2885600807158068,0,0
0,0.3250791919295624,0,0
0,0.15759763969672344,0,0
0,0.5138804420794518,1,1
0,0.1702066870705909,0,0
0,0.1123094014318379,0,0
0,0.792926479755978,1,1
0,0.5140387055909017,1,1
0,0.11828546964635568,0,0
0,0.541770074331785,1,1
0,0.16332480302044586,0,0
0,0.5369371763672603,1,1
0,0.870617422964196,1,1
0,0.8013327638629938,1,1
0,0.7885099750572807,1,1
0,0.442009062267876,0,0
0,0.4248557013287288,0,0
0,0.08498229168574586,0,0
0,0.7614932041595378,1,1
0,0.20839898146392524,0,0
0,0.47199816297418207,0,0
1,0.792551357133796,1,1
0,0.309763063546844,0,0
1,0.7141166564562436,1,1
0,0.49729020609861413,0,0
1,0.7332805003994768,1,1
1,0.4074874521861865,0,0
1,0.9287309285496504,1,1
0,0.3348902701510921,0,0
0,0.10140193931936474,0,0
1,0.3577732241755985,0,0
0,0.37150793385770586,0,0
0,0.2547410934303533,0,0
0,0.22972791499105855,0,0
1,0.5102130670492608,1,1
1,0.827453950032518,1,1
0,0.15506971967731173,0,0
1,0.6358002508289471,1,1
0,0.13811280376392532,0,0
1,0.7905236744477153,1,1
0,0.19465804705880324,0,0
0,0.7250659867805209,1,1
0,0.6765228380717209,1,1
0,0.5542212723185957,1,1
1,0.6046683533671844,1,1
0,0.4718537337319474,0,0
0,0.08231502335612588,0,0
0,0.6070693381543589,1,1
0,0.718265315249482,1,1
0,0.10553939532573699,0,0
0,0.47713671180955447,0,0
0,0.1805258846823788,0,0
1,0.43448711894109543,0,0
0,0.26942004559005156,0,0
1,0.8770615820787812,1,1
0,0.3179177492474877,0,0
1,0.24879961952540727,0,0
0,0.17743617047484966,0,0
0,0.4163512653466434,0,0
0,0.533372992814431,1,1
1,0.8453127085927751,1,1
0,0.44044016855797613,0,0
0,0.7701000812711087,1,1
1,0.40030764668060936,0,0
1,0.8224825548888817,1,1
0,0.5514161203640674,1,1
0,0.44778909815724605,0,0
0,0.28167148581093704,0,0
0,0.3659401376845177,0,0
0,0.2096542216904834,0,0
0,0.8088740476364993,1,1
0,0.25247304114543145,0,0
0,0.11187363139697465,0,0
1,0.1922087400284214,0,0
0,0.13151171860334682,0,0
1,0.31423871237433965,0,0
1,0.687019425750022,1,1
0,0.2210464555033816,0,0
0,0.6441223971828871,1,1
1,0.3595888428642502,0,0
1,0.47759891497118184,0,0
0,0.145830499444976,0,0
0,0.6725426500696122,1,1
1,0.5479627152658264,1,1
0,0.5203660641223453,1,1
1,0.8976474609039488,1,1
1,0.6515652250622613,1,1
1,0.9100944809995825,1,1
1,0.9185686877252652,1,1
0,0.5737136450831026,1,1
1,0.9154280553816619,1,1
0,0.8069882760719259,1,1
1,0.8753525268917014,1,1
0,0.27207937017123923,0,0
0,0.18191824106974308,0,0
0,0.4033095270872067,0,0
1,0.8010732262125936,1,1
0,0.3036251272487848,0,0
1,0.7503854558215838,1,1
1,0.3302962106814234,0,0
1,0.9398186367554551,1,1
0,0.11969939956089554,0,0
1,0.7183570707800739,1,1
1,0.6809455495287562,1,1
1,0.1091268198771801,0,0
0,0.20363976863320601,0,0
0,0.37283807668423863,0,0
0,0.39466048249502733,0,0
0,0.8098653884851398,1,1
0,0.5148204467320128,1,1
0,0.5383420633758517,1,1
1,0.8696500960068974,1,1
1,0.9090497948240267,1,1
0,0.12379872409648361,0,0
0,0.771239508885256,1,1
0,0.40101914194096244,0,0
0,0.0542680640726408,0,0
1,0.2507849795981749,0,0
0,0.5608452521503522,1,1
0,0.1763260485894523,0,0
0,0.19864313865487887,0,0
0,0.5090263038337874,1,1
0,0.13273318901564152,0,0
1,0.8988487992656756,1,1
0,0.8580664391333328,1,1
1,0.8445915314343504,1,1
0,0.07421112727686228,0,0
1,0.18794560489369025,0,0
0,0.1953345715964141,0,0
1,0.506053357496004,1,1
0,0.1630075940761961,0,0
1,0.6913195541409741,1,1
0,0.8202932630489828,1,1
0,0.14798168847464835,0,0
0,0.6448467541229694,1,1
1,0.30198887809333674,0,0
0,0.49588029788272725,0,0
0,0.8316083990023457,1,1
0,0.6763847764502289,1,1
0,0.13147377857080914,0,0
1,0.7636072223953829,1,1
0,0.17645103676067203,0,0
1,0.3759725492767055,0,0
0,0.37593740402839243,0,0
1,0.6251740931624422,1,1
0,0.4364800746356449,0,0
0,0.16042037511599727,0,0
0,0.6353148063309672,1,1
1,0.9572580360994771,1,1
0,0.4074238967708411,0,0
1,0.7010033666933239,1,1
0,0.7422304246925051,1,1
1,0.8522889639812056,1,1
0,0.12546902218378864,0,0
0,0.41721284373852013,0,0
0,0.6734411976347593,1,1
0,0.13594549629908345,0,0
0,0.4511134100165928,0,0
0,0.5641886499391714,1,1
1,0.7480695023796963,1,1
1,0.16173182130666341,0,0
0,0.922457722242019,1,1
0,0.5318243099013016,1,1
0,0.2947033480650777,0,0
0,0.13397048797153302,0,0
0,0.23178946977648543,0,0
1,0.37689899631555734,0,0
0,0.3959863395433321,0,0
0,0.8168823556151056,1,1
0,0.3588337022109048,0,0
1,0.41673484172916264,0,0
0,0.1725509062582537,0,0
1,0.7240779461735173,1,1
0,0.6724518522124066,1,1
0,0.7551629934147014,1,1
1,0.3151803806804823,0,0
1,0.3729019719781223,0,0
0,0.3266834271314876,0,0
0,0.14706405697670316,0,0
0,0.5814225226717941,1,1
0,0.5720135903104341,1,1
0,0.943153475948458,1,1
0,0.27879812876612675,0,0
1,0.7302612787175682,1,1
1,0.6434849888193521,1,1
0,0.2881630041916982,0,0
0,0.5658833631672484,1,1
1,0.8441388983862614,1,1
0,0.3118667627495663,0,0
0,0.4418919240937935,0,0
0,0.413264974312956,0,0
1,0.9515889225753444,1,1
1,0.7799528412912589,1,1
1,0.4525329712144271,0,0
1,0.59909710107423,1,1
1,0.4117786130235834,0,0
1,0.46996494143179596,0,0
0,0.2622406066205409,0,0
0,0.8980348141376405,1,1
1,0.3300040024756752,0,0
0,0.22666640439883348,0,0
0,0.09280005574061986,0,0
1,0.7587699598485473,1,1
0,0.49541704743921217,0,0
0,0.3955914160605658,0,0
0,0.9360977147036222,1,1
0,0.1574020187318284,0,0
1,0.755943940938522,1,1
0,0.4886818790033478,0,0
0,0.590183621592841,1,1
1,0.7663885971688056,1,1
0,0.4539595861683544,0,0
0,0.7272769885279404,1,1
0,0.6810938018973782,1,1
0,0.25587916127659843,0,0
0,0.07958285355447164,0,0
0,0.681434941094267,1,1
1,0.8091582000783318,1,1
1,0.8933203120298484,1,1
0,0.04436699506358846,0,0
0,0.35961787386324545,0,0
0,0.2688346394726307,0,0
0,0.26823745933794085,0,0
0,0.3759098525710025,0,0
1,0.2081652844495997,0,0
0,0.19167877787445256,0,0
1,0.928341443855349,1,1
0,0.13883928509033688,0,0
0,0.333861401837411,0,0
1,0.7327302915824186,1,1
0,0.4381228631909612,0,0
0,0.7659778359534871,1,1
0,0.32491900592653067,0,0
1,0.7297779825012728,1,1
0,0.17841209484643114,0,0
0,0.1888734806505359,0,0
1,0.9386409071196161,1,1
0,0.32319761077407044,0,0
1,0.8195027587093116,1,1
0,0.2430977991961756,0,0
0,0.11244006371696198,0,0
0,0.08975714935553486,0,0
0,0.07445882950763275,0,0
0,0.14447078872741068,0,0
0,0.2017748653693231,0,0
1,0.8384830482007936,1,1
0,0.12392908369814665,0,0
1,0.6906461304599876,1,1
0,0.8474676257762576,1,1
0,0.08312247346751156,0,0
1,0.8301066924507444,1,1
0,0.313256023355017,0,0
0,0.5907928802309541,1,1
0,0.15061786305845282,0,0
1,0.8386517125470856,1,1
0,0.45188073405058016,0,0
0,0.33391535210610346,0,0
0,0.14725321099663088,0,0
1,0.6253561775990283,1,1
0,0.437258841846257,0,0
0,0.1517733735410838,0,0
1,0.1616961184968028,0,0
1,0.5215815637293071,1,1
0,0.48873297716137537,0,0
0,0.15450995764267725,0,0
0,0.10627122079129266,0,0
0,0.11464498332481844,0,0
0,0.28775868063333077,0,0
0,0.19065942505503788,0,0
0,0.06019933591209397,0,0
0,0.15682969127231045,0,0
1,0.8097224950496135,1,1
0,0.9237216240923265,1,1
0,0.16678326777186864,0,0
0,0.6263006102764274,1,1
0,0.100334984094113,0,0
1,0.8941394889475893,1,1
1,0.6204475276687385,1,1
1,0.9457260635429431,1,1
0,0.4403287419735547,0,0
1,0.8954137864039277,1,1
1,0.23738504709066258,0,0
0,0.07219358161153383,0,0
0,0.4518437922680949,0,0
1,0.4958268302984883,0,0
0,0.09177530684464934,0,0
0,0.4135098266270061,0,0
0,0.21520029063651572,0,0
0,0.6507608220327976,1,1
0,0.14299423995990249,0,0
1,0.7527605004997463,1,1
0,0.26989960425685805,0,0
1,0.6102643395569898,1,1
0,0.5174241204155626,1,1
0,0.4390650781715607,0,0
0,0.8758016160566409,1,1
1,0.8861670600828541,1,1
0,0.4278590209092437,0,0
0,0.5083363351353001,1,1
0,0.1510488372879318,0,0
1,0.9244320206199257,1,1
0,0.12649992806935825,0,0
1,0.7974320054355883,1,1
0,0.7662338171931249,1,1
0,0.35312027927455775,0,0
0,0.31628930922645115,0,0
0,0.09951501435667164,0,0
0,0.3163464966426632,0,0
0,0.864835870835696,1,1
0,0.8985241066279763,1,1
0,0.10892614280386179,0,0
0,0.7139504141857881,1,1
1,0.4704380309266164,0,0
1,0.5544191941595629,1,1
0,0.497413487366068,0,0
1,0.5151670212679174,1,1
0,0.4211680071495687,0,0
0,0.18238463710646988,0,0
0,0.5085397396182528,1,1
0,0.3700197095790288,0,0
0,0.12282367319547186,0,0
0,0.15985730259598555,0,0
1,0.6383948377471368,1,1
1,0.40203898570404567,0,0
1,0.46819315536576656,0,0
0,0.27561085323437473,0,0
1,0.7609148381153374,1,1
1,0.8885004793168974,1,1
1,0.11712145987742162,0,0
1,0.8579767195168647,1,1
0,0.45243778331266293,0,0
1,0.6194617261876374,1,1
0,0.06704452406303862,0,0
0,0.2975502637072163,0,0
0,0.14890254430018887,0,0
0,0.3661282629035276,0,0
1,0.42055026543337376,0,0
0,0.07906489473901192,0,0
0,0.3172915528336254,0,0
1,0.7608172206622573,1,1
0,0.1663270757620579,0,0
0,0.4472062052263828,0,0
0,0.3343161786460453,0,0
1,0.7074309292144605,1,1
0,0.10934788099197318,0,0
0,0.906557321383125,1,1
0,0.4496703537255097,0,0
0,0.7738676418580162,1,1
0,0.15304958611792963,0,0
1,0.8795120569627763,1,1
0,0.36067434235678264,0,0
0,0.4553926823525085,0,0
0,0.500531959097537,1,1
1,0.7856529205953999,1,1
1,0.26628824144441005,0,0
1,0.6601493251620904,1,1
0,0.33297355686118096,0,0
0,0.3402659875977293,0,0
0,0.5291646325808678,1,1
0,0.3529077618306697,0,0
0,0.41048315415137127,0,0
0,0.7970330719255538,1,1
0,0.08979086343557344,0,0
1,0.4716846012194804,0,0
0,0.07476153127639328,0,0
0,0.48421053910021156,0,0
0,0.12100673572309414,0,0
0,0.7801637625908661,1,1
0,0.7428096497163058,1,1
0,0.5940295718492826,1,1
1,0.3065308426779383,0,0
0,0.11410931270843439,0,0
1,0.2919998856556183,0,0
1,0.8678344540071985,1,1
0,0.185952504964978,0,0
0,0.5063193203333894,1,1
0,0.5955532831909626,1,1
1,0.9199034300630516,1,1
1,0.5704605010433536,1,1
1,0.7305310114154929,1,1
0,0.5016071879506965,1,1
1,0.5939280143597571,1,1
0,0.133980102139496,0,0
1,0.72121172032163,1,1
1,0.4732200016842307,0,0
0,0.43969401230972777,0,0
0,0.46363164751287095,0,0
1,0.4169485217717616,0,0
1,0.6773125201390051,1,1
0,0.15770686821338042,0,0
0,0.8243687746845034,1,1
0,0.06592371317541303,0,0
0,0.3810197441881578,0,0
0,0.7772180631537804,1,1
0,0.09272785229044332,0,0
1,0.8017554418903086,1,1
0,0.7969038020325644,1,1
1,0.40343321057475734,0,0
0,0.17916782826151761,0,0
1,0.6240924372510566,1,1
0,0.36704041921664166,0,0
0,0.4227171497355187,0,0
0,0.8530886072505743,1,1
1,0.6999605167325332,1,1
0,0.2056135138963833,0,0
1,0.8177592895811391,1,1
0,0.2571387615271215,0,0
1,0.8045677000320547,1,1
0,0.7262833528765509,1,1
0,0.39850054601840684,0,0
0,0.4399207750907611,0,0
0,0.542590152442721,1,1
1,0.5093411810223359,1,1
1,0.5173772561953415,1,1
0,0.09531607857170778,0,0
0,0.10002399668292643,0,0
0,0.12998656984021295,0,0
1,0.732748340295091,1,1
1,0.6258963176453863,1,1
0,0.0882620999211309,0,0
1,0.7480450109431223,1,1
1,0.7182317583490833,1,1
0,0.33276998844592554,0,0
0,0.7784255748839592,1,1
0,0.8773946605711354,1,1
0,0.06394953507910667,0,0
0,0.22207969513333056,0,0
1,0.9220270350119272,1,1
0,0.0876565085367698,0,0
0,0.3695977086861092,0,0
0,0.40128217892644374,0,0
0,0.2334633093526942,0,0
0,0.30725929079707726,0,0
1,0.43922817065064096,0,0
1,0.7021154530517772,1,1
1,0.5271930158304944,1,1
0,0.4444197132342732,0,0
0,0.3557951336071333,0,0
0,0.19655731870186752,0,0
1,0.8275382704171405,1,1
0,0.4871676102731168,0,0
0,0.8779672513441221,1,1
0,0.3426659886820021,0,0
0,0.3587841085776773,0,0
1,0.7877719522769911,1,1
0,0.5897643849439437,1,1
1,0.3103272078416231,0,0
0,0.5583581938428088,1,1
0,0.25841815050092753,0,0
0,0.07837145465132041,0,0
0,0.31223408090525046,0,0
0,0.6523962621891071,1,1
1,0.6671692750703496,1,1
0,0.3038964955591822,0,0
0,0.3367780036906908,0,0
1,0.8208547210196196,1,1
0,0.11383609421497853,0,0
0,0.32394466109535486,0,0
0,0.20403388509789525,0,0
0,0.5020391940017167,1,1
0,0.24899208581449184,0,0
1,0.821273381026965,1,1
0,0.21558591026429275,0,0
0,0.6915127337439889,1,1
1,0.2214959228787205,0,0
0,0.7287007888699376,1,1
0,0.4203282930593917,0,0
0,0.4352801762365967,0,0
0,0.21732236532996718,0,0
0,0.2586883419807478,0,0
1,0.42312591516296233,0,0
1,0.8246372742142818,1,1
0,0.2121075704294711,0,0
0,0.33718228726819827,0,0
1,0.8564234615811236,1,1
1,0.47462911074072006,0,0
0,0.6024594710013847,1,1
0,0.08096692038226751,0,0
1,0.7700074968745638,1,1
0,0.4894643345158778,0,0
0,0.26240486361988696,0,0
0,0.5813977202794506,1,1
1,0.7483510912549628,1,1
1,0.7882025118972094,1,1
0,0.6795980154456446,1,1
0,0.12198229383908474,0,0
1,0.6747280618012179,1,1
0,0.4523491225347293,0,0
0,0.6070068667196838,1,1
1,0.7293581799158316,1,1
0,0.11619461645410153,0,0
0,0.12167495982768696,0,0
0,0.912116739538073,1,1
0,0.7282973336083728,1,1
0,0.31244203710043905,0,0
0,0.5625444961012424,1,1
0,0.3840129602480982,0,0
0,0.07224056040787726,0,0
0,0.49731960460135866,0,0
0,0.5559370797334044,1,1
0,0.3922437975912948,0,0
0,0.13783797783974658,0,0
1,0.9394782302664164,1,1
0,0.8246381353038142,1,1
0,0.2119527251672856,0,0
1,0.6656917078831461,1,1
0,0.4212788531904544,0,0
0,0.06970059981343864,0,0
1,0.7464131848230517,1,1
1,0.8539192693480417,1,1
1,0.7986021060716606,1,1
0,0.5219699489214558,1,1
0,0.47108541776240126,0,0
0,0.88998536661063,1,1
0,0.8294234716655415,1,1
1,0.15215499524253587,0,0
1,0.5834892063791803,1,1
1,0.514396407597637,1,1
0,0.2650082050835934,0,0
1,0.45818194044182503,0,0
0,0.38169889015553643,0,0
1,0.4222707251429549,0,0
0,0.6849084425189329,1,1
0,0.2786197579216781,0,0
1,0.818209663838793,1,1
0,0.33230491709712107,0,0
0,0.25802357165363177,0,0
0,0.26688274233202447,0,0
0,0.15904233565684378,0,0
0,0.6767399158111823,1,1
0,0.4534206007599955,0,0
0,0.8533808634564982,1,1
1,0.148343332057482,0,0
0,0.18267900119792577,0,0
0,0.3370130653154577,0,0
0,0.2787819837826191,0,0
1,0.8957310992474059,1,1
0,0.11495660577318591,0,0
0,0.20170068188175977,0,0
1,0.1968159278095631,0,0
0,0.15927261697470949,0,0
0,0.2637094821700445,0,0
1,0.795490340504944,1,1
0,0.4736110562527032,0,0
1,0.6354136675408595,1,1
0,0.09627770712039667,0,0
1,0.8136201393002583,1,1
0,0.5740340836942907,1,1
1,0.8268088114767682,1,1
0,0.09624134211930703,0,0
0,0.20157002707714614,0,0
0,0.9170856737461031,1,1
1,0.9341850051602199,1,1
0,0.5887792164127482,1,1
0,0.8134951476799338,1,1
0,0.39286993426558814,0,0
1,0.9397538078068779,1,1
1,0.5471113154529609,1,1
0,0.9057671328886248,1,1
0,0.20881426367341965,0,0
1,0.9361693840488219,1,1
0,0.7775547478771363,1,1
0,0.6274169979776811,1,1
1,0.1683479508975514,0,0
0,0.316872901095795,0,0
0,0.8199582731089128,1,1
1,0.195171823150089,0,0
0,0.09800141483396804,0,0
1,0.47004680439057006,0,0
0,0.9531151345859181,1,1
0,0.6358394456648216,1,1
0,0.39052257826562115,0,0
0,0.20095203177996057,0,0
0,0.20716191493795433,0,0
1,0.6268096971552232,1,1
0,0.6377981678767493,1,1
0,0.8158364510713633,1,1
0,0.12311319097920487,0,0
0,0.43850489804691467,0,0
0,0.596213715453008,1,1
0,0.15798712720581345,0,0
0,0.5228104805038347,1,1
0,0.24982286950733346,0,0
1,0.9602996567452362,1,1
0,0.7615470196106665,1,1
0,0.6190135044264883,1,1
1,0.35526208284359606,0,0
0,0.39595366980011126,0,0
1,0.4612673070891062,0,0
1,0.9530538669693973,1,1
1,0.3557156534132667,0,0
1,0.4897284786346308,0,0
0,0.1270115346499324,0,0
0,0.05972191247791477,0,0
0,0.41104230738556524,0,0
1,0.9212169922390644,1,1
1,0.8086794505814314,1,1
0,0.549638371400444,1,1
0,0.09831042968444431,0,0
1,0.7546789144838412,1,1
0,0.30337349594468904,0,0
1,0.6870017685110281,1,1
0,0.671891372709121,1,1
0,0.22669396909152925,0,0
1,0.12223228900300138,0,0
1,0.6739822452241058,1,1
0,0.25619824264115043,0,0
0,0.28735811772637815,0,0
1,0.5729506331639236,1,1
0,0.08183094717703834,0,0
0,0.19564421145899513,0,0
1,0.9082181400128481,1,1
1,0.839468178131526,1,1
1,0.8841865310154845,1,1
1,0.36249643442583546,0,0
0,0.10816292678361066,0,0
1,0.7304312162463815,1,1
0,0.13587969306834388,0,0
0,0.6907462876944584,1,1
0,0.2529103668746224,0,0
0,0.37221915662400873,0,0
1,0.4099949865852021,0,0
0,0.1663192388161351,0,0
1,0.9456144360661068,1,1
1,0.572913682628781,1,1
0,0.3683603269131472,0,0
0,0.25670365864309685,0,0
0,0.5826274388653926,1,1
0,0.30951654173659887,0,0
1,0.3351676338442713,0,0
1,0.39778515567805584,0,0
0,0.5595073619521368,1,1
0,0.7923301002769193,1,1
1,0.9026414269034735,1,1
0,0.17944530519025587,0,0
1,0.8124616772974851,1,1
0,0.4524551125555065,0,0
1,0.7632375266111835,1,1
1,0.7709655989639174,1,1
0,0.08197792632167612,0,0
0,0.4675624167789399,0,0
0,0.1833015934891098,0,0
0,0.40152018408514845,0,0
0,0.5922662511295108,1,1
0,0.43594606764878385,0,0
0,0.3032533814282332,0,0
1,0.8958315859609821,1,1
0,0.050836558505035205,0,0
0,0.45041077031473387,0,0
1,0.755694051644504,1,1
0,0.08570670515914651,0,0
0,0.15683512068816077,0,0
0,0.19032681500998022,0,0
0,0.3754947612437129,0,0
1,0.8154108965611504,1,1
0,0.06823609200728212,0,0
0,0.6119526792674513,1,1
1,0.13422808423554458,0,0
0,0.1839309927420725,0,0
0,0.21631353763680786,0,0
1,0.6927846807493347,1,1
1,0.47709390542525437,0,0
0,0.05208418998711012,0,0
0,0.5620027256723797,1,1
0,0.26064678843468286,0,0
0,0.1774867569557976,0,0
0,0.17117083661071172,0,0
1,0.8265903594692481,1,1
0,0.09086689998644576,0,0
1,0.6571901777698038,1,1
1,0.7327328779492069,1,1
1,0.34641122412028374,0,0
0,0.21550497460699358,0,0
0,0.0904977799437937,0,0
0,0.28237755705436346,0,0
1,0.45774117258165975,0,0
0,0.3761115760841494,0,0
1,0.8806004492270889,1,1
0,0.2031891428841866,0,0
1,0.10821882308861036,0,0
0,0.14923247290239294,0,0
0,0.8766659001134087,1,1
0,0.7220999329683521,1,1
1,0.8660613722166611,1,1
1,0.4341381327978942,0,0
0,0.1810944307159773,0,0
0,0.1982984795471206,0,0
0,0.28232394258909915,0,0
0,0.20421897054689697,0,0
1,0.8505693545110969,1,1
0,0.3180301659752303,0,0
0,0.3277308321906171,0,0
0,0.6869302903948092,1,1
0,0.19175096696467314,0,0
1,0.7459933050267864,1,1
0,0.43626678563619403,0,0
1,0.7568735857664666,1,1
0,0.7059842741744385,1,1
0,0.4280353593097535,0,0
1,0.913636510055586,1,1
0,0.8524960869498431,1,1
1,0.7857569422836443,1,1
0,0.15158589908382228,0,0
1,0.9540686814263607,1,1
0,0.32777377193852647,0,0
1,0.9080844342817135,1,1
1,0.6575085013167219,1,1
0,0.64443024544178,1,1
1,0.8108832397743599,1,1
0,0.10080590680696278,0,0
0,0.5013683858720472,1,1
0,0.920113747104943,1,1
0,0.8829620208142501,1,1
0,0.29257279190553565,0,0
0,0.17880810034571906,0,0
0,0.16064427908719758,0,0
0,0.5019145992966735,1,1
0,0.19606769929482412,0,0
0,0.8161886216699065,1,1
0,0.2815429724944198,0,0
0,0.044946580746594134,0,0
0,0.17476098151780647,0,0
1,0.7717209861095793,1,1
1,0.771660331229839,1,1
0,0.48770510837692016,0,0
1,0.9455820788453947,1,1
0,0.4153196986537317,0,0
0,0.11531028197496944,0,0
1,0.5661791352031746,1,1
0,0.44028618292380234,0,0
1,0.39093633417988977,0,0
0,0.3073830519908836,0,0
0,0.0701883679844804,0,0
0,0.9257580492567689,1,1
0,0.3130410686433786,0,0
1,0.3123623439250557,0,0
0,0.4007465559551345,0,0
0,0.7758518697689843,1,1
1,0.4688670715895652,0,0
0,0.11833349665975816,0,0
1,0.6759893367856011,1,1
0,0.5664645802674468,1,1
0,0.8052745997559468,1,1
0,0.08898937145628952,0,0
1,0.6727570237634282,1,1
0,0.1138923550944121,0,0
0,0.38607536028217865,0,0
0,0.46311465932975954,0,0
0,0.20726308469108398,0,0
0,0.27251641738433097,0,0
1,0.7484710166494898,1,1
0,0.3694541463387956,0,0
0,0.32674417693084173,0,0
0,0.5792094383456295,1,1
0,0.4825377416385026,0,0
0,0.5614939586680027,1,1
0,0.5110348181902097,1,1
0,0.45675342155606957,0,0
0,0.20433043756803854,0,0
0,0.5669343596779648,1,1
0,0.4157590587721427,0,0
1,0.8280490467544714,1,1
1,0.695978066197061,1,1
1,0.7366023378665821,1,1
0,0.3719665245405335,0,0
1,0.3674911939860648,0,0
0,0.12849548398192862,0,0
1,0.5314884400552116,1,1
1,0.6155938695214639,1,1
0,0.9123218346510404,1,1
0,0.055256796181714286,0,0
0,0.7087125152022377,1,1
1,0.6568232678700138,1,1
0,0.8992990221423626,1,1
1,0.7502257328412534,1,1
0,0.5308709976423379,1,1
0,0.79345310555827,1,1
0,0.5314688123993783,1,1
1,0.6041532793584135,1,1
1,0.8164390561304744,1,1
0,0.08957186273946685,0,0
0,0.4918852144463768,0,0
0,0.5877420270554701,1,1
0,0.7245122026651601,1,1
1,0.828613370677674,1,1
1,0.7147702022619794,1,1
1,0.6137757129286092,1,1
0,0.14030398576344733,0,0
0,0.6970250713694268,1,1
1,0.6737685814119202,1,1
1,0.8849605800035096,1,1
0,0.25568659227027984,0,0
0,0.8527008655136233,1,1
0,0.2967996423077011,0,0
0,0.48224377759393644,0,0
0,0.12368240254825277,0,0
1,0.8312100047302328,1,1
1,0.8950179232893044,1,1
1,0.473333352525404,0,0
0,0.40476305883843616,0,0
0,0.27815142103213014,0,0
1,0.7878293490519381,1,1
1,0.879823963135815,1,1
0,0.11455349078509944,0,0
1,0.05711579169356866,0,0
0,0.14004222179597042,0,0
0,0.22241779106229936,0,0
1,0.603415526533747,1,1
1,0.6922974627403895,1,1
0,0.6030253483500908,1,1
1,0.6864874892877386,1,1
0,0.08070126188996424,0,0
1,0.6360742543140584,1,1
1,0.5093205276029882,1,1
0,0.30991595366796276,0,0
0,0.3505138723645259,0,0
0,0.858625613328014,1,1
0,0.3059120096085433,0,0
0,0.5488174401435654,1,1
0,0.1714487872639636,0,0
0,0.145150003007144,0,0
1,0.6760032412677184,1,1
0,0.5120978065633963,1,1
1,0.7816344703386409,1,1
0,0.33100760399733203,0,0
0,0.46459778595258494,0,0
0,0.255406447254682,0,0
0,0.08428039980631895,0,0
0,0.2828108529996411,0,0
1,0.810029348022045,1,1
0,0.18865154077946933,0,0
1,0.6249934690438537,1,1
0,0.18276240857948678,0,0
1,0.9329816671373613,1,1
0,0.5403129290675011,1,1
1,0.7866591694140105,1,1
1,0.08389959915337476,0,0
0,0.28910187915236396,0,0
1,0.6471440803306588,1,1
0,0.42518388943816166,0,0
0,0.11574114869890959,0,0
0,0.27623188910677254,0,0
1,0.5719979400535136,1,1
1,0.9196200190367376,1,1
0,0.20411273973949914,0,0
0,0.8926158280662543,1,1
0,0.27639134688121436,0,0
0,0.21854428804733628,0,0
0,0.13788848565941583,0,0
0,0.08057887723646776,0,0
1,0.6732364310582296,1,1
1,0.7695412394055438,1,1
0,0.38855741895057566,0,0
0,0.4915085103154953,0,0
1,0.939642216092387,1,1
0,0.13048338846641983,0,0
1,0.7298085734686249,1,1
1,0.5817177259409214,1,1
1,0.7649917558373261,1,1
0,0.09248071894159787,0,0
0,0.09780603616356294,0,0
0,0.16819319355645382,0,0
1,0.2885359928657411,0,0
0,0.4455811881517499,0,0
0,0.23229943035396416,0,0
0,0.24917721669769888,0,0
1,0.9445590017250629,1,1
0,0.4143853899205484,0,0
0,0.6535647133386815,1,1
0,0.1168561179968036,0,0
1,0.6177469314082302,1,1
0,0.8482102221992212,1,1
0,0.2280933925472462,0,0
0,0.10613141706897493,0,0
0,0.3621361954150904,0,0
0,0.17375477790270655,0,0
0,0.48673332459754454,0,0
0,0.5840175213000537,1,1
1,0.8509483716758361,1,1
1,0.048485983071464296,0,0
0,0.649054261371293,1,1
0,0.19079121587407363,0,0
1,0.6204926045815341,1,1
1,0.5299757653434553,1,1
0,0.3077902442932657,0,0
0,0.4770043488734918,0,0
0,0.31451176757457355,0,0
1,0.6763595935739736,1,1
1,0.48247765333793097,0,0
0,0.08385939427829658,0,0
0,0.4035791031880063,0,0
1,0.8122712100050834,1,1
0,0.47094938895836946,0,0
1,0.9234341512481732,1,1
0,0.29872374216073133,0,0
1,0.2613811549720464,0,0
0,0.09096627334725173,0,0
1,0.7045136469778,1,1
0,0.12576949733496862,0,0
1,0.9023495425512241,1,1
0,0.4676799787220457,0,0
1,0.1675444427352183,0,0
0,0.49864705922854813,0,0
1,0.6802076330129697,1,1
0,0.11520588807480846,0,0
0,0.660643169587312,1,1
0,0.06125198827494444,0,0
0,0.1594420773827694,0,0
1,0.8638301347256947,1,1
0,0.5709580561771925,1,1
0,0.5506128938443815,1,1
0,0.38801510637548503,0,0
1,0.4849118649961158,0,0
1,0.7324842198887208,1,1
0,0.2710895001434582,0,0
1,0.8661608943763258,1,1
1,0.6435756527727116,1,1
0,0.44470812491051465,0,0
0,0.5593526580936149,1,1
1,0.6704367613238124,1,1
1,0.6602718546414226,1,1
0,0.6819209388181814,1,1
0,0.10498658281196699,0,0
1,0.6577233720975282,1,1
0,0.22931602190182473,0,0
0,0.4526522619052827,0,0
0,0.3517849913240892,0,0
1,0.38029184757942247,0,0
0,0.3675328806745272,0,0
0,0.13326385325009865,0,0
0,0.5325164390939964,1,1
0,0.3204684087452226,0,0
1,0.932107696568605,1,1
1,0.9383723831758224,1,1
1,0.35782123967735374,0,0
0,0.38855257448583774,0,0
0,0.06648058857634027,0,0
1,0.8224113763407109,1,1
0,0.19899625070678204,0,0
0,0.2712583121078764,0,0
0,0.2414453707690626,0,0
0,0.726905448288706,1,1
1,0.9283447114074829,1,1
0,0.18473557942009175,0,0
1,0.1858654188699991,0,0
0,0.43940504573288997,0,0
0,0.12026789773168724,0,0
0,0.8437068534245902,1,1
0,0.20032722623992363,0,0
0,0.06725247137317701,0,0
0,0.38824984686337705,0,0
0,0.7763489698226601,1,1
1,0.8999442792891561,1,1
0,0.20504118073998906,0,0
1,0.7587509936806932,1,1
0,0.18537250549500275,0,0
0,0.8231385658227205,1,1
0,0.4565550819923588,0,0
0,0.5871870532531892,1,1
1,0.7785817727611861,1,1
0,0.5901536221363329,1,1
1,0.8167548460221639,1,1
0,0.8518322491812469,1,1
0,0.25797084188098457,0,0
1,0.6311380184430992,1,1
0,0.19544733210831067,0,0
1,0.8918310887729107,1,1
1,0.8296813288444065,1,1
0,0.15566473636393466,0,0
0,0.66218972115311,1,1
0,0.911918908398121,1,1
0,0.5713663855890072,1,1
0,0.4082747913896594,0,0
1,0.8511761679639409,1,1
0,0.4356108364910802,0,0
1,0.4816006805166067,0,0
0,0.29866904336788436,0,0
1,0.8710148531742634,1,1
0,0.3912531853455018,0,0
0,0.37589256055047254,0,0
0,0.052110401498779685,0,0
0,0.41287150995852445,0,0
1,0.9347496731790815,1,1
0,0.9429881734382659,1,1
0,0.7205647070692753,1,1
0,0.21139513236659138,0,0
0,0.27515007650393436,0,0
1,0.32117067314106185,0,0
1,0.37936386041676484,0,0
0,0.10257297005214411,0,0
0,0.1744998894404309,0,0
0,0.1770781032044863,0,0
0,0.17629264886323562,0,0
0,0.4908492829957925,0,0
1,0.7599921681698458,1,1
0,0.2627827447523945,0,0
1,0.4980293863869315,0,0
1,0.8372828419540009,1,1
0,0.0784145631194737,0,0
0,0.6260940340065577,1,1
1,0.5453177489984868,1,1
0,0.730500875929637,1,1
0,0.3926137480530848,0,0
1,0.764682510480175,1,1
0,0.4387908227071446,0,0
0,0.6388746735716245,1,1
1,0.8528436187119968,1,1
1,0.6749378263748713,1,1
0,0.120286441387846,0,0
0,0.5008844225298845,1,1
0,0.08598516999113882,0,0
0,0.6532438525628677,1,1
0,0.22189839175122045,0,0
0,0.4926073330236927,0,0
0,0.0931948579658493,0,0
0,0.25333888872081084,0,0
0,0.4030945807504606,0,0
0,0.21704834039471038,0,0
0,0.6355467381486769,1,1
1,0.20657800229432696,0,0
0,0.768083719962005,1,1
1,0.8274427530520465,1,1
0,0.05769793061906622,0,0
1,0.8675926664362885,1,1
0,0.21623846450816167,0,0
1,0.5159016005945795,1,1
1,0.8703887155636775,1,1
0,0.08635989892083125,0,0
0,0.28052840196686013,0,0
0,0.4392457343561664,0,0
0,0.3951441201811417,0,0
1,0.9001888675923346,1,1
0,0.6257436091149451,1,1
1,0.29577635367557803,0,0
0,0.2398981342769346,0,0
0,0.3053243230658226,0,0
1,0.2974117617268522,0,0
1,0.21268021402132134,0,0
0,0.22134150571730632,0,0
0,0.38704273047886645,0,0
0,0.41230083662220807,0,0
0,0.29284638209599384,0,0
0,0.04740702872932713,0,0
0,0.645991082501618,1,1
0,0.0928959178353106,0,0
1,0.4987278764570138,0,0
0,0.1199173268213422,0,0
1,0.954479599265687,1,1
1,0.5694556135652963,1,1
0,0.1479594200441948,0,0
1,0.7588499487662309,1,1
0,0.1520708794765151,0,0
0,0.3036855276573338,0,0
0,0.1483879416095966,0,0
0,0.14773519343196845,0,0
1,0.5379942995386223,1,1
0,0.3194293878064896,0,0
0,0.6711385682004356,1,1
0,0.5072349074491349,1,1
1,0.4960911260363576,0,0
1,0.322101476565387,0,0
0,0.2649768299616513,0,0
0,0.6493298032082219,1,1
1,0.5672669626134113,1,1
0,0.7769401924092031,1,1
1,0.5656580183092724,1,1
0,0.25895946541483644,0,0
0,0.7381118794819579,1,1
0,0.2951960622011265,0,0
0,0.13092137864185982,0,0
1,0.12793144762632067,0,0
1,0.15572949071346828,0,0
0,0.4668160286653858,0,0
0,0.5966351692691302,1,1
0,0.16706081758580815,0,0
1,0.7145744052912439,1,1
0,0.17922721534674935,0,0
0,0.20907349157249125,0,0
0,0.19416799403277474,0,0
0,0.44073323198806785,0,0
0,0.34145655583920037,0,0
1,0.5631495203056877,1,1
0,0.46294624644653687,0,0
0,0.17664162401617228,0,0
1,0.8884011229464327,1,1
0,0.21343421077328967,0,0
0,0.5234383139430729,1,1
0,0.3720582572068205,0,0
1,0.8769918780327965,1,1
1,0.23841842363000684,0,0
0,0.32794530875669803,0,0
0,0.3336807669068686,0,0
0,0.23048652622182608,0,0
1,0.2799041220965451,0,0
0,0.4086417779664514,0,0
0,0.1195562646719417,0,0
0,0.8120096039888415,1,1
0,0.12384862324257058,0,0
0,0.46118491870735967,0,0
1,0.7859883411048917,1,1
0,0.39772114140912024,0,0
0,0.6634031298640649,1,1
1,0.09762556762728883,0,0
1,0.7518340092358162,1,1
0,0.1194366741309603,0,0
1,0.4680853895240268,0,0
0,0.5952768317368744,1,1
0,0.45638499518239795,0,0
1,0.689473680353653,1,1
0,0.7677748585104954,1,1
1,0.8570244248855766,1,1
1,0.8729801383933854,1,1
0,0.2601559489107727,0,0
0,0.19410241094143627,0,0
0,0.8813172246373281,1,1
0,0.19299278394741762,0,0
0,0.19126951556287347,0,0
0,0.6138459229955939,1,1
0,0.47608897429937813,0,0
0,0.7188936286366718,1,1
0,0.5669385375328923,1,1
0,0.29923534534107527,0,0
0,0.5004887843627759,1,1
0,0.45795684759532873,0,0
0,0.3461445169350294,0,0
0,0.08168466858622069,0,0
1,0.8831836870128272,1,1
1,0.8475945996885892,1,1
0,0.0821662862599564,0,0
1,0.31870794564431215,0,0
0,0.48833684272376154,0,0
0,0.13168535101463374,0,0
0,0.6907634944753607,1,1
1,0.5052900925904813,1,1
1,0.693397978804213,1,1
0,0.8341054091097678,1,1
0,0.5907278534559516,1,1
0,0.19098416470019733,0,0
0,0.2899833606891963,0,0
0,0.3905018853061573,0,0
0,0.24658668990842264,0,0
0,0.8533039535911218,1,1
1,0.64282004549925,1,1
0,0.6575747894611617,1,1
0,0.16713774881129262,0,0
0,0.547752323319791,1,1
0,0.09176526280674602,0,0
0,0.5081382093857696,1,1
0,0.5172724947670517,1,1
1,0.6860888736183448,1,1
1,0.7619297525582478,1,1
0,0.1338319491728183,0,0
0,0.9483691758648383,1,1
0,0.6452126962050382,1,1
0,0.5265723618861661,1,1
1,0.9422799756257721,1,1
0,0.40026744488330984,0,0
0,0.8037582246404598,1,1
0,0.5271100649797753,1,1
1,0.5330070172859481,1,1
1,0.8366807397560309,1,1
1,0.7261557853169414,1,1
0,0.1525491457857491,0,0
0,0.37357059156111855,0,0
1,0.7767319152500668,1,1
0,0.27417694981828467,0,0
0,0.20649327208044838,0,0
0,0.5404835898980273,1,1
0,0.40509730677183253,0,0
0,0.1717183321872941,0,0
0,0.3214277057538678,0,0
0,0.4043029620024277,0,0
0,0.38976296602262417,0,0
0,0.7015186906285913,1,1
1,0.7875524258195497,1,1
0,0.34571536225587096,0,0
0,0.361759826258717,0,0
0,0.7473570712188253,1,1
0,0.15457308893639288,0,0
0,0.39218183090975745,0,0
0,0.06554938325060242,0,0
1,0.09924693006784018,0,0
0,0.2233298609293575,0,0
1,0.3443070892622881,0,0
1,0.6782518872409043,1,1
1,0.8479226377525702,1,1
1,0.5674407115153544,1,1
1,0.703466834815219,1,1
1,0.16065565774091176,0,0
1,0.7297614111133803,1,1
0,0.10921316859500439,0,0
1,0.7127711343181037,1,1
0,0.12768306190660253,0,0
0,0.11565188184297556,0,0
0,0.356630452780468,0,0
0,0.3367592579962911,0,0
1,0.7157992795070148,1,1
1,0.8886470207370558,1,1
0,0.5787405685961156,1,1
1,0.19781561604251152,0,0
1,0.362643791772471,0,0
0,0.270827398789845,0,0
0,0.08748983295547272,0,0
0,0.12429783350758987,0,0
0,0.5853389130994809,1,1
1,0.9662654119683044,1,1
1,0.5222728484221837,1,1
1,0.08681020347892461,0,0
0,0.3514444875140802,0,0
0,0.3128539866386802,0,0
0,0.16656110248601472,0,0
1,0.872147912170479,1,1
0,0.2091062690008498,0,0
0,0.1328791190023937,0,0
1,0.7576868811919393,1,1
0,0.5309351783092405,1,1
1,0.4957852171858387,0,0
0,0.4555450836810682,0,0
1,0.6122706751077451,1,1
0,0.1271157478563377,0,0
0,0.5385397620232308,1,1
0,0.13233848537357126,0,0
0,0.1580460214626676,0,0
0,0.5254299768414773,1,1
1,0.7297785183761587,1,1
0,0.8753863325551942,1,1
0,0.6912033099760808,1,1
1,0.6255088756420442,1,1
1,0.7839396886601919,1,1
0,0.16250539684827137,0,0
1,0.7852015716890852,1,1
0,0.09142443266148853,0,0
0,0.8307750958503921,1,1
0,0.47916649434502406,0,0
0,0.30874269877309063,0,0
0,0.36066016191738787,0,0
0,0.1841372596877326,0,0
0,0.39725785578613637,0,0
1,0.8837173324736868,1,1
1,0.5917152628931109,1,1
0,0.16429625216400426,0,0
0,0.26354202278307404,0,0
0,0.2738249104174381,0,0
1,0.2896795090418301,0,0
0,0.26067641622642446,0,0
0,0.43979710730183325,0,0
0,0.52612165847355,1,1
0,0.27507591502247214,0,0
0,0.2619260900697398,0,0
0,0.08977224778883044,0,0
0,0.12072183478221203,0,0
0,0.20084535666754857,0,0
0,0.2075630768127364,0,0
1,0.695765706192899,1,1
1,0.7155645985080962,1,1
1,0.5668539997611167,1,1
1,0.8340017453270717,1,1
0,0.7710646946642391,1,1
0,0.7782464805273659,1,1
0,0.27221171472415495,0,0
0,0.2544704620686698,0,0
0,0.8909874686780406,1,1
0,0.8385332410997541,1,1
0,0.21464208174490393,0,0
1,0.3895591707968762,0,0
1,0.7161939119546124,1,1
0,0.4477033092299943,0,0
0,0.16178029948680558,0,0
0,0.07061819106714738,0,0
1,0.1885680382237147,0,0
1,0.7076637859422592,1,1
0,0.6644795563749174,1,1
0,0.4699156028548349,0,0
0,0.5066749553308201,1,1
0,0.6468500307335731,1,1
0,0.14477649694029593,0,0
0,0.2312983135431894,0,0
0,0.2926830256795321,0,0
1,0.4493745977759342,0,0
0,0.3774663712638666,0,0
0,0.4124067906164833,0,0
0,0.10817953225006491,0,0
0,0.30559772640015387,0,0
0,0.15532879210447095,0,0
0,0.056240575680048366,0,0
0,0.1759987753517449,0,0
0,0.13606468149242357,0,0
1,0.7368780156642555,1,1
1,0.5099869720477056,1,1
1,0.5158079620978233,1,1
0,0.2036010914290123,0,0
1,0.7357762218499542,1,1
1,0.47542722597000736,0,0
1,0.604532000339035,1,1
0,0.4946693495898322,0,0
1,0.29309491847121283,0,0
0,0.08035402294123259,0,0
0,0.06132932433065387,0,0
1,0.8345669129896248,1,1
0,0.8283424674938684,1,1
0,0.31094856454367326,0,0
1,0.692952325927599,1,1
1,0.3440504682220245,0,0
0,0.3122550966701995,0,0
0,0.0760842112797409,0,0
0,0.312326339864419,0,0
0,0.3363151662587049,0,0
0,0.20595343706471012,0,0
0,0.431193620075696,0,0
0,0.8306081856536314,1,1
0,0.46049272589449797,0,0
0,0.21866342441610326,0,0
0,0.3526350075475911,0,0
0,0.2097441888089115,0,0
0,0.7698742534370042,1,1
0,0.5381946691898198,1,1
0,0.5864420914716604,1,1
0,0.10667044890457639,0,0
0,0.1447095410365334,0,0
1,0.9174229626855861,1,1
1,0.8528328081793844,1,1
0,0.32292289915177025,0,0
0,0.5824995467319075,1,1
0,0.3099456104323415,0,0
0,0.14175071481818305,0,0
1,0.8705119035564647,1,1
0,0.28192192974467706,0,0
0,0.27638138331044626,0,0
0,0.6890442987037029,1,1
0,0.1899855299385258,0,0
0,0.4403084198656224,0,0
0,0.2669920369279799,0,0
1,0.4305690756537806,0,0
0,0.3460262255127047,0,0
0,0.7830154522661403,1,1
1,0.1964412236914636,0,0
0,0.5427853209707941,1,1
0,0.7501928723080332,1,1
0,0.7292581101512423,1,1
0,0.22199894436814396,0,0
0,0.0843538901651134,0,0
0,0.40983848593514927,0,0
1,0.9433143791709806,1,1
0,0.5073962136370281,1,1
1,0.6223552344253922,1,1
1,0.8625787632870314,1,1
0,0.4823803049214719,0,0
0,0.39587585154306265,0,0
0,0.24106263092082644,0,0
0,0.30456707252264376,0,0
0,0.23478207310490934,0,0
0,0.16444372285606723,0,0
0,0.41544321568138615,0,0
0,0.47767234216042276,0,0
0,0.15222205990460314,0,0
1,0.8899407089716838,1,1
0,0.7137049382625164,1,1
1,0.8263862872177962,1,1
1,0.8722696818061585,1,1
1,0.8342971316505066,1,1
0,0.2678828186133651,0,0
0,0.182074921932428,0,0
1,0.8364301908714745,1,1
0,0.9036603333958838,1,1
0,0.4944196452765883,0,0
0,0.10940931983731211,0,0
0,0.21888245995744987,0,0
0,0.3336054552333811,0,0
1,0.23591975945958546,0,0
1,0.897772246626605,1,1
1,0.35438733190595917,0,0
1,0.872613119589642,1,1
1,0.83514423353782,1,1
0,0.21454265595259586,0,0
0,0.4450709271933945,0,0
1,0.6699835886869235,1,1
1,0.6623804303135656,1,1
0,0.3515291340729766,0,0
0,0.06670380541822654,0,0
0,0.144481600513365,0,0
1,0.8827218246471772,1,1
0,0.07388528355534994,0,0
0,0.2508664249654867,0,0
1,0.5739172732757112,1,1
1,0.8570637370545222,1,1
0,0.5495833773367,1,1
0,0.23667558472930766,0,0
1,0.21784074233240625,0,0
0,0.16037024629557547,0,0
1,0.9366123063765144,1,1
0,0.31178041654519917,0,0
0,0.18767869139624846,0,0
0,0.17361992022971856,0,0
0,0.6698153248443723,1,1
0,0.19963121502784983,0,0
1,0.8366585091156638,1,1
0,0.0966835728170581,0,0
1,0.6542032958602326,1,1
0,0.20940951756421547,0,0
0,0.2724252507091924,0,0
0,0.10223248242797899,0,0
0,0.8679772437900405,1,1
0,0.33903828650467877,0,0
0,0.11874179961128727,0,0
1,0.9123167454947952,1,1
0,0.10826596168281133,0,0
1,0.5782923353624101,1,1
0,0.5589630439395809,1,1
1,0.16837525802652753,0,0
0,0.42635106838134973,0,0
0,0.6517796081501241,1,1
1,0.8690897135350908,1,1
0,0.8058370918026009,1,1
1,0.6057834720152628,1,1
0,0.44481564798219625,0,0
1,0.6893240718031323,1,1
0,0.6636041698754976,1,1
1,0.46296706126986786,0,0
0,0.7860538855067052,1,1
0,0.2562650582194369,0,0
1,0.5293688427409323,1,1
1,0.823748826593626,1,1
0,0.13982911819916233,0,0
1,0.21633401632062987,0,0
0,0.2395914330920177,0,0
0,0.08815021620648889,0,0
0,0.21750525950493713,0,0
0,0.5015222660696419,1,1
1,0.8233450185897264,1,1
0,0.5433002504725309,1,1
0,0.24895109908667035,0,0
0,0.6375066382642245,1,1
1,0.4075926348884135,0,0
0,0.7492004630699788,1,1
0,0.4790525968379246,0,0
1,0.41538820488795086,0,0
1,0.4453169438341121,0,0
1,0.8314931573180918,1,1
1,0.8081132019104721,1,1
0,0.6071608634876295,1,1
0,0.19291597259799098,0,0
1,0.5247836676439419,1,1
0,0.14145551442109594,0,0
1,0.6557648553867902,1,1
0,0.676571717828573,1,1
0,0.6907864306289405,1,1
0,0.7669915344749096,1,1
0,0.35271196892317597,0,0
1,0.8493274575602111,1,1
0,0.12804580623444448,0,0
0,0.34694953636816184,0,0
0,0.6065734336875996,1,1
1,0.7621240364750539,1,1
0,0.6834937764237862,1,1
1,0.12092006072678464,0,0
0,0.539689270543669,1,1
1,0.4935130577539321,0,0
0,0.2944118694523032,0,0
0,0.2807964251971089,0,0
1,0.7068454900417468,1,1
0,0.07483388438624292,0,0
0,0.5379592805307253,1,1
0,0.1407015324979689,0,0
0,0.44966244980084946,0,0
1,0.2832841689390108,0,0
0,0.744120410470783,1,1
0,0.7668964795017209,1,1
1,0.9136370646794001,1,1
0,0.4393770358329334,0,0
0,0.17267185967600363,0,0
0,0.2909635253118931,0,0
0,0.06306165940976063,0,0
1,0.17088693011172443,0,0
0,0.08594487225954298,0,0
0,0.0639233355281238,0,0
0,0.5961816178706604,1,1
0,0.8223206226918537,1,1
0,0.6890266518096883,1,1
1,0.3053733835663435,0,0
0,0.528822253469176,1,1
0,0.6977228059306867,1,1
0,0.10885528294590723,0,0
0,0.3307004368920233,0,0
0,0.32930364018371616,0,0
1,0.5165430887318443,1,1
1,0.17402355481216883,0,0
1,0.4433566607626299,0,0
0,0.2824794343078181,0,0
1,0.6189608732718467,1,1
1,0.8497472995316738,1,1
1,0.7455158351576299,1,1
0,0.15244190808510932,0,0
0,0.33930406958093673,0,0
0,0.08841002925117163,0,0
0,0.201166464227702,0,0
0,0.453525204308829,0,0
0,0.06126243918978054,0,0
0,0.15360842109830763,0,0
0,0.37029722189362635,0,0
0,0.3536476912214622,0,0
0,0.7973870899039465,1,1
1,0.8207053097972798,1,1
0,0.4883872529527259,0,0
0,0.6509932141839648,1,1
0,0.11231530830382529,0,0
0,0.08249713362873361,0,0
1,0.3818716268390838,0,0
0,0.24877459627081747,0,0
0,0.34768165124911876,0,0
1,0.8922342603177039,1,1
1,0.8597621482661589,1,1
1,0.5127536922766653,1,1
0,0.14391436614254172,0,0
0,0.2898794783588612,0,0
0,0.8004706458625402,1,1
0,0.1209112530262819,0,0
0,0.28582488301543424,0,0
0,0.6541984735545868,1,1
0,0.056614584837255004,0,0
0,0.29106967240680914,0,0
0,0.18292069371695657,0,0
0,0.43939221257558136,0,0
1,0.6792903201094292,1,1
0,0.14342314396184716,0,0
0,0.5611470221194088,1,1
0,0.36936188134665976,0,0
0,0.8614229943322632,1,1
1,0.6597459799863905,1,1
0,0.34718298106211537,0,0
0,0.3179256192117252,0,0
1,0.3293499942457898,0,0
1,0.2755844551770913,0,0
0,0.4338527040836739,0,0
0,0.4800604924952974,0,0
0,0.23104713976190075,0,0
0,0.48842080166656276,0,0
0,0.7841593280659337,1,1
0,0.13620378360142055,0,0
1,0.3726495998408054,0,0
0,0.6983516440399156,1,1
0,0.08968768419807448,0,0
0,0.276576075365627,0,0
1,0.8453521541989063,1,1
0,0.11689438042758082,0,0
1,0.8089840741959384,1,1
1,0.8421803034766409,1,1
0,0.13968813945992337,0,0
0,0.29151945888111497,0,0
0,0.176243101252538,0,0
0,0.29935178654108724,0,0
0,0.9348575181726916,1,1
0,0.15102843112675848,0,0
0,0.09544354632666581,0,0
1,0.8233048552087338,1,1
0,0.4725478490481186,0,0
0,0.4517261652679069,0,0
1,0.7448163644559394,1,1
0,0.626144289385271,1,1
0,0.06385202129322123,0,0
1,0.6108844731595134,1,1
0,0.7649502680892765,1,1
0,0.3792702583094852,0,0
1,0.33956819900836,0,0
0,0.9227615908742666,1,1
0,0.4631483323777379,0,0
0,0.4772753069128403,0,0
0,0.062184272294053745,0,0
0,0.2173241035451738,0,0
1,0.7253911590671144,1,1
1,0.5871282050810864,1,1
1,0.8216658452036553,1,1
0,0.31920837438681143,0,0
0,0.5470422923252405,1,1
1,0.7855683604458512,1,1
0,0.2891313637415322,0,0
0,0.34962225908230454,0,0
0,0.5458659099307578,1,1
0,0.869801513415988,1,1
0,0.4588843559302082,0,0
0,0.3154416660353794,0,0
0,0.06584894604039991,0,0
0,0.5147561900279218,1,1
0,0.6070193233864278,1,1
0,0.5384584328902128,1,1
1,0.8881154341670733,1,1
1,0.4465321327497759,0,0
0,0.737299128366428,1,1
1,0.15394612795062002,0,0
0,0.18019738543300262,0,0
0,0.31512750348193624,0,0
0,0.6763171896057456,1,1
1,0.8029836960186948,1,1
0,0.5866701454252958,1,1
0,0.3768127265239018,0,0
1,0.15372830121681752,0,0
0,0.3514506236854284,0,0
0,0.03318223131300518,0,0
0,0.11067120351275901,0,0
0,0.3982660508165146,0,0
0,0.49483568392575344,0,0
1,0.8997184117006692,1,1
1,0.46441642177490283,0,0
0,0.37981595436476717,0,0
0,0.22713103725178607,0,0
1,0.7969736362130386,1,1
0,0.10879304895335444,0,0
0,0.37463984023980107,0,0
1,0.8398482147226658,1,1
1,0.846724825369855,1,1
1,0.6860095424335255,1,1
0,0.17197248528548253,0,0
0,0.41889245370897066,0,0
0,0.2079280304153873,0,0
1,0.7752795735774777,1,1
1,0.3419947902855861,0,0
1,0.7388838570592101,1,1
1,0.27348251118411976,0,0
0,0.41664265468440764,0,0
1,0.8572146679071365,1,1
0,0.26497475582529156,0,0
1,0.446222183626826,0,0
0,0.11974796334454317,0,0
0,0.27035151492555304,0,0
0,0.1889603712689083,0,0
0,0.22948536287979784,0,0
1,0.7001245717518255,1,1
0,0.13123570064876794,0,0
1,0.3665408708700495,0,0
0,0.4133532231489344,0,0
0,0.42727880720879957,0,0
0,0.18648042441074522,0,0
1,0.956296984041161,1,1
1,0.509423209816161,1,1
0,0.12664607091047042,0,0
0,0.1491849379801036,0,0
0,0.33376642447110744,0,0
0,0.7683713220827667,1,1
0,0.43809714228210556,0,0
1,0.852600596939022,1,1
1,0.31041399900670424,0,0
0,0.13338784414271476,0,0
1,0.7587787977388242,1,1
0,0.4314140351052205,0,0
0,0.16692359878370938,0,0
0,0.28944928457004093,0,0
0,0.6747481118736431,1,1
0,0.20878675355689227,0,0
0,0.18951163960568007,0,0
0,0.22489406236984238,0,0
1,0.867790066004617,1,1
0,0.11615876757173163,0,0
1,0.6937219526353178,1,1
0,0.1277486972056884,0,0
1,0.7358203975241305,1,1
0,0.053709321682972905,0,0
0,0.4597075084243013,0,0
0,0.8893347521559701,1,1
1,0.30430740177720866,0,0
0,0.23563205096162065,0,0
1,0.8283916601464424,1,1
0,0.0902579855734204,0,0
0,0.42100674634703694,0,0
1,0.36505688404259773,0,0
1,0.8084294342541751,1,1
1,0.873594065344771,1,1
0,0.5657823994286996,1,1
0,0.35133778088248313,0,0
1,0.7449757109045272,1,1
1,0.7538344274909192,1,1
1,0.843909589089817,1,1
0,0.8247223133769691,1,1
0,0.3627705770477352,0,0
0,0.26355690297407003,0,0
0,0.11225027965855917,0,0
0,0.3103020607732949,0,0
0,0.17368078407032977,0,0
0,0.7386597528521686,1,1
1,0.8645743929003777,1,1
0,0.11369884571993576,0,0
0,0.6136772933323079,1,1
0,0.4610727865546024,0,0
0,0.3435172512247504,0,0
1,0.8164801689298499,1,1
0,0.09942876406328952,0,0
0,0.20157287968661627,0,0
0,0.07351436761298037,0,0
0,0.6902062818170037,1,1
0,0.20174474242990084,0,0
0,0.40145313904009705,0,0
1,0.9323697565508621,1,1
0,0.17809676630963617,0,0
0,0.23396313900698174,0,0
0,0.3790224630522518,0,0
1,0.7864960127021609,1,1
0,0.30462253647871423,0,0
0,0.07530619943101732,0,0
0,0.1818375806338453,0,0
1,0.7686933582080985,1,1
0,0.5408861696421032,1,1
0,0.3170001569798361,0,0
0,0.08849044198850103,0,0
0,0.4737868345401505,0,0
1,0.9372617335369524,1,1
0,0.10923034664273164,0,0
0,0.10629228509699329,0,0
1,0.7110294147292351,1,1
0,0.306291612754945,0,0
1,0.8607776101752,1,1
1,0.8634208073605513,1,1
0,0.1524685590693759,0,0
1,0.3863778483875482,0,0
0,0.6882902938441291,1,1
0,0.7395246838017574,1,1
0,0.2884448813561474,0,0
0,0.13576142851908077,0,0
0,0.29574718871674627,0,0
0,0.2153153937988424,0,0
1,0.7876089859464315,1,1
0,0.39763757842560105,0,0
1,0.0873961509221142,0,0
0,0.18962607949157326,0,0
1,0.9495945304927792,1,1
1,0.4971850903167476,0,0
0,0.08379164725828069,0,0
0,0.7435175639621536,1,1
0,0.43291518689229447,0,0
0,0.31850084320822253,0,0
0,0.3372655644109559,0,0
0,0.7340645474490453,1,1
0,0.10733862034548662,0,0
1,0.28097491458471574,0,0
1,0.24002509199868297,0,0
1,0.8278517934321729,1,1
0,0.07454736123587122,0,0
1,0.8486418626051199,1,1
0,0.1226646285655957,0,0
0,0.4591570135726678,0,0
0,0.5771157746955587,1,1
0,0.09269634583762018,0,0
0,0.47294198884810723,0,0
0,0.6506428021752565,1,1
1,0.2878339132174937,0,0
0,0.3937482942102544,0,0
0,0.24408747930734861,0,0
1,0.3199863671346745,0,0
1,0.8235161870633233,1,1
1,0.9237952926918289,1,1
0,0.07012039001053647,0,0
0,0.354882572149214,0,0
1,0.8006278797125425,1,1
0,0.22417458021490747,0,0
1,0.8657211886851036,1,1
0,0.6180460772162261,1,1
1,0.8960133933097315,1,1
0,0.394621476585166,0,0
1,0.36280720688286966,0,0
0,0.7257963098676808,1,1
1,0.9088900751848751,1,1
0,0.8108408143952872,1,1
0,0.1657704926687365,0,0
0,0.6128934863195247,1,1
1,0.3026210207645436,0,0
1,0.7583086111187923,1,1
0,0.11388932637951059,0,0
0,0.5414058875731785,1,1
0,0.745217815770525,1,1
1,0.9113530563812713,1,1
1,0.7835038006956185,1,1
0,0.3035557451282404,0,0
1,0.3692840820435337,0,0
1,0.7826455573966598,1,1
0,0.33917772794759793,0,0
1,0.4701714846686019,0,0
0,0.6692460411119466,1,1
0,0.3770317189407253,0,0
0,0.21917873473438632,0,0
0,0.4375011094326356,0,0
1,0.9023536354001367,1,1
0,0.3258584890221584,0,0
0,0.22729122413289532,0,0
0,0.07794566573149704,0,0
0,0.18443965450200323,0,0
0,0.5535039917733844,1,1
0,0.24566045447314344,0,0
1,0.41528947721331005,0,0
0,0.39457170595812496,0,0
1,0.3117344316154755,0,0
0,0.3853381102468822,0,0
1,0.2700269121522049,0,0
0,0.29604440211211763,0,0
0,0.4641150193306123,0,0
0,0.9623059385106187,1,1
0,0.08779838660215508,0,0
0,0.4463145373824324,0,0
1,0.9242811696854335,1,1
0,0.17449337896009534,0,0
1,0.3504125435578571,0,0
0,0.766954233182857,1,1
0,0.3850264872537013,0,0
0,0.3696818663169593,0,0
1,0.5533287183032765,1,1
0,0.8867270617778482,1,1
1,0.40227708464629713,0,0
0,0.5076242993692637,1,1
1,0.28697805999560577,0,0
0,0.45189858503529595,0,0
0,0.19130069164541916,0,0
0,0.3548847154016881,0,0
0,0.08066670014665653,0,0
1,0.7727790767927657,1,1
1,0.9612219719577335,1,1
0,0.6187976723755266,1,1
1,0.897633635213954,1,1
1,0.7629471565498598,1,1
0,0.6052088360985967,1,1
1,0.3098621438727407,0,0
0,0.1929321630920165,0,0
1,0.8773591955935623,1,1
0,0.4528089351507979,0,0
0,0.12909708032968917,0,0
0,0.5698121493770816,1,1
1,0.9303307555933762,1,1
1,0.39722455060746453,0,0
0,0.9064900321086468,1,1
1,0.3395498222855252,0,0
0,0.1397979385243053,0,0
0,0.5969606860056731,1,1
0,0.6328609850152309,1,1
0,0.10544029233095133,0,0
1,0.6665476739628253,1,1
0,0.5969175808352987,1,1
0,0.511905426916025,1,1
1,0.7328981189959523,1,1
1,0.9315497189996528,1,1
0,0.14782424030863234,0,0
0,0.1663032290818159,0,0
0,0.6239609532909639,1,1
0,0.49140776829573823,0,0
0,0.3200947411200116,0,0
0,0.5126661336001355,1,1
0,0.19363133754146475,0,0
0,0.08178999043976219,0,0
0,0.46660896139496727,0,0
0,0.577057497085647,1,1
0,0.14672427471090538,0,0
0,0.5065619091771213,1,1
0,0.3749644863848244,0,0
0,0.15731756430001664,0,0
0,0.6519453283859965,1,1
0,0.8795854817840707,1,1
0,0.09889423864952858,0,0
1,0.7966645652099215,1,1
0,0.06674211847163053,0,0
1,0.3654857934215499,0,0
1,0.7585651092396388,1,1
0,0.4523900755733766,0,0
1,0.8801538805005751,1,1
0,0.15889486668143735,0,0
1,0.8098959504648036,1,1
0,0.9348299643464608,1,1
0,0.2803885505628129,0,0
1,0.7425278862534097,1,1
0,0.5481077753116271,1,1
0,0.9249991195079329,1,1
1,0.2802119153579694,0,0
1,0.8063009091939102,1,1
0,0.7787249639865851,1,1
0,0.8591163613760743,1,1
0,0.18878149855434156,0,0
1,0.9592811538432554,1,1
1,0.2853601708891106,0,0
0,0.40640191736277387,0,0
0,0.17148064546106992,0,0
1,0.622141524745696,1,1
0,0.2002411341979186,0,0
0,0.314264385057307,0,0
1,0.43139365248322503,0,0
1,0.3132484938404116,0,0
0,0.6278791076172378,1,1
1,0.44537494484405965,0,0
0,0.20889748110305606,0,0
1,0.5193523607071352,1,1
0,0.25940941465194567,0,0
1,0.9506836772012328,1,1
1,0.20848387630289658,0,0
1,0.5848900108826689,1,1
0,0.3703326792460426,0,0
0,0.46760165709940554,0,0
0,0.3633722341972552,0,0
1,0.6982418457971762,1,1
1,0.8620395754093915,1,1
0,0.1299963081702836,0,0
1,0.8263551555322731,1,1
1,0.7950266376749586,1,1
1,0.6407638522075525,1,1
0,0.21942038343487164,0,0
1,0.7110594249381119,1,1
1,0.5635635734291972,1,1
0,0.8055233689502967,1,1
0,0.4425439836948552,0,0
0,0.16595363757410186,0,0
0,0.16174686191062937,0,0
0,0.07684730896563258,0,0
0,0.1963649656996658,0,0
0,0.4578137792839023,0,0
0,0.10053540369146698,0,0
0,0.3976469790210171,0,0
0,0.10105451167209203,0,0
0,0.08429777826749431,0,0
0,0.38795855729451983,0,0
1,0.5945942160896944,1,1
1,0.4976887901249708,0,0
0,0.17478836660079028,0,0
0,0.24181949307137737,0,0
0,0.40434597009054785,0,0
0,0.5014289998100743,1,1
1,0.8269188438131913,1,1
0,0.12364256681803203,0,0
1,0.8931659334421838,1,1
0,0.12755209430204,0,0
0,0.2981206093652891,0,0
0,0.372628845728918,0,0
0,0.22278165370482544,0,0
0,0.5267391268803583,1,1
0,0.28271065195742484,0,0
0,0.4812471993454743,0,0
0,0.11306973076975305,0,0
1,0.9438962501820779,1,1
0,0.7149417869240056,1,1
0,0.18951330334482772,0,0
1,0.6315421456708644,1,1
1,0.747040590070296,1,1
0,0.11885295561754844,0,0
1,0.7788625420536157,1,1
0,0.32642665602427723,0,0
1,0.7691691782155594,1,1
1,0.18307715929018306,0,0
0,0.37191086894711367,0,0
1,0.8638917570279234,1,1
1,0.8693103254716544,1,1
1,0.4507340519138472,0,0
0,0.7138845147774326,1,1
1,0.8458384573111112,1,1
0,0.09985951081809118,0,0
0,0.11868037863094741,0,0
1,0.5150514301903214,1,1
1,0.7735718134156111,1,1
0,0.16469801084019078,0,0
0,0.5004876491621935,1,1
1,0.6461819475783254,1,1
0,0.06508588536274902,0,0
1,0.6366592254053279,1,1
0,0.15131141990462743,0,0
1,0.6162073341144201,1,1
1,0.8651208008429313,1,1
0,0.5017535391642459,1,1
1,0.26667747299311073,0,0
0,0.3070900653472028,0,0
1,0.5909715989542046,1,1
0,0.5158155036227071,1,1
0,0.1128632923993297,0,0
0,0.22196673872506995,0,0
0,0.2692484092864749,0,0
0,0.3356109769071111,0,0
1,0.9326993237820842,1,1
0,0.4379866556993803,0,0
1,0.8956285248058838,1,1
1,0.7399031819045483,1,1
0,0.10010975026547222,0,0
0,0.295055792461661,0,0
1,0.6972232638375909,1,1
1,0.3276015544220233,0,0
0,0.17535992580322562,0,0
0,0.34684327475980425,0,0
0,0.2875469137326079,0,0
0,0.20844660345649696,0,0
1,0.8941898820075069,1,1
0,0.27882754813881255,0,0
0,0.08701118408220347,0,0
0,0.1637576282826055,0,0
1,0.7520808811598281,1,1
1,0.06486982211641164,0,0
1,0.8126054481551339,1,1
1,0.806889958129759,1,1
0,0.45469226841292426,0,0
1,0.3223129461195694,0,0
0,0.45948778730094597,0,0
0,0.33944353108974534,0,0
0,0.16567465566318212,0,0
0,0.20591759266588738,0,0
0,0.45397479656373924,0,0
0,0.29998448649890014,0,0
1,0.7610458624845015,1,1
0,0.2566414845667659,0,0
0,0.8331433217607443,1,1
0,0.6964707518486428,1,1
0,0.21259664536326828,0,0
0,0.30543892477785073,0,0
0,0.3447905815914344,0,0
1,0.916403867205763,1,1
0,0.1089871019368235,0,0
1,0.7379355159963015,1,1
0,0.35939832910013514,0,0
0,0.2842097102023581,0,0
1,0.9190243404550289,1,1
1,0.8890150584471026,1,1
0,0.07909938216846067,0,0
0,0.37345151199326176,0,0
0,0.3809972514207327,0,0
0,0.3214802734309954,0,0
0,0.7252831889027315,1,1
1,0.15777405625141944,0,0
0,0.8763439296814117,1,1
0,0.21456416770239856,0,0
0,0.37484615003920785,0,0
0,0.2955729572206289,0,0
0,0.3595750534873161,0,0
0,0.10919467780009,0,0
0,0.2712211311767914,0,0
1,0.4945255023108117,0,0
0,0.5122327139290308,1,1
0,0.45124693879032274,0,0
0,0.09121489444924132,0,0
0,0.3427474535095521,0,0
0,0.7464295945948937,1,1
0,0.09638709831346232,0,0
1,0.38212179682958564,0,0
0,0.09308403539245151,0,0
0,0.21495804897208654,0,0
0,0.8346539280935141,1,1
0,0.4605663259356302,0,0
1,0.8538668804907233,1,1
0,0.6398622720755484,1,1
0,0.09881387623918428,0,0
1,0.7815459533612942,1,1
0,0.23454493657660358,0,0
0,0.1212464691787278,0,0
0,0.16567082301006567,0,0
0,0.6946230819357552,1,1
0,0.4452988258460074,0,0
1,0.6893650310008101,1,1
1,0.5807757352360942,1,1
1,0.3431307130570411,0,0
0,0.23345615652364038,0,0
0,0.26978767257955644,0,0
1,0.7911743350112929,1,1
0,0.7123641025739744,1,1
0,0.24472057070428826,0,0
0,0.13104482500943548,0,0
0,0.10342339558930339,0,0
0,0.2705166572961134,0,0
0,0.24981154063641972,0,0
0,0.4709813318963478,0,0
0,0.17674459969860343,0,0
1,0.7773933378296827,1,1
0,0.8067713987339424,1,1
0,0.46092252126292277,0,0
0,0.39071133378522666,0,0
1,0.8276542128891228,1,1
1,0.7844665823387427,1,1
0,0.2287468235348575,0,0
1,0.40192523495793697,0,0
0,0.18186584082872892,0,0
1,0.5926264014540091,1,1
1,0.2692849535306022,0,0
0,0.6093878547977231,1,1
1,0.8945770021406527,1,1
1,0.7985601750761065,1,1
0,0.48602288854198084,0,0
1,0.6451085496847438,1,1
0,0.5713055988095443,1,1
1,0.6716410888523819,1,1
1,0.68666487932328,1,1
1,0.5120058123058299,1,1
1,0.7439467436511593,1,1
0,0.5461237555805019,1,1
0,0.2665955993970284,0,0
0,0.4190238792825207,0,0
0,0.5064985964619192,1,1
1,0.6487096194025205,1,1
0,0.6696412220321485,1,1
0,0.16489671018982408,0,0
0,0.36057210124532246,0,0
1,0.5042968287000988,1,1
1,0.7981450962672193,1,1
1,0.4944260064974263,0,0
0,0.32159536355304935,0,0
1,0.3815065947006698,0,0
0,0.30236516771854016,0,0
0,0.3354484253683331,0,0
1,0.9466408871785782,1,1
0,0.8714522121357775,1,1
0,0.10815126186661038,0,0
0,0.3913330052449222,0,0
0,0.04976073634334567,0,0
0,0.5435206089144938,1,1
0,0.587899360898677,1,1
0,0.5354989547177231,1,1
0,0.514084699985163,1,1
0,0.3598391570360206,0,0
0,0.38161995543851474,0,0
1,0.8467931679842734,1,1
1,0.40372469892967633,0,0
1,0.6151929090847049,1,1
0,0.2719405175751173,0,0
0,0.5281924822758294,1,1
0,0.10452349962524916,0,0
0,0.19278436925449793,0,0
0,0.11818914709461853,0,0
1,0.48434600371577885,0,0
0,0.29743943972462406,0,0
0,0.06108207989192532,0,0
1,0.8211873781037337,1,1
0,0.6558936785104034,1,1
0,0.41824507052340826,0,0
0,0.6710308975618806,1,1
1,0.42946138436776643,0,0
0,0.1362802371909987,0,0
1,0.7549811816126386,1,1
0,0.2863756018742451,0,0
0,0.4876301817634183,0,0
1,0.816372552291757,1,1
0,0.25916564189798935,0,0
0,0.26730389259049553,0,0
1,0.6744390201026571,1,1
1,0.8456749688156444,1,1
0,0.15912135982630574,0,0
0,0.4926438029091421,0,0
0,0.1528242088146261,0,0
1,0.8398761521482236,1,1
0,0.23601341927549366,0,0
1,0.8321972724805797,1,1
0,0.4904418279403034,0,0
1,0.6163351640366541,1,1
0,0.09566302597527791,0,0
1,0.6690205357780676,1,1
1,0.8705464729954946,1,1
1,0.4408178341812503,0,0
0,0.310035377564857,0,0
1,0.8989013433310532,1,1
1,0.4525910875669358,0,0
0,0.48656559220487433,0,0
0,0.15519402243270233,0,0
0,0.45470697795367365,0,0
0,0.3146358530040212,0,0
0,0.12121307202278266,0,0
0,0.07381365777259438,0,0
1,0.44594009790955563,0,0
1,0.7760608957587829,1,1
1,0.9320573772869987,1,1
0,0.21909288925355414,0,0
0,0.23842922486732865,0,0
0,0.3855667527886334,0,0
0,0.23155834909765413,0,0
0,0.6072339168922902,1,1
1,0.5984687576707232,1,1
1,0.8851357007518496,1,1
0,0.36009607567849694,0,0
0,0.8176880025000437,1,1
0,0.7905692764730705,1,1
0,0.3201552678421254,0,0
1,0.9465209179232598,1,1
1,0.39847952097268247,0,0
0,0.2734406371800231,0,0
1,0.8414601243240568,1,1
0,0.2464738392237032,0,0
0,0.26038850089297827,0,0
1,0.4094396676216931,0,0
0,0.16377593175956895,0,0
0,0.5207472065451408,1,1
0,0.8479626028657301,1,1
1,0.6233842982161716,1,1
1,0.8186317329685915,1,1
0,0.45866180819656766,0,0
0,0.20949055051586404,0,0
1,0.30642319524541967,0,0
1,0.6931870005539547,1,1
0,0.20439052928905574,0,0
1,0.9010984366540753,1,1
0,0.4378311194607154,0,0
0,0.4195752418637746,0,0
0,0.4766428943643411,0,0
1,0.7289943398911377,1,1
0,0.4557891968917417,0,0
1,0.6006206281890104,1,1
0,0.39606112251002723,0,0
0,0.27685090587788447,0,0
0,0.22761612772084497,0,0
0,0.8440929821860429,1,1
0,0.19999447827140257,0,0
1,0.6365853134587846,1,1
0,0.21301408721505943,0,0
0,0.3443017383442737,0,0
0,0.2473790171528157,0,0
1,0.9357851371849396,1,1
0,0.2550059747223638,0,0
0,0.06091677479077139,0,0
0,0.11081119764969052,0,0
1,0.7966912244226373,1,1
1,0.898735312984392,1,1
1,0.8585006114936671,1,1
1,0.6017752658767888,1,1
1,0.8228262988612939,1,1
0,0.4926073330236927,0,0
1,0.7317012321678852,1,1
1,0.7254991988502663,1,1
0,0.5673561003754164,1,1
0,0.113537545485379,0,0
1,0.30029192269913085,0,0
0,0.4726154638014832,0,0
0,0.24616827929001872,0,0
0,0.8880993137883727,1,1
0,0.5620796785183879,1,1
0,0.22698416384800962,0,0
0,0.7098267282911057,1,1
0,0.5322537380377382,1,1
0,0.11685935034223321,0,0
0,0.8109941653527728,1,1
1,0.8200298415077415,1,1
1,0.8327617200907389,1,1
0,0.4152706378064021,0,0
1,0.9673543897951156,1,1
0,0.12273293422275086,0,0
0,0.08691082716597547,0,0
0,0.5250162079727683,1,1
1,0.5995997652496523,1,1
0,0.4320850088605472,0,0
0,0.3742529664700263,0,0
0,0.11887496411583207,0,0
1,0.7187324927088871,1,1
0,0.4811980633524638,0,0
0,0.09462932394739654,0,0
0,0.6395168562669576,1,1
1,0.7905188123474121,1,1
1,0.8631468957290411,1,1
0,0.36542709755638225,0,0
0,0.13784531344565065,0,0
0,0.2100844324191897,0,0
1,0.17282416400965625,0,0
0,0.10224531206250406,0,0
1,0.8730891181132893,1,1
0,0.21730969569805544,0,0
0,0.5013242705127166,1,1
1,0.8495813152367472,1,1
0,0.268677613278601,0,0
1,0.788273070224072,1,1
0,0.14984643350023025,0,0
1,0.8062707602357011,1,1
0,0.2153868113190054,0,0
0,0.6220997274049695,1,1
1,0.49584280222702826,0,0
1,0.30486658485416634,0,0
0,0.3219539976116749,0,0
1,0.8953311276198512,1,1
1,0.8639941737435552,1,1
1,0.7644414896265113,1,1
0,0.8019909831049695,1,1
0,0.5674722733955627,1,1
1,0.849208495922136,1,1
1,0.8735741968952943,1,1
1,0.08649092334525521,0,0
0,0.6042889548468862,1,1
0,0.252638385292459,0,0
1,0.7962748677930759,1,1
0,0.10216453173812179,0,0
1,0.8850973409451529,1,1
1,0.8765527297980152,1,1
1,0.7563178742354023,1,1
0,0.0893750145438912,0,0
1,0.46360582701083697,0,0
0,0.30779402142343104,0,0
0,0.37776013524368596,0,0
1,0.6725412376041721,1,1
0,0.4924631611846498,0,0
1,0.5816419550922279,1,1
0,0.038477636807211855,0,0
0,0.48674732565252316,0,0
0,0.36529727656211713,0,0
0,0.17153570519713818,0,0
1,0.673769439392664,1,1
0,0.08342084232816573,0,0
1,0.39083611789591444,0,0
1,0.6043943472014595,1,1
0,0.5216813128626402,1,1
0,0.43775350715680533,0,0
1,0.8150781406346943,1,1
0,0.05775338405583645,0,0
0,0.1781799232067155,0,0
1,0.1541121353098914,0,0
1,0.7288187680373369,1,1
0,0.6085033236295084,1,1
0,0.3155256962796434,0,0
1,0.8973902108071603,1,1
1,0.6543688074021494,1,1
0,0.6563518063759368,1,1
0,0.14060726224056536,0,0
1,0.7800347141731203,1,1
0,0.05021898479331989,0,0
1,0.7921334610164393,1,1
0,0.6441173114085632,1,1
0,0.334916198919182,0,0
1,0.8820811846086556,1,1
0,0.30183683803756756,0,0
0,0.17199164962905594,0,0
0,0.8964162699178949,1,1
0,0.18394662408520443,0,0
1,0.9114793884980595,1,1
1,0.4191460328620524,0,0
0,0.42838424857395385,0,0
1,0.8364612462009329,1,1
0,0.8890176655114869,1,1
1,0.7751260510988833,1,1
1,0.33486942897257455,0,0
1,0.6782770603750543,1,1
1,0.4354161673434699,0,0
1,0.8962353463392446,1,1
0,0.5471499720245295,1,1
1,0.6478468943202379,1,1
0,0.0700677888710144,0,0
0,0.1906911503810817,0,0
0,0.8339423845781011,1,1
1,0.5445003378880837,1,1
0,0.4345258666634412,0,0
0,0.4418443545323844,0,0
1,0.3715821683300936,0,0
1,0.725782692626566,1,1
0,0.24682611131943338,0,0
0,0.16911597704207335,0,0
1,0.9138682449249467,1,1
0,0.7994630399769762,1,1
1,0.5440662199005213,1,1
0,0.21727169097849205,0,0
0,0.8575250229453754,1,1
0,0.27805970535951346,0,0
0,0.061944860767695356,0,0
0,0.21899439316819844,0,0
1,0.814433089409797,1,1
0,0.4196852299417726,0,0
0,0.5236001426789643,1,1
0,0.39680104124244886,0,0
0,0.7279483445630168,1,1
0,0.10994004243535747,0,0
0,0.5257409584228074,1,1
1,0.5692996041496216,1,1
0,0.4616570883023891,0,0
0,0.7653278516395929,1,1
0,0.13820522439646857,0,0
1,0.6986569254795125,1,1
1,0.457128364807967,0,0
1,0.48000622712177593,0,0
0,0.11957189925514955,0,0
0,0.458874980495779,0,0
1,0.7798559797083735,1,1
0,0.12905584963455377,0,0
1,0.30720062245930313,0,0
0,0.3225953610274539,0,0
0,0.10894399057614297,0,0
0,0.6306351641580937,1,1
0,0.3825920892583974,0,0
0,0.21238221738660135,0,0
0,0.08917008769208463,0,0
0,0.4741926033418048,0,0
0,0.20722675618573264,0,0
0,0.7224171723696227,1,1
0,0.33744606752589673,0,0
0,0.19988405821112482,0,0
0,0.714896009579261,1,1
0,0.6736829607382208,1,1
1,0.9118754214543531,1,1
1,0.055594885343183076,0,0
0,0.4029079279030373,0,0
0,0.1562427267799102,0,0
0,0.20620317842459018,0,0
1,0.7882240901289211,1,1
1,0.7413077939747733,1,1
0,0.10249660552256955,0,0
1,0.7611357873262087,1,1
1,0.6576999747297403,1,1
0,0.3762549966179992,0,0
1,0.42941902359140727,0,0
0,0.10721370697953518,0,0
0,0.416107137888992,0,0
1,0.7206798332833382,1,1
0,0.14986615324619085,0,0
0,0.6039467691462908,1,1
0,0.22555519589595863,0,0
1,0.4016150308217657,0,0
0,0.1770506948908361,0,0
0,0.08674851114439332,0,0
0,0.11386101412182958,0,0
0,0.5978804542256592,1,1
0,0.26044902480905746,0,0
0,0.37207726094623544,0,0
0,0.38540778213691734,0,0
0,0.3680067261809947,0,0
0,0.2972001640608114,0,0
1,0.9083857020182409,1,1
1,0.7430510637752971,1,1
0,0.467091247133287,0,0
0,0.07889490992609338,0,0
0,0.29205643714947893,0,0
0,0.23941525703500355,0,0
0,0.11690757436190768,0,0
1,0.8743656182223368,1,1
0,0.26400570796725625,0,0
0,0.07793431686780214,0,0
0,0.38911595502677854,0,0
0,0.1380304946942893,0,0
1,0.532443191983263,1,1
0,0.20832306258134484,0,0
1,0.5799557182612719,1,1
0,0.7557592104506301,1,1
0,0.7971579619224087,1,1
0,0.6759504443888187,1,1
0,0.22685998352365225,0,0
1,0.8154973575884785,1,1
1,0.8075536160549809,1,1
0,0.6604096485528465,1,1
0,0.6543278823441451,1,1
0,0.2028348063470087,0,0
1,0.6297256737782565,1,1
0,0.6969883166275773,1,1
0,0.3351598286510648,0,0
0,0.15075660338528074,0,0
0,0.26462177122278563,0,0
0,0.5446930380800089,1,1
0,0.3561860767277412,0,0
0,0.3132197428663502,0,0
1,0.8394803597065083,1,1
0,0.1665503196055251,0,0
0,0.24544947274669043,0,0
0,0.3029087815137306,0,0
0,0.2827430439385697,0,0
0,0.19318478024355482,0,0
1,0.774444769088707,1,1
1,0.536694615953895,1,1
0,0.9183958216689718,1,1
0,0.9223634743571347,1,1
0,0.22159941140559236,0,0
1,0.891176379030046,1,1
1,0.40523416466762396,0,0
0,0.5233094701451109,1,1
0,0.47921188133143167,0,0
0,0.3199078910389867,0,0
0,0.18565590543367064,0,0
1,0.450132056820694,0,0
0,0.2702336462945881,0,0
0,0.23692489094402644,0,0
0,0.42174300036985524,0,0
0,0.8426040678624526,1,1
1,0.8781271705323732,1,1
0,0.7597734781886811,1,1
0,0.19134126707370713,0,0
0,0.36606640091330783,0,0
0,0.6727104045472112,1,1
0,0.10348566887813984,0,0
0,0.8460001967891041,1,1
0,0.5666882230824352,1,1
0,0.09668016232130833,0,0
1,0.8618861127902907,1,1
0,0.5840102936606578,1,1
0,0.14269277540594424,0,0
1,0.41076698905351045,0,0
1,0.8075737876248318,1,1
0,0.7930512762018372,1,1
0,0.7092209337371576,1,1
0,0.1403563482021089,0,0
1,0.569319774621832,1,1
0,0.2743197744192329,0,0
1,0.9482982493139092,1,1
0,0.2461604950479703,0,0
1,0.7586693690137268,1,1
0,0.37380621217321286,0,0
0,0.16918266655768063,0,0
1,0.8510577423341619,1,1
0,0.32255466509814473,0,0
1,0.8850503696405462,1,1
1,0.8914758167180619,1,1
0,0.2641627259889004,0,0
1,0.9112285156584604,1,1
1,0.314390850741799,0,0
0,0.11332500486405062,0,0
1,0.5302651112814312,1,1
0,0.5236296618494896,1,1
0,0.19647581318770713,0,0
0,0.37323388610987307,0,0
0,0.6185056705975912,1,1
0,0.15843090893075812,0,0
1,0.6611512110959473,1,1
1,0.9383550310852075,1,1
0,0.4274702928805444,0,0
0,0.2216565825062607,0,0
0,0.1782845602827403,0,0
1,0.8085465434321827,1,1
1,0.39356781429946947,0,0
0,0.23312167641539816,0,0
0,0.12668362807831698,0,0
1,0.9707748397965511,1,1
1,0.9152136267687481,1,1
1,0.37749032774291813,0,0
0,0.042494881784005824,0,0
0,0.408593409175432,0,0
1,0.7025403278518743,1,1
0,0.5648622301805029,1,1
0,0.07566302568643529,0,0
0,0.223674282523009,0,0
1,0.23179162073902396,0,0
0,0.18756626596348183,0,0
0,0.33304760247155885,0,0
0,0.3258875424181053,0,0
1,0.3574419483292428,0,0
0,0.6093964858449914,1,1
1,0.8327829805396921,1,1
0,0.7018355192975592,1,1
0,0.3306043566950508,0,0
0,0.3181490629113859,0,0
0,0.40035146254948795,0,0
0,0.6056690338960141,1,1
1,0.8190682952134354,1,1
0,0.6827123249546349,1,1
0,0.3609933586829011,0,0
1,0.8126707681623593,1,1
1,0.4718715743958458,0,0
0,0.18921245442599186,0,0
1,0.514849597276343,1,1
0,0.19809840691791575,0,0
1,0.2779213815837003,0,0
0,0.6023738370079583,1,1
0,0.29702933467449005,0,0
0,0.2889358473209009,0,0
0,0.351863086042817,0,0
0,0.35350728341057486,0,0
1,0.6257746787749283,1,1
1,0.7094953432467733,1,1
1,0.852959131197564,1,1
0,0.7837770829280825,1,1
0,0.35421528898037413,0,0
0,0.8679903128094576,1,1
1,0.6273175152038478,1,1
1,0.5202468879304123,1,1
0,0.2531352304633711,0,0
1,0.5007386434238418,1,1
0,0.3319715748058906,0,0
1,0.80563625656115,1,1
1,0.885134450036578,1,1
0,0.036801583864750964,0,0
1,0.5977884542202516,1,1
0,0.4465723654593767,0,0
0,0.17846977466091296,0,0
1,0.8658720879660617,1,1
0,0.5271620574046049,1,1
0,0.8864594076256586,1,1
0,0.5940944867422882,1,1
0,0.2606550030795219,0,0
0,0.501521093687189,1,1
0,0.20628385920296546,0,0
1,0.9444260755095183,1,1
1,0.6906662108293804,1,1
0,0.38290671994810127,0,0
0,0.5291445059662063,1,1
1,0.2834440071928767,0,0
1,0.9483105811129424,1,1
0,0.32040044652606586,0,0
0,0.37527774875334935,0,0
0,0.36480265257308236,0,0
0,0.603087310772059,1,1
0,0.25274874950286214,0,0
0,0.6653122283485787,1,1
0,0.8678710813719396,1,1
0,0.0392398960577483,0,0
0,0.603123385062927,1,1
1,0.9101714204858777,1,1
0,0.43226803758217935,0,0
0,0.6719646963727606,1,1
1,0.8762656245569083,1,1
1,0.7809817439140799,1,1
0,0.27299235399893645,0,0
0,0.1528628382627848,0,0
0,0.13027541576546275,0,0
0,0.48185648898715877,0,0
0,0.11949481044189224,0,0
0,0.2993788388760768,0,0
0,0.27716797115758446,0,0
0,0.23770333823015766,0,0
1,0.8200022655333135,1,1
0,0.08748105144625255,0,0
0,0.11007762837699289,0,0
0,0.8165433916664091,1,1
1,0.6005945568076979,1,1
0,0.3845809975578156,0,0
0,0.07675268433861152,0,0
0,0.20852248569410184,0,0
0,0.4976322193261424,0,0
0,0.04820385633485641,0,0
0,0.2307094592502466,0,0
0,0.29211422540016424,0,0
0,0.2340241194229548,0,0
0,0.2914676331748296,0,0
0,0.6478674692815262,1,1
0,0.38300138963272656,0,0
0,0.8574646473160986,1,1
0,0.752107222378684,1,1
0,0.7433475745976605,1,1
1,0.39402914578109166,0,0
1,0.6070968439391453,1,1
0,0.4489392824526842,0,0
1,0.4540831867996813,0,0
1,0.7534270738381194,1,1
1,0.7748176037528451,1,1
1,0.9016337451544394,1,1
0,0.9051211041133383,1,1
0,0.3602099312721174,0,0
0,0.7316540214128987,1,1
1,0.7992358196174968,1,1
0,0.23591275947125182,0,0
1,0.1373152956705579,0,0
0,0.7414884806261522,1,1
1,0.6611452993268193,1,1
1,0.7144075595298517,1,1
0,0.8943709475557066,1,1
0,0.09370645035305465,0,0
0,0.4829496065836573,0,0
0,0.3585041022250161,0,0
0,0.5825528598828195,1,1
1,0.6049935942104039,1,1
0,0.16094363225625447,0,0
1,0.6689466667559179,1,1
0,0.4951803926642014,0,0
0,0.10069264497236627,0,0
0,0.28656036261205586,0,0
1,0.8842053835598687,1,1
0,0.08331497664894959,0,0
0,0.6893841229006642,1,1
0,0.28217827365742326,0,0
0,0.11900537885971306,0,0
0,0.4774455968598109,0,0
1,0.090062606728119,0,0
0,0.23836547270104985,0,0
0,0.7649030741963699,1,1
1,0.7274548161446059,1,1
1,0.6364493564135423,1,1
0,0.2681599649341307,0,0
0,0.7008120710202784,1,1
0,0.2555087133547669,0,0
0,0.07696203176772193,0,0
1,0.35893159372661404,0,0
0,0.5032465250242409,1,1
0,0.48179626582548224,0,0
0,0.34336749889323664,0,0
0,0.2877712255850906,0,0
1,0.348537490902642,0,0
0,0.632463731643036,1,1
0,0.2711949430849543,0,0
0,0.3966575226815943,0,0
0,0.2436908903219343,0,0
0,0.5895667487937419,1,1
0,0.3022725255228013,0,0
0,0.35723834987208847,0,0
1,0.15729979557102533,0,0
0,0.21246013915842787,0,0
0,0.6635546836544485,1,1
1,0.7053405798282522,1,1
0,0.10569942179931578,0,0
0,0.18614516765348965,0,0
0,0.11885826672792478,0,0
0,0.08681895863320975,0,0
0,0.615476546745103,1,1
0,0.15234884975130605,0,0
1,0.9141454670081185,1,1
0,0.19598900242819528,0,0
1,0.25727926593165895,0,0
0,0.20835683378851289,0,0
0,0.7377441538151138,1,1
1,0.8940408056371589,1,1
0,0.07635145618752479,0,0
1,0.7301654130778035,1,1
1,0.8743725332411573,1,1
0,0.5571815546618245,1,1
1,0.8778374752326903,1,1
0,0.13679457965990113,0,0
0,0.675964310804144,1,1
0,0.35626114382733015,0,0
1,0.7980462311647428,1,1
0,0.863499261679327,1,1
0,0.16698849612852637,0,0
1,0.15970708053182944,0,0
1,0.8942689511468179,1,1
0,0.14679485601470993,0,0
0,0.3900898352234767,0,0
0,0.05969337642194554,0,0
0,0.4348203599125912,0,0
0,0.10811871857067394,0,0
1,0.5624764135261348,1,1
0,0.1832258197321385,0,0
1,0.7277668986481186,1,1
0,0.47969881860750274,0,0
1,0.72578942714423,1,1
0,0.3367924322436234,0,0
1,0.7268288052342285,1,1
0,0.7519129237116239,1,1
0,0.7894950323744736,1,1
1,0.6446790320514558,1,1
1,0.8348871511311048,1,1
0,0.872168768934025,1,1
1,0.44932165962602383,0,0
0,0.6979222649230553,1,1
1,0.9332807132494888,1,1
0,0.14643551854088319,0,0
0,0.32854152352211785,0,0
0,0.5448337009722811,1,1
1,0.622707184519124,1,1
1,0.8553918862234428,1,1
0,0.3014035895126869,0,0
1,0.8031201048940827,1,1
1,0.4059711999317571,0,0
1,0.4762428215167996,0,0
1,0.9236619331389707,1,1
0,0.4287469272730747,0,0
0,0.1150552498420671,0,0
0,0.4891444940222312,0,0
0,0.33716460200924186,0,0
1,0.6429680068112681,1,1
0,0.05471632010910741,0,0
1,0.5245921947556008,1,1
0,0.36256306840269303,0,0
0,0.4148633206153504,0,0
0,0.20022866227701655,0,0
1,0.8308312005716892,1,1
0,0.1710771466763177,0,0
1,0.8186234440451531,1,1
0,0.09686852005450927,0,0
0,0.31934205991954595,0,0
1,0.3731956769811297,0,0
1,0.6721328790758538,1,1
1,0.485647191817255,0,0
0,0.2722148133831955,0,0
0,0.2140034334978427,0,0
0,0.30253295759809706,0,0
0,0.21324177012866474,0,0
1,0.7283093114721021,1,1
1,0.49994210303696923,0,0
0,0.538509470597931,1,1
0,0.4971000867656415,0,0
0,0.12402136051409739,0,0
1,0.8937673359701684,1,1
0,0.5550585815518224,1,1
0,0.5964285600101463,1,1
1,0.802532430982074,1,1
0,0.6421316138405527,1,1
0,0.4500790808961269,0,0
0,0.8192282664290245,1,1
1,0.18187519256850726,0,0
1,0.6963121955274578,1,1
0,0.35895304419023066,0,0
0,0.16694879545943156,0,0
0,0.3103257364636426,0,0
0,0.1727451048159766,0,0
1,0.466235340602266,0,0
1,0.9073175737965846,1,1
0,0.08962601338166931,0,0
0,0.873377038386786,1,1
0,0.8296888626989775,1,1
0,0.2940396810375396,0,0
1,0.8073401139205078,1,1
0,0.7804249128185591,1,1
0,0.4201355494640216,0,0
0,0.3922608595379135,0,0
1,0.4425964000992883,0,0
0,0.1347604865210289,0,0
0,0.7519494784735798,1,1
1,0.5027490778633645,1,1
1,0.40792820307572236,0,0
1,0.5037544256300015,1,1
0,0.7266486933908829,1,1
0,0.7008387729371428,1,1
0,0.5147113535001239,1,1
1,0.3951368965825739,0,0
0,0.607395160566511,1,1
0,0.6410594800000554,1,1
1,0.742452252014495,1,1
1,0.7913016902595719,1,1
0,0.13327382828080167,0,0
0,0.8945959956569604,1,1
0,0.37252740169959087,0,0
1,0.7530970085519343,1,1
0,0.5143989088760386,1,1
1,0.8314311978553514,1,1
0,0.21379499603200222,0,0
0,0.6489606551236382,1,1
1,0.7447605555259005,1,1
1,0.7781322734970302,1,1
1,0.8218493247959884,1,1
0,0.45018468007199475,0,0
0,0.5020787498149746,1,1
0,0.20653389940493616,0,0
1,0.48443226268103223,0,0
0,0.4536920668233989,0,0
0,0.6424863401019388,1,1
0,0.6034529284321342,1,1
0,0.3282000981513747,0,0
0,0.4675733284517038,0,0
0,0.1764768413552686,0,0
0,0.4242719208746218,0,0
0,0.5030207982015645,1,1
0,0.8291153773128512,1,1
1,0.618650376119141,1,1
0,0.126812246144769,0,0
0,0.9100227569877316,1,1
0,0.4462475803325399,0,0
0,0.24720163404339954,0,0
0,0.19091208648607097,0,0
0,0.2974488729412904,0,0
0,0.6083275942213032,1,1
1,0.8303032297121054,1,1
0,0.547423477163999,1,1
0,0.42123193518098606,0,0
0,0.19929232953237142,0,0
0,0.7590246273415964,1,1
0,0.3596314312789719,0,0
0,0.12934460518034924,0,0
1,0.2143058822318911,0,0
1,0.5934028910036114,1,1
0,0.41263632994202665,0,0
1,0.6861951340479859,1,1
0,0.2256884818502883,0,0
1,0.9562627045876936,1,1
0,0.23419612977982993,0,0
0,0.5599138635537523,1,1
1,0.636541641810931,1,1
1,0.8839026823300868,1,1
0,0.15208396487425907,0,0
0,0.5086134190910628,1,1
0,0.13570314755558296,0,0
0,0.8881936353680158,1,1
0,0.2579877242019199,0,0
1,0.8854506941287269,1,1
0,0.5452547103601576,1,1
0,0.3361111172282288,0,0
0,0.36223027249312156,0,0
0,0.5614313302999135,1,1
0,0.8376825775458542,1,1
0,0.05579047984908452,0,0
1,0.5011296230431687,1,1
0,0.24092363882428888,0,0
0,0.32558118848961903,0,0
0,0.2730033931510448,0,0
1,0.5834698498797685,1,1
1,0.7651534196928158,1,1
0,0.33751262644708474,0,0
1,0.5124946144011991,1,1
1,0.8744527535649732,1,1
0,0.767645626730663,1,1
1,0.8376174730655679,1,1
0,0.08485969935429823,0,0
1,0.8527991401394579,1,1
0,0.755688626988925,1,1
0,0.2631629022812888,0,0
1,0.7682412776979948,1,1
0,0.27199938810524027,0,0
1,0.9623536400670224,1,1
1,0.9103315134988444,1,1
0,0.07469385740162186,0,0
1,0.3573466657659127,0,0
1,0.8217093559578119,1,1
0,0.4608128604332955,0,0
1,0.8380562412408276,1,1
0,0.2606146302805649,0,0
1,0.32263411780116413,0,0
0,0.5787851299748679,1,1
0,0.6987757054498293,1,1
1,0.7168641697088622,1,1
0,0.3375538971307988,0,0
1,0.6958973716151727,1,1
1,0.8845393330255549,1,1
1,0.8446630628411074,1,1
0,0.15904940749255456,0,0
1,0.8253785366577582,1,1
0,0.6528853732615298,1,1
0,0.7723383458324603,1,1
1,0.8595171167217512,1,1
0,0.3358797133458881,0,0
1,0.85758805894017,1,1
0,0.47107255957039973,0,0
0,0.2711759363744405,0,0
0,0.5667854512007872,1,1
1,0.9090460900364414,1,1
0,0.07742159074116181,0,0
1,0.8563685571806681,1,1
1,0.8251442968360346,1,1
0,0.24776781360477051,0,0
0,0.5175974531610598,1,1
0,0.270439703641112,0,0
0,0.8450709775747098,1,1
0,0.1651935570038972,0,0
1,0.5743928049752854,1,1
1,0.6215975225208775,1,1
0,0.11685935034223321,0,0
0,0.26229566170986307,0,0
1,0.2902942597010017,0,0
0,0.1809746565655364,0,0
0,0.7807577810548243,1,1
0,0.1284962755718181,0,0
0,0.1039789176025869,0,0
1,0.7970914581441748,1,1
1,0.19014072700411552,0,0
1,0.28817268389637474,0,0
0,0.29347275322522676,0,0
0,0.3077706554237576,0,0
0,0.3734780232732256,0,0
0,0.07182019290496594,0,0
1,0.846853806773976,1,1
1,0.2670260187805977,0,0
0,0.8962305143787348,1,1
0,0.11761524104997324,0,0
0,0.15662140979974018,0,0
1,0.7904853348349496,1,1
0,0.29374445169418695,0,0
1,0.9001786665266617,1,1
1,0.13041907550161524,0,0
0,0.47999889554748243,0,0
0,0.6257655026052079,1,1
0,0.494445394012619,0,0
0,0.7349453761862291,1,1
1,0.2646526201663926,0,0
1,0.2688462452910324,0,0
0,0.1505185810821608,0,0
1,0.6858005065116695,1,1
0,0.10167640202511961,0,0
0,0.20910373371101873,0,0
0,0.2388970464257043,0,0
1,0.9587935649515446,1,1
1,0.6803939137596209,1,1
1,0.08188229541803467,0,0
1,0.6532856829121839,1,1
0,0.36849209630957974,0,0
0,0.28180780881612766,0,0
0,0.690492370737084,1,1
0,0.32195832807859565,0,0
0,0.680427638921653,1,1
0,0.08439120792759387,0,0
0,0.33697619563598485,0,0
0,0.34399802419346803,0,0
0,0.18144302598975026,0,0
1,0.7939816129706181,1,1
1,0.7657723393394265,1,1
0,0.44235202146796077,0,0
1,0.7833911858385104,1,1
1,0.8094438904915945,1,1
0,0.34700470002768624,0,0
1,0.9492277376908256,1,1
0,0.12808115883204907,0,0
1,0.5926411141195347,1,1
0,0.7925001294786284,1,1
0,0.3392495668852322,0,0
0,0.43052978158315985,0,0
0,0.6539064229024648,1,1
0,0.3217964694803017,0,0
0,0.1518871456080717,0,0
0,0.2774260518262582,0,0
1,0.26475088401851754,0,0
0,0.6253572112965035,1,1
1,0.15666773912093893,0,0
0,0.22867059332231568,0,0
0,0.4935271034493428,0,0
0,0.7026428122764029,1,1
1,0.5457206806613998,1,1
0,0.11053628511464482,0,0
1,0.7181978681777313,1,1
1,0.4279582234588308,0,0
0,0.510978471724722,1,1
0,0.29640491845736894,0,0
0,0.15096004704400498,0,0
0,0.26432618896099036,0,0
0,0.23414407417924576,0,0
1,0.8355883453562568,1,1
0,0.3788092604875715,0,0
1,0.7291847551752982,1,1
1,0.8784294119899617,1,1
0,0.20763800803772892,0,0
0,0.19341995740994775,0,0
1,0.661947867685831,1,1
0,0.5059587952287793,1,1
0,0.23473868123622185,0,0
1,0.8662158653484848,1,1
0,0.09104830327243098,0,0
0,0.38662058951463,0,0
0,0.12071979626688752,0,0
0,0.5791576555312116,1,1
0,0.3907648187450636,0,0
0,0.2898233426243861,0,0
0,0.6446218158736081,1,1
0,0.6469237241230652,1,1
1,0.8831930893720362,1,1
1,0.9134695963696484,1,1
0,0.5167643025279093,1,1
0,0.8169951293544481,1,1
0,0.16242852566592555,0,0
1,0.8710292454748226,1,1
0,0.1266172516210338,0,0
0,0.5799278988160367,1,1
1,0.6465722667825488,1,1
0,0.3537471545430114,0,0
0,0.4173174575768728,0,0
0,0.18937598647906806,0,0
0,0.204962972836992,0,0
0,0.0706786163785474,0,0
1,0.8080168650167725,1,1
0,0.6427660894669881,1,1
0,0.47333426102609305,0,0
0,0.5689593863774803,1,1
1,0.41182066550470525,0,0
0,0.22352763931025557,0,0
0,0.6901698008399516,1,1
1,0.9287208788455066,1,1
0,0.6033246130569517,1,1
1,0.8679872626396188,1,1
0,0.17755223228430134,0,0
0,0.41233980865860786,0,0
0,0.432400968305689,0,0
0,0.9251674336631471,1,1
1,0.6944645775069953,1,1
0,0.2062551777168482,0,0
0,0.6884496740090489,1,1
0,0.12768967345824175,0,0
1,0.5752291873832518,1,1
1,0.5991631201817134,1,1
0,0.8989069445668677,1,1
1,0.7184456165398904,1,1
0,0.8299152766542537,1,1
0,0.6059291010425422,1,1
0,0.25573519060409533,0,0
0,0.0602668516918445,0,0
0,0.14135265385781326,0,0
0,0.7361840570604175,1,1
1,0.5669713850729657,1,1
1,0.7854872421602964,1,1
0,0.4863630618503061,0,0
1,0.7337871032592967,1,1
0,0.3180183001844699,0,0
0,0.5985221531682746,1,1
0,0.5513603389437353,1,1
0,0.16577315511006302,0,0
1,0.2609891380713253,0,0
0,0.17535928819524124,0,0
0,0.5704916192100227,1,1
0,0.22193737366659977,0,0
1,0.856937204443747,1,1
1,0.7842785871816482,1,1
0,0.2174128098647511,0,0
1,0.9399173480431127,1,1
0,0.4158659522518311,0,0
1,0.8456572977706678,1,1
1,0.8708088965119909,1,1
0,0.1519624117857718,0,0
0,0.2117504767045873,0,0
0,0.4812184928526837,0,0
0,0.0788316492809604,0,0
0,0.1772535310822348,0,0
1,0.8959562201307957,1,1
0,0.19903507491930195,0,0
0,0.14540099101552145,0,0
0,0.09379724228810692,0,0
0,0.14539549335616986,0,0
0,0.08528277475845951,0,0
0,0.06649635480751036,0,0
1,0.9632546507353572,1,1
1,0.9114111857028483,1,1
0,0.6945271177632574,1,1
1,0.7409621618000986,1,1
0,0.5768095198821246,1,1
0,0.615033783037008,1,1
1,0.28966542079628765,0,0
0,0.5718911325885332,1,1
0,0.8740201431924348,1,1
0,0.4595427907897888,0,0
0,0.5802700897323484,1,1
0,0.1779161221018181,0,0
0,0.569590524759584,1,1
0,0.8931165484979721,1,1
0,0.5354182085153292,1,1
0,0.25227890457128843,0,0
1,0.6617334627104549,1,1
1,0.4870107555120541,0,0
0,0.758790463423248,1,1
0,0.26964749692176143,0,0
0,0.1577574743769983,0,0
0,0.561630369382647,1,1
0,0.24803227583176923,0,0
0,0.49795834632008606,0,0
1,0.11151429783890858,0,0
0,0.28955601242132084,0,0
1,0.5906327598967258,1,1
1,0.7435078306924872,1,1
0,0.09159685087105442,0,0
1,0.770704946702389,1,1
0,0.39632660868742087,0,0
0,0.21892059487674986,0,0
1,0.8796554150600377,1,1
0,0.3374685685667806,0,0
0,0.6773033777287082,1,1
0,0.6914649226652254,1,1
1,0.49990773003707295,0,0
1,0.35895115437864034,0,0
0,0.27477714695124,0,0
1,0.7465961285590994,1,1
0,0.41801711966552524,0,0
0,0.4299147733344337,0,0
0,0.31074353267712135,0,0
0,0.2055876312452608,0,0
0,0.43890064761978376,0,0
1,0.7393112229327409,1,1
1,0.8582212659780776,1,1
0,0.7786239609044653,1,1
0,0.14471445376125702,0,0
0,0.8770944882997959,1,1
1,0.8214588649662592,1,1
0,0.6028978231499619,1,1
1,0.6158709265472792,1,1
0,0.07485529233450376,0,0
1,0.829050896175419,1,1
1,0.06448856291435791,0,0
0,0.2663971893179116,0,0
0,0.6210931224711905,1,1
1,0.6115914315998165,1,1
0,0.31305522444577977,0,0
0,0.23339418809490825,0,0
0,0.2556496638318944,0,0
0,0.07659950258290711,0,0
0,0.2398498866815823,0,0
0,0.18594985780824547,0,0
1,0.6216902953622484,1,1
1,0.8166608180298135,1,1
0,0.4669448736069005,0,0
0,0.43685509664278543,0,0
0,0.36169207650825863,0,0
0,0.5911645171922116,1,1
0,0.3574219315205754,0,0
0,0.217062467134954,0,0
1,0.5301976047609315,1,1
0,0.5834060334087496,1,1
0,0.1201795264401267,0,0
1,0.5022828583865006,1,1
0,0.30680414866386796,0,0
0,0.30528992866110544,0,0
0,0.5636956684979831,1,1
1,0.8371876932733273,1,1
0,0.3159267326412504,0,0
0,0.06279025293656114,0,0
0,0.418166507814548,0,0
1,0.4593847213258463,0,0
0,0.9066617896290134,1,1
0,0.1599791820663606,0,0
0,0.18626536653683554,0,0
0,0.10742422553781744,0,0
0,0.5278786749810199,1,1
0,0.705405486130964,1,1
1,0.652544717971108,1,1
0,0.394291437691646,0,0
1,0.42817289454355756,0,0
1,0.9380538761727278,1,1
1,0.134601274566521,0,0
1,0.7151012008092522,1,1
0,0.5302228758374824,1,1
0,0.3095903545749791,0,0
0,0.6294372966380425,1,1
0,0.08664954902029529,0,0
0,0.2630089971521287,0,0
0,0.15842127117219815,0,0
1,0.2772685513172702,0,0
0,0.6304242375208179,1,1
1,0.6790981290785991,1,1
0,0.5175957042258477,1,1
0,0.10435596681139148,0,0
1,0.6589067893953309,1,1
1,0.5889300390983315,1,1
0,0.20487173456948785,0,0
0,0.840643611014171,1,1
0,0.4270248036453123,0,0
0,0.41883477155927124,0,0
0,0.24247966966567952,0,0
1,0.7389893519377247,1,1
0,0.23848645232198323,0,0
0,0.42384356746384,0,0
1,0.6571388287476891,1,1
1,0.2714883515599413,0,0
0,0.16820494617041531,0,0
0,0.21109357665201814,0,0
0,0.23203693058305794,0,0
1,0.7864732357115057,1,1
1,0.3298133482063776,0,0
1,0.851651474307424,1,1
0,0.43666047709839484,0,0
0,0.6841151444375773,1,1
0,0.17727127720254077,0,0
0,0.49455114904456937,0,0
1,0.4375463848737599,0,0
1,0.45672971039701965,0,0
0,0.49969402039846256,0,0
0,0.17498437549532636,0,0
0,0.6458092464366879,1,1
0,0.5222143577380748,1,1
0,0.5127076250636934,1,1
1,0.8929964478089494,1,1
1,0.4170751429309512,0,0
0,0.2313422444121932,0,0
1,0.9340632080711857,1,1
0,0.508625966216132,1,1
1,0.25535215293929053,0,0
0,0.1467093352343158,0,0
1,0.5580754917826916,1,1
0,0.4728320576320152,0,0
1,0.7514384963717822,1,1
0,0.4057047286665193,0,0
0,0.2589793122360668,0,0
1,0.8099382081044666,1,1
1,0.6440507515480356,1,1
1,0.8236448240690356,1,1
0,0.07527539985152784,0,0
0,0.09279953589000817,0,0
0,0.21909797251389768,0,0
0,0.3099731437862836,0,0
0,0.18333377204571552,0,0
1,0.9044685580637493,1,1
0,0.20737640589495945,0,0
0,0.41230375680214854,0,0
0,0.6810169058657762,1,1
0,0.14624636269832914,0,0
1,0.8872435076605737,1,1
1,0.5782134813317001,1,1
0,0.19513451866053438,0,0
0,0.5857564326162784,1,1
0,0.7480728331936889,1,1
1,0.6780415810367103,1,1
0,0.2235775753187463,0,0
0,0.46861512741918143,0,0
1,0.573705867325085,1,1
0,0.5807886169930359,1,1
0,0.04179691704186558,0,0
1,0.4139124904917858,0,0
0,0.5340114556670239,1,1
0,0.22537278858099294,0,0
0,0.20372467762913776,0,0
1,0.8155958465343568,1,1
0,0.26171447267794334,0,0
1,0.3152497947648284,0,0
1,0.9387100613569229,1,1
0,0.2954496531733504,0,0
0,0.7483127934546944,1,1
1,0.8268292525428742,1,1
1,0.957920697041256,1,1
0,0.6700682936567773,1,1
0,0.19946663223243266,0,0
0,0.4488584958165114,0,0
0,0.5842565485424444,1,1
1,0.8805713177535711,1,1
0,0.36459594626448344,0,0
0,0.10887497607902914,0,0
0,0.28632873215150745,0,0
0,0.43128318144129074,0,0
1,0.7788673191525906,1,1
0,0.3197372562087365,0,0
0,0.752701240341352,1,1
0,0.47613286266149724,0,0
0,0.13061425492403334,0,0
1,0.8919244079742963,1,1
0,0.2874111030722396,0,0
1,0.9085363029802832,1,1
0,0.10266824481578342,0,0
1,0.7078424223140569,1,1
0,0.6058546299256634,1,1
0,0.30091290994972175,0,0
0,0.5354301665012766,1,1
0,0.15931723161984032,0,0
0,0.29448792912347715,0,0
1,0.6092500133780085,1,1
1,0.4844503995233841,0,0
1,0.5311896177223667,1,1
1,0.8558375573038192,1,1
1,0.7398852021602289,1,1
0,0.4099240056144207,0,0
1,0.4950380954045925,0,0
0,0.3886557294327287,0,0
1,0.8335472296526808,1,1
0,0.12827543959519264,0,0
0,0.29171981321772533,0,0
0,0.7157514879953861,1,1
1,0.5431148136790425,1,1
0,0.1560507131260761,0,0
0,0.7548247197897556,1,1
0,0.19022077707274165,0,0
0,0.017157324226576044,0,0
1,0.2266372313699602,0,0
1,0.7316978413777948,1,1
0,0.35836596426110784,0,0
0,0.7612251042928815,1,1
0,0.26570180858858405,0,0
1,0.8388909203085357,1,1
1,0.8180264335493663,1,1
1,0.8783738485327693,1,1
0,0.17588683736735758,0,0
1,0.7470889432170889,1,1
1,0.6534820462491777,1,1
1,0.8628589167610687,1,1
0,0.465188494936181,0,0
0,0.6196055492830453,1,1
0,0.33515134597036517,0,0
0,0.5181956987463255,1,1
0,0.40233847613117063,0,0
0,0.19657219971216067,0,0
0,0.7460333630324263,1,1
0,0.22459202641256862,0,0
0,0.1783014903234931,0,0
0,0.4833586546618415,0,0
0,0.5360579853415661,1,1
1,0.7720762850856661,1,1
0,0.17110036493166372,0,0
0,0.8034929168022411,1,1
1,0.532079296894536,1,1
0,0.7190845770629368,1,1
0,0.3552350613447299,0,0
0,0.3037271147574782,0,0
1,0.857200828211551,1,1
1,0.8705152444166803,1,1
0,0.52994798204845,1,1
0,0.180153329334244,0,0
0,0.7106084854325381,1,1
1,0.18317864390570104,0,0
0,0.18785322162348922,0,0
1,0.726253446303608,1,1
0,0.8428709766839593,1,1
0,0.5895942989573797,1,1
0,0.2911581754258316,0,0
1,0.35001345832322106,0,0
1,0.8471055790199855,1,1
1,0.9412335449233458,1,1
1,0.44773680229430474,0,0
0,0.529660739639841,1,1
1,0.3945012458226871,0,0
0,0.4161598816266421,0,0
0,0.07991236855328922,0,0
0,0.4180336190341596,0,0
0,0.4241283665195026,0,0
0,0.4136892682272301,0,0
1,0.46998100487748534,0,0
0,0.18612641959474172,0,0
1,0.7170790113389617,1,1
0,0.6820804887611529,1,1
1,0.44829973498708187,0,0
0,0.4691955705737,0,0
1,0.8931310916198165,1,1
0,0.12200925541903586,0,0
0,0.18440335765791785,0,0
0,0.6560390566336017,1,1
1,0.28364874695709563,0,0
0,0.2854396969750098,0,0
0,0.38523100499315666,0,0
1,0.2597859359450004,0,0
1,0.7607167051938508,1,1
1,0.7220990278743433,1,1
0,0.31311029629200593,0,0
0,0.4464540721504119,0,0
1,0.39533707200500934,0,0
0,0.3735183891722847,0,0
0,0.15328774771693837,0,0
0,0.13854426522488336,0,0
0,0.10342820325414225,0,0
1,0.6649208062381956,1,1
0,0.13333224930891163,0,0
0,0.9053478818722234,1,1
1,0.8719983244109983,1,1
1,0.8449286145457255,1,1
0,0.29660738786179286,0,0
0,0.33809398810053937,0,0
0,0.1670034037863038,0,0
1,0.700729385900994,1,1
1,0.653335976040294,1,1
0,0.5600397869994272,1,1
0,0.49773688242382547,0,0
0,0.4663917207764362,0,0
1,0.8667222170864601,1,1
1,0.3747827267636749,0,0
0,0.36091215187235803,0,0
0,0.46804984230033597,0,0
0,0.12563680612148548,0,0
0,0.8719198872933991,1,1
1,0.346516232329095,0,0
1,0.2607627061305577,0,0
1,0.3980873636451447,0,0
0,0.3928515999567483,0,0
1,0.6756742589984618,1,1
0,0.18845558593247633,0,0
0,0.10230262136159728,0,0
0,0.5399541549136117,1,1
1,0.3876157915720392,0,0
1,0.7486314305805184,1,1
1,0.7820406347510606,1,1
1,0.6480997302937765,1,1
0,0.7511511111247475,1,1
0,0.23804444819207649,0,0
1,0.1744148891560684,0,0
0,0.4415867611073892,0,0
0,0.11033409504137712,0,0
1,0.9056256077892558,1,1
0,0.377008913481744,0,0
0,0.10239457999862375,0,0
0,0.43690157887355213,0,0
1,0.9627349065750059,1,1
0,0.4971513375400637,0,0
1,0.940693889482822,1,1
0,0.1683148649945383,0,0
1,0.5052782594099682,1,1
1,0.8936275836296886,1,1
0,0.3470408400780809,0,0
1,0.5146311262868613,1,1
0,0.4405479070812158,0,0
0,0.27263188969607405,0,0
0,0.264613245390897,0,0
0,0.7856394734815335,1,1
0,0.3255054715673436,0,0
0,0.6827826570027976,1,1
0,0.8043024937716441,1,1
1,0.8144387785564473,1,1
1,0.6545510545598825,1,1
1,0.8787323496339184,1,1
0,0.4504322524479774,0,0
0,0.12321765169294786,0,0
1,0.8670356955650489,1,1
0,0.23616844383408903,0,0
0,0.3087728736566685,0,0
0,0.24563460616349472,0,0
1,0.7468798114276793,1,1
1,0.9048577212970165,1,1
0,0.7066167582004341,1,1
0,0.15880267893991734,0,0
0,0.3998145118438138,0,0
0,0.09884383921953867,0,0
0,0.4289879380867463,0,0
1,0.7544028630281497,1,1
1,0.3411051812908616,0,0
0,0.11425266388721994,0,0
0,0.2518713777369671,0,0
0,0.2505282042002847,0,0
1,0.839239697520478,1,1
1,0.5604993243693358,1,1
0,0.3817429031753934,0,0
0,0.1591334200058912,0,0
1,0.8352214366930254,1,1
0,0.5748630041874114,1,1
0,0.44417810667388496,0,0
0,0.14283929699755218,0,0
1,0.82851846305913,1,1
1,0.6912432779692693,1,1
0,0.4186550310012851,0,0
0,0.8918500692054466,1,1
0,0.1646002259555828,0,0
0,0.44072439119770934,0,0
0,0.5039876793976592,1,1
0,0.5879991035841192,1,1
1,0.37886193890961556,0,0
1,0.7032981713696492,1,1
0,0.11003191528374082,0,0
1,0.24486055402839033,0,0
1,0.8275684024254331,1,1
0,0.17974329701021188,0,0
0,0.43452393427160263,0,0
0,0.09931521436138724,0,0
0,0.14949425153126408,0,0
0,0.10791336991771584,0,0
1,0.7879822094545078,1,1
1,0.39471398326868506,0,0
1,0.6894183261145627,1,1
0,0.24882790941166694,0,0
0,0.5406784611018826,1,1
0,0.6383827991376687,1,1
0,0.07228914113957688,0,0
0,0.28944552343676594,0,0
1,0.9516256771473164,1,1
0,0.33805975730917354,0,0
0,0.47626009931576296,0,0
1,0.7564880315877099,1,1
0,0.31591765463633015,0,0
1,0.3818495931283371,0,0
0,0.7221013819096732,1,1
0,0.5309928597768349,1,1
0,0.3439630311806879,0,0
1,0.8635263880430155,1,1
0,0.47544050005708166,0,0
0,0.16935744334274289,0,0
1,0.8339556915755917,1,1
1,0.2624814796557634,0,0
1,0.8412352268728864,1,1
0,0.4554229874558686,0,0
0,0.15221786128512374,0,0
0,0.0878646350930082,0,0
1,0.8385837277175645,1,1
1,0.33993410097046134,0,0
1,0.8598812881444632,1,1
0,0.07601209824659758,0,0
0,0.058089065673082925,0,0
1,0.8498895686614613,1,1
1,0.29091125190962336,0,0
0,0.4744713919127222,0,0
1,0.6824304847540639,1,1
1,0.7968999933730866,1,1
0,0.08526380924887692,0,0
0,0.2589682247882415,0,0
0,0.48371775719196397,0,0
1,0.4344129389600282,0,0
0,0.12063810146764864,0,0
1,0.8037213588872981,1,1
0,0.7016736630834026,1,1
1,0.8867680206867519,1,1
0,0.28371267467868344,0,0
0,0.3391652254293662,0,0
0,0.1697849210304903,0,0
0,0.06673907784844099,0,0
0,0.12339998259183628,0,0
0,0.16719030132366736,0,0
0,0.9315913903508145,1,1
0,0.599139533765189,1,1
0,0.4246283774256638,0,0
1,0.8041184518775207,1,1
0,0.12855807101489494,0,0
0,0.07602803037433586,0,0
1,0.2266509062000399,0,0
1,0.9561360806692065,1,1
0,0.3158028093201583,0,0
0,0.3446740619350495,0,0
1,0.8563324756414236,1,1
1,0.7834776263541887,1,1
0,0.19117658747432703,0,0
0,0.7335426402332281,1,1
1,0.911705708359323,1,1
0,0.04965054674946642,0,0
1,0.6726558628420028,1,1
0,0.4022218933861433,0,0
1,0.46235558958246753,0,0
0,0.4164241263743638,0,0
0,0.2916526421000348,0,0
0,0.3611930837477344,0,0
1,0.0930031788303975,0,0
0,0.0780886674050648,0,0
1,0.08688074622915981,0,0
0,0.2863138647421904,0,0
0,0.3716671838673402,0,0
0,0.272895030346988,0,0
1,0.07099116116550758,0,0
0,0.11639713340241598,0,0
0,0.8847427371401502,1,1
1,0.914969273705695,1,1
1,0.44005418113805383,0,0
0,0.14174979390948314,0,0
0,0.3531197452753357,0,0
0,0.15784569289192163,0,0
0,0.4917369773320878,0,0
0,0.2757610408071149,0,0
0,0.892986293966626,1,1
0,0.1707202007871578,0,0
0,0.053178943272011454,0,0
0,0.14193001612430614,0,0
0,0.2248650642407974,0,0
0,0.13044605947532714,0,0
0,0.13744224375418243,0,0
0,0.7210014460432603,1,1
0,0.10841559299599333,0,0
0,0.8168092943219395,1,1
0,0.12077728226501293,0,0
0,0.3737991331198574,0,0
0,0.6792986438518198,1,1
1,0.8806919708911621,1,1
0,0.7199724301693372,1,1
1,0.8879956840486042,1,1
0,0.17667983670423887,0,0
0,0.0819282725805663,0,0
1,0.5781680009859201,1,1
1,0.6807498334180538,1,1
1,0.8733622349372439,1,1
0,0.09466098501878746,0,0
1,0.9171223488603844,1,1
0,0.36265228746145095,0,0
0,0.2751073507816701,0,0
1,0.5224684418404877,1,1
1,0.7886134950141569,1,1
1,0.8186415886725903,1,1
1,0.47966326061915915,0,0
0,0.09077545064550009,0,0
1,0.7994981429839471,1,1
0,0.17227526216534936,0,0
0,0.2211983614168916,0,0
0,0.5090707585082915,1,1
0,0.4977168807217405,0,0
1,0.9183988743059667,1,1
0,0.2838022525968583,0,0
1,0.7903658994279703,1,1
0,0.4659477064151368,0,0
0,0.14350889643400283,0,0
0,0.17983762262604266,0,0
0,0.1470411088973817,0,0
0,0.10164794077893573,0,0
1,0.9339013054774986,1,1
0,0.5084658391686369,1,1
1,0.8776624867160081,1,1
1,0.8140685619484268,1,1
0,0.42727129989319856,0,0
0,0.14093938098927028,0,0
0,0.22285577612827073,0,0
0,0.1261319521960969,0,0
0,0.14240114316541755,0,0
1,0.8415296474904762,1,1
1,0.40478396638775155,0,0
1,0.8007158917578947,1,1
0,0.1618977747657651,0,0
1,0.9179690933381429,1,1
0,0.26686649340732055,0,0
0,0.21396855827655986,0,0
0,0.3059121851108034,0,0
0,0.4657291573974437,0,0
1,0.8591949445079307,1,1
1,0.8954967302394602,1,1
1,0.8934995869907286,1,1
1,0.6480439735855441,1,1
1,0.4525065580260405,0,0
0,0.21222647677640555,0,0
0,0.48851499760105027,0,0
1,0.39543746809123786,0,0
0,0.6963018937480487,1,1
1,0.6296986567708923,1,1
0,0.5687755346417611,1,1
0,0.06419504354631837,0,0
1,0.9217581494610382,1,1
1,0.9270224572424771,1,1
1,0.7599657106088772,1,1
0,0.13584022863059514,0,0
1,0.2654421521077163,0,0
0,0.25056771163163405,0,0
1,0.8575732687889785,1,1
0,0.2930613697407356,0,0
0,0.07754091532623028,0,0
0,0.5397972969707483,1,1
0,0.5468494526693827,1,1
0,0.5020106249949081,1,1
0,0.5721471559062855,1,1
0,0.21040864342608892,0,0
0,0.3122050328029184,0,0
0,0.5617641309765731,1,1
0,0.5997736104576316,1,1
0,0.48441167320472367,0,0
0,0.31661922721833263,0,0
0,0.7012035536340787,1,1
1,0.3942327809868333,0,0
0,0.7574516181252517,1,1
1,0.16741136921266211,0,0
0,0.2802468022020577,0,0
0,0.09365602796154006,0,0
1,0.38214621899387713,0,0
0,0.20188457752865263,0,0
0,0.4539203612408497,0,0
1,0.9361771129378952,1,1
0,0.1333931508748339,0,0
0,0.3558799637948404,0,0
0,0.20642949626891255,0,0
0,0.40912200144395394,0,0
1,0.49989604306177016,0,0
0,0.4885645671092729,0,0
1,0.5059459796490259,1,1
1,0.4200657847255163,0,0
1,0.42978338595654114,0,0
0,0.4547705533821204,0,0
1,0.8336207502142242,1,1
0,0.11809449512396993,0,0
0,0.6459808810684158,1,1
0,0.7773790518277395,1,1
0,0.6964369136818935,1,1
0,0.5048256540599968,1,1
1,0.5678142754099175,1,1
0,0.5827584162204833,1,1
1,0.88341877242028,1,1
0,0.5013868191410733,1,1
0,0.5049169066793796,1,1
0,0.1779555177143223,0,0
0,0.08652031712934635,0,0
0,0.10064431550077711,0,0
1,0.8117895509301319,1,1
0,0.4108268880534658,0,0
0,0.08100215602600146,0,0
0,0.27930235431169315,0,0
0,0.3275182511636692,0,0
0,0.45048869511238926,0,0
1,0.5916438128511957,1,1
0,0.24015741121860296,0,0
1,0.7036195365006581,1,1
0,0.400689993868099,0,0
1,0.4901489969070069,0,0
1,0.4095277177875412,0,0
1,0.6748121653901535,1,1
1,0.883089541151254,1,1
1,0.157128687875757,0,0
0,0.04137425118859593,0,0
0,0.36149415622663295,0,0
0,0.4226756875551756,0,0
1,0.7805445989212655,1,1
0,0.2672558225098255,0,0
1,0.9345333409869216,1,1
1,0.7019245661783879,1,1
0,0.22603325452448308,0,0
0,0.7334877301406013,1,1
1,0.733164281390074,1,1
0,0.31655569607890716,0,0
0,0.8911479290373612,1,1
1,0.603154100272041,1,1
0,0.6795107871133031,1,1
1,0.38003932522405687,0,0
1,0.8089045110355567,1,1
1,0.881530435564962,1,1
1,0.6036688019445587,1,1
0,0.32095732421820067,0,0
0,0.19707661052584044,0,0
0,0.09892418011860765,0,0
1,0.771778751936239,1,1
0,0.6815249208595214,1,1
1,0.2506929303517591,0,0
1,0.5410775305643564,1,1
1,0.6223599023543269,1,1
1,0.6415413661526606,1,1
1,0.8730067416633986,1,1
1,0.851773778806687,1,1
0,0.7425624640307708,1,1
0,0.1552954635067,0,0
0,0.12707557246746212,0,0
0,0.1620988494392564,0,0
0,0.48688244661645347,0,0
1,0.3193922918762143,0,0
1,0.9121632927987894,1,1
1,0.7578958706233708,1,1
0,0.7062745961254363,1,1
1,0.5487471421502098,1,1
0,0.3747388618289856,0,0
1,0.46557270225158054,0,0
0,0.417748585353477,0,0
0,0.16394047086965657,0,0
1,0.9267668361200412,1,1
1,0.8305875105366787,1,1
0,0.1388325310633455,0,0
1,0.6708178651642324,1,1
1,0.776301815174724,1,1
0,0.11073879460994256,0,0
1,0.6377392884462141,1,1
0,0.5347090110324683,1,1
1,0.6570387186687466,1,1
0,0.11372636163224027,0,0
1,0.7367839903306864,1,1
0,0.7459995567868817,1,1
0,0.09581230020381182,0,0
1,0.7567132844896927,1,1
1,0.4324924642029194,0,0
1,0.8807979668313939,1,1
1,0.8910950193648254,1,1
0,0.5147189417500833,1,1
0,0.2016385705255034,0,0
1,0.6997206162084157,1,1
0,0.733500467397142,1,1
0,0.25512945089064654,0,0
0,0.5597425454370407,1,1
0,0.6430231858096827,1,1
0,0.22143960962843684,0,0
0,0.6998618891927992,1,1
1,0.6553915324973525,1,1
0,0.06623760732027723,0,0
0,0.2775950548906483,0,0
0,0.3671442314642347,0,0
1,0.7469102883687141,1,1
0,0.08127425819042554,0,0
1,0.6441311306241253,1,1
0,0.41983618809775847,0,0
0,0.3008575710366062,0,0
0,0.344586358967034,0,0
1,0.8699357756537016,1,1
0,0.2779521982483705,0,0
0,0.8170344847060264,1,1
0,0.13047276127823831,0,0
0,0.5520371433484464,1,1
0,0.8072150959206204,1,1
1,0.8699268845249954,1,1
0,0.42366415341805347,0,0
0,0.6063192659722079,1,1
0,0.4405199206451876,0,0
0,0.802982965605431,1,1
0,0.48432714185232056,0,0
1,0.7612454576819131,1,1
1,0.6203385539243192,1,1
1,0.7076298281734484,1,1
0,0.11281415035835983,0,0
0,0.1820140905466691,0,0
0,0.21480890898040586,0,0
0,0.45949394361298057,0,0
1,0.9046685415637538,1,1
1,0.610800688153239,1,1
1,0.8017742584588855,1,1
0,0.1941361796725064,0,0
0,0.34768061825719154,0,0
1,0.8131465184716996,1,1
1,0.9102322513800977,1,1
0,0.16451211529631496,0,0
0,0.11203741950959753,0,0
0,0.1928711890356249,0,0
0,0.46550328985046363,0,0
0,0.41820181711954413,0,0
0,0.08946155915976589,0,0
1,0.2180837248261715,0,0
0,0.8458323849361066,1,1
0,0.2645521559822589,0,0
0,0.047868799943388336,0,0
0,0.23990618459777469,0,0
0,0.35554279441000913,0,0
0,0.23364842148988768,0,0
0,0.572859500526274,1,1
1,0.8780902860171218,1,1
1,0.7801330298045167,1,1
0,0.15452743679537875,0,0
0,0.4205903408004543,0,0
0,0.04345251771412927,0,0
0,0.40243280271781806,0,0
0,0.18946663903309127,0,0
0,0.3923305101760974,0,0
0,0.23349677212407519,0,0
0,0.32604182699065976,0,0
1,0.6202097295878665,1,1
0,0.29408208981934225,0,0
1,0.8925477707933798,1,1
1,0.6856983164762411,1,1
0,0.06599448027190519,0,0
0,0.17644426287229106,0,0
0,0.1631605604640482,0,0
1,0.9163146375305026,1,1
0,0.3654015576734682,0,0
0,0.1123865211440485,0,0
0,0.331434071344728,0,0
0,0.09320436636069568,0,0
1,0.64258575049827,1,1
1,0.8255991102761869,1,1
0,0.3891176092364491,0,0
0,0.34379947477454165,0,0
0,0.28952060094799753,0,0
0,0.12405733268693725,0,0
1,0.316803322887442,0,0
0,0.11147726243991737,0,0
0,0.5548721732866778,1,1
0,0.5491074158550755,1,1
1,0.5713971828304946,1,1
0,0.12442479981830508,0,0
0,0.22880299369055945,0,0
1,0.7688055779248184,1,1
1,0.8061276381177458,1,1
1,0.07474059849599335,0,0
0,0.8344926620055592,1,1
0,0.09346015431442314,0,0
0,0.5865385621309962,1,1
1,0.3989788757742009,0,0
0,0.090979878448745,0,0
1,0.7484624562769485,1,1
0,0.6429316363681198,1,1
1,0.6887929679177068,1,1
1,0.6174826223037981,1,1
0,0.11885196455356421,0,0
1,0.5943409969847061,1,1
0,0.4532959846884633,0,0
1,0.7230020585697299,1,1
1,0.8659489344146665,1,1
1,0.9133898074951917,1,1
0,0.3731182619262082,0,0
0,0.3996647445212851,0,0
1,0.7510698336109545,1,1
0,0.826502443406898,1,1
0,0.37262360384462195,0,0
0,0.1556301005971794,0,0
1,0.8116775321941156,1,1
1,0.8637684229086388,1,1
0,0.29807161333586635,0,0
1,0.8944185569055783,1,1
0,0.3529972136435535,0,0
1,0.46992177847098393,0,0
1,0.572883742684026,1,1
0,0.21455238170664556,0,0
1,0.8004540549873628,1,1
1,0.758620542725893,1,1
1,0.7041253310746707,1,1
1,0.6983713198592153,1,1
0,0.11454995806705855,0,0
0,0.42464517924010886,0,0
1,0.7291677133185703,1,1
0,0.18828392824670004,0,0
1,0.6858174417229594,1,1
0,0.062431920708262756,0,0
0,0.3353037814694801,0,0
0,0.14322153148492633,0,0
0,0.441604441718006,0,0
0,0.700912271334547,1,1
0,0.0815356738990519,0,0
0,0.23014586918219002,0,0
0,0.2962545000160714,0,0
0,0.3539761004001182,0,0
0,0.2960128021822061,0,0
0,0.42820490534854055,0,0
0,0.8253378131486959,1,1
1,0.8684046719108367,1,1
1,0.8519923891753999,1,1
0,0.19731538563980847,0,0
1,0.18715491227048459,0,0
0,0.0903794868694443,0,0
0,0.31582825642504864,0,0
0,0.6002589629691362,1,1
0,0.06761854809133795,0,0
1,0.7301363318997249,1,1
0,0.7152109305383505,1,1
1,0.7450983696668478,1,1
0,0.3460201198698707,0,0
0,0.6711335825523718,1,1
0,0.7660217412131063,1,1
0,0.243417912133368,0,0
0,0.3381177075608734,0,0
1,0.9133872917164797,1,1
0,0.14349608284168847,0,0
0,0.7789603332513946,1,1
0,0.4691787026879049,0,0
0,0.8028075377717496,1,1
1,0.8178660141943549,1,1
1,0.7463996764852846,1,1
1,0.338201310471649,0,0
0,0.4221987705593244,0,0
1,0.7996549472410008,1,1
0,0.6851268434488568,1,1
0,0.28622234116295125,0,0
1,0.853633391768186,1,1
0,0.5909197161168557,1,1
0,0.5489058384677231,1,1
0,0.4613705498582009,0,0
0,0.1988004246740202,0,0
0,0.15126094106084598,0,0
0,0.23273832033725816,0,0
1,0.6740365041075433,1,1
0,0.5577144175010774,1,1
0,0.14515525183633493,0,0
0,0.20269917900441908,0,0
0,0.7795085990823715,1,1
0,0.1685857717632837,0,0
0,0.7699204844965299,1,1
0,0.48662440347830926,0,0
0,0.7771457546672829,1,1
0,0.1724425927538358,0,0
0,0.06028847365628854,0,0
0,0.18218426165580923,0,0
0,0.6419319437719981,1,1
0,0.6947241162257288,1,1
0,0.13305657995991108,0,0
0,0.08933397627302943,0,0
0,0.31972360046609916,0,0
0,0.6890289377143466,1,1
0,0.1923495219782515,0,0
1,0.5860448462940402,1,1
0,0.16199820771388712,0,0
0,0.6155386500561141,1,1
0,0.22294748464103192,0,0
0,0.13809461326507613,0,0
0,0.8872275299903386,1,1
0,0.2574789086002911,0,0
0,0.7412129408032122,1,1
0,0.13639013816670215,0,0
0,0.26530484314429403,0,0
0,0.3404476322386531,0,0
0,0.30599166641954456,0,0
0,0.5259571662424316,1,1
1,0.7496794194683984,1,1
0,0.3082015582181161,0,0
1,0.49946510415744,0,0
1,0.5224455435341934,1,1
1,0.8592034978801167,1,1
1,0.3973544201457007,0,0
1,0.8478938918491237,1,1
0,0.8274810267469173,1,1
1,0.9477536801072372,1,1
0,0.43765616996503826,0,0
0,0.2472161856828791,0,0
0,0.8326492174936212,1,1
0,0.2971911649704092,0,0
1,0.7546241659978922,1,1
1,0.46211052974755074,0,0
1,0.9431706703878144,1,1
0,0.62892681260941,1,1
0,0.6808286740730983,1,1
1,0.7353732936157477,1,1
1,0.8185509044992957,1,1
0,0.15413380321059675,0,0
1,0.32866035655367276,0,0
0,0.37282330132663827,0,0
1,0.6639468567210925,1,1
0,0.6613598110962089,1,1
0,0.4729203433495666,0,0
1,0.6238026999973636,1,1
0,0.07151171256111118,0,0
0,0.24063196074337367,0,0
0,0.6936929020662306,1,1
0,0.10452313382486901,0,0
1,0.8121085365064005,1,1
0,0.5949496783048813,1,1
1,0.6524081470938625,1,1
0,0.21748236735820695,0,0
0,0.5498520281608434,1,1
1,0.7648879607690351,1,1
1,0.7587882875293785,1,1
1,0.9242817740681184,1,1
0,0.8490686919671103,1,1
0,0.3965647727334712,0,0
0,0.4857034823723189,0,0
1,0.5362879795261662,1,1
1,0.7936196439395573,1,1
0,0.09051576513817343,0,0
1,0.5980234013554006,1,1
0,0.17923492221643786,0,0
0,0.603712750824718,1,1
0,0.47611559828233413,0,0
0,0.6733004753126618,1,1
0,0.203797926513561,0,0
1,0.39070764269190594,0,0
1,0.7521249923174723,1,1
0,0.8564674841069478,1,1
1,0.13596197415104358,0,0
0,0.4087056963404778,0,0
0,0.16805653045775332,0,0
1,0.7132401816248053,1,1
0,0.16187936228170435,0,0
1,0.8110468886360973,1,1
0,0.17780806664334872,0,0
1,0.6414824916595339,1,1
1,0.8195936741450517,1,1
0,0.27929330506416006,0,0
0,0.7030649917965918,1,1
1,0.789532286811279,1,1
0,0.30370403926331246,0,0
1,0.8019711661560992,1,1
1,0.5458805809220049,1,1
0,0.7059636182611292,1,1
0,0.315314078568296,0,0
0,0.5965403146371466,1,1
1,0.6938328580970934,1,1
1,0.4900579405102402,0,0
0,0.5205467518645376,1,1
0,0.23904857257379003,0,0
0,0.1165671702182304,0,0
0,0.4916266393871572,0,0
1,0.9260150508098203,1,1
1,0.7807328040107829,1,1
1,0.529447341278587,1,1
1,0.6476757069864918,1,1
1,0.753567840327691,1,1
1,0.552412348178441,1,1
0,0.32035636068294326,0,0
1,0.33610945594375363,0,0
1,0.5963046743771934,1,1
1,0.8431692179570391,1,1
0,0.5520736479667635,1,1
0,0.46311184708403524,0,0
1,0.8224337763078864,1,1
1,0.2240552212489729,0,0
0,0.1124908993541018,0,0
0,0.3832108512718751,0,0
1,0.6542987990705588,1,1
0,0.07108794122606343,0,0
1,0.3722519198207929,0,0
0,0.3467428252587627,0,0
1,0.09584967608988397,0,0
1,0.6149092375622632,1,1
0,0.23756994540483045,0,0
1,0.3331226829588889,0,0
0,0.805613328355389,1,1
0,0.2500742036399722,0,0
1,0.7326133899005919,1,1
0,0.43549092473654366,0,0
0,0.3550449677610279,0,0
0,0.704662356225369,1,1
1,0.87607195058211,1,1
0,0.30775434289186443,0,0
0,0.5212184809266889,1,1
1,0.6756241808750425,1,1
0,0.3809299581207898,0,0
0,0.31729438937713117,0,0
0,0.42691363587235925,0,0
0,0.5255086687699148,1,1
0,0.338534525104476,0,0
0,0.4188351259603849,0,0
0,0.23053176963621536,0,0
0,0.5598696045658369,1,1
0,0.261124952806549,0,0
0,0.618739052767515,1,1
0,0.5581752998840724,1,1
0,0.5502651292629775,1,1
0,0.6984606396793721,1,1
0,0.2216864172957287,0,0
0,0.16123906518055323,0,0
0,0.737699532223379,1,1
0,0.6407165647432052,1,1
0,0.4929243218551392,0,0
1,0.6362127000733845,1,1
0,0.5678195373745127,1,1
0,0.19772529873817618,0,0
0,0.4853366388873017,0,0
0,0.3314482208298819,0,0
1,0.17495253575283096,0,0
0,0.20057895023557135,0,0
1,0.1234216000544779,0,0
0,0.722134980864472,1,1
0,0.24873727942084856,0,0
0,0.8874303820394254,1,1
0,0.11157974067467127,0,0
1,0.1484140435351121,0,0
1,0.8449524469804737,1,1
0,0.7313125918979111,1,1
0,0.39547350172972684,0,0
0,0.41137826153519264,0,0
0,0.6326803336667803,1,1
1,0.9343073808160677,1,1
1,0.917528627490688,1,1
0,0.2372631465316704,0,0
1,0.8558967762801308,1,1
0,0.38547192560954235,0,0
1,0.4796736557534787,0,0
0,0.6333837920245897,1,1
1,0.880581790049241,1,1
0,0.3866589093087,0,0
1,0.40505723932270715,0,0
0,0.6850279461270106,1,1
0,0.3809381126574125,0,0
0,0.38383603495639806,0,0
0,0.10850095045244501,0,0
1,0.7038337440160672,1,1
1,0.8875835843490097,1,1
0,0.2791239742876106,0,0
0,0.12267620248855599,0,0
0,0.0451157626002043,0,0
0,0.2010672782329197,0,0
0,0.49317574690586047,0,0
0,0.6805972670364381,1,1
0,0.15522508899044687,0,0
1,0.7435981841553091,1,1
1,0.8354303844334228,1,1
0,0.452863087399748,0,0
0,0.8190942044860956,1,1
0,0.6933617978406508,1,1
1,0.6967545879141577,1,1
0,0.4391758946418456,0,0
0,0.5136282861136292,1,1
1,0.9359214676202021,1,1
0,0.5267710692325999,1,1
0,0.10071284462740794,0,0
0,0.30282285864442443,0,0
1,0.8764248735597685,1,1
0,0.14545479330318983,0,0
0,0.26341071241954317,0,0
1,0.17259208783922098,0,0
0,0.8285737996843089,1,1
1,0.6807053549971521,1,1
1,0.3448541395367468,0,0
1,0.5819758228987493,1,1
0,0.3496709285435369,0,0
1,0.6215156761158105,1,1
0,0.1356849156924919,0,0
1,0.8501245561305746,1,1
0,0.25236921566875226,0,0
0,0.22202203470434542,0,0
1,0.5566569301629878,1,1
1,0.7037747499070036,1,1
0,0.70431310396361,1,1
0,0.30878327171776343,0,0
0,0.4766712701780988,0,0
1,0.44912301568543306,0,0
0,0.20222441050217882,0,0
0,0.22824895616074706,0,0
1,0.25539223653172877,0,0
0,0.38259791587557984,0,0
0,0.08573159916974334,0,0
0,0.4614636377279807,0,0
0,0.2698113816054914,0,0
0,0.6086798500696348,1,1
0,0.12121768705545073,0,0
0,0.39987268760661066,0,0
0,0.3411496067843213,0,0
1,0.9373077299467348,1,1
1,0.5865783521882969,1,1
0,0.42085959801854134,0,0
0,0.16126266755295873,0,0
0,0.8647740579208558,1,1
0,0.35729247981893864,0,0
1,0.7930115704175015,1,1
1,0.8765684626720779,1,1
0,0.10476915268862247,0,0
0,0.3601794092249835,0,0
1,0.5268693708813033,1,1
1,0.7389840981215798,1,1
0,0.21620651343236186,0,0
0,0.18231177444463478,0,0
0,0.16818750397202642,0,0
0,0.19432019716394125,0,0
0,0.37793456697362837,0,0
0,0.325360919921813,0,0
1,0.5587326965821777,1,1
1,0.28153191775012076,0,0
0,0.8705560694532525,1,1
0,0.4025917807339658,0,0
0,0.3881268320753416,0,0
1,0.8789783881502766,1,1
0,0.704886743879824,1,1
1,0.71847547498411,1,1
0,0.6658229128764613,1,1
0,0.3684407800257035,0,0
1,0.8618702326574287,1,1
0,0.773391807865807,1,1
1,0.7467631948222963,1,1
1,0.8521124794831273,1,1
0,0.1858603286638789,0,0
0,0.7789026815291823,1,1
1,0.6757495460363251,1,1
0,0.1940665017756148,0,0
0,0.20208476319361962,0,0
0,0.22674545978007007,0,0
0,0.33473309075007485,0,0
0,0.14631002453469066,0,0
0,0.26240226002371303,0,0
1,0.3047799798737291,0,0
0,0.18923159368477227,0,0
1,0.9101445001542036,1,1
0,0.5876555433322074,1,1
0,0.5902792422818647,1,1
0,0.24083390341337652,0,0
1,0.6795129868187693,1,1
1,0.7252601021908155,1,1
0,0.5594731821868335,1,1
0,0.1240037311488015,0,0
0,0.405452181177069,0,0
1,0.7048175185922512,1,1
0,0.43237513595770566,0,0
1,0.4123891091475635,0,0
0,0.4423284595461588,0,0
0,0.6659790765753968,1,1
0,0.0974020201520998,0,0
0,0.505546948935419,1,1
0,0.5810966177339052,1,1
0,0.5166342663651978,1,1
0,0.2394524062662371,0,0
0,0.30882799699424845,0,0
0,0.11851743335753671,0,0
1,0.667258953965712,1,1
0,0.7478123421601073,1,1
0,0.3189935040940681,0,0
0,0.7092439746823921,1,1
0,0.15886763407342297,0,0
0,0.13999027058396324,0,0
0,0.6553922834080753,1,1
1,0.8520175585995656,1,1
1,0.9329261330184122,1,1
0,0.2333037146320822,0,0
0,0.13289704103834046,0,0
1,0.7448229802783252,1,1
0,0.42525560176134447,0,0
1,0.6969241856860742,1,1
0,0.2213416427410802,0,0
0,0.04927297558052352,0,0
0,0.09981763355669439,0,0
1,0.8767871472670523,1,1
0,0.0817903702998586,0,0
1,0.7831234135366536,1,1
0,0.2680678730733126,0,0
0,0.3437319209380409,0,0
0,0.833196357006061,1,1
0,0.4059397231535723,0,0
0,0.8411595873943606,1,1
0,0.5873674062523095,1,1
0,0.1807155344982968,0,0
0,0.11555742053304432,0,0
0,0.6400916175492707,1,1
0,0.6774114552294342,1,1
1,0.5927058444687278,1,1
0,0.1469601349543723,0,0
0,0.20571017725739393,0,0
1,0.5231034778374446,1,1
0,0.06756555627834533,0,0
0,0.19367774430091844,0,0
1,0.7840166381462638,1,1
0,0.08747824162740263,0,0
0,0.22880848475218654,0,0
0,0.6754674521747368,1,1
0,0.06932977988185936,0,0
0,0.274792565923104,0,0
0,0.8184654841988691,1,1
1,0.8050599808617388,1,1
0,0.4409670019428786,0,0
1,0.23637986014193133,0,0
1,0.8328559558301836,1,1
0,0.2699170304264323,0,0
0,0.30495206459940233,0,0
1,0.8078681755955827,1,1
1,0.4557933943521074,0,0
0,0.14566847519399523,0,0
0,0.2103641002172088,0,0
0,0.10285561645748603,0,0
1,0.5385850901868584,1,1
0,0.7137031324781987,1,1
0,0.2286792474338794,0,0
0,0.09532317930727169,0,0
0,0.08608290644864762,0,0
1,0.3687126507504942,0,0
0,0.4161393976073405,0,0
0,0.10090784391000257,0,0
1,0.7491832515666014,1,1
0,0.0753084498316054,0,0
0,0.472324367894186,0,0
0,0.7059089966590801,1,1
0,0.21538441017368887,0,0
0,0.3150435797646699,0,0
0,0.7925562750372179,1,1
0,0.4274547101506796,0,0
1,0.2362185454672479,0,0
0,0.583438988451566,1,1
0,0.5712890211467433,1,1
1,0.8150977370482889,1,1
0,0.4971057016420186,0,0
1,0.46717051098462353,0,0
0,0.6970430327663654,1,1
0,0.2189389444465586,0,0
0,0.3461384033025906,0,0
0,0.3263337106435825,0,0
1,0.6953994193071298,1,1
0,0.10839039624350802,0,0
0,0.8128625132665688,1,1
1,0.2677984136102997,0,0
0,0.6735962110498007,1,1
0,0.6187891282774078,1,1
0,0.3142341437294945,0,0
0,0.2261132655153825,0,0
0,0.12825018376111907,0,0
0,0.0730582445242244,0,0
1,0.9157997587749775,1,1
1,0.46323229500150087,0,0
0,0.2953675859250817,0,0
1,0.6191438929444518,1,1
0,0.26458459355743663,0,0
1,0.6894660711080609,1,1
0,0.22329125534229285,0,0
0,0.10135029001145507,0,0
1,0.7840004122977912,1,1
0,0.09950393509980378,0,0
0,0.24618580075074212,0,0
0,0.3697753385872098,0,0
1,0.850780599144693,1,1
0,0.7938500847303167,1,1
0,0.8688162450929148,1,1
1,0.5509445500958406,1,1
0,0.11662258492092098,0,0
0,0.19708523030607117,0,0
0,0.15448904199386632,0,0
0,0.26098976842520283,0,0
1,0.8621213113868342,1,1
0,0.4301196617657979,0,0
1,0.724517264081893,1,1
0,0.1745940384190853,0,0
1,0.7046247294920459,1,1
0,0.4439608651886977,0,0
1,0.7983392754994143,1,1
0,0.07440431538559011,0,0
0,0.36887158575764617,0,0
1,0.7933329818513104,1,1
1,0.7449613272366046,1,1
0,0.5079038998166524,1,1
0,0.1733074718976522,0,0
0,0.47986914768405675,0,0
0,0.2886237172830009,0,0
1,0.9418456374667306,1,1
1,0.7861768404796334,1,1
1,0.424708521763279,0,0
0,0.3755953839571904,0,0
0,0.23874472903420263,0,0
1,0.8447770880441027,1,1
0,0.49857017392783326,0,0
0,0.19059610847044994,0,0
0,0.29960170836662875,0,0
0,0.24380065304669446,0,0
1,0.7524098962156368,1,1
1,0.6839788249869279,1,1
0,0.6578743065687989,1,1
1,0.4671106990695307,0,0
0,0.14440288519600716,0,0
1,0.9366867646406186,1,1
0,0.26863249105050174,0,0
0,0.4236212746496248,0,0
0,0.7662973659060017,1,1
0,0.4555121243170408,0,0
1,0.949612991944046,1,1
0,0.393249579815558,0,0
1,0.9387122173069063,1,1
0,0.7972503355423978,1,1
1,0.48424056648968067,0,0
1,0.7100746156154392,1,1
0,0.5547168430243697,1,1
0,0.04974608296255454,0,0
0,0.28984582456764424,0,0
1,0.8812576961391182,1,1
1,0.861715287505761,1,1
1,0.7064621928052682,1,1
1,0.8556535665986578,1,1
0,0.16226047043443453,0,0
0,0.1921192593811798,0,0
0,0.518241009893571,1,1
1,0.5210786994465174,1,1
0,0.3700303805514919,0,0
0,0.20548538210771947,0,0
0,0.1507220278313044,0,0
0,0.07975697662252124,0,0
0,0.20397041335230645,0,0
0,0.5626227943608219,1,1
1,0.8072791082681372,1,1
0,0.3230887597557897,0,0
0,0.1517373692934831,0,0
1,0.28069319408090526,0,0
1,0.8522206161290093,1,1
0,0.1252806917643957,0,0
1,0.7589204817582861,1,1
0,0.6075404553682965,1,1
1,0.8946585486972597,1,1
1,0.9178933269084909,1,1
0,0.33681944155735055,0,0
1,0.363917594730054,0,0
1,0.8879957257049398,1,1
1,0.7537716278082436,1,1
0,0.47908185574577944,0,0
1,0.7547395752313858,1,1
1,0.5425004846566565,1,1
0,0.38635998119977083,0,0
1,0.4413230158368325,0,0
1,0.3851827142579712,0,0
0,0.3783079764478631,0,0
0,0.7009945420492892,1,1
0,0.5677772565097615,1,1
1,0.9534986103760568,1,1
1,0.7967824925720509,1,1
1,0.5836038213611033,1,1
0,0.41381915739597847,0,0
1,0.5007233564667484,1,1
1,0.6711783972614782,1,1
1,0.6308949222681666,1,1
1,0.7567969689449054,1,1
0,0.09590660621870195,0,0
1,0.36591771206924006,0,0
0,0.18459265364056984,0,0
0,0.5258581352416096,1,1
0,0.33336357010878026,0,0
0,0.6410019901660406,1,1
1,0.8480611513214954,1,1
0,0.0929543259583536,0,0
1,0.8898681015297168,1,1
0,0.7904147786208463,1,1
0,0.3584258583894194,0,0
0,0.18174834238627377,0,0
1,0.27404421169436344,0,0
1,0.855361158666971,1,1
1,0.9209809632589314,1,1
0,0.3133138972443987,0,0
1,0.6997404263739424,1,1
1,0.8491888522022999,1,1
0,0.26966651298559313,0,0
0,0.272577959017998,0,0
1,0.8045370607497788,1,1
0,0.8472737536818691,1,1
1,0.8157785462333434,1,1
0,0.17882888745392875,0,0
1,0.8366762508851902,1,1
1,0.5517687342465608,1,1
0,0.5589930854488518,1,1
1,0.9540144486690907,1,1
1,0.5711228457506182,1,1
1,0.8833943213160717,1,1
0,0.3116397655762681,0,0
1,0.6504852214454855,1,1
1,0.405518199133333,0,0
0,0.6853674376139448,1,1
0,0.11407076501888484,0,0
1,0.8967653225734599,1,1
1,0.4344122254034271,0,0
1,0.4811297349648675,0,0
0,0.09575272209576956,0,0
0,0.11179556579461315,0,0
1,0.7294268189863112,1,1
0,0.68901173936497,1,1
1,0.791290354292979,1,1
1,0.29767144775124743,0,0
0,0.4835171793992682,0,0
0,0.8695364029602741,1,1
0,0.05324946557663754,0,0
1,0.779205763540033,1,1
0,0.6841295304069543,1,1
0,0.2737558348539894,0,0
1,0.7989304006020209,1,1
0,0.548825108200875,1,1
0,0.30292142595948085,0,0
0,0.4602680720153302,0,0
0,0.3210298206454517,0,0
1,0.4555874041723185,0,0
0,0.6297670354715205,1,1
0,0.15307547805987815,0,0
0,0.17942318576634247,0,0
0,0.129009869518725,0,0
0,0.7688657602414765,1,1
0,0.20194463664901743,0,0
1,0.46501163698312126,0,0
1,0.9024012381603426,1,1
0,0.5031152330114838,1,1
0,0.13358104170454319,0,0
0,0.13118226276069497,0,0
1,0.7651592045601728,1,1
0,0.10897917871571199,0,0
0,0.6884858912589104,1,1
1,0.19721440815666683,0,0
0,0.19631716609437655,0,0
0,0.26787023069807986,0,0
1,0.6739511511847419,1,1
0,0.7358863029198336,1,1
0,0.28848582936967304,0,0
0,0.3164234350351156,0,0
1,0.4859492405149367,0,0
1,0.6458480917993379,1,1
1,0.6395215316533799,1,1
0,0.4388159281571883,0,0
0,0.06670401831192145,0,0
0,0.19973042110354242,0,0
0,0.35376270936041765,0,0
1,0.8425765142611173,1,1
0,0.4238800012073317,0,0
0,0.6052938880889063,1,1
0,0.8809894824977719,1,1
0,0.4943418230491636,0,0
0,0.08681210299438788,0,0
0,0.20517987826037343,0,0
1,0.9092664634254939,1,1
1,0.6465151477767337,1,1
0,0.7705776651819306,1,1
0,0.9239981912668906,1,1
0,0.7391175970432151,1,1
0,0.690070081709187,1,1
0,0.29033714372663694,0,0
1,0.7019239748542936,1,1
1,0.4889324642706437,0,0
0,0.786794791411142,1,1
0,0.868396370633481,1,1
0,0.5915360144054429,1,1
0,0.15168408088751825,0,0
1,0.9037071905751882,1,1
0,0.28775380253293703,0,0
0,0.23675696250518175,0,0
0,0.3149253451841481,0,0
0,0.4686929971716768,0,0
0,0.2082404602299426,0,0
0,0.39910044053430915,0,0
1,0.524379760278099,1,1
1,0.8457896579034632,1,1
1,0.5477834863416357,1,1
0,0.06407011824097718,0,0
0,0.40199513989492097,0,0
0,0.20353174159086662,0,0
1,0.6607221543931218,1,1
0,0.2985607317832266,0,0
0,0.05755821937215729,0,0
0,0.8071578140971869,1,1
0,0.33126213159495027,0,0
0,0.30120466745010854,0,0
0,0.07798274222838864,0,0
0,0.1680233620685616,0,0
0,0.2687277849477895,0,0
0,0.8679652984208083,1,1
1,0.7286787155544218,1,1
1,0.8571295567243721,1,1
0,0.374003286956442,0,0
0,0.33193003101860585,0,0
0,0.527228758028149,1,1
1,0.9395014251506683,1,1
0,0.4189395563984068,0,0
0,0.12684344136216288,0,0
0,0.4487159406265455,0,0
1,0.5085410935689256,1,1
0,0.33983727413987613,0,0
0,0.5953536843662246,1,1
0,0.13144575627761051,0,0
0,0.1191375386638153,0,0
1,0.8447859808497286,1,1
1,0.5552422427528124,1,1
0,0.3064251057614402,0,0
1,0.8595807510739436,1,1
1,0.6757123300713421,1,1
0,0.6505766039698456,1,1
1,0.5107549340248158,1,1
0,0.1970803918663606,0,0
0,0.5383453372976043,1,1
1,0.8166971525716664,1,1
0,0.19800518541320855,0,0
0,0.2447258788098377,0,0
1,0.565586041238341,1,1
0,0.1096761904526142,0,0
0,0.6873516584802141,1,1
1,0.29522335703882674,0,0
0,0.48484506989602977,0,0
0,0.45575833827486223,0,0
1,0.783070896302494,1,1
0,0.5691794422446198,1,1
0,0.554425591840084,1,1
0,0.11897332022594842,0,0
0,0.7066568026688737,1,1
0,0.5815240627025553,1,1
0,0.13225035752969616,0,0
0,0.13509301639893231,0,0
0,0.22498153611558763,0,0
0,0.8702526102783932,1,1
0,0.4625666399858789,0,0
1,0.6102202748106706,1,1
1,0.7140075780098353,1,1
0,0.0678330458551943,0,0
0,0.096161256461407,0,0
0,0.2517753268152884,0,0
0,0.5820458414252087,1,1
1,0.877518407769406,1,1
1,0.7335938454622282,1,1
1,0.9092361509928709,1,1
1,0.8695079453228717,1,1
0,0.5847769207918043,1,1
0,0.22571735206071078,0,0
0,0.12336470552380177,0,0
1,0.8562021358751322,1,1
0,0.1653729576655993,0,0
0,0.17178931578958648,0,0
0,0.19608076630311838,0,0
0,0.4479176446336398,0,0
1,0.597528173795099,1,1
0,0.3469279200416471,0,0
0,0.33789318402227825,0,0
0,0.1659614907055872,0,0
0,0.2852641213532336,0,0
0,0.46633308615184466,0,0
1,0.12618134293698233,0,0
0,0.1080664964431363,0,0
1,0.6850398696938593,1,1
0,0.5398045946023199,1,1
0,0.22372837434498996,0,0
0,0.63695393774433,1,1
1,0.8669630924864884,1,1
0,0.12559660878016363,0,0
1,0.507237470644146,1,1
0,0.2558783258351211,0,0
0,0.7221151420073569,1,1
0,0.4616155606592037,0,0
1,0.8472469567940986,1,1
1,0.760666803243418,1,1
0,0.5832863309070163,1,1
0,0.5298619896478121,1,1
0,0.27528880363344266,0,0
0,0.3143433690467771,0,0
0,0.11419391854068765,0,0
0,0.3627787266133939,0,0
0,0.2093211301362565,0,0
1,0.6137580170046693,1,1
1,0.36926263277783217,0,0
0,0.17520725984383265,0,0
0,0.43060333572703857,0,0
0,0.13303107297365907,0,0
0,0.916193536531276,1,1
1,0.8834983707168622,1,1
0,0.49396378913347405,0,0
0,0.49707017718569296,0,0
0,0.12625076977605384,0,0
0,0.5356101698158426,1,1
1,0.8537302804865917,1,1
0,0.08671198875751297,0,0
1,0.8183338903336774,1,1
1,0.7106429950570389,1,1
0,0.04875365553073354,0,0
0,0.18724264402815682,0,0
1,0.8180170184671851,1,1
0,0.6383180688828639,1,1
0,0.4331531597422556,0,0
0,0.45665806693272865,0,0
0,0.15210679844701083,0,0
1,0.8932707591154625,1,1
0,0.529059627582837,1,1
0,0.6394978405042249,1,1
1,0.873954628132893,1,1
1,0.4687921464659697,0,0
0,0.6258199992940326,1,1
0,0.775753139975787,1,1
1,0.7214051692478108,1,1
0,0.07126088939759197,0,0
1,0.8350510091523605,1,1
1,0.18308030975844536,0,0
0,0.35431441405235414,0,0
0,0.2739865964525326,0,0
0,0.13031291120964686,0,0
0,0.2763676304539761,0,0
0,0.8106563505026927,1,1
0,0.792612462550684,1,1
1,0.12633425549200628,0,0
1,0.431804642478597,0,0
0,0.891043198397418,1,1
1,0.6620051838417048,1,1
0,0.7542762613076449,1,1
0,0.06061077692705986,0,0
0,0.5330750701440118,1,1
0,0.3259720453266315,0,0
0,0.28444227370698955,0,0
0,0.5356422471030354,1,1
1,0.18885685909631691,0,0
0,0.42859845143577874,0,0
1,0.755110489050017,1,1
0,0.556691806976963,1,1
1,0.41704886903027477,0,0
0,0.3136862901997117,0,0
1,0.9575565162857109,1,1
1,0.45903766786184225,0,0
0,0.369562156397533,0,0
1,0.9051089170270735,1,1
0,0.4324957613513819,0,0
0,0.4721854434251679,0,0
1,0.4498752713986974,0,0
1,0.22831172177642703,0,0
1,0.603323992159493,1,1
0,0.8388158253638541,1,1
1,0.6732422346107685,1,1
1,0.8129767689602984,1,1
0,0.18468989687039394,0,0
1,0.8356640217555283,1,1
0,0.41085396984426575,0,0
1,0.7204679737047739,1,1
0,0.8308457094087357,1,1
1,0.9434149958462013,1,1
1,0.7472425419884188,1,1
0,0.12185294931360885,0,0
1,0.8767993320254903,1,1
1,0.8423721741944656,1,1
0,0.10220139489061235,0,0
0,0.4770660506073155,0,0
1,0.7730313790452589,1,1
0,0.7459362810888638,1,1
0,0.2350943547767109,0,0
0,0.5804019421991242,1,1
1,0.18802146536231049,0,0
0,0.09654364062933846,0,0
1,0.7610901637775689,1,1
0,0.7232543441056623,1,1
0,0.7873404655104881,1,1
0,0.29068930068694526,0,0
0,0.10078815951929464,0,0
0,0.3370484234030085,0,0
0,0.09506123191814694,0,0
0,0.4407947778033803,0,0
1,0.8509609615257281,1,1
0,0.9336271221090932,1,1
1,0.8782255782997196,1,1
0,0.6091025352034143,1,1
0,0.27468970399613646,0,0
0,0.8027684771442889,1,1
1,0.25095129256169285,0,0
0,0.18756597883287573,0,0
0,0.4315790906430768,0,0
0,0.6672085287199084,1,1
1,0.630619616272136,1,1
0,0.36541946766781686,0,0
1,0.8687121576218282,1,1
0,0.400007934748116,0,0
1,0.9374997190715594,1,1
1,0.5225189103402619,1,1
0,0.12548075920077698,0,0
0,0.10468596505015998,0,0
0,0.15250046910223966,0,0
0,0.41115537778148825,0,0
0,0.36597167183880913,0,0
0,0.32232628213261266,0,0
0,0.6041438025872272,1,1
0,0.21820407624288662,0,0
0,0.2677108541405789,0,0
1,0.4570348779946984,0,0
0,0.45874922241961735,0,0
1,0.17860308114538498,0,0
0,0.11497835863414527,0,0
0,0.43923033106268694,0,0
1,0.8573545633627433,1,1
0,0.39852453758554235,0,0
0,0.17839810000917602,0,0
1,0.4808112889772358,0,0
0,0.0754784993386375,0,0
0,0.47352628514431927,0,0
1,0.7779527711131083,1,1
1,0.9320850358426831,1,1
0,0.46289790995807445,0,0
1,0.6620893045406099,1,1
0,0.1429411060367728,0,0
0,0.16095460832185143,0,0
0,0.31541252174551737,0,0
0,0.7175030544293387,1,1
0,0.18479058902606327,0,0
0,0.3248552680048299,0,0
0,0.1325130452705198,0,0
1,0.4395388945089259,0,0
0,0.8384141915055092,1,1
1,0.6926427945040401,1,1
0,0.5384922358373548,1,1
0,0.6140268950997407,1,1
1,0.8801603230595771,1,1
1,0.8230439880067818,1,1
1,0.49838007064624523,0,0
0,0.6712286064758234,1,1
0,0.18332489813440414,0,0
1,0.6411806268958905,1,1
1,0.6764678416063419,1,1
1,0.7256284313559225,1,1
0,0.6332202548044402,1,1
0,0.6223874861995213,1,1
0,0.21365596669556877,0,0
1,0.7908712861213165,1,1
0,0.6477963048431236,1,1
0,0.12774953192144808,0,0
0,0.16879522856368417,0,0
1,0.7135178448418245,1,1
0,0.2543566614033772,0,0
1,0.2028160222655658,0,0
0,0.31943808115528166,0,0
0,0.4802857519387157,0,0
0,0.7165736183452069,1,1
0,0.4401389260124724,0,0
0,0.300512534909236,0,0
1,0.6670081069951516,1,1
0,0.03484314308930652,0,0
1,0.9295822145772994,1,1
1,0.7494586119121522,1,1
0,0.2526368571586273,0,0
0,0.5765514957523522,1,1
0,0.10352677782336966,0,0
0,0.11265812329631834,0,0
1,0.8560422457025142,1,1
1,0.838506598022388,1,1
1,0.6534144439335702,1,1
1,0.7562104356266413,1,1
0,0.34694131073449175,0,0
0,0.2184868147254066,0,0
0,0.9226004696940284,1,1
0,0.46149936134637487,0,0
0,0.2246211135981258,0,0
0,0.5012017915283151,1,1
0,0.16817655353904593,0,0
0,0.8208091306502249,1,1
0,0.24599380126520093,0,0
1,0.7366630028760872,1,1
0,0.7436902519129353,1,1
0,0.20568799761595416,0,0
1,0.5870863025216837,1,1
1,0.7710150746432242,1,1
0,0.4361222949641123,0,0
1,0.9166665601819601,1,1
0,0.20201614660255016,0,0
0,0.35003784309749575,0,0
0,0.46724599458268107,0,0
0,0.19583025975774482,0,0
0,0.0924175989617787,0,0
0,0.8797341829722998,1,1
1,0.7888301206715695,1,1
1,0.38674062459257813,0,0
0,0.5179252941357637,1,1
0,0.3763189534389659,0,0
1,0.4384531533700579,0,0
1,0.7156872920621917,1,1
0,0.13312913707946206,0,0
1,0.7322332392120081,1,1
0,0.14329286429662194,0,0
0,0.6601568397200542,1,1
0,0.29469484321101036,0,0
1,0.7304206450797152,1,1
1,0.5397602666648306,1,1
0,0.6708534810014343,1,1
0,0.3187807367530586,0,0
0,0.16965487316848865,0,0
0,0.1664819870704394,0,0
1,0.47328701992394046,0,0
1,0.542738351770498,1,1
0,0.47977061928247455,0,0
0,0.3255973711727249,0,0
0,0.6210807266135099,1,1
1,0.576029332854867,1,1
1,0.5929150714701679,1,1
1,0.41446758852696497,0,0
0,0.7811709718318697,1,1
0,0.18518934000581994,0,0
0,0.4880850852054502,0,0
0,0.9068172690856868,1,1
1,0.9238162659111468,1,1
0,0.07777797760277144,0,0
0,0.7950905369332182,1,1
1,0.9112588247750354,1,1
0,0.35144050724741904,0,0
1,0.8087742878796136,1,1
1,0.5765005066784635,1,1
0,0.19724516951897533,0,0
0,0.2768904444821644,0,0
0,0.8508960138457939,1,1
0,0.1895028825704062,0,0
1,0.5932118529420435,1,1
1,0.7210611796152124,1,1
1,0.7613690468432738,1,1
0,0.08066684795379142,0,0
0,0.37251783506543856,0,0
0,0.594342760349387,1,1
1,0.9427361383295473,1,1
0,0.18593483244654413,0,0
0,0.21698980589499045,0,0
0,0.20230063828845704,0,0
1,0.32852588210602757,0,0
1,0.6655015106779663,1,1
1,0.6643465426456581,1,1
1,0.7505418301215946,1,1
1,0.5589722641184337,1,1
0,0.11620994386650581,0,0
0,0.10053273551119314,0,0
0,0.16394972823874954,0,0
1,0.3125761588678869,0,0
1,0.3768699308187323,0,0
0,0.15748732354307463,0,0
0,0.160209140952864,0,0
0,0.19056309094626267,0,0
1,0.921258320272727,1,1
1,0.317370656949407,0,0
0,0.04825293642266434,0,0
0,0.7142016621058017,1,1
1,0.605758365060343,1,1
0,0.5275833147366217,1,1
0,0.09192642738888021,0,0
0,0.3307159453884702,0,0
1,0.06118417934530891,0,0
0,0.4918171505295603,0,0
0,0.22677655930196655,0,0
1,0.744701130795687,1,1
0,0.1195409529921658,0,0
0,0.4888525423518196,0,0
0,0.21362532004741286,0,0
0,0.8315634147745997,1,1
0,0.21637298766495297,0,0
0,0.11250499032341543,0,0
1,0.555670799914936,1,1
1,0.46948918728564176,0,0
1,0.6909562083836873,1,1
0,0.1845380303604462,0,0
1,0.6723835640838565,1,1
1,0.46948239356308796,0,0
0,0.2461307840848946,0,0
0,0.830019637562127,1,1
1,0.5400202332937901,1,1
1,0.9511673116373431,1,1
0,0.2061162766324084,0,0
0,0.24627809162451297,0,0
1,0.6689473153675092,1,1
0,0.22522101946824916,0,0
1,0.699749170986944,1,1
0,0.4332125523914428,0,0
1,0.26058273314563957,0,0
0,0.791354081549981,1,1
0,0.3980951929173339,0,0
0,0.37334188234127097,0,0
0,0.11587450349372586,0,0
0,0.7635298501609539,1,1
0,0.21012668301252357,0,0
0,0.595168406798206,1,1
0,0.6755864847120877,1,1
0,0.338399189118314,0,0
0,0.12712093398242563,0,0
1,0.788680926488636,1,1
0,0.07251397524019065,0,0
0,0.3570468610672816,0,0
1,0.6389642012118133,1,1
1,0.5822548377040142,1,1
0,0.27982754910384056,0,0
0,0.4114544072871157,0,0
0,0.2767625488689127,0,0
1,0.5345460782756252,1,1
0,0.5800628417054985,1,1
0,0.47764787214586285,0,0
0,0.7764065839522992,1,1
0,0.17019436785828462,0,0
1,0.8143369471647675,1,1
0,0.4165206438982078,0,0
1,0.5817656528279483,1,1
0,0.8453565523936887,1,1
1,0.31966900982042273,0,0
0,0.07998531248448683,0,0
0,0.6583528042646237,1,1
0,0.39976889801934984,0,0
0,0.16546488029971756,0,0
0,0.6928000185566261,1,1
0,0.17772334045579255,0,0
0,0.6579018721180905,1,1
1,0.30328259537165303,0,0
0,0.7765851614498565,1,1
1,0.8224877457801476,1,1
1,0.9572322285241048,1,1
0,0.6180565773384001,1,1
1,0.7757840888616291,1,1
0,0.2431596739092679,0,0
0,0.22051605674466146,0,0
0,0.3516657237809134,0,0
1,0.8132017731308367,1,1
1,0.9254720904714956,1,1
1,0.9597827406868353,1,1
1,0.8840564178503509,1,1
1,0.3719158176304447,0,0
0,0.8389664715169225,1,1
1,0.8936024114324784,1,1
0,0.4750488925565367,0,0
0,0.2228482203339524,0,0
0,0.11347739521700519,0,0
1,0.6370071341086645,1,1
0,0.3445928532187959,0,0
0,0.30859420978902397,0,0
0,0.23780986693851813,0,0
0,0.46896620391758564,0,0
0,0.25580428597995497,0,0
0,0.6644935341849834,1,1
1,0.9354268046983155,1,1
0,0.6302893671641264,1,1
1,0.29768757489304226,0,0
0,0.1271543856141463,0,0
0,0.18595352533137627,0,0
0,0.3901954723100566,0,0
0,0.09940336425268004,0,0
1,0.5982232032798417,1,1
0,0.3096052116823848,0,0
0,0.5714470208882162,1,1
0,0.08949064696474981,0,0
1,0.9356011903783352,1,1
0,0.16241870224010888,0,0
0,0.4770129821934451,0,0
1,0.8642006743515249,1,1
0,0.3082150042256738,0,0
0,0.38625630340274014,0,0
1,0.6026684550459458,1,1
0,0.47814445235550773,0,0
0,0.2760223507814239,0,0
0,0.13023519583433624,0,0
0,0.8648488957395561,1,1
1,0.8117638599531869,1,1
0,0.17989751772338086,0,0
0,0.2563955995905057,0,0
0,0.11304315842863137,0,0
1,0.7081780444106636,1,1
0,0.396015336582757,0,0
0,0.11429834069705104,0,0
0,0.3558110435283532,0,0
0,0.5624455572291354,1,1
0,0.24119071910875461,0,0
0,0.527822732581365,1,1
0,0.23406396870044616,0,0
0,0.08542824024166391,0,0
0,0.20188973613295463,0,0
1,0.8651427581313933,1,1
0,0.743901698856427,1,1
1,0.863789532034986,1,1
0,0.40277039997764763,0,0
0,0.09291523110450157,0,0
0,0.7302218467567518,1,1
0,0.6275108841437854,1,1
0,0.4126106490953565,0,0
0,0.692389378688884,1,1
1,0.8477175806391002,1,1
0,0.3758430382909331,0,0
0,0.6682744474407167,1,1
0,0.06111939951116248,0,0
1,0.26779429352608786,0,0
1,0.777429761562083,1,1
0,0.1779062419211359,0,0
0,0.2917342962451012,0,0
1,0.6399602067124667,1,1
0,0.10283484732072004,0,0
0,0.32727291461012337,0,0
0,0.6705422467350741,1,1
1,0.7246454041044508,1,1
0,0.9436488058109341,1,1
0,0.4930576562595446,0,0
1,0.8281742144814461,1,1
0,0.5849235589967308,1,1
0,0.26462895001295805,0,0
1,0.7495741547392856,1,1
0,0.4564347250292061,0,0
0,0.39332729186312015,0,0
1,0.7192258335607838,1,1
0,0.7727691720924041,1,1
0,0.2914492181310515,0,0
0,0.6523437538519287,1,1
0,0.5069292905502853,1,1
0,0.7933062780157809,1,1
0,0.8062930655337247,1,1
1,0.8145888171212635,1,1
0,0.7040941214172997,1,1
1,0.9639537714388878,1,1
0,0.7337155186492983,1,1
0,0.538662896320147,1,1
1,0.8771821704086832,1,1
0,0.3967111608575177,0,0
1,0.6633377141185655,1,1
0,0.9212389991942335,1,1
0,0.17121744353018467,0,0
1,0.4929776864594122,0,0
1,0.8959217892485366,1,1
1,0.8460265966986458,1,1
0,0.1799412721760636,0,0
0,0.5976656331115593,1,1
0,0.08493388677754507,0,0
0,0.08538138043924978,0,0
0,0.7529839460720322,1,1
1,0.6063039595772833,1,1
0,0.7466291238743797,1,1
0,0.3482482601715795,0,0
0,0.2496501160181745,0,0
1,0.8637626607801241,1,1
0,0.09485449115907245,0,0
0,0.614867508084181,1,1
0,0.22057221694487736,0,0
1,0.47761453700265283,0,0
1,0.09611517388161675,0,0
1,0.8019010053600624,1,1
0,0.14086381263154688,0,0
0,0.5547916230664969,1,1
0,0.2066960289846738,0,0
0,0.2728723887109763,0,0
0,0.15191470886263542,0,0
0,0.6419701532246661,1,1
0,0.7323842326558548,1,1
0,0.26846225883344527,0,0
0,0.3274067015852638,0,0
1,0.6968890286868699,1,1
1,0.888823859407941,1,1
1,0.6055252945465072,1,1
0,0.23324769399330797,0,0
0,0.28016749364759813,0,0
0,0.5534763710091857,1,1
1,0.9004566805517098,1,1
0,0.10888946165139514,0,0
0,0.36473940636275376,0,0
0,0.4611375115764526,0,0
0,0.4755253241362305,0,0
0,0.33290334277766814,0,0
1,0.8661645818198723,1,1
0,0.33825885921339643,0,0
0,0.2398531655753872,0,0
0,0.47672045351745557,0,0
1,0.6824565983420773,1,1
0,0.5235134575210569,1,1
1,0.7593831045279306,1,1
0,0.4350299396378974,0,0
0,0.21874953024487911,0,0
0,0.49576884641441193,0,0
0,0.39252217022164965,0,0
1,0.7334672248883447,1,1
1,0.11529110273527356,0,0
0,0.21682590698006332,0,0
0,0.5747537150804055,1,1
0,0.4223450128410905,0,0
0,0.4663994503861422,0,0
0,0.6628124618038927,1,1
1,0.7404481909662852,1,1
1,0.602251334014393,1,1
0,0.18007906769926993,0,0
1,0.5513111534082321,1,1
1,0.5270880369848006,1,1
1,0.3368291837763768,0,0
0,0.27488508032025866,0,0
0,0.5647952616722504,1,1
0,0.423646322134269,0,0
0,0.49821836533599473,0,0
0,0.16555709322012802,0,0
1,0.7991080530442398,1,1
0,0.5902094548247033,1,1
1,0.6148562512037035,1,1
1,0.754023600271987,1,1
0,0.09674331584017543,0,0
1,0.7397692319589663,1,1
1,0.7790161436289676,1,1
1,0.8762401498976367,1,1
0,0.5463622235744822,1,1
1,0.5618910920164807,1,1
1,0.8387572687445181,1,1
0,0.3867557623347408,0,0
1,0.9013265095634878,1,1
0,0.7672554944069563,1,1
0,0.705501344831761,1,1
0,0.5042053104264641,1,1
1,0.47104668527070526,0,0
1,0.7985255711475524,1,1
1,0.5602699254034762,1,1
1,0.2411130679426489,0,0
0,0.1903166757521232,0,0
1,0.5597006513770717,1,1
0,0.787922260261304,1,1
0,0.23715191772768932,0,0
1,0.8634986314564236,1,1
0,0.6927047671289276,1,1
1,0.40505530851595567,0,0
0,0.1961511854841582,0,0
0,0.29366930127720436,0,0
0,0.15996519038036916,0,0
0,0.2495563697099626,0,0
0,0.4287537870813604,0,0
0,0.059649155481377544,0,0
1,0.7308479718372167,1,1
0,0.3532570219846415,0,0
1,0.4672201555162011,0,0
0,0.3830068679463078,0,0
1,0.9445993936921496,1,1
0,0.7832659726554798,1,1
1,0.8397205307387781,1,1
0,0.48558175153115435,0,0
0,0.8165644786858498,1,1
1,0.34334185446361437,0,0
0,0.24185892229488837,0,0
0,0.8729285008467365,1,1
1,0.7027738805991777,1,1
1,0.9492337665206952,1,1
0,0.5668823691235908,1,1
1,0.7179400300408598,1,1
1,0.3272695599806538,0,0
1,0.7297178977807361,1,1
0,0.34182694452783846,0,0
1,0.8784831716490729,1,1
1,0.6884336004970889,1,1
1,0.5537184904506867,1,1
0,0.29696514011137437,0,0
1,0.9017723580447201,1,1
1,0.499168863193557,0,0
0,0.07483032187142362,0,0
0,0.3728829553535292,0,0
0,0.6589370389683177,1,1
0,0.7339992838908791,1,1
0,0.3197772779083218,0,0
0,0.2738221453010957,0,0
1,0.642052738734263,1,1
0,0.07755674944720814,0,0
1,0.5875430705015112,1,1
0,0.5903910851918023,1,1
1,0.9037421092563566,1,1
0,0.1804374268329332,0,0
1,0.7548097922887536,1,1
0,0.5709244063723402,1,1
0,0.26063302222276313,0,0
0,0.1717976336860995,0,0
0,0.22713219981512286,0,0
0,0.3392843189755936,0,0
1,0.5437456526127005,1,1
1,0.39115968730815875,0,0
0,0.07650549685903799,0,0
0,0.8251426383431907,1,1
0,0.5127777761193227,1,1
1,0.7061191855417822,1,1
1,0.6087373071149117,1,1
0,0.4335945508292727,0,0
1,0.8015182674352809,1,1
1,0.948746416035624,1,1
1,0.8067380464233023,1,1
0,0.08308381965277545,0,0
0,0.15705302184300088,0,0
1,0.7765212533157343,1,1
1,0.7902565092977987,1,1
0,0.24159267325970316,0,0
1,0.5617236823888901,1,1
0,0.5260708149213266,1,1
1,0.7156752114074912,1,1
1,0.7880080113093832,1,1
0,0.5427087987691487,1,1
0,0.4014741763698703,0,0
1,0.6947396496872849,1,1
0,0.17648830907691418,0,0
0,0.08704470422142253,0,0
0,0.546034404917852,1,1
0,0.8741992630880995,1,1
1,0.7576792860145196,1,1
0,0.7778568871708691,1,1
0,0.7205948264875424,1,1
0,0.20921795114969824,0,0
1,0.3240204818690076,0,0
0,0.381311221193311,0,0
1,0.7946594745467606,1,1
0,0.8095244919967577,1,1
0,0.373395563453878,0,0
0,0.4553129595124889,0,0
0,0.11391019072173253,0,0
1,0.532245722330302,1,1
0,0.9250113516590716,1,1
1,0.6541026885189202,1,1
0,0.29926385716464365,0,0
0,0.21842284639464837,0,0
1,0.8153942755040391,1,1
0,0.7088724299623457,1,1
0,0.5918748900389906,1,1
0,0.16062917392648776,0,0
1,0.6603689675911742,1,1
0,0.07714949598786343,0,0
0,0.6340020240231414,1,1
0,0.618892936551954,1,1
0,0.8146283486379476,1,1
1,0.6187027144502013,1,1
0,0.5663021215704473,1,1
0,0.19869471009877296,0,0
0,0.14265683847974123,0,0
0,0.3870770560773289,0,0
1,0.7587729939744906,1,1
0,0.3227419763941792,0,0
0,0.6136624263816035,1,1
0,0.4978032398494154,0,0
1,0.5306385523459911,1,1
1,0.9350397844886033,1,1
1,0.6783508370458456,1,1
0,0.5259490728924043,1,1
0,0.16182328249884004,0,0
0,0.13884180679188063,0,0
0,0.24799314189631705,0,0
1,0.9233344347331651,1,1
0,0.2787900447804757,0,0
0,0.09488359481468936,0,0
0,0.6094403569311106,1,1
1,0.8427412976406422,1,1
0,0.3943772906052687,0,0
0,0.40208805741109804,0,0
0,0.5057071583237465,1,1
0,0.38858512395307593,0,0
0,0.34932212284516473,0,0
1,0.9470448142088764,1,1
0,0.4670113536465438,0,0
0,0.23818672458794954,0,0
0,0.277231447990199,0,0
0,0.6947085480777201,1,1
1,0.6132990249209882,1,1
0,0.25726675816123085,0,0
0,0.2991993807768593,0,0
1,0.4748202202368921,0,0
1,0.8699589063981562,1,1
1,0.713866724946089,1,1
0,0.5031947193589321,1,1
1,0.3933331284958226,0,0
1,0.2077624669514315,0,0
0,0.7264258629328848,1,1
0,0.5885815531758123,1,1
0,0.5160256905026678,1,1
0,0.7402793098186828,1,1
1,0.3787051608972205,0,0
0,0.12569104454207924,0,0
0,0.691835476401708,1,1
0,0.5065772745204805,1,1
0,0.060817047552591624,0,0
0,0.49742286828706994,0,0
1,0.8443180549334073,1,1
0,0.7623171171393203,1,1
0,0.1918901459980664,0,0
1,0.6283148740275732,1,1
1,0.708802195363049,1,1
0,0.17223275726765427,0,0
1,0.562204860852231,1,1
0,0.48372188408311606,0,0
0,0.054701702423752344,0,0
1,0.6246627847237368,1,1
1,0.3143260862863837,0,0
0,0.13721340976402108,0,0
0,0.34138927786711365,0,0
1,0.6816076468932182,1,1
1,0.8063620190511412,1,1
0,0.18238633493800308,0,0
1,0.5910839172915977,1,1
1,0.8605706108400452,1,1
0,0.18540187278293938,0,0
0,0.5509500337802791,1,1
1,0.6632363412268992,1,1
0,0.3049185426318738,0,0
0,0.37399558004044486,0,0
1,0.9395659787108689,1,1
1,0.4290929709835822,0,0
1,0.12518900138360797,0,0
0,0.8166450360347519,1,1
0,0.30987900525884726,0,0
0,0.42966031999430226,0,0
0,0.865018634112403,1,1
1,0.8075252003135633,1,1
1,0.8852030273063728,1,1
0,0.6975541216048526,1,1
1,0.34582967079857335,0,0
0,0.5836704665340277,1,1
0,0.20880217239926185,0,0
0,0.39632795666521176,0,0
1,0.20739928858903334,0,0
0,0.6104897876614678,1,1
0,0.10393655272208611,0,0
0,0.4572518479162135,0,0
1,0.8898021954853906,1,1
0,0.4361316285953483,0,0
1,0.7585285672858817,1,1
0,0.24166577720735538,0,0
0,0.3624012490880079,0,0
0,0.8710739854256876,1,1
0,0.7420810857075222,1,1
1,0.6360334885731466,1,1
1,0.31854081357396247,0,0
1,0.2445626549315904,0,0
1,0.7443167995039419,1,1
0,0.23972807495199294,0,0
1,0.7485121659733684,1,1
1,0.9134057063665861,1,1
0,0.10830466496151515,0,0
0,0.7462772775709884,1,1
1,0.8281810357127868,1,1
1,0.4585869604601061,0,0
0,0.44330253474935,0,0
0,0.16002404302075926,0,0
1,0.37200118671615084,0,0
0,0.10379484352176883,0,0
1,0.7243522451042951,1,1
1,0.12109670072280897,0,0
1,0.26979870122441996,0,0
0,0.8370318439089489,1,1
0,0.0773047697342519,0,0
0,0.4328864740885352,0,0
0,0.17815870238260537,0,0
0,0.08638813273224581,0,0
0,0.7432930589942478,1,1
1,0.8488894834885985,1,1
1,0.6294480678917619,1,1
1,0.7811533210195549,1,1
0,0.8816981074126369,1,1
0,0.31406911338790644,0,0
1,0.7044844341085967,1,1
1,0.7527814099231486,1,1
1,0.7287963454370255,1,1
1,0.8180224234161994,1,1
1,0.8989711686408988,1,1
0,0.13413634040504407,0,0
0,0.3790943138740389,0,0
1,0.7801011943734888,1,1
0,0.432547539246221,0,0
0,0.4869020931709466,0,0
0,0.6202466802250906,1,1
1,0.4867875931385384,0,0
0,0.2285658700305791,0,0
1,0.9080056687616694,1,1
0,0.6492115545209336,1,1
0,0.521789684595899,1,1
0,0.8661165659526219,1,1
1,0.5308097853267173,1,1
0,0.49901293444351924,0,0
1,0.14995179718435064,0,0
1,0.7429589037941585,1,1
0,0.6190830704613074,1,1
1,0.24017153501695065,0,0
0,0.44441495994411573,0,0
0,0.08176787273593533,0,0
0,0.04156140270368649,0,0
1,0.7757984814227785,1,1
1,0.794022509788921,1,1
0,0.5328858609783357,1,1
0,0.49014337368283445,0,0
0,0.28355921106166754,0,0
0,0.6137770858563673,1,1
1,0.2597176874439174,0,0
0,0.4792013116674689,0,0
0,0.39658392842059065,0,0
0,0.2129823494492709,0,0
0,0.29531944554757017,0,0
1,0.8525620999001345,1,1
1,0.634528266001122,1,1
1,0.5030388464524624,1,1
0,0.41404162256730864,0,0
0,0.42966031999430226,0,0
1,0.28113359360371926,0,0
1,0.5653165128373009,1,1
0,0.10258946894316577,0,0
0,0.7197703123243009,1,1
1,0.798674335092019,1,1
1,0.6575851754731559,1,1
0,0.703150416088472,1,1
0,0.4208664887072315,0,0
0,0.3793906378073343,0,0
0,0.2331297706720583,0,0
0,0.11577153983725066,0,0
0,0.28507974425878446,0,0
0,0.44313830693860007,0,0
0,0.4139802889622302,0,0
0,0.7399988639529741,1,1
1,0.4761814060831217,0,0
1,0.8867011565555271,1,1
1,0.4685203094472789,0,0
0,0.3893109739950962,0,0
1,0.5015238400819502,1,1
1,0.15307007102440662,0,0
0,0.14988947136126676,0,0
0,0.5606127058807855,1,1
1,0.6276439956515802,1,1
0,0.6498517666060413,1,1
0,0.251976917306687,0,0
0,0.34886733548953025,0,0
0,0.5558302075460646,1,1
0,0.21653239466328789,0,0
0,0.1063734507743806,0,0
0,0.5177583872591378,1,1
1,0.8777420570317767,1,1
0,0.4451178887931765,0,0
0,0.20638457755394804,0,0
1,0.7426297279212806,1,1
0,0.5133705306517149,1,1
1,0.9033543670543864,1,1
0,0.4805271328032671,0,0
0,0.2536458128356172,0,0
0,0.18341048087831133,0,0
1,0.6336246280209619,1,1
0,0.6099102273287424,1,1
0,0.7690272421531537,1,1
1,0.73986148944858,1,1
0,0.4144669085617406,0,0
1,0.7669383179970067,1,1
0,0.2522785755086249,0,0
0,0.4183887183098946,0,0
1,0.9177812381454954,1,1
1,0.7222993972105121,1,1
0,0.1195572388643523,0,0
1,0.7606735888124851,1,1
1,0.5113100454686277,1,1
1,0.6408494185244267,1,1
0,0.14413473173083077,0,0
0,0.10595225611783438,0,0
0,0.6654845537647882,1,1
0,0.3716979564383701,0,0
1,0.8336203810273689,1,1
0,0.6177721285779261,1,1
1,0.9545842280547371,1,1
1,0.599178763155983,1,1
1,0.6330553790833342,1,1
1,0.855354785066368,1,1
0,0.24098487566708665,0,0
0,0.5861899816395039,1,1
0,0.27777086417225705,0,0
0,0.12069713092762456,0,0
0,0.43758232873945496,0,0
0,0.6816686274692942,1,1
0,0.334073730207698,0,0
0,0.3365142194065005,0,0
1,0.7737482376738674,1,1
0,0.09450661826657285,0,0
0,0.19062919511947904,0,0
0,0.5058554902980019,1,1
0,0.36388686374859175,0,0
0,0.7505973090211432,1,1
1,0.8726282837061158,1,1
0,0.5580857459678796,1,1
1,0.2878733647753315,0,0
1,0.8978234568687211,1,1
0,0.5095065289335686,1,1
1,0.7787714571529758,1,1
1,0.9254666151142552,1,1
0,0.5677341861026127,1,1
1,0.82662221052783,1,1
0,0.17420070876292912,0,0
0,0.36505434552112775,0,0
1,0.8137835839208584,1,1
0,0.905785517380985,1,1
0,0.5294713463830545,1,1
0,0.6105905473591767,1,1
0,0.44644203239276475,0,0
0,0.1468057672890414,0,0
1,0.7791737451956355,1,1
0,0.208337950579289,0,0
0,0.28982066121064587,0,0
1,0.6625438212033508,1,1
0,0.5630943062141455,1,1
1,0.6468240091470966,1,1
0,0.08026156808612671,0,0
1,0.8538759830775402,1,1
1,0.7021656672100193,1,1
0,0.5921838676737882,1,1
1,0.4952585452426127,0,0
0,0.8344414417052318,1,1
0,0.10087982568235838,0,0
0,0.11155510288804266,0,0
0,0.18597913366648403,0,0
0,0.21336333235032914,0,0
1,0.7412974059173019,1,1
1,0.8220741325311437,1,1
0,0.6912484989876939,1,1
1,0.20959462239636878,0,0
1,0.7610211176913287,1,1
1,0.6569443793028048,1,1
0,0.8425150011714879,1,1
1,0.6611756677932666,1,1
0,0.2983959813857811,0,0
0,0.7709841665866315,1,1
1,0.431683611837982,0,0
0,0.6925590027161745,1,1
1,0.36481316688011134,0,0
0,0.5922674428055387,1,1
0,0.18702324047874364,0,0
0,0.19370673171070504,0,0
0,0.2028308323171185,0,0
0,0.4618518027466832,0,0
1,0.6496557785072404,1,1
0,0.9143437065347491,1,1
0,0.7147538641617954,1,1
0,0.5289646390337484,1,1
0,0.5963593932925544,1,1
0,0.4870007132549858,0,0
1,0.7700389252667232,1,1
0,0.31320012277665654,0,0
0,0.16123923564021678,0,0
1,0.7100868033751978,1,1
0,0.5260853579317358,1,1
0,0.23690471482645342,0,0
0,0.1399339063821138,0,0
0,0.770000111749514,1,1
0,0.27651609614196776,0,0
1,0.6896605617710301,1,1
0,0.43688489710427086,0,0
1,0.7491921311266274,1,1
0,0.07610284471424568,0,0
0,0.5259136078190928,1,1
1,0.7092649838248319,1,1
1,0.8349167109401521,1,1
0,0.3113351848863475,0,0
0,0.5684034696568994,1,1
1,0.9086806411176929,1,1
0,0.5450915170559093,1,1
0,0.4750226837620699,0,0
0,0.5122612928919027,1,1
0,0.13854426522488336,0,0
0,0.2815165761962489,0,0
0,0.10452313382486901,0,0
0,0.3276338504592708,0,0
0,0.4958871109134873,0,0
1,0.7987662053866889,1,1
0,0.34439031523204755,0,0
1,0.47760499891142233,0,0
0,0.42523952003999194,0,0
1,0.5441919100153007,1,1
1,0.8247870675606078,1,1
0,0.25398283207688643,0,0
1,0.20689008005188347,0,0
1,0.7392051921844354,1,1
0,0.714370053669935,1,1
1,0.8481343926859235,1,1
0,0.4617199399062591,0,0
1,0.7146042316825967,1,1
1,0.8442519529028129,1,1
0,0.21073752723901934,0,0
0,0.12110252306892533,0,0
0,0.4451778254588056,0,0
1,0.7504172708224557,1,1
0,0.5798033604000884,1,1
1,0.9210620876877469,1,1
0,0.3184257044541531,0,0
0,0.44981606710783295,0,0
0,0.08173972635414568,0,0
1,0.8650831930733548,1,1
0,0.10922320851070388,0,0
0,0.39453794476083637,0,0
0,0.5266811123289071,1,1
0,0.4382187892723237,0,0
1,0.3284101812879071,0,0
0,0.4961231531598298,0,0
0,0.9106009917032781,1,1
1,0.9588617942515187,1,1
1,0.5590978190950446,1,1
0,0.5177161165503371,1,1
0,0.6406385381165974,1,1
0,0.1305847090324546,0,0
0,0.4560169006233278,0,0
1,0.6858584804553038,1,1
0,0.1575099251334444,0,0
0,0.2182947064228993,0,0
0,0.10135761408525376,0,0
0,0.08269166668715822,0,0
0,0.45634318654615963,0,0
1,0.48948393034550114,0,0
1,0.3771287651222449,0,0
1,0.6202815529508702,1,1
0,0.41035064847631214,0,0
0,0.099296067142895,0,0
0,0.18104841404048821,0,0
0,0.6029200965874966,1,1
0,0.16855744663174627,0,0
1,0.5836682684902603,1,1
0,0.33801975502778364,0,0
0,0.556132563464901,1,1
0,0.19406396757884012,0,0
0,0.12078893767493577,0,0
1,0.8097782996795342,1,1
0,0.37515242509627117,0,0
0,0.7257312499828414,1,1
0,0.3588224630784383,0,0
1,0.6553796272424963,1,1
0,0.5871066540348417,1,1
1,0.5086423088886348,1,1
0,0.09234094214199927,0,0
0,0.11085999960973111,0,0
0,0.8239346198596956,1,1
0,0.20367570175397512,0,0
0,0.34361431355434446,0,0
1,0.6221706597936655,1,1
1,0.599102341882253,1,1
1,0.7053356542747888,1,1
0,0.32898983069975374,0,0
0,0.31429439256515745,0,0
0,0.18705867077688101,0,0
0,0.05491122325968238,0,0
0,0.42438982244230083,0,0
0,0.19253039048150136,0,0
0,0.19105708234046964,0,0
1,0.1889613386916094,0,0
1,0.6540042619219555,1,1
0,0.6210227072471041,1,1
1,0.9374788626077605,1,1
0,0.2386058000685051,0,0
1,0.4415124589441593,0,0
1,0.8265752003377184,1,1
0,0.23991568350913758,0,0
0,0.6798963864465786,1,1
0,0.14039213108737017,0,0
0,0.296082928931511,0,0
1,0.24676455323532595,0,0
1,0.7790972032343393,1,1
0,0.09654947754309852,0,0
0,0.7582327019155818,1,1
0,0.14353461479393323,0,0
1,0.5770041774466838,1,1
0,0.5750447668648969,1,1
0,0.49257589000289037,0,0
0,0.38440837219650686,0,0
0,0.13898686272727595,0,0
0,0.2832309779767352,0,0
1,0.5022877832539947,1,1
0,0.6852387826105455,1,1
0,0.6386055788340136,1,1
0,0.2323490012542853,0,0
0,0.3383228237886457,0,0
0,0.07927922122362735,0,0
0,0.30058500790371356,0,0
0,0.12036015904873,0,0
1,0.38124063185916846,0,0
1,0.7932906304009921,1,1
0,0.4083358809517692,0,0
0,0.4009817914814072,0,0
0,0.44762418187960296,0,0
0,0.29086564296313466,0,0
0,0.1429111776604668,0,0
0,0.057295336095925305,0,0
0,0.2047141422222588,0,0
1,0.8464135332087801,1,1
1,0.11565188184297556,0,0
0,0.16902507292947294,0,0
1,0.9423593905602681,1,1
1,0.8451083256436256,1,1
0,0.3288638209659846,0,0
0,0.4964101186471782,0,0
0,0.30416160405246895,0,0
1,0.6698141398783146,1,1
1,0.5146311262868613,1,1
1,0.5053829978979374,1,1
1,0.8351286080970806,1,1
0,0.904928546403054,1,1
0,0.21589286640521144,0,0
1,0.5835502699400215,1,1
0,0.49655906416588386,0,0
1,0.8706782796351377,1,1
1,0.7940363777840982,1,1
0,0.5082742478128769,1,1
0,0.5381608051517374,1,1
1,0.6977995286151503,1,1
0,0.4032843304854507,0,0
0,0.6342614679237887,1,1
0,0.7566969197340523,1,1
1,0.9376263531664838,1,1
1,0.552647378881421,1,1
1,0.5387279953232885,1,1
0,0.2543752518685783,0,0
0,0.28746514319149497,0,0
0,0.49391772353737795,0,0
1,0.5400573892492351,1,1
1,0.5287644767723437,1,1
0,0.30802153643110564,0,0
0,0.35031638366735784,0,0
0,0.4173995869460542,0,0
0,0.6052289946847933,1,1
0,0.3091940794781089,0,0
0,0.5578007397193552,1,1
0,0.9421848165593278,1,1
1,0.6554368808497454,1,1
1,0.6820235620297371,1,1
0,0.3698949415530355,0,0
0,0.28206708120328583,0,0
0,0.3758869663258662,0,0
1,0.8828844445037334,1,1
0,0.3989741824232297,0,0
0,0.4457267124168717,0,0
0,0.07678045335935421,0,0
1,0.6691986399781337,1,1
0,0.22609983778958956,0,0
1,0.908903751393588,1,1
0,0.46341468469285724,0,0
0,0.7942842308304555,1,1
0,0.2884970440948023,0,0
0,0.44526204212521914,0,0
0,0.4682523502733292,0,0
0,0.7011070555238803,1,1
0,0.29391674223950526,0,0
0,0.17021490076912077,0,0
0,0.15723867548435616,0,0
0,0.2328700370866299,0,0
1,0.5593543041628474,1,1
0,0.1818091856799578,0,0
0,0.663477271541957,1,1
1,0.6510101812447777,1,1
0,0.4174730545012061,0,0
0,0.14025891191723625,0,0
0,0.30620112816598644,0,0
0,0.17159642675820488,0,0
1,0.8475351462936344,1,1
1,0.970648239655165,1,1
0,0.11897922777895738,0,0
0,0.4955680398823644,0,0
0,0.043201780382884344,0,0
0,0.20351592144623154,0,0
0,0.37771015189760904,0,0
0,0.30049404624917314,0,0
0,0.3541846742498684,0,0
0,0.39429218550056083,0,0
0,0.8209924667704227,1,1
0,0.07246319177482903,0,0
1,0.5949154914452061,1,1
0,0.4580761823099374,0,0
0,0.7699299782887046,1,1
0,0.6092211403659574,1,1
1,0.8524786832640897,1,1
0,0.4215392364375729,0,0
0,0.4981051282408334,0,0
0,0.5110014048704357,1,1
0,0.38785234798275475,0,0
1,0.8928828754523591,1,1
0,0.32164179281776883,0,0
0,0.17159306489637152,0,0
0,0.1533508051343549,0,0
0,0.3713147666735301,0,0
1,0.758319962670177,1,1
0,0.7975304693893761,1,1
1,0.528347136542752,1,1
0,0.09222119990690597,0,0
0,0.4615938722616522,0,0
0,0.31214001248495143,0,0
0,0.05863853109382371,0,0
0,0.19016438835400934,0,0
1,0.35300269728199557,0,0
0,0.25322239867910673,0,0
1,0.4616558038691155,0,0
0,0.10689762749577195,0,0
0,0.13835326571326684,0,0
0,0.21012971457322807,0,0
0,0.07965920149722758,0,0
0,0.875806217491512,1,1
0,0.2971182089644852,0,0
0,0.7374160789953741,1,1
0,0.3158387273206192,0,0
0,0.8368336449567888,1,1
1,0.6143653815042874,1,1
0,0.773894303067414,1,1
0,0.3138843833537691,0,0
0,0.17092077829140134,0,0
0,0.2581796940174883,0,0
1,0.223618043015947,0,0
0,0.9114727636710364,1,1
0,0.5027658686136373,1,1
0,0.09013071629866039,0,0
1,0.7050104291882442,1,1
0,0.28526120720754405,0,0
1,0.8383751137893798,1,1
0,0.7794504293547747,1,1
0,0.16806992700258477,0,0
1,0.6271244790784619,1,1
1,0.8238416053787804,1,1
0,0.41920059340840576,0,0
0,0.10352699093479134,0,0
0,0.8893751205786982,1,1
1,0.5102925613359206,1,1
1,0.5095987339564035,1,1
0,0.20413080263728672,0,0
0,0.849300742978276,1,1
0,0.35769060581353884,0,0
0,0.13228777747252649,0,0
0,0.11447053105652309,0,0
0,0.11042502676617667,0,0
1,0.8732414009285238,1,1
0,0.4489887547694428,0,0
0,0.19414006109736506,0,0
0,0.5133199638645555,1,1
0,0.17704425832070864,0,0
0,0.9353161012918412,1,1
0,0.4906682400807523,0,0
1,0.7755675690290071,1,1
1,0.6183259856843843,1,1
0,0.6880427646463992,1,1
0,0.1755247729741194,0,0
1,0.479407971483034,0,0
0,0.6688717072220465,1,1
0,0.5500656489882197,1,1
0,0.3110304539370176,0,0
1,0.865346294532407,1,1
0,0.27902868606198417,0,0
0,0.26542042831017937,0,0
1,0.6250239123027348,1,1
1,0.6131152143880454,1,1
1,0.5062149793857207,1,1
1,0.2536916652097935,0,0
0,0.6621686867595922,1,1
0,0.35131242625096176,0,0
0,0.8576850470569481,1,1
0,0.06944596214946545,0,0
0,0.29474053323482785,0,0
0,0.11261097531870459,0,0
1,0.9022933740311117,1,1
1,0.7621675590895675,1,1
1,0.5283971328573723,1,1
0,0.8780980770133453,1,1
0,0.7346383553281002,1,1
0,0.13296274811218217,0,0
0,0.40978473487179967,0,0
0,0.3540108177341413,0,0
0,0.20337005459166285,0,0
0,0.21014120493219243,0,0
1,0.7749295081202509,1,1
0,0.10210485203272346,0,0
1,0.4631506464062061,0,0
0,0.09601033539845871,0,0
0,0.728219575570328,1,1
0,0.6080694042263047,1,1
0,0.25053204734404666,0,0
1,0.7005139023081853,1,1
1,0.47926110855549947,0,0
0,0.30254383496652104,0,0
0,0.5966356524836788,1,1
1,0.7556463597227233,1,1
0,0.9263725056063365,1,1
1,0.7401282134340837,1,1
1,0.8133830619629941,1,1
0,0.10007663802599985,0,0
1,0.09670538448418804,0,0
1,0.8972158100725212,1,1
1,0.6188162991348996,1,1
1,0.9273789482914468,1,1
1,0.8641521023990526,1,1
0,0.8666391792773873,1,1
0,0.17665271112361475,0,0
1,0.899788703465235,1,1
0,0.515361173102739,1,1
0,0.5028184450133659,1,1
1,0.31645707930091416,0,0
0,0.1852330043214522,0,0
1,0.9199347902531061,1,1
0,0.3104804519667933,0,0
1,0.7655397292941012,1,1
0,0.8680903294477255,1,1
1,0.9211401697280949,1,1
0,0.7458486027039595,1,1
0,0.7865980554136772,1,1
0,0.08794952179462073,0,0
1,0.2549443705611637,0,0
0,0.31254365982853943,0,0
0,0.2257617882403623,0,0
1,0.8572204115839441,1,1
1,0.6438910634035626,1,1
0,0.1655720722012561,0,0
0,0.07613999207546947,0,0
0,0.2632414411802475,0,0
0,0.698790799143941,1,1
0,0.634889548131728,1,1
1,0.9115723336340658,1,1
1,0.555641982894387,1,1
0,0.20588025945494423,0,0
0,0.7615087969148803,1,1
0,0.3848231291626195,0,0
0,0.29797729270947054,0,0
0,0.4027578791699336,0,0
0,0.6211517530025892,1,1
1,0.8483761729011877,1,1
0,0.5698403502297625,1,1
0,0.4533032469536042,0,0
0,0.5409678695539918,1,1
1,0.9474750932955263,1,1
1,0.9308115444796019,1,1
1,0.8388083404088783,1,1
0,0.6951110649847136,1,1
0,0.1133459013420552,0,0
1,0.8543557511543839,1,1
1,0.34329445430977673,0,0
0,0.6708748646937406,1,1
0,0.16604391627167034,0,0
1,0.960002584003025,1,1
1,0.827674909135402,1,1
1,0.8655708997400768,1,1
0,0.4199622725098763,0,0
0,0.776113214085166,1,1
0,0.5212429719888412,1,1
0,0.8489583899679621,1,1
1,0.6488238771722997,1,1
0,0.44058983632468357,0,0
1,0.798772208934721,1,1
1,0.7465129983247126,1,1
1,0.43346331893203394,0,0
0,0.2577491747118964,0,0
1,0.8605758733058128,1,1
0,0.41037991879320274,0,0
1,0.8559354025417042,1,1
1,0.7189127234876863,1,1
0,0.7176931015579855,1,1
1,0.4454607470205077,0,0
0,0.5339770874561696,1,1
1,0.8487720068851491,1,1
1,0.5216039672815757,1,1
1,0.3715811744882422,0,0
0,0.827710700147329,1,1
0,0.5535525940561693,1,1
0,0.24160399627413823,0,0
0,0.8083903164509568,1,1
1,0.863339423619927,1,1
0,0.5709407228545881,1,1
0,0.47140011600950904,0,0
0,0.5376562786117447,1,1
0,0.339593923334273,0,0
0,0.732515896318694,1,1
1,0.7471234282332018,1,1
1,0.42559849965556706,0,0
1,0.5792645070567605,1,1
0,0.8593417176212815,1,1
0,0.2319759600159048,0,0
1,0.4974331286362524,0,0
0,0.27231389952151336,0,0
0,0.6190295521331709,1,1
1,0.8595978914527526,1,1
0,0.6541694556137218,1,1
1,0.38062534914565627,0,0
1,0.530147004806358,1,1
0,0.4698427735902485,0,0
0,0.5970980940415972,1,1
0,0.538384838077635,1,1
0,0.30211703926346345,0,0
0,0.32425676666008757,0,0
0,0.5046672200067832,1,1
0,0.21261224049761204,0,0
1,0.26304946567072285,0,0
0,0.8113686726218818,1,1
1,0.7117464533741861,1,1
0,0.22999936194257664,0,0
0,0.6803795350664361,1,1
1,0.21098177580507962,0,0
0,0.7956863468086901,1,1
0,0.46336184914341705,0,0
1,0.6717996392457606,1,1
1,0.8280792738944273,1,1
1,0.7696545564598523,1,1
0,0.7856474937643213,1,1
0,0.43589757713904365,0,0
0,0.7657191547867762,1,1
1,0.8935957308536048,1,1
0,0.31054403583380824,0,0
1,0.8459319315881123,1,1
1,0.7208202684892471,1,1
1,0.23373013235178636,0,0
1,0.3924867655921535,0,0
1,0.761813250155795,1,1
0,0.33857164341953006,0,0
0,0.22961389201161042,0,0
1,0.7398496309783489,1,1
0,0.054140796553712026,0,0
0,0.3189760229688146,0,0
0,0.2703219304819739,0,0
0,0.842750493029701,1,1
0,0.9487746256335323,1,1
0,0.6633197516904127,1,1
0,0.7874530680750235,1,1
0,0.19534457638844677,0,0
0,0.07495615163450327,0,0
0,0.8474026060532458,1,1
0,0.2306318825815196,0,0
0,0.7393138757555051,1,1
1,0.9375042065918168,1,1
0,0.1635222699734316,0,0
0,0.8916147139974562,1,1
0,0.4175949082036025,0,0
0,0.531440790966751,1,1
0,0.5989768225464132,1,1
1,0.8424259759895019,1,1
0,0.16657276753708933,0,0
0,0.2836188908021844,0,0
0,0.30056203963523254,0,0
1,0.5486074204149742,1,1
0,0.28356919323300017,0,0
1,0.6594357195964875,1,1
0,0.5762571254651454,1,1
0,0.2446968798404074,0,0
0,0.46522442067231057,0,0
1,0.7756785092349024,1,1
1,0.4546208748584269,0,0
0,0.8799625563165919,1,1
0,0.6774454394072091,1,1
0,0.11085535343329102,0,0
0,0.24297063463875015,0,0
1,0.29301918133818033,0,0
0,0.1496307913068647,0,0
0,0.2671816771329312,0,0
0,0.32336818028639297,0,0
0,0.17249477931988696,0,0
1,0.7674259176125555,1,1
1,0.3091854380042228,0,0
0,0.13204235227975353,0,0
0,0.5394317126804293,1,1
1,0.3425685024563902,0,0
0,0.39747888715434726,0,0
1,0.3855603441551026,0,0
0,0.4845511114402449,0,0
0,0.4650275170141103,0,0
1,0.7269640881716097,1,1
0,0.7414021120334592,1,1
1,0.8475756695315835,1,1
0,0.08882717450850314,0,0
1,0.8742526056818604,1,1
0,0.561349792181964,1,1
1,0.6431329818480278,1,1
0,0.06572974056231935,0,0
0,0.5149914175701392,1,1
0,0.27040779435164297,0,0
1,0.7583474044969876,1,1
1,0.6751901121133238,1,1
0,0.0724362425958006,0,0
0,0.9078002776469603,1,1
0,0.4422610341842831,0,0
0,0.11058367817503072,0,0
0,0.11303997956206921,0,0
0,0.38951294032904116,0,0
1,0.35707762452505054,0,0
1,0.6093158650666097,1,1
0,0.22475756647410844,0,0
1,0.9023440687423594,1,1
1,0.7943947578035147,1,1
1,0.6622891591827688,1,1
1,0.9454345516586856,1,1
0,0.34779835893150035,0,0
0,0.08126176964778832,0,0
0,0.13914025044821426,0,0
0,0.4270695327255122,0,0
0,0.7255210330858576,1,1
0,0.3756974975655507,0,0
1,0.14885088388198822,0,0
0,0.05586358298486524,0,0
0,0.6368069549072953,1,1
1,0.8237386085929566,1,1
1,0.7832756794732211,1,1
0,0.26802324452085374,0,0
1,0.6697147015624184,1,1
0,0.15993336409380743,0,0
1,0.4125679742643983,0,0
1,0.7718031545990331,1,1
0,0.3682377466528389,0,0
0,0.197392183225464,0,0
1,0.37606079474142656,0,0
0,0.18386080146084244,0,0
0,0.0824547372918447,0,0
1,0.42477780540765536,0,0
0,0.4546369055868336,0,0
0,0.48786336290117693,0,0
1,0.8024435339397149,1,1
0,0.8576136192540644,1,1
0,0.23001341714637608,0,0
1,0.7692000388281999,1,1
0,0.2013664389176408,0,0
1,0.8698259262872113,1,1
0,0.10203279722509517,0,0
0,0.19015601843900065,0,0
0,0.14868160636465383,0,0
0,0.3169614119924497,0,0
0,0.1479010546819501,0,0
1,0.9318890971350173,1,1
0,0.25046039276014764,0,0
1,0.8449826811103581,1,1
0,0.21436136573860057,0,0
0,0.5255829540460396,1,1
0,0.1480324456965902,0,0
1,0.47523271384997673,0,0
0,0.5263242693763109,1,1
0,0.5679956357516542,1,1
1,0.4359502297543217,0,0
0,0.7799623880348339,1,1
0,0.20570167768529576,0,0
0,0.664339749278477,1,1
0,0.5964353366968146,1,1
0,0.09122714428699605,0,0
0,0.08477543652876242,0,0
0,0.2814573546776277,0,0
1,0.8534763807582045,1,1
0,0.784258289992138,1,1
1,0.2511440887964389,0,0
0,0.46019431889552365,0,0
1,0.3193786347952098,0,0
0,0.2250278603257656,0,0
1,0.7887307491344856,1,1
1,0.8069585435888585,1,1
1,0.8431188376784061,1,1
0,0.0836701055713143,0,0
1,0.5552186648473563,1,1
0,0.2025062761320271,0,0
0,0.05332770361954383,0,0
1,0.8856388857765014,1,1
0,0.3878366707689296,0,0
1,0.098469313720107,0,0
1,0.39348751110884866,0,0
0,0.26129864898296906,0,0
1,0.8427524247929745,1,1
0,0.9133363362295487,1,1
1,0.8145125927222653,1,1
0,0.2194291365439597,0,0
0,0.1296516821798005,0,0
1,0.6736823432783849,1,1
1,0.12228547215601143,0,0
1,0.8140236905836339,1,1
1,0.9268940094114948,1,1
0,0.45414847282414395,0,0
1,0.5940244062420588,1,1
1,0.8177774063931714,1,1
0,0.4645684169970981,0,0
1,0.1048121397458409,0,0
1,0.731545395818444,1,1
1,0.5319732332271185,1,1
1,0.5650805237849996,1,1
1,0.9323804352669732,1,1
0,0.20636360531317913,0,0
1,0.852369921838518,1,1
0,0.7051486275277263,1,1
0,0.1325865111858502,0,0
0,0.13396853410501294,0,0
0,0.21585949480293606,0,0
0,0.6998760493666604,1,1
0,0.4068973555355996,0,0
0,0.5706727071629143,1,1
1,0.20990106178676188,0,0
0,0.5672404948396208,1,1
1,0.3289662772247445,0,0
0,0.2197347416889941,0,0
1,0.7016622780775215,1,1
1,0.7796582609297505,1,1
1,0.890320260747117,1,1
0,0.10761091536331008,0,0
0,0.3925701876412284,0,0
0,0.24893676671194898,0,0
0,0.10231249970983684,0,0
0,0.5420963784609453,1,1
1,0.6633763012940973,1,1
1,0.7850528936476976,1,1
0,0.24556671846295575,0,0
0,0.7605479284560397,1,1
0,0.22985425566594941,0,0
0,0.5172492913711931,1,1
0,0.5194964877976224,1,1
1,0.6919481297335385,1,1
0,0.5979515901501548,1,1
1,0.8605311098191983,1,1
0,0.7942759516331379,1,1
1,0.7292103265308297,1,1
1,0.9787769477611974,1,1
1,0.7900028610260932,1,1
1,0.6039683571169185,1,1
0,0.5798215191939963,1,1
0,0.25925192371477446,0,0
0,0.7873196601851337,1,1
0,0.4493652773663117,0,0
1,0.8474623328807422,1,1
0,0.8569529954734154,1,1
1,0.8322537139716101,1,1
1,0.8716610033061385,1,1
0,0.4675042878683116,0,0
1,0.5694819724508415,1,1
0,0.25133579479786095,0,0
0,0.2086613037192647,0,0
0,0.027807309397208716,0,0
0,0.3113084574010007,0,0
0,0.09676166551045665,0,0
1,0.9072483778967743,1,1
0,0.26405438697637174,0,0
0,0.21064591933360696,0,0
0,0.15283593828621406,0,0
0,0.5436847845612952,1,1
1,0.5107674659143154,1,1
1,0.6263509859655702,1,1
0,0.1877364243750089,0,0
1,0.8895487500760875,1,1
0,0.447159789416689,0,0
1,0.539127788494373,1,1
1,0.7472878511452327,1,1
0,0.8271732270252186,1,1
1,0.5265252336740412,1,1
0,0.34300282551693584,0,0
0,0.5435872506336803,1,1
0,0.46460888400467587,0,0
1,0.8123762254512623,1,1
1,0.7713145016256948,1,1
1,0.9196293895122448,1,1
1,0.8702693653177686,1,1
1,0.7537310927077471,1,1
0,0.2691478031758633,0,0
0,0.18291240786924493,0,0
1,0.6603694149415734,1,1
1,0.825562485515559,1,1
1,0.33090794675198837,0,0
0,0.47084642622121503,0,0
0,0.9210933780419044,1,1
1,0.3921993884186964,0,0
0,0.24640404934204538,0,0
1,0.6174298191489159,1,1
0,0.26978926847534784,0,0
0,0.19791164049256904,0,0
0,0.18956910429111673,0,0
0,0.7255695037502659,1,1
1,0.6372209888862544,1,1
0,0.1513754695395987,0,0
0,0.11591610207252905,0,0
0,0.16495154161362227,0,0
0,0.25670365864309685,0,0
0,0.12464328667882302,0,0
0,0.6290563184219143,1,1
0,0.3162643548375033,0,0
0,0.18553443547011633,0,0
1,0.8163694509831915,1,1
0,0.5164862405794505,1,1
0,0.4200512104307826,0,0
1,0.7078395201400406,1,1
0,0.34022637828621494,0,0
1,0.6059042176616352,1,1
0,0.05322772805687204,0,0
1,0.32409950714687924,0,0
0,0.2154204038598379,0,0
0,0.7527418442476351,1,1
0,0.34854611283603454,0,0
0,0.30621346234695646,0,0
0,0.5112571801445422,1,1
0,0.5708467652926364,1,1
1,0.5257462517087721,1,1
1,0.9316475830298203,1,1
0,0.15500157853452332,0,0
1,0.8060890542818508,1,1
0,0.09364910366207861,0,0
0,0.08684871514255521,0,0
1,0.8603357880403629,1,1
1,0.7131766908758252,1,1
1,0.2679732054157265,0,0
1,0.73609005623199,1,1
0,0.19004504102210829,0,0
0,0.2744522948291854,0,0
1,0.9018584611622736,1,1
0,0.31644657574916524,0,0
0,0.43633724323758444,0,0
1,0.8445741086704951,1,1
0,0.10173882314891652,0,0
0,0.14265510035229217,0,0
0,0.17130714556802346,0,0
0,0.3181279399790895,0,0
0,0.17556997218324016,0,0
1,0.6401741994317576,1,1
0,0.678576322149105,1,1
1,0.42820800779528984,0,0
0,0.8380244112056713,1,1
0,0.823832368749772,1,1
0,0.17240025070426773,0,0
0,0.4448509087079615,0,0
0,0.46677736213787463,0,0
0,0.19709726764180746,0,0
1,0.8427875131468122,1,1
0,0.6138573737824633,1,1
1,0.7842925870967234,1,1
1,0.7831030636853517,1,1
1,0.6248443416041894,1,1
0,0.7480816672148044,1,1
0,0.3101305500556102,0,0
1,0.8935961520571262,1,1
1,0.5621314510809198,1,1
1,0.5225021793999797,1,1
0,0.5411017187333275,1,1
0,0.22838393924349873,0,0
0,0.26351092219011796,0,0
1,0.7558772794887155,1,1
0,0.3191781423035115,0,0
1,0.4673594337861154,0,0
1,0.1257617008920677,0,0
0,0.5021495066321201,1,1
1,0.7460745518142882,1,1
0,0.0876542511284385,0,0
1,0.560580470109891,1,1
0,0.3801806668732607,0,0
0,0.4331072490184258,0,0
0,0.31961028264750246,0,0
1,0.9603638923401817,1,1
0,0.11783194382543923,0,0
0,0.2194098911635843,0,0
1,0.47270271463384694,0,0
0,0.8179649901772164,1,1
1,0.7009157538229039,1,1
0,0.18775786986367782,0,0
0,0.18900817148815535,0,0
0,0.5721017234635671,1,1
1,0.742550352995293,1,1
1,0.3587407742487858,0,0
0,0.2285684140539593,0,0
0,0.12804832587843498,0,0
1,0.4501853894783108,0,0
0,0.4765714007028094,0,0
1,0.8339405423816578,1,1
0,0.8731347611033778,1,1
0,0.10060076088894025,0,0
0,0.5584404910592784,1,1
0,0.20319693630611713,0,0
0,0.17943272863970267,0,0
1,0.6300695942874553,1,1
0,0.4416599327924864,0,0
0,0.9019449120536511,1,1
0,0.4451855776900359,0,0
0,0.3082473978462754,0,0
1,0.7116769708056493,1,1
0,0.366277729968811,0,0
0,0.10735755999145373,0,0
0,0.2563016547193823,0,0
1,0.7289494574517094,1,1
0,0.6431282951633717,1,1
1,0.6089474539096769,1,1
0,0.46442416153874927,0,0
1,0.6912086150191448,1,1
0,0.08818382622771266,0,0
1,0.5958484989860495,1,1
0,0.5506044318427599,1,1
0,0.2715095846470269,0,0
0,0.3943330737731708,0,0
0,0.4132020482908446,0,0
0,0.2036200145168968,0,0
1,0.6200832898057309,1,1
0,0.3397834906537215,0,0
0,0.3612349417325273,0,0
0,0.2433213294615279,0,0
0,0.7236226452918122,1,1
0,0.12704517148907704,0,0
0,0.3786493643438887,0,0
0,0.8685102001196309,1,1
0,0.35188600617627175,0,0
0,0.9507241123826984,1,1
0,0.16893550099084143,0,0
0,0.5808811606481546,1,1
1,0.8440349286523287,1,1
0,0.32957167639557283,0,0
0,0.1841435381012072,0,0
1,0.8317965476673284,1,1
1,0.7048094428478423,1,1
1,0.6912996453113119,1,1
1,0.6144549057086316,1,1
0,0.029107638146055808,0,0
0,0.4038917664391787,0,0
1,0.37061576009976455,0,0
0,0.33431827075414944,0,0
1,0.6235238712732992,1,1
1,0.8116177587197022,1,1
0,0.16046023084784405,0,0
0,0.6636753686655824,1,1
0,0.08270067030853584,0,0
0,0.332278881966335,0,0
0,0.18410653095042123,0,0
0,0.1412312993518114,0,0
1,0.8521022635682697,1,1
1,0.7576474950960883,1,1
1,0.7385790061068436,1,1
1,0.8690416416323072,1,1
0,0.10543157993689718,0,0
0,0.2677373196505303,0,0
0,0.420354090960146,0,0
1,0.3109425137441015,0,0
1,0.7983145545412657,1,1
1,0.8212568949025995,1,1
0,0.14593119535125737,0,0
0,0.8994795132667881,1,1
0,0.7667326775704717,1,1
1,0.7865456364382455,1,1
1,0.4247505950213494,0,0
1,0.8360782414754769,1,1
0,0.4548413848421957,0,0
0,0.36006279381795836,0,0
1,0.39814890170450107,0,0
0,0.329064585414932,0,0
0,0.425380086791837,0,0
0,0.1270980519240082,0,0
1,0.8036725550081251,1,1
1,0.9589632853359035,1,1
0,0.6780264174339585,1,1
0,0.534778387250682,1,1
0,0.8771704066645413,1,1
0,0.29945363551907267,0,0
1,0.1347938468366357,0,0
0,0.3472571931875351,0,0
0,0.1459950756696888,0,0
0,0.1460058442982941,0,0
1,0.19477149053853432,0,0
0,0.40361617085451545,0,0
0,0.2228984415860564,0,0
1,0.42723141804562176,0,0
1,0.7001017139049908,1,1
0,0.24060691842892967,0,0
0,0.4784708616639905,0,0
0,0.6885251522339189,1,1
0,0.20680977113012944,0,0
0,0.08479870569221426,0,0
1,0.5596005614770512,1,1
0,0.6084815810365746,1,1
0,0.07523830114025258,0,0
1,0.31150363675097514,0,0
0,0.5772579632459255,1,1
1,0.804246341651504,1,1
0,0.8934651811057039,1,1
0,0.43975346450173486,0,0
1,0.7420826614350272,1,1
0,0.40816648956585033,0,0
1,0.6962669432442253,1,1
0,0.13969071264096636,0,0
0,0.0885649520246157,0,0
0,0.153727590082175,0,0
0,0.14795104120152047,0,0
1,0.47734565100466086,0,0
0,0.03628175130036584,0,0
1,0.821305122088919,1,1
1,0.5698345083867902,1,1
1,0.912150189104038,1,1
0,0.5043842554125864,1,1
1,0.8269162226513922,1,1
0,0.10244661930722872,0,0
0,0.6020187865521265,1,1
1,0.9348693639429893,1,1
0,0.7299733559908264,1,1
1,0.5292373105972689,1,1
0,0.45038253023718483,0,0
1,0.5688337732447482,1,1
1,0.6741055133411201,1,1
1,0.6807347768578106,1,1
0,0.4138841528912009,0,0
0,0.17292490878487932,0,0
0,0.665848150048548,1,1
0,0.11346159713232039,0,0
0,0.1018126482349103,0,0
1,0.877617379058039,1,1
0,0.356173323378871,0,0
1,0.3889560297607694,0,0
1,0.8990857154389232,1,1
0,0.22443243316681027,0,0
0,0.09753417523498227,0,0
1,0.5290412439928395,1,1
0,0.4145851278948761,0,0
1,0.8434573208112782,1,1
1,0.7236958311530385,1,1
1,0.3225161120510979,0,0
0,0.3347678524383857,0,0
0,0.21475372318114683,0,0
0,0.5394850083805641,1,1
1,0.5217182396655655,1,1
1,0.3829049001983411,0,0
0,0.32218454830411036,0,0
1,0.8948436297252758,1,1
0,0.27483060020744915,0,0
1,0.22998132186130077,0,0
0,0.5294659586111032,1,1
1,0.6503414345793627,1,1
0,0.6501733973752627,1,1
1,0.46018200518738217,0,0
0,0.2110560623738899,0,0
0,0.4418888607303758,0,0
0,0.44677890113573737,0,0
0,0.4806590783973673,0,0
0,0.039796007213371246,0,0
0,0.3898340394759211,0,0
1,0.6406181733582298,1,1
0,0.2745114619075307,0,0
0,0.6692545564264811,1,1
1,0.40075206100128313,0,0
1,0.8215087625845567,1,1
0,0.5443401684761208,1,1
1,0.923247351793887,1,1
1,0.74472104128938,1,1
0,0.4638239271288679,0,0
0,0.6701652805586018,1,1
1,0.744784492900788,1,1
0,0.18982244874152968,0,0
0,0.3759979462819164,0,0
1,0.7745456191477279,1,1
1,0.2992802221458314,0,0
1,0.5215761963427591,1,1
1,0.8948248478108648,1,1
0,0.3866332572713578,0,0
1,0.572020779565402,1,1
0,0.09888251384325739,0,0
1,0.6326474922055795,1,1
0,0.40307816107793376,0,0
0,0.12319087558223552,0,0
0,0.7027549063555664,1,1
0,0.712333414783094,1,1
0,0.36721866795895575,0,0
0,0.426932724526448,0,0
0,0.35504502752997186,0,0
0,0.19659861318346375,0,0
0,0.5085001842688965,1,1
1,0.8138729142283249,1,1
0,0.15884810498283838,0,0
0,0.3501803763757524,0,0
0,0.5685779421150193,1,1
1,0.6610288367703924,1,1
1,0.46601377329650984,0,0
0,0.5757907266294618,1,1
0,0.5093572682210818,1,1
1,0.7110774320425595,1,1
0,0.11782848170905916,0,0
0,0.6227373356106268,1,1
0,0.11907381195403093,0,0
0,0.02890303317223773,0,0
0,0.13562585601416327,0,0
1,0.7986777900132052,1,1
0,0.4743259029852806,0,0
1,0.7897687531841806,1,1
0,0.23419353067751458,0,0
0,0.5217588508649089,1,1
0,0.12096387981189229,0,0
0,0.2182127446556263,0,0
0,0.7050902776224944,1,1
0,0.09218402869621282,0,0
0,0.43178569676375,0,0
0,0.4864543299850049,0,0
0,0.21954315257072743,0,0
0,0.1956198805873066,0,0
0,0.26965039106325994,0,0
0,0.6798571557431345,1,1
0,0.11615946338534927,0,0
1,0.36264898848798194,0,0
1,0.8946926770536552,1,1
0,0.13404506784699496,0,0
1,0.6153116795079405,1,1
0,0.062328146924180164,0,0
1,0.9148156183202892,1,1
1,0.804149078279877,1,1
1,0.8838477460447467,1,1
1,0.8676218613059546,1,1
1,0.7638059644880201,1,1
0,0.2889515358993778,0,0
0,0.7755060666309612,1,1
0,0.06861168951114337,0,0
1,0.6199485221349152,1,1
0,0.19053760393920877,0,0
0,0.9054836887707863,1,1
0,0.07780834752397653,0,0
0,0.4448459689454133,0,0
0,0.26463525794342235,0,0
0,0.18234736409824737,0,0
0,0.16039000289099983,0,0
0,0.22618040180167123,0,0
0,0.812539057878238,1,1
1,0.8315806547680414,1,1
0,0.18777731846140505,0,0
0,0.2865371033648275,0,0
1,0.3910370929785825,0,0
0,0.30900988961422077,0,0
0,0.4365938139874219,0,0
1,0.7060460526087871,1,1
0,0.2870430369505936,0,0
0,0.10529588870820186,0,0
0,0.27492909486092953,0,0
0,0.15817826129965804,0,0
0,0.5820725203782868,1,1
0,0.2924540136431454,0,0
0,0.43971047914855577,0,0
0,0.41866288005135166,0,0
1,0.8616798050414375,1,1
0,0.08758063304451068,0,0
0,0.22108014305495496,0,0
1,0.13819494629718787,0,0
0,0.6447967591492926,1,1
1,0.9598266315635813,1,1
1,0.8608101919385209,1,1
0,0.15674041949165568,0,0
0,0.3980285299865578,0,0
1,0.8433101072842261,1,1
1,0.5518202061962341,1,1
0,0.07216316545923716,0,0
0,0.24873849503579099,0,0
0,0.3286016116294182,0,0
0,0.9035058763474733,1,1
0,0.1390795910614116,0,0
0,0.08501317372246169,0,0
0,0.16747329444554923,0,0
0,0.12213252911032742,0,0
0,0.47128961616814335,0,0
1,0.6522150639731399,1,1
1,0.2157892225233927,0,0
0,0.32554492692493064,0,0
0,0.504500347053307,1,1
0,0.1770725448724379,0,0
1,0.290509583463364,0,0
0,0.37938031015488766,0,0
0,0.8769999783001335,1,1
1,0.6462710616216334,1,1
0,0.24751033327258493,0,0
1,0.584948355759064,1,1
1,0.928287645697171,1,1
1,0.0701653697293283,0,0
0,0.4470629566691343,0,0
0,0.4732821951026839,0,0
1,0.7270244958007227,1,1
0,0.1649466208574205,0,0
0,0.3564316713150444,0,0
0,0.07242259984218789,0,0
0,0.8239795597744637,1,1
0,0.12861875424052843,0,0
1,0.6309807780812806,1,1
1,0.8981191442037096,1,1
0,0.26111416913932384,0,0
0,0.6400499672347622,1,1
0,0.3734409898199931,0,0
1,0.8092591572333016,1,1
0,0.39180400403127597,0,0
0,0.49574907732638046,0,0
1,0.07392022406085477,0,0
0,0.5944117619482784,1,1
0,0.8190113890869634,1,1
0,0.6239214088161507,1,1
1,0.69959692589485,1,1
0,0.2724549712413977,0,0
1,0.6423951542699597,1,1
0,0.6121743473933601,1,1
1,0.6832189868227735,1,1
1,0.6988886582380509,1,1
0,0.6419757631669727,1,1
0,0.283549362606104,0,0
0,0.6192153318406228,1,1
0,0.19026032563348777,0,0
0,0.5888684408728404,1,1
0,0.79338492516753,1,1
0,0.4393730661091838,0,0
0,0.6578959321370711,1,1
1,0.13814005102823282,0,0
1,0.5423147554480349,1,1
1,0.5515096986679952,1,1
1,0.6875747863863914,1,1
0,0.5510149631170286,1,1
0,0.11692559263852041,0,0
1,0.5137835785929312,1,1
0,0.8344222767594407,1,1
0,0.22117812855475816,0,0
0,0.07204899106356553,0,0
1,0.44742011623248085,0,0
0,0.15603069901932876,0,0
0,0.6863190664929106,1,1
0,0.4820345082083647,0,0
1,0.567866263098941,1,1
0,0.3468341096366922,0,0
0,0.30186359661531215,0,0
0,0.05448740518295665,0,0
0,0.17959713499109817,0,0
1,0.8155464207522318,1,1
0,0.7816309644684233,1,1
0,0.30743096194213293,0,0
0,0.18514534390704526,0,0
0,0.17875835385746733,0,0
0,0.04368880072183028,0,0
1,0.6265572032997978,1,1
0,0.08169684954635509,0,0
1,0.4378473293751376,0,0
1,0.6823961920821939,1,1
0,0.5548807864419071,1,1
0,0.1971700806716794,0,0
1,0.5161540499884109,1,1
0,0.2820318083772524,0,0
0,0.23324444521971638,0,0
1,0.3973163274577663,0,0
0,0.5014945399622882,1,1
1,0.7959927310115003,1,1
1,0.19216901100406802,0,0
0,0.12880106981010958,0,0
0,0.47498260844522244,0,0
0,0.8983340782523833,1,1
1,0.4664110136823781,0,0
1,0.5789415492409008,1,1
0,0.13725093150306308,0,0
1,0.5985283036899192,1,1
1,0.6437534703132293,1,1
0,0.23852115232358156,0,0
0,0.1684859375874416,0,0
0,0.12653641282613762,0,0
1,0.8624855954290901,1,1
1,0.9111924827497767,1,1
0,0.6720128130347,1,1
0,0.8970005786932348,1,1
0,0.17854358492139594,0,0
1,0.5294385290696394,1,1
0,0.2975326839966774,0,0
0,0.16584539546633106,0,0
1,0.8529027306455815,1,1
1,0.5208678340393459,1,1
1,0.3243981090836451,0,0
1,0.5231818352102793,1,1
0,0.5308043821123337,1,1
1,0.7270547094390356,1,1
0,0.09233353171377069,0,0
0,0.14884240206105076,0,0
0,0.7317833139482749,1,1
0,0.1566197849212592,0,0
1,0.9293269224980516,1,1
1,0.4311605484602595,0,0
0,0.3655079414000713,0,0
1,0.2512714995588106,0,0
0,0.14507352213529406,0,0
1,0.44257597758202966,0,0
1,0.2601430993713586,0,0
0,0.2254807493410733,0,0
1,0.18567920481615727,0,0
1,0.906195281770204,1,1
0,0.23778248485650694,0,0
0,0.5268731286461851,1,1
0,0.34579659151317055,0,0
0,0.1729366014388591,0,0
0,0.1447924518852333,0,0
1,0.6787453806876004,1,1
0,0.3067618792306195,0,0
0,0.1419634590292232,0,0
1,0.4292493550906314,0,0
1,0.9129088906693441,1,1
1,0.8596200912059665,1,1
1,0.8350447739594348,1,1
1,0.8171044241937947,1,1
0,0.5178480544254968,1,1
1,0.8832858136007887,1,1
0,0.22100902951111906,0,0
1,0.7645944872737225,1,1
0,0.14256043111605318,0,0
0,0.17002585636230086,0,0
1,0.5303515673175895,1,1
0,0.25873808761573536,0,0
0,0.28969671831141264,0,0
0,0.13028618499463782,0,0
0,0.6006097642658105,1,1
0,0.28799712150373474,0,0
1,0.5712611818568372,1,1
0,0.545056554389109,1,1
0,0.23605093931150256,0,0
0,0.6134318143095768,1,1
0,0.24075203960249172,0,0
1,0.6126121947128089,1,1
1,0.765601407203378,1,1
1,0.7727461852463795,1,1
0,0.9014954364884376,1,1
0,0.3053885910158392,0,0
0,0.1526349421950782,0,0
0,0.3520969925969548,0,0
1,0.4179092224391247,0,0
0,0.17534491104447933,0,0
1,0.8495759980664344,1,1
0,0.7447893194725319,1,1
0,0.05834345770950923,0,0
0,0.44222930244760783,0,0
0,0.49423849549601206,0,0
0,0.23951611969147704,0,0
1,0.8722867849730765,1,1
0,0.6448636152835904,1,1
0,0.7442220026766206,1,1
0,0.6228459741851021,1,1
1,0.0705132047749775,0,0
0,0.5258438420902122,1,1
0,0.7640097634456057,1,1
0,0.7926339740900292,1,1
0,0.1038186315515494,0,0
1,0.9576514054534712,1,1
0,0.4384968407867203,0,0
1,0.7761363623893597,1,1
1,0.6443484068231621,1,1
0,0.8813071275242481,1,1
0,0.6810174833245624,1,1
0,0.18058136150480675,0,0
0,0.5372963448179613,1,1
0,0.6303995028985141,1,1
0,0.08312679967307937,0,0
0,0.08171288336753903,0,0
0,0.18500537930906577,0,0
0,0.1553341781965451,0,0
0,0.442563557876445,0,0
0,0.13135671941459812,0,0
1,0.7751548399019602,1,1
1,0.16082848056827465,0,0
1,0.3941568545160496,0,0
0,0.46160735799878994,0,0
1,0.3988390432747643,0,0
0,0.3909330368492891,0,0
1,0.37270509495581866,0,0
0,0.2134262884760549,0,0
0,0.3857161717571453,0,0
0,0.19941688077336772,0,0
0,0.5375872390814282,1,1
0,0.2658651032443036,0,0
1,0.16897975152137792,0,0
0,0.81716567766093,1,1
0,0.17353750989130576,0,0
0,0.6709406972423435,1,1
1,0.8659306973985134,1,1
1,0.25296175566208445,0,0
1,0.5385096656235068,1,1
0,0.13932369009666412,0,0
0,0.6696595034213346,1,1
0,0.317556318118302,0,0
1,0.8078946052028635,1,1
0,0.5551678464956904,1,1
0,0.3687020943349963,0,0
1,0.7409633729833909,1,1
0,0.8641613575829042,1,1
0,0.7438536991891365,1,1
0,0.16956910931950372,0,0
0,0.6699512285362402,1,1
1,0.601942619194932,1,1
1,0.6045186651223176,1,1
0,0.7351276762245104,1,1
1,0.7913157430835072,1,1
0,0.11951265464577292,0,0
0,0.40645429671676775,0,0
0,0.4999008564701229,0,0
0,0.08710711049563463,0,0
0,0.16217021642363724,0,0
0,0.3616686346486838,0,0
0,0.2621871285144338,0,0
1,0.9191701947540758,1,1
1,0.8933069231362674,1,1
0,0.3126064313496887,0,0
0,0.15924806293912677,0,0
1,0.2741223664905502,0,0
0,0.6502757033452886,1,1
0,0.26812364751659495,0,0
0,0.4555061650831238,0,0
0,0.23818423818718723,0,0
0,0.25664624918208073,0,0
0,0.07911446673858694,0,0
1,0.7225203923708027,1,1
0,0.3857858309837664,0,0
1,0.7582030959623286,1,1
1,0.9250198501652859,1,1
1,0.33622934280107525,0,0
0,0.34610658613675965,0,0
1,0.9341503235122653,1,1
0,0.7451948347827084,1,1
0,0.3719555170636129,0,0
0,0.3667983361375359,0,0
0,0.0755326461636688,0,0
1,0.7541739027226823,1,1
1,0.7067588659448836,1,1
0,0.32297113267428174,0,0
0,0.84352778308734,1,1
1,0.7508308290778517,1,1
0,0.15848100626915448,0,0
1,0.49330448249263087,0,0
1,0.36177178428147777,0,0
0,0.6880592046906412,1,1
0,0.3563166989396149,0,0
1,0.2242721345222913,0,0
0,0.4087056963404778,0,0
0,0.18088917183424313,0,0
0,0.14064496016181874,0,0
0,0.9169464943978638,1,1
0,0.2879265647344734,0,0
0,0.6365610475324618,1,1
0,0.6569836445489061,1,1
1,0.5191047368754153,1,1
0,0.42601850526461515,0,0
1,0.906923200296232,1,1
1,0.9178738080635104,1,1
0,0.07125128766026384,0,0
1,0.7242007819343357,1,1
0,0.3725719559533315,0,0
1,0.9043343471010209,1,1
0,0.2243640030566486,0,0
0,0.10743076676469955,0,0
0,0.7908181592939755,1,1
1,0.5815150133778261,1,1
1,0.8123099216269503,1,1
0,0.3220301744817062,0,0
1,0.880117671141748,1,1
0,0.2179957293529841,0,0
0,0.2230691683541446,0,0
1,0.8782901699559997,1,1
0,0.12400333256405702,0,0
1,0.7356939676861572,1,1
0,0.23816257449096664,0,0
0,0.22839656338202646,0,0
0,0.5736257227655793,1,1
0,0.4761552913618643,0,0
0,0.3519187675503686,0,0
1,0.4695433429194361,0,0
0,0.39576062510878157,0,0
0,0.06717350948391836,0,0
0,0.20864535841759727,0,0
1,0.3596277942566829,0,0
0,0.7034303786938261,1,1
0,0.6575702739114139,1,1
1,0.4194510505016779,0,0
0,0.3486342002434473,0,0
0,0.16279830981649496,0,0
0,0.12413497936146674,0,0
0,0.12331986874005933,0,0
0,0.2193765344885334,0,0
1,0.334983165780518,0,0
0,0.17858982183188918,0,0
0,0.11265819631581503,0,0
1,0.7501515760556106,1,1
1,0.8823340441185878,1,1
1,0.8785523537440344,1,1
1,0.1438089406134546,0,0
0,0.31087113172649483,0,0
1,0.7637666999290355,1,1
0,0.11375678326283191,0,0
1,0.7502679133849378,1,1
0,0.4097167573575814,0,0
0,0.5010981820705719,1,1
0,0.8129589351978612,1,1
0,0.666955569192809,1,1
0,0.7274727692915433,1,1
0,0.3183672243112235,0,0
0,0.15300671062651597,0,0
1,0.8251159639997613,1,1
0,0.33190193895669096,0,0
1,0.7874392423733378,1,1
0,0.3164796409636864,0,0
0,0.3835850102680645,0,0
1,0.5306255789389771,1,1
1,0.4569201669039113,0,0
0,0.7367152239092506,1,1
1,0.9024015640085712,1,1
0,0.09477862603869747,0,0
0,0.5769328171892256,1,1
0,0.34259734569162836,0,0
1,0.5594430551285756,1,1
0,0.8239148233502348,1,1
1,0.275048017418907,0,0
0,0.5521445621538853,1,1
0,0.6483860695272942,1,1
0,0.11486993642404308,0,0
0,0.673164704108472,1,1
1,0.7692781731032254,1,1
0,0.8238758048307689,1,1
0,0.22710560114974862,0,0
0,0.6426496652708255,1,1
1,0.6716366049975753,1,1
0,0.8926434354677034,1,1
1,0.8772778776118865,1,1
1,0.6423739916556829,1,1
1,0.7406122466450974,1,1
1,0.670708152559379,1,1
0,0.7188250637382093,1,1
0,0.38107607500880897,0,0
0,0.08273982743132355,0,0
0,0.5534157203628963,1,1
0,0.391462677951541,0,0
0,0.08565480039660957,0,0
0,0.4601180215378568,0,0
1,0.5767167461608809,1,1
0,0.21118791737519835,0,0
0,0.44495461052513186,0,0
0,0.6175262454131903,1,1
0,0.1666983550942945,0,0
0,0.29062260911019683,0,0
1,0.7257515715523591,1,1
0,0.4747103246174496,0,0
0,0.7503394367845235,1,1
0,0.2080534595007555,0,0
0,0.5264021606169345,1,1
0,0.18253411983391016,0,0
1,0.2534972463651696,0,0
1,0.7143378690614329,1,1
0,0.24104360647583883,0,0
0,0.10197834444330581,0,0
0,0.17458000945815627,0,0
0,0.4504179114790125,0,0
1,0.8015240013390947,1,1
0,0.19958928431659864,0,0
1,0.7839442512003894,1,1
0,0.22433738466161707,0,0
0,0.14969803569674248,0,0
0,0.5630764962963083,1,1
1,0.3109609274835712,0,0
1,0.9001075299021446,1,1
1,0.7583700139061685,1,1
0,0.45127770584745364,0,0
0,0.5229055348316012,1,1
0,0.34809546875595576,0,0
1,0.7912496625361525,1,1
1,0.6899312585795488,1,1
0,0.8511190195990888,1,1
0,0.18816376733505624,0,0
1,0.8193091690987577,1,1
1,0.5033884648475614,1,1
0,0.8664667987942845,1,1
1,0.7102808693917307,1,1
0,0.11852289277896144,0,0
0,0.39626217531193453,0,0
0,0.103811983515114,0,0
0,0.11707618878083395,0,0
1,0.7104316574827959,1,1
1,0.25224756323746533,0,0
1,0.8322360184930676,1,1
0,0.1357429715000928,0,0
1,0.38842187293760877,0,0
0,0.13253348885698,0,0
0,0.10612824704356678,0,0
0,0.24490602789712324,0,0
0,0.36757262817718533,0,0
1,0.5745929705295455,1,1
1,0.4042588823256904,0,0
1,0.6115265303891142,1,1
1,0.5685062806155105,1,1
1,0.8122803512361836,1,1
0,0.26787997838819444,0,0
0,0.8187781899349761,1,1
0,0.17975272575165044,0,0
1,0.9025032125952831,1,1
0,0.06912657082695389,0,0
0,0.12224170735238353,0,0
0,0.4367546535453042,0,0
0,0.427085442779762,0,0
1,0.4071943950678776,0,0
0,0.24271260777540235,0,0
1,0.5888341477370735,1,1
0,0.7975152198982063,1,1
0,0.33789099307842646,0,0
0,0.07993046809000975,0,0
0,0.228930035805603,0,0
1,0.6508800776308921,1,1
0,0.25403672641924097,0,0
1,0.9275483447830414,1,1
0,0.49036266542237616,0,0
0,0.7960125948333775,1,1
0,0.8119410515640221,1,1
0,0.28526876016831865,0,0
0,0.09042482794784798,0,0
0,0.8904118673607839,1,1
1,0.7596998939096535,1,1
0,0.07552983864300349,0,0
1,0.9140354922273524,1,1
0,0.32440932696930747,0,0
0,0.3350841923798051,0,0
0,0.3909477404010234,0,0
0,0.5354731491882935,1,1
0,0.7496934239302744,1,1
1,0.8632840896627169,1,1
0,0.19692952578897133,0,0
1,0.33283421908279553,0,0
0,0.09735197602809562,0,0
1,0.6118981711011151,1,1
1,0.7557202578448834,1,1
1,0.35458444086327123,0,0
1,0.6482135277907288,1,1
0,0.18168103352091283,0,0
0,0.6172101536323193,1,1
0,0.1938749708997056,0,0
0,0.3171681400730718,0,0
1,0.862212800404575,1,1
0,0.37159947543365923,0,0
0,0.1596222379678465,0,0
1,0.5904974060585806,1,1
0,0.45610297646811104,0,0
0,0.7203963213686211,1,1
0,0.23113041154674394,0,0
1,0.3181898692150574,0,0
1,0.1709271624055385,0,0
0,0.2221465648013477,0,0
0,0.6596845102386875,1,1
0,0.4539820885302788,0,0
1,0.7752538979486381,1,1
0,0.16779920871976015,0,0
1,0.8748618802915137,1,1
0,0.11314565475493306,0,0
1,0.8952693188142303,1,1
1,0.7028675650877593,1,1
0,0.09203272900049292,0,0
1,0.7944361385452529,1,1
0,0.6482101612002545,1,1
0,0.4982937677600648,0,0
0,0.21805199811717946,0,0
0,0.19470068756145611,0,0
0,0.6945554398807298,1,1
1,0.9031102344673784,1,1
0,0.30258502511951724,0,0
0,0.12380380964043636,0,0
1,0.22737984483355364,0,0
0,0.20521652801883336,0,0
0,0.30581363826821023,0,0
0,0.40617171479593744,0,0
0,0.3770234256991428,0,0
0,0.23167353612119856,0,0
0,0.7124853016825262,1,1
0,0.33513053368909074,0,0
0,0.8698908468683736,1,1
1,0.8551402621709767,1,1
0,0.06131211184246321,0,0
0,0.40883594151626396,0,0
0,0.18466210243737474,0,0
0,0.35680624315877923,0,0
1,0.7494247118535877,1,1
0,0.6322655026876588,1,1
1,0.7642419809059311,1,1
1,0.348751334703899,0,0
0,0.13138080276490896,0,0
0,0.07149036669690005,0,0
0,0.1599230108580689,0,0
0,0.11518044097427989,0,0
0,0.7251480453556318,1,1
1,0.4172154881452541,0,0
0,0.1915983274710148,0,0
1,0.7015458506645544,1,1
0,0.13920459935696847,0,0
0,0.16525524126312077,0,0
1,0.9143404368625621,1,1
0,0.7962790003701369,1,1
0,0.4641183966008545,0,0
1,0.4925944133843223,0,0
1,0.5715549195329473,1,1
0,0.1477935842975962,0,0
0,0.6503561080703669,1,1
1,0.7459515269017416,1,1
1,0.4623671063974298,0,0
0,0.10521482110885617,0,0
0,0.7870861924822811,1,1
0,0.18701534065924327,0,0
0,0.4890678003708096,0,0
0,0.6906294794208997,1,1
0,0.09141309222200175,0,0
1,0.756329332787806,1,1
0,0.5959426544428679,1,1
0,0.11954045739197147,0,0
1,0.777418038797456,1,1
0,0.158859913464098,0,0
1,0.5622370131116525,1,1
0,0.388271961957407,0,0
0,0.6309627988025828,1,1
0,0.3341512485158082,0,0
0,0.3288744327123685,0,0
0,0.7823505980423933,1,1
0,0.33182891347870075,0,0
0,0.3218170608197924,0,0
0,0.4567890947435935,0,0
0,0.126812246144769,0,0
0,0.17407644338380912,0,0
0,0.061959571800449156,0,0
0,0.1618082319177192,0,0
1,0.7523802040325427,1,1
0,0.5504891530505065,1,1
1,0.9098817353765551,1,1
0,0.6656960245529111,1,1
1,0.8404150928640105,1,1
1,0.7454513403296189,1,1
1,0.9458777639570225,1,1
0,0.3647198604776145,0,0
1,0.7672290456289007,1,1
0,0.3834565951927757,0,0
1,0.6329443635632355,1,1
0,0.1970777570833838,0,0
0,0.5978292632003799,1,1
0,0.1548293854265476,0,0
1,0.33591946730299377,0,0
1,0.7289478442005605,1,1
0,0.39631350552710704,0,0
0,0.06986986591491512,0,0
1,0.8072037321232337,1,1
0,0.845152248508159,1,1
1,0.8706997415357196,1,1
0,0.6384765547024677,1,1
0,0.4971736011535504,0,0
0,0.10412114567447962,0,0
0,0.5590599794818983,1,1
0,0.6353672539877949,1,1
1,0.5377528049071439,1,1
1,0.5819442335947584,1,1
0,0.2247641113700763,0,0
0,0.41634363075543246,0,0
0,0.11941505832355419,0,0
0,0.5401287608588533,1,1
1,0.7764701714844887,1,1
1,0.7426223436269223,1,1
0,0.4346269584217575,0,0
1,0.9090306617060654,1,1
1,0.45612595216715834,0,0
0,0.7491879589143724,1,1
0,0.8620881519823139,1,1
1,0.898345602617507,1,1
0,0.7288785200846991,1,1
0,0.10046606100448262,0,0
1,0.8443448327247449,1,1
0,0.3337246668383854,0,0
0,0.28476388529783225,0,0
1,0.7266193719516041,1,1
0,0.1538083530529695,0,0
1,0.7302846155566523,1,1
1,0.6334303209237535,1,1
0,0.8129696715928684,1,1
1,0.7817580399465938,1,1
0,0.5814308588655602,1,1
0,0.23291424910163683,0,0
0,0.08494703277215526,0,0
1,0.7260912358304514,1,1
0,0.3140958167833693,0,0
0,0.42528298226071515,0,0
1,0.7388310993992104,1,1
1,0.16958687827015861,0,0
0,0.13180449728510996,0,0
0,0.15665459494788758,0,0
1,0.6649156107693536,1,1
0,0.6546971872655792,1,1
0,0.8610390691593391,1,1
0,0.09225403920276132,0,0
0,0.38721987856597945,0,0
0,0.4794213936242191,0,0
0,0.30281240798771086,0,0
1,0.6651804019293472,1,1
0,0.4877566240324937,0,0
0,0.14662481669326097,0,0
0,0.38469064110050494,0,0
0,0.7028708274551213,1,1
0,0.15667073522215122,0,0
0,0.5292063793951661,1,1
0,0.4786445484147452,0,0
0,0.1355906005518114,0,0
1,0.6487533357012961,1,1
1,0.569095659230766,1,1
1,0.47775167997552925,0,0
1,0.6259893090242251,1,1
0,0.297937433496774,0,0
0,0.1121168129164729,0,0
1,0.7428898560600015,1,1
0,0.8088038052032314,1,1
0,0.2473641617656019,0,0
0,0.6142812899575865,1,1
0,0.24055763335366356,0,0
0,0.37220388464813775,0,0
0,0.7104082271523066,1,1
0,0.2916506544764908,0,0
0,0.8109728277070265,1,1
0,0.7040003552607358,1,1
1,0.8420266349978479,1,1
0,0.4263336387505142,0,0
1,0.17828506533698932,0,0
0,0.8675870511102355,1,1
0,0.34622837883488966,0,0
0,0.46206236635062525,0,0
1,0.7808750410197599,1,1
0,0.11637892014035121,0,0
0,0.601328845235812,1,1
0,0.07801277433965265,0,0
1,0.4135579242978091,0,0
0,0.6487766639041669,1,1
1,0.7819197210313553,1,1
0,0.46572477751339675,0,0
0,0.11977326641976448,0,0
0,0.913818117072542,1,1
0,0.1838478815890888,0,0
0,0.5093523404959445,1,1
0,0.08874549617071711,0,0
1,0.6130291387000937,1,1
0,0.4191632853523452,0,0
1,0.18821356317652516,0,0
0,0.16416140247287672,0,0
0,0.33349326026831305,0,0
1,0.3575973031720044,0,0
0,0.08183830538511601,0,0
1,0.33391582366053274,0,0
0,0.2506542331011361,0,0
0,0.7851738285463518,1,1
0,0.836096761118308,1,1
0,0.15785314377005813,0,0
0,0.12045974317839676,0,0
0,0.39896362902119265,0,0
0,0.46900212606686964,0,0
0,0.659283029404154,1,1
1,0.6570880375436999,1,1
1,0.22421092420367575,0,0
1,0.8503012772857546,1,1
0,0.5592136479079981,1,1
0,0.6817256475290367,1,1
0,0.6220134825020367,1,1
1,0.9414601527198269,1,1
0,0.31583637779152024,0,0
1,0.6554518451739932,1,1
0,0.4162095589869906,0,0
0,0.26836689367322963,0,0
1,0.9659536014796039,1,1
0,0.33800548221532994,0,0
1,0.7619014830900227,1,1
1,0.8800118463254153,1,1
1,0.676735126106602,1,1
1,0.8854681255686747,1,1
0,0.28177786855677,0,0
0,0.18992224415394188,0,0
1,0.6113324574955356,1,1
0,0.5845810730453024,1,1
0,0.32755860112015783,0,0
0,0.11434694214611138,0,0
1,0.3816292407177935,0,0
0,0.17106379612142758,0,0
0,0.3023174814712125,0,0
0,0.2420156641112959,0,0
0,0.44338788272419666,0,0
1,0.5290248241550997,1,1
1,0.2195121533434569,0,0
1,0.6598688426915131,1,1
0,0.5965934052673374,1,1
1,0.5854236649123223,1,1
1,0.5489655397361501,1,1
0,0.16170691750503455,0,0
0,0.12232652003280693,0,0
0,0.34552941844325297,0,0
0,0.3258747456484561,0,0
0,0.47357011867137927,0,0
0,0.4996911005383666,0,0
0,0.9174463770109056,1,1
0,0.8655162680723283,1,1
0,0.38795911977565006,0,0
0,0.2417229384550868,0,0
0,0.7055861196944616,1,1
0,0.3489861470517476,0,0
0,0.37593648915194405,0,0
0,0.8359056263365464,1,1
0,0.45755072789133433,0,0
0,0.16714896059614565,0,0
0,0.8181528833025268,1,1
0,0.8096364400771484,1,1
0,0.2134198737535914,0,0
0,0.15287999288273255,0,0
0,0.6720620180219864,1,1
1,0.7620209636781423,1,1
1,0.8223579348938163,1,1
1,0.865298263555263,1,1
1,0.5119995077301017,1,1
0,0.6168654175504812,1,1
1,0.887942299294767,1,1
0,0.6840655072289947,1,1
0,0.08903147778955171,0,0
1,0.3334360782366436,0,0
0,0.2677588772747336,0,0
0,0.3122620376966349,0,0
0,0.23630106403566775,0,0
0,0.21177015061618917,0,0
0,0.08480244568716103,0,0
0,0.757628618823899,1,1
1,0.5277108856287452,1,1
0,0.0964304096129288,0,0
0,0.8804458633538016,1,1
1,0.45408211169272983,0,0
0,0.3478236709815776,0,0
0,0.3025002100319182,0,0
0,0.3954176276896866,0,0
0,0.27174795549018854,0,0
1,0.7815508313417735,1,1
1,0.9367461103806095,1,1
1,0.5805423718901929,1,1
0,0.5404750538953604,1,1
0,0.08923368956580155,0,0
1,0.37521980487948897,0,0
1,0.8649169238386304,1,1
0,0.47542515138339575,0,0
0,0.08128046345830649,0,0
1,0.39315575494520744,0,0
1,0.14371811816033986,0,0
0,0.16687741102061732,0,0
0,0.17329537883077345,0,0
1,0.3009083789919536,0,0
1,0.6038114683569383,1,1
0,0.23780042802821538,0,0
1,0.3298867539715158,0,0
0,0.16316689096300996,0,0
0,0.7082232390812764,1,1
0,0.22718146899852484,0,0
0,0.145406951299261,0,0
0,0.08607317486634981,0,0
1,0.6858341756606214,1,1
0,0.6027376606970094,1,1
0,0.42507063420854146,0,0
0,0.37507574338444105,0,0
0,0.5146700260713196,1,1
1,0.650759306405456,1,1
1,0.22103805497950685,0,0
1,0.7049439272961817,1,1
0,0.1729418379367593,0,0
0,0.37496872744259907,0,0
0,0.3199481085950842,0,0
0,0.15993525263038888,0,0
1,0.868999306512482,1,1
1,0.8716236194170194,1,1
1,0.17223853316579443,0,0
1,0.7199448881354671,1,1
0,0.5015848980763686,1,1
1,0.812012833904935,1,1
0,0.3420284149125143,0,0
1,0.447258728060541,0,0
0,0.3972923821069954,0,0
0,0.37214986883930073,0,0
0,0.7582762803726985,1,1
0,0.6745500939281078,1,1
1,0.7886734183532601,1,1
1,0.25356194301069,0,0
1,0.8959501173290324,1,1
1,0.875702510989925,1,1
1,0.4735341926800746,0,0
1,0.3811383898739578,0,0
0,0.05539168713506208,0,0
0,0.28575521414835653,0,0
0,0.5650322580557392,1,1
0,0.43381330086700487,0,0
0,0.5436843081993425,1,1
1,0.7680546762667039,1,1
1,0.4901880857927145,0,0
1,0.5588970116828982,1,1
0,0.13716893934209654,0,0
0,0.05989740084287779,0,0
0,0.2851098350728423,0,0
1,0.8211650852623864,1,1
1,0.8866212881009273,1,1
0,0.8174727053899121,1,1
0,0.6092824324010593,1,1
1,0.8677503652813251,1,1
0,0.25486389924897,0,0
1,0.857149835642857,1,1
1,0.792255097064415,1,1
0,0.19138948718536364,0,0
1,0.8649068249295533,1,1
0,0.24960727186558812,0,0
0,0.19742542527087886,0,0
0,0.5750171031868504,1,1
1,0.8236121742663824,1,1
1,0.7188862899335264,1,1
1,0.2645368435816804,0,0
1,0.8892417949665374,1,1
0,0.888407510796142,1,1
0,0.34663818712901595,0,0
0,0.12097646091561258,0,0
0,0.27191764496306114,0,0
0,0.2759073549711257,0,0
1,0.4547585449092672,0,0
1,0.7824209309995995,1,1
0,0.10583584546979372,0,0
0,0.28397459623277377,0,0
1,0.5790001697507924,1,1
0,0.6126173763839051,1,1
0,0.4584900498386929,0,0
1,0.7928224633376416,1,1
0,0.8268730227532168,1,1
1,0.8054865145287214,1,1
0,0.21796393416127963,0,0
1,0.936968231756069,1,1
1,0.8481610171402034,1,1
0,0.5520068567264421,1,1
0,0.583937127031747,1,1
1,0.08754628586590034,0,0
0,0.37215193667032676,0,0
0,0.7905936550757025,1,1
0,0.37260412811162213,0,0
0,0.9117696671836577,1,1
1,0.9021324468408379,1,1
0,0.5606268245812509,1,1
0,0.20118696967304844,0,0
1,0.9288360373217167,1,1
1,0.6422208235458322,1,1
1,0.8940286477387455,1,1
1,0.7778278819285872,1,1
0,0.06359505012284475,0,0
0,0.554543893581026,1,1
0,0.7721498656290446,1,1
0,0.20508155345294035,0,0
0,0.1734388470239677,0,0
0,0.11745462901033767,0,0
0,0.07490448677953651,0,0
0,0.7323334832677588,1,1
1,0.8822654448113566,1,1
1,0.2491618865846019,0,0
1,0.8984665400022392,1,1
0,0.33928435978330923,0,0
1,0.8460171778316282,1,1
1,0.8132486838860706,1,1
0,0.12495053014007272,0,0
0,0.17689675678540315,0,0
1,0.43221408443826337,0,0
0,0.6018901626169598,1,1
0,0.19013283571647904,0,0
0,0.1656145126905914,0,0
1,0.5667348806924972,1,1
1,0.5955663446638896,1,1
1,0.19861459883050842,0,0
0,0.28957875266207667,0,0
0,0.40098043236926834,0,0
0,0.17341878967339644,0,0
1,0.4723427127469248,0,0
1,0.8967809033905163,1,1
1,0.8823802026358452,1,1
1,0.4810670827077908,0,0
0,0.2132269503314643,0,0
1,0.43312951082196516,0,0
1,0.6133680456896803,1,1
0,0.1828234828202182,0,0
0,0.33685768702687247,0,0
0,0.5774227016882005,1,1
0,0.20232319928692546,0,0
0,0.09180930194912758,0,0
1,0.9351712928356852,1,1
0,0.2852143431038025,0,0
0,0.2182455186707831,0,0
0,0.261515877446535,0,0
1,0.5551771286185929,1,1
1,0.7710461876296809,1,1
0,0.5426535652591495,1,1
0,0.7680273114657065,1,1
0,0.8002329014948759,1,1
0,0.4152575868440233,0,0
0,0.07003841367022438,0,0
0,0.5105826656044645,1,1
1,0.5761895162173251,1,1
0,0.6899808278426589,1,1
1,0.9066203682894965,1,1
1,0.9421581615355171,1,1
0,0.31538377369591025,0,0
0,0.38702803656373624,0,0
0,0.07481631768565061,0,0
0,0.8653146591586723,1,1
1,0.8071038149558823,1,1
0,0.4859345464976625,0,0
0,0.5197536509183223,1,1
1,0.9224985926919836,1,1
0,0.09174278321907688,0,0
1,0.7321738077022393,1,1
0,0.49279888225130025,0,0
1,0.36023108660836206,0,0
0,0.2535425903872947,0,0
0,0.31331310898152,0,0
0,0.3311628768076396,0,0
0,0.2234082631004394,0,0
0,0.7945198039612097,1,1
1,0.5189458064713054,1,1
1,0.6715992690145645,1,1
0,0.19166181384771955,0,0
1,0.7445973579312682,1,1
1,0.8074095023869833,1,1
0,0.08286805728187806,0,0
0,0.26684113534229303,0,0
1,0.5821827719364241,1,1
1,0.9329834721978998,1,1
1,0.5365242978224889,1,1
0,0.09753417523498227,0,0
0,0.04025360917231635,0,0
1,0.69653898993673,1,1
0,0.10447890008751787,0,0
1,0.7883345041537377,1,1
1,0.8472543772487982,1,1
0,0.4205596452821576,0,0
1,0.595486474661121,1,1
0,0.39814804267710013,0,0
0,0.1870974174453436,0,0
1,0.9634822443607182,1,1
0,0.12152339276376851,0,0
1,0.5516367571323617,1,1
1,0.5976156584006264,1,1
0,0.1619857829120382,0,0
0,0.09125513555961541,0,0
0,0.2673235928907631,0,0
1,0.30432203190292983,0,0
1,0.22175876298605562,0,0
0,0.07269912821838932,0,0
0,0.23066432514556293,0,0
1,0.5637702317694311,1,1
0,0.20327550375864906,0,0
1,0.30388593148070364,0,0
0,0.12493078873350158,0,0
0,0.8222336024379352,1,1
0,0.10037484212555615,0,0
1,0.64591379258892,1,1
1,0.929268080099868,1,1
0,0.15270305485053268,0,0
0,0.15919071714550337,0,0
0,0.24906441972403695,0,0
1,0.5292918253614264,1,1
0,0.09025110593445959,0,0
0,0.18468235074180234,0,0
0,0.7691531512265963,1,1
1,0.8671299452340976,1,1
1,0.73498883385268,1,1
0,0.7594153313966319,1,1
0,0.44923948212197395,0,0
0,0.18731049702075264,0,0
1,0.6725791223828017,1,1
0,0.5631386208330277,1,1
0,0.1853413785735219,0,0
0,0.06913649001441718,0,0
0,0.2635257956586694,0,0
1,0.7778143473937462,1,1
1,0.7408909983708629,1,1
0,0.5635987338316573,1,1
0,0.153510718960112,0,0
0,0.7020274977909226,1,1
0,0.2666370642883948,0,0
0,0.19793498905405926,0,0
0,0.5361316938006792,1,1
0,0.11555207603478555,0,0
0,0.12191091604236912,0,0
0,0.09465115011966609,0,0
1,0.7054012976853308,1,1
1,0.8737438193791387,1,1
0,0.3458594903522064,0,0
0,0.17463450881744827,0,0
0,0.608429890505427,1,1
0,0.3872828573664627,0,0
0,0.8481301672330079,1,1
0,0.12367635009578425,0,0
0,0.30318432782258076,0,0
0,0.21660882013425767,0,0
0,0.47284355495385605,0,0
0,0.11561485312389544,0,0
1,0.21397392200831192,0,0
0,0.308983284979203,0,0
1,0.6633331851959164,1,1
1,0.14335447879372737,0,0
1,0.872981856836024,1,1
0,0.5831789441279884,1,1
1,0.734499677279406,1,1
0,0.7203198614316545,1,1
1,0.1325620139076592,0,0
0,0.01995940030768708,0,0
0,0.864243381280897,1,1
0,0.4371294831818935,0,0
0,0.3839090018919717,0,0
0,0.5263869523652669,1,1
0,0.08824688483708196,0,0
1,0.7749559976761,1,1
0,0.45335606856260174,0,0
1,0.8644354551336129,1,1
0,0.14377844239729826,0,0
0,0.41231738868354895,0,0
0,0.7127646082662652,1,1
1,0.5469425250289033,1,1
0,0.28107144895386854,0,0
1,0.18154822268333967,0,0
0,0.14529898315589154,0,0
0,0.3130357715769816,0,0
0,0.330085988269896,0,0
1,0.7879456702392219,1,1
1,0.6041240444004259,1,1
1,0.9541676381537408,1,1
0,0.6669087526704903,1,1
0,0.798828459596671,1,1
0,0.09684688066376443,0,0
1,0.8134673927474222,1,1
0,0.7456531918477527,1,1
0,0.1507447733867846,0,0
1,0.7100114402589124,1,1
0,0.3857467359941123,0,0
0,0.2593774299747319,0,0
1,0.04645617007173742,0,0
0,0.09960373099621216,0,0
0,0.6814426638609726,1,1
0,0.12215466011224681,0,0
0,0.021571847843639358,0,0
1,0.8479414238989976,1,1
1,0.8148181694793352,1,1
0,0.3317173750267096,0,0
0,0.606253769865025,1,1
1,0.922154374983833,1,1
0,0.32266408302944616,0,0
0,0.7445512098764285,1,1
0,0.2858784318702674,0,0
0,0.18846654995042147,0,0
0,0.09733156395527232,0,0
0,0.41612789874986406,0,0
0,0.3637832004218777,0,0
1,0.9066708646203483,1,1
0,0.2092281613104795,0,0
0,0.2884823406102586,0,0
0,0.7381553846007,1,1
0,0.26629240887681055,0,0
1,0.5578207823493258,1,1
0,0.5029500040707552,1,1
1,0.697514111206141,1,1
1,0.8937853709396332,1,1
0,0.5771695334967635,1,1
0,0.40402562819678506,0,0
0,0.642068960045522,1,1
1,0.43314047047147547,0,0
1,0.19951313617963823,0,0
0,0.6293465176653361,1,1
0,0.22694118747958517,0,0
0,0.29420530740975603,0,0
0,0.44632449529317414,0,0
0,0.41931991446460054,0,0
1,0.7555116449405553,1,1
1,0.2468936002103488,0,0
0,0.4279473908278609,0,0
1,0.6029987923569654,1,1
0,0.8672792252350616,1,1
1,0.08404862185909762,0,0
0,0.23259079295969937,0,0
0,0.47948381187815625,0,0
1,0.7873715426925384,1,1
1,0.6856912580735917,1,1
0,0.36584731799599535,0,0
0,0.18108209521192212,0,0
0,0.07165034060270899,0,0
0,0.13643228268103194,0,0
1,0.6216121277803767,1,1
1,0.9338603468604262,1,1
0,0.3728206577840833,0,0
0,0.688482523091961,1,1
0,0.5012606084907512,1,1
1,0.8914198611716576,1,1
0,0.5447992971489745,1,1
0,0.2783918197676587,0,0
0,0.1302004469277604,0,0
0,0.4960695780487295,0,0
0,0.34608560388957343,0,0
0,0.3888926288832926,0,0
0,0.14873534756832482,0,0
0,0.13414217332791412,0,0
0,0.1466527141040048,0,0
1,0.6277977691550464,1,1
0,0.8399345857403326,1,1
0,0.14775712151789913,0,0
0,0.17126589360867692,0,0
0,0.2584806926599838,0,0
0,0.5358605798444636,1,1
0,0.6325385354461134,1,1
0,0.15956694104077396,0,0
0,0.5697246892178252,1,1
0,0.30605108369599177,0,0
0,0.4653712645163731,0,0
0,0.45097753857279477,0,0
0,0.42701945844640327,0,0
0,0.7530649839440328,1,1
1,0.8262765584840132,1,1
0,0.27073328474791036,0,0
1,0.8708715073235991,1,1
1,0.7402331607120213,1,1
0,0.1387236954560524,0,0
0,0.12139943410766592,0,0
0,0.23941674365459273,0,0
1,0.7604328110100395,1,1
1,0.7517432048473155,1,1
1,0.2775645753630849,0,0
1,0.9006000176054622,1,1
1,0.2349989460910468,0,0
0,0.7959919248015851,1,1
1,0.6723687792244976,1,1
0,0.12002174133818148,0,0
1,0.8707736268694833,1,1
0,0.3931353119771497,0,0
1,0.11168230080509838,0,0
0,0.46966565870621585,0,0
0,0.13732029015132494,0,0
0,0.3372161701020111,0,0
0,0.25205325678557094,0,0
1,0.8617093015140485,1,1
0,0.16728578444426073,0,0
0,0.8464020103527815,1,1
0,0.4200890416282319,0,0
0,0.6021257997653712,1,1
0,0.8960757603290113,1,1
1,0.7885901935232024,1,1
1,0.5618505666226203,1,1
0,0.49156344205081803,0,0
0,0.24898154972053035,0,0
0,0.28519103265718254,0,0
0,0.5685682045803891,1,1
0,0.6557219811253608,1,1
0,0.8181134293407114,1,1
0,0.4966378253062073,0,0
0,0.7241012204799943,1,1
0,0.6378760661907634,1,1
0,0.10982201506484035,0,0
1,0.8297083607144924,1,1
1,0.1842675745913019,0,0
0,0.405544631126728,0,0
0,0.5165702536043092,1,1
1,0.7524155038403708,1,1
0,0.8512083797553336,1,1
1,0.879580718643866,1,1
0,0.24429216287286298,0,0
1,0.35805329325077173,0,0
0,0.2881187353194391,0,0
1,0.7636731864893679,1,1
0,0.7209307699911659,1,1
0,0.6711994760512228,1,1
1,0.8577718183838916,1,1
1,0.8458927544510445,1,1
0,0.7078506536590347,1,1
0,0.13230612739885017,0,0
0,0.1974140318170874,0,0
0,0.3521872963090903,0,0
1,0.8934708636300716,1,1
0,0.05025735899886149,0,0
0,0.7000279306900711,1,1
1,0.06692368215957953,0,0
1,0.9474803504814129,1,1
0,0.0855165760920029,0,0
0,0.4917808307514316,0,0
1,0.5865360946519481,1,1
0,0.6802002295637304,1,1
1,0.9569919414250613,1,1
0,0.36151759094112385,0,0
0,0.4051421283257981,0,0
1,0.7686164469007001,1,1
0,0.625977315608664,1,1
1,0.6457824094580574,1,1
0,0.2849815034841149,0,0
0,0.26083506151689423,0,0
0,0.041774976806298235,0,0
0,0.5733828815550044,1,1
1,0.8124457633155553,1,1
0,0.7677287536237956,1,1
0,0.12118926817437119,0,0
1,0.9134153644936304,1,1
0,0.6515821478843432,1,1
0,0.24033005855701897,0,0
0,0.18567963687996747,0,0
1,0.44923723159662765,0,0
0,0.7087681896380964,1,1
1,0.7895305119118975,1,1
1,0.6577348867302156,1,1
1,0.8558791213418628,1,1
0,0.45426710435859174,0,0
0,0.3172696552349338,0,0
1,0.5741929594200571,1,1
1,0.8619456345439865,1,1
0,0.4026769750626912,0,0
0,0.10362052464907025,0,0
1,0.9591660367783867,1,1
1,0.9125946819016973,1,1
0,0.1646019777505583,0,0
1,0.8902712507285078,1,1
0,0.08255643052746456,0,0
0,0.21092473946645404,0,0
1,0.5400655451380739,1,1
0,0.8399726602395959,1,1
1,0.19741829321542403,0,0
0,0.5701184498531863,1,1
0,0.3334595801566066,0,0
1,0.7760974425871371,1,1
0,0.21954547910992325,0,0
0,0.3021980164692759,0,0
1,0.8894906253420952,1,1
1,0.6104685239063158,1,1
1,0.44650179759973074,0,0
1,0.8933471573417278,1,1
0,0.18242614773220486,0,0
0,0.24097806366062183,0,0
1,0.6574792496884514,1,1
0,0.47014594052593006,0,0
0,0.7854476781658221,1,1
0,0.9065882860139579,1,1
1,0.5125453264119064,1,1
0,0.49500867150235073,0,0
0,0.8732840240312699,1,1
0,0.5099178194925477,1,1
0,0.9373276053068607,1,1
0,0.20847644866115708,0,0
0,0.19066056506077242,0,0
0,0.7481184958890383,1,1
1,0.49325500173177056,0,0
0,0.14132945568661073,0,0
1,0.8066755703927346,1,1
0,0.697575600980002,1,1
0,0.22046132936896481,0,0
1,0.7201053805612632,1,1
0,0.25680471593106496,0,0
0,0.1501624725961375,0,0
1,0.5393897791743145,1,1
0,0.7917135604446384,1,1
0,0.264260999796382,0,0
0,0.31370643971954487,0,0
1,0.8581895237597522,1,1
0,0.3340204995687493,0,0
1,0.5199567899952823,1,1
1,0.4112757606603504,0,0
1,0.8586400573373857,1,1
1,0.8155006102034972,1,1
0,0.59840340682724,1,1
1,0.8327148435382979,1,1
0,0.1715000787971844,0,0
1,0.2322217285582181,0,0
0,0.23677345951907314,0,0
0,0.644782210363713,1,1
0,0.11187585949622561,0,0
0,0.8826758174966325,1,1
0,0.5352390092923347,1,1
0,0.23941525703500355,0,0
0,0.14651624968569454,0,0
0,0.592468944595627,1,1
1,0.92121715949812,1,1
1,0.4571430229089208,0,0
0,0.07483501282421032,0,0
0,0.27555546221243443,0,0
1,0.2193084356319172,0,0
0,0.09215248190035377,0,0
1,0.8376793745211386,1,1
1,0.5832611758085823,1,1
1,0.9219846169030289,1,1
0,0.8362554975790808,1,1
1,0.7082877147294159,1,1
1,0.7339037439587625,1,1
0,0.31309064869786957,0,0
0,0.19281180271487364,0,0
0,0.20779892857451335,0,0
0,0.42237379338927966,0,0
0,0.20960390045148186,0,0
1,0.6907155752914563,1,1
0,0.3611257194557865,0,0
1,0.41098154730986697,0,0
0,0.2040471588530226,0,0
0,0.37553336815899296,0,0
0,0.29688657943747043,0,0
0,0.34281682940272684,0,0
0,0.388343792898103,0,0
0,0.4320816698608186,0,0
1,0.2420720852710939,0,0
0,0.835985957809347,1,1
1,0.5314948416487428,1,1
1,0.6257576910068307,1,1
1,0.8218885767273418,1,1
0,0.30981719735933544,0,0
1,0.33512696820439786,0,0
1,0.6149947920150182,1,1
1,0.8761042155074047,1,1
0,0.1515720260254668,0,0
0,0.1431615661537198,0,0
0,0.31786927973254475,0,0
1,0.7052868254183287,1,1
0,0.5236886564460023,1,1
0,0.13589345904839215,0,0
0,0.20929581946168618,0,0
0,0.11722241671112008,0,0
0,0.82059948140344,1,1
1,0.9275396406154662,1,1
0,0.26001476554340663,0,0
1,0.5234062805611268,1,1
1,0.7099997745591593,1,1
0,0.14620350119840003,0,0
0,0.11394822044842319,0,0
0,0.27281617695739974,0,0
0,0.41504538956962955,0,0
0,0.8232073179442695,1,1
1,0.84295014423786,1,1
1,0.874884511580398,1,1
1,0.5120795968395919,1,1
1,0.1991367630585647,0,0
0,0.25715589686099144,0,0
1,0.594626596057025,1,1
0,0.14252298312697803,0,0
1,0.9464187740666358,1,1
0,0.2532677995314265,0,0
0,0.8750440091495119,1,1
0,0.4441232013567093,0,0
0,0.16171235455273986,0,0
0,0.6168269499278365,1,1
0,0.27497706600971894,0,0
0,0.10852530074233767,0,0
0,0.35811354821348124,0,0
0,0.4947589878419178,0,0
1,0.630690911476518,1,1
0,0.1465244708762295,0,0
0,0.4538113951825544,0,0
0,0.2923441602511145,0,0
1,0.6846852018897194,1,1
0,0.2185385936252567,0,0
1,0.8541139628626206,1,1
1,0.5685994695695327,1,1
1,0.8435231087599668,1,1
0,0.5621134978405731,1,1
1,0.6693823146986717,1,1
0,0.6670592579716077,1,1
0,0.6799023488683538,1,1
1,0.6120489432313398,1,1
0,0.28351423447344704,0,0
1,0.5578703730508783,1,1
0,0.5766398190411813,1,1
1,0.7552584845501741,1,1
1,0.8614116339575113,1,1
0,0.5151980281364325,1,1
1,0.8244590473652863,1,1
1,0.2860417226277368,0,0
0,0.27776777373008676,0,0
1,0.3322677698331016,0,0
1,0.871549210593312,1,1
0,0.6045100938354002,1,1
0,0.6525075229236095,1,1
0,0.10257297005214411,0,0
0,0.5906632882897233,1,1
1,0.6430068427688285,1,1
0,0.11454850859460806,0,0
0,0.08222039939964584,0,0
0,0.1699025169969658,0,0
0,0.28805457907787924,0,0
1,0.40370589510480936,0,0
1,0.6647311429411025,1,1
0,0.17692100771855485,0,0
0,0.7186160502127569,1,1
0,0.14760067407485208,0,0
0,0.32145263633626575,0,0
1,0.8826122069644176,1,1
0,0.3266715451001555,0,0
1,0.5036319205629939,1,1
1,0.4928949925929492,0,0
0,0.25123761245372994,0,0
0,0.6832211307708989,1,1
0,0.3518142204027197,0,0
1,0.7411237157794873,1,1
0,0.12333409781149011,0,0
0,0.3567179330870064,0,0
1,0.5072159064859493,1,1
1,0.8418912327990975,1,1
0,0.7158633886398846,1,1
1,0.5598014294470395,1,1
0,0.2966169517093542,0,0
1,0.6301146288225363,1,1
0,0.27875917195528005,0,0
0,0.07681112388086078,0,0
0,0.29273441954040064,0,0
0,0.08346026180045191,0,0
0,0.10421367168960441,0,0
0,0.11882654538688757,0,0
1,0.7926020214518986,1,1
0,0.8949747908462116,1,1
1,0.4407540634916994,0,0
1,0.8570565145346478,1,1
0,0.2115333726444287,0,0
1,0.45529466658730267,0,0
0,0.26189240371536393,0,0
0,0.9175039260649989,1,1
0,0.44564942727581164,0,0
0,0.12770868901173188,0,0
1,0.5871881722354997,1,1
0,0.7940208235598637,1,1
0,0.5262030765995027,1,1
0,0.11386101412182958,0,0
0,0.4529220546194355,0,0
1,0.7312992111185843,1,1
0,0.2471928892897283,0,0
0,0.5921875863260777,1,1
0,0.08366427007510706,0,0
0,0.25544376647085504,0,0
0,0.694803284709301,1,1
0,0.45793945426848814,0,0
0,0.5837267305639843,1,1
0,0.10542581261354525,0,0
0,0.296302043784002,0,0
0,0.34806987376719783,0,0
0,0.2514126905957387,0,0
1,0.9124594080532181,1,1
0,0.5174812380721782,1,1
0,0.26210537981521154,0,0
1,0.7949301348261983,1,1
0,0.5480224804802285,1,1
0,0.3683037413041157,0,0
0,0.2955460398827135,0,0
0,0.7495141061168041,1,1
0,0.5544306821872909,1,1
0,0.16681065022482172,0,0
1,0.5363722002084977,1,1
1,0.45558411192281806,0,0
0,0.35496348164212016,0,0
0,0.7873054590400246,1,1
0,0.45832088407460514,0,0
1,0.4535416747239141,0,0
0,0.13146940936016974,0,0
0,0.05936971241315099,0,0
1,0.6053498503890262,1,1
1,0.9080305717376422,1,1
0,0.25241659298968094,0,0
0,0.6710648389922201,1,1
1,0.7465055709740797,1,1
0,0.3920176132396716,0,0
0,0.28681029341565123,0,0
0,0.6171047883219071,1,1
0,0.328161050391373,0,0
1,0.396479906733639,0,0
0,0.3588249270901859,0,0
0,0.35217222493501393,0,0
0,0.3094802993614943,0,0
1,0.9316568048667838,1,1
1,0.3925354906313213,0,0
0,0.3640490053147483,0,0
0,0.1004984336585183,0,0
0,0.3196779287829259,0,0
0,0.6892757507310356,1,1
0,0.39878770962833715,0,0
0,0.273474737946309,0,0
0,0.0975073398509697,0,0
0,0.05212943844744862,0,0
0,0.20056306557065712,0,0
0,0.6928346139508486,1,1
1,0.5870473778391173,1,1
0,0.3794216723225503,0,0
1,0.8391925866183012,1,1
1,0.8578887430085923,1,1
0,0.6766899842293399,1,1
0,0.18743423268278317,0,0
0,0.028551034874065132,0,0
1,0.7650736149217474,1,1
0,0.0826997751623731,0,0
0,0.6255449220925536,1,1
0,0.34913492266341845,0,0
0,0.8244894607359455,1,1
1,0.8788324600729848,1,1
1,0.9057930846426709,1,1
1,0.47390426610596664,0,0
1,0.695113827628373,1,1
0,0.15092681236207883,0,0
0,0.422397963461479,0,0
1,0.9308654781954152,1,1
1,0.5578829720369837,1,1
0,0.37803123564399427,0,0
0,0.12779929120812947,0,0
0,0.39784450222793716,0,0
0,0.8920468395416238,1,1
1,0.9580690656207338,1,1
0,0.09748936423486106,0,0
0,0.2472268967678968,0,0
0,0.16579557123018307,0,0
1,0.46572978880352434,0,0
0,0.23831133236821125,0,0
0,0.05460107216539799,0,0
0,0.13311823128250602,0,0
1,0.563962145314705,1,1
0,0.9016310456662067,1,1
1,0.7602008459750483,1,1
1,0.6826680992168224,1,1
0,0.14615398594494214,0,0
1,0.8105795597673424,1,1
1,0.575961726340916,1,1
0,0.1323909407102681,0,0
0,0.08900120994540436,0,0
1,0.8618163438312698,1,1
0,0.7958209638924085,1,1
0,0.24476524904085553,0,0
0,0.851986842607884,1,1
0,0.26742983745612126,0,0
1,0.7995965389202443,1,1
1,0.8033221034159446,1,1
1,0.36274711653934727,0,0
1,0.9554252465689965,1,1
0,0.33514119001474096,0,0
0,0.1426756660192048,0,0
0,0.33445089364842373,0,0
0,0.15090252095321835,0,0
0,0.5685344841611606,1,1
0,0.7442889874893499,1,1
1,0.8753697127783472,1,1
1,0.8894693127835434,1,1
0,0.1862443097235331,0,0
0,0.4581036421539675,0,0
1,0.6185575599193799,1,1
0,0.09971426437515742,0,0
0,0.29345076047093427,0,0
0,0.723286394114971,1,1
1,0.7707907945586225,1,1
1,0.6153623184011421,1,1
1,0.7863142029695348,1,1
1,0.8703605279417511,1,1
0,0.7807365431023687,1,1
1,0.7203105657983604,1,1
0,0.2411489600741744,0,0
1,0.16529576469799315,0,0
0,0.5162729506066763,1,1
0,0.5152106626932706,1,1
0,0.4314792837908346,0,0
1,0.648418894573278,1,1
0,0.15386366951573494,0,0
0,0.3168684722145975,0,0
1,0.8499345101126224,1,1
1,0.9308421725661415,1,1
0,0.8947917631372396,1,1
0,0.16312162450743994,0,0
0,0.5146984310806141,1,1
0,0.28199578673052145,0,0
1,0.3123063874277443,0,0
0,0.18701963775239272,0,0
0,0.19773141391296709,0,0
0,0.39926892325894453,0,0
0,0.829671754450407,1,1
0,0.43706712383882307,0,0
0,0.6309179417284972,1,1
0,0.5084926073727463,1,1
0,0.8002968016200852,1,1
1,0.43606159392856175,0,0
0,0.36461831304305703,0,0
1,0.7641425613559915,1,1
1,0.4231425764358998,0,0
0,0.43569665505509836,0,0
0,0.22928835693155403,0,0
1,0.6822997388667426,1,1
0,0.3745871701559947,0,0
1,0.7484953204154914,1,1
1,0.8938467513219495,1,1
1,0.40499685329405793,0,0
0,0.10018049574590833,0,0
0,0.4628876271418646,0,0
1,0.5500845668577518,1,1
0,0.292322495989187,0,0
0,0.13279272546674817,0,0
1,0.6287681757254093,1,1
0,0.22209800263800492,0,0
0,0.32001306999908385,0,0
0,0.1483843264084686,0,0
0,0.909112423886323,1,1
0,0.06596813274726519,0,0
1,0.7202492128413365,1,1
0,0.3147392313882389,0,0
0,0.5829423555621972,1,1
0,0.8286452633076086,1,1
1,0.7696513906511482,1,1
0,0.4428620689452938,0,0
1,0.8946116751871458,1,1
1,0.7956121919342783,1,1
1,0.9544873324915579,1,1
0,0.05471541564085181,0,0
0,0.1811939202602541,0,0
0,0.7115825848764257,1,1
1,0.711841807458171,1,1
0,0.14563891604816678,0,0
0,0.47772192307048,0,0
0,0.41628614379273277,0,0
0,0.1579722562417359,0,0
0,0.5346340301038769,1,1
0,0.1776568545867958,0,0
1,0.7814167885116513,1,1
0,0.3548207262102584,0,0
1,0.4495108890611251,0,0
0,0.45862717428909877,0,0
0,0.28214521562803957,0,0
0,0.634662078759011,1,1
1,0.9173663285584439,1,1
0,0.2046572342480446,0,0
1,0.8934077158639332,1,1
0,0.45877125534528096,0,0
1,0.8166373385040537,1,1
1,0.752114820703059,1,1
0,0.13176538865757512,0,0
0,0.13840292474247345,0,0
0,0.45435877194265273,0,0
0,0.07609326144420797,0,0
0,0.15153390768936095,0,0
0,0.19687077250114404,0,0
1,0.5461624732203849,1,1
1,0.46263490946974206,0,0
0,0.2130338975189128,0,0
1,0.5838422226801877,1,1
0,0.7416138082615593,1,1
1,0.65436729279917,1,1
0,0.13348340418221408,0,0
0,0.13033982533261929,0,0
0,0.41744233578704265,0,0
1,0.7628587626947407,1,1
1,0.809052012412553,1,1
0,0.2304742659500139,0,0
0,0.10821882308861036,0,0
0,0.5073149120462513,1,1
0,0.30403969595173946,0,0
0,0.4673142410058905,0,0
1,0.8258950436193669,1,1
1,0.9583165706462904,1,1
1,0.8464600199019343,1,1
0,0.398005499277286,0,0
1,0.5341145513115041,1,1
1,0.5851855737461525,1,1
0,0.25900705011031644,0,0
0,0.6947324744403389,1,1
0,0.28577561642636395,0,0
0,0.30925677148192865,0,0
1,0.7956620688139059,1,1
0,0.2750262662804043,0,0
0,0.48727292404960404,0,0
0,0.7510384164988917,1,1
1,0.8385555992356671,1,1
0,0.49985583744472745,0,0
0,0.05605446519947656,0,0
0,0.17756567772287032,0,0
0,0.37916169640170916,0,0
1,0.627159292663347,1,1
0,0.7626852915009116,1,1
0,0.3292925820891378,0,0
0,0.13282887931432846,0,0
0,0.10831450686777935,0,0
0,0.061339923501168056,0,0
1,0.7338209915060987,1,1
1,0.6366609052039157,1,1
0,0.3415349218230947,0,0
0,0.7611445648156956,1,1
0,0.33409849160020816,0,0
1,0.48632709265123414,0,0
1,0.47899527726598484,0,0
1,0.43543239548641055,0,0
1,0.46275582945437815,0,0
0,0.4442485513941424,0,0
0,0.09598121167161312,0,0
0,0.3103803401583572,0,0
1,0.7554438279324092,1,1
0,0.1555233426704155,0,0
0,0.5357276852178224,1,1
1,0.8645196256783887,1,1
0,0.24429464222865607,0,0
0,0.06426600002382211,0,0
0,0.5038525138443762,1,1
0,0.457002272389205,0,0
1,0.5781622449001568,1,1
1,0.6202029212906863,1,1
0,0.34974868299507705,0,0
1,0.3233841749460121,0,0
0,0.3976831868619702,0,0
0,0.1718674398131894,0,0
0,0.49853289566087905,0,0
1,0.35997691563095546,0,0
0,0.7969835977564068,1,1
1,0.8984613813640745,1,1
1,0.5183173018355951,1,1
1,0.16283653238897414,0,0
0,0.7753478172882765,1,1
0,0.5295621508088719,1,1
0,0.8307010469910819,1,1
0,0.4829849338304716,0,0
0,0.20042919119415983,0,0
0,0.1832464708843067,0,0
1,0.9570068476472423,1,1
0,0.1591488560712913,0,0
1,0.3613912089026285,0,0
1,0.5897402617113264,1,1
0,0.4210106536458285,0,0
1,0.9719799180117243,1,1
1,0.2716016545635468,0,0
1,0.7176847949927213,1,1
1,0.895365605140499,1,1
0,0.6852352909399064,1,1
0,0.731928970061182,1,1
0,0.10988269585244524,0,0
0,0.12133696698565151,0,0
0,0.36465796531719463,0,0
1,0.9550548032622622,1,1
1,0.6287308146351829,1,1
1,0.9744842128499185,1,1
0,0.2691893966231368,0,0
0,0.3695149774881917,0,0
1,0.6866625675255534,1,1
1,0.1667182082554428,0,0
0,0.4676173228411252,0,0
0,0.24385916980850325,0,0
0,0.7502644254418462,1,1
0,0.1809555187686872,0,0
1,0.3377830941052201,0,0
1,0.7592899626791545,1,1
0,0.14640687969193988,0,0
1,0.30844659621589815,0,0
0,0.2764275641355759,0,0
0,0.44765221109063313,0,0
0,0.3754087443797494,0,0
0,0.13534633361780357,0,0
1,0.9604986332323832,1,1
0,0.8860009382246041,1,1
0,0.20716911622342582,0,0
0,0.1938208257267098,0,0
1,0.8838788824004056,1,1
0,0.3225909192794476,0,0
0,0.6504209924926715,1,1
0,0.3879783066065104,0,0
0,0.1230624918362921,0,0
1,0.7073487091424729,1,1
0,0.38779526012776333,0,0
0,0.13885779044187777,0,0
1,0.3317431168408777,0,0
1,0.7912575358896327,1,1
1,0.5490204915302539,1,1
0,0.9323295975189236,1,1
1,0.3006535203783958,0,0
0,0.16441211158319607,0,0
1,0.6630022535448086,1,1
0,0.4513181435777021,0,0
0,0.14789446593875794,0,0
0,0.8488533113969038,1,1
0,0.3648868854280146,0,0
0,0.20700205677210343,0,0
0,0.3389561023124803,0,0
0,0.17234113586749736,0,0
0,0.8439867704068096,1,1
1,0.4451159344833811,0,0
0,0.7518165105715642,1,1
1,0.7761360866584732,1,1
0,0.3518975354710845,0,0
1,0.8856724425867929,1,1
1,0.20841579105887337,0,0
0,0.41741440182254697,0,0
0,0.3452149991432981,0,0
0,0.20915212233684932,0,0
1,0.23659834289756873,0,0
0,0.42787082598943554,0,0
1,0.7644010934540356,1,1
0,0.28083690581230597,0,0
0,0.27760072506403977,0,0
1,0.7553420993687514,1,1
1,0.8737768828188094,1,1
0,0.6104758102398017,1,1
1,0.8779137993698212,1,1
1,0.13899202842901923,0,0
0,0.7400889948047651,1,1
1,0.6109041537888834,1,1
0,0.41229959314961667,0,0
1,0.40120267072653726,0,0
1,0.4236437185779201,0,0
0,0.63720947510189,1,1
0,0.2457351950419865,0,0
1,0.8048740011055779,1,1
0,0.25164986857788013,0,0
0,0.11934817580011223,0,0
0,0.3698174306252025,0,0
1,0.41856895514378445,0,0
0,0.138330422225701,0,0
1,0.6456813400619924,1,1
0,0.24006073249574458,0,0
1,0.709783049539478,1,1
0,0.623625033695933,1,1
0,0.8973532195251499,1,1
1,0.841069847608637,1,1
1,0.8279968641917327,1,1
1,0.9292596867856924,1,1
0,0.30833089191186847,0,0
0,0.6138531165854362,1,1
0,0.055695504501216596,0,0
0,0.7135405254348052,1,1
1,0.5734901922249266,1,1
0,0.575655983120856,1,1
0,0.14159140835462702,0,0
0,0.3510570582264461,0,0
1,0.7366267393001223,1,1
0,0.5643891431990358,1,1
1,0.7000342794873359,1,1
0,0.34635307623466044,0,0
0,0.47651075780472985,0,0
0,0.23085139601401045,0,0
1,0.8080046311630757,1,1
1,0.847729277688018,1,1
0,0.37994510308791013,0,0
0,0.08939928899328833,0,0
0,0.8137871369980191,1,1
0,0.1582808655286938,0,0
0,0.3343819876502937,0,0
1,0.6277605381063937,1,1
1,0.7684497618581677,1,1
1,0.6716972998513097,1,1
1,0.5582395651892964,1,1
0,0.434065397637657,0,0
1,0.8876091684618944,1,1
1,0.5653139953863477,1,1
0,0.7107748034111312,1,1
0,0.31985577455722863,0,0
0,0.3281686566172349,0,0
0,0.47266871665919213,0,0
1,0.6866335235308543,1,1
0,0.1482820970147264,0,0
1,0.35320094750691977,0,0
0,0.14257947682410982,0,0
0,0.3319429978841569,0,0
1,0.29906996884272113,0,0
0,0.6441927620065246,1,1
0,0.2367000113222916,0,0
0,0.3928539733694095,0,0
1,0.8316270170826473,1,1
0,0.7915483505476195,1,1
0,0.5094224586051278,1,1
1,0.8326072478091301,1,1
1,0.4669427745584451,0,0
0,0.10995004448140794,0,0
1,0.7380460391955519,1,1
1,0.6858387608323551,1,1
1,0.4979557742566923,0,0
0,0.49191445292507696,0,0
0,0.7824917890778146,1,1
0,0.41845072506788406,0,0
0,0.210695471673012,0,0
0,0.17675302170035906,0,0
1,0.4180478436415435,0,0
1,0.8592483525029165,1,1
1,0.638781721847844,1,1
0,0.13274044173532965,0,0
1,0.7700593317754578,1,1
0,0.17347284866138085,0,0
1,0.6519146125630465,1,1
0,0.4150329905039288,0,0
0,0.3359701866924664,0,0
0,0.46417457523237604,0,0
0,0.7451320354292038,1,1
1,0.769459996182822,1,1
1,0.7516370771063855,1,1
1,0.9156570987462128,1,1
0,0.48189452214657713,0,0
1,0.34484922983597466,0,0
1,0.6707372435624916,1,1
0,0.35724210310037197,0,0
0,0.8443973888021059,1,1
0,0.3962987148523967,0,0
1,0.6801315060123854,1,1
0,0.13064618276365866,0,0
0,0.119657692118099,0,0
1,0.6064390422275496,1,1
1,0.8122229025503432,1,1
1,0.5606028733109015,1,1
1,0.9081098134484679,1,1
1,0.14946296774564582,0,0
0,0.4272262893824923,0,0
0,0.5266202203392392,1,1
0,0.324550587437078,0,0
0,0.33553767219222663,0,0
1,0.20804966324593527,0,0
0,0.5050372626209854,1,1
0,0.11800549771368138,0,0
0,0.26061970980525545,0,0
0,0.3770217027897408,0,0
1,0.7595010777064848,1,1
0,0.18668334956343904,0,0
1,0.8223121517566337,1,1
0,0.38268670442549585,0,0
1,0.7671475772192824,1,1
0,0.3857545550842688,0,0
1,0.19483427419282165,0,0
0,0.1965921420645395,0,0
0,0.1761764243292214,0,0
0,0.12170888999411415,0,0
0,0.36097548718245775,0,0
1,0.8302448799609929,1,1
1,0.11733038432281077,0,0
0,0.17529221924962066,0,0
0,0.13081845838379647,0,0
1,0.9021909377684493,1,1
0,0.11439971275512054,0,0
1,0.798702665419233,1,1
0,0.15747771812223918,0,0
0,0.08015589484742848,0,0
0,0.6689759333016081,1,1
0,0.1721010636997284,0,0
1,0.8784100556055585,1,1
0,0.27389763722586413,0,0
0,0.17515537711683546,0,0
0,0.5238689291226829,1,1
0,0.2248010130922614,0,0
0,0.7870215667091582,1,1
0,0.2322588058949491,0,0
0,0.5142584216000471,1,1
1,0.7561384467681544,1,1
0,0.44024478073370604,0,0
0,0.1413790178490936,0,0
1,0.21259971827268972,0,0
0,0.5928205715688831,1,1
0,0.20756454338275016,0,0
0,0.38537095216758094,0,0
1,0.8359094739439402,1,1
0,0.19049347821392323,0,0
0,0.507565058622286,1,1
0,0.1708368908963257,0,0
1,0.7192540745470825,1,1
0,0.16435649556546547,0,0
0,0.704877194021161,1,1
0,0.2113728637246798,0,0
1,0.1482710225707847,0,0
0,0.08476309069587765,0,0
1,0.5838880171214825,1,1
0,0.6915411946849227,1,1
0,0.044680663668311055,0,0
1,0.8617292919150049,1,1
0,0.3826327141511914,0,0
0,0.18242003344462437,0,0
1,0.9113316119699145,1,1
0,0.6837899710939801,1,1
1,0.8964252026762076,1,1
1,0.7157057969963257,1,1
0,0.7175234917160834,1,1
1,0.2499710527210528,0,0
0,0.3371710698688317,0,0
0,0.6129583968011368,1,1
1,0.7665058038151187,1,1
0,0.3770879357446478,0,0
0,0.748404913804849,1,1
1,0.7771802237699708,1,1
0,0.3703403341423824,0,0
0,0.21447142793072954,0,0
1,0.14746562415718417,0,0
1,0.9674289856934426,1,1
0,0.3485317994199431,0,0
1,0.8538440502113619,1,1
0,0.19812559305989025,0,0
0,0.17246435114513656,0,0
0,0.658762171939166,1,1
1,0.8423217823737517,1,1
0,0.6010828137931045,1,1
1,0.760128377314517,1,1
0,0.39903063540091804,0,0
0,0.43643994691694493,0,0
0,0.20936763960480678,0,0
0,0.2476438176098778,0,0
0,0.5264219126372337,1,1
1,0.607448085103876,1,1
1,0.7850966828959571,1,1
0,0.4952346861143578,0,0
0,0.19677412559324536,0,0
0,0.5123326870920248,1,1
1,0.5535461165939785,1,1
0,0.8426372675900076,1,1
0,0.6837991326333621,1,1
0,0.3123230534211653,0,0
0,0.1389106744128392,0,0
0,0.06868635041373473,0,0
0,0.1277571724922102,0,0
0,0.4459884819631511,0,0
0,0.24040626852403468,0,0
1,0.20575645536858755,0,0
1,0.7160491707374242,1,1
1,0.2991157720099124,0,0
0,0.6318487529629009,1,1
0,0.21520584214870558,0,0
0,0.64474718180397,1,1
0,0.8010795972602138,1,1
1,0.6181375746857736,1,1
1,0.5473556973241428,1,1
1,0.8607097861195838,1,1
1,0.7805017692987686,1,1
0,0.18490008196604288,0,0
0,0.6274361146139701,1,1
0,0.16500536782377428,0,0
0,0.3692256911529039,0,0
0,0.32366841826121245,0,0
0,0.20766675471312104,0,0
0,0.4934811568707442,0,0
0,0.4351539804682417,0,0
1,0.14620029245190688,0,0
1,0.6551128008573941,1,1
1,0.8786518444729622,1,1
0,0.20980355082600097,0,0
1,0.7588168393212776,1,1
0,0.8535209649239232,1,1
0,0.13627246279765148,0,0
0,0.5224626837369887,1,1
0,0.13986044454997756,0,0
0,0.5972839644304899,1,1
1,0.7147502690310849,1,1
1,0.7651212325185076,1,1
0,0.4343276442243352,0,0
1,0.8425276859958354,1,1
0,0.3150073056487182,0,0
1,0.7247890441848345,1,1
1,0.29148034770591075,0,0
1,0.8899080506324101,1,1
0,0.49701431037673416,0,0
0,0.5970149439252967,1,1
0,0.8320328915900262,1,1
0,0.16653983022130964,0,0
0,0.7205516792904268,1,1
0,0.12096278906223337,0,0
0,0.09985551311379956,0,0
1,0.9159218647796665,1,1
1,0.9329933209897988,1,1
0,0.06446929220665853,0,0
0,0.7760460172475887,1,1
0,0.17995206783183457,0,0
0,0.13259753165148805,0,0
0,0.4459077061293974,0,0
1,0.5656859913394288,1,1
0,0.6215157005676697,1,1
1,0.918602764263761,1,1
0,0.6908401967883091,1,1
1,0.9023322253608794,1,1
1,0.8612778704169956,1,1
0,0.14976244216314416,0,0
1,0.824228864784414,1,1
0,0.6551509817791975,1,1
0,0.5141067949337497,1,1
0,0.47050277454230977,0,0
1,0.7773116806245529,1,1
0,0.8823197998666862,1,1
0,0.1933183274291398,0,0
1,0.5983351555412264,1,1
1,0.7971448129942148,1,1
0,0.5681599879122962,1,1
1,0.7822671806823417,1,1
0,0.9387735580831519,1,1
1,0.5470231796324387,1,1
0,0.12918205956280027,0,0
0,0.38814441694615,0,0
1,0.6111798473820017,1,1
0,0.24735864004493516,0,0
1,0.5545322260357411,1,1
0,0.6027853370048869,1,1
0,0.18046239675913803,0,0
1,0.7683968898237599,1,1
0,0.05119747304476656,0,0
0,0.5551165738082368,1,1
0,0.321741371572626,0,0
0,0.604130772026228,1,1
0,0.18117692219512488,0,0
0,0.22295051896906634,0,0
1,0.37631327956882005,0,0
0,0.2850985709936148,0,0
0,0.1150552498420671,0,0
1,0.8759990973917705,1,1
1,0.3546600537632707,0,0
1,0.3132528252363844,0,0
0,0.6184435328686055,1,1
1,0.8810596476651246,1,1
1,0.894918381843427,1,1
1,0.22652659810965814,0,0
0,0.8050691930298992,1,1
0,0.4988601320213302,0,0
1,0.18657810667365468,0,0
0,0.5426622918926216,1,1
0,0.20298684456973018,0,0
1,0.6725387273141573,1,1
0,0.413423740868486,0,0
0,0.08716574897103731,0,0
1,0.3526784519949635,0,0
0,0.6450793354159111,1,1
1,0.5021140839857265,1,1
1,0.9367114693905056,1,1
1,0.5850448828968089,1,1
0,0.920587774878918,1,1
1,0.949927421720116,1,1
0,0.5138613107883618,1,1
0,0.7234596724376386,1,1
0,0.45512155616391164,0,0
0,0.3282661378364867,0,0
1,0.8521860373040261,1,1
0,0.1422277650137417,0,0
1,0.5568600082257039,1,1
0,0.7024273897166033,1,1
1,0.7396673243962546,1,1
1,0.9385711097938984,1,1
1,0.8780188888112962,1,1
1,0.770658076549749,1,1
0,0.44111057323790476,0,0
0,0.286348938818358,0,0
1,0.4984195585961962,0,0
0,0.2867821222737383,0,0
1,0.18342967189369766,0,0
1,0.9053563757696045,1,1
0,0.2710590716283019,0,0
0,0.8684815159097018,1,1
1,0.900001282513483,1,1
0,0.14679010033710088,0,0
0,0.34736916523460476,0,0
0,0.07362774756336982,0,0
1,0.4915364826162426,0,0
1,0.6328036838858584,1,1
0,0.41624463412911455,0,0
0,0.09245414615061744,0,0
0,0.6464072504678354,1,1
0,0.15754403229648187,0,0
0,0.25044103794776906,0,0
1,0.762553296853473,1,1
0,0.34377294899976174,0,0
0,0.2906120355655398,0,0
1,0.41032661660287756,0,0
1,0.8524748184333386,1,1
1,0.7448439408210351,1,1
0,0.6170681328471991,1,1
0,0.20202394329227477,0,0
1,0.16662008446335802,0,0
1,0.5881026468396354,1,1
1,0.604179887625694,1,1
1,0.9059334394829722,1,1
0,0.2591416403661883,0,0
1,0.6476128014850192,1,1
0,0.2766090206173129,0,0
1,0.7251209031954319,1,1
0,0.6896773918648442,1,1
0,0.7929422745876284,1,1
1,0.887722718187914,1,1
1,0.4744219508954077,0,0
1,0.41837658107740233,0,0
1,0.7092173735877726,1,1
0,0.4603697438557606,0,0
1,0.4936107992596596,0,0
0,0.5441783398777669,1,1
0,0.5572572127438313,1,1
1,0.6532789320478772,1,1
1,0.8301636177270333,1,1
1,0.6829839788958602,1,1
0,0.16140523442938265,0,0
1,0.6502375125309198,1,1
0,0.46954057329499116,0,0
0,0.43400168419980195,0,0
1,0.6744965611355123,1,1
1,0.544130282793506,1,1
1,0.3730064877327108,0,0
0,0.12927311073323897,0,0
0,0.15072602508905183,0,0
1,0.5300226019979433,1,1
0,0.4246101147237805,0,0
0,0.5630158253446644,1,1
0,0.31941746166863494,0,0
0,0.6399862258592289,1,1
0,0.5393680686993791,1,1
0,0.6155290212344007,1,1
1,0.8942051490983167,1,1
1,0.7291325858141281,1,1
1,0.8081958728084944,1,1
1,0.19221899200279477,0,0
0,0.07091746796826491,0,0
0,0.45951894009012306,0,0
1,0.7997677480882027,1,1
1,0.7637450725222278,1,1
0,0.17386449676606738,0,0
0,0.5575408287449085,1,1
0,0.6790256837527705,1,1
1,0.7990933088140497,1,1
0,0.29368487241578484,0,0
1,0.34313496907952434,0,0
0,0.25357000247812783,0,0
0,0.2640165919055468,0,0
0,0.14671471439117037,0,0
0,0.5417140433455687,1,1
1,0.17229905790164993,0,0
0,0.5990361207256524,1,1
0,0.24518427497618572,0,0
0,0.28822402716591944,0,0
0,0.11588329745179127,0,0
0,0.12261626993126945,0,0
1,0.32259988680753443,0,0
0,0.08476280061308925,0,0
0,0.2902207653980316,0,0
1,0.4661646274377948,0,0
1,0.9330740992190143,1,1
0,0.45455289021445716,0,0
1,0.7529205601278363,1,1
1,0.5775317452780175,1,1
1,0.6280474098248848,1,1
1,0.6670539676058067,1,1
0,0.7846734475332616,1,1
1,0.7064411965610518,1,1
0,0.26824547454670156,0,0
1,0.6330118989917561,1,1
1,0.7913837841446479,1,1
0,0.20928838596632324,0,0
0,0.1980168860996546,0,0
1,0.7898159119210906,1,1
0,0.19934519146145674,0,0
1,0.8591423926101726,1,1
1,0.9304035401315959,1,1
1,0.8733961831544974,1,1
0,0.730893967615655,1,1
1,0.8457882980172524,1,1
1,0.8080574189102915,1,1
0,0.8287628720178972,1,1
0,0.6004962255632473,1,1
0,0.2569990448785186,0,0
1,0.5589266588547457,1,1
0,0.11701106649471049,0,0
1,0.8570338787434388,1,1
0,0.40321726190862733,0,0
1,0.8274170475368198,1,1
1,0.90558804710857,1,1
0,0.5086029949965118,1,1
0,0.037689280460277065,0,0
0,0.4767725848576692,0,0
1,0.5331007020764095,1,1
0,0.8355033180861672,1,1
1,0.4460270985868632,0,0
0,0.6630097726362159,1,1
0,0.7300734456449827,1,1
0,0.481974712935724,0,0
0,0.9197441084695476,1,1
1,0.7512008337540429,1,1
0,0.19063917203014338,0,0
0,0.5431826870885051,1,1
1,0.8491571823688121,1,1
0,0.10177028314667724,0,0
0,0.07867868045188411,0,0
0,0.6774791563425128,1,1
0,0.08737952993772953,0,0
1,0.2443117053697293,0,0
0,0.18735477484827998,0,0
0,0.4688051596750512,0,0
1,0.9188126433506081,1,1
0,0.2877611588420155,0,0
0,0.631594944238287,1,1
0,0.3692792566837045,0,0
0,0.45130069675478385,0,0
1,0.870241393511524,1,1
0,0.7735178234008822,1,1
0,0.3388098749080936,0,0
0,0.18563682654071825,0,0
1,0.8912040765105472,1,1
1,0.9130127287798765,1,1
0,0.6189341134582214,1,1
0,0.18862178665675303,0,0
1,0.5636393567104495,1,1
0,0.35341227829802974,0,0
0,0.14787532299104836,0,0
1,0.7970003233696518,1,1
0,0.830406367974089,1,1
0,0.2555721291271873,0,0
0,0.5905183150602559,1,1
0,0.22670125127610985,0,0
1,0.8923930403190903,1,1
0,0.4208252801664266,0,0
0,0.32869144108261117,0,0
1,0.8149495928166207,1,1
0,0.5792657639169494,1,1
1,0.55199247189962,1,1
1,0.58984317863911,1,1
1,0.9015746286488314,1,1
1,0.6343201037708305,1,1
0,0.406138601942415,0,0
0,0.12579708299915388,0,0
0,0.45331643589207354,0,0
0,0.17930715617997717,0,0
1,0.6179389699396506,1,1
0,0.6630594029123743,1,1
0,0.09724857805718382,0,0
0,0.5196784724437967,1,1
0,0.0856338585814762,0,0
0,0.21286899301611997,0,0
0,0.4014610463582639,0,0
0,0.3756432814233672,0,0
1,0.553856386885492,1,1
0,0.5904910541522872,1,1
1,0.20161174908887491,0,0
0,0.8031226682156268,1,1
1,0.429377751112106,0,0
1,0.6645792353007021,1,1
1,0.8031134957463292,1,1
1,0.6702156872367715,1,1
0,0.32270400519406195,0,0
1,0.2658048578568106,0,0
0,0.4025645931793136,0,0
0,0.2661235631040837,0,0
0,0.5552713457404581,1,1
0,0.12189137369827371,0,0
0,0.7524974487332206,1,1
0,0.48303491655231284,0,0
0,0.3745587696269791,0,0
1,0.2818334381213859,0,0
0,0.20450439222059857,0,0
0,0.7039895884046227,1,1
1,0.7556784521372861,1,1
0,0.5401922067455494,1,1
1,0.3117931146023895,0,0
0,0.46937278241821706,0,0
1,0.3839663184906454,0,0
1,0.7512973985625229,1,1
0,0.2965055937855842,0,0
1,0.6609978673816534,1,1
0,0.41857938731652966,0,0
0,0.6844254944404434,1,1
0,0.18223869930309805,0,0
0,0.546533894609235,1,1
0,0.1539462444223281,0,0
0,0.20553932699055477,0,0
0,0.25723258607811006,0,0
1,0.6769191629924366,1,1
1,0.9132138835199806,1,1
1,0.8706470271306922,1,1
1,0.9249107112708441,1,1
1,0.6349013541531358,1,1
0,0.567062686089426,1,1
1,0.5850552522905704,1,1
1,0.8489268501282181,1,1
0,0.7430704573132073,1,1
0,0.12825878463675494,0,0
0,0.11153293563179517,0,0
0,0.2931873052461696,0,0
0,0.19302775947794315,0,0
0,0.12643212738532286,0,0
1,0.4041576637377977,0,0
0,0.26059018238958825,0,0
0,0.06653988067144859,0,0
0,0.6350905444545398,1,1
0,0.38645467502844116,0,0
0,0.1925346123153099,0,0
1,0.7790871771764843,1,1
0,0.5835813172510101,1,1
0,0.557576721249086,1,1
0,0.4776742459694082,0,0
0,0.24054451986015074,0,0
0,0.24029065199077942,0,0
0,0.4711456580865418,0,0
0,0.47711724565412544,0,0
0,0.14065322090130042,0,0
1,0.8711777571552903,1,1
0,0.12210546192196668,0,0
0,0.565631348852894,1,1
0,0.22242880759965572,0,0
1,0.6424303858745671,1,1
0,0.4945403814050286,0,0
1,0.7992036476139978,1,1
0,0.10480790788358406,0,0
0,0.6770057063539295,1,1
1,0.9227472414786925,1,1
1,0.6821215950442872,1,1
0,0.0695066776209301,0,0
1,0.8558823355897878,1,1
1,0.7197043891161159,1,1
1,0.39272380891519837,0,0
0,0.6293456448903766,1,1
0,0.7927053001131579,1,1
0,0.5995563526573648,1,1
0,0.7742089784420215,1,1
0,0.6172999669616915,1,1
0,0.052448107570583324,0,0
0,0.2556077107342329,0,0
0,0.7298338760885744,1,1
0,0.13083990972804477,0,0
0,0.8545639251011873,1,1
0,0.15458077148088556,0,0
1,0.7471286283417745,1,1
0,0.705169153007253,1,1
0,0.19024001876874452,0,0
1,0.9227525530460867,1,1
0,0.6450408458170294,1,1
1,0.797406769111917,1,1
0,0.7688302809434182,1,1
1,0.9547181530656677,1,1
1,0.8719543043012778,1,1
0,0.17208120361040702,0,0
1,0.6529482561503782,1,1
0,0.15101889028741636,0,0
1,0.4197012751593793,0,0
1,0.7764506872842774,1,1
1,0.5024491058199346,1,1
0,0.28052840196686013,0,0
0,0.13225685703557394,0,0
0,0.36586145082751403,0,0
1,0.5713258775726305,1,1
0,0.3333924998747885,0,0
1,0.7944511148569721,1,1
0,0.4916516781810937,0,0
0,0.2586102196051812,0,0
0,0.23384678433380396,0,0
1,0.45670194553325055,0,0
0,0.18422638177766004,0,0
1,0.5509627681106899,1,1
1,0.8857360413914057,1,1
1,0.8825215398918834,1,1
1,0.8594489424408295,1,1
0,0.0923114989298515,0,0
0,0.30206662821820357,0,0
0,0.06641278076388535,0,0
0,0.08549241435155708,0,0
1,0.48854560213968473,0,0
0,0.8649114114124625,1,1
0,0.22332921228908684,0,0
0,0.2628737830911029,0,0
1,0.2529557107421337,0,0
0,0.17170261866275566,0,0
1,0.4839623647298546,0,0
1,0.6749829986473471,1,1
0,0.21934805053713663,0,0
0,0.29902976774935836,0,0
0,0.3545720312189649,0,0
1,0.06186770617239441,0,0
1,0.683366876368383,1,1
0,0.20849946816520198,0,0
1,0.6289428686567597,1,1
1,0.6324866305811361,1,1
1,0.9334778168718032,1,1
0,0.5923638068965908,1,1
1,0.8455901926713242,1,1
0,0.41312261586663224,0,0
1,0.5315365207480605,1,1
0,0.4720489269132972,0,0
0,0.7773648726625763,1,1
0,0.25942685306040236,0,0
1,0.9099323930706745,1,1
1,0.32295176121505126,0,0
1,0.7071889646744421,1,1
1,0.8760988743419034,1,1
0,0.39537129806885984,0,0
1,0.6351973439498257,1,1
0,0.4741475549404016,0,0
0,0.4521777655843483,0,0
1,0.8459981733388384,1,1
1,0.488479754037682,0,0
1,0.47457887343334954,0,0
0,0.4744106634799135,0,0
0,0.20976092689194628,0,0
1,0.7331686762938225,1,1
1,0.8084407942671687,1,1
0,0.7279340203049119,1,1
1,0.3112423534771658,0,0
0,0.5093918038066885,1,1
1,0.7890030269608251,1,1
0,0.5046736911421982,1,1
0,0.599600072752572,1,1
0,0.7634961100458774,1,1
0,0.35798523168679086,0,0
1,0.8186763785972567,1,1
1,0.7300046816809508,1,1
0,0.05298807498308518,0,0
0,0.2782762018116649,0,0
0,0.5950526140979465,1,1
1,0.35480879868349213,0,0
0,0.4156978826929338,0,0
0,0.3395481405636211,0,0
0,0.08755218672968997,0,0
1,0.5116183928505146,1,1
0,0.5515880620335918,1,1
0,0.33002681241751597,0,0
1,0.6904577296538433,1,1
1,0.7985163065419084,1,1
1,0.5524629041959717,1,1
0,0.6750470095542898,1,1
0,0.39771237165321827,0,0
0,0.07109787365806343,0,0
1,0.7109516009613644,1,1
0,0.851014820280687,1,1
0,0.1577068225861735,0,0
1,0.7879360632435154,1,1
1,0.595495121540069,1,1
0,0.23320917186700818,0,0
0,0.494238295601572,0,0
0,0.3458663221535752,0,0
1,0.26952134713812265,0,0
1,0.9132725621214856,1,1
0,0.3507059267475675,0,0
1,0.8573627631568049,1,1
1,0.7229905988692982,1,1
1,0.46469447756861887,0,0
1,0.9095482509446082,1,1
1,0.7573231329335643,1,1
1,0.5984062018614849,1,1
1,0.6144454865975707,1,1
0,0.1773984094716643,0,0
0,0.16703208402050973,0,0
1,0.6567028869305843,1,1
0,0.26904693001150853,0,0
0,0.768331625111454,1,1
0,0.2393927321090859,0,0
0,0.26386504321116333,0,0
1,0.7988746452212057,1,1
0,0.871702277445228,1,1
1,0.828364849711994,1,1
1,0.7655506924466969,1,1
1,0.7866980058998773,1,1
0,0.4548096132633184,0,0
0,0.4547840771972117,0,0
0,0.7938296647350961,1,1
1,0.9570320122326358,1,1
1,0.9231335313198981,1,1
0,0.20752003572561797,0,0
1,0.6578238573923496,1,1
0,0.394817332613379,0,0
1,0.38109115232387175,0,0
1,0.8298415533143731,1,1
0,0.8173270965234899,1,1
0,0.5274514797364744,1,1
0,0.13953915306559053,0,0
1,0.4768224875522504,0,0
0,0.8789485491211977,1,1
0,0.09841540058599266,0,0
0,0.8108043637756762,1,1
1,0.868308125324917,1,1
0,0.3538282575185007,0,0
0,0.1586078351175156,0,0
1,0.8116968028211718,1,1
0,0.3232100892517653,0,0
1,0.7074486876345385,1,1
0,0.37981186370500936,0,0
0,0.44888497189327475,0,0
0,0.3953293244243756,0,0
0,0.300095678506957,0,0
1,0.840618323461749,1,1
1,0.8883567658820808,1,1
0,0.5070962407159552,1,1
0,0.3298214850869458,0,0
1,0.23244074599227807,0,0
1,0.6164392949200435,1,1
0,0.2883418071806031,0,0
1,0.7847182551424623,1,1
0,0.7684210389849394,1,1
0,0.5943631690289952,1,1
1,0.3860227536356404,0,0
0,0.21626116990699615,0,0
1,0.8122879052773263,1,1
1,0.8140560517426059,1,1
0,0.7705414249053838,1,1
0,0.21454265595259586,0,0
1,0.859034327891592,1,1
1,0.20337555055242973,0,0
0,0.5902874054884013,1,1
0,0.739227827091031,1,1
1,0.5705706155584704,1,1
1,0.548865178154944,1,1
1,0.6327371924515183,1,1
0,0.06780457138962222,0,0
0,0.8698765688001243,1,1
1,0.8636353613920074,1,1
0,0.7917764858498001,1,1
0,0.2570741145542002,0,0
1,0.4362942628399207,0,0
0,0.547747544713506,1,1
1,0.8101684127032726,1,1
1,0.6372408811066772,1,1
0,0.34705466262075824,0,0
0,0.20016940484981818,0,0
1,0.4300241157916631,0,0
0,0.2678339116242272,0,0
0,0.37042647647068466,0,0
1,0.5227444258326343,1,1
1,0.23841766036298684,0,0
1,0.7359534503052141,1,1
0,0.23301201622283887,0,0
1,0.366419152732407,0,0
0,0.8546671352248881,1,1
0,0.11786897758861731,0,0
1,0.6696692514693269,1,1
0,0.33048655679130484,0,0
0,0.38706998365760825,0,0
1,0.5856035521141553,1,1
0,0.6905189274700116,1,1
0,0.8215029443699814,1,1
0,0.31161736084648495,0,0
0,0.12319329184111548,0,0
0,0.3096330204604443,0,0
1,0.847999907946345,1,1
1,0.34376045147664186,0,0
0,0.12564050855617484,0,0
0,0.42327616862073786,0,0
0,0.5637435696922402,1,1
0,0.22204979930178984,0,0
0,0.16052372016366045,0,0
0,0.2704642875967603,0,0
0,0.6732239832353824,1,1
1,0.6979983735472807,1,1
1,0.3653368464819873,0,0
1,0.8810596476651246,1,1
0,0.10991079898919641,0,0
0,0.6112012363263665,1,1
0,0.5268254910720119,1,1
0,0.562941830886678,1,1
0,0.11773244339448087,0,0
1,0.48583417240239635,0,0
0,0.26572611593275414,0,0
1,0.535863004043406,1,1
0,0.6652302365605222,1,1
0,0.18825804745985056,0,0
0,0.19916808515606554,0,0
1,0.8115902878013392,1,1
0,0.35125072317526884,0,0
1,0.7047311707846796,1,1
0,0.17674079024158018,0,0
1,0.7142208300543474,1,1
0,0.16859793372673282,0,0
1,0.812027223317861,1,1
1,0.8384810464886822,1,1
1,0.17198755166778654,0,0
0,0.0998963498662822,0,0
1,0.9545402940661211,1,1
1,0.7568157226499057,1,1
0,0.12083514930420083,0,0
0,0.13094965471323738,0,0
0,0.5742111934710491,1,1
0,0.6960538135847515,1,1
0,0.36573566643582495,0,0
1,0.6164492741235768,1,1
0,0.3409215412521256,0,0
0,0.08102027296855581,0,0
1,0.8889848932045014,1,1
0,0.20515091732018875,0,0
1,0.3562462633320953,0,0
1,0.3023769320697878,0,0
1,0.7124947290953761,1,1
0,0.28341290915108386,0,0
1,0.6176795179124831,1,1
0,0.702184131801639,1,1
1,0.48787745459320386,0,0
0,0.5495115805098963,1,1
0,0.3194100147696465,0,0
0,0.3300893811765369,0,0
0,0.0836253932858446,0,0
1,0.9587583711549649,1,1
0,0.6993023637976477,1,1
1,0.6573111384453513,1,1
0,0.5933023287626555,1,1
0,0.8417489398124233,1,1
0,0.32819916321114057,0,0
1,0.5232025707269273,1,1
0,0.44611564839608553,0,0
0,0.20701880789911178,0,0
0,0.49731787048443193,0,0
1,0.5839710841458873,1,1
0,0.8166475439917112,1,1
0,0.5246977213189823,1,1
0,0.7515952026866606,1,1
0,0.1222317338175724,0,0
1,0.921557516536135,1,1
1,0.8729807412888958,1,1
0,0.468239188737899,0,0
0,0.3309289938372138,0,0
1,0.5975629917458047,1,1
0,0.316476525002671,0,0
1,0.780156198388983,1,1
1,0.6646007473728079,1,1
0,0.23597939005189217,0,0
0,0.5458650208698981,1,1
1,0.09875757471599575,0,0
0,0.65609937398575,1,1
0,0.13143211422384743,0,0
0,0.36721419423258983,0,0
0,0.10018105913376764,0,0
0,0.4038300971687647,0,0
0,0.7786712873452337,1,1
1,0.557237395700502,1,1
0,0.42031321739245464,0,0
1,0.7352137166606065,1,1
0,0.10053206600827634,0,0
1,0.45508626109092454,0,0
1,0.9136874063519435,1,1
0,0.22193768797725857,0,0
1,0.8323283675449176,1,1
0,0.3039523353832217,0,0
0,0.18230112668120835,0,0
1,0.8420426498247263,1,1
1,0.5872234700411891,1,1
0,0.45834278366222475,0,0
0,0.1802949218486165,0,0
1,0.7483184173893809,1,1
0,0.616685114132883,1,1
1,0.8037691099956839,1,1
1,0.32408866282676047,0,0
1,0.6385813350334079,1,1
1,0.38198648612086344,0,0
0,0.6641333255347402,1,1
0,0.5656306725913764,1,1
0,0.26775573487673515,0,0
1,0.32904699338802124,0,0
1,0.7805852333524356,1,1
1,0.8736835406116977,1,1
0,0.40774523249530353,0,0
0,0.22101498704503564,0,0
1,0.819099696972854,1,1
0,0.09258257770476905,0,0
1,0.7546716856598736,1,1
0,0.6227858769049411,1,1
1,0.8902358062288388,1,1
0,0.47051265490717825,0,0
0,0.33772983178476734,0,0
0,0.28120804139459304,0,0
0,0.06099094314643085,0,0
1,0.7863378249819685,1,1
0,0.4111021590270674,0,0
1,0.560189684868454,1,1
1,0.2956156945568005,0,0
0,0.9369613001097051,1,1
0,0.11525889412935936,0,0
0,0.7154151039977886,1,1
1,0.5864573165833598,1,1
1,0.3813329734130584,0,0
0,0.3316367662368607,0,0
0,0.41182409751694604,0,0
0,0.7644688259885362,1,1
0,0.6289866992628436,1,1
1,0.5916330940508123,1,1
0,0.5066484419285802,1,1
1,0.6703173340752425,1,1
1,0.818847889031211,1,1
1,0.16156424074254208,0,0
0,0.37492794981709926,0,0
1,0.8385701292777853,1,1
0,0.2050320717015397,0,0
0,0.7522236536672281,1,1
0,0.5186556138127761,1,1
1,0.22092417499741365,0,0
1,0.6083186566069354,1,1
0,0.7293611441393061,1,1
0,0.15998191542578938,0,0
0,0.10783062133555057,0,0
0,0.6137171896440795,1,1
1,0.7876917072333973,1,1
0,0.12111402645462531,0,0
0,0.6387793318738105,1,1
0,0.2689316292339192,0,0
0,0.5208874065480147,1,1
1,0.7039741715342844,1,1
1,0.8594120269810496,1,1
0,0.1746122616335332,0,0
1,0.7488504336998018,1,1
1,0.14432535868345095,0,0
1,0.7926921778819672,1,1
0,0.20982143078680365,0,0
0,0.6953657354345962,1,1
1,0.5152803358638642,1,1
0,0.1023763716965465,0,0
0,0.20686728638126967,0,0
1,0.5470378123974564,1,1
0,0.2782308688951665,0,0
0,0.3677912809928513,0,0
0,0.24184532059594588,0,0
0,0.41756320441746675,0,0
1,0.6863696859562419,1,1
0,0.12463605650253669,0,0
0,0.1217720711904115,0,0
0,0.25311325015253994,0,0
1,0.7481352713820705,1,1
1,0.8767258790330321,1,1
0,0.6136111149454001,1,1
1,0.47319698806849286,0,0
0,0.35808889695663076,0,0
0,0.15863803395200068,0,0
1,0.75731970461342,1,1
0,0.4315973544207397,0,0
1,0.8784171638116249,1,1
1,0.9585462707988979,1,1
1,0.6207023833154323,1,1
0,0.09161555945613395,0,0
1,0.11032938157539413,0,0
0,0.06595301962155767,0,0
1,0.7053195447884477,1,1
1,0.2560223650723764,0,0
0,0.2507615725035553,0,0
1,0.9144164950714438,1,1
0,0.5030930306534763,1,1
1,0.8258596191607822,1,1
0,0.19199633358417983,0,0
1,0.7624471418755441,1,1
0,0.7559794429476511,1,1
0,0.9045501507634395,1,1
0,0.2245110822070683,0,0
1,0.5570588100519046,1,1
0,0.1964757989157522,0,0
1,0.8140191492026605,1,1
0,0.22129535993642824,0,0
1,0.7155426057484602,1,1
0,0.04535945711391179,0,0
0,0.1539852143481696,0,0
0,0.1485641676463736,0,0
0,0.346943931076742,0,0
0,0.41342541925801085,0,0
0,0.05927289746419022,0,0
0,0.34063368997471527,0,0
0,0.5692762098979287,1,1
0,0.5583027461315464,1,1
1,0.6704869689008084,1,1
1,0.9393950638402432,1,1
0,0.1987047107074098,0,0
1,0.9005946255241968,1,1
0,0.34391264902326085,0,0
1,0.8634866558422399,1,1
0,0.6588444286444533,1,1
0,0.4444021425207542,0,0
1,0.7800466489983812,1,1
0,0.6743679104146978,1,1
0,0.6988309409054624,1,1
1,0.954349589059135,1,1
1,0.7084957011776031,1,1
1,0.6499094985125876,1,1
0,0.42286399976590555,0,0
0,0.2969962359580337,0,0
0,0.12929640918794147,0,0
0,0.700717292651873,1,1
1,0.4682050261016589,0,0
0,0.39798411159944347,0,0
0,0.13610111023670185,0,0
1,0.3268072093719266,0,0
0,0.05997499840563427,0,0
0,0.07412111420312437,0,0
1,0.8295153620042889,1,1
0,0.22320593502683994,0,0
0,0.5743585462887262,1,1
0,0.5033223140435801,1,1
0,0.6569827540905898,1,1
0,0.5230480758621137,1,1
0,0.681210357579764,1,1
1,0.9075091307709405,1,1
1,0.4883765682080063,0,0
0,0.4055086755177715,0,0
0,0.5484991823854952,1,1
1,0.7271482395690588,1,1
0,0.08028744021147562,0,0
0,0.5515029518778961,1,1
1,0.8885776073715147,1,1
0,0.368571024171388,0,0
1,0.8657404912310317,1,1
0,0.08604593391762493,0,0
0,0.48711763656946283,0,0
0,0.8367240493983963,1,1
1,0.5681819752904393,1,1
0,0.7408548798092347,1,1
0,0.3541805469291429,0,0
0,0.7197563109192933,1,1
0,0.42706743823737914,0,0
0,0.13427299247528401,0,0
1,0.8163880865479031,1,1
1,0.6682583411920211,1,1
0,0.8569017399620313,1,1
0,0.6256799640590659,1,1
1,0.881120320265501,1,1
0,0.4667183532711724,0,0
1,0.9356120360492796,1,1
0,0.43689722990045055,0,0
0,0.4081303814917055,0,0
1,0.5308043821123337,1,1
1,0.7053939556644929,1,1
1,0.17752375620570907,0,0
1,0.5699655766925962,1,1
1,0.594029433342699,1,1
1,0.5045198717700868,1,1
0,0.12286502444213653,0,0
1,0.8057604043377561,1,1
1,0.5597378923682975,1,1
0,0.9048242008384288,1,1
0,0.255294102962872,0,0
0,0.1516370576325503,0,0
1,0.1484916585053543,0,0
1,0.7841341332875112,1,1
1,0.7342908397946514,1,1
1,0.8188267980240057,1,1
0,0.5314368699419061,1,1
1,0.8871583638205722,1,1
1,0.6597493503535315,1,1
0,0.4644462262256523,0,0
0,0.4181566266793728,0,0
0,0.2763433410304841,0,0
0,0.8437136789590257,1,1
0,0.45904637462433756,0,0
0,0.10109392829293554,0,0
0,0.23658170340881443,0,0
0,0.6039916188744758,1,1
1,0.684440426617109,1,1
0,0.27281693968877935,0,0
0,0.24237957263711826,0,0
1,0.8294450551335019,1,1
1,0.8040865292983191,1,1
0,0.4663594842633328,0,0
0,0.3220434326142351,0,0
0,0.8388838342072152,1,1
1,0.6022785907303237,1,1
0,0.09826004870734681,0,0
0,0.24023426696434017,0,0
1,0.3444236579904048,0,0
0,0.7622835627266735,1,1
1,0.8551197996317951,1,1
0,0.45896267015382086,0,0
0,0.5979956868844066,1,1
0,0.8220651208502571,1,1
0,0.5085770361331996,1,1
0,0.2834790447874386,0,0
0,0.8240880550630441,1,1
1,0.5689069338168931,1,1
0,0.09769319880439116,0,0
0,0.184104396120656,0,0
1,0.4738985941979849,0,0
0,0.3798073552608545,0,0
0,0.04429558347518998,0,0
0,0.2590746562319239,0,0
0,0.5306571835231555,1,1
0,0.2633023518322131,0,0
0,0.7475453996264481,1,1
0,0.17915521217729283,0,0
1,0.3887355605212949,0,0
1,0.802694836560441,1,1
1,0.8596408510794897,1,1
0,0.31436835561304,0,0
0,0.09557147155883668,0,0
0,0.3542756331933959,0,0
0,0.6302589742429455,1,1
1,0.7241890072443556,1,1
0,0.17822438665648835,0,0
0,0.613627324929262,1,1
0,0.8206576157006591,1,1
0,0.5082827441415724,1,1
0,0.22885830949338562,0,0
1,0.4594107794939744,0,0
0,0.09068008418470817,0,0
0,0.6407926543746749,1,1
0,0.17008980778673874,0,0
1,0.8426975974007079,1,1
1,0.8327053659103151,1,1
0,0.09011886398299396,0,0
1,0.6894038309703855,1,1
1,0.5411229445511179,1,1
1,0.8517576701004218,1,1
0,0.5916144860605792,1,1
1,0.8529204007994597,1,1
1,0.6375021869449983,1,1
0,0.3989748502788798,0,0
1,0.37717935301221983,0,0
0,0.1198536248826606,0,0
1,0.888681107259324,1,1
1,0.7443128298643911,1,1
0,0.09586883120006127,0,0
0,0.35909714790857045,0,0
0,0.6325234867344524,1,1
0,0.7844443975953475,1,1
1,0.6189473109601348,1,1
0,0.2502048344698502,0,0
1,0.8767316243405846,1,1
0,0.4825483957620845,0,0
1,0.9259364570549422,1,1
0,0.4091707137422885,0,0
1,0.7086514023977308,1,1
1,0.8421703085398664,1,1
0,0.20029892984149586,0,0
0,0.47301387083806956,0,0
0,0.3725161154196743,0,0
0,0.10001207218944229,0,0
0,0.3145915059198534,0,0
0,0.848421523944035,1,1
0,0.3805717640295583,0,0
0,0.36042747865572733,0,0
0,0.5945693929583676,1,1
1,0.6894165673214194,1,1
0,0.7130870606753184,1,1
0,0.5007634365808548,1,1
1,0.7226895748867328,1,1
1,0.8419453870595506,1,1
0,0.8759893142063655,1,1
0,0.6159045791361508,1,1
1,0.6253459412073101,1,1
1,0.8320511494067127,1,1
0,0.7111069528260916,1,1
0,0.7155074553886075,1,1
0,0.20781641922672142,0,0
0,0.48908090707373514,0,0
1,0.5065407176671785,1,1
0,0.47505902483415413,0,0
1,0.7046291297951413,1,1
0,0.15716348927214352,0,0
1,0.804763449121273,1,1
1,0.14845610506466633,0,0
0,0.1667643751155244,0,0
1,0.8925984505120536,1,1
0,0.6087945629037436,1,1
1,0.6673116211518955,1,1
1,0.8435247885951691,1,1
1,0.580869617072634,1,1
1,0.9660234595386761,1,1
0,0.15847514626480483,0,0
1,0.8964976164443795,1,1
0,0.12972425030046741,0,0
0,0.7949032696969645,1,1
1,0.7890191816197025,1,1
0,0.07653321516925266,0,0
0,0.10404545414711203,0,0
0,0.7396483197935911,1,1
1,0.8061153702616055,1,1
1,0.7327916152128604,1,1
0,0.859986466782714,1,1
0,0.22179131046254824,0,0
0,0.7989844580327544,1,1
0,0.7827866702509697,1,1
0,0.25941560884235637,0,0
1,0.8913988352125333,1,1
1,0.7483594077527984,1,1
0,0.3266894026992082,0,0
0,0.09246676540895497,0,0
0,0.6971112234190034,1,1
0,0.509835204852076,1,1
0,0.820882891290958,1,1
1,0.821232371682305,1,1
0,0.39306225154512364,0,0
0,0.6505621524840721,1,1
1,0.8077100046961333,1,1
0,0.6999512533768346,1,1
0,0.16104769545151182,0,0
1,0.885717753972791,1,1
1,0.6601982698685114,1,1
1,0.5995990630153191,1,1
1,0.6056234423780047,1,1
0,0.16620235987661827,0,0
0,0.8962959877790192,1,1
0,0.22729308869377182,0,0
0,0.28131750193614313,0,0
0,0.2212578280123294,0,0
1,0.4990434670244085,0,0
0,0.22039942357536013,0,0
0,0.4159448481411439,0,0
1,0.8034569746904823,1,1
0,0.4154268814221588,0,0
0,0.10251432699954643,0,0
1,0.6646394223069899,1,1
0,0.24989829959332155,0,0
0,0.41286332792782304,0,0
0,0.5538853464991498,1,1
0,0.7302210002318448,1,1
1,0.3372273868488706,0,0
0,0.21411986431278646,0,0
1,0.8319129473757392,1,1
0,0.1576208809486995,0,0
0,0.666508905598909,1,1
1,0.7719570534368317,1,1
0,0.19937175762151774,0,0
0,0.30993650347614177,0,0
0,0.432522556306767,0,0
1,0.20408173815109173,0,0
1,0.7972235863343733,1,1
1,0.8578204966883237,1,1
0,0.3159575827130028,0,0
0,0.174347128141099,0,0
0,0.5079395904714185,1,1
1,0.8799855696716087,1,1
0,0.4407113813849429,0,0
0,0.16986448481573704,0,0
1,0.3224323704134645,0,0
0,0.21625160575864705,0,0
1,0.6272372014465267,1,1
0,0.3719799882253292,0,0
0,0.053118341277171605,0,0
1,0.7634920406094746,1,1
0,0.7493240111838818,1,1
0,0.11737736478003785,0,0
0,0.0625195121311529,0,0
1,0.5508050860360436,1,1
1,0.7781890020690503,1,1
0,0.15015732151249928,0,0
0,0.3909086638035307,0,0
1,0.8817597546608978,1,1
1,0.6849847631085731,1,1
1,0.5158079620978233,1,1
0,0.05232309864749334,0,0
1,0.8486783542091026,1,1
1,0.267521343803921,0,0
1,0.8314648948068815,1,1
0,0.20070656320193475,0,0
1,0.12668977317140767,0,0
0,0.5213795274820747,1,1
0,0.270959341343964,0,0
0,0.18416058967124654,0,0
1,0.6477653862290249,1,1
0,0.5150954172554769,1,1
1,0.3160376499216343,0,0
0,0.530746547131625,1,1
0,0.6217390782128562,1,1
0,0.11321991883635452,0,0
1,0.5015767060102747,1,1
0,0.3351490438732402,0,0
1,0.6828696075938704,1,1
0,0.4405661348847633,0,0
0,0.43565201915745366,0,0
0,0.7413980845172266,1,1
0,0.33874146629001145,0,0
0,0.40955199991539976,0,0
0,0.5875623284196246,1,1
0,0.19006784819949854,0,0
1,0.5189160270076931,1,1
1,0.47161704064426546,0,0
0,0.14750377842357298,0,0
0,0.16580425443369814,0,0
0,0.34771095451250006,0,0
0,0.29108856463116367,0,0
0,0.10509457838512395,0,0
1,0.7062001073773274,1,1
0,0.5446041382580568,1,1
0,0.7028701402822938,1,1
0,0.588049438400318,1,1
1,0.9200656240845243,1,1
0,0.6302218141806906,1,1
0,0.45231594941726494,0,0
1,0.6255028394797667,1,1
0,0.6739824238744243,1,1
0,0.5751486109957228,1,1
1,0.8758121342666348,1,1
0,0.40433137447755635,0,0
1,0.7597610141309811,1,1
0,0.1685260828957084,0,0
1,0.866543312472624,1,1
0,0.2927223711771119,0,0
0,0.5450318026109067,1,1
1,0.7840785737255297,1,1
0,0.5441134550046677,1,1
0,0.8231227570814007,1,1
0,0.09701263474877274,0,0
0,0.27288638935527076,0,0
1,0.7130029380586332,1,1
0,0.5149317138021874,1,1
1,0.31244131163097755,0,0
1,0.7851525431451544,1,1
0,0.3206120723776958,0,0
0,0.3927714639652519,0,0
0,0.45854031369850906,0,0
1,0.7422165598340337,1,1
0,0.8248242942862319,1,1
0,0.5144669773303452,1,1
0,0.10663296097930576,0,0
0,0.1484912190613631,0,0
1,0.7590921247600326,1,1
0,0.5792199595157388,1,1
0,0.34424129524036834,0,0
1,0.9603154367062184,1,1
1,0.6374107108103931,1,1
0,0.80451001377713,1,1
0,0.13411234259168692,0,0
0,0.05133339534794395,0,0
0,0.8812495320135257,1,1
0,0.5168140900688876,1,1
1,0.9026045736379942,1,1
1,0.8101084921801542,1,1
0,0.36749434504225803,0,0
0,0.1990491678370361,0,0
0,0.2738660541212541,0,0
0,0.11004201094200529,0,0
1,0.859696958116826,1,1
0,0.09887349164338344,0,0
0,0.09445867837524673,0,0
1,0.3413997145892594,0,0
0,0.23810527081822053,0,0
0,0.15950489117378616,0,0
1,0.34654523699991463,0,0
1,0.8964866717327934,1,1
0,0.29841649788126534,0,0
0,0.6662699773039855,1,1
0,0.3183560995627174,0,0
1,0.8653591873757174,1,1
0,0.49039833816275985,0,0
0,0.3075754076800794,0,0
1,0.6814512062328756,1,1
1,0.7247122767359304,1,1
0,0.33310333146168986,0,0
0,0.5478045694947461,1,1
0,0.14984807167920733,0,0
0,0.09646578685604869,0,0
0,0.17829304614230984,0,0
1,0.5531859105341949,1,1
0,0.4650261519161372,0,0
1,0.9439045229210091,1,1
0,0.27978881385682064,0,0
0,0.911051993296738,1,1
0,0.1121708076375002,0,0
1,0.9413806616097695,1,1
0,0.33853242860016586,0,0
0,0.05288766964373698,0,0
0,0.23741999579108877,0,0
0,0.6543556488643152,1,1
0,0.46989575978929626,0,0
1,0.9273305723966042,1,1
0,0.5551029036704405,1,1
1,0.6319599217691237,1,1
0,0.16591521653236274,0,0
0,0.1440522600226714,0,0
1,0.6901506424451368,1,1
0,0.15754483934628255,0,0
0,0.7663542075255549,1,1
1,0.45704780015478186,0,0
1,0.6523433778337168,1,1
1,0.12210578325044849,0,0
1,0.27066743173121705,0,0
1,0.36877292776092946,0,0
0,0.21713851508503965,0,0
0,0.3001684168786068,0,0
0,0.0977869663272203,0,0
0,0.37446946781197554,0,0
0,0.8821434057067487,1,1
0,0.299599246990064,0,0
0,0.2700753359110302,0,0
0,0.7958522210455167,1,1
0,0.11453245152772727,0,0
1,0.9001578530752654,1,1
1,0.7869446021693903,1,1
0,0.1406907023052025,0,0
0,0.29775575815532396,0,0
1,0.7882938210065538,1,1
1,0.6203688601761033,1,1
0,0.2687016464862314,0,0
0,0.07210547173999002,0,0
0,0.46959750416493595,0,0
1,0.7799291291771641,1,1
1,0.8321044302356421,1,1
0,0.5637617843862125,1,1
0,0.4789611491452124,0,0
1,0.644021795405096,1,1
0,0.164225984967333,0,0
0,0.2939594343606418,0,0
0,0.20709413838802684,0,0
0,0.14866111626493445,0,0
0,0.7737241995623915,1,1
0,0.21999141285893423,0,0
0,0.5482155849757062,1,1
0,0.9429203542414558,1,1
0,0.06292466445407195,0,0
1,0.7013996210234659,1,1
1,0.5830436861782861,1,1
1,0.8853494974657826,1,1
0,0.21767143020385646,0,0
1,0.960606558874055,1,1
1,0.9135750156261304,1,1
0,0.34396246039395983,0,0
0,0.23868599227485196,0,0
0,0.3695168429026902,0,0
0,0.6988128836040296,1,1
0,0.2289472500277404,0,0
0,0.581275589487641,1,1
0,0.43906483679428593,0,0
1,0.1518321700169246,0,0
0,0.5708831285967552,1,1
1,0.559582879197921,1,1
1,0.8618310164748197,1,1
0,0.06243237411031586,0,0
1,0.627994963721533,1,1
0,0.2397464264201299,0,0
1,0.7135303861724377,1,1
0,0.5325752867156354,1,1
0,0.25425748364405387,0,0
0,0.1606973777025019,0,0
0,0.32102713728107657,0,0
0,0.09030087466736497,0,0
0,0.4288585693410899,0,0
1,0.17080075788507942,0,0
0,0.18643927528870743,0,0
0,0.3405142575907093,0,0
1,0.9173455341488742,1,1
1,0.6477924171504935,1,1
0,0.5507584291758879,1,1
0,0.5496607146204467,1,1
0,0.3262367428787583,0,0
0,0.2636926133370937,0,0
1,0.752412191293171,1,1
1,0.7306751630901673,1,1
0,0.7510382456833706,1,1
1,0.6752614660666346,1,1
0,0.24113360311805193,0,0
0,0.0755803873737779,0,0
0,0.11623992587622178,0,0
1,0.3555989665493089,0,0
0,0.12355496020957099,0,0
1,0.6967100593250678,1,1
1,0.16146917957935278,0,0
0,0.18548391089142918,0,0
1,0.7609898451146201,1,1
1,0.9110263446054867,1,1
1,0.5398717651342262,1,1
0,0.5729367879043639,1,1
0,0.19351775361090226,0,0
0,0.2467023283057896,0,0
0,0.6391290262001574,1,1
1,0.3837734679999798,0,0
1,0.45867114261517083,0,0
1,0.8581919538877233,1,1
0,0.43837426258777396,0,0
1,0.8014100240245265,1,1
1,0.12890734741282414,0,0
1,0.8596610456306409,1,1
1,0.7135972681509516,1,1
1,0.6022713752289501,1,1
0,0.4971042402630609,0,0
1,0.44094761173018343,0,0
0,0.6331215450495559,1,1
0,0.7230441443527956,1,1
1,0.7412260969261674,1,1
0,0.8902220662129235,1,1
0,0.20987272475632457,0,0
0,0.21048993135183805,0,0
1,0.7434231928303323,1,1
0,0.17772958398756733,0,0
0,0.559810126923272,1,1
1,0.7261051138067758,1,1
0,0.6534990843768437,1,1
0,0.844678479210465,1,1
1,0.5111050526182178,1,1
0,0.09622126077174441,0,0
0,0.7734093632785749,1,1
1,0.8811697205108664,1,1
1,0.37248733335551054,0,0
0,0.4719209173965597,0,0
0,0.2257773997296547,0,0
0,0.1346654115586889,0,0
0,0.602913280852122,1,1
0,0.2469176521416543,0,0
0,0.7878649054988893,1,1
1,0.43236850570112373,0,0
1,0.9609219936495369,1,1
0,0.26025166565576585,0,0
1,0.43021476957331556,0,0
0,0.9082970877597627,1,1
0,0.11877612565283055,0,0
0,0.7273992893930792,1,1
0,0.09641842843494122,0,0
1,0.72033302059564,1,1
0,0.40196320278373826,0,0
1,0.9021233877764998,1,1
0,0.55068422684869,1,1
1,0.725382118360697,1,1
0,0.1868464104840659,0,0
0,0.24319569354135961,0,0
0,0.13923655489976008,0,0
0,0.8754658693698366,1,1
0,0.2221652056345048,0,0
0,0.19018499180626824,0,0
0,0.07537381632008132,0,0
0,0.4279316877516994,0,0
0,0.6077222605652957,1,1
1,0.6137835109767324,1,1
0,0.11907381195403093,0,0
1,0.9102213497571833,1,1
1,0.845131678730562,1,1
1,0.828640679959301,1,1
0,0.8844636697619012,1,1
1,0.8840794481557197,1,1
0,0.8195557114358984,1,1
0,0.19500653306525592,0,0
1,0.8447818749866459,1,1
0,0.3099449183038495,0,0
0,0.17537601051480012,0,0
1,0.5986384724930381,1,1
0,0.12825418782175418,0,0
0,0.42909314753881883,0,0
0,0.37445858491849926,0,0
1,0.5580955760706353,1,1
0,0.17753476372715282,0,0
1,0.5457930869126886,1,1
0,0.3561614262984433,0,0
1,0.42316015988401373,0,0
0,0.28988300123215316,0,0
1,0.8721709686486164,1,1
0,0.14488898109429152,0,0
0,0.4315103819148066,0,0
0,0.8002878023480461,1,1
0,0.4974210846539934,0,0
0,0.889230526232557,1,1
0,0.3069306855979989,0,0
1,0.8812630451020078,1,1
0,0.17347284866138085,0,0
1,0.8013113303069528,1,1
0,0.40804981721882333,0,0
0,0.20920074150783816,0,0
1,0.7329557200918775,1,1
1,0.7367891567284556,1,1
0,0.37495359033792425,0,0
0,0.10922337392956717,0,0
0,0.10391501808023275,0,0
0,0.316756135331421,0,0
0,0.20176324100803222,0,0
1,0.9235503068545874,1,1
0,0.385609265218007,0,0
0,0.4077308615955371,0,0
1,0.7565903939041692,1,1
0,0.10261500011130822,0,0
1,0.7722535077709299,1,1
1,0.8235024742635305,1,1
0,0.10282644548982676,0,0
1,0.6430237151733542,1,1
1,0.6609505071430719,1,1
0,0.09446536009161416,0,0
1,0.8499661822860654,1,1
1,0.33791310304723327,0,0
1,0.10949956401496692,0,0
0,0.7319595320062561,1,1
1,0.7938000239930582,1,1
0,0.5096292936581563,1,1
1,0.6653777098465563,1,1
0,0.8928216910805731,1,1
0,0.7539899751394161,1,1
0,0.8746661254738922,1,1
0,0.6597072302794486,1,1
1,0.8468132578049554,1,1
1,0.8646469381789234,1,1
0,0.09455524081182021,0,0
0,0.4379516092123537,0,0
1,0.8649085487535095,1,1
1,0.8901514268345625,1,1
0,0.16999647072096397,0,0
1,0.35249939387336127,0,0
1,0.6174816003001822,1,1
0,0.5114669768026894,1,1
0,0.22198113110082757,0,0
0,0.5101459906944231,1,1
0,0.1079684588481742,0,0
0,0.6468088103776469,1,1
1,0.6971199905366972,1,1
1,0.7381594501317931,1,1
0,0.10234346540502448,0,0
0,0.29972467586735885,0,0
0,0.4958060962659532,0,0
0,0.15328221181733426,0,0
0,0.7352761872531636,1,1
0,0.14253243886452235,0,0
0,0.12013083401733451,0,0
1,0.8912909560082999,1,1
0,0.5340157170609428,1,1
0,0.8190032777706547,1,1
1,0.7443251200155098,1,1
1,0.7140278367638119,1,1
1,0.4000698230881759,0,0
0,0.5586281837964555,1,1
0,0.2787423393423358,0,0
1,0.7327258300644259,1,1
0,0.33134910028690623,0,0
1,0.5183371428519287,1,1
0,0.7291928274989343,1,1
0,0.6524787813645313,1,1
1,0.40206861448617626,0,0
0,0.36966491997333245,0,0
0,0.2760247291886897,0,0
0,0.4708287771409074,0,0
0,0.2660145038821383,0,0
0,0.5403250511406755,1,1
0,0.6466313541136564,1,1
1,0.8046350558119935,1,1
0,0.09641842843494122,0,0
1,0.5850032562895119,1,1
1,0.8662051366615529,1,1
0,0.44236766084688506,0,0
0,0.8060935151530018,1,1
0,0.2790446922020739,0,0
0,0.749673910746276,1,1
1,0.9420159441017965,1,1
1,0.7368078079385437,1,1
1,0.803108380585134,1,1
0,0.3802424362220197,0,0
1,0.9079430613982833,1,1
1,0.8485438853064293,1,1
0,0.37315278780749633,0,0
1,0.4707674446405201,0,0
0,0.3137672596939421,0,0
0,0.2228163678600657,0,0
1,0.6213029236538753,1,1
1,0.3849126494129585,0,0
0,0.07998129572712644,0,0
0,0.7498183868749146,1,1
1,0.8346462296198953,1,1
1,0.8643927409552714,1,1
0,0.25657841156462163,0,0
0,0.8183961914433632,1,1
0,0.870010765550746,1,1
1,0.2211038583859689,0,0
0,0.0784364496098569,0,0
0,0.6902586531224845,1,1
0,0.10284136237632331,0,0
0,0.5146311262868613,1,1
0,0.10364628652899564,0,0
1,0.6531826385551605,1,1
1,0.4017121504400212,0,0
0,0.1877699276681187,0,0
0,0.8270658920981946,1,1
0,0.2616861484843995,0,0
0,0.10310423443204313,0,0
1,0.46526593512781783,0,0
1,0.8225348559744226,1,1
0,0.044074419180781775,0,0
0,0.5249260893240238,1,1
0,0.24396034487372054,0,0
1,0.5050874954629235,1,1
1,0.6804012491557211,1,1
0,0.6412652557563875,1,1
0,0.4040200975593275,0,0
1,0.5212977284678423,1,1
0,0.587732031879079,1,1
0,0.33059317679725414,0,0
0,0.36392293031167056,0,0
1,0.7755061154255176,1,1
0,0.12670907510450644,0,0
0,0.5021656811398991,1,1
1,0.12129072614382011,0,0
0,0.804152894423342,1,1
1,0.5560891825803751,1,1
0,0.18361220509749346,0,0
0,0.369764723560034,0,0
1,0.4104275841263211,0,0
0,0.3922606465657921,0,0
0,0.3653658391398633,0,0
0,0.8483185334160688,1,1
0,0.5230209068563456,1,1
0,0.6903838853774247,1,1
0,0.4801440029271152,0,0
1,0.6018728125995053,1,1
1,0.7895961143098905,1,1
0,0.3262496062646015,0,0
1,0.5670749983894101,1,1
0,0.8314713118629802,1,1
0,0.46293712809640214,0,0
0,0.1433604578730778,0,0
1,0.4466197859468206,0,0
1,0.6861869015602544,1,1
1,0.813225570266069,1,1
1,0.8129790899875026,1,1
1,0.501592102558628,1,1
0,0.12182605928966708,0,0
0,0.351107041155611,0,0
1,0.8786781853381539,1,1
0,0.28052840196686013,0,0
1,0.3271295106858161,0,0
1,0.8248512905717371,1,1
1,0.8078185119757372,1,1
0,0.07785400354542199,0,0
0,0.13019967594303017,0,0
0,0.7847835456466242,1,1
0,0.29486676375266585,0,0
0,0.17603411444912276,0,0
1,0.8440969058223609,1,1
0,0.4023250623667973,0,0
1,0.7095595462599521,1,1
0,0.2925271730181909,0,0
1,0.7169338679405424,1,1
0,0.6000741344796442,1,1
0,0.1196988659794079,0,0
1,0.8644910521356786,1,1
1,0.4550461294058586,0,0
1,0.6325413186698067,1,1
0,0.8293914382427746,1,1
1,0.863373442804712,1,1
1,0.7404765923904155,1,1
0,0.5690862853299943,1,1
1,0.6406716020365255,1,1
0,0.8114899556995627,1,1
1,0.8069653864762487,1,1
0,0.39395940256660633,0,0
0,0.6141811674998255,1,1
1,0.39398803345602945,0,0
1,0.8914869116786798,1,1
1,0.6488269335503998,1,1
1,0.6422389013761343,1,1
0,0.1594235765768567,0,0
0,0.6687995286327818,1,1
0,0.33643948737789575,0,0
0,0.3729156160010771,0,0
0,0.10832917517282624,0,0
1,0.8134632346515603,1,1
1,0.6992112119644822,1,1
1,0.8754155537309705,1,1
0,0.21927643200574062,0,0
1,0.7328255829081329,1,1
1,0.8177470809108349,1,1
1,0.7300758109519826,1,1
0,0.8697520279107821,1,1
0,0.7988449659578103,1,1
0,0.07356962420935884,0,0
0,0.5285359915610048,1,1
1,0.5373981044466629,1,1
1,0.31866136099136355,0,0
0,0.3678473661644757,0,0
0,0.573793653916085,1,1
1,0.3295922827086091,0,0
1,0.04254999763893235,0,0
0,0.5224332040162949,1,1
0,0.34190221641879137,0,0
0,0.23186300134152585,0,0
1,0.9294798857942836,1,1
0,0.41875897471406887,0,0
1,0.6996061555638479,1,1
1,0.6315359474399955,1,1
0,0.2725315589352579,0,0
0,0.6045294681847891,1,1
0,0.5103829090132156,1,1
0,0.6467966339433767,1,1
0,0.41247686860412724,0,0
1,0.8265623373999468,1,1
1,0.7164540195558043,1,1
0,0.6876629804375074,1,1
1,0.863288484870962,1,1
0,0.42113017897617105,0,0
1,0.48346160845908415,0,0
0,0.14660893806522893,0,0
1,0.8348026525184638,1,1
1,0.7001239518237339,1,1
0,0.18833553822370305,0,0
1,0.8830467241261861,1,1
0,0.19223443502811807,0,0
1,0.49415493287124135,0,0
1,0.5500772929374806,1,1
0,0.41497936289899834,0,0
1,0.4952497978971448,0,0
1,0.7785197057721671,1,1
0,0.1491357626609966,0,0
0,0.7463161536978181,1,1
0,0.2839823377719276,0,0
1,0.5320979360344784,1,1
1,0.512581568792629,1,1
0,0.36562829356768317,0,0
0,0.22462584845052533,0,0
1,0.4937958632725371,0,0
0,0.3028754377295753,0,0
0,0.16126378102085367,0,0
1,0.6788657069737167,1,1
1,0.8020180528187874,1,1
0,0.42189823300066903,0,0
1,0.6906013824045961,1,1
1,0.6988565750812502,1,1
0,0.23502611828968487,0,0
0,0.2671436958588348,0,0
1,0.7474663111500278,1,1
0,0.1544613251321134,0,0
0,0.244090419108698,0,0
0,0.7284267548392701,1,1
1,0.9088486169959762,1,1
1,0.27036135550818197,0,0
0,0.26409598969982045,0,0
1,0.7526415056251118,1,1
1,0.8697215746960361,1,1
0,0.7609778667394614,1,1
0,0.17995289900091177,0,0
1,0.25234517861557915,0,0
0,0.07245332120486515,0,0
1,0.8498330469376733,1,1
0,0.31378592568720404,0,0
0,0.19627453271850306,0,0
1,0.6230296133711337,1,1
0,0.6866728176107336,1,1
0,0.4605897473998138,0,0
0,0.3521081880394582,0,0
0,0.1956051293879021,0,0
1,0.15331639502128777,0,0
1,0.5030473284168685,1,1
1,0.6226891153313412,1,1
0,0.6393908085685661,1,1
0,0.6747628937661944,1,1
0,0.6300085599079257,1,1
0,0.18779301871854515,0,0
1,0.8698939406610418,1,1
1,0.7444699901654102,1,1
0,0.2885093639942988,0,0
0,0.1276112225623567,0,0
1,0.8156624857476905,1,1
1,0.6905991771566314,1,1
0,0.22304847306790654,0,0
0,0.5890354593930986,1,1
0,0.5349901237993595,1,1
0,0.7215173221913123,1,1
0,0.06771920967862183,0,0
1,0.9333085326589005,1,1
0,0.1506854820582693,0,0
1,0.17885199979800728,0,0
1,0.6127527566187617,1,1
1,0.8654390847285357,1,1
0,0.2812923783260137,0,0
0,0.4073710828118563,0,0
1,0.8400966627682928,1,1
0,0.16621712121825843,0,0
1,0.11090759270791288,0,0
0,0.06609365067011522,0,0
1,0.6233473861147597,1,1
0,0.23093617744664688,0,0
0,0.604832050381085,1,1
0,0.20330044369698927,0,0
1,0.8050488873477449,1,1
0,0.3263900416277065,0,0
0,0.6485499874166851,1,1
1,0.4127634178203999,0,0
1,0.5173491745049461,1,1
1,0.4572759805549762,0,0
0,0.26403934676841734,0,0
0,0.38481120845445776,0,0
0,0.05226151348329349,0,0
0,0.26254728096604796,0,0
1,0.5588683750301048,1,1
0,0.5328014014031318,1,1
0,0.35748180170254995,0,0
1,0.6250884592466952,1,1
1,0.7162027771672419,1,1
0,0.5414360153641655,1,1
0,0.9476940372131518,1,1
0,0.48949713718024873,0,0
0,0.10559368356852765,0,0
1,0.9100519030232609,1,1
1,0.7590909253334897,1,1
0,0.23547599094970237,0,0
1,0.7329347055525178,1,1
1,0.9144843889110609,1,1
0,0.558419468338166,1,1
1,0.690909179991864,1,1
1,0.7572355604152794,1,1
1,0.706153633400676,1,1
0,0.05601312796794767,0,0
0,0.3253677861967402,0,0
1,0.4828769194580584,0,0
1,0.42308882978964096,0,0
1,0.6419029719069601,1,1
0,0.6421049637265992,1,1
0,0.1344893701776552,0,0
0,0.7628404307089329,1,1
0,0.4099300948908257,0,0
1,0.47874052105030734,0,0
0,0.2591855618848588,0,0
1,0.6997707874059654,1,1
0,0.358206771264124,0,0
1,0.9150487465813546,1,1
1,0.7093168048041883,1,1
0,0.21022892978236693,0,0
0,0.12170800233567484,0,0
1,0.7516681794316972,1,1
0,0.33772475567284216,0,0
1,0.6816686451881752,1,1
1,0.44241772527725676,0,0
0,0.4010637113669697,0,0
0,0.10993222708470105,0,0
0,0.11868957773042219,0,0
0,0.5510274553023973,1,1
0,0.24791398510038362,0,0
0,0.2748404577468482,0,0
0,0.13019824603812355,0,0
1,0.7998730066011581,1,1
0,0.7731843210265632,1,1
1,0.8667984524783213,1,1
0,0.6349709769705278,1,1
0,0.7412623638010692,1,1
0,0.1173889890270434,0,0
0,0.10016569484329134,0,0
0,0.5501314492004412,1,1
0,0.33285581309709245,0,0
1,0.8582725496399176,1,1
1,0.7919734268969013,1,1
0,0.7146776904176048,1,1
0,0.41193721617602985,0,0
0,0.8397152275327823,1,1
0,0.09866601829703482,0,0
0,0.7095367758778516,1,1
0,0.25633312451018564,0,0
1,0.864026370569495,1,1
1,0.6518041463200943,1,1
1,0.32765715493944114,0,0
0,0.13857732492884967,0,0
0,0.1717599410563425,0,0
0,0.64850145149267,1,1
0,0.826819869821217,1,1
0,0.21910279191298765,0,0
0,0.09838949653681457,0,0
1,0.7845024516074114,1,1
0,0.13143624124733266,0,0
0,0.3883660353754092,0,0
0,0.17463773279261435,0,0
0,0.3288234738187723,0,0
0,0.12154930955799126,0,0
0,0.20364396565065482,0,0
0,0.5805856541208331,1,1
0,0.6549742395625798,1,1
1,0.6269071081364512,1,1
0,0.40845993599515107,0,0
0,0.1286206606856079,0,0
1,0.7677216043023979,1,1
0,0.49597813943198665,0,0
0,0.30524494521854806,0,0
1,0.6107484588320959,1,1
1,0.4968428940744092,0,0
1,0.8236407182942532,1,1
1,0.7789925567053955,1,1
1,0.4132343333023345,0,0
1,0.8858413423964572,1,1
0,0.05899129298805291,0,0
0,0.8871534193564229,1,1
0,0.622997568896464,1,1
1,0.8844722068162915,1,1
0,0.7410011099951044,1,1
0,0.5576509503183599,1,1
1,0.6329464073038631,1,1
0,0.3092077240982158,0,0
0,0.05298814032089612,0,0
0,0.5720363513930379,1,1
1,0.7286232851406429,1,1
1,0.8653911645551366,1,1
0,0.2366114221231785,0,0
0,0.08628057423366745,0,0
1,0.8921496878388898,1,1
0,0.8279705378829632,1,1
0,0.4835387272324289,0,0
0,0.11030605676221716,0,0
1,0.8649029871400287,1,1
0,0.6935661512829742,1,1
0,0.19528923043297225,0,0
0,0.212593919549933,0,0
0,0.08389920899350635,0,0
0,0.8359622579008988,1,1
0,0.4469859970960039,0,0
0,0.4183100456831451,0,0
1,0.7771938337311096,1,1
1,0.3817437251547629,0,0
0,0.09122576897905808,0,0
1,0.5660000004939607,1,1
1,0.9224519608932865,1,1
0,0.9196259451041383,1,1
0,0.18188309286405316,0,0
0,0.30407434510516135,0,0
0,0.4669192055762393,0,0
0,0.2378583394255997,0,0
1,0.8183122307176118,1,1
1,0.7458812768804555,1,1
0,0.16738153382903487,0,0
1,0.9598229054097177,1,1
0,0.3263990773485328,0,0
0,0.901498307019424,1,1
0,0.41516726701444007,0,0
1,0.9294407908540318,1,1
0,0.17410185964903674,0,0
1,0.9020537041005763,1,1
1,0.8072141030850414,1,1
1,0.6403753071787271,1,1
0,0.6484910487134207,1,1
1,0.7866942898984352,1,1
0,0.45439720794355,0,0
0,0.8523850399984428,1,1
0,0.415766508383365,0,0
0,0.23841000749954996,0,0
1,0.6739593716151444,1,1
0,0.07688317168599441,0,0
0,0.28457117595341735,0,0
0,0.5344125434893071,1,1
0,0.5934573274822724,1,1
0,0.22785062199949885,0,0
0,0.44675873995671783,0,0
0,0.8630461737933186,1,1
0,0.25785072012984095,0,0
0,0.28362918360941125,0,0
0,0.5416068135707082,1,1
1,0.8994484123217521,1,1
1,0.8322571503266863,1,1
1,0.6010996844612483,1,1
1,0.9230261604339312,1,1
1,0.9171718954878125,1,1
0,0.6249401347293725,1,1
0,0.3686987061839032,0,0
0,0.2671064096797301,0,0
0,0.7936202381385791,1,1
0,0.09298369233448218,0,0
0,0.4748419568590337,0,0
0,0.31974625459769723,0,0
1,0.8818292145800284,1,1
0,0.42917622140339107,0,0
1,0.829646560760079,1,1
1,0.18240961386914614,0,0
0,0.17700796151711054,0,0
1,0.671506747559069,1,1
0,0.3443685265705996,0,0
0,0.14915234567478391,0,0
1,0.649648484644643,1,1
1,0.521583025834931,1,1
0,0.2759014191872981,0,0
0,0.1735926384383573,0,0
0,0.22664278042595906,0,0
1,0.359766729752815,0,0
1,0.845232017562115,1,1
0,0.09209775513190419,0,0
1,0.5911881163140884,1,1
0,0.11106720833604705,0,0
0,0.6898115235412322,1,1
0,0.2801652163802717,0,0
1,0.7623672231595044,1,1
1,0.7901130301816996,1,1
0,0.5669852363689943,1,1
0,0.4447911886386858,0,0
0,0.24039201010467784,0,0
1,0.8384916352746996,1,1
0,0.16538940683557335,0,0
1,0.8402901614445906,1,1
0,0.9132459313751728,1,1
1,0.7517597410478872,1,1
1,0.20138036084348038,0,0
1,0.9232217158473286,1,1
1,0.9367720072016893,1,1
1,0.8801282781213311,1,1
1,0.45236420050164095,0,0
0,0.3093099359074571,0,0
1,0.3889930209364021,0,0
0,0.8920054624456585,1,1
0,0.13271651677948074,0,0
1,0.8666066471178575,1,1
0,0.6921150649491319,1,1
0,0.7833986294397794,1,1
1,0.9254981935557755,1,1
0,0.41046432069366123,0,0
0,0.2302220458678984,0,0
1,0.6858107648981979,1,1
1,0.9011595775588053,1,1
1,0.49934110151624433,0,0
0,0.3608399571113797,0,0
1,0.2639153843929081,0,0
1,0.5992488624567168,1,1
0,0.6714595489126329,1,1
0,0.3210274648538585,0,0
0,0.3425357434241409,0,0
1,0.5246701136546912,1,1
0,0.42583111758713676,0,0
0,0.5113037661065596,1,1
0,0.21738561268503864,0,0
0,0.5100844638558925,1,1
0,0.1370203585253942,0,0
0,0.7523827132560577,1,1
1,0.881219856577423,1,1
1,0.7170934141089518,1,1
1,0.519747541670747,1,1
0,0.4318698550209529,0,0
1,0.8558084267932946,1,1
0,0.4712230764233852,0,0
0,0.3887181449182893,0,0
1,0.7058496399398417,1,1
0,0.31102609982334284,0,0
0,0.3500542007007905,0,0
0,0.17653365455610845,0,0
0,0.3195645334712412,0,0
0,0.6907425141144623,1,1
1,0.9493306510396748,1,1
0,0.558776007363003,1,1
1,0.5055763026676158,1,1
0,0.8604712378034002,1,1
0,0.6046590540644549,1,1
0,0.866798985897193,1,1
0,0.786451188066295,1,1
1,0.6400911815720886,1,1
1,0.6500201003004291,1,1
0,0.25089241661546335,0,0
0,0.21375265446965297,0,0
0,0.4938025507502615,0,0
1,0.29542039035431816,0,0
0,0.2381748610009217,0,0
0,0.430215793799965,0,0
0,0.6603155304291737,1,1
0,0.16316200225742675,0,0
1,0.7194697080557793,1,1
1,0.5678982652907744,1,1
0,0.0712502807271088,0,0
0,0.4116438196100336,0,0
1,0.7003298597929088,1,1
0,0.4241410838823987,0,0
1,0.9151718376832556,1,1
0,0.18853819625399534,0,0
1,0.8864322421190736,1,1
0,0.07481630038808752,0,0
0,0.850300816239724,1,1
0,0.4467758927880531,0,0
0,0.08967185638109205,0,0
0,0.4943319102916615,0,0
1,0.8125214196594451,1,1
0,0.44399132434403377,0,0
0,0.31907886021714804,0,0
0,0.233795863101148,0,0
0,0.42582734916366755,0,0
1,0.7627475568704379,1,1
1,0.6224998627984112,1,1
0,0.17050142862509593,0,0
0,0.3902206081965457,0,0
0,0.5104708447169756,1,1
0,0.38382938759808044,0,0
1,0.3001570618692577,0,0
0,0.35370997399061466,0,0
0,0.14427925299168612,0,0
0,0.46040174289124847,0,0
0,0.4067352970972165,0,0
1,0.4736015429824806,0,0
1,0.8164992455722663,1,1
1,0.477536449640012,0,0
1,0.8715370562040539,1,1
0,0.6018273932351275,1,1
0,0.18418725153034002,0,0
0,0.821332804341573,1,1
0,0.28596952004929654,0,0
1,0.5906318990213137,1,1
0,0.3052320683187612,0,0
0,0.3008665259820644,0,0
0,0.2338692610014803,0,0
0,0.4466291620880225,0,0
1,0.8091210856267819,1,1
1,0.8406900831719311,1,1
1,0.9157339618618354,1,1
0,0.42511621539024114,0,0
0,0.5710477540261323,1,1
1,0.8804991002638031,1,1
1,0.7769036027999664,1,1
0,0.3792738575940794,0,0
0,0.8637315458970926,1,1
1,0.5052958790451549,1,1
0,0.3881207969744069,0,0
0,0.39687176792495815,0,0
0,0.6235726025926547,1,1
1,0.8169505199968355,1,1
1,0.5590747577942949,1,1
1,0.9570669928602445,1,1
1,0.8414684524474392,1,1
0,0.22452911928190492,0,0
0,0.37002703386867336,0,0
0,0.18945747961736817,0,0
1,0.13209789305235983,0,0
1,0.746400438308288,1,1
0,0.14647757964299027,0,0
0,0.5109887052180441,1,1
0,0.604337611823943,1,1
0,0.6231701485372554,1,1
1,0.5988521927759419,1,1
0,0.833728063090995,1,1
0,0.8277459449059752,1,1
1,0.7518287706697935,1,1
0,0.6481343428374613,1,1
0,0.36311458623914394,0,0
0,0.10395940318194068,0,0
1,0.3410061693805273,0,0
0,0.07143355203361097,0,0
1,0.916193536531276,1,1
1,0.7992286764199225,1,1
0,0.3084083515642522,0,0
0,0.34794506289925037,0,0
0,0.3829974222270476,0,0
0,0.24819373268843747,0,0
0,0.24717627950427246,0,0
1,0.8579628717924824,1,1
1,0.6458062356889304,1,1
1,0.6202504121079567,1,1
0,0.8261784740640546,1,1
0,0.24779966160037,0,0
1,0.8008691915452338,1,1
1,0.9090393069002658,1,1
0,0.5734523722013469,1,1
0,0.57857719346376,1,1
0,0.20190727266578312,0,0
1,0.8102317789666174,1,1
0,0.2783084064141496,0,0
0,0.2228393946507288,0,0
0,0.15425921126823192,0,0
0,0.8146880164493566,1,1
0,0.36510038931935285,0,0
1,0.27130818561420667,0,0
1,0.11776266322992662,0,0
0,0.18058524680891513,0,0
1,0.5481051628978857,1,1
1,0.7123505884468913,1,1
0,0.738486335636037,1,1
0,0.4587222361872576,0,0
0,0.6377503524524676,1,1
1,0.8457781701625426,1,1
0,0.6269831138970772,1,1
0,0.15227712798201684,0,0
1,0.6372988279574154,1,1
1,0.8225336155162448,1,1
0,0.5585750208399112,1,1
0,0.09200708361235756,0,0
0,0.1472344339591045,0,0
0,0.3412483378405735,0,0
0,0.7715540271742926,1,1
1,0.6174283627057343,1,1
0,0.7668110939718125,1,1
0,0.48664298497429304,0,0
0,0.2191041449908616,0,0
0,0.23378715382137724,0,0
0,0.16658410941114468,0,0
0,0.13696750586965406,0,0
0,0.6156297522949876,1,1
1,0.8378111188852678,1,1
1,0.8046016415635535,1,1
0,0.7368217180041607,1,1
0,0.09947525398464123,0,0
0,0.17283046668278276,0,0
0,0.876219785226255,1,1
1,0.9068969035537,1,1
1,0.6787873871029746,1,1
0,0.3542722667884237,0,0
1,0.8694822093072468,1,1
0,0.443562784274134,0,0
1,0.7384822861689253,1,1
1,0.8720167632969561,1,1
0,0.35798645112173083,0,0
0,0.6202589168335635,1,1
1,0.7529797479783935,1,1
0,0.4189667288760535,0,0
1,0.9588618621562764,1,1
0,0.5612784811410391,1,1
0,0.4518516268087298,0,0
0,0.5472335522036291,1,1
1,0.6976322746367274,1,1
0,0.5070771210925977,1,1
0,0.19932330817491475,0,0
0,0.7234533330869142,1,1
1,0.8366448298143914,1,1
1,0.9276071531529793,1,1
0,0.058543203514020974,0,0
0,0.8971339324952581,1,1
1,0.965546029108266,1,1
0,0.5915829835364813,1,1
0,0.10728682388235242,0,0
0,0.6984795616050251,1,1
0,0.13687827465291927,0,0
0,0.20533503171605919,0,0
0,0.21559397416704937,0,0
0,0.5741195911889745,1,1
0,0.029711556407354667,0,0
0,0.1317419977453242,0,0
0,0.18573247348852265,0,0
1,0.7386846218549845,1,1
0,0.1737215705037803,0,0
0,0.6796787752969692,1,1
0,0.6504508989472356,1,1
0,0.6000550014468201,1,1
1,0.671213490260972,1,1
0,0.12663917089752877,0,0
0,0.3524136469598943,0,0
1,0.8643818451493316,1,1
0,0.03241172937891148,0,0
0,0.15921993070497253,0,0
1,0.42079280084678,0,0
0,0.2921688416764221,0,0
0,0.4040309737605557,0,0
1,0.7129228909604819,1,1
0,0.24379020820751707,0,0
0,0.18247673246706805,0,0
0,0.5389826197731871,1,1
1,0.573452667448808,1,1
0,0.2091462079520149,0,0
0,0.18197307388014808,0,0
0,0.4023874711277919,0,0
0,0.09734915930329696,0,0
0,0.4854875883834944,0,0
0,0.3735524237575012,0,0
1,0.3516208648085071,0,0
0,0.2511040039611365,0,0
0,0.3819719229296291,0,0
0,0.6677876896851119,1,1
0,0.38043865018142914,0,0
1,0.8380331789836305,1,1
0,0.5393507020320364,1,1
0,0.22634340246188547,0,0
0,0.0734569260763068,0,0
0,0.4112792053174842,0,0
1,0.9364073607534299,1,1
0,0.9312502157423941,1,1
0,0.5084375773084806,1,1
1,0.4387528940733953,0,0
1,0.9167427202255004,1,1
1,0.7169698844199591,1,1
0,0.5735701740320335,1,1
1,0.3451828594100471,0,0
0,0.1629147801485828,0,0
0,0.3686147946027494,0,0
0,0.41573533862711815,0,0
0,0.08157217401096968,0,0
0,0.2611590665580712,0,0
0,0.3444615652334398,0,0
1,0.3263873513069295,0,0
0,0.4183950477756422,0,0
0,0.4381080179145164,0,0
0,0.3843472862720109,0,0
0,0.33667218614035294,0,0
0,0.7355824026377616,1,1
0,0.37461074479679324,0,0
0,0.29195662705739295,0,0
1,0.6540890086325003,1,1
1,0.827641314852903,1,1
0,0.5665329320213075,1,1
0,0.6034095113689135,1,1
0,0.11038785931429682,0,0
1,0.4765986280297927,0,0
1,0.537862160322559,1,1
1,0.5942935565949078,1,1
1,0.08746485110683468,0,0
0,0.5230502154514678,1,1
0,0.3326832753101689,0,0
0,0.4219153069998577,0,0
1,0.6123793785384805,1,1
1,0.5212347866118219,1,1
0,0.7454647278832096,1,1
0,0.2722079147504489,0,0
0,0.3830498350496974,0,0
0,0.6379231811392005,1,1
0,0.30498800739163734,0,0
0,0.10278172453207464,0,0
0,0.11955009205702974,0,0
0,0.2280402359287225,0,0
1,0.7300894332594159,1,1
0,0.7849530291613366,1,1
0,0.48394288064707375,0,0
0,0.37258356935420933,0,0
1,0.8883378666111328,1,1
0,0.38047929816736187,0,0
1,0.9146507828183349,1,1
1,0.407260458323258,0,0
1,0.6034005717600637,1,1
1,0.89790585971162,1,1
1,0.7190088209834802,1,1
1,0.8310028609846113,1,1
0,0.33057575272138534,0,0
1,0.3555731162722729,0,0
0,0.2804184149233354,0,0
0,0.3908957999098033,0,0
0,0.5082984561016647,1,1
0,0.6893242771995475,1,1
0,0.4720741244067876,0,0
1,0.31490714092705163,0,0
0,0.7788267300681043,1,1
0,0.10352170968075178,0,0
1,0.7467728424592711,1,1
0,0.5371607726446648,1,1
0,0.5632478470723334,1,1
0,0.1875189755386143,0,0
0,0.31439537953031393,0,0
1,0.20201343225782606,0,0
0,0.7168460406922161,1,1
1,0.4916902154252647,0,0
0,0.1261148021652935,0,0
1,0.27042539983309866,0,0
0,0.11599218875752695,0,0
1,0.8763641062559117,1,1
0,0.671624946720849,1,1
0,0.4823614828408964,0,0
0,0.6274008164400808,1,1
0,0.35703802670824897,0,0
0,0.430776771148762,0,0
0,0.36315342325725725,0,0
1,0.88021337567491,1,1
0,0.2481739722088034,0,0
0,0.26633263437680005,0,0
1,0.8575949274393267,1,1
0,0.4473739884221279,0,0
0,0.27166896452289746,0,0
0,0.8844545909323839,1,1
1,0.77337705306898,1,1
1,0.7888898957084028,1,1
1,0.9028225881995589,1,1
1,0.4225085642050278,0,0
0,0.4113864870469017,0,0
0,0.3980825131988006,0,0
0,0.2080943078794004,0,0
1,0.8499744182567015,1,1
0,0.745571710450742,1,1
0,0.3448433448366492,0,0
1,0.6008681433452134,1,1
0,0.08643140499889491,0,0
0,0.06917717559405297,0,0
0,0.5202980403044201,1,1
0,0.5641096251367608,1,1
1,0.7405928202013644,1,1
0,0.8554960505843104,1,1
1,0.8100029476387962,1,1
1,0.773710125626586,1,1
0,0.37004956323807686,0,0
1,0.6876981050195835,1,1
1,0.7685092873408973,1,1
1,0.7961585943047601,1,1
0,0.5169586734725461,1,1
0,0.44439265572877046,0,0
1,0.3542103717185357,0,0
1,0.6041009613901483,1,1
0,0.22338633235238778,0,0
1,0.41560735912869806,0,0
0,0.23885952729351612,0,0
0,0.45997048146812236,0,0
0,0.20993262599103876,0,0
1,0.7890019383265666,1,1
0,0.746144505086102,1,1
0,0.11791480272809975,0,0
1,0.3736693112103828,0,0
1,0.5102195475904285,1,1
0,0.13197236379524727,0,0
0,0.6641466568888998,1,1
0,0.15296888708841666,0,0
0,0.5771444071971852,1,1
0,0.3776287136086836,0,0
0,0.8659102091201857,1,1
0,0.5531025471692195,1,1
0,0.5617918437542243,1,1
1,0.7054194103462889,1,1
0,0.6963453793440305,1,1
1,0.919114500082893,1,1
0,0.1314073723073366,0,0
1,0.15907552352985346,0,0
1,0.8258184843551933,1,1
0,0.8764302929451034,1,1
1,0.4597873019671167,0,0
0,0.6715712495645695,1,1
0,0.18644340675219215,0,0
0,0.4984205024879522,0,0
0,0.45142041026530977,0,0
0,0.4349734733132216,0,0
1,0.6382004088622699,1,1
1,0.6810453935919063,1,1
1,0.30956919594639193,0,0
0,0.7357186356758608,1,1
0,0.08867612444454068,0,0
0,0.403401269123106,0,0
0,0.1825382826573547,0,0
0,0.10140044748869832,0,0
0,0.25401175113896635,0,0
1,0.7909051425008163,1,1
1,0.84288670891326,1,1
0,0.48917289371585804,0,0
1,0.4589901407629861,0,0
0,0.43660545887351576,0,0
0,0.6782592771879552,1,1
0,0.20847959705564628,0,0
1,0.4793157441664912,0,0
0,0.6802110416457335,1,1
0,0.17982447125859158,0,0
1,0.5150352567674623,1,1
0,0.3214329772469592,0,0
0,0.15453144877340788,0,0
0,0.3755926774583157,0,0
0,0.5836935018895146,1,1
0,0.7237826953794863,1,1
0,0.4479137605180241,0,0
0,0.44486291384700943,0,0
0,0.15036730305884846,0,0
1,0.8214401086572809,1,1
0,0.18417732002880996,0,0
1,0.4857001907036855,0,0
0,0.08156277220993617,0,0
0,0.2577905857835169,0,0
1,0.9118907841166723,1,1
1,0.8433993019558907,1,1
0,0.2695613859818324,0,0
1,0.7832714866927193,1,1
0,0.4127293519258267,0,0
1,0.9068686990069634,1,1
1,0.8036273363576762,1,1
1,0.8793550159562591,1,1
0,0.7489650914651238,1,1
0,0.1447938920451769,0,0
0,0.8579460792720337,1,1
0,0.5126407449797009,1,1
0,0.49495957878110813,0,0
1,0.5533116429098489,1,1
1,0.5089941852070619,1,1
1,0.5456048343322415,1,1
1,0.7993237319205666,1,1
0,0.7695629450176504,1,1
1,0.7698305346087427,1,1
1,0.4289221530880634,0,0
0,0.25889337540665264,0,0
0,0.35465358402551184,0,0
0,0.6240894237558897,1,1
0,0.6051059822828321,1,1
0,0.6628346626819337,1,1
1,0.9074547958658704,1,1
1,0.31582048514772293,0,0
0,0.5925298705258066,1,1
0,0.35588864897607164,0,0
0,0.12064569897456216,0,0
0,0.7984514260572434,1,1
1,0.8815434088136812,1,1
0,0.4878652605054479,0,0
0,0.4986568419501097,0,0
0,0.8890721334276981,1,1
0,0.3388033792005457,0,0
0,0.5042194149833559,1,1
1,0.9534798541967138,1,1
0,0.13727008358626813,0,0
0,0.07278839503963003,0,0
0,0.8582868194934286,1,1
0,0.3006172813619047,0,0
0,0.23574394238089685,0,0
0,0.8405321789695777,1,1
1,0.7264768090479067,1,1
1,0.8757843863226321,1,1
1,0.9355954882312528,1,1
1,0.5423852420978754,1,1
1,0.7790888594976835,1,1
0,0.3842951576309348,0,0
1,0.6759010343529359,1,1
0,0.03343529247788551,0,0
0,0.8834042436634788,1,1
0,0.08017628626691131,0,0
0,0.6940107462930779,1,1
1,0.8636683381139773,1,1
0,0.18600009023973627,0,0
0,0.41962435694820405,0,0
0,0.26066120217678784,0,0
1,0.6025264853040587,1,1
0,0.2903032679190318,0,0
0,0.2999878808353333,0,0
0,0.10389600208990193,0,0
1,0.2595374105593173,0,0
0,0.5456480079974653,1,1
0,0.0793412547670129,0,0
0,0.615827084638276,1,1
0,0.4572926417871355,0,0
1,0.7456920288448109,1,1
0,0.29860921401522983,0,0
0,0.2518233475104461,0,0
0,0.08638836679409269,0,0
1,0.07089884500035634,0,0
0,0.8674594264149886,1,1
1,0.16423662296126978,0,0
0,0.28880855413145595,0,0
1,0.33471301460390784,0,0
0,0.22762090457687886,0,0
1,0.6059966327292011,1,1
0,0.14658691394462517,0,0
0,0.25644103679918695,0,0
1,0.5603559906014646,1,1
0,0.3923104829146868,0,0
0,0.17253477711619494,0,0
1,0.6184116718733104,1,1
0,0.3726738674065268,0,0
1,0.6463075296925557,1,1
1,0.7247707068431418,1,1
0,0.5192319003576336,1,1
1,0.8427949776045865,1,1
0,0.2886133007260348,0,0
0,0.2718834549637948,0,0
1,0.8278210875812585,1,1
1,0.6836403362267532,1,1
0,0.5953642165411182,1,1
1,0.793146289497714,1,1
0,0.5864889202292141,1,1
0,0.4836112783486052,0,0
0,0.31903275059402203,0,0
1,0.7426123026994234,1,1
1,0.7006280138562678,1,1
0,0.7160930496982063,1,1
0,0.1062307665348705,0,0
0,0.46038147034839894,0,0
0,0.04256431754184556,0,0
0,0.06352122692974789,0,0
1,0.6060361456931179,1,1
1,0.6379385742939164,1,1
0,0.8737627072400215,1,1
0,0.19132400945303693,0,0
1,0.6426017875390482,1,1
1,0.6784530969985855,1,1
0,0.30304954728477984,0,0
1,0.6804971100614516,1,1
0,0.13052039419160816,0,0
1,0.3878914951276548,0,0
0,0.29823613981333774,0,0
0,0.5747507791698521,1,1
0,0.3856043659882422,0,0
1,0.7305612454072424,1,1
1,0.5918856448193426,1,1
0,0.39469815225938404,0,0
0,0.6983538517548002,1,1
1,0.4677549469485517,0,0
1,0.15213110354178624,0,0
0,0.21233394310114065,0,0
1,0.7416474896025399,1,1
1,0.32568536644691415,0,0
1,0.7733052563468049,1,1
0,0.6522612413794395,1,1
1,0.7155994308064262,1,1
0,0.09375807886510441,0,0
1,0.45214633889883815,0,0
1,0.8014911604300708,1,1
0,0.8679573415290278,1,1
0,0.7516632138317935,1,1
0,0.0926494998140808,0,0
0,0.7982250024118852,1,1
0,0.14843755305767117,0,0
0,0.381934270261048,0,0
0,0.33703451939070145,0,0
1,0.31399123939539775,0,0
0,0.6006206281890104,1,1
0,0.13694068718345534,0,0
1,0.5412937330769221,1,1
1,0.45263302726602256,0,0
1,0.8951103476015456,1,1
0,0.34039009462335246,0,0
0,0.3515500377477243,0,0
0,0.16957266134020363,0,0
1,0.7951543432607261,1,1
0,0.835073306775268,1,1
0,0.3959108941449969,0,0
0,0.453751185282651,0,0
0,0.2779234219403677,0,0
0,0.36995161308014674,0,0
0,0.6269741236584303,1,1
0,0.9347121214170325,1,1
0,0.19632180520700185,0,0
1,0.578715526527758,1,1
0,0.13991554926197958,0,0
1,0.7875252314325029,1,1
1,0.75362918424982,1,1
0,0.20678028118263847,0,0
1,0.7452620212334765,1,1
1,0.9682280734408832,1,1
0,0.5643119524419888,1,1
0,0.6538731732166092,1,1
0,0.6731086031972014,1,1
0,0.6287408232208211,1,1
1,0.7555090973041081,1,1
0,0.49830569874074704,0,0
0,0.03868745970723047,0,0
0,0.3625065102473473,0,0
1,0.7443648478668307,1,1
0,0.20050189125766926,0,0
0,0.28278643757211236,0,0
1,0.4124440772663327,0,0
1,0.6095311811275962,1,1
0,0.44401497691074726,0,0
1,0.23146520677660193,0,0
0,0.22713971287092172,0,0
1,0.8213295670220958,1,1
1,0.5251740926126522,1,1
0,0.3500391702393629,0,0
0,0.3547015050225918,0,0
1,0.6012009573694175,1,1
1,0.6801668615102312,1,1
1,0.8206384174365743,1,1
1,0.7438133834041228,1,1
1,0.9349466347977297,1,1
1,0.5636353164339102,1,1
0,0.14287662005990173,0,0
0,0.11381087888313547,0,0
0,0.641462725133983,1,1
0,0.6413013008325834,1,1
1,0.22683633577926865,0,0
0,0.22893983707831142,0,0
1,0.7406403528284897,1,1
1,0.6857935725202352,1,1
0,0.2615348724836388,0,0
0,0.15099268325137422,0,0
1,0.3459081102955408,0,0
0,0.37643601431097606,0,0
0,0.47829521666764335,0,0
0,0.3364510085551717,0,0
1,0.7668612320436038,1,1
0,0.719191861177475,1,1
1,0.1926169703353464,0,0
0,0.1108764993281037,0,0
0,0.1528023954868844,0,0
0,0.612975685387569,1,1
0,0.5362264082612045,1,1
1,0.8363680879219845,1,1
0,0.16473781142587968,0,0
0,0.9031755292568998,1,1
1,0.38662640071157195,0,0
0,0.12901565835313342,0,0
0,0.34862417616075303,0,0
1,0.33253411855081705,0,0
0,0.16034527798518608,0,0
0,0.32503244163130945,0,0
0,0.10363282664098714,0,0
0,0.09731690372757754,0,0
0,0.7713191914811897,1,1
0,0.16770647302062638,0,0
0,0.5830449566981942,1,1
1,0.6099369477772245,1,1
1,0.8033786779791067,1,1
1,0.9543076619096574,1,1
0,0.9072604141603522,1,1
1,0.9255173311384877,1,1
0,0.2222083967137354,0,0
1,0.8941516534702654,1,1
0,0.39127919120984117,0,0
0,0.07172082973912397,0,0
0,0.6506944263203073,1,1
1,0.8644097962426165,1,1
1,0.7822211035595757,1,1
0,0.7585553752433506,1,1
0,0.6441125895670359,1,1
0,0.8611889501356211,1,1
1,0.5608891277478588,1,1
0,0.5004730053518166,1,1
1,0.8147649331176081,1,1
0,0.10001816086785684,0,0
0,0.7306356615946695,1,1
0,0.694179448111598,1,1
0,0.18002208733910605,0,0
0,0.07853469244197483,0,0
1,0.853072273479474,1,1
0,0.34235940343107096,0,0
0,0.523431906125233,1,1
0,0.2805779854814844,0,0
0,0.3642446652491652,0,0
0,0.5234543167484633,1,1
0,0.8048032656962129,1,1
0,0.6189720352356475,1,1
1,0.658580323783853,1,1
0,0.32020805707500705,0,0
0,0.7598917829674129,1,1
1,0.38157809430227746,0,0
0,0.16918478893956243,0,0
0,0.09799190540169204,0,0
1,0.8094175263689585,1,1
0,0.1564470236242481,0,0
1,0.6374511600417297,1,1
1,0.9137032457887543,1,1
0,0.13452061027312784,0,0
0,0.14316214586795134,0,0
0,0.20789218298531284,0,0
0,0.1885464422692289,0,0
0,0.5138567524242751,1,1
0,0.21943462814410936,0,0
0,0.41675156439447053,0,0
0,0.2903304788719527,0,0
0,0.2493274308712333,0,0
1,0.41133909350655845,0,0
0,0.18517235001069432,0,0
0,0.4334731684410673,0,0
0,0.14600722780868758,0,0
0,0.7614893672444134,1,1
0,0.4313686595574532,0,0
1,0.8411021131358531,1,1
1,0.6353407383100809,1,1
0,0.1977635122726894,0,0
0,0.20804593450329287,0,0
0,0.4129863855196118,0,0
1,0.7821874494038431,1,1
1,0.230719196282896,0,0
1,0.6585308582639269,1,1
0,0.13146940936016974,0,0
0,0.17016806269150608,0,0
0,0.8185099066417475,1,1
0,0.15012432010909388,0,0
0,0.4018338529704417,0,0
0,0.14711992248708863,0,0
0,0.11685935034223321,0,0
1,0.20400795948619252,0,0
0,0.10533954013428044,0,0
1,0.6675642600847792,1,1
0,0.6523597566100524,1,1
1,0.4688610070106011,0,0
0,0.7532581106411013,1,1
0,0.23386231222557505,0,0
0,0.597728494097408,1,1
0,0.6885319869200235,1,1
0,0.8609807598964976,1,1
0,0.1185047145387486,0,0
1,0.5708774465561152,1,1
0,0.7395932429421515,1,1
0,0.5540039295636205,1,1
0,0.3023440248213793,0,0
1,0.1150552498420671,0,0
0,0.6156086134196644,1,1
0,0.4210198674294474,0,0
1,0.6344148887455813,1,1
0,0.04269965415332394,0,0
0,0.28377004168789155,0,0
1,0.4515157934538709,0,0
0,0.3686592444005072,0,0
1,0.46047581181736685,0,0
0,0.8626098495134414,1,1
0,0.3334072597853354,0,0
0,0.12401119779056181,0,0
1,0.6642724072813284,1,1
0,0.27338714266800473,0,0
1,0.8164544889990187,1,1
0,0.08548958759534646,0,0
0,0.7004650195490002,1,1
1,0.7590286795591746,1,1
1,0.9408081685193238,1,1
0,0.6557392189823951,1,1
0,0.4665503794160753,0,0
1,0.8820062218114947,1,1
1,0.7658944780861877,1,1
0,0.4765602674015331,0,0
1,0.34291159992099335,0,0
0,0.09233065045784171,0,0
0,0.6950052760614966,1,1
0,0.13159832623967044,0,0
1,0.5494269323169088,1,1
0,0.6169807697242116,1,1
1,0.49801257575132135,0,0
0,0.3486550581029484,0,0
0,0.4248363734781324,0,0
1,0.5454562070274567,1,1
1,0.6705519588961344,1,1
0,0.35872235617977244,0,0
0,0.42916871369746584,0,0
1,0.9203427039502324,1,1
0,0.07331390174861038,0,0
0,0.3922162678078588,0,0
1,0.8926851541325921,1,1
1,0.22786887744356685,0,0
0,0.36256911904254724,0,0
0,0.2296873179020233,0,0
0,0.5546336932540498,1,1
0,0.24361010105152037,0,0
1,0.5237528794792631,1,1
0,0.49909746042023784,0,0
1,0.6280214638324448,1,1
1,0.3213965039971097,0,0
1,0.6911129034757458,1,1
0,0.43196674654972916,0,0
0,0.5091651661400021,1,1
0,0.2719779278110165,0,0
1,0.5103508276902425,1,1
0,0.07816436227618917,0,0
1,0.8565929403325094,1,1
1,0.8618113593282878,1,1
1,0.8830283234995228,1,1
0,0.4310318357827612,0,0
0,0.09400970593151861,0,0
0,0.7908569179299736,1,1
0,0.2484109221798068,0,0
0,0.24707622878986238,0,0
0,0.21440113805562283,0,0
0,0.38750791045029426,0,0
0,0.19132636828185218,0,0
1,0.5894588926125064,1,1
0,0.044344059306502016,0,0
1,0.8759912088606271,1,1
0,0.5696603858399014,1,1
0,0.17056679920106238,0,0
0,0.6149562256591219,1,1
1,0.7401516464738476,1,1
0,0.7412764403410754,1,1
0,0.2559602479301981,0,0
0,0.5025035152454254,1,1
0,0.6808089360289816,1,1
0,0.7361873889172995,1,1
0,0.1294360096242606,0,0
0,0.9221612366733556,1,1
1,0.6551604750532879,1,1
0,0.14959831744644753,0,0
1,0.779028327460605,1,1
0,0.3465425962094981,0,0
0,0.22700023876823422,0,0
0,0.1825672710600145,0,0
1,0.9087408830001003,1,1
1,0.7456433888417259,1,1
1,0.8709508518473239,1,1
1,0.26833034039368964,0,0
0,0.5172419991514174,1,1
0,0.16554689968088174,0,0
0,0.5503529176590292,1,1
0,0.3897053950417631,0,0
1,0.7266064952027691,1,1
0,0.6129514302484113,1,1
0,0.2847150450603193,0,0
0,0.5403122116662742,1,1
0,0.3258030334946065,0,0
1,0.3567395866943474,0,0
1,0.8708591238221884,1,1
0,0.43525038226409035,0,0
1,0.8504063974750348,1,1
0,0.5959104950776634,1,1
0,0.3987871044047801,0,0
1,0.7869132632570564,1,1
1,0.5147768693355107,1,1
1,0.33366949678010055,0,0
1,0.5979971832876132,1,1
0,0.84068062998323,1,1
1,0.9220955424060688,1,1
0,0.4036885705797824,0,0
0,0.3363976655444983,0,0
1,0.8277946629398746,1,1
1,0.9010021373268127,1,1
1,0.8775249454878022,1,1
0,0.1840975709062535,0,0
0,0.19648155626240463,0,0
1,0.782437417619401,1,1
1,0.4010686764307117,0,0
0,0.6239733914367593,1,1
0,0.17989559746752945,0,0
0,0.424470258292014,0,0
1,0.8474747111573407,1,1
0,0.12833083811257226,0,0
0,0.11940213214380513,0,0
0,0.2741508273653711,0,0
1,0.6317312453697812,1,1
1,0.8359686268497298,1,1
1,0.47679023314670155,0,0
1,0.8181339612960647,1,1
0,0.45620703317961425,0,0
0,0.30987770090922206,0,0
1,0.9260177446500694,1,1
0,0.49797063572981654,0,0
0,0.5543605093686209,1,1
1,0.7250771377179688,1,1
1,0.916924405865616,1,1
1,0.9461539553240239,1,1
1,0.33516839424153055,0,0
0,0.3434126098813188,0,0
0,0.14406178540048875,0,0
1,0.8484084969933052,1,1
0,0.33060415893776324,0,0
0,0.4795991681101125,0,0
0,0.0969816500413043,0,0
1,0.8730351876422104,1,1
1,0.6314434886240514,1,1
1,0.5451786085419008,1,1
1,0.9666816817532468,1,1
1,0.23353499004059747,0,0
1,0.8523830234829618,1,1
1,0.49286840212414085,0,0
1,0.6130453981502173,1,1
1,0.8860108720630256,1,1
0,0.8782053485377472,1,1
0,0.4539258158209313,0,0
1,0.7061416362049894,1,1
0,0.19408340631436904,0,0
0,0.1467421114304011,0,0
0,0.5418413402062809,1,1
0,0.5920468417420981,1,1
0,0.3399855359171427,0,0
0,0.44105005568171596,0,0
0,0.43263981960212566,0,0
0,0.763835053058034,1,1
1,0.8417591533253337,1,1
0,0.23712172177539645,0,0
0,0.2037205230201687,0,0
1,0.16117090332550807,0,0
0,0.35031950069961526,0,0
0,0.21849073343158895,0,0
0,0.294859431232065,0,0
0,0.40300166170789176,0,0
0,0.4408499887466784,0,0
0,0.6733841733063107,1,1
0,0.15139655055809345,0,0
0,0.06856968767310306,0,0
1,0.8722591861650173,1,1
0,0.059347759868749066,0,0
0,0.48854791225334576,0,0
1,0.9039867818390036,1,1
0,0.5678359842613337,1,1
1,0.898865076810547,1,1
1,0.8154638324722822,1,1
0,0.1897431420046371,0,0
0,0.0930398070366009,0,0
0,0.5944673930213584,1,1
0,0.16738382637759538,0,0
0,0.20183045278608983,0,0
0,0.7424464631101231,1,1
0,0.08559969250567294,0,0
0,0.7584656572909132,1,1
0,0.5229919207400339,1,1
1,0.47525992927670624,0,0
1,0.9062192074235272,1,1
0,0.052794503630406754,0,0
0,0.5120068607757533,1,1
0,0.4004295224900265,0,0
0,0.3088000518504189,0,0
0,0.36803105121252017,0,0
0,0.5032494592814882,1,1
1,0.37165128554235777,0,0
1,0.36459237611605333,0,0
1,0.48257996117295526,0,0
1,0.7023898374311882,1,1
1,0.511447341149004,1,1
0,0.5940379690670657,1,1
1,0.7337796109841302,1,1
0,0.14131874824019983,0,0
0,0.22213650613679772,0,0
1,0.7302503987234333,1,1
0,0.33027119042189207,0,0
1,0.6859050718918233,1,1
0,0.6400414110632766,1,1
0,0.17430537873564464,0,0
0,0.2399464676153364,0,0
1,0.5814889338567918,1,1
1,0.873310763676678,1,1
1,0.6512760152368594,1,1
0,0.23926156655452263,0,0
0,0.6258903444199918,1,1
1,0.2477188996548709,0,0
1,0.8285194831199796,1,1
0,0.1524214794245271,0,0
0,0.08196944217374154,0,0
0,0.9129890909217733,1,1
1,0.6108932659864226,1,1
0,0.11068779158267082,0,0
0,0.09521181191013621,0,0
0,0.31669125636034795,0,0
0,0.13043937952816387,0,0
0,0.7689537274489582,1,1
0,0.1582851803672582,0,0
1,0.8779050921279343,1,1
0,0.47193221875392194,0,0
1,0.16489014753380685,0,0
1,0.9403792091310009,1,1
1,0.7610539275837422,1,1
0,0.21434484945095492,0,0
0,0.6061194055628849,1,1
0,0.24144816197320582,0,0
0,0.20179986193351943,0,0
0,0.7156119942100807,1,1
0,0.15865873743082037,0,0
1,0.8619722913189061,1,1
0,0.46034646428822357,0,0
1,0.7359415139701356,1,1
1,0.20602457277377734,0,0
1,0.5754675590268066,1,1
0,0.11282156808135609,0,0
0,0.8040006471150749,1,1
0,0.40811084147846216,0,0
1,0.7119561863254429,1,1
1,0.28939378746169653,0,0
1,0.2568857419576925,0,0
0,0.6034340333874386,1,1
1,0.697116567670768,1,1
1,0.7665531951743432,1,1
0,0.5699402049024234,1,1
1,0.8262796824361789,1,1
1,0.6905437454921372,1,1
1,0.3573004049422225,0,0
0,0.3802204136691209,0,0
1,0.7955888553422263,1,1
0,0.4894199345360967,0,0
0,0.2078649862484798,0,0
1,0.7749944562344979,1,1
0,0.8954112337437604,1,1
0,0.10497573597878786,0,0
0,0.20223966396541948,0,0
1,0.8753475733768857,1,1
0,0.2899463528372623,0,0
1,0.8972651019376282,1,1
0,0.28829658603813574,0,0
0,0.2718136854529783,0,0
1,0.46887789136402563,0,0
0,0.2755667553096727,0,0
0,0.0855397016489898,0,0
0,0.7006452751225587,1,1
1,0.8531800811354308,1,1
1,0.18804566480136498,0,0
1,0.17745876805892566,0,0
1,0.5374884718198423,1,1
0,0.18117692219512488,0,0
0,0.3675796230332354,0,0
1,0.88976296671489,1,1
0,0.3366997216184413,0,0
0,0.158878614367715,0,0
0,0.0917398945232914,0,0
0,0.08976288783250595,0,0
1,0.7560603304007486,1,1
1,0.9183519792517782,1,1
0,0.11735644787152316,0,0
0,0.21155042216376613,0,0
0,0.5796476679726258,1,1
0,0.12486974077515627,0,0
0,0.22106212941755748,0,0
0,0.710602036084982,1,1
1,0.2722540178723052,0,0
0,0.25158018092988804,0,0
0,0.10173678032047345,0,0
0,0.09739230724475417,0,0
0,0.10854461516058281,0,0
0,0.09608934025866002,0,0
1,0.9321502842983398,1,1
1,0.8148553814083022,1,1
0,0.6091428120193292,1,1
0,0.5050551485961763,1,1
0,0.8669888812562466,1,1
0,0.3125254026768638,0,0
1,0.3519191176534269,0,0
0,0.36814578357859945,0,0
0,0.15580473712704607,0,0
0,0.5296230401791093,1,1
0,0.3096075176267593,0,0
0,0.3586305719991496,0,0
0,0.06787934288008722,0,0
0,0.4860707854925137,0,0
1,0.46235035942742597,0,0
1,0.6475690574189216,1,1
1,0.893889456868774,1,1
0,0.35788048887458457,0,0
1,0.4842057626973148,0,0
1,0.7595296646817163,1,1
0,0.1866036481110942,0,0
0,0.19920737573438768,0,0
0,0.9074357643589999,1,1
0,0.4529253037578431,0,0
1,0.909251946633331,1,1
0,0.2304071951896319,0,0
1,0.8244542242525937,1,1
0,0.1530426895725971,0,0
0,0.5368877487654101,1,1
0,0.13044204324549794,0,0
0,0.8637550319343285,1,1
0,0.8020246703707324,1,1
0,0.1798292436740632,0,0
1,0.9602476958707429,1,1
0,0.7968084430812129,1,1
0,0.11784107225669652,0,0
0,0.758146262707142,1,1
0,0.40628800273346166,0,0
1,0.3652597318796401,0,0
0,0.10908181479995038,0,0
0,0.24771823300941087,0,0
0,0.6380747674111683,1,1
0,0.041947822692377304,0,0
1,0.708196378925427,1,1
0,0.7070360572970824,1,1
0,0.5034319917631466,1,1
0,0.19587705609449185,0,0
0,0.32343299169020706,0,0
1,0.8698563800896414,1,1
0,0.12224370767000985,0,0
1,0.6777174337826994,1,1
0,0.24997090067971425,0,0
0,0.3039424973642364,0,0
0,0.35731221808751223,0,0
1,0.9449247320505444,1,1
1,0.21968885051015416,0,0
0,0.8468208942818514,1,1
1,0.8375933524789615,1,1
0,0.5956219397987085,1,1
0,0.5880187493128796,1,1
0,0.48512251329628037,0,0
0,0.181245178074242,0,0
0,0.38874236040802695,0,0
1,0.4295174649046202,0,0
0,0.2759469401619122,0,0
0,0.7062675020425161,1,1
1,0.5744236704536448,1,1
1,0.6322282549077123,1,1
1,0.6661949789465929,1,1
0,0.9281561054745162,1,1
0,0.7407698100155161,1,1
0,0.09819825119851497,0,0
1,0.7868338970793217,1,1
0,0.8956327635741108,1,1
0,0.7410790238710574,1,1
0,0.8088402830394957,1,1
0,0.4539926267464404,0,0
0,0.19146742354301904,0,0
1,0.7772986947135259,1,1
0,0.6933716121087016,1,1
0,0.3446812621288776,0,0
0,0.223546972036778,0,0
0,0.36811742382571266,0,0
0,0.633893009521353,1,1
0,0.20651014629764597,0,0
1,0.670573552499073,1,1
0,0.2721242476820261,0,0
0,0.4351182699752896,0,0
0,0.0704109616450271,0,0
1,0.8176895269052192,1,1
0,0.48973492234714383,0,0
0,0.6385326548111104,1,1
1,0.4601359745167629,0,0
0,0.7394278023213372,1,1
0,0.1870924879174894,0,0
0,0.1592516818946942,0,0
0,0.4040319423377495,0,0
0,0.06091677479077139,0,0
0,0.19388604198101003,0,0
0,0.19885932813287516,0,0
1,0.8648495777159114,1,1
0,0.24725999949985067,0,0
0,0.5009862050508045,1,1
1,0.3240119828975338,0,0
0,0.14878535755848063,0,0
1,0.7805625061754649,1,1
0,0.3592230150951215,0,0
1,0.57968850969156,1,1
1,0.38512205489488677,0,0
0,0.8766290848629907,1,1
0,0.4737997326476732,0,0
0,0.22785529739872676,0,0
0,0.7034716066510619,1,1
0,0.2072624770495042,0,0
0,0.38207964582531784,0,0
0,0.6682300344892169,1,1
0,0.3403226597984101,0,0
1,0.9389955206026793,1,1
1,0.5699618066735588,1,1
1,0.8456707667298169,1,1
1,0.7894948545934315,1,1
0,0.2775658215660209,0,0
1,0.8159251644233769,1,1
0,0.4951364337863213,0,0
0,0.31262920996639487,0,0
1,0.9365795910410208,1,1
0,0.5065306961179925,1,1
0,0.18336262533912276,0,0
1,0.8794277718023065,1,1
0,0.42208018498510774,0,0
1,0.8659248669832377,1,1
0,0.10878220309435842,0,0
1,0.7539786154455769,1,1
1,0.7377713043643636,1,1
0,0.14029027774669103,0,0
1,0.754365725261423,1,1
0,0.4081054880379344,0,0
1,0.7531205354052481,1,1
1,0.7009090462447866,1,1
0,0.11256182037885101,0,0
1,0.7316831061587995,1,1
1,0.7160001150543943,1,1
0,0.43484986025362093,0,0
1,0.8649510874536015,1,1
1,0.3333160386699178,0,0
0,0.16687552252713636,0,0
0,0.17780670101780224,0,0
0,0.7431967286450444,1,1
1,0.6012770784305578,1,1
0,0.3257334602321974,0,0
0,0.7716090149970682,1,1
0,0.5240604636202152,1,1
0,0.8191084459308959,1,1
0,0.10114840166704865,0,0
1,0.18107383367498453,0,0
0,0.21424656346930981,0,0
0,0.5862419371736289,1,1
1,0.8174270116991467,1,1
0,0.3514968955875372,0,0
0,0.5920978232471514,1,1
0,0.4604724012018655,0,0
1,0.8831418508141312,1,1
1,0.8910702199114329,1,1
1,0.31328971893616925,0,0
0,0.2928788155710609,0,0
0,0.14467405428839222,0,0
1,0.8978715503151933,1,1
0,0.6061324654425002,1,1
0,0.3786750796740527,0,0
1,0.7044437532081019,1,1
1,0.8694547741132321,1,1
1,0.6148690285846722,1,1
0,0.21243260778518935,0,0
1,0.7322215102110377,1,1
0,0.5615312292518593,1,1
0,0.1946548929586072,0,0
0,0.16045175948055412,0,0
1,0.6563423615724928,1,1
1,0.8579771443543068,1,1
1,0.8720445529604121,1,1
0,0.7068119526325335,1,1
0,0.30432625760024656,0,0
0,0.26739914935687026,0,0
0,0.5119720288280071,1,1
0,0.7551399334419735,1,1
1,0.647432078344644,1,1
1,0.5451151308042155,1,1
0,0.1111413934477668,0,0
1,0.9147682280921478,1,1
0,0.6215834069296279,1,1
1,0.8943325439693985,1,1
0,0.18803959209763962,0,0
0,0.6286647035751336,1,1
1,0.554568030146734,1,1
0,0.7478179837615904,1,1
0,0.38484877661663713,0,0
0,0.2794065231566144,0,0
0,0.48416764394518896,0,0
0,0.45747490123329343,0,0
0,0.45599732626174405,0,0
0,0.1302921167808211,0,0
1,0.26501138980680833,0,0
0,0.18203696583259038,0,0
0,0.19933726766270368,0,0
0,0.2802717951409919,0,0
0,0.42945593687598627,0,0
1,0.64889350354084,1,1
0,0.20924628846164797,0,0
1,0.8705272335073204,1,1
0,0.5782501226262867,1,1
1,0.5524732305626132,1,1
0,0.22428724112888168,0,0
0,0.22995691081666408,0,0
0,0.6326478080212428,1,1
0,0.6296769102082239,1,1
1,0.9027854264547926,1,1
1,0.6368902486558828,1,1
0,0.651058373003249,1,1
0,0.25780970491578514,0,0
0,0.26971817953146077,0,0
1,0.7321464783933528,1,1
1,0.5137793229793962,1,1
0,0.18261332691046614,0,0
0,0.5596978544266105,1,1
0,0.3426635410034276,0,0
1,0.7336785990073943,1,1
0,0.29911642373020575,0,0
1,0.647631710698822,1,1
1,0.7877099176820276,1,1
0,0.8504885892577455,1,1
1,0.4904573922692841,0,0
0,0.22876362064538622,0,0
0,0.5581700375109476,1,1
0,0.13084885059556803,0,0
0,0.22427443983437342,0,0
1,0.7014509812265127,1,1
0,0.49976778322432125,0,0
1,0.3896649703768966,0,0
0,0.675631048661536,1,1
0,0.07601043932763689,0,0
0,0.7701383718316074,1,1
0,0.1917183158949749,0,0
0,0.28137408291292343,0,0
0,0.3210181025350889,0,0
0,0.3136280583457136,0,0
0,0.21473290817607066,0,0
0,0.612050854992737,1,1
1,0.9163540689103512,1,1
0,0.3850340106229819,0,0
0,0.18929050043391743,0,0
0,0.10679123214965812,0,0
1,0.8784246813537733,1,1
1,0.6875866373609086,1,1
0,0.6327088115679451,1,1
1,0.8652771650517748,1,1
0,0.4222350131081876,0,0
1,0.8739765852085756,1,1
1,0.6616594739561401,1,1
1,0.6462793139277121,1,1
0,0.3140052750564505,0,0
0,0.03735850993113676,0,0
0,0.21434688502114055,0,0
0,0.19757078187638438,0,0
0,0.09283304498178856,0,0
0,0.3323372024316475,0,0
0,0.10162409755932256,0,0
1,0.2176733163978535,0,0
0,0.19288472897083705,0,0
1,0.6567996113886619,1,1
0,0.10157517936359729,0,0
0,0.8165506082828843,1,1
0,0.053424573979005456,0,0
1,0.9112119992735317,1,1
1,0.8425232427390339,1,1
0,0.9159992558044379,1,1
1,0.5273057766022038,1,1
1,0.4446820105457547,0,0
0,0.33346307476237297,0,0
0,0.8883815209992093,1,1
1,0.6774742625957808,1,1
0,0.14196526402644485,0,0
0,0.0992331556056107,0,0
0,0.693974957887253,1,1
0,0.5845427818233455,1,1
0,0.509099756880801,1,1
0,0.2557490929845422,0,0
1,0.7931562414023515,1,1
0,0.6441558003822346,1,1
0,0.5821559660054074,1,1
0,0.2732229989934526,0,0
0,0.6702488146548616,1,1
0,0.18875066487201,0,0
1,0.6125813769413878,1,1
0,0.8623812093903195,1,1
1,0.9211636951460237,1,1
0,0.12172647179196663,0,0
0,0.4734897520552904,0,0
0,0.16338655942071198,0,0
1,0.6589568145240016,1,1
0,0.6239531647832509,1,1
0,0.284565292419046,0,0
1,0.6703927337382114,1,1
0,0.2673891167918979,0,0
0,0.3338554012168157,0,0
0,0.240079501345765,0,0
1,0.524958305821858,1,1
1,0.8042128400355648,1,1
1,0.6207500170637785,1,1
0,0.45705783514096304,0,0
0,0.5046580272411088,1,1
0,0.5134330653497118,1,1
0,0.3859265047716755,0,0
1,0.24474259489504868,0,0
0,0.1316936329396966,0,0
0,0.20387378437168746,0,0
0,0.8298457011885709,1,1
1,0.6394449532761088,1,1
0,0.30416690620179526,0,0
1,0.7314375682494906,1,1
1,0.402889376798102,0,0
0,0.2494880189735568,0,0
0,0.5795436847454881,1,1
1,0.6884017416406053,1,1
0,0.6351458056997804,1,1
1,0.5375746828081482,1,1
0,0.18325699332785383,0,0
1,0.6310856728073337,1,1
1,0.6515869381348159,1,1
1,0.7208278355588544,1,1
0,0.683559206659552,1,1
0,0.18144901858871412,0,0
0,0.8530578020160009,1,1
1,0.6657896263743338,1,1
0,0.7950723962807192,1,1
1,0.8905656672791443,1,1
0,0.5015785796220606,1,1
0,0.15886401445796944,0,0
0,0.22109846586615456,0,0
0,0.09727978532921193,0,0
1,0.88895251552087,1,1
1,0.7262238740790374,1,1
0,0.40843642220141546,0,0
0,0.49006113222883396,0,0
1,0.7794911611968243,1,1
0,0.30806467242709107,0,0
0,0.5318374966333641,1,1
0,0.09459122316543024,0,0
1,0.5824832890572985,1,1
1,0.5160049553942694,1,1
0,0.3821864273260879,0,0
0,0.3107155237465041,0,0
0,0.4817507445670581,0,0
0,0.7857448657128329,1,1
1,0.7900372955453351,1,1
0,0.2837409497287948,0,0
0,0.1907344467759994,0,0
0,0.5095737561262844,1,1
1,0.8350902023054549,1,1
1,0.5850902851158248,1,1
1,0.831783636274963,1,1
1,0.8667876369373442,1,1
0,0.2138725347058813,0,0
1,0.6788742599459608,1,1
0,0.4869151527900257,0,0
0,0.9106495900180527,1,1
0,0.720080897786892,1,1
1,0.7694147932935292,1,1
0,0.2117865338809515,0,0
0,0.15391999620776664,0,0
0,0.27525606877652475,0,0
0,0.43491864773025934,0,0
0,0.11335074117638157,0,0
1,0.8593950804592682,1,1
1,0.9314274953284716,1,1
0,0.34887034393690997,0,0
0,0.3702651845683669,0,0
1,0.5919573186726398,1,1
1,0.9355896022795855,1,1
0,0.3997638201856108,0,0
0,0.3366303264983897,0,0
1,0.7058479304385981,1,1
0,0.6417157994810797,1,1
0,0.2773291759895673,0,0
1,0.32492618307463594,0,0
1,0.647674446733143,1,1
0,0.220124073932204,0,0
0,0.5713146085682098,1,1
1,0.9541970463304488,1,1
0,0.4990813295526479,0,0
0,0.4191822638167104,0,0
1,0.701581247056873,1,1
0,0.2590872047079038,0,0
0,0.3771941799928298,0,0
0,0.6660001997345444,1,1
1,0.765037973134027,1,1
0,0.7367006468796574,1,1
0,0.3215403406396272,0,0
0,0.706169604979839,1,1
1,0.7748607987692375,1,1
1,0.58092988328166,1,1
0,0.34257573936686925,0,0
1,0.8000975160764884,1,1
0,0.71394221460539,1,1
0,0.17734945785731457,0,0
0,0.2248165322095528,0,0
0,0.6745330006263571,1,1
1,0.30355296234672885,0,0
0,0.5573887050639735,1,1
1,0.1964397203365651,0,0
1,0.8981089352010194,1,1
0,0.3484659409728784,0,0
1,0.7356291057660738,1,1
1,0.38280265661732854,0,0
1,0.7392174578269276,1,1
0,0.4675873086605948,0,0
1,0.25580588245708485,0,0
1,0.8223528548541498,1,1
1,0.18363754404253435,0,0
1,0.7233306077723083,1,1
1,0.7805582891212857,1,1
1,0.5745630572912289,1,1
1,0.9433489055531641,1,1
0,0.07748561589438024,0,0
1,0.42764479304746245,0,0
0,0.19794265458389249,0,0
0,0.812900896250302,1,1
1,0.44066889326261816,0,0
0,0.9265997780457971,1,1
0,0.1887046794950886,0,0
0,0.08494101684513736,0,0
0,0.15771886646851832,0,0
1,0.7083167526952071,1,1
0,0.2813885325773662,0,0
0,0.8069106645747257,1,1
1,0.6504136633783246,1,1
1,0.7291333422665728,1,1
1,0.33629303212030504,0,0
0,0.9051042175213678,1,1
0,0.5998705910333583,1,1
1,0.4210492317468376,0,0
0,0.3949272434653405,0,0
0,0.12639568922953287,0,0
0,0.12060200792119846,0,0
1,0.7982252320418072,1,1
0,0.2671723285147736,0,0
0,0.10773264694679083,0,0
0,0.44189979928720863,0,0
0,0.32776741074267535,0,0
1,0.7787646903696656,1,1
0,0.33370400189698574,0,0
1,0.4589741763464054,0,0
0,0.49382344184668114,0,0
1,0.9201281533385258,1,1
1,0.7068255941186607,1,1
1,0.781492488967039,1,1
0,0.15790721356525556,0,0
0,0.4762691081888251,0,0
0,0.3554682540757177,0,0
1,0.34639758423739636,0,0
0,0.2137913729571332,0,0
0,0.27593876043304383,0,0
0,0.25545051515411366,0,0
0,0.19909125925152835,0,0
0,0.07165110534426142,0,0
1,0.9299603296423055,1,1
1,0.8651216782755731,1,1
0,0.39355849856356595,0,0
1,0.5720589244672757,1,1
0,0.6036320873149355,1,1
1,0.9193149693091058,1,1
1,0.2132161673966505,0,0
0,0.677631571075226,1,1
0,0.21701678418640333,0,0
1,0.6979738627290922,1,1
0,0.3009052800914137,0,0
0,0.16933217000148654,0,0
1,0.8837072490669122,1,1
0,0.5689154008755555,1,1
1,0.6566831788024103,1,1
0,0.20338227717780297,0,0
1,0.5767532372904166,1,1
0,0.30426786005751816,0,0
1,0.9208399287644512,1,1
0,0.3404197144877699,0,0
0,0.2818897746639051,0,0
0,0.5010209036880059,1,1
1,0.7398372023145927,1,1
0,0.5766870987310971,1,1
0,0.7938650798929644,1,1
0,0.6155734353955739,1,1
1,0.5407908353379246,1,1
1,0.585536085040553,1,1
0,0.6623258428605516,1,1
0,0.8179210169347394,1,1
0,0.1678776366102801,0,0
1,0.8914863741330152,1,1
0,0.6518978209124214,1,1
1,0.15500964030805073,0,0
0,0.26990992267139924,0,0
0,0.6874068390075045,1,1
0,0.4639757052523624,0,0
1,0.8686870795532492,1,1
0,0.11965248661144309,0,0
1,0.669405193713942,1,1
0,0.8198442594594677,1,1
1,0.5941715500052098,1,1
1,0.9375228351696303,1,1
0,0.11490859939275165,0,0
0,0.10803894672766456,0,0
1,0.901112883453578,1,1
1,0.273270020040538,0,0
0,0.4713912416010279,0,0
0,0.05089878553492167,0,0
0,0.4966336362301513,0,0
0,0.1215600161439539,0,0
0,0.6488441160503492,1,1
0,0.4227900106125062,0,0
0,0.3585760204206238,0,0
0,0.1575099251334444,0,0
0,0.6072894649969589,1,1
0,0.5490271276980891,1,1
0,0.5853466509843556,1,1
1,0.9313830893471311,1,1
1,0.9254978657118516,1,1
0,0.36959183983823,0,0
0,0.16602145867352677,0,0
1,0.6237651192277823,1,1
0,0.4828462815184291,0,0
1,0.2824152548380617,0,0
0,0.0408602352551196,0,0
1,0.3269264266788799,0,0
0,0.10066591530009934,0,0
0,0.1112631698828556,0,0
0,0.27970651510890865,0,0
1,0.794195091310118,1,1
1,0.527173064515579,1,1
0,0.47321430196091285,0,0
0,0.3902962303925069,0,0
1,0.8192650274279748,1,1
0,0.9411567645412643,1,1
0,0.4246554481041925,0,0
0,0.5895999189913592,1,1
0,0.12093231374984016,0,0
0,0.6307416885723783,1,1
0,0.11347495074743474,0,0
0,0.7166588135660854,1,1
0,0.6540976625874362,1,1
0,0.598540615244735,1,1
0,0.2315907594281625,0,0
0,0.41682147567888994,0,0
0,0.5352240467040598,1,1
1,0.7855691470025418,1,1
1,0.6029380781012934,1,1
1,0.7759688074835835,1,1
1,0.5681970760624268,1,1
0,0.2854466416494153,0,0
0,0.18817459111110277,0,0
1,0.4168618417234323,0,0
0,0.5889027315097884,1,1
1,0.5027648922228354,1,1
1,0.36676711190191696,0,0
0,0.10311444552750833,0,0
1,0.7136789850514714,1,1
0,0.10998673006497038,0,0
0,0.33094972930657507,0,0
1,0.5756049650790239,1,1
0,0.21286915494247707,0,0
0,0.25684663945391334,0,0
0,0.42375339759554687,0,0
0,0.24954110127645562,0,0
1,0.640265392613963,1,1
1,0.8906669399315655,1,1
0,0.5008453675350076,1,1
0,0.5465827151368989,1,1
0,0.34532650878436855,0,0
1,0.809025342203739,1,1
0,0.5439821454827978,1,1
1,0.6077703243755918,1,1
0,0.7331051929002367,1,1
1,0.7544249613144461,1,1
1,0.9332212667942442,1,1
0,0.1661658251646673,0,0
1,0.8611722302931768,1,1
0,0.3195662895301688,0,0
0,0.45442998192722295,0,0
1,0.33667203374018523,0,0
0,0.7838330059476811,1,1
0,0.11647911746046373,0,0
0,0.4352682047209064,0,0
1,0.5805426276621977,1,1
0,0.27792115004339335,0,0
0,0.6111447022203155,1,1
0,0.5350061651600433,1,1
0,0.6810744729047735,1,1
0,0.1916332808205625,0,0
0,0.5427243051663109,1,1
0,0.507298381932775,1,1
0,0.2246912864524381,0,0
0,0.5758417058508288,1,1
0,0.23795151368443937,0,0
1,0.7565213479531806,1,1
1,0.475723418746328,0,0
0,0.8517410014167576,1,1
1,0.8315782252467875,1,1
1,0.1994703779336961,0,0
0,0.13936113070550374,0,0
1,0.8313463164769626,1,1
0,0.2579461522527226,0,0
0,0.586386299685327,1,1
1,0.16893593448548813,0,0
0,0.8900887510951423,1,1
0,0.5463126929601588,1,1
1,0.4615352572107596,0,0
1,0.8086950806217075,1,1
0,0.2779928879579406,0,0
1,0.9501657511114333,1,1
1,0.6524821017855489,1,1
1,0.26530484314429403,0,0
0,0.22359105771684262,0,0
1,0.5724880493273508,1,1
0,0.2872958794869929,0,0
0,0.3629262334431997,0,0
1,0.8407034763669757,1,1
0,0.6114457989989264,1,1
1,0.9032659978994544,1,1
1,0.8341297347414989,1,1
1,0.6118834626178348,1,1
1,0.45629233933538443,0,0
0,0.6223378581630494,1,1
0,0.5237584573316376,1,1
0,0.2017380795013633,0,0
0,0.5046187021088188,1,1
1,0.7241303277659593,1,1
1,0.8376275916583215,1,1
0,0.08990656803026398,0,0
1,0.41004552326796206,0,0
0,0.22369695048048102,0,0
1,0.8705444736018778,1,1
0,0.24553385484802756,0,0
0,0.3608081360168272,0,0
0,0.09633362259581502,0,0
1,0.41537042710703703,0,0
0,0.26800293526168784,0,0
1,0.9233083929060826,1,1
0,0.057123947685717394,0,0
1,0.881938962557998,1,1
0,0.6000469903217439,1,1
1,0.8992992101546283,1,1
0,0.8303466080557379,1,1
0,0.17933489227315744,0,0
1,0.32976112231466553,0,0
1,0.8817216725332543,1,1
1,0.8125022621525771,1,1
1,0.6119900611414015,1,1
0,0.6283926960773165,1,1
1,0.39930911941076974,0,0
0,0.6848541584928158,1,1
0,0.4334054769801833,0,0
1,0.849687042562997,1,1
1,0.6855415035490293,1,1
0,0.2856494737310042,0,0
0,0.3888579544663988,0,0
0,0.06720974889214812,0,0
1,0.5293748340668439,1,1
0,0.6371119467797041,1,1
0,0.16761463678271885,0,0
0,0.48125711750985983,0,0
0,0.6585567977146493,1,1
0,0.1112442565109268,0,0
1,0.8673739449104864,1,1
0,0.23470485402361008,0,0
0,0.7427245857604157,1,1
0,0.05548184822118583,0,0
0,0.20939520231032324,0,0
1,0.6481362521914188,1,1
0,0.4243281709520021,0,0
1,0.696702373296633,1,1
0,0.6127598659728464,1,1
0,0.20345864044823364,0,0
0,0.355504808798772,0,0
1,0.8710732177052405,1,1
0,0.2622572645452689,0,0
0,0.6010370170742529,1,1
0,0.1329544106027133,0,0
1,0.7262607837681185,1,1
0,0.14199377846742253,0,0
1,0.5327469624954664,1,1
0,0.414713928304743,0,0
1,0.8111510196347177,1,1
0,0.44243295775621366,0,0
1,0.7496566780074673,1,1
0,0.09008130797981559,0,0
0,0.2598081367529739,0,0
1,0.5917960940860627,1,1
1,0.8955586055379667,1,1
0,0.8161390375155035,1,1
0,0.4069349631291146,0,0
0,0.11888008918291776,0,0
0,0.3271965275512089,0,0
0,0.3621444304535769,0,0
0,0.27201636848726507,0,0
0,0.7462148606825509,1,1
0,0.14168454403048233,0,0
0,0.5683197442057352,1,1
1,0.5363023637109221,1,1
0,0.11383457496701231,0,0
1,0.7917231788511011,1,1
0,0.35077904789362424,0,0
0,0.2286335089734121,0,0
1,0.7341675125920258,1,1
1,0.4588525833827532,0,0
1,0.7455876163792117,1,1
0,0.1733404726550344,0,0
1,0.6253101170274701,1,1
1,0.7721464424211998,1,1
0,0.8697088791824236,1,1
0,0.34440790681803884,0,0
1,0.8914902562294318,1,1
0,0.7832343693491356,1,1
0,0.3228976964084912,0,0
0,0.5136116104635683,1,1
0,0.32873145657008607,0,0
0,0.6949857772683676,1,1
1,0.7081418264795735,1,1
0,0.16040047162862828,0,0
0,0.47149003134376277,0,0
1,0.8011204852719241,1,1
0,0.21743912242774305,0,0
1,0.6672198927531054,1,1
0,0.29510285310967066,0,0
1,0.9253855745784744,1,1
0,0.2937177992102533,0,0
0,0.9400565626909345,1,1
1,0.6218783340834326,1,1
0,0.6334300919805465,1,1
0,0.426423485490551,0,0
1,0.29199334050098164,0,0
0,0.15211884527966552,0,0
0,0.16095259898441888,0,0
1,0.5855748922592978,1,1
1,0.42700598218456687,0,0
0,0.25076790290339107,0,0
0,0.16096512769633756,0,0
1,0.7872696603425896,1,1
0,0.3399219555539599,0,0
1,0.45116722633678213,0,0
0,0.5615016619076825,1,1
0,0.3520426028506707,0,0
1,0.619060678537989,1,1
0,0.6424146803285019,1,1
1,0.868410978442315,1,1
0,0.3848865600211205,0,0
1,0.7655691655968294,1,1
0,0.3402223614412422,0,0
0,0.8318688121979148,1,1
1,0.3291446163985502,0,0
1,0.633396463063378,1,1
0,0.22479467587572105,0,0
0,0.3896168309760999,0,0
0,0.12357496180342953,0,0
1,0.7827854291365884,1,1
0,0.292685981124155,0,0
0,0.12052739150680437,0,0
1,0.4078300751386205,0,0
0,0.6445076103546242,1,1
0,0.5596303774744263,1,1
0,0.18097518078481906,0,0
1,0.16349857445635657,0,0
1,0.8826933068315993,1,1
0,0.3199724310809775,0,0
0,0.3728872445989111,0,0
0,0.2434984974680643,0,0
0,0.3154964568128145,0,0
1,0.7172324846910686,1,1
0,0.07719235785822601,0,0
1,0.8442011016787644,1,1
0,0.6829425650961884,1,1
0,0.24971049627303704,0,0
0,0.1971751379995053,0,0
0,0.532655949404556,1,1
1,0.48245801333318555,0,0
1,0.8557544552679491,1,1
0,0.266344595332126,0,0
0,0.18254375378093946,0,0
1,0.3680997593766449,0,0
0,0.5950961296200431,1,1
0,0.505028089920671,1,1
0,0.5517912347302667,1,1
1,0.40283833592692114,0,0
0,0.34441727141326633,0,0
0,0.33519942782417905,0,0
0,0.3060969574856214,0,0
1,0.8138511705987206,1,1
1,0.9296798311366776,1,1
1,0.8050088621056095,1,1
0,0.12042256945123017,0,0
1,0.5134837930823133,1,1
0,0.07474602847552608,0,0
0,0.534407728927329,1,1
0,0.15564041120276922,0,0
0,0.23227783151818154,0,0
1,0.7452484783980414,1,1
0,0.5049358457204272,1,1
0,0.30908401908241684,0,0
0,0.20272082929460195,0,0
1,0.31664409769845636,0,0
0,0.7676626573197605,1,1
0,0.8146976861914142,1,1
1,0.46236957419322355,0,0
1,0.8442566122135932,1,1
0,0.4568149261371772,0,0
0,0.2774527797542237,0,0
0,0.08920509399923435,0,0
1,0.8561456399766753,1,1
0,0.5848470189662494,1,1
0,0.45360860131412895,0,0
0,0.15492859117669924,0,0
0,0.21028641753001978,0,0
1,0.6319752417564056,1,1
0,0.832951728701927,1,1
0,0.27857501904501863,0,0
0,0.1859497226772582,0,0
0,0.03925215168410539,0,0
1,0.81656952220469,1,1
1,0.9112478511105578,1,1
0,0.7123322379841416,1,1
0,0.6348875459098,1,1
0,0.7601848571163207,1,1
0,0.4694312234589647,0,0
0,0.30503758469980885,0,0
0,0.4282573589691503,0,0
0,0.625413249444606,1,1
1,0.8793473154174984,1,1
0,0.8762830092791739,1,1
0,0.3346890716948182,0,0
0,0.9233108680976446,1,1
0,0.08195952334794614,0,0
0,0.8126565840570004,1,1
0,0.0598312840835442,0,0
0,0.7944119457153123,1,1
0,0.30996729497233316,0,0
0,0.5789150738337212,1,1
1,0.2958246646837159,0,0
0,0.29221940980246514,0,0
0,0.40316061945957676,0,0
1,0.7942865300369529,1,1
1,0.5905675339155128,1,1
0,0.34350520622422576,0,0
0,0.8448594789879518,1,1
1,0.9038915311331326,1,1
1,0.4858548895414309,0,0
1,0.6514557560140577,1,1
0,0.2906959541877287,0,0
0,0.4626940579660905,0,0
0,0.5180623662619859,1,1
0,0.7988450663602101,1,1
0,0.37189457897497696,0,0
0,0.11467699997585515,0,0
1,0.7602225033495273,1,1
1,0.6450947799480793,1,1
1,0.21727115118922743,0,0
1,0.6858238359886639,1,1
1,0.6168412152565005,1,1
1,0.41057910652614577,0,0
0,0.22774091584360703,0,0
0,0.1834972770967104,0,0
1,0.9225495825817708,1,1
1,0.491437128619598,0,0
0,0.6424884158382023,1,1
0,0.3107800294102227,0,0
0,0.10397046283776129,0,0
0,0.6455892925022868,1,1
0,0.16778256203128572,0,0
1,0.3930503301705509,0,0
1,0.4447703099432693,0,0
0,0.3521186751803564,0,0
1,0.8696230378642278,1,1
0,0.4893312632706557,0,0
1,0.831520849023852,1,1
0,0.5194638687091443,1,1
0,0.5885332659529156,1,1
0,0.47572780373323675,0,0
0,0.2755337642754734,0,0
1,0.5888168952250947,1,1
1,0.36195722332906954,0,0
1,0.7850277232977589,1,1
1,0.48991859284435024,0,0
0,0.5073478694125662,1,1
1,0.5778750972574629,1,1
0,0.4747941254154943,0,0
0,0.08389339863840133,0,0
1,0.5734570303745156,1,1
1,0.7550357094421064,1,1
1,0.881208259728142,1,1
0,0.566935723684097,1,1
1,0.5037165756375461,1,1
0,0.7300611283722346,1,1
0,0.22518410869887978,0,0
0,0.11320954930172869,0,0
1,0.40887894216534215,0,0
1,0.4064036979025527,0,0
0,0.1725473531730414,0,0
1,0.6984510816283397,1,1
0,0.19548519660312866,0,0
1,0.8157224772577265,1,1
0,0.42437650141609784,0,0
0,0.3064683924801865,0,0
0,0.2932948977820509,0,0
0,0.6893078208888274,1,1
0,0.13567456973266606,0,0
0,0.4710789907439343,0,0
1,0.7251014672113998,1,1
0,0.31914425432944565,0,0
0,0.8621892344475275,1,1
0,0.826482495592549,1,1
0,0.4468301362567999,0,0
0,0.31240949738379,0,0
0,0.44214075964405214,0,0
0,0.4977633975854897,0,0
0,0.8078607052171612,1,1
0,0.5981524820305315,1,1
0,0.33553371436553897,0,0
0,0.806021372966524,1,1
0,0.3412659477393292,0,0
0,0.29700326909505625,0,0
1,0.5725631735469928,1,1
1,0.8287576323784822,1,1
0,0.4995647237716588,0,0
0,0.4980305326091206,0,0
1,0.7070899752993766,1,1
0,0.2504282121228006,0,0
1,0.8822342433675474,1,1
0,0.2668127074167897,0,0
0,0.5546518037414659,1,1
1,0.8745129559020821,1,1
1,0.5647065915097778,1,1
0,0.8434281654389779,1,1
1,0.6312070460344607,1,1
0,0.35628199200851773,0,0
1,0.9013705678026585,1,1
0,0.1948649819606089,0,0
0,0.27696250038574366,0,0
1,0.5270364096155351,1,1
0,0.6735266762675038,1,1
0,0.25556078052960357,0,0
0,0.12377511533920027,0,0
1,0.370307034759963,0,0
0,0.6893221497854671,1,1
0,0.34435979446854026,0,0
1,0.308969465240991,0,0
1,0.20145147943953837,0,0
0,0.33602571004150755,0,0
1,0.5175512408596165,1,1
0,0.07816232284561767,0,0
1,0.6949894212570822,1,1
0,0.2686927733106147,0,0
0,0.6740318574564846,1,1
1,0.6991855477697142,1,1
1,0.9238492752246625,1,1
0,0.22712440291512973,0,0
0,0.09402604004504085,0,0
1,0.908633035140566,1,1
0,0.2804692952854481,0,0
0,0.5681607568219587,1,1
0,0.1112438840038042,0,0
0,0.8494231762098133,1,1
1,0.16796098702784035,0,0
0,0.40871359840524957,0,0
0,0.7111982293444132,1,1
1,0.648394788113513,1,1
1,0.764145412311136,1,1
0,0.4998096352591157,0,0
0,0.563906929487739,1,1
0,0.4434099630488272,0,0
1,0.8785600767538082,1,1
1,0.7506315472045759,1,1
1,0.5242703992022452,1,1
0,0.14048715883804674,0,0
0,0.15162155768799096,0,0
1,0.9344364005986707,1,1
0,0.23892986529149732,0,0
0,0.5690612357400041,1,1
0,0.2075715381584161,0,0
0,0.1288117647842391,0,0
0,0.6258583531106701,1,1
0,0.7503013158404743,1,1
0,0.5583130604389291,1,1
1,0.8828831417956338,1,1
1,0.6627123746030862,1,1
1,0.3568218937175136,0,0
1,0.6852117433495813,1,1
1,0.765497412704179,1,1
0,0.5329294876525843,1,1
0,0.7710332574231923,1,1
0,0.35498003087587315,0,0
1,0.7468072142638761,1,1
1,0.7257398008356806,1,1
1,0.9333073857130304,1,1
1,0.881498988420313,1,1
0,0.0664824068995891,0,0
1,0.2910141944330416,0,0
0,0.12194367476414243,0,0
0,0.08325992610856567,0,0
0,0.10961084726991832,0,0
0,0.19163408114362157,0,0
0,0.16139813410652493,0,0
0,0.4687375827668981,0,0
0,0.5450586551658475,1,1
0,0.4816651769856746,0,0
0,0.1603497360032236,0,0
0,0.2004610213538545,0,0
1,0.7366287183886079,1,1
0,0.19093881086395556,0,0
0,0.3874964905546323,0,0
0,0.15773384007473937,0,0
1,0.6685743842014653,1,1
0,0.31663476237152843,0,0
0,0.5441103830855071,1,1
0,0.7541691785815605,1,1
0,0.8520537859775262,1,1
1,0.7028933592006601,1,1
1,0.7552488645267028,1,1
0,0.5368768915054543,1,1
1,0.5845203813182883,1,1
1,0.8162176857177222,1,1
0,0.7338868363536145,1,1
1,0.9388186076686151,1,1
0,0.6942798589687124,1,1
1,0.058533471338751704,0,0
1,0.9010174956250703,1,1
1,0.46461793428949444,0,0
0,0.37551893935714764,0,0
1,0.42601092379229,0,0
0,0.20062667650069635,0,0
0,0.3676167091927513,0,0
1,0.8266655075953456,1,1
1,0.664160033017864,1,1
0,0.10472177591707317,0,0
0,0.4163740705784754,0,0
1,0.4676184256686981,0,0
0,0.8474110410987411,1,1
0,0.6933374003824155,1,1
0,0.4044953251531739,0,0
1,0.8511166210200113,1,1
1,0.7103367724633769,1,1
0,0.4339191853246112,0,0
0,0.6099838162610738,1,1
1,0.6768091254741443,1,1
0,0.2634917537082474,0,0
1,0.9461029615106348,1,1
0,0.6424021600270067,1,1
1,0.3067219655108043,0,0
0,0.3579493331025121,0,0
0,0.5785398295908909,1,1
1,0.5927840348962814,1,1
1,0.7131084072894038,1,1
1,0.4724921694108616,0,0
0,0.8830380537805479,1,1
0,0.7087934055998711,1,1
0,0.12561951449825584,0,0
0,0.7194846063058806,1,1
0,0.31190577663092706,0,0
0,0.45342114955324897,0,0
0,0.18036572337621012,0,0
0,0.3981306442397904,0,0
0,0.7942422254914149,1,1
1,0.8877476049023965,1,1
0,0.3108011175643064,0,0
1,0.5372261130198895,1,1
1,0.8807037106988898,1,1
0,0.31616890859042424,0,0
1,0.5598314753211884,1,1
0,0.8555661230924148,1,1
0,0.26597772533013697,0,0
0,0.06626135527943369,0,0
0,0.4240537443552711,0,0
0,0.6008401838259341,1,1
1,0.42968983512236025,0,0
0,0.4121151760791276,0,0
0,0.6577748728751294,1,1
0,0.3921657532039203,0,0
1,0.8488559974057677,1,1
1,0.10031131921995888,0,0
1,0.8608179182149821,1,1
1,0.79353385991355,1,1
1,0.2577644026287938,0,0
1,0.4045769161692793,0,0
0,0.46178494273362314,0,0
0,0.06915822674414476,0,0
0,0.47585780163548247,0,0
0,0.7706779854536197,1,1
0,0.0958137966892285,0,0
1,0.5363416529793968,1,1
0,0.4081238946039699,0,0
0,0.20797897686258474,0,0
0,0.8934201373723492,1,1
0,0.18181794254035086,0,0
0,0.3427042183136262,0,0
0,0.8450617436545668,1,1
0,0.3846287437700432,0,0
0,0.1708582649837407,0,0
0,0.15882772114342125,0,0
1,0.5798846388006218,1,1
0,0.11612375970012076,0,0
0,0.071698664685706,0,0
0,0.4256196431728341,0,0
0,0.12632281155816052,0,0
0,0.32792525993218696,0,0
1,0.4948055754626251,0,0
1,0.8666797114141368,1,1
0,0.32656933705727764,0,0
0,0.2828470335297872,0,0
0,0.5279086956304342,1,1
1,0.9267519400296508,1,1
0,0.951315975308941,1,1
0,0.2612995928484476,0,0
1,0.19042916953087846,0,0
0,0.09636992293827094,0,0
1,0.8308846066578284,1,1
0,0.684444205192179,1,1
0,0.05464777363513568,0,0
0,0.4720405289705601,0,0
1,0.7928736326222793,1,1
0,0.7041405166377951,1,1
0,0.2602912112606879,0,0
1,0.7993266126178351,1,1
1,0.8290692715582677,1,1
0,0.3913718305802961,0,0
1,0.332174849765217,0,0
0,0.794085819049716,1,1
0,0.49667919071582206,0,0
0,0.42040173904488287,0,0
0,0.23863545673462772,0,0
0,0.7807419776086248,1,1
0,0.5275445338508116,1,1
0,0.08029163115693799,0,0
0,0.6927232489100914,1,1
1,0.6908789439441089,1,1
0,0.08426949729735718,0,0
0,0.6390796708527584,1,1
1,0.6083013973512873,1,1
0,0.2732566450448723,0,0
0,0.3595158359404258,0,0
1,0.7930269868169163,1,1
0,0.3989391187393255,0,0
1,0.8986037333726175,1,1
0,0.8007239485961345,1,1
1,0.5638312619218102,1,1
0,0.17320056020800972,0,0
1,0.28805504091299317,0,0
0,0.8077154535726129,1,1
1,0.6466551988685375,1,1
0,0.3349002297172784,0,0
1,0.46432359230768433,0,0
1,0.8645849651289246,1,1
0,0.37837876748912985,0,0
0,0.4921589842902435,0,0
0,0.5875689709167392,1,1
0,0.5296751459505255,1,1
0,0.5226355711676635,1,1
0,0.763703390601586,1,1
0,0.46425648635270783,0,0
0,0.06233900795470802,0,0
0,0.13194429559705606,0,0
1,0.6879785807658206,1,1
1,0.8103763528319281,1,1
0,0.3270941737481484,0,0
0,0.520395519166414,1,1
0,0.7697493228369818,1,1
0,0.5014557211021314,1,1
0,0.9349672651972445,1,1
1,0.9465820068262439,1,1
1,0.756753054641796,1,1
0,0.6519585251272512,1,1
0,0.3068633262719914,0,0
1,0.7133409881127608,1,1
0,0.3528939107222076,0,0
1,0.8586160789495898,1,1
0,0.6304753046207817,1,1
0,0.08993427399826039,0,0
1,0.6012079533300257,1,1
0,0.23935900589377465,0,0
1,0.639786733862382,1,1
0,0.13814858574401967,0,0
0,0.07938813516038018,0,0
0,0.36244726554953455,0,0
0,0.16890976296384103,0,0
1,0.5842105703092703,1,1
0,0.4067635150619205,0,0
0,0.2790831678145748,0,0
0,0.48789405443402956,0,0
0,0.8884895456647568,1,1
0,0.3418596588977689,0,0
1,0.9020125870747853,1,1
0,0.09581850827895638,0,0
0,0.6257277754300498,1,1
0,0.25818839170757313,0,0
0,0.24071941015889106,0,0
1,0.6399994893134484,1,1
0,0.7651843161970913,1,1
0,0.3033528272662681,0,0
1,0.734105346329247,1,1
1,0.7415174069417537,1,1
0,0.728983205480096,1,1
0,0.28532006217790973,0,0
1,0.7588477961460585,1,1
1,0.647400115971769,1,1
0,0.3029359081735305,0,0
1,0.22015561186838772,0,0
1,0.7607948654523581,1,1
0,0.32680310531251167,0,0
0,0.34844469350653656,0,0
0,0.7815147393213804,1,1
1,0.44721992479301864,0,0
0,0.11150252939211391,0,0
0,0.08404897509156596,0,0
1,0.37217778652874084,0,0
0,0.543121960151225,1,1
0,0.18921921331179659,0,0
0,0.3351303138870861,0,0
1,0.6991510862277568,1,1
0,0.13506305402368507,0,0
0,0.2501397140066853,0,0
1,0.6550654510561321,1,1
0,0.6905723826571271,1,1
0,0.2436966219675415,0,0
1,0.7147329297594033,1,1
1,0.6458304261629044,1,1
1,0.1101088715670638,0,0
0,0.21262900673404014,0,0
0,0.13809074899414261,0,0
0,0.15840203542016376,0,0
1,0.8255238470358489,1,1
0,0.17758003516828827,0,0
0,0.7314092288706207,1,1
1,0.7006312188837726,1,1
1,0.9026527044507088,1,1
0,0.10909670908832375,0,0
1,0.8390150553366804,1,1
1,0.6544582170700278,1,1
0,0.7855110154206736,1,1
0,0.7770211134438462,1,1
1,0.10151381185773249,0,0
0,0.45550681026306644,0,0
0,0.23083598657039042,0,0
0,0.5039590741644888,1,1
1,0.7527953153097687,1,1
0,0.16225693962088822,0,0
0,0.5552021721207014,1,1
0,0.13454230288275046,0,0
1,0.850163603632733,1,1
0,0.11109985307395763,0,0
0,0.5846017498310625,1,1
0,0.41856550705830947,0,0
0,0.3622477524804068,0,0
0,0.27806817077505946,0,0
1,0.8779018375273192,1,1
1,0.701265707509617,1,1
0,0.14200841772823564,0,0
0,0.7733739979253752,1,1
1,0.6862599582384502,1,1
0,0.5575406680315792,1,1
0,0.22594755584749185,0,0
0,0.13223305371257876,0,0
1,0.691368060303462,1,1
1,0.857349364124584,1,1
1,0.7275422801240159,1,1
0,0.06770405255867461,0,0
1,0.4329145548268616,0,0
0,0.3688049368238291,0,0
0,0.35456234110935564,0,0
1,0.8901576643973119,1,1
1,0.3843251907546571,0,0
0,0.4768429226145546,0,0
1,0.6842455397614361,1,1
0,0.23010737635407652,0,0
0,0.26246206512361586,0,0
1,0.519808907140607,1,1
1,0.1970122218094655,0,0
0,0.5490280540790755,1,1
1,0.8034918432412085,1,1
0,0.7734712526400146,1,1
0,0.2609081728451036,0,0
0,0.5947843949964423,1,1
0,0.08101827593459765,0,0
0,0.4465252022566156,0,0
0,0.3892767018883671,0,0
0,0.2674011824144036,0,0
1,0.2163946123539724,0,0
0,0.47625720586739545,0,0
1,0.8137416748211315,1,1
0,0.6534680830163649,1,1
0,0.14617537699657254,0,0
1,0.32868371090830384,0,0
0,0.5150497562985674,1,1
1,0.5344223929709361,1,1
0,0.35229585256898693,0,0
0,0.44212444007474655,0,0
1,0.2618418309873739,0,0
0,0.4894146309499529,0,0
1,0.8853565285382046,1,1
0,0.3784110502087069,0,0
0,0.536338842387037,1,1
0,0.2699672101041989,0,0
1,0.6457137762851769,1,1
0,0.9113971646042995,1,1
1,0.8669837202872686,1,1
0,0.4477022053650744,0,0
0,0.7954581920122581,1,1
0,0.9186275757005261,1,1
0,0.533677128192091,1,1
1,0.7860558020475705,1,1
1,0.1458357539292339,0,0
1,0.7931246949529516,1,1
1,0.7720253897603535,1,1
1,0.6147498702419746,1,1
1,0.7185063402414318,1,1
0,0.34033356063246234,0,0
0,0.31429251987926216,0,0
0,0.3253760166796009,0,0
1,0.8026861721688907,1,1
0,0.458602942868833,0,0
1,0.9480359237909768,1,1
1,0.6571210260279036,1,1
0,0.6475174489910089,1,1
1,0.7950420773070588,1,1
0,0.2988042897825152,0,0
1,0.3316956540110083,0,0
0,0.22184605113589725,0,0
0,0.18398035953625225,0,0
0,0.8216957725882107,1,1
1,0.5322321960787989,1,1
1,0.9029576624690907,1,1
0,0.3334262456984088,0,0
0,0.37595906335155516,0,0
0,0.44142014951030945,0,0
1,0.9082796744396407,1,1
0,0.12492871985713308,0,0
0,0.14112923111822673,0,0
1,0.8084858915805128,1,1
1,0.9498782067516627,1,1
0,0.16717002315708365,0,0
0,0.1309664104153398,0,0
1,0.8530735403350506,1,1
0,0.9558333783270362,1,1
1,0.4713083289418963,0,0
0,0.9088798558969458,1,1
0,0.20885464778818053,0,0
0,0.23689040270470227,0,0
1,0.7557171209239573,1,1
1,0.3905568880598227,0,0
0,0.14104403082291625,0,0
0,0.8118701047070374,1,1
0,0.20985030673826185,0,0
1,0.9052404865147016,1,1
1,0.6335369309603655,1,1
1,0.062349870163369,0,0
1,0.7927800560041706,1,1
0,0.1266845476598017,0,0
1,0.8507167919523425,1,1
1,0.5052267893419768,1,1
1,0.7720448334631623,1,1
0,0.1251035978426377,0,0
0,0.3586112216771722,0,0
0,0.12779353863518433,0,0
0,0.29674307236038444,0,0
0,0.5358547977954833,1,1
0,0.1968526155389654,0,0
0,0.5628806759135714,1,1
0,0.1368017757360751,0,0
0,0.5834502501819376,1,1
0,0.09532150228279149,0,0
1,0.7977195355830335,1,1
0,0.07665887585304049,0,0
0,0.37948451907461356,0,0
0,0.27305545875457293,0,0
0,0.42157179675603196,0,0
0,0.18350400713589773,0,0
0,0.31110752475580183,0,0
0,0.2757971007963327,0,0
1,0.8899198120775247,1,1
0,0.7458522339881797,1,1
0,0.8044768807353921,1,1
0,0.17629221169923104,0,0
1,0.839416427297886,1,1
1,0.5525743479858113,1,1
1,0.8755950202273,1,1
0,0.38063351523525235,0,0
0,0.4071870211603622,0,0
0,0.5606549577590716,1,1
1,0.7439184428031266,1,1
1,0.7815597365046179,1,1
0,0.20595334577606805,0,0
0,0.09755445482032023,0,0
0,0.38652488132300766,0,0
0,0.44437019770738745,0,0
1,0.696794705452229,1,1
1,0.7190381504301474,1,1
1,0.6765835820823087,1,1
1,0.9464700434995403,1,1
0,0.5801337063441218,1,1
1,0.936054707656101,1,1
0,0.30428792531982357,0,0
1,0.6042803771648868,1,1
0,0.4874765216286861,0,0
0,0.7772321280586992,1,1
1,0.7922846439803415,1,1
1,0.5426604975153486,1,1
1,0.3891144291365581,0,0
1,0.761819984302622,1,1
1,0.9016899660232728,1,1
1,0.7248024965613905,1,1
1,0.9519864290871153,1,1
0,0.22237899505440833,0,0
0,0.8493014409070802,1,1
0,0.8766655570387909,1,1
0,0.18666443822235218,0,0
1,0.5113576946944824,1,1
0,0.49617865420068913,0,0
0,0.20310686041292547,0,0
0,0.8357013327476143,1,1
1,0.21357687011925586,0,0
0,0.46501212645725193,0,0
0,0.7021678364016452,1,1
0,0.14331836280421004,0,0
1,0.8689914467500852,1,1
0,0.7665636707636582,1,1
1,0.838457557267903,1,1
0,0.2764414230061374,0,0
1,0.6996944338980431,1,1
0,0.6247298167051238,1,1
0,0.14630979638677238,0,0
0,0.6858799291109517,1,1
0,0.2010594956591141,0,0
0,0.24613639712705493,0,0
1,0.7989546069666167,1,1
0,0.6466133239610006,1,1
0,0.2438711484501984,0,0
1,0.5285787791847375,1,1
0,0.7127783026415832,1,1
0,0.3988752139277893,0,0
0,0.1567133100535376,0,0
1,0.40155697922969846,0,0
1,0.4395202393697188,0,0
0,0.13466102963914645,0,0
1,0.9020680646598777,1,1
0,0.06489159239043861,0,0
1,0.6216353719717645,1,1
0,0.7304205824366221,1,1
1,0.7987605342239231,1,1
1,0.38569971306279605,0,0
1,0.9548753586537949,1,1
0,0.2580582890410703,0,0
0,0.5732244377036281,1,1
1,0.20417350869416587,0,0
0,0.2552422525990318,0,0
0,0.3213052938279945,0,0
0,0.14112923111822673,0,0
0,0.05893037955307228,0,0
1,0.8816566085483631,1,1
0,0.4358347498061188,0,0
0,0.2808668244239326,0,0
0,0.12703222718567367,0,0
1,0.6835582152950274,1,1
0,0.8217534624696595,1,1
1,0.7130437133651086,1,1
1,0.8662695054643489,1,1
1,0.7063068547140428,1,1
0,0.16496072435036202,0,0
0,0.24518724006193074,0,0
0,0.283359098808299,0,0
1,0.20986244171512933,0,0
1,0.9646338969572322,1,1
0,0.6539735653765784,1,1
0,0.7547961700141401,1,1
1,0.7462537296999061,1,1
0,0.1519622718213375,0,0
0,0.09939254479022978,0,0
0,0.14657376691980648,0,0
0,0.10949661991994372,0,0
0,0.056020828137765905,0,0
0,0.23615645594930906,0,0
0,0.6529712050290651,1,1
1,0.8669296768899425,1,1
0,0.5387110111348559,1,1
0,0.3857028182508206,0,0
1,0.3059788338552312,0,0
0,0.3667799677304576,0,0
0,0.11804191079593299,0,0
1,0.44581032208064075,0,0
1,0.8597961805071163,1,1
0,0.3080361235620021,0,0
1,0.4124658814189824,0,0
0,0.06960567681222317,0,0
0,0.32166305067072337,0,0
0,0.12305845494504444,0,0
1,0.7262295356218049,1,1
0,0.21037014483630317,0,0
0,0.5181322741534704,1,1
1,0.5707446399253251,1,1
1,0.6478188761654363,1,1
0,0.7752367091263334,1,1
1,0.07012008625169343,0,0
1,0.5422485822719525,1,1
0,0.11361257312369732,0,0
1,0.8710954215056912,1,1
1,0.5251798342942421,1,1
0,0.45705783514096304,0,0
1,0.16247208407985836,0,0
1,0.22833064577107387,0,0
0,0.22235114672581263,0,0
0,0.19284124949465226,0,0
0,0.8135999069249922,1,1
0,0.5734703641962529,1,1
1,0.6303531416994956,1,1
1,0.740729926288217,1,1
0,0.32871647346865396,0,0
0,0.6169791059082413,1,1
1,0.5326991726533508,1,1
0,0.2692665968894457,0,0
0,0.283678659840908,0,0
1,0.08872058228260059,0,0
1,0.8985239847042654,1,1
1,0.7755042583808875,1,1
0,0.05402673406536582,0,0
1,0.6766018734441916,1,1
1,0.407491905038507,0,0
1,0.6144230300270472,1,1
0,0.6791349043365931,1,1
0,0.6955811427047481,1,1
0,0.10377006407855767,0,0
0,0.5338684676879561,1,1
0,0.5965829537025041,1,1
0,0.20456904006107468,0,0
0,0.12101616604400886,0,0
0,0.37577068529005436,0,0
1,0.5603354611683192,1,1
1,0.9385261761632424,1,1
1,0.738086632733828,1,1
0,0.7474480135749147,1,1
0,0.3992517399888228,0,0
0,0.47622803323658147,0,0
0,0.2740171028929144,0,0
0,0.12931456968588428,0,0
0,0.2217665679993873,0,0
1,0.830815026759364,1,1
0,0.0717386290086108,0,0
0,0.7972979929418516,1,1
1,0.4054431270604554,0,0
0,0.6006759026880834,1,1
1,0.24605420177971282,0,0
1,0.8317296909096823,1,1
0,0.7707755540289469,1,1
0,0.22483638554781266,0,0
0,0.1826502745475632,0,0
0,0.26958306857669656,0,0
0,0.3427386976297593,0,0
1,0.3309862048803392,0,0
1,0.45228099607212396,0,0
0,0.8592622376837046,1,1
0,0.20726928117182433,0,0
0,0.21237433833965358,0,0
0,0.4061275189279144,0,0
0,0.6229521999401978,1,1
1,0.8086286395068235,1,1
1,0.9401029435412365,1,1
0,0.6774629342366244,1,1
1,0.5287277317969793,1,1
0,0.5022336020028103,1,1
0,0.4042965794438466,0,0
1,0.7038999873435889,1,1
0,0.29510426621173613,0,0
0,0.3338467293013083,0,0
0,0.4080909411241792,0,0
1,0.8964987536909349,1,1
0,0.10366102875727821,0,0
0,0.10629067272418606,0,0
1,0.6635601353578124,1,1
0,0.5964843276385977,1,1
0,0.09381814865633893,0,0
0,0.15993999193841418,0,0
1,0.8470368989101528,1,1
0,0.19625653974322466,0,0
1,0.8277758368851836,1,1
0,0.16563609757739042,0,0
0,0.6667866740635265,1,1
0,0.42939321831935096,0,0
0,0.80614334619413,1,1
0,0.5471702079754139,1,1
1,0.9456652877788888,1,1
1,0.648973379277098,1,1
0,0.24120025940279513,0,0
1,0.5932710891526349,1,1
0,0.5008027560852045,1,1
0,0.6870378421951362,1,1
1,0.6860350932121494,1,1
0,0.5510546844593475,1,1
1,0.13783533737421066,0,0
0,0.8021913215359915,1,1
0,0.07149529233894486,0,0
0,0.27903650086639786,0,0
0,0.43418158385238287,0,0
1,0.618708345119072,1,1
1,0.7404579490080399,1,1
1,0.7729534879737949,1,1
1,0.6706339234495527,1,1
0,0.27164785021974086,0,0
0,0.2438516976354562,0,0
0,0.20272345014657545,0,0
0,0.7892073746224452,1,1
0,0.40605732271033923,0,0
1,0.37581743894593556,0,0
0,0.4260772694462313,0,0
0,0.1294533079196869,0,0
0,0.1330438219714911,0,0
0,0.6744729838348511,1,1
1,0.5374655426463503,1,1
0,0.08568305458819786,0,0
1,0.7107884245816226,1,1
1,0.7333739863737881,1,1
0,0.17756159182269238,0,0
1,0.9233081384825009,1,1
1,0.6239751967636615,1,1
0,0.29371926076361476,0,0
1,0.5244401510254685,1,1
0,0.0883862162954016,0,0
0,0.820740202568722,1,1
0,0.47150856081761705,0,0
1,0.25140280357901446,0,0
0,0.589760384004578,1,1
0,0.3970051998971489,0,0
1,0.36217217236252996,0,0
0,0.37969214075968766,0,0
1,0.8134348446265576,1,1
0,0.0583569937698971,0,0
0,0.7240978741044796,1,1
0,0.611164043893077,1,1
1,0.6447140757116906,1,1
1,0.7659822275949608,1,1
1,0.6566434811732078,1,1
0,0.16952806235906906,0,0
1,0.81871688985343,1,1
0,0.3613275162429607,0,0
0,0.5535130374673197,1,1
1,0.9041600595721866,1,1
0,0.5716459868346528,1,1
0,0.5041741070588954,1,1
1,0.742666553880452,1,1
0,0.8395563527678995,1,1
1,0.6154445509250913,1,1
0,0.24645340520901465,0,0
0,0.36994367783966103,0,0
1,0.8239748916109069,1,1
0,0.12813982698156146,0,0
1,0.8451273302086632,1,1
0,0.7627318213746125,1,1
1,0.7248586646308117,1,1
1,0.6875782387247261,1,1
0,0.9045417301762616,1,1
1,0.9593678541861151,1,1
1,0.33728406412203804,0,0
0,0.6897456479675761,1,1
0,0.48250743014229974,0,0
0,0.1592342213381441,0,0
1,0.7080332679671814,1,1
0,0.401948551622268,0,0
1,0.4414616244624011,0,0
0,0.5112210048595217,1,1
0,0.28117838892637775,0,0
1,0.15873559633049233,0,0
0,0.14606899880570226,0,0
1,0.5419127218085901,1,1
1,0.9370469015431944,1,1
0,0.9292596867856924,1,1
0,0.1524524628232474,0,0
0,0.23640925557871922,0,0
0,0.3471659752113533,0,0
1,0.592422557845449,1,1
0,0.36416066287097243,0,0
0,0.33632955401395326,0,0
0,0.08799941455609467,0,0
1,0.4648366224089475,0,0
0,0.12118863026815628,0,0
0,0.12113750618418691,0,0
1,0.5517298080609951,1,1
1,0.7680274930415238,1,1
0,0.5445425824248685,1,1
1,0.5271361001481363,1,1
0,0.450076815869461,0,0
0,0.08896809138968687,0,0
0,0.3778825263315918,0,0
0,0.2705384291546122,0,0
1,0.14651437418074,0,0
0,0.6783502518794308,1,1
0,0.7728605034946207,1,1
1,0.9057040693980629,1,1
0,0.2748573813480277,0,0
1,0.7117864291299919,1,1
1,0.6589289044276541,1,1
0,0.18249235397811367,0,0
0,0.39716992839462434,0,0
1,0.35435239783032385,0,0
0,0.35264226332302556,0,0
0,0.2977733263782791,0,0
0,0.26972634520256733,0,0
1,0.6681371548379836,1,1
0,0.21999141285893423,0,0
0,0.49452889601860645,0,0
1,0.7755255487465941,1,1
0,0.24417470457688473,0,0
1,0.9358809386213562,1,1
1,0.6567659896387044,1,1
1,0.9381023793208196,1,1
0,0.7828563180013675,1,1
0,0.4055210190621081,0,0
1,0.783563348968464,1,1
0,0.1533851995113463,0,0
1,0.30907728137747864,0,0
1,0.8579398604870242,1,1
0,0.3400440545247183,0,0
0,0.3719701632023635,0,0
1,0.7240069108968427,1,1
1,0.813944264489232,1,1
1,0.5729226640882633,1,1
1,0.8543345806743615,1,1
0,0.18519691501556135,0,0
1,0.4967592669196932,0,0
1,0.5033310653896116,1,1
0,0.5373991839934212,1,1
0,0.19820545553414132,0,0
0,0.7671430664287571,1,1
0,0.6304019537326092,1,1
0,0.5833746316153753,1,1
1,0.7192511052543199,1,1
0,0.48189707751655986,0,0
0,0.27684907680242754,0,0
1,0.748173816374308,1,1
0,0.5127246314032701,1,1
1,0.8535470782337613,1,1
1,0.8670467383861695,1,1
1,0.8472041954816891,1,1
0,0.3742129435421508,0,0
0,0.6961992218600892,1,1
0,0.20315437750245635,0,0
1,0.5580887646282605,1,1
0,0.09741084711506671,0,0
0,0.16033642970592796,0,0
1,0.8881615543134298,1,1
0,0.3496198409344799,0,0
1,0.6137435205937471,1,1
0,0.6560522543734448,1,1
1,0.15791184233811187,0,0
0,0.1483250950413345,0,0
0,0.10352946374600154,0,0
0,0.2175641881907957,0,0
1,0.7801034949700716,1,1
0,0.17232299587318695,0,0
0,0.11835939136201873,0,0
0,0.4319015874261816,0,0
0,0.4194694133993492,0,0
1,0.8999170358338384,1,1
0,0.319090210014687,0,0
1,0.570371123847393,1,1
0,0.37803740294004146,0,0
1,0.7750820109448335,1,1
0,0.5006919958041712,1,1
0,0.07633831318037956,0,0
1,0.6785089325798699,1,1
0,0.7507447815055601,1,1
0,0.24425403630162873,0,0
0,0.8831156975921223,1,1
1,0.5182802727063458,1,1
1,0.6732473875187036,1,1
0,0.11639471621382212,0,0
0,0.7203756200234462,1,1
0,0.5108762407803761,1,1
1,0.5550665688586415,1,1
1,0.8840894834233316,1,1
0,0.38708399751430606,0,0
0,0.7160589653455471,1,1
0,0.3906690802474058,0,0
0,0.5498899185298978,1,1
0,0.11308748690943221,0,0
0,0.14869284640981065,0,0
0,0.8442120161498111,1,1
1,0.39827332416040456,0,0
0,0.18596736248587278,0,0
1,0.8060089975355447,1,1
0,0.43568849629024775,0,0
0,0.6535517487187092,1,1
0,0.8230749770546917,1,1
0,0.508245229695387,1,1
1,0.8339419051251095,1,1
1,0.7230660024771871,1,1
1,0.5343716486863747,1,1
0,0.4102462787854449,0,0
1,0.7546181779122559,1,1
1,0.8005922451146035,1,1
0,0.11114321479273997,0,0
0,0.3236827875801267,0,0
1,0.8561936296253467,1,1
0,0.348402674276011,0,0
0,0.5787043780102366,1,1
1,0.3342984720660144,0,0
0,0.1832012376657758,0,0
0,0.13301168829498553,0,0
1,0.634665870738381,1,1
0,0.11976362095397056,0,0
0,0.31003131019009106,0,0
1,0.8969511775144103,1,1
0,0.8135419698016905,1,1
0,0.24589529719383102,0,0
1,0.7704325535706139,1,1
0,0.5642985099447065,1,1
0,0.516650190113246,1,1
0,0.36908211148977316,0,0
1,0.8845566342514972,1,1
0,0.23723488293555695,0,0
1,0.9385662616403055,1,1
1,0.8350690601030758,1,1
1,0.8820659518391706,1,1
0,0.1025128743870815,0,0
0,0.351170484031979,0,0
0,0.6629748736673767,1,1
0,0.7696116773249876,1,1
1,0.9587928627627744,1,1
0,0.21059208843977056,0,0
0,0.25048865456583885,0,0
0,0.5004494142218154,1,1
0,0.07109693915944465,0,0
0,0.8910715749584949,1,1
0,0.1355960791265301,0,0
0,0.13839408328112957,0,0
1,0.9441313175118513,1,1
1,0.405431131110341,0,0
0,0.24756070699596008,0,0
0,0.40122625243041465,0,0
1,0.8837054060234808,1,1
0,0.45836895138329453,0,0
0,0.3417968047023718,0,0
0,0.4635465640124992,0,0
0,0.49304780371029217,0,0
1,0.43950153206169923,0,0
1,0.48315971701334903,0,0
0,0.23918791227068115,0,0
0,0.7693137627923163,1,1
0,0.5741183263346059,1,1
1,0.8802820510690867,1,1
0,0.7472207443079399,1,1
1,0.9492102480734531,1,1
0,0.6243343344659266,1,1
0,0.13350781760790273,0,0
0,0.4580914599128603,0,0
1,0.6589167153486947,1,1
0,0.23594008085777332,0,0
0,0.8762632817116102,1,1
0,0.2306351026206723,0,0
0,0.295585514913279,0,0
0,0.23819743213845437,0,0
0,0.3727019043093997,0,0
0,0.20160741820704706,0,0
0,0.13395915459947808,0,0
1,0.44081911533847246,0,0
1,0.24216659522876735,0,0
1,0.4411402046671931,0,0
0,0.21760030477802975,0,0
0,0.5477928501466948,1,1
0,0.7109922833373646,1,1
0,0.5497798548972623,1,1
0,0.5532199935316999,1,1
0,0.5578508968394497,1,1
0,0.6536623112959147,1,1
0,0.08017881617178857,0,0
0,0.2133066356537562,0,0
0,0.16305779696245673,0,0
1,0.7521220567866587,1,1
0,0.392305274145532,0,0
1,0.5798451285849792,1,1
1,0.820813640737029,1,1
0,0.48710442438823837,0,0
1,0.7217616720874753,1,1
1,0.866477707240273,1,1
1,0.5758782262704752,1,1
0,0.10566444092296626,0,0
1,0.848561732141686,1,1
0,0.9162709881469023,1,1
0,0.08137162795772178,0,0
0,0.1306992592050335,0,0
0,0.15283800580363446,0,0
1,0.59094597096699,1,1
1,0.856930681796983,1,1
0,0.3143816817967715,0,0
0,0.3214746454893872,0,0
0,0.2613677327424139,0,0
1,0.6437915947514422,1,1
1,0.7773739889832527,1,1
1,0.47986777778349426,0,0
1,0.7871429214035073,1,1
1,0.43176256704576105,0,0
0,0.459917460196327,0,0
1,0.7846924549764099,1,1
0,0.2857137903398089,0,0
0,0.10949004874272217,0,0
0,0.36108191461682554,0,0
0,0.3662121096659884,0,0
0,0.2104186018249255,0,0
1,0.8142243131130028,1,1
0,0.26018976131761135,0,0
0,0.29714285535952045,0,0
0,0.0819270221144712,0,0
1,0.46496416473936314,0,0
0,0.4137746533686812,0,0
0,0.3749558966936841,0,0
0,0.16611545721846366,0,0
0,0.3990738158390993,0,0
1,0.8902471386843774,1,1
1,0.7985844381560983,1,1
1,0.9367783986127433,1,1
0,0.087416587301087,0,0
0,0.3915213587969335,0,0
0,0.8019576441825556,1,1
0,0.06211525180550781,0,0
1,0.5864795170365509,1,1
1,0.5451796506148222,1,1
0,0.9186611290848103,1,1
0,0.2296496895527528,0,0
1,0.1514312994036431,0,0
1,0.5506137632137442,1,1
0,0.05076651766882991,0,0
1,0.8938694212096203,1,1
0,0.1185020256158877,0,0
1,0.8762028460769533,1,1
0,0.42035368859084915,0,0
0,0.1809621409024743,0,0
1,0.18829800698874782,0,0
0,0.800242972647287,1,1
1,0.46203420002119255,0,0
1,0.5638418804372669,1,1
0,0.5679069054028208,1,1
1,0.7765914584848638,1,1
0,0.3350946893883397,0,0
0,0.1299042887296093,0,0
1,0.8951180402877599,1,1
0,0.33399753863557236,0,0
0,0.08158814024589837,0,0
0,0.1073172310299961,0,0
1,0.10452313382486901,0,0
0,0.35023259055141326,0,0
1,0.8693077393458924,1,1
0,0.17176741295374484,0,0
0,0.30542417342831374,0,0
1,0.5407096566591372,1,1
1,0.5214534921675659,1,1
0,0.4728227568477913,0,0
0,0.38586924554759283,0,0
0,0.23324012620257922,0,0
0,0.5787954208176542,1,1
1,0.84112988404865,1,1
1,0.423193642042656,0,0
0,0.2836083196260195,0,0
0,0.6433545890733838,1,1
0,0.1370767823252691,0,0
0,0.8878258550781138,1,1
1,0.7065378064124095,1,1
0,0.6561555646870254,1,1
1,0.9079411538038247,1,1
1,0.5861580677970581,1,1
1,0.6701071449880832,1,1
0,0.052409710875812476,0,0
0,0.06522004189254695,0,0
0,0.26267559110594213,0,0
0,0.28125184712702506,0,0
0,0.29736536624290155,0,0
0,0.17105071222824686,0,0
0,0.2854942822803135,0,0
1,0.31118486045201543,0,0
0,0.09780263537480927,0,0
0,0.19941688077336772,0,0
1,0.6684638861083101,1,1
0,0.42986580978397115,0,0
0,0.4150329468018931,0,0
0,0.1681151406918788,0,0
0,0.5647753108742205,1,1
0,0.2817497283794631,0,0
0,0.16155458127310746,0,0
0,0.5141389951493188,1,1
0,0.2576522601705263,0,0
0,0.5367509408371267,1,1
0,0.56942417450059,1,1
0,0.25160141749918397,0,0
1,0.6937156240315447,1,1
0,0.5330727245225028,1,1
1,0.4492816636350197,0,0
1,0.8877405734435968,1,1
0,0.14947142678163677,0,0
0,0.33491712060817674,0,0
1,0.9111876300421908,1,1
0,0.45392335562584984,0,0
0,0.16039000289099983,0,0
0,0.13717580192170328,0,0
0,0.1713124899223462,0,0
1,0.9091716660517378,1,1
0,0.7463962228153207,1,1
0,0.3145180408137395,0,0
0,0.775731552417435,1,1
0,0.7628988652210308,1,1
0,0.21266561619443755,0,0
0,0.4289420205576972,0,0
1,0.7342299039168769,1,1
1,0.8982084202537591,1,1
1,0.5295725443373553,1,1
0,0.4895789006261249,0,0
0,0.06392221161926276,0,0
1,0.3385916836032024,0,0
1,0.8409243589841848,1,1
0,0.5380980493898996,1,1
0,0.47055081775727853,0,0
1,0.7879003658072029,1,1
0,0.323357293335446,0,0
1,0.5521892337806208,1,1
0,0.35252600486988056,0,0
1,0.5927032313024357,1,1
0,0.25419409837245976,0,0
0,0.0715856645606704,0,0
1,0.913214727790129,1,1
0,0.35088597730268756,0,0
0,0.29906734623654063,0,0
1,0.9198505048324342,1,1
0,0.31987473999506394,0,0
1,0.6654724308374206,1,1
0,0.18313403529276734,0,0
0,0.8637399421513451,1,1
1,0.9244606599315911,1,1
0,0.2613830643318126,0,0
0,0.026822211546468456,0,0
0,0.5999714719166793,1,1
1,0.9023699350288096,1,1
0,0.21963958550615265,0,0
0,0.05780556514074696,0,0
1,0.882779843401704,1,1
0,0.5111733386915343,1,1
1,0.8212326307313953,1,1
1,0.49541049483801014,0,0
1,0.759373007320592,1,1
0,0.8504390690111246,1,1
0,0.34057781556456257,0,0
1,0.2706255701488646,0,0
0,0.29848832510604195,0,0
1,0.6185271268082473,1,1
0,0.12010146049022574,0,0
1,0.5797252363458953,1,1
0,0.47841199814909585,0,0
1,0.9544805033038466,1,1
1,0.8271311087925821,1,1
0,0.2115528910556803,0,0
0,0.7828431085577995,1,1
0,0.3717396567187347,0,0
0,0.7596958178260225,1,1
1,0.5500035972747693,1,1
0,0.06978996287188911,0,0
0,0.3213565164992939,0,0
1,0.7157549797508093,1,1
1,0.8593405148114361,1,1
0,0.1740423948730395,0,0
1,0.5214155589904033,1,1
0,0.06546190030486473,0,0
1,0.620119044814891,1,1
1,0.8952770310240786,1,1
0,0.5908450958959861,1,1
0,0.2280035029316079,0,0
1,0.8414227597046048,1,1
0,0.23599554836104616,0,0
0,0.519032497878338,1,1
0,0.10844218337731071,0,0
0,0.3830180162174809,0,0
0,0.3098994021797676,0,0
0,0.30493629279305745,0,0
0,0.13147209683200642,0,0
0,0.29452098124288095,0,0
1,0.7614404994835673,1,1
0,0.07165173314263469,0,0
0,0.27309015143070786,0,0
0,0.28600960253957053,0,0
0,0.1516615652557688,0,0
1,0.6748185444475298,1,1
0,0.5228062873410999,1,1
0,0.11761933952454832,0,0
0,0.7863798409159053,1,1
0,0.057455950640434426,0,0
1,0.7362388826325993,1,1
0,0.10152975920057732,0,0
0,0.32175687611513887,0,0
1,0.30760484492364304,0,0
0,0.06605297417625207,0,0
1,0.9136462897616312,1,1
0,0.1816169866791519,0,0
0,0.15935514746806154,0,0
0,0.40607968964022345,0,0
1,0.7531346900313083,1,1
1,0.660222397563266,1,1
0,0.4967686819982114,0,0
0,0.8509644689663161,1,1
0,0.2571200881464749,0,0
0,0.907505438023211,1,1
1,0.8278525331066257,1,1
0,0.12326083984146212,0,0
1,0.17844257805703057,0,0
0,0.17397778445256187,0,0
1,0.2510181463141267,0,0
1,0.4846058754228674,0,0
0,0.17883551786487092,0,0
1,0.7705164838641967,1,1
1,0.8285621354296061,1,1
1,0.609339815171387,1,1
0,0.06117657198419494,0,0
0,0.13573538837605564,0,0
0,0.11765527187590302,0,0
0,0.211564939306759,0,0
0,0.10383978084394388,0,0
0,0.45683464285952796,0,0
0,0.13360168561165503,0,0
0,0.08328061812795157,0,0
0,0.03701961344907542,0,0
0,0.2828156212304492,0,0
0,0.23607005853500085,0,0
1,0.8837967412806305,1,1
0,0.15696754485243164,0,0
1,0.7070924888255371,1,1
1,0.8485322507190268,1,1
0,0.09451164274067289,0,0
0,0.1409406639380756,0,0
1,0.3917539159478507,0,0
0,0.342020399313433,0,0
1,0.5421556412122271,1,1
0,0.22220802525506392,0,0
0,0.6235309208902184,1,1
0,0.25115432916820307,0,0
1,0.7566730783662667,1,1
0,0.8926755035224756,1,1
0,0.7938976720194159,1,1
1,0.6659050031510212,1,1
1,0.4337579222510819,0,0
1,0.9020987353075856,1,1
0,0.12096892308711445,0,0
1,0.8075448985981878,1,1
0,0.36947856473311713,0,0
0,0.269222572002811,0,0
0,0.45577883764047605,0,0
0,0.4890430259701638,0,0
0,0.18264845119013065,0,0
1,0.7918069843119583,1,1
0,0.6089694374232332,1,1
0,0.3657303545628534,0,0
1,0.8000640125487885,1,1
0,0.13772702115798627,0,0
0,0.6744837594997625,1,1
0,0.5562073034458015,1,1
0,0.3393847996038591,0,0
0,0.10371639268088151,0,0
0,0.3430854835722661,0,0
0,0.1505879921379587,0,0
1,0.3065326015975995,0,0
0,0.4304006272353335,0,0
1,0.8158708950896807,1,1
1,0.6977089138446051,1,1
0,0.22444910789882613,0,0
0,0.5886004480405984,1,1
0,0.15595043529615477,0,0
0,0.49403470081006706,0,0
0,0.6949637141404861,1,1
0,0.12896681090976064,0,0
1,0.2880962833469095,0,0
0,0.2963173053227334,0,0
0,0.184960871586558,0,0
0,0.10716389176761462,0,0
0,0.41177627545639256,0,0
1,0.799721593286438,1,1
0,0.6328787244078113,1,1
0,0.14585830565841937,0,0
0,0.15606536142578756,0,0
0,0.1596222379678465,0,0
0,0.13845838722039974,0,0
1,0.48113307133419053,0,0
1,0.2564617942105096,0,0
0,0.5077842353014974,1,1
0,0.24002566379223694,0,0
0,0.3945309386331725,0,0
1,0.826341552322188,1,1
0,0.8574363444792634,1,1
1,0.7622160298158492,1,1
0,0.12490829927304453,0,0
0,0.5735915800617563,1,1
0,0.09905024578722736,0,0
0,0.30701846955836765,0,0
1,0.5696481808442458,1,1
1,0.5852130281883051,1,1
1,0.3832347455645908,0,0
0,0.31814381320190105,0,0
0,0.23864914267992693,0,0
0,0.8086661410090195,1,1
0,0.17529044215242612,0,0
0,0.19477915457512002,0,0
1,0.4196992289212335,0,0
1,0.8732999978615116,1,1
0,0.43618745942297066,0,0
0,0.44571627332177777,0,0
1,0.8310141290342656,1,1
1,0.689227935116175,1,1
0,0.5405594643073757,1,1
0,0.7360886627022003,1,1
1,0.5798752274565334,1,1
1,0.7703666266378455,1,1
1,0.5416196151037737,1,1
0,0.2538763106333203,0,0
0,0.5782933767951137,1,1
0,0.15742190093055994,0,0
0,0.17389717444134928,0,0
0,0.2722655223535087,0,0
1,0.6745937998610578,1,1
1,0.8727194732006325,1,1
0,0.3689732910980626,0,0
0,0.3440317143948251,0,0
0,0.4208328802913504,0,0
1,0.51614858518599,1,1
0,0.686217720108501,1,1
0,0.1094474367933411,0,0
0,0.11652339527722938,0,0
0,0.34784060035485953,0,0
1,0.6863512997698862,1,1
1,0.9514116804214872,1,1
0,0.3857798967045958,0,0
0,0.917765559896164,1,1
1,0.4655157062845307,0,0
1,0.5952635762978497,1,1
0,0.0713603105484365,0,0
0,0.15601827205995794,0,0
1,0.07685575480507252,0,0
1,0.7996323403889681,1,1
0,0.3013001567022723,0,0
0,0.7578543572994327,1,1
0,0.21822521724156282,0,0
1,0.5373693555530938,1,1
0,0.1998527732135564,0,0
0,0.5391385529125442,1,1
0,0.10579568438458821,0,0
0,0.40295762728955475,0,0
1,0.6924241883511973,1,1
0,0.07768873459770814,0,0
1,0.6111156057171466,1,1
0,0.7324275514498246,1,1
1,0.7022233499138223,1,1
0,0.30201386742400443,0,0
0,0.6254537843951595,1,1
0,0.24153213691846082,0,0
1,0.5763051316499461,1,1
1,0.6191638505369855,1,1
0,0.21432633989898967,0,0
0,0.7020611548650798,1,1
0,0.14720752141703666,0,0
1,0.8846653243810031,1,1
0,0.4002511734140974,0,0
0,0.21091129353887336,0,0
0,0.4553169289012861,0,0
0,0.3841344311401978,0,0
0,0.5271981379627207,1,1
0,0.8855039440581071,1,1
1,0.8587650030239871,1,1
0,0.7640456102854362,1,1
0,0.5922619461105713,1,1
1,0.17618130210324215,0,0
0,0.10423639317569237,0,0
0,0.415368604930681,0,0
1,0.848888189320931,1,1
0,0.14045067789016547,0,0
0,0.2901085396726226,0,0
0,0.540794908413305,1,1
1,0.1524143762508978,0,0
1,0.9271074634557722,1,1
1,0.9604168412752501,1,1
0,0.2183426363535781,0,0
0,0.2654353223077471,0,0
1,0.7100242269547707,1,1
0,0.10540186364896799,0,0
0,0.4812399157154103,0,0
0,0.08911554632835564,0,0
0,0.033548111020171356,0,0
1,0.7659566647733863,1,1
0,0.7377795484309009,1,1
1,0.9402158126574794,1,1
0,0.37032499745887865,0,0
0,0.22575881509887671,0,0
0,0.21973447741594254,0,0
0,0.4728010279337612,0,0
0,0.10349127891484797,0,0
1,0.7770180538921796,1,1
1,0.4546865713638171,0,0
0,0.33160529388067067,0,0
1,0.5940290349236613,1,1
0,0.15966433661551943,0,0
1,0.5520265501633114,1,1
0,0.253613338942697,0,0
1,0.43212580455254956,0,0
0,0.17487059638399186,0,0
1,0.3688147368320888,0,0
0,0.5182707526666052,1,1
0,0.2685129191291539,0,0
0,0.169126537269105,0,0
0,0.43469892088425793,0,0
0,0.2526777754286509,0,0
0,0.193702637653184,0,0
0,0.40881672502591354,0,0
1,0.8125233422316078,1,1
0,0.4094007344359219,0,0
1,0.6475119997948703,1,1
0,0.19317566678851175,0,0
0,0.17367223875874693,0,0
1,0.9032943528924838,1,1
1,0.9097286815735885,1,1
0,0.28159661117764007,0,0
0,0.11801722518208183,0,0
0,0.3514255267709809,0,0
1,0.7438543107477269,1,1
0,0.5538416654593066,1,1
1,0.9502862657731855,1,1
1,0.3711237100618413,0,0
0,0.09096925521588917,0,0
0,0.6473936288078487,1,1
0,0.814158434875144,1,1
0,0.1755820912679993,0,0
0,0.520647414929403,1,1
1,0.3649132760975163,0,0
0,0.20713002375008158,0,0
1,0.830343991637643,1,1
0,0.15200912647088688,0,0
0,0.15165485283052482,0,0
0,0.1548683896958579,0,0
0,0.1020815683517363,0,0
0,0.12476792103051415,0,0
0,0.055561759038810755,0,0
0,0.27121884336247043,0,0
0,0.3375016015895612,0,0
1,0.556127693899464,1,1
0,0.18586507818386386,0,0
0,0.8163387944149666,1,1
0,0.780334605466343,1,1
1,0.6837277364434928,1,1
0,0.8759739461677238,1,1
1,0.5446439023870148,1,1
1,0.7574474859260287,1,1
0,0.127287856546276,0,0
1,0.40618531948147774,0,0
0,0.6523045616613319,1,1
0,0.1928840742656266,0,0
0,0.2189707617288601,0,0
0,0.16891901472321974,0,0
1,0.9471493573889405,1,1
0,0.23595969151368296,0,0
0,0.323274188456284,0,0
0,0.576008643065334,1,1
0,0.3728637172698097,0,0
0,0.36113638168844187,0,0
0,0.11098814548132882,0,0
0,0.3217803781152463,0,0
0,0.37345689012949335,0,0
1,0.8301510102088373,1,1
0,0.47027424947951496,0,0
1,0.6278918461096733,1,1
1,0.8173622182354148,1,1
0,0.11999679825556303,0,0
0,0.3027739860614174,0,0
1,0.3927248896198221,0,0
0,0.20103217750568791,0,0
0,0.8213085065014464,1,1
0,0.2438773657015855,0,0
0,0.2065321485863407,0,0
1,0.6220088015718284,1,1
0,0.5025424611120661,1,1
0,0.3721493664631827,0,0
0,0.8992932884170343,1,1
0,0.5199004972384819,1,1
1,0.8712850870844399,1,1
1,0.7408124177917255,1,1
0,0.88303037632964,1,1
0,0.21421601784324287,0,0
0,0.5277645103721799,1,1
0,0.1770240527003371,0,0
1,0.3814657930658836,0,0
1,0.8444819531324607,1,1
1,0.47067121985586935,0,0
0,0.11618218097626218,0,0
1,0.7366491913666698,1,1
0,0.5921610311901289,1,1
1,0.7432992147968966,1,1
1,0.5775192689380582,1,1
1,0.8921986432999776,1,1
1,0.8616220587559021,1,1
1,0.49860567277107537,0,0
0,0.27759830503892335,0,0
0,0.5645225841891844,1,1
0,0.33461658213701706,0,0
1,0.8464560452414079,1,1
1,0.5112840691749597,1,1
0,0.5455296644258056,1,1
0,0.42087003684418506,0,0
0,0.47520303711787387,0,0
1,0.638901897581096,1,1
0,0.7186983828416448,1,1
1,0.7883601720481291,1,1
1,0.6614906272407234,1,1
0,0.08380022459286555,0,0
1,0.8479277027385534,1,1
0,0.29438514334492827,0,0
0,0.23042012120999555,0,0
0,0.37606079474142656,0,0
0,0.5173988396990616,1,1
0,0.24031260967185708,0,0
0,0.6547696499121151,1,1
0,0.6263305252661573,1,1
0,0.21740074586729036,0,0
0,0.04451041119083629,0,0
0,0.5850913202379898,1,1
0,0.10631851059922177,0,0
0,0.8555849166793362,1,1
1,0.13006241744791514,0,0
0,0.6163221523261403,1,1
0,0.5787039426410591,1,1
0,0.4910537937448109,0,0
0,0.5575556571832601,1,1
0,0.1635217067243914,0,0
0,0.35566803202481706,0,0
1,0.09679880704910883,0,0
0,0.8775528880970223,1,1
1,0.24969628713903924,0,0
0,0.6983769411759372,1,1
0,0.1560514369475008,0,0
0,0.4139392413303267,0,0
0,0.39268963605293006,0,0
0,0.10581274098805821,0,0
1,0.8518840370606433,1,1
1,0.9115147837861203,1,1
0,0.70196832420437,1,1
0,0.026190889575403924,0,0
0,0.7500593457287593,1,1
0,0.13300546966239915,0,0
1,0.6347175197072725,1,1
0,0.7370717365527413,1,1
0,0.35003711490140665,0,0
1,0.5307546118291293,1,1
0,0.33320729465743243,0,0
0,0.5389076028205937,1,1
0,0.4895528072867561,0,0
0,0.4024756969971028,0,0
0,0.11314125574965911,0,0
0,0.5772892063354484,1,1
1,0.7971712840566391,1,1
0,0.6128486057725712,1,1
0,0.5026255456579329,1,1
0,0.35448420890171684,0,0
0,0.7915112078205476,1,1
1,0.5757470952218959,1,1
0,0.4048696618256456,0,0
0,0.261992216544544,0,0
0,0.0400927460240896,0,0
0,0.5064839817693589,1,1
0,0.9234333250921736,1,1
0,0.3548496363847244,0,0
1,0.8400498731580739,1,1
0,0.5755711796944185,1,1
0,0.08133095876748157,0,0
0,0.43512245919625364,0,0
0,0.18997959626779423,0,0
0,0.5951505305152555,1,1
0,0.24883276392558262,0,0
1,0.9206282137107755,1,1
1,0.9192066640776217,1,1
0,0.273790144805784,0,0
1,0.6693120043064503,1,1
0,0.1205334002723891,0,0
0,0.18934053834889789,0,0
0,0.2585428325043887,0,0
1,0.6074371843975318,1,1
1,0.6737999779403379,1,1
1,0.36332056453609474,0,0
0,0.6940951256032273,1,1
1,0.5606071162798422,1,1
0,0.12137609812613255,0,0
0,0.41721284373852013,0,0
0,0.8038813039531357,1,1
0,0.08748304261990388,0,0
0,0.5980208878159634,1,1
0,0.11940397710906443,0,0
0,0.2547483321206362,0,0
1,0.7994857223127887,1,1
1,0.8418370139716123,1,1
0,0.15791490999619975,0,0
0,0.37283551041912694,0,0
0,0.3468500526836709,0,0
0,0.7007166743655256,1,1
1,0.24055840115317587,0,0
0,0.9259398721720035,1,1
1,0.19937461988373792,0,0
1,0.7951673809539651,1,1
0,0.11171553543956828,0,0
0,0.1377576452140751,0,0
0,0.6245461000103758,1,1
1,0.9404377675946513,1,1
0,0.28526016589492,0,0
1,0.7961599138102395,1,1
0,0.24323017857249601,0,0
0,0.7298408361052726,1,1
0,0.5060741754879934,1,1
1,0.38701210287719057,0,0
0,0.11998487826205026,0,0
1,0.8627716353545616,1,1
0,0.2377047065331012,0,0
1,0.8711000344370872,1,1
0,0.40817158090363936,0,0
0,0.6422494708251754,1,1
0,0.2666486500964126,0,0
1,0.8680352603483749,1,1
0,0.13350253501759518,0,0
1,0.672335721700922,1,1
1,0.8310519245523624,1,1
0,0.3256484831938279,0,0
0,0.09076434751867685,0,0
0,0.3887350288626854,0,0
1,0.3318926123141571,0,0
1,0.1205741697629327,0,0
1,0.38819064171737117,0,0
0,0.5828355220464352,1,1
0,0.40626471761830485,0,0
0,0.37968980278356307,0,0
0,0.09110889872456418,0,0
0,0.9045265189022946,1,1
0,0.18235204078996062,0,0
0,0.27843604854839493,0,0
0,0.5108164348608887,1,1
1,0.4331490067333603,0,0
0,0.07087003099594419,0,0
1,0.6906284718066676,1,1
0,0.32958549682087934,0,0
0,0.09790937225117519,0,0
0,0.6709416233517047,1,1
0,0.40375296140441064,0,0
0,0.21322136469859515,0,0
1,0.15516011675596905,0,0
0,0.07770379437614783,0,0
0,0.3321362838486394,0,0
1,0.9198598677937446,1,1
1,0.8357824972498753,1,1
1,0.6762243951192338,1,1
1,0.9340869695944171,1,1
0,0.2557317198071786,0,0
1,0.6508791590427507,1,1
0,0.07600961153469996,0,0
0,0.2706217025382396,0,0
1,0.7688802851928643,1,1
1,0.7414305219607928,1,1
1,0.9458225384734241,1,1
1,0.6337869614255159,1,1
0,0.05206180851958958,0,0
1,0.8279754630987349,1,1
0,0.36726680827217667,0,0
0,0.5136641221469863,1,1
1,0.7882375098765784,1,1
1,0.6059420226253905,1,1
1,0.7264317135730686,1,1
1,0.6168967507912593,1,1
0,0.4310795391473558,0,0
0,0.29483007565493113,0,0
1,0.44987534634853726,0,0
1,0.5322481189953114,1,1
0,0.3183733868319663,0,0
0,0.40272375820523,0,0
0,0.4894328669962197,0,0
1,0.7770950804919106,1,1
1,0.6739753191778145,1,1
0,0.3580012416768765,0,0
1,0.9031102344673784,1,1
0,0.6322921799460098,1,1
0,0.15301034317010012,0,0
0,0.5411960369570488,1,1
0,0.5490622876868676,1,1
0,0.6240301473036987,1,1
0,0.6269679477456016,1,1
1,0.5980380290905992,1,1
0,0.6975102220876693,1,1
0,0.7700288057986635,1,1
0,0.2535286438921565,0,0
0,0.10895043667397503,0,0
1,0.19167773505977184,0,0
1,0.6123213216799134,1,1
0,0.7219737475724198,1,1
0,0.40412034236374617,0,0
1,0.6516319203965812,1,1
0,0.4301061948042393,0,0
0,0.5803720661735476,1,1
0,0.09781218183886536,0,0
0,0.33473877894947607,0,0
1,0.7344024740020174,1,1
1,0.5820921339883831,1,1
1,0.593461181536881,1,1
0,0.10910591851542657,0,0
1,0.8553501210742179,1,1
1,0.8658980971524056,1,1
0,0.29656068596057805,0,0
1,0.6825368661823966,1,1
0,0.899860755301565,1,1
0,0.07499978216419305,0,0
1,0.7337458281371325,1,1
0,0.765692772628464,1,1
1,0.7984964841754031,1,1
0,0.1607993431593816,0,0
0,0.2507556781463059,0,0
1,0.8061943113400697,1,1
0,0.7323932691858441,1,1
1,0.8995928430898668,1,1
0,0.23824267813658068,0,0
0,0.7827331710375889,1,1
1,0.7913041348622101,1,1
1,0.7891499714458468,1,1
0,0.20264735443399384,0,0
1,0.7499565877700495,1,1
0,0.23985818475211973,0,0
0,0.8063273821103728,1,1
1,0.5159585119626655,1,1
0,0.43309979539921856,0,0
1,0.2196677226209911,0,0
1,0.7471489949590778,1,1
0,0.40166407870724635,0,0
0,0.23835467573871968,0,0
1,0.1863014973450561,0,0
1,0.7409395201109271,1,1
1,0.7224422018390158,1,1
0,0.41024534645569655,0,0
1,0.7943586100139381,1,1
0,0.4858789330555246,0,0
1,0.24194619386002178,0,0
0,0.5411740579725325,1,1
0,0.23860266831966373,0,0
1,0.6712704657664288,1,1
1,0.8941305887361849,1,1
0,0.036875892371980516,0,0
0,0.618012675269921,1,1
0,0.7887456594231834,1,1
1,0.8946972257376823,1,1
0,0.5905257691374446,1,1
1,0.2770572265127413,0,0
0,0.4203706152056788,0,0
0,0.48776029205021426,0,0
0,0.868059060738843,1,1
0,0.4736670027788092,0,0
1,0.4375975369006599,0,0
0,0.22709667372420456,0,0
0,0.28930856043199027,0,0
0,0.23007774480726964,0,0
0,0.08272014131710656,0,0
0,0.5512247105043144,1,1
1,0.353222715243458,0,0
0,0.09209775513190419,0,0
0,0.7369885049561317,1,1
0,0.4401085401033553,0,0
1,0.5181543414115198,1,1
0,0.11644957150373118,0,0
1,0.3770473050256492,0,0
0,0.5278165776935692,1,1
1,0.30744373764715965,0,0
0,0.07313053839691676,0,0
0,0.1854606329542737,0,0
0,0.1729716512382026,0,0
1,0.62086890909016,1,1
1,0.3942514438855071,0,0
0,0.1450589397643451,0,0
1,0.7359636858748445,1,1
0,0.26506345283822835,0,0
1,0.40374247539993385,0,0
0,0.5848425105973052,1,1
0,0.21726013917575335,0,0
1,0.2840630382369106,0,0
0,0.790613305301494,1,1
0,0.11404588525662582,0,0
0,0.7603203713049597,1,1
1,0.7869244637541273,1,1
0,0.8808706237353889,1,1
1,0.5741216537200964,1,1
1,0.9130122126859767,1,1
1,0.774474036272822,1,1
1,0.7343263868474549,1,1
1,0.7170110722009067,1,1
0,0.4495973213795046,0,0
0,0.18268348420448838,0,0
0,0.13265752467498357,0,0
1,0.6302912230971607,1,1
0,0.2902767892751366,0,0
1,0.9095543872020198,1,1
1,0.5816507436448213,1,1
1,0.3730733670041788,0,0
0,0.4679102165312406,0,0
1,0.8981035329739515,1,1
0,0.09632344889419894,0,0
0,0.3807837161453247,0,0
0,0.910331803632718,1,1
1,0.5204910889096759,1,1
0,0.2490704145481152,0,0
1,0.5193881278565978,1,1
0,0.9070160149904218,1,1
0,0.2677046272128264,0,0
0,0.43442960159931193,0,0
1,0.7995356071898814,1,1
0,0.7346799256174615,1,1
0,0.19025986587431687,0,0
1,0.3898652830662918,0,0
0,0.26179003755820474,0,0
0,0.40410485338747437,0,0
1,0.22962487899631012,0,0
0,0.08268908112057802,0,0
1,0.6129574557893872,1,1
1,0.7468755235854649,1,1
0,0.3209597380991926,0,0
0,0.8564053801732718,1,1
1,0.7140188697489026,1,1
1,0.640700803074956,1,1
1,0.8362289988294761,1,1
0,0.20821394926963274,0,0
0,0.11495660577318591,0,0
0,0.8194085456859245,1,1
0,0.28102459302245775,0,0
0,0.14161869754685388,0,0
1,0.44303283113540515,0,0
0,0.49126900311405486,0,0
0,0.16028604551877562,0,0
1,0.9144638108047403,1,1
1,0.86570046557001,1,1
1,0.586669414125924,1,1
1,0.8423289022340403,1,1
1,0.192444024090737,0,0
1,0.863509823433321,1,1
0,0.3223668635775864,0,0
1,0.3707477299855607,0,0
1,0.7570085143671287,1,1
0,0.11856221967237872,0,0
0,0.8517509974045815,1,1
0,0.07976471479491688,0,0
0,0.26983290223277046,0,0
1,0.7731865062784258,1,1
1,0.7846620613218162,1,1
0,0.140116550374497,0,0
1,0.5828473214723359,1,1
0,0.39437152927933505,0,0
0,0.7676758399632911,1,1
0,0.11035839214901491,0,0
0,0.09104399110541592,0,0
1,0.6398334516493165,1,1
1,0.8543314578513229,1,1
0,0.06302790183859047,0,0
0,0.10928625685005944,0,0
1,0.787132341937135,1,1
0,0.19793507532829588,0,0
1,0.6427902833213134,1,1
1,0.6613886017527688,1,1
0,0.856454216990449,1,1
0,0.4431626720585598,0,0
0,0.13063308387036288,0,0
0,0.37861759253411015,0,0
0,0.5404646563550302,1,1
1,0.45508252242257247,0,0
0,0.685683551332487,1,1
0,0.5390297818363301,1,1
0,0.17959422458842747,0,0
1,0.4584396663941362,0,0
0,0.24905921917756155,0,0
0,0.33114055620502425,0,0
1,0.6925336573068924,1,1
1,0.8155202953237353,1,1
0,0.3216991272558132,0,0
0,0.6554575754983799,1,1
1,0.4687971086752253,0,0
1,0.8048760722866299,1,1
0,0.1058572234113959,0,0
0,0.778571167913564,1,1
0,0.5718855451717497,1,1
1,0.5336860806276731,1,1
1,0.8131606826538451,1,1
1,0.8859251159747993,1,1
1,0.9569486335139515,1,1
1,0.8599304834756913,1,1
0,0.7107068459521155,1,1
1,0.3022465353538161,0,0
0,0.7010017110259547,1,1
0,0.42771632238104484,0,0
0,0.8493071249257429,1,1
0,0.15246973247672643,0,0
0,0.3147743068316006,0,0
1,0.49619271665141984,0,0
0,0.24809102364572658,0,0
1,0.6101986753687623,1,1
1,0.5726936328166793,1,1
0,0.3932615154209473,0,0
1,0.8851907740303866,1,1
0,0.2799244541631808,0,0
0,0.14209176427583664,0,0
0,0.5349198262434144,1,1
0,0.5209389555376263,1,1
0,0.4095495446593163,0,0
1,0.5138099675329781,1,1
0,0.30025025011640144,0,0
0,0.47374376262478746,0,0
1,0.8391228334410867,1,1
1,0.3854076978246864,0,0
0,0.4173381915797667,0,0
1,0.8208053210449311,1,1
1,0.9060569717445492,1,1
0,0.8453795752817241,1,1
0,0.306115513684569,0,0
0,0.5047351001213582,1,1
1,0.23924628659677136,0,0
0,0.06995060448549381,0,0
0,0.450243594761376,0,0
0,0.43885810617970805,0,0
1,0.784328210859985,1,1
1,0.9326100399548604,1,1
1,0.2665189068547557,0,0
0,0.45401899381266064,0,0
0,0.48972405961114535,0,0
0,0.8615874785691464,1,1
0,0.3022929544321152,0,0
0,0.5782648533788336,1,1
0,0.3697534574788536,0,0
0,0.1897767091405336,0,0
0,0.4011008491200581,0,0
0,0.11377640298100325,0,0
0,0.06968589529662342,0,0
0,0.649514039530586,1,1
1,0.2707663885319617,0,0
0,0.275296885603204,0,0
0,0.20181000265308915,0,0
0,0.16054221892302348,0,0
0,0.6737871096460117,1,1
0,0.7441498678620293,1,1
0,0.6328201596681075,1,1
0,0.30129221066084116,0,0
1,0.5712564923809944,1,1
1,0.19701995200385916,0,0
0,0.3114497548655224,0,0
0,0.24029065199077942,0,0
0,0.5309787912396136,1,1
0,0.560751202891794,1,1
1,0.7197461905543251,1,1
0,0.28978280929007694,0,0
1,0.44581138570362777,0,0
1,0.744338612874239,1,1
0,0.11334512353528546,0,0
0,0.5517693257309835,1,1
0,0.4219888602266764,0,0
0,0.2714587939075153,0,0
1,0.7574064392549151,1,1
0,0.4722161449772917,0,0
0,0.2765475947895151,0,0
1,0.7339852413324303,1,1
0,0.36371542011170377,0,0
0,0.6412711736378088,1,1
0,0.16749755080148054,0,0
0,0.6067366168155803,1,1
0,0.2262271990040014,0,0
1,0.6222986284217888,1,1
1,0.20642730068112136,0,0
0,0.8795854817840707,1,1
1,0.6773239922179908,1,1
0,0.09846008495467871,0,0
0,0.8143798443065832,1,1
1,0.45612950452668427,0,0
1,0.7339477466769266,1,1
1,0.9185985069231442,1,1
1,0.29397609005625214,0,0
0,0.31948936335580064,0,0
0,0.24910741324864077,0,0
1,0.543786158330661,1,1
1,0.9470710752284828,1,1
1,0.6181299195793836,1,1
1,0.7916301893393849,1,1
0,0.27117576570514057,0,0
1,0.7328990590803909,1,1
1,0.8550146680926513,1,1
1,0.8696330768238141,1,1
1,0.8993047718275732,1,1
0,0.6377712265687613,1,1
0,0.7202739822117097,1,1
1,0.749468738227442,1,1
1,0.631959191773069,1,1
1,0.7699727397256102,1,1
0,0.9130060416836111,1,1
0,0.24566762879504692,0,0
0,0.16880698796723934,0,0
1,0.8079452211955311,1,1
1,0.7735162729436773,1,1
0,0.7202496147564286,1,1
1,0.681185190857867,1,1
0,0.5640232963279562,1,1
1,0.2739457925796768,0,0
0,0.1688296290714664,0,0
0,0.1501245221196064,0,0
1,0.7740831185440222,1,1
0,0.06732536088843141,0,0
0,0.1021728157498801,0,0
1,0.645484483601072,1,1
1,0.5907112543248948,1,1
0,0.7217507531241262,1,1
0,0.41207486783095953,0,0
0,0.5169061429338734,1,1
1,0.8949120121097367,1,1
0,0.29461171595938124,0,0
0,0.0955285001817695,0,0
0,0.33068934779406506,0,0
0,0.08465776864024142,0,0
1,0.4813825661308142,0,0
0,0.19350626576990343,0,0
0,0.7393012610316052,1,1
1,0.5161183578552672,1,1
0,0.06801744811246806,0,0
0,0.5563583130789007,1,1
0,0.3072186865655284,0,0
1,0.8242289224468623,1,1
0,0.04468187513820812,0,0
0,0.23642302735012333,0,0
1,0.6497283990984759,1,1
1,0.5637429232496571,1,1
0,0.34978054447160295,0,0
0,0.5536157045852192,1,1
0,0.5384842711044022,1,1
0,0.2668703443039498,0,0
0,0.5476780036686261,1,1
1,0.7890276070506156,1,1
1,0.939481517737133,1,1
0,0.10621332645564743,0,0
0,0.2382286190524479,0,0
1,0.8047438085066726,1,1
1,0.704434523744583,1,1
0,0.44744981014134416,0,0
0,0.5048021782638928,1,1
0,0.182710761928037,0,0
0,0.29352237869206366,0,0
0,0.3144607527995751,0,0
0,0.3558917079058451,0,0
0,0.11804463744123554,0,0
1,0.8186714907262024,1,1
0,0.23774854964321926,0,0
0,0.570343448769029,1,1
1,0.6706559301919252,1,1
0,0.11924719605041437,0,0
0,0.5312600410153695,1,1
0,0.17724907193965198,0,0
0,0.19583983831198024,0,0
0,0.0655319934782124,0,0
1,0.8856275361461686,1,1
0,0.64340307139467,1,1
1,0.6850896560572695,1,1
0,0.8949322163123269,1,1
0,0.3182835078145652,0,0
0,0.08102067262660702,0,0
1,0.6683433152284124,1,1
0,0.22984937254410182,0,0
0,0.14813955617440752,0,0
0,0.22654968186086522,0,0
1,0.7700585745477139,1,1
0,0.2690149347653422,0,0
0,0.7902784123361424,1,1
1,0.8191729303640342,1,1
0,0.1284561924452249,0,0
0,0.7673056647410762,1,1
0,0.1328087127775424,0,0
0,0.28164001447174797,0,0
0,0.20836250053631727,0,0
1,0.9382268918344467,1,1
0,0.4169426039904667,0,0
1,0.9178659106755516,1,1
0,0.5034950571724585,1,1
0,0.15287269795456515,0,0
1,0.5783406835124952,1,1
0,0.19230333054868648,0,0
1,0.9071966148918394,1,1
0,0.13910777679233655,0,0
0,0.3941955723695539,0,0
0,0.16219836972193208,0,0
0,0.7635344795171032,1,1
0,0.49494010075229417,0,0
1,0.40989617777957804,0,0
0,0.3415076531174908,0,0
0,0.6168326752390362,1,1
0,0.3517034654001718,0,0
0,0.19963948440716422,0,0
0,0.8060330080796789,1,1
0,0.09318053905615942,0,0
1,0.8744512671820869,1,1
0,0.06894179634513838,0,0
1,0.8914994764189103,1,1
0,0.5177743068553711,1,1
0,0.6596412377109517,1,1
0,0.681046490360505,1,1
0,0.478178630908844,0,0
1,0.8100275513383318,1,1
1,0.9329393090542191,1,1
1,0.7672540059307048,1,1
1,0.7509913999472794,1,1
1,0.5568254108534356,1,1
0,0.6369224356402619,1,1
0,0.5153894956278812,1,1
0,0.8220191444548409,1,1
0,0.283573826043833,0,0
1,0.8694044639838343,1,1
1,0.5143332871820037,1,1
0,0.29991460503426237,0,0
1,0.8717717059473428,1,1
1,0.08481418679892859,0,0
0,0.34975911530344544,0,0
0,0.20543050182015904,0,0
1,0.46351555966804486,0,0
0,0.9299242786469699,1,1
0,0.17226246374701826,0,0
0,0.5908241744280369,1,1
0,0.16442859900428744,0,0
1,0.9200284782931829,1,1
0,0.3909008585640072,0,0
0,0.10960355136668648,0,0
1,0.6954356149849624,1,1
0,0.0772985071666672,0,0
1,0.6994287966077171,1,1
0,0.38738630780207506,0,0
0,0.6220014924905621,1,1
0,0.352584421707699,0,0
0,0.07505124776757367,0,0
0,0.4275788112230618,0,0
1,0.8861770476585932,1,1
0,0.20172162877158958,0,0
0,0.8294765872328981,1,1
0,0.29622268028453025,0,0
0,0.7526413458328398,1,1
0,0.6874434791357497,1,1
0,0.7090318068030534,1,1
0,0.28851617920121503,0,0
1,0.6860542909511239,1,1
1,0.14263195074740423,0,0
1,0.5881053149600471,1,1
1,0.880732386741566,1,1
0,0.3144337583172083,0,0
1,0.6654895251202009,1,1
0,0.27050214418549673,0,0
1,0.7444527028821878,1,1
1,0.5716859344256378,1,1
0,0.1293994058381994,0,0
0,0.10344456402590352,0,0
0,0.09199618905174806,0,0
0,0.7263146412771135,1,1
1,0.7999600615039124,1,1
0,0.6352071354155676,1,1
0,0.24105601787221217,0,0
0,0.40207996012375996,0,0
0,0.3577574512730134,0,0
0,0.26532396578211787,0,0
0,0.1807769947964313,0,0
0,0.42403211770418686,0,0
0,0.20035305830274644,0,0
0,0.06984645190927266,0,0
1,0.3276043248870864,0,0
0,0.4768121479497147,0,0
0,0.4759743407505566,0,0
0,0.6825299926892517,1,1
0,0.11359169013391782,0,0
0,0.16344849467643255,0,0
0,0.2075113033030782,0,0
1,0.7669787790978805,1,1
0,0.11614180837805237,0,0
1,0.02400955785227524,0,0
0,0.26460399494774617,0,0
0,0.32500007780152373,0,0
0,0.09944047739621954,0,0
0,0.7205281455122244,1,1
0,0.5806004064767549,1,1
0,0.4753711483875965,0,0
1,0.3566436172484989,0,0
0,0.6607453189484254,1,1
0,0.11704325492767739,0,0
0,0.2234159506931559,0,0
0,0.2468809786425919,0,0
1,0.5604478332406804,1,1
0,0.5576901219178751,1,1
0,0.17385171926977838,0,0
1,0.32183403192554993,0,0
0,0.2031550784570359,0,0
1,0.8028991498960686,1,1
0,0.08347190618844708,0,0
0,0.10123251002422456,0,0
0,0.23617815098954212,0,0
0,0.10323126348265603,0,0
0,0.13061594973404977,0,0
0,0.17443403588259246,0,0
0,0.21039213667028375,0,0
0,0.14624655886722498,0,0
0,0.3451070878491722,0,0
1,0.6825173310450205,1,1
0,0.34124162312525236,0,0
0,0.2395055776780223,0,0
1,0.641756526148789,1,1
1,0.6928336335038308,1,1
1,0.8717393037858826,1,1
0,0.49778692377223277,0,0
1,0.6681170383972579,1,1
0,0.28735281588053646,0,0
0,0.5924153663656107,1,1
1,0.9404924514151639,1,1
0,0.2485130480013896,0,0
1,0.5988620389259626,1,1
1,0.8165742417108502,1,1
0,0.3270916745624305,0,0
1,0.29350053936417764,0,0
0,0.530233736072505,1,1
0,0.5790709236949791,1,1
0,0.13470090194120246,0,0
0,0.9007898242130123,1,1
0,0.5732456124589366,1,1
1,0.8019095569014343,1,1
1,0.7565131492931327,1,1
0,0.1391183391380191,0,0
0,0.3298605591901424,0,0
0,0.6809498341977263,1,1
0,0.3259627933216183,0,0
0,0.2687503336131958,0,0
1,0.23479645461622806,0,0
1,0.7871924709894764,1,1
0,0.37336613708755123,0,0
0,0.35627814409642694,0,0
0,0.3954412288991094,0,0
0,0.24195354148734813,0,0
0,0.5836343040179697,1,1
0,0.2808094724286517,0,0
0,0.1409490088799231,0,0
0,0.8030358982034929,1,1
0,0.3913330052449222,0,0
1,0.7241674816448203,1,1
0,0.20582194884858723,0,0
1,0.8657715826363384,1,1
0,0.24102791274142352,0,0
0,0.06137512678974995,0,0
0,0.28792906759741044,0,0
0,0.43682821761022333,0,0
0,0.8697143781958105,1,1
0,0.22871825413937538,0,0
0,0.11001828500752435,0,0
0,0.23481588273316184,0,0
0,0.8682372659819834,1,1
0,0.3935376278385245,0,0
1,0.8698884194012504,1,1
0,0.399292297598631,0,0
0,0.7852658001886808,1,1
0,0.23091821185031086,0,0
1,0.36607130031818513,0,0
1,0.8809919257007032,1,1
0,0.13054722797736312,0,0
0,0.44698092306111353,0,0
1,0.22020448243726243,0,0
0,0.6306351052783662,1,1
0,0.1878058400656505,0,0
0,0.7079097030107613,1,1
0,0.2187143120881707,0,0
0,0.25637532948170527,0,0
1,0.9213361596623876,1,1
1,0.3957637175126986,0,0
0,0.8333941937110104,1,1
0,0.48594977242906945,0,0
0,0.2995354939998785,0,0
0,0.28229701130673973,0,0
1,0.6658696207857527,1,1
1,0.9111897313537182,1,1
0,0.16697412006091084,0,0
0,0.14854115872201926,0,0
0,0.6551304242635759,1,1
1,0.6457665130071871,1,1
0,0.3281633422551112,0,0
0,0.532184754815731,1,1
1,0.3363366404750123,0,0
0,0.5641831572591922,1,1
1,0.8679600845229872,1,1
0,0.28869534810798836,0,0
0,0.21660192456417904,0,0
0,0.11421405303056202,0,0
0,0.07530294916240633,0,0
0,0.083718523759067,0,0
0,0.1717087584984719,0,0
1,0.9784444184710068,1,1
1,0.843541546923165,1,1
1,0.23395189857355922,0,0
0,0.3433503476453207,0,0
0,0.12327377772160046,0,0
0,0.3208654747529011,0,0
0,0.8275176889338967,1,1
0,0.5257481928187798,1,1
0,0.3443568885868833,0,0
0,0.33663099501224525,0,0
0,0.5350885909007143,1,1
0,0.14585488210636618,0,0
0,0.3072593746311689,0,0
0,0.36502230128381236,0,0
0,0.619100508346319,1,1
0,0.4638268420499759,0,0
0,0.48263705095791803,0,0
0,0.5614646223445046,1,1
0,0.6035825831067526,1,1
1,0.8823342726649469,1,1
0,0.15947420858257358,0,0
0,0.2036678692684843,0,0
0,0.1517829167236872,0,0
1,0.45508408469870226,0,0
0,0.3421159413078612,0,0
1,0.49971665326024894,0,0
0,0.3413147845734526,0,0
1,0.8717642466582723,1,1
0,0.8882444537759254,1,1
0,0.4040290261780182,0,0
1,0.7492782168219317,1,1
1,0.5269796282135079,1,1
0,0.27980725221603653,0,0
0,0.2452601136130313,0,0
0,0.6711805028207138,1,1
0,0.11559638735235835,0,0
0,0.20817491205485708,0,0
0,0.7908500102795111,1,1
1,0.33115912560316935,0,0
0,0.7762580292455219,1,1
0,0.7354065272390956,1,1
1,0.26067497140152057,0,0
0,0.16155322873130676,0,0
0,0.11287512433511614,0,0
0,0.5645391535149992,1,1
0,0.3091339250604058,0,0
0,0.5636325708238153,1,1
1,0.5834928138010967,1,1
0,0.21028584884865545,0,0
0,0.09295314970204517,0,0
1,0.8518645105511927,1,1
1,0.3682662958665527,0,0
0,0.3497695738072622,0,0
1,0.7301073175234181,1,1
1,0.6313391111322558,1,1
1,0.38622108501393376,0,0
0,0.34975197849234707,0,0
0,0.20620317842459018,0,0
1,0.8915302483978117,1,1
0,0.23276924632023835,0,0
0,0.37794473223952535,0,0
1,0.593054125469427,1,1
1,0.8927378780489813,1,1
1,0.5870287723246687,1,1
1,0.514900364746044,1,1
0,0.16586804648644998,0,0
0,0.09363289010150563,0,0
0,0.156165591684414,0,0
0,0.17548197371156174,0,0
0,0.10873721582570527,0,0
0,0.5893994063160943,1,1
0,0.274603040681436,0,0
0,0.056463030249900355,0,0
1,0.7014675143071034,1,1
0,0.21857241151235998,0,0
0,0.305791720133021,0,0
0,0.23637812759110813,0,0
1,0.17196295485867993,0,0
1,0.13356224068324038,0,0
1,0.9420585857041063,1,1
1,0.45442998628777537,0,0
0,0.5776645636923817,1,1
1,0.8228178441326018,1,1
1,0.3296496478805401,0,0
1,0.5602822439294096,1,1
0,0.39145466342624674,0,0
1,0.8064291324298279,1,1
1,0.6916496006012648,1,1
1,0.862504771258944,1,1
0,0.38697612605110415,0,0
0,0.23167115247946293,0,0
0,0.41705130316354205,0,0
1,0.8209804600818413,1,1
0,0.06734763500343348,0,0
0,0.22645939558365233,0,0
0,0.6914111724414301,1,1
1,0.8092724103625812,1,1
0,0.0534535279423539,0,0
1,0.7554878863517784,1,1
0,0.15518452736659005,0,0
0,0.6566826115488457,1,1
0,0.17815544374012754,0,0
1,0.7204312810566279,1,1
0,0.27485050779194226,0,0
1,0.6495938025252279,1,1
1,0.7639141921054764,1,1
0,0.8849351277672161,1,1
0,0.431861086019071,0,0
0,0.11973933501877426,0,0
0,0.36267036592972196,0,0
0,0.8471804912650756,1,1
0,0.11100724574710909,0,0
0,0.16908271123378232,0,0
0,0.3288955349649961,0,0
0,0.513241344030681,1,1
1,0.5811181569152492,1,1
1,0.833082098479555,1,1
0,0.19070178735607432,0,0
0,0.5546640348086777,1,1
0,0.08267120225530088,0,0
1,0.8065746777850401,1,1
1,0.701372165443864,1,1
1,0.8266819667901378,1,1
0,0.30667201462509547,0,0
0,0.29345583000206,0,0
0,0.24978347189978928,0,0
0,0.28678519872105185,0,0
1,0.8070817298254533,1,1
0,0.10062331726366111,0,0
1,0.7450994496881616,1,1
1,0.812087804268455,1,1
0,0.20205481386510954,0,0
0,0.11737064815267957,0,0
0,0.38336156409525024,0,0
1,0.5920445251733331,1,1
0,0.45320556082845576,0,0
1,0.23668002034485425,0,0
0,0.7355213399400078,1,1
1,0.8290849910446861,1,1
0,0.8470799105398931,1,1
0,0.09480929132486661,0,0
1,0.5383801011101816,1,1
0,0.44704180753287626,0,0
0,0.18096480137054122,0,0
0,0.31621808706511356,0,0
1,0.41368379878341455,0,0
1,0.6750123474083892,1,1
1,0.7884811613121226,1,1
1,0.9363742812527772,1,1
0,0.8439463327186438,1,1
1,0.96936127545065,1,1
0,0.29698300244766157,0,0
1,0.35247177397626916,0,0
0,0.17178543284385242,0,0
0,0.06514564458766499,0,0
0,0.3006478738079476,0,0
0,0.20015758602554387,0,0
0,0.5100657177774719,1,1
0,0.42225518502512044,0,0
1,0.26378209860784346,0,0
0,0.6707750043167484,1,1
0,0.34637967033768374,0,0
0,0.1389835896786668,0,0
0,0.4140101887454601,0,0
1,0.8174171969628696,1,1
1,0.13648165246509766,0,0
0,0.26909359624544804,0,0
0,0.5148309876651188,1,1
0,0.2041620836897389,0,0
0,0.14837613095612845,0,0
1,0.9201454754502169,1,1
0,0.047939769522055184,0,0
0,0.8060921578537191,1,1
0,0.1572630257253755,0,0
0,0.1566482666594958,0,0
0,0.4716475676129963,0,0
0,0.37212525533187096,0,0
0,0.739048106964673,1,1
1,0.6811801422869012,1,1
0,0.2282588058241108,0,0
1,0.9143650130671311,1,1
0,0.16095948008482594,0,0
1,0.504238638124542,1,1
0,0.1971898093844344,0,0
0,0.5070121791141967,1,1
0,0.11192832561089343,0,0
0,0.18035318647225632,0,0
0,0.29849214723533846,0,0
0,0.5897380903632063,1,1
0,0.29645783396648456,0,0
0,0.18370100099278863,0,0
1,0.5571086723254322,1,1
1,0.7200297289525811,1,1
0,0.28633282416475137,0,0
0,0.3986093327468481,0,0
0,0.17302534846676443,0,0
0,0.3446985691718933,0,0
1,0.7146144670165309,1,1
1,0.6451305029822219,1,1
0,0.5701279035725307,1,1
1,0.5179675495101943,1,1
1,0.7493237842782752,1,1
1,0.6311042362267544,1,1
0,0.7301368280188828,1,1
0,0.2499386807429637,0,0
0,0.5637607361962711,1,1
1,0.8945773388314504,1,1
0,0.2531537222247631,0,0
0,0.2279402330592018,0,0
1,0.30884371494419577,0,0
0,0.5846762015135831,1,1
1,0.8287934792155234,1,1
1,0.7499548666421013,1,1
0,0.21241915039316564,0,0
0,0.5762694009488933,1,1
1,0.7161141532346716,1,1
1,0.48807675746917323,0,0
1,0.8816166413231314,1,1
0,0.10007737020165137,0,0
0,0.2591741193566679,0,0
0,0.1761781970658322,0,0
1,0.5440523764352944,1,1
1,0.5665235181029099,1,1
0,0.5176427931823947,1,1
1,0.8139611611353246,1,1
0,0.5671687023870844,1,1
1,0.6052081240521512,1,1
0,0.433881425820942,0,0
1,0.582661599579033,1,1
0,0.1651666759636211,0,0
1,0.6714602260705668,1,1
1,0.8771944353666261,1,1
0,0.9053752936845936,1,1
0,0.6025058999869196,1,1
0,0.2752616265450826,0,0
1,0.8364088574813199,1,1
1,0.6798358433138605,1,1
0,0.5904197875571056,1,1
0,0.4209038733395082,0,0
0,0.1570487132271676,0,0
0,0.4573660364094613,0,0
0,0.342730583747425,0,0
1,0.56699961913817,1,1
0,0.4408453814164298,0,0
0,0.19412128529790645,0,0
1,0.7209493496214381,1,1
0,0.31833145516157707,0,0
0,0.2027172906597033,0,0
0,0.8213085065014464,1,1
0,0.5850989409449031,1,1
1,0.15105670371371813,0,0
1,0.8266043518529139,1,1
1,0.9608110051199769,1,1
1,0.20214268372919666,0,0
1,0.9161401883652779,1,1
0,0.41460645735554286,0,0
0,0.4869079927851757,0,0
1,0.3417265748706574,0,0
1,0.8656092620126005,1,1
0,0.21546906790820916,0,0
0,0.48842095868161983,0,0
1,0.45219302387966703,0,0
0,0.5459345097309598,1,1
1,0.8434673315694995,1,1
0,0.6823481250445375,1,1
0,0.10078830456278456,0,0
1,0.7434145065960612,1,1
0,0.1537306314452585,0,0
0,0.3359297623811473,0,0
0,0.8814887602171774,1,1
0,0.13844223302487496,0,0
0,0.06419504354631837,0,0
0,0.25992008050359705,0,0
0,0.22732372111997476,0,0
1,0.9333140644585155,1,1
1,0.38123266548919815,0,0
0,0.903582685112752,1,1
1,0.768981167604055,1,1
0,0.3420032406092222,0,0
1,0.9048654231337272,1,1
1,0.8499482817062473,1,1
1,0.5781159580521111,1,1
0,0.28091715900234787,0,0
1,0.2010234085757495,0,0
0,0.20661572949141194,0,0
0,0.15022376493773026,0,0
1,0.744245936590439,1,1
1,0.9239201729440245,1,1
0,0.6551420656276213,1,1
1,0.8819707721541602,1,1
1,0.8204010636200526,1,1
0,0.566548506420386,1,1
1,0.4193327433680872,0,0
0,0.12843578146367646,0,0
0,0.7598489450730613,1,1
1,0.8337677190558853,1,1
0,0.19441075126504148,0,0
0,0.5171762636893185,1,1
1,0.92237045364674,1,1
0,0.5893012840103299,1,1
1,0.8137888942228285,1,1
1,0.37802626611779183,0,0
1,0.8407817667692727,1,1
0,0.31664504524421094,0,0
0,0.4101768722721388,0,0
0,0.26943734533729985,0,0
0,0.6113929792110454,1,1
1,0.8823984016955482,1,1
1,0.310749194466595,0,0
1,0.8286141954347715,1,1
0,0.29590952057519193,0,0
0,0.4134420254404287,0,0
0,0.10259466982063886,0,0
1,0.8481906290005645,1,1
0,0.5562067081994309,1,1
0,0.2378855512207697,0,0
0,0.22461562872222832,0,0
0,0.4430012188805339,0,0
1,0.75010710237484,1,1
1,0.8654360044062481,1,1
0,0.11957189925514955,0,0
0,0.1291751217558029,0,0
0,0.11889740252629437,0,0
1,0.7457537068042087,1,1
0,0.18956019556671028,0,0
1,0.285662087763512,0,0
0,0.4136688899030108,0,0
1,0.7234847580487018,1,1
0,0.3167233351781393,0,0
0,0.08941483707961108,0,0
0,0.07772877566285566,0,0
0,0.24439376688461176,0,0
1,0.7598355496797177,1,1
1,0.8573341535399304,1,1
1,0.6262749060611297,1,1
1,0.859290457471159,1,1
0,0.19015981039112206,0,0
1,0.6398588790081056,1,1
1,0.8556971128756595,1,1
0,0.750106383579,1,1
0,0.8795753206095239,1,1
1,0.8252435728507675,1,1
0,0.6963810947201521,1,1
0,0.3338288899361564,0,0
1,0.8224482164677338,1,1
0,0.42573857564846623,0,0
0,0.43006627069359854,0,0
0,0.25376242789651027,0,0
1,0.8885686304721975,1,1
0,0.25957531766456554,0,0
0,0.18082099114299963,0,0
0,0.17020117804723975,0,0
1,0.7471221154397448,1,1
0,0.2946051723764889,0,0
0,0.7278660464002922,1,1
0,0.05913669636550922,0,0
0,0.2495366774015157,0,0
1,0.6340265702962562,1,1
0,0.750417633440882,1,1
0,0.3815276668086375,0,0
1,0.482229220358746,0,0
0,0.5447805143549694,1,1
0,0.3431391526314708,0,0
1,0.7941573631354794,1,1
0,0.34268800101491126,0,0
0,0.4639980486002949,0,0
1,0.5353200500676816,1,1
1,0.3754485872836082,0,0
0,0.28913379020495145,0,0
0,0.10085075960386826,0,0
1,0.7928716185355544,1,1
0,0.3894339719910999,0,0
0,0.7666248440925775,1,1
1,0.8828329593276919,1,1
0,0.5764817237436056,1,1
0,0.4605509822570347,0,0
1,0.8651916959443633,1,1
0,0.06628311261922132,0,0
0,0.15881766192010838,0,0
1,0.8196667820656061,1,1
1,0.8846154194952086,1,1
0,0.3239172110242848,0,0
0,0.07699623780600541,0,0
0,0.15868648285687686,0,0
0,0.13429144201193802,0,0
0,0.31444072328626904,0,0
0,0.14699158076983634,0,0
1,0.8720165814784491,1,1
0,0.06518447367271059,0,0
0,0.6106153494362659,1,1
0,0.10500466528778782,0,0
1,0.7856066249915533,1,1
1,0.8051891941953918,1,1
1,0.4881246256491124,0,0
0,0.1951065560810329,0,0
0,0.3398935394387583,0,0
1,0.8110116246595594,1,1
0,0.18255324128556932,0,0
0,0.2638828799034654,0,0
0,0.36412158878253037,0,0
0,0.11657768091868637,0,0
1,0.950967107753668,1,1
1,0.17385970231388756,0,0
1,0.6750360725879279,1,1
0,0.10298204333849392,0,0
1,0.837369635162151,1,1
1,0.1510400800446627,0,0
0,0.23589868350333365,0,0
0,0.6485468134905141,1,1
0,0.32559497766229717,0,0
1,0.8291724211010318,1,1
1,0.6707618937997255,1,1
0,0.5619791545419672,1,1
0,0.31388327683046924,0,0
0,0.3793269422203359,0,0
0,0.584597915555437,1,1
0,0.17143841410749694,0,0
0,0.8669440161947528,1,1
0,0.1099376560467334,0,0
0,0.5079944996241812,1,1
0,0.1554945380032816,0,0
1,0.7944947781696392,1,1
0,0.2598087179277268,0,0
1,0.7983811318155261,1,1
1,0.8509115999338697,1,1
0,0.42794803965358846,0,0
1,0.5597449506175066,1,1
1,0.8717845489613947,1,1
0,0.18731297876292075,0,0
0,0.07960891977332538,0,0
0,0.653808669113225,1,1
0,0.9444469920177408,1,1
0,0.3703552963140625,0,0
0,0.31689672020981463,0,0
1,0.8570279280175662,1,1
1,0.4973757613506107,0,0
0,0.24191804068934095,0,0
1,0.7989256629520075,1,1
0,0.5871059478389602,1,1
0,0.22736939249954485,0,0
0,0.09667978058088639,0,0
0,0.09775156658072201,0,0
0,0.515120442310087,1,1
0,0.2205987506897974,0,0
1,0.13331501234022525,0,0
0,0.20246647950379612,0,0
0,0.16285674553407373,0,0
1,0.8234691299889099,1,1
1,0.777124532803835,1,1
0,0.7337706382701357,1,1
0,0.11724793766371923,0,0
1,0.8097191828157402,1,1
0,0.21555561712025081,0,0
1,0.47787527821870424,0,0
0,0.2717916700816268,0,0
0,0.40269541164770195,0,0
1,0.6028542220112276,1,1
0,0.43267894635014037,0,0
0,0.43307711302936436,0,0
0,0.37632802613868316,0,0
0,0.7832008333921158,1,1
1,0.8803794480671838,1,1
0,0.7879427125807636,1,1
1,0.8110005995716716,1,1
0,0.18763081803595624,0,0
1,0.8932206632997436,1,1
0,0.26000934644060114,0,0
0,0.4520171471932023,0,0
0,0.3046185910108685,0,0
0,0.1619184521460172,0,0
1,0.9228312848436124,1,1
1,0.537589698452132,1,1
0,0.15652101430128382,0,0
1,0.6898200909691657,1,1
1,0.6550273148065963,1,1
1,0.4088393585243449,0,0
0,0.17647390189451007,0,0
1,0.2543065756733275,0,0
1,0.9176421738302646,1,1
0,0.3363359294648689,0,0
0,0.9035084817370715,1,1
0,0.22928318809649176,0,0
0,0.2095324963484221,0,0
1,0.26354577693489417,0,0
1,0.9275055670348845,1,1
0,0.04413901507633495,0,0
0,0.47781843353947817,0,0
0,0.30683968704560577,0,0
1,0.822997875663281,1,1
0,0.5411802367742142,1,1
1,0.5301242131899097,1,1
0,0.7035461418685455,1,1
0,0.1378240366499651,0,0
0,0.09821578442827823,0,0
0,0.8724017767477357,1,1
0,0.9244917542458185,1,1
0,0.32056194528014165,0,0
0,0.6901929033422299,1,1
0,0.08357014237768733,0,0
1,0.8202212023411098,1,1
0,0.10729697793736832,0,0
1,0.7287215330895157,1,1
1,0.26297688501506394,0,0
0,0.7593109678726859,1,1
0,0.3845480880241625,0,0
1,0.6375382537148776,1,1
0,0.15532600306664995,0,0
1,0.8681631667336208,1,1
1,0.8653879742346535,1,1
0,0.15866126464218935,0,0
0,0.10801563171411419,0,0
0,0.5762796463618161,1,1
1,0.7300326489334718,1,1
0,0.3614601282104073,0,0
1,0.1235959001620787,0,0
1,0.772241402850154,1,1
0,0.7481742413969354,1,1
1,0.9121698400193379,1,1
0,0.13673550733841944,0,0
1,0.23478672063173442,0,0
1,0.08545719899721499,0,0
0,0.20758537667265126,0,0
0,0.4683509286296913,0,0
0,0.19154043893922612,0,0
0,0.2231793715369908,0,0
0,0.163104396760965,0,0
1,0.915166270791971,1,1
0,0.45987201607698636,0,0
1,0.39192882540319574,0,0
0,0.09487483223218218,0,0
0,0.07487748617171647,0,0
0,0.1276758708607077,0,0
0,0.37607907736982876,0,0
1,0.5034170819623877,1,1
0,0.2764560333757028,0,0
0,0.39006596316600817,0,0
0,0.23503187336684625,0,0
0,0.1521724365292192,0,0
0,0.5401246509661991,1,1
0,0.20214268372919666,0,0
1,0.706923593658765,1,1
0,0.185080721921467,0,0
1,0.7755920513309763,1,1
1,0.7971386764722677,1,1
1,0.47426733094069506,0,0
1,0.8218495920651236,1,1
0,0.6613252795662664,1,1
1,0.9688000562231148,1,1
1,0.47373644468478177,0,0
0,0.6920667522164554,1,1
0,0.6662734717092011,1,1
0,0.8034452727724921,1,1
0,0.2941468966814632,0,0
0,0.6858395875421112,1,1
1,0.755416833308655,1,1
1,0.5453444981840122,1,1
1,0.759751441973872,1,1
0,0.198371288726551,0,0
0,0.27470939748800477,0,0
0,0.3095905670346481,0,0
1,0.2729053998071547,0,0
0,0.37741089393040017,0,0
0,0.14084144307576751,0,0
1,0.6916311616958514,1,1
0,0.18614784841832932,0,0
0,0.5900617196013924,1,1
1,0.6946010815782541,1,1
1,0.7643208405354003,1,1
1,0.14394252033103533,0,0
1,0.5750147198496154,1,1
0,0.8502708333066169,1,1
0,0.25511996879350435,0,0
1,0.7913466068643547,1,1
1,0.4094475037127761,0,0
0,0.4935698676884356,0,0
0,0.25133594709811674,0,0
0,0.235589557137098,0,0
0,0.5325134468884727,1,1
0,0.4362426159175899,0,0
0,0.4972037861735653,0,0
0,0.21353209147488425,0,0
1,0.4219545169641061,0,0
0,0.6059022641190874,1,1
1,0.37052754819028844,0,0
1,0.9511057755847788,1,1
1,0.8269568885462485,1,1
1,0.8455254502816758,1,1
0,0.5497555340604442,1,1
1,0.10967490691525883,0,0
1,0.6529544185496212,1,1
1,0.5748307063495235,1,1
1,0.778193396923321,1,1
0,0.7525959406769076,1,1
0,0.48911716677283645,0,0
1,0.30609406861454,0,0
0,0.47575522943349224,0,0
1,0.5335432918831041,1,1
1,0.848193118256658,1,1
0,0.5441784129075675,1,1
0,0.2093590407647107,0,0
1,0.8552097543383457,1,1
0,0.4434025585247503,0,0
0,0.6815646418613294,1,1
0,0.12917339502081154,0,0
0,0.7092277723709979,1,1
1,0.7885253701646671,1,1
0,0.21945857504975957,0,0
0,0.27218413985461415,0,0
0,0.31290637616487177,0,0
0,0.11543836558840224,0,0
1,0.8463814157594804,1,1
0,0.16343634506602495,0,0
0,0.8940286477387455,1,1
0,0.4110385531703373,0,0
1,0.5669073240286207,1,1
1,0.8628751511463961,1,1
0,0.23688951127614583,0,0
1,0.6145464912249944,1,1
1,0.6110269687708451,1,1
0,0.7436873872219946,1,1
1,0.8562505395479022,1,1
1,0.6193875768735299,1,1
0,0.853642527223815,1,1
0,0.2680715532159339,0,0
1,0.8118177808577652,1,1
0,0.6088333066166615,1,1
0,0.6210945435597084,1,1
1,0.3563598317226405,0,0
0,0.8518987376653834,1,1
0,0.2680292530633265,0,0
1,0.6054831310464134,1,1
1,0.8063134108483895,1,1
1,0.4310102887225583,0,0
0,0.41426751225119907,0,0
0,0.3167593109958982,0,0
0,0.2037069039647128,0,0
0,0.5341249400810542,1,1
1,0.911817851974745,1,1
0,0.19055863779552637,0,0
0,0.41480650937064506,0,0
0,0.38538000345425993,0,0
0,0.7002771283522775,1,1
0,0.403965988166828,0,0
0,0.3313890011679576,0,0
0,0.5824894921309445,1,1
1,0.7517688309305534,1,1
1,0.5774156048335132,1,1
0,0.30750213681739214,0,0
1,0.37607192041193416,0,0
0,0.44465281902646864,0,0
0,0.4158805067341477,0,0
0,0.16146629048414093,0,0
0,0.5365586231151213,1,1
0,0.5215959334256278,1,1
1,0.7339726590344672,1,1
0,0.14616793647129614,0,0
0,0.1051392927190622,0,0
0,0.421955720316119,0,0
1,0.5219249892643014,1,1
0,0.46343213850081877,0,0
0,0.6939211173698666,1,1
0,0.6538987749135995,1,1
1,0.8750896085105194,1,1
0,0.04188504715663705,0,0
0,0.22376501466105683,0,0
0,0.9232785462078491,1,1
1,0.9000406435226208,1,1
1,0.8325191109067218,1,1
1,0.6738798989511189,1,1
0,0.712842341864023,1,1
1,0.7904925600960873,1,1
1,0.7651972180993346,1,1
0,0.30463415665430194,0,0
0,0.8770949319159337,1,1
1,0.7712662212134114,1,1
1,0.5464878252531358,1,1
0,0.5829169969180831,1,1
1,0.49769682295177536,0,0
0,0.3288846385493887,0,0
0,0.2816220288312713,0,0
0,0.5212462838627978,1,1
1,0.42956420533065665,0,0
1,0.9078451314431324,1,1
0,0.3725929843725331,0,0
0,0.39542508778763663,0,0
0,0.13376948345672976,0,0
1,0.6989241395271779,1,1
0,0.26217897288064473,0,0
0,0.21472749326395457,0,0
1,0.5553944385920547,1,1
1,0.8924380612634126,1,1
0,0.4284501813613404,0,0
0,0.1936493925043197,0,0
0,0.251124034848726,0,0
0,0.8651487684560051,1,1
0,0.14400078257197368,0,0
0,0.646861197311663,1,1
0,0.4680853895240268,0,0
1,0.8420304226805592,1,1
0,0.40765025763825,0,0
1,0.9084395903557442,1,1
0,0.414713928304743,0,0
0,0.29180977796982527,0,0
0,0.10308202499082705,0,0
1,0.6125221056056683,1,1
0,0.3370102604082955,0,0
0,0.17399478287300746,0,0
0,0.27329373637441434,0,0
1,0.8491265381326188,1,1
1,0.9120374526752936,1,1
0,0.2310951224297475,0,0
0,0.3949868990120466,0,0
0,0.4928288770189482,0,0
1,0.8141193661527585,1,1
0,0.6964825034817905,1,1
0,0.10747511074056347,0,0
0,0.30438964472878255,0,0
0,0.7669349098036926,1,1
0,0.9116637066023057,1,1
0,0.36812665268961076,0,0
0,0.27008745752931096,0,0
0,0.10577270575133486,0,0
1,0.5583764022991561,1,1
0,0.624899260745628,1,1
0,0.5939247850347629,1,1
0,0.1529973143756764,0,0
0,0.18749839952219835,0,0
0,0.9447262020467218,1,1
1,0.7745439488566966,1,1
0,0.817013000324175,1,1
0,0.13708219927563062,0,0
0,0.2248797203754322,0,0
1,0.9288303834221461,1,1
0,0.11195975184350884,0,0
0,0.14090383877064933,0,0
0,0.6137764239319918,1,1
1,0.4194113677181207,0,0
0,0.20146248580911935,0,0
0,0.451019093220505,0,0
0,0.4113121434180038,0,0
1,0.5929744863206721,1,1
0,0.44060050247621707,0,0
0,0.18851616465316506,0,0
0,0.19045180795044883,0,0
1,0.3458024198945722,0,0
1,0.7328128463552176,1,1
0,0.7385454738972588,1,1
0,0.5329753907071388,1,1
0,0.21187768218589423,0,0
0,0.08032640088894615,0,0
0,0.4673474978620135,0,0
0,0.16270231123582934,0,0
0,0.13568705770505934,0,0
1,0.5831279635067855,1,1
0,0.11635806750129733,0,0
0,0.4017258342264741,0,0
1,0.6271160124769134,1,1
1,0.767405189734629,1,1
0,0.38506874674747016,0,0
0,0.3533394832257421,0,0
0,0.5710150734167194,1,1
1,0.6394023912877952,1,1
0,0.783475472372602,1,1
0,0.1927844570175296,0,0
0,0.3480813181312768,0,0
0,0.1550885829290915,0,0
0,0.20381184089342722,0,0
0,0.5683234787703556,1,1
0,0.19832740725569023,0,0
0,0.3542866131542783,0,0
1,0.6265430388472193,1,1
0,0.4931151125192294,0,0
0,0.2701863259576724,0,0
0,0.13440143397155827,0,0
1,0.5162705835762841,1,1
0,0.7798731209343912,1,1
0,0.7511760759189221,1,1
0,0.1664597163936177,0,0
0,0.4818151272999152,0,0
0,0.09681604471523755,0,0
0,0.4920066633758014,0,0
0,0.23631397186473146,0,0
0,0.7988365924447548,1,1
1,0.6362016560577416,1,1
1,0.48740820431830517,0,0
1,0.9251594667876349,1,1
0,0.12562116569452764,0,0
0,0.23049310067859385,0,0
0,0.22311676251336415,0,0
1,0.32993134082468595,0,0
1,0.860426619438174,1,1
0,0.8939383773820623,1,1
0,0.8228965527862889,1,1
0,0.11351897701845312,0,0
1,0.6801603478131091,1,1
0,0.3195636759220568,0,0
0,0.23313061669170684,0,0
0,0.4217421726810214,0,0
1,0.3994346566700598,0,0
1,0.5388043684058256,1,1
0,0.49162208594691,0,0
0,0.701183072695922,1,1
0,0.8905472837316691,1,1
1,0.9289744718552246,1,1
0,0.6717848022043648,1,1
0,0.17824917655045597,0,0
1,0.9480321704745225,1,1
0,0.19172491791599083,0,0
1,0.6942731631260637,1,1
0,0.2184808088589396,0,0
0,0.22761446826787898,0,0
1,0.7493135428622617,1,1
0,0.346996652280811,0,0
1,0.24269013724856442,0,0
0,0.21506312910777664,0,0
0,0.4224945265295735,0,0
0,0.15724442015578208,0,0
1,0.5203735431993082,1,1
0,0.5254579874402879,1,1
0,0.49518270606239706,0,0
1,0.4461856685311474,0,0
0,0.2655469448376549,0,0
0,0.10652339219726559,0,0
0,0.21156893665695048,0,0
1,0.7433719987692698,1,1
1,0.9081424054244781,1,1
0,0.8209091516577451,1,1
1,0.9156107503178815,1,1
0,0.36042579760992005,0,0
0,0.31183951504635143,0,0
1,0.7027877283021704,1,1
1,0.6785368168452519,1,1
0,0.19281458639906845,0,0
0,0.345015024497288,0,0
0,0.2184420047316374,0,0
1,0.7576221067015809,1,1
1,0.40444603306508564,0,0
0,0.10951882283565344,0,0
0,0.08179563053412368,0,0
1,0.8242782580735284,1,1
0,0.18279802715376578,0,0
1,0.6000141066434024,1,1
0,0.39539579651956336,0,0
0,0.809632296256421,1,1
1,0.7324541649174117,1,1
0,0.5538559934226756,1,1
0,0.27449069338262105,0,0
0,0.94038526498436,1,1
1,0.9525523596976192,1,1
0,0.20424253184800872,0,0
0,0.45547991815483097,0,0
0,0.18823219641776454,0,0
0,0.3450290895119599,0,0
0,0.31134517430631387,0,0
0,0.22842363236540367,0,0
0,0.4751242050984128,0,0
1,0.6439020191277848,1,1
1,0.7308177724767732,1,1
0,0.31861100608733295,0,0
1,0.6041583206912272,1,1
0,0.11307315397179475,0,0
0,0.6049274015750326,1,1
1,0.21027088443805397,0,0
0,0.15280315276864068,0,0
0,0.2428564674186597,0,0
0,0.47510556350556177,0,0
0,0.12688649452456344,0,0
0,0.1916357506536013,0,0
1,0.900698337824397,1,1
0,0.08531904838312358,0,0
0,0.4113330639772855,0,0
1,0.467672995052651,0,0
0,0.6579864422837798,1,1
0,0.4111825060464691,0,0
1,0.41603775405250976,0,0
0,0.2579693954190271,0,0
0,0.4648552454985428,0,0
1,0.486426837839346,0,0
0,0.5125229592636563,1,1
0,0.20821103127780277,0,0
0,0.39133390100932625,0,0
0,0.33587487952265205,0,0
1,0.3451652312068941,0,0
0,0.0833523251174381,0,0
0,0.24433736292636715,0,0
1,0.8185769546058405,1,1
0,0.1294360096242606,0,0
1,0.8563620440722783,1,1
1,0.9239386797234647,1,1
0,0.2253504331514649,0,0
0,0.11776266322992662,0,0
1,0.8197384073043852,1,1
0,0.6424262988759273,1,1
0,0.3248094087693623,0,0
1,0.6725030965409541,1,1
1,0.8903238417828894,1,1
0,0.25290750388277244,0,0
0,0.13245387731107522,0,0
1,0.5784336417095671,1,1
0,0.19098804765354432,0,0
0,0.2745175233797695,0,0
0,0.5466702183935664,1,1
1,0.9154479026010175,1,1
1,0.7456460441678651,1,1
0,0.2651727978400895,0,0
1,0.8365956457384026,1,1
0,0.14390067002335774,0,0
1,0.49067498321277,0,0
0,0.37762266196473165,0,0
1,0.8615200387450056,1,1
0,0.2592767604223877,0,0
0,0.11090654029022295,0,0
0,0.3549128800387491,0,0
1,0.665061225251282,1,1
0,0.18869688892611755,0,0
0,0.2489506580830291,0,0
0,0.8047220545232484,1,1
0,0.3637430590348895,0,0
1,0.6426482991616597,1,1
0,0.5914775616284172,1,1
0,0.3829223714375967,0,0
0,0.3932272444089194,0,0
0,0.8218899144398594,1,1
1,0.32829147373517636,0,0
0,0.08727509927273658,0,0
0,0.7334963217487763,1,1
1,0.7764630212073435,1,1
0,0.11421044973146521,0,0
0,0.18138715036295644,0,0
0,0.48691202073561546,0,0
1,0.7132714181542235,1,1
0,0.14831528179977674,0,0
1,0.8442043575266609,1,1
0,0.7678194363332234,1,1
0,0.33622236000290373,0,0
0,0.3042345446627496,0,0
0,0.7297702286420401,1,1
1,0.7518741596695125,1,1
0,0.20559695663426217,0,0
0,0.4116833887069138,0,0
0,0.4435195009900216,0,0
1,0.7095052148317921,1,1
1,0.7972592575324997,1,1
1,0.6419024985348594,1,1
1,0.8366315874679312,1,1
1,0.6903027890389041,1,1
1,0.5856891576508229,1,1
0,0.6680909402755282,1,1
0,0.22908364369290998,0,0
0,0.3516412843061703,0,0
1,0.5504980752253091,1,1
1,0.6523802938492682,1,1
0,0.4109698012195399,0,0
0,0.8791705826300071,1,1
0,0.45080068389336825,0,0
1,0.722092269453993,1,1
0,0.43411131146700244,0,0
0,0.28241974971396766,0,0
0,0.21909500916471095,0,0
1,0.8502549721078366,1,1
1,0.8469442541610347,1,1
0,0.26790208505504115,0,0
1,0.6712385889303596,1,1
0,0.8777456695606035,1,1
1,0.8406172806662269,1,1
0,0.4237157363804554,0,0
0,0.6218075093517414,1,1
0,0.10791976532279042,0,0
0,0.31497051656158115,0,0
0,0.20820779584078017,0,0
0,0.5619528558132593,1,1
0,0.422775769509147,0,0
0,0.3238008061433311,0,0
1,0.5584840230327088,1,1
0,0.7946223941683779,1,1
0,0.4929328873803824,0,0
1,0.8043994496396631,1,1
0,0.22167149109587073,0,0
1,0.9024950992374097,1,1
0,0.17780249511889093,0,0
1,0.6051848508093707,1,1
0,0.8014119489335673,1,1
0,0.14450458732804838,0,0
1,0.353686832113724,0,0
1,0.9075518229405929,1,1
1,0.9381046738759193,1,1
0,0.14117938985649686,0,0
1,0.7307413311026505,1,1
1,0.7331681886767356,1,1
1,0.8041561880333715,1,1
1,0.8544631611299326,1,1
1,0.5407209407655137,1,1
0,0.858651061634041,1,1
1,0.48574204879983335,0,0
1,0.9099531963118974,1,1
0,0.2535462388282896,0,0
1,0.8673591301754491,1,1
0,0.13534602191015746,0,0
0,0.7118306887974416,1,1
0,0.13442033017641264,0,0
1,0.8418159877495636,1,1
0,0.482949761237192,0,0
0,0.3769057419458383,0,0
0,0.13946565968231095,0,0
0,0.13033295802339906,0,0
1,0.39833368854064816,0,0
1,0.9509423854649307,1,1
1,0.8847992857447374,1,1
1,0.8044511177622846,1,1
0,0.1950423072634535,0,0
0,0.7203265925436118,1,1
1,0.8540526374352913,1,1
0,0.3357653882392907,0,0
0,0.17157310150498198,0,0
0,0.15637425422914464,0,0
1,0.6163247457649338,1,1
1,0.5037389414661165,1,1
1,0.4631828152933396,0,0
1,0.808683010443445,1,1
1,0.32986513616260477,0,0
0,0.15117840041740657,0,0
0,0.4050145511182186,0,0
0,0.7612507473335667,1,1
1,0.8857552141349554,1,1
0,0.4264688348011605,0,0
1,0.5620696482549978,1,1
0,0.7540047503350565,1,1
1,0.9086930202455182,1,1
1,0.7052662491004233,1,1
0,0.5177210495520767,1,1
0,0.1710314667411551,0,0
0,0.7181923921706793,1,1
1,0.9348351916118116,1,1
0,0.08870567961707103,0,0
1,0.3964183669513921,0,0
1,0.5873144247457156,1,1
0,0.640314557792183,1,1
0,0.4906333131347477,0,0
0,0.18027484082059414,0,0
1,0.9194532689448459,1,1
1,0.835522956023555,1,1
0,0.3622959718503642,0,0
0,0.11719900981465568,0,0
0,0.617426367242639,1,1
0,0.5144756090288217,1,1
0,0.14099090092555275,0,0
1,0.7570271259372865,1,1
0,0.8363357177798388,1,1
0,0.4510395184605731,0,0
1,0.8869817753078433,1,1
0,0.30919868709990506,0,0
0,0.27380579401707317,0,0
1,0.8272439339562886,1,1
0,0.06874709585491462,0,0
1,0.6658242696324651,1,1
0,0.10897031149482707,0,0
0,0.3107432010806531,0,0
0,0.24785702956014594,0,0
0,0.5102670630903579,1,1
0,0.25358541936093104,0,0
1,0.5101982461343635,1,1
0,0.7061533159000832,1,1
0,0.47949347651392266,0,0
0,0.31134969776615207,0,0
1,0.7169325130008882,1,1
1,0.5193489239687367,1,1
0,0.39868363408699253,0,0
0,0.19659432973386612,0,0
0,0.16795866484269628,0,0
0,0.5237697684632457,1,1
1,0.8059784725008557,1,1
0,0.39130210851921365,0,0
0,0.3831611607450586,0,0
0,0.3217769149737094,0,0
0,0.66447037506304,1,1
1,0.13516222742327952,0,0
1,0.9066633002857757,1,1
0,0.5109334069292218,1,1
1,0.7718586244025594,1,1
0,0.2588037781216067,0,0
0,0.03431600442804433,0,0
0,0.1520311995806081,0,0
0,0.8665954229367171,1,1
1,0.9651186491400213,1,1
0,0.3061045535576547,0,0
1,0.6963106489656792,1,1
0,0.9451702475061373,1,1
1,0.8229332723681393,1,1
0,0.1706053004115407,0,0
0,0.6597263347731239,1,1
0,0.08129404253017138,0,0
1,0.8865361701289467,1,1
0,0.11285950289934187,0,0
0,0.858470280890668,1,1
1,0.6727705493109373,1,1
1,0.6237003193476898,1,1
1,0.8813286469845311,1,1
0,0.24194226277049585,0,0
0,0.2379379444898663,0,0
0,0.6028360761474234,1,1
0,0.46460556994749985,0,0
0,0.6453357749949303,1,1
0,0.10076407100416605,0,0
0,0.3582609209068097,0,0
1,0.7575702468026384,1,1
1,0.6157314624284901,1,1
0,0.6160603611602536,1,1
0,0.6503300220816418,1,1
1,0.18118422746677684,0,0
0,0.6442661775666945,1,1
1,0.326203518121487,0,0
1,0.6873653712990861,1,1
1,0.8833953908812116,1,1
0,0.40967121238664445,0,0
0,0.8116686762946407,1,1
1,0.7540980552605158,1,1
1,0.155061050949909,0,0
1,0.5228286179169985,1,1
0,0.4592393169683699,0,0
1,0.5641899057654641,1,1
0,0.4382841707459004,0,0
1,0.7630981383177303,1,1
0,0.8462665496974575,1,1
0,0.4453521885793893,0,0
0,0.18138741432552807,0,0
0,0.7931839604800537,1,1
0,0.1517378050110238,0,0
1,0.2734451712612692,0,0
0,0.3331407431569034,0,0
1,0.5420021087913643,1,1
0,0.07409503501140488,0,0
1,0.624469738668186,1,1
0,0.4676184256686981,0,0
0,0.40410485338747437,0,0
0,0.11856203968817018,0,0
1,0.875992227474127,1,1
1,0.4574618195715803,0,0
0,0.6966337373922925,1,1
1,0.7576275765513447,1,1
1,0.9180034497187045,1,1
1,0.6697946869465466,1,1
0,0.6253481605501239,1,1
0,0.24953385247827248,0,0
0,0.17677467674362252,0,0
0,0.25067485606357687,0,0
0,0.17162953173936898,0,0
0,0.21371370577231447,0,0
1,0.588027216665822,1,1
0,0.10813505093055738,0,0
0,0.47919717875508333,0,0
0,0.28354401399337986,0,0
0,0.6235776541837773,1,1
0,0.0595516797946721,0,0
1,0.8384508776121501,1,1
1,0.5316818318576644,1,1
0,0.1713581344270689,0,0
1,0.580946700506906,1,1
0,0.4077821530717077,0,0
0,0.6574352565161635,1,1
0,0.17113782753475695,0,0
1,0.8859838940930067,1,1
0,0.34167016483416085,0,0
1,0.5340812724912815,1,1
1,0.6232832493548179,1,1
0,0.32590367725577557,0,0
0,0.31961645774074243,0,0
0,0.21858883179453473,0,0
1,0.9046222861211362,1,1
0,0.6538375273438829,1,1
0,0.10010895639031371,0,0
0,0.1326535889129626,0,0
1,0.8741938023500668,1,1
0,0.09241147224998028,0,0
1,0.42010837140663326,0,0
1,0.5534051008317125,1,1
0,0.4410970651083813,0,0
0,0.4377121048933833,0,0
0,0.33617882409048183,0,0
1,0.5801358804728466,1,1
1,0.35574299609126936,0,0
0,0.8553003770414188,1,1
0,0.5230331264739022,1,1
0,0.217621661817467,0,0
0,0.7601296613552913,1,1
0,0.1076708013128687,0,0
0,0.4200547091268923,0,0
1,0.8214523124772797,1,1
0,0.5997949769510348,1,1
1,0.7126532089295887,1,1
0,0.5064655326556043,1,1
1,0.487469008246249,0,0
0,0.19545389058785906,0,0
0,0.26073829001804555,0,0
0,0.09516861080651161,0,0
1,0.35378917167200274,0,0
1,0.3359609790362424,0,0
1,0.3601275387656392,0,0
0,0.07254860821469146,0,0
1,0.5607687088198023,1,1
1,0.6194256026620214,1,1
1,0.4003457473332622,0,0
1,0.7388590111950427,1,1
0,0.15948954694145273,0,0
0,0.39435734871078554,0,0
0,0.07456613803798086,0,0
0,0.45770749661608107,0,0
0,0.18827882685453387,0,0
0,0.21254447891070796,0,0
1,0.9088169151295463,1,1
0,0.18236735340006804,0,0
1,0.6480553077926149,1,1
0,0.32129085946744734,0,0
1,0.44542389334469806,0,0
0,0.4605752278642657,0,0
1,0.47295014409681563,0,0
1,0.6970383779984597,1,1
0,0.25225880312025845,0,0
1,0.3478608976947886,0,0
0,0.24728661609986904,0,0
1,0.754733112559084,1,1
0,0.8109884778024503,1,1
0,0.14535654391528943,0,0
0,0.13837708448255456,0,0
1,0.7582807432741249,1,1
0,0.8483161549904041,1,1
1,0.271670981769095,0,0
0,0.14924865663836118,0,0
0,0.42456291512954314,0,0
1,0.3351997663297954,0,0
0,0.6011124206372007,1,1
1,0.10263341147256125,0,0
0,0.05262980026128948,0,0
1,0.7408567373086183,1,1
0,0.12090891192533133,0,0
0,0.4317149134174621,0,0
1,0.16389207350296864,0,0
0,0.31644202909054964,0,0
0,0.10323452592429432,0,0
1,0.6646500550648443,1,1
0,0.3488058948283306,0,0
1,0.8949338841650176,1,1
0,0.5804908601201137,1,1
0,0.1763819410533614,0,0
0,0.721604895424231,1,1
0,0.18465734184076452,0,0
0,0.2396909566833754,0,0
0,0.8706853947112948,1,1
1,0.8025930073850477,1,1
0,0.30690213923419735,0,0
0,0.32667794642072895,0,0
0,0.4524577126290514,0,0
0,0.6038095297244086,1,1
0,0.4881247705031861,0,0
1,0.721951568726644,1,1
1,0.20428119088561533,0,0
0,0.6078128078791378,1,1
0,0.33599419294853056,0,0
0,0.535620313036548,1,1
1,0.6855184361821587,1,1
0,0.777782676920148,1,1
0,0.14030398576344733,0,0
1,0.8560227092226449,1,1
1,0.9234220703872354,1,1
0,0.2580443306518285,0,0
1,0.9321200456285528,1,1
1,0.5581566251736823,1,1
0,0.3778783046932738,0,0
0,0.518277106209393,1,1
0,0.9139143169162464,1,1
0,0.6778629430088017,1,1
1,0.21008951764873868,0,0
1,0.5040870485984652,1,1
1,0.49269162075665685,0,0
1,0.8620145270557426,1,1
1,0.9432647407889646,1,1
1,0.37561933177074286,0,0
0,0.11371811029261822,0,0
1,0.8582894591783449,1,1
0,0.4905101341653856,0,0
0,0.7388525489532836,1,1
0,0.6809702911082013,1,1
0,0.2646557731720205,0,0
0,0.5595593478506338,1,1
1,0.8663263039516247,1,1
0,0.258475227401959,0,0
0,0.14958855262170143,0,0
0,0.14312535209288418,0,0
0,0.19409283770271113,0,0
0,0.2590905410764438,0,0
0,0.42443437246998256,0,0
0,0.5579113206220384,1,1
0,0.44546994955905,0,0
1,0.8457070346318024,1,1
1,0.9105404014145524,1,1
0,0.43233235222821775,0,0
1,0.8194323796275018,1,1
0,0.4518621509176077,0,0
1,0.8389030325361266,1,1
1,0.9341328590142527,1,1
0,0.4894261729121947,0,0
0,0.49750826961648953,0,0
1,0.7546515902602509,1,1
1,0.7420702403177575,1,1
0,0.09036536197407098,0,0
1,0.8581488244921911,1,1
0,0.6523447498923138,1,1
0,0.43753595348101154,0,0
0,0.41411028295235985,0,0
1,0.29959805208332135,0,0
0,0.3152619728462627,0,0
0,0.1341026894113306,0,0
1,0.86847127970261,1,1
0,0.11820989874204411,0,0
1,0.7988319993595572,1,1
0,0.25964587335679984,0,0
0,0.17681182301422266,0,0
1,0.881496420006357,1,1
1,0.8635567329342397,1,1
0,0.09149351348060808,0,0
1,0.29098605534283967,0,0
0,0.17502785641667423,0,0
1,0.8810443484151624,1,1
1,0.9330902286761356,1,1
1,0.7122347736318659,1,1
0,0.3572658893914704,0,0
0,0.3468571175440689,0,0
0,0.3421442482875315,0,0
1,0.791569569315263,1,1
0,0.4868266900540252,0,0
1,0.9258129624329052,1,1
1,0.7757874977784688,1,1
0,0.18878636531881723,0,0
0,0.6242254926717469,1,1
0,0.1060868834258465,0,0
0,0.5649755754543905,1,1
0,0.05197062643281909,0,0
0,0.23759760211788045,0,0
1,0.907691745849472,1,1
1,0.7639915939124315,1,1
1,0.8596261866212773,1,1
1,0.7440579196250314,1,1
0,0.2009752040499563,0,0
0,0.4824926405106935,0,0
1,0.6826376827546474,1,1
0,0.9014669447417379,1,1
1,0.29834250163402287,0,0
0,0.5466163607524153,1,1
1,0.5982224185790127,1,1
1,0.747370571836126,1,1
0,0.2221533435270312,0,0
0,0.6189658463698692,1,1
0,0.6033844180655666,1,1
0,0.5081789540021405,1,1
0,0.6009345431323467,1,1
0,0.5702564002196181,1,1
1,0.8174477936648394,1,1
1,0.9229110537536436,1,1
0,0.6960598745335257,1,1
0,0.6164450421750611,1,1
1,0.7530035547960677,1,1
0,0.4793315330793839,0,0
0,0.47949324782462005,0,0
0,0.2849554475742872,0,0
0,0.451862057133268,0,0
1,0.7810868786577414,1,1
1,0.8344537849744518,1,1
0,0.07513229310142888,0,0
0,0.30020116172047295,0,0
0,0.3139810310713941,0,0
0,0.41879342939113584,0,0
0,0.31858481887840256,0,0
1,0.851851544144926,1,1
0,0.13564169221244668,0,0
0,0.6330529742110499,1,1
1,0.43662374586177916,0,0
1,0.7269172763943788,1,1
0,0.36616469473051616,0,0
0,0.8497383396276125,1,1
0,0.08820731136237688,0,0
0,0.8448321462424914,1,1
1,0.8946363671912558,1,1
0,0.7686665413052892,1,1
0,0.9286035170265001,1,1
1,0.9354967364956194,1,1
0,0.12202505414367514,0,0
1,0.39634357216600047,0,0
1,0.6531796586171796,1,1
0,0.7357950925509843,1,1
1,0.7963072074307755,1,1
1,0.9372842666401643,1,1
0,0.25391859801557554,0,0
0,0.8020689489014131,1,1
0,0.5894947409264659,1,1
1,0.8522657956263785,1,1
1,0.6720264719775964,1,1
0,0.411042586402675,0,0
1,0.5724212619515627,1,1
1,0.8435820075647972,1,1
1,0.45415715194964024,0,0
1,0.9255025516299793,1,1
0,0.1808299506019178,0,0
0,0.3437055076900723,0,0
0,0.24107148531304481,0,0
0,0.5034230115204558,1,1
0,0.09518829650053307,0,0
1,0.8342613079469675,1,1
0,0.2534630315455246,0,0
1,0.7961061968913472,1,1
0,0.37359388948058114,0,0
0,0.7304011450897392,1,1
1,0.767600126565193,1,1
0,0.39699894533618674,0,0
1,0.7748398335542002,1,1
0,0.32009423599567977,0,0
0,0.10256796275538904,0,0
1,0.31534650019754085,0,0
0,0.6703474814527669,1,1
1,0.32245314298111816,0,0
0,0.24611739394252474,0,0
1,0.7987740497465525,1,1
0,0.08934950054390867,0,0
1,0.4181602733792866,0,0
1,0.9501993698111589,1,1
0,0.6236328052655611,1,1
0,0.2357043339044388,0,0
1,0.7735291600051614,1,1
0,0.4466413797638371,0,0
0,0.4586633457113152,0,0
0,0.6363092268481174,1,1
1,0.8570304933747519,1,1
1,0.45628548637891964,0,0
1,0.6642243964385774,1,1
0,0.1540546575764752,0,0
1,0.40169479556976145,0,0
0,0.7110243243960986,1,1
1,0.7929016426090892,1,1
1,0.7667041008656863,1,1
0,0.34540792866799375,0,0
0,0.162884452723641,0,0
0,0.4903702760901585,0,0
1,0.671745154785067,1,1
0,0.3570195224058667,0,0
1,0.8064586842256457,1,1
0,0.39490976670378836,0,0
0,0.48574766264668406,0,0
1,0.8515642546057303,1,1
1,0.41624694748685087,0,0
0,0.09348299790115228,0,0
1,0.4066177470002807,0,0
0,0.19244101441271966,0,0
0,0.9364483012008892,1,1
0,0.10303135191928083,0,0
0,0.6371898430022553,1,1
0,0.33976164395025316,0,0
0,0.708766144333702,1,1
0,0.19027184945343723,0,0
0,0.498210834117997,0,0
1,0.5396473023453799,1,1
0,0.7456420120950574,1,1
0,0.791134808909621,1,1
1,0.25759483993482635,0,0
0,0.3643237871520861,0,0
0,0.09010190201602732,0,0
0,0.47703641129685476,0,0
1,0.4133963248271459,0,0
0,0.7258689004072689,1,1
0,0.2582555897458386,0,0
0,0.2388025710358204,0,0
0,0.2503699587131172,0,0
0,0.6445063502395646,1,1
1,0.8925893866720811,1,1
1,0.9659739124764793,1,1
0,0.6546905523620498,1,1
0,0.43197928364742016,0,0
0,0.3953735044295385,0,0
1,0.5663697728764162,1,1
0,0.11733018027366311,0,0
1,0.43351918624951935,0,0
0,0.4659467016300383,0,0
1,0.9013656951297202,1,1
0,0.631421395873926,1,1
0,0.14632867646712414,0,0
1,0.264037997875103,0,0
0,0.2670250918773508,0,0
0,0.5342676083769762,1,1
0,0.3407579667837382,0,0
1,0.23550297514910387,0,0
0,0.5335485679668966,1,1
1,0.9028779258444634,1,1
0,0.40589849419781093,0,0
1,0.6692933440997477,1,1
1,0.47265010316206957,0,0
0,0.2861282316806403,0,0
0,0.28572581541924236,0,0
1,0.7225784160861117,1,1
1,0.8481516673561065,1,1
0,0.10246049558615407,0,0
0,0.730952875899868,1,1
0,0.23592710202871442,0,0
0,0.6515555419561413,1,1
0,0.5045066109914648,1,1
0,0.40270559326515754,0,0
1,0.6573971007138554,1,1
0,0.6459986809914002,1,1
0,0.34302998210356284,0,0
0,0.4142410555627476,0,0
0,0.5809337008855378,1,1
1,0.330365727133616,0,0
0,0.5881925928017939,1,1
0,0.20864711900926672,0,0
0,0.6902035352624613,1,1
0,0.7687989043656012,1,1
1,0.8450091947961926,1,1
1,0.697448899570225,1,1
0,0.2725315589352579,0,0
0,0.21492056597526826,0,0
0,0.7491219484595816,1,1
0,0.49127960560546174,0,0
0,0.35328127663904113,0,0
1,0.39946009393313325,0,0
0,0.2541062447848783,0,0
1,0.693079291165755,1,1
1,0.7796036320212552,1,1
1,0.6987165856979828,1,1
1,0.6983791583330119,1,1
1,0.6560714845599955,1,1
1,0.622572390612885,1,1
0,0.19604625959070265,0,0
1,0.7146676828466535,1,1
1,0.5934659117144033,1,1
0,0.4266292435986875,0,0
0,0.2991783421966818,0,0
1,0.5843975765221973,1,1
1,0.6783913960226556,1,1
1,0.42197714898614347,0,0
0,0.18970617999795897,0,0
0,0.2639686521657246,0,0
1,0.2571234530740116,0,0
1,0.5002388269478972,1,1
0,0.08241885387845126,0,0
0,0.38473501262607357,0,0
0,0.28376580753253833,0,0
0,0.8028240013221822,1,1
0,0.4618489185241563,0,0
0,0.190616627667619,0,0
0,0.7669694586684188,1,1
1,0.8299591375138972,1,1
1,0.8072636376018894,1,1
0,0.61925479880548,1,1
0,0.16601439544245122,0,0
0,0.13351521881227954,0,0
1,0.7146751978322498,1,1
0,0.15457225783858838,0,0
0,0.6809660375159363,1,1
0,0.09579088332839417,0,0
1,0.6299582761278587,1,1
1,0.8089883330986781,1,1
1,0.8131283708468791,1,1
0,0.8502446712862047,1,1
0,0.83123731830082,1,1
1,0.6697675599883561,1,1
0,0.4548750216065037,0,0
0,0.4007130517540449,0,0
0,0.5337505923222339,1,1
1,0.49245861658680173,0,0
0,0.9081899453939571,1,1
1,0.686783296122737,1,1
1,0.7532675412728222,1,1
0,0.766248972446031,1,1
1,0.7751870746040578,1,1
0,0.4165832766126568,0,0
0,0.33838061883143855,0,0
0,0.1366836757694235,0,0
0,0.7528686350556318,1,1
0,0.1358643312570409,0,0
1,0.5751333501665937,1,1
0,0.6994833826136709,1,1
1,0.5977910157239826,1,1
0,0.5140299495821762,1,1
0,0.1073063806723021,0,0
0,0.6807116064135981,1,1
0,0.7520112394918017,1,1
0,0.7209613635143867,1,1
0,0.5216019576078631,1,1
0,0.2129657870369666,0,0
1,0.7974673532041295,1,1
1,0.8879206383612438,1,1
1,0.4029064512578361,0,0
0,0.3379279608812806,0,0
0,0.48572607983481497,0,0
0,0.2894098900750443,0,0
0,0.1914530189075772,0,0
0,0.9411588435232463,1,1
1,0.8374532363101054,1,1
0,0.08368797918912453,0,0
1,0.8090140600080264,1,1
0,0.07886077916518892,0,0
1,0.34716333578243486,0,0
0,0.7084858681155698,1,1
0,0.16959305982238015,0,0
1,0.682423919949657,1,1
0,0.06980274718349545,0,0
0,0.4563017812154711,0,0
0,0.10847125516697366,0,0
0,0.4191615600031445,0,0
0,0.3332383804430401,0,0
1,0.7033522086856976,1,1
1,0.8390367159218424,1,1
0,0.376331024405978,0,0
0,0.33132502015749843,0,0
0,0.5345084787179942,1,1
0,0.7484554074395161,1,1
0,0.5321871254908163,1,1
1,0.7392885680966792,1,1
0,0.29241396594179564,0,0
0,0.1499849438646247,0,0
0,0.4043145412096717,0,0
1,0.7410314635219073,1,1
0,0.5740077865627885,1,1
0,0.598093746124961,1,1
0,0.2303323766932821,0,0
0,0.47067900335810287,0,0
0,0.2390277073623448,0,0
0,0.3695459311781465,0,0
0,0.35990255774393115,0,0
0,0.08309511179492732,0,0
0,0.5822081355011484,1,1
0,0.4485342040964826,0,0
0,0.2944974760061151,0,0
1,0.7768851367923719,1,1
1,0.865170614485673,1,1
0,0.12401657303985919,0,0
0,0.15071875227584605,0,0
0,0.27105116912625743,0,0
0,0.4368415525442166,0,0
0,0.34422500969093933,0,0
0,0.40346069426382686,0,0
0,0.30432187029469954,0,0
1,0.7653629270407026,1,1
1,0.9545704651221054,1,1
0,0.7757381172635677,1,1
1,0.7911203030956111,1,1
0,0.19185540703508738,0,0
1,0.6303087882910836,1,1
0,0.30248382200324164,0,0
1,0.25657950842345356,0,0
1,0.839671427002344,1,1
0,0.23643888445872846,0,0
1,0.903557980093227,1,1
0,0.7539373274103738,1,1
0,0.12451857681359077,0,0
0,0.5437592328333487,1,1
1,0.5485182086608366,1,1
0,0.4623652566427726,0,0
0,0.3512619498649264,0,0
1,0.7076104575122942,1,1
1,0.6510317393066936,1,1
0,0.515867660189847,1,1
1,0.8880380472067626,1,1
0,0.1368206005871728,0,0
1,0.7427810866454048,1,1
0,0.30169067240435155,0,0
1,0.501547834769973,1,1
0,0.5834640440113938,1,1
0,0.4181916036130436,0,0
1,0.9102546748613831,1,1
0,0.19526607978164792,0,0
0,0.09650186025331117,0,0
0,0.43025167431325084,0,0
1,0.7625362627338358,1,1
1,0.14914329418688493,0,0
0,0.36506777452045786,0,0
0,0.2494372611593214,0,0
0,0.686349799670204,1,1
0,0.1952216863743926,0,0
0,0.3934844327678905,0,0
0,0.28216532005841743,0,0
1,0.8034429977978818,1,1
0,0.4478358391819269,0,0
1,0.9171251602167412,1,1
1,0.8391956848379787,1,1
0,0.6343489927874292,1,1
0,0.5818408953911476,1,1
1,0.8308517307718156,1,1
0,0.09213972877101456,0,0
0,0.22996990588371866,0,0
0,0.2117199389210769,0,0
0,0.11678703092467173,0,0
0,0.40880212548403816,0,0
0,0.3082728706385903,0,0
0,0.05941306922497118,0,0
1,0.6011973096571257,1,1
0,0.4260962937065478,0,0
1,0.7956576834579328,1,1
0,0.29609945346450717,0,0
1,0.8708358852384271,1,1
0,0.6548813768253119,1,1
1,0.9293662278509646,1,1
0,0.15685284433913346,0,0
1,0.8899218849816574,1,1
0,0.6498568998128952,1,1
0,0.2800799177244802,0,0
0,0.5504496911329073,1,1
1,0.6825958528323448,1,1
1,0.7806043915933548,1,1
1,0.8045231648961947,1,1
0,0.17692300011693465,0,0
1,0.9491049526957759,1,1
0,0.18482359211109237,0,0
0,0.2608127360471534,0,0
1,0.5450722090849415,1,1
0,0.642006675158562,1,1
1,0.639004188794011,1,1
1,0.7922001259303962,1,1
1,0.8722229544792188,1,1
1,0.6296768406357865,1,1
0,0.7965010243574879,1,1
0,0.8246078042692748,1,1
0,0.6386385393973301,1,1
0,0.06174864922228866,0,0
0,0.1896358328737385,0,0
0,0.15774171857878136,0,0
0,0.33705930351460944,0,0
0,0.24911167711671384,0,0
1,0.850956436814487,1,1
1,0.7323918500538432,1,1
0,0.07989903742935278,0,0
0,0.6322322389854026,1,1
1,0.7582318445247718,1,1
1,0.883848473820689,1,1
1,0.7488039310898017,1,1
1,0.8522953487943188,1,1
0,0.4390512096223206,0,0
1,0.4284137766287439,0,0
1,0.9294138947546801,1,1
0,0.40577765892019146,0,0
0,0.11152698622136671,0,0
0,0.29728643654157794,0,0
0,0.36742736589291747,0,0
0,0.4806389774887444,0,0
0,0.2517579477854575,0,0
0,0.08833467472816887,0,0
0,0.1854922235068089,0,0
0,0.20579212087100326,0,0
0,0.326079762264507,0,0
0,0.7010057159653461,1,1
1,0.8986615161729195,1,1
0,0.49664398104133733,0,0
1,0.748562931603931,1,1
0,0.3249498710670346,0,0
0,0.1062307665348705,0,0
1,0.9162089658971448,1,1
0,0.21083216720872583,0,0
0,0.2898084441308367,0,0
1,0.491582720069508,0,0
1,0.9486357961303292,1,1
0,0.2339629000256887,0,0
1,0.6848061214677563,1,1
0,0.5481832016898914,1,1
1,0.8233287985604496,1,1
0,0.4047713845917308,0,0
1,0.9542015088580181,1,1
1,0.34173173916682564,0,0
0,0.45100216607791654,0,0
0,0.1221285406893573,0,0
0,0.6030479443458984,1,1
0,0.22598835512137877,0,0
0,0.4634569474036364,0,0
0,0.8355910133363897,1,1
1,0.896508144032403,1,1
0,0.12093231374984016,0,0
0,0.0805570441168721,0,0
0,0.1575239175753516,0,0
0,0.3132345890407633,0,0
0,0.27616694930180635,0,0
0,0.10699903834383291,0,0
0,0.09756183383189428,0,0
0,0.21971324533804845,0,0
0,0.46493225197593074,0,0
0,0.9142117415870616,1,1
0,0.21087139968925714,0,0
0,0.8176881615518676,1,1
0,0.3996172906492098,0,0
0,0.39929363403318574,0,0
0,0.05722681451717493,0,0
0,0.18781854338783216,0,0
0,0.6013743568118403,1,1
0,0.6006729264967792,1,1
0,0.32367107570496767,0,0
0,0.48532568620233574,0,0
0,0.516345042357429,1,1
1,0.8223136926157729,1,1
0,0.8404911754325389,1,1
0,0.41683843834829876,0,0
0,0.39268963605293006,0,0
1,0.7834886661713554,1,1
0,0.48839640344952134,0,0
0,0.3297685578471222,0,0
0,0.7653120921919391,1,1
1,0.7759301586277508,1,1
1,0.4418644753905058,0,0
0,0.5076793403260417,1,1
0,0.06674211847163053,0,0
0,0.23073699060837966,0,0
0,0.4102332705212549,0,0
1,0.8909988598104237,1,1
0,0.6476502494545502,1,1
1,0.8612337555188264,1,1
0,0.2458870508047947,0,0
0,0.5646627124826371,1,1
1,0.8757591803810888,1,1
0,0.10939444829176129,0,0
0,0.45574261281530887,0,0
0,0.17611856049896882,0,0
0,0.5733920468132626,1,1
1,0.8616756882966239,1,1
0,0.36767761916045266,0,0
0,0.818669884067962,1,1
0,0.6894292164774227,1,1
1,0.5295249592150657,1,1
1,0.8725017611140546,1,1
0,0.08439594962276026,0,0
1,0.7944226356292374,1,1
0,0.4570526828103478,0,0
0,0.07986292055172499,0,0
0,0.2601404193263619,0,0
1,0.6469313132785449,1,1
1,0.8830662986367144,1,1
0,0.24916846769500284,0,0
0,0.20665554342168982,0,0
0,0.05847481942571445,0,0
0,0.14837095341955184,0,0
1,0.21145313773679592,0,0
0,0.14149295454546137,0,0
0,0.09474171944347051,0,0
0,0.6189101040402737,1,1
0,0.32453358120268666,0,0
1,0.8172688835560123,1,1
0,0.09641842843494122,0,0
0,0.5657769616696353,1,1
1,0.36162598622907804,0,0
0,0.09671375752563155,0,0
1,0.8330925167181695,1,1
1,0.7286172015400858,1,1
1,0.684894140502505,1,1
1,0.8477948844366664,1,1
1,0.6971673353771977,1,1
1,0.8979645926759214,1,1
0,0.4302749585234162,0,0
0,0.6007902846684247,1,1
0,0.3379819125541404,0,0
1,0.6842322952984929,1,1
1,0.7040981658743789,1,1
1,0.8725406992660077,1,1
1,0.7958226293829928,1,1
0,0.6323059522048724,1,1
1,0.9174109607285027,1,1
0,0.2787859316360032,0,0
0,0.5095439736704689,1,1
1,0.8885935979790277,1,1
0,0.7228339467937626,1,1
0,0.6846395482576774,1,1
0,0.35694415925216133,0,0
0,0.5098741500091452,1,1
0,0.6110699589446917,1,1
0,0.738264752105879,1,1
1,0.35149306147284143,0,0
0,0.22173035034268654,0,0
1,0.9661270192971432,1,1
0,0.7261482397290584,1,1
0,0.2638469929000555,0,0
1,0.8479801921592208,1,1
0,0.3327038178796049,0,0
1,0.5913208481309851,1,1
0,0.07566950679340337,0,0
0,0.27150880862939036,0,0
0,0.8654710420565354,1,1
1,0.4637201251925293,0,0
0,0.3030454221331804,0,0
1,0.7342209914830676,1,1
0,0.25403632697861084,0,0
1,0.8582808667497103,1,1
0,0.057150221860376396,0,0
0,0.616905647742226,1,1
1,0.832251934858777,1,1
1,0.5692907871364963,1,1
1,0.4243395260840177,0,0
0,0.4751590814057255,0,0
0,0.2960143219417426,0,0
0,0.13714020846549763,0,0
0,0.42456950711269176,0,0
0,0.6462755010792944,1,1
0,0.17491942904566884,0,0
0,0.07000142001115175,0,0
0,0.2300567371382399,0,0
0,0.15228135537231263,0,0
1,0.5405308355159208,1,1
0,0.43755024984354174,0,0
1,0.15004865739520734,0,0
0,0.281300113900718,0,0
0,0.08556827323331312,0,0
0,0.05165188429244325,0,0
0,0.1739580792737331,0,0
0,0.23411845533526923,0,0
0,0.5334384238087603,1,1
0,0.19107930719351887,0,0
0,0.379678573658715,0,0
1,0.19539024876264532,0,0
0,0.5257490309588067,1,1
0,0.3220393168713405,0,0
0,0.4581683694210917,0,0
0,0.05456487650374962,0,0
0,0.7150922671609958,1,1
0,0.6040019069361277,1,1
1,0.4079930160006674,0,0
0,0.4769770564902132,0,0
1,0.3120988193849508,0,0
1,0.5791513347556119,1,1
0,0.1696366640428108,0,0
0,0.14143040544128913,0,0
0,0.132503594382301,0,0
1,0.7198224787253704,1,1
1,0.8313729239752369,1,1
0,0.23061439346084633,0,0
0,0.6732104903375554,1,1
0,0.21260045128973912,0,0
0,0.4337903628177201,0,0
1,0.7159656090804121,1,1
0,0.29692808614220695,0,0
0,0.3496090887603947,0,0
0,0.21672142025908325,0,0
0,0.1704839848531891,0,0
1,0.7860367113666633,1,1
0,0.20547485402845303,0,0
0,0.20634021524593876,0,0
0,0.574292006826287,1,1
0,0.7664183745625539,1,1
1,0.5413769468349916,1,1
0,0.06759614752531468,0,0
0,0.32612440964020606,0,0
0,0.17383063273412255,0,0
0,0.20594335642103856,0,0
1,0.9406452585604715,1,1
1,0.5589712578974099,1,1
0,0.24224646451311532,0,0
0,0.3089666894982636,0,0
0,0.5014215115527483,1,1
0,0.5927933102785888,1,1
1,0.7135298085697116,1,1
0,0.5780952863240149,1,1
0,0.2916412955423104,0,0
1,0.5617514887714888,1,1
1,0.5707456382863648,1,1
0,0.4806810919201353,0,0
1,0.6877211850796344,1,1
0,0.0947134963272908,0,0
0,0.23173663132250336,0,0
0,0.322840299652812,0,0
0,0.2828233084157661,0,0
0,0.3747967588977255,0,0
1,0.5539546469783907,1,1
1,0.1582139741880599,0,0
0,0.1865958599195869,0,0
1,0.6788812067905514,1,1
0,0.7873764101353754,1,1
1,0.37693457959237925,0,0
1,0.8835893642417001,1,1
0,0.2593268858966087,0,0
0,0.3708420457571341,0,0
0,0.39538270842213075,0,0
0,0.2824057789401715,0,0
1,0.6819013688887134,1,1
0,0.2010068306727407,0,0
0,0.06990024318963692,0,0
1,0.386938873350547,0,0
1,0.6640533376727135,1,1
0,0.4863488476593535,0,0
1,0.26715105084214935,0,0
1,0.9075492894042817,1,1
0,0.1156768567974667,0,0
0,0.07914754937378447,0,0
0,0.8345622383599914,1,1
1,0.39659722704835765,0,0
1,0.8605903110369961,1,1
1,0.737368901346887,1,1
0,0.8857516549201813,1,1
0,0.699270874925432,1,1
0,0.19134273327131968,0,0
1,0.8091184004482844,1,1
0,0.3170365309868827,0,0
0,0.25914571748580867,0,0
0,0.1983989942981743,0,0
0,0.18780693422849906,0,0
1,0.3672451042760837,0,0
1,0.3727816917761423,0,0
0,0.2731256987064673,0,0
0,0.26792905857732935,0,0
1,0.8627316775236666,1,1
0,0.17594508830652633,0,0
0,0.12725077724586148,0,0
0,0.5446443385469999,1,1
0,0.8568377328480354,1,1
0,0.2577210093193164,0,0
1,0.41165564357317813,0,0
0,0.3341551521637148,0,0
0,0.3962536413680344,0,0
1,0.9726666897334764,1,1
0,0.24217612319479295,0,0
0,0.6757191888236965,1,1
0,0.5266819013811876,1,1
0,0.30651901076344484,0,0
0,0.16331016369527737,0,0
0,0.059437870932057414,0,0
1,0.8128673803074322,1,1
1,0.6043186153078178,1,1
0,0.7776634462870278,1,1
1,0.34625299950918226,0,0
0,0.5131603533136913,1,1
1,0.8460047470916184,1,1
0,0.5599777176192167,1,1
0,0.37707528127012846,0,0
0,0.0778936819405524,0,0
1,0.6055389359155813,1,1
1,0.7624494585139718,1,1
0,0.19962412075358948,0,0
0,0.2968416765198861,0,0
1,0.6125674437540981,1,1
0,0.16232767571114035,0,0
1,0.4109219692770757,0,0
1,0.813486094763592,1,1
0,0.06492211623441388,0,0
0,0.4786270728033831,0,0
0,0.2135695191912852,0,0
0,0.4600446307989787,0,0
1,0.8394252052908637,1,1
0,0.21970552110606897,0,0
0,0.14427925299168612,0,0
0,0.13707242813827014,0,0
1,0.9312874712174737,1,1
0,0.6757018786185345,1,1
1,0.3652392187037557,0,0
0,0.5564397592331575,1,1
1,0.7568239935047897,1,1
0,0.08532950942259737,0,0
0,0.2536987271989287,0,0
0,0.16723591453951384,0,0
0,0.7050826011091265,1,1
0,0.18588931210742457,0,0
1,0.4782307531298684,0,0
0,0.6120915676515131,1,1
0,0.8465229519378973,1,1
0,0.14588671740134435,0,0
1,0.8634814716977707,1,1
0,0.3446555305732567,0,0
1,0.7914841583633705,1,1
0,0.7618267887204412,1,1
0,0.5116735182853694,1,1
0,0.44660618258275436,0,0
1,0.14781687429259294,0,0
1,0.6540429265018055,1,1
0,0.5034441338686602,1,1
1,0.7165749633683282,1,1
0,0.10604180979777501,0,0
1,0.7754981951748539,1,1
1,0.891007792714127,1,1
0,0.5575325451119614,1,1
0,0.37903922896139275,0,0
1,0.8769465429819892,1,1
0,0.5692277297907115,1,1
1,0.7665676253159234,1,1
0,0.41433714981725694,0,0
0,0.1253736283804618,0,0
0,0.7153606081035843,1,1
0,0.06636203289400601,0,0
0,0.5172253266530475,1,1
1,0.8157543192079121,1,1
0,0.21451423432406647,0,0
0,0.3673975660774974,0,0
0,0.06002094346766112,0,0
1,0.9204228955560668,1,1
0,0.4027033450266235,0,0
1,0.5436913024198827,1,1
1,0.7536788089918363,1,1
0,0.6452455699436063,1,1
0,0.5306151337703433,1,1
1,0.9187046266744215,1,1
1,0.8053833184937604,1,1
1,0.9726753572266561,1,1
1,0.6402117712306381,1,1
0,0.10457337464712195,0,0
0,0.2741704798116452,0,0
0,0.7828270619197333,1,1
1,0.8782194375778555,1,1
0,0.22627430195824466,0,0
1,0.2594670269159406,0,0
0,0.8922484657270155,1,1
0,0.3964434409753878,0,0
0,0.3832318329496041,0,0
1,0.49456224248401565,0,0
0,0.28336695994183064,0,0
1,0.8892556620395216,1,1
0,0.1459566954630312,0,0
0,0.4780135589621034,0,0
0,0.34933414481282793,0,0
1,0.8933844294531554,1,1
0,0.5398066914131957,1,1
0,0.15153454247491416,0,0
1,0.6492653775021131,1,1
0,0.4750209479540553,0,0
1,0.8655396937767121,1,1
0,0.44958763768951504,0,0
0,0.5895760687601419,1,1
0,0.22110816423382826,0,0
0,0.2940921055050966,0,0
0,0.4521425278490116,0,0
0,0.13301836035068035,0,0
0,0.6804951194331627,1,1
0,0.12981788107927278,0,0
0,0.3905984001349781,0,0
0,0.4785266124708114,0,0
1,0.809647340754933,1,1
1,0.4399441374474423,0,0
0,0.18197929171155272,0,0
0,0.8654674725952511,1,1
1,0.23390659969033173,0,0
0,0.31546459023278517,0,0
0,0.225330511403471,0,0
0,0.6341161713218875,1,1
0,0.22637830488941435,0,0
0,0.12064973299880608,0,0
0,0.13654724502305943,0,0
0,0.4485858061978938,0,0
0,0.06522004189254695,0,0
1,0.6011450251612819,1,1
0,0.6729489422072538,1,1
0,0.4686555909211479,0,0
1,0.7585634818987752,1,1
0,0.4685800999481101,0,0
1,0.832451292974127,1,1
0,0.2561361898488126,0,0
0,0.8328349406223948,1,1
0,0.6018840465314831,1,1
1,0.6122120504718791,1,1
1,0.24720665631455113,0,0
0,0.7584351664333306,1,1
0,0.15570148075465287,0,0
0,0.15952041545249843,0,0
0,0.2361520626506199,0,0
0,0.14027697213829662,0,0
0,0.3352211423763659,0,0
0,0.5798376345782397,1,1
1,0.5936831254290231,1,1
0,0.24561332506094757,0,0
1,0.5369567088149347,1,1
0,0.1511738082258484,0,0
1,0.8077721773477092,1,1
0,0.8734775684766769,1,1
0,0.5054132584095725,1,1
0,0.19179915770532494,0,0
0,0.7022011061239468,1,1
0,0.20585185284921162,0,0
0,0.4004486389240405,0,0
0,0.2970119900532432,0,0
0,0.39740961069523295,0,0
0,0.054499480346263035,0,0
1,0.8510315997132497,1,1
1,0.7890783314512289,1,1
0,0.42135364466761827,0,0
1,0.3682555513559079,0,0
0,0.5268184007998673,1,1
0,0.5280866927967257,1,1
1,0.8696093597808718,1,1
0,0.8449505684634876,1,1
0,0.10190891881542744,0,0
1,0.7656651102144237,1,1
1,0.40609492720874907,0,0
0,0.18910421462430207,0,0
0,0.8360959268073445,1,1
0,0.4255924969814107,0,0
0,0.2468923206856295,0,0
1,0.7541663718362694,1,1
1,0.8160979269465675,1,1
1,0.9042419618962981,1,1
0,0.5246219179976541,1,1
1,0.7919030606998728,1,1
0,0.23993750936138908,0,0
0,0.09858150258630273,0,0
0,0.08546818734724422,0,0
0,0.3990219264069158,0,0
0,0.0284557497452944,0,0
1,0.814284368717836,1,1
1,0.5378254583619202,1,1
0,0.14781959170184428,0,0
1,0.47946760368822655,0,0
0,0.15074628770664067,0,0
0,0.4197184780143489,0,0
1,0.783775926074234,1,1
1,0.3493223434527586,0,0
0,0.24112101178256637,0,0
0,0.13426231555867618,0,0
0,0.7459782131950758,1,1
0,0.2533959205842456,0,0
1,0.38435698973774285,0,0
1,0.7398104534362607,1,1
0,0.24205363533579072,0,0
0,0.2712652517330188,0,0
1,0.2103634086420326,0,0
1,0.34861633236353107,0,0
0,0.7363598836546847,1,1
1,0.7260873446020341,1,1
1,0.6138715577092225,1,1
1,0.26052369075390186,0,0
0,0.19773395351064316,0,0
0,0.15525380217853052,0,0
0,0.7845269128190966,1,1
1,0.9188399964618001,1,1
0,0.8051237894665899,1,1
0,0.8649174546601027,1,1
0,0.09123209885484018,0,0
0,0.526265702144579,1,1
0,0.655378754155933,1,1
0,0.5589024603542089,1,1
1,0.5857253283259426,1,1
0,0.456118933731116,0,0
0,0.08865641772074966,0,0
1,0.903941041164265,1,1
1,0.8749003307468809,1,1
1,0.4835191895773659,0,0
0,0.2825657625226889,0,0
0,0.599169608648646,1,1
0,0.4403561746229145,0,0
0,0.6638626076624691,1,1
0,0.6035822043772351,1,1
0,0.39374937271734106,0,0
0,0.36856892230747546,0,0
1,0.6844545972736847,1,1
0,0.41564202026638264,0,0
0,0.42928874464981165,0,0
1,0.641918178254552,1,1
0,0.4642712678552983,0,0
1,0.665887318865018,1,1
1,0.3399584916769326,0,0
0,0.5263914063663123,1,1
1,0.7096918913824268,1,1
1,0.8821998918918141,1,1
0,0.507339327108627,1,1
0,0.8187433058991448,1,1
0,0.3677055699138567,0,0
1,0.6072304019625965,1,1
0,0.25018994374398856,0,0
0,0.11968916966104759,0,0
1,0.4728797783567986,0,0
1,0.922542331484725,1,1
0,0.22585855138878277,0,0
0,0.11212824641519892,0,0
0,0.45985594809995595,0,0
0,0.07450811808201087,0,0
0,0.18481432314150067,0,0
0,0.10895330963436699,0,0
1,0.7078999397922879,1,1
0,0.42616550336188075,0,0
0,0.3464934034064627,0,0
1,0.934630781391306,1,1
0,0.3939706509924041,0,0
1,0.42838384456905493,0,0
0,0.43976990972867686,0,0
0,0.1556746199412931,0,0
0,0.5540225813317586,1,1
1,0.38211460900151345,0,0
1,0.675153722150132,1,1
0,0.08593349693892044,0,0
1,0.6449999366377561,1,1
1,0.49669527317724554,0,0
0,0.7409504017825517,1,1
0,0.23636376569764653,0,0
1,0.5554701790244672,1,1
1,0.4095601331182151,0,0
1,0.253927265364074,0,0
1,0.5714958990759117,1,1
1,0.36304811106699847,0,0
0,0.09849785794252397,0,0
1,0.6711298338513996,1,1
1,0.7932160707001118,1,1
0,0.662189997265544,1,1
1,0.7697621456645262,1,1
1,0.47775469130795983,0,0
1,0.6128920939149962,1,1
0,0.1376386726978568,0,0
0,0.2948748402062638,0,0
1,0.8749623445008419,1,1
0,0.5253364574903326,1,1
1,0.7855205238516546,1,1
1,0.655460460349764,1,1
1,0.9773853113169004,1,1
0,0.6407498832044124,1,1
0,0.6035800220616266,1,1
0,0.2863971433845912,0,0
1,0.7723536989982892,1,1
0,0.3419422130096673,0,0
1,0.7315286599603007,1,1
0,0.7064406775546304,1,1
0,0.6460507645545891,1,1
1,0.8469040302274375,1,1
0,0.4587868275027422,0,0
1,0.6038396174661034,1,1
0,0.35404490450067666,0,0
0,0.13024855464035226,0,0
1,0.8117684814312766,1,1
0,0.5562896165377057,1,1
1,0.5173572725780329,1,1
0,0.5884355478440462,1,1
0,0.4969294229840595,0,0
0,0.5067500758828406,1,1
0,0.9035260898693468,1,1
0,0.10969062599819544,0,0
0,0.16334259471629725,0,0
0,0.3906353032164817,0,0
1,0.7495778689213493,1,1
1,0.24494160254508845,0,0
0,0.4395770494516587,0,0
0,0.569481834142864,1,1
0,0.7663201449412606,1,1
1,0.9129256752447197,1,1
1,0.8095460330306161,1,1
1,0.7047345543563267,1,1
1,0.8479034641982709,1,1
0,0.14914060955090172,0,0
0,0.4461700221412259,0,0
0,0.1433890570317314,0,0
1,0.8580129983044192,1,1
1,0.7295518632516208,1,1
1,0.8351960358859978,1,1
1,0.9138354213086665,1,1
0,0.28760255912647176,0,0
0,0.5097922909585592,1,1
0,0.08796643662042053,0,0
1,0.4070633751008898,0,0
0,0.03719717161113311,0,0
0,0.5712893454919277,1,1
1,0.7895007019938755,1,1
0,0.20525401873502075,0,0
1,0.42296654209153234,0,0
0,0.6044374121695887,1,1
1,0.8161710764665108,1,1
0,0.24824737408629677,0,0
1,0.7685378631226109,1,1
0,0.5239286504700049,1,1
0,0.335239214445409,0,0
0,0.5200542326589185,1,1
0,0.15766618344448768,0,0
0,0.1527859657602059,0,0
0,0.7747012655394914,1,1
0,0.4059320442942476,0,0
0,0.840480863477162,1,1
0,0.45044411237252235,0,0
0,0.32688038493072064,0,0
0,0.605257169945761,1,1
0,0.346871877608392,0,0
0,0.48671733769229836,0,0
0,0.10173269311344134,0,0
1,0.9516919194875049,1,1
0,0.5168463741354118,1,1
0,0.5431278101790395,1,1
0,0.8322414134816546,1,1
0,0.2838239784638827,0,0
1,0.8412302437048561,1,1
0,0.7290611120466017,1,1
0,0.24445534734382188,0,0
1,0.7446483676640202,1,1
0,0.10171987855724979,0,0
0,0.39420422356867013,0,0
0,0.9142596554215072,1,1
1,0.5975168638308401,1,1
1,0.5218966336038461,1,1
1,0.7490126309607024,1,1
0,0.526306458584247,1,1
1,0.5959861732795774,1,1
0,0.3499535015043299,0,0
0,0.259706715325042,0,0
0,0.2612885763976574,0,0
1,0.5101924246675308,1,1
0,0.11499946043103029,0,0
0,0.6241527368815525,1,1
1,0.41928770448803704,0,0
1,0.8227256850645571,1,1
0,0.7752705824138421,1,1
0,0.2613515626480196,0,0
0,0.17643927408890198,0,0
1,0.7950103237897718,1,1
1,0.3611265389960825,0,0
0,0.3492011750531087,0,0
0,0.7986462651866619,1,1
0,0.2901439862115953,0,0
1,0.925585620514304,1,1
0,0.32421739971606073,0,0
0,0.0664734740933133,0,0
0,0.7851131942332732,1,1
1,0.8323759272843422,1,1
0,0.6502357420434085,1,1
1,0.4490653492432972,0,0
1,0.7293239807094378,1,1
0,0.5408100284934688,1,1
1,0.7158873301351961,1,1
1,0.6475035543258013,1,1
0,0.7018285678136973,1,1
0,0.09009468255752999,0,0
1,0.8183099723846701,1,1
1,0.6243838084783309,1,1
1,0.773412732218412,1,1
0,0.0880581406484032,0,0
0,0.06859899238395734,0,0
1,0.6362504656014059,1,1
1,0.6613670146547147,1,1
0,0.5060828737278712,1,1
0,0.3697333237918729,0,0
0,0.09401419132021999,0,0
0,0.16492585542627797,0,0
0,0.3453592218163316,0,0
0,0.6273297050217562,1,1
0,0.45178035630928387,0,0
1,0.7436918492425054,1,1
0,0.5815863556778577,1,1
0,0.14659690909646583,0,0
1,0.9311410474901162,1,1
0,0.543985213356871,1,1
1,0.75009765525123,1,1
0,0.5728940761736576,1,1
0,0.25563220743913334,0,0
1,0.5001542745218509,1,1
0,0.21010677157107163,0,0
0,0.46910420003625086,0,0
0,0.2918336801245635,0,0
0,0.13503305264514986,0,0
0,0.6275885768158487,1,1
1,0.8037670746526943,1,1
1,0.8820878377032663,1,1
1,0.8858833228685006,1,1
1,0.5149063911859381,1,1
0,0.4343182963202729,0,0
0,0.12165923670179317,0,0
1,0.1599033337431172,0,0
1,0.700777993052634,1,1
0,0.28676955104590285,0,0
1,0.8991245202985829,1,1
0,0.14122881955961883,0,0
1,0.875154833998298,1,1
0,0.23709934155826845,0,0
1,0.20182682951783523,0,0
0,0.12910509596345912,0,0
0,0.39497902676705476,0,0
1,0.6010296561087002,1,1
1,0.8665090555229564,1,1
1,0.31558337921972324,0,0
0,0.18509209124863463,0,0
0,0.4114697335152212,0,0
0,0.29672916238911873,0,0
0,0.2942670919088329,0,0
0,0.06067279922508704,0,0
0,0.40359710994399284,0,0
0,0.13760424471609015,0,0
0,0.29027931983400507,0,0
1,0.6774024025502493,1,1
0,0.69014281967052,1,1
0,0.3501638481796356,0,0
0,0.13829319872562518,0,0
0,0.10055061182637187,0,0
0,0.16487479648197864,0,0
1,0.26435253797363484,0,0
0,0.15711484759028818,0,0
1,0.9027016075922467,1,1
0,0.06086678664287445,0,0
1,0.7381366999023516,1,1
0,0.4664758851309225,0,0
0,0.16821350292814546,0,0
0,0.5313340061009093,1,1
0,0.17220186897274053,0,0
1,0.8981598337864577,1,1
1,0.8715594410366853,1,1
0,0.35197302664772134,0,0
0,0.6700313137553194,1,1
0,0.19345356872645714,0,0
1,0.7216283925448567,1,1
0,0.06772061742256723,0,0
0,0.32528672293898303,0,0
0,0.2661353511822996,0,0
0,0.2241471586113885,0,0
1,0.5181409599091672,1,1
0,0.3620264165859103,0,0
0,0.45385715955555883,0,0
0,0.7337543189851293,1,1
0,0.2305844030837908,0,0
0,0.7824888020186884,1,1
0,0.47297424050085807,0,0
1,0.5600710984874797,1,1
0,0.6267662627632672,1,1
0,0.1789044813253249,0,0
0,0.038941376802671304,0,0
0,0.33430791649006475,0,0
0,0.7198745981250413,1,1
0,0.640660062449621,1,1
0,0.3142849887502886,0,0
0,0.1669054689155499,0,0
1,0.7941419737710645,1,1
0,0.07809001388264046,0,0
0,0.7839614552972262,1,1
0,0.39291162992977763,0,0
0,0.12025281471628017,0,0
1,0.8177452195974213,1,1
0,0.05403916153436475,0,0
0,0.40302613363208306,0,0
0,0.7613658737895495,1,1
0,0.6207906377552955,1,1
0,0.20717145415028,0,0
0,0.5026692882596432,1,1
1,0.4177888462812534,0,0
0,0.12252842821977666,0,0
1,0.6684646803724408,1,1
0,0.9165686295741285,1,1
1,0.2947050988339176,0,0
0,0.11764749075174001,0,0
0,0.5355869780401414,1,1
0,0.21947774266465417,0,0
0,0.18203437710585915,0,0
1,0.8351705174909696,1,1
0,0.20814593917698432,0,0
0,0.04693423679893523,0,0
0,0.2127312823035172,0,0
1,0.07233471047525246,0,0
1,0.6890856146002121,1,1
0,0.668367413975077,1,1
0,0.14398184404131195,0,0
0,0.6169261293465417,1,1
0,0.560124764059253,1,1
1,0.7193072997957457,1,1
1,0.9438330519314528,1,1
0,0.677952414796316,1,1
1,0.7474640686440469,1,1
0,0.2419252136121639,0,0
1,0.4716804295386958,0,0
0,0.7055054534572782,1,1
0,0.3014998400360945,0,0
1,0.35953364594833565,0,0
1,0.4352942546422821,0,0
1,0.5365638198672419,1,1
0,0.4221408122716805,0,0
1,0.8930443325785398,1,1
0,0.5570357480106489,1,1
0,0.20801518411710998,0,0
1,0.9288947896844186,1,1
1,0.9220334878718138,1,1
0,0.2593545735029242,0,0
0,0.48880326732728696,0,0
1,0.4311964801629051,0,0
0,0.09565933856015266,0,0
0,0.7426066152962266,1,1
0,0.4378294060260047,0,0
1,0.748782625315677,1,1
1,0.6255027291038098,1,1
1,0.8119741619204847,1,1
0,0.4211272876917195,0,0
1,0.16630799615955924,0,0
0,0.7056983585563453,1,1
1,0.6094172274666394,1,1
1,0.8265630678683878,1,1
0,0.2371567489554613,0,0
1,0.7446563354049911,1,1
0,0.6170881419668713,1,1
0,0.5351013515317481,1,1
0,0.1653039303287292,0,0
0,0.21969142933363212,0,0
0,0.26325174326129847,0,0
0,0.8157213670945068,1,1
0,0.4724696808583011,0,0
0,0.3503830506220742,0,0
0,0.3600216920256792,0,0
0,0.33725603374907587,0,0
0,0.5923858310050569,1,1
0,0.7361167687126657,1,1
0,0.8178553158806015,1,1
0,0.18887450094079838,0,0
0,0.30621840715316373,0,0
0,0.10836863212528175,0,0
0,0.09310078370203924,0,0
0,0.06513861951287933,0,0
0,0.1956934231454769,0,0
0,0.17342331898803037,0,0
1,0.29740380828193497,0,0
0,0.08636613372542049,0,0
0,0.8283583018008139,1,1
0,0.3116278260300056,0,0
0,0.4894879457555075,0,0
0,0.2715158258319337,0,0
0,0.34019776433260496,0,0
0,0.2667189571143953,0,0
0,0.7785878982474815,1,1
0,0.17266177288199794,0,0
1,0.7303394246125765,1,1
1,0.37086096941858887,0,0
0,0.2073499342506773,0,0
1,0.8254746595156888,1,1
0,0.35384725027516833,0,0
0,0.33015644992647514,0,0
1,0.7746669946291702,1,1
0,0.16187095872961602,0,0
0,0.7964339263251682,1,1
1,0.8984404202451136,1,1
0,0.3178826808715504,0,0
0,0.6833227617363634,1,1
1,0.7785167123558582,1,1
0,0.7401160497719226,1,1
0,0.5027152989371401,1,1
0,0.8450540164008087,1,1
1,0.6120200878463126,1,1
0,0.17152536831654944,0,0
0,0.1696841919008095,0,0
1,0.8939634626407524,1,1
1,0.6856782403068502,1,1
0,0.4727287686089524,0,0
1,0.5911478960079943,1,1
1,0.6418199910584319,1,1
1,0.5262958967550642,1,1
1,0.2736451086332652,0,0
0,0.7460422049997635,1,1
0,0.37579847854152926,0,0
0,0.7448017000323176,1,1
0,0.7321742388626803,1,1
1,0.42024506669186573,0,0
1,0.7717628780344431,1,1
1,0.5821006868917895,1,1
1,0.40048634453140425,0,0
0,0.17391782892390245,0,0
0,0.5345130056036905,1,1
1,0.41591075943742994,0,0
1,0.48499609692713075,0,0
0,0.35161771367687067,0,0
0,0.5391291875812435,1,1
0,0.4952904548556814,0,0
1,0.8041221513045036,1,1
0,0.5451272818584676,1,1
1,0.31863518913307126,0,0
1,0.631531129792183,1,1
1,0.8626848134380198,1,1
1,0.8380325060713778,1,1
1,0.36555403740115877,0,0
1,0.6872991551680625,1,1
1,0.8002288496498042,1,1
1,0.8589276918159858,1,1
0,0.37322071028502785,0,0
0,0.18451423695437982,0,0
0,0.5856264592140151,1,1
1,0.7936767769292936,1,1
0,0.1218177413226233,0,0
1,0.9488221040939542,1,1
1,0.9130408888905089,1,1
0,0.2354221856179743,0,0
0,0.5311677281125792,1,1
0,0.1944668282978332,0,0
0,0.44199297710075963,0,0
0,0.31601886416818675,0,0
0,0.5374387514394722,1,1
1,0.8351347121518452,1,1
0,0.24336662607779386,0,0
0,0.8280171505025784,1,1
1,0.6587256604922993,1,1
0,0.34048177250687306,0,0
1,0.4821420866593841,0,0
0,0.5298122749268773,1,1
0,0.24350670596532614,0,0
0,0.12412655777546823,0,0
0,0.37335275132510404,0,0
1,0.794571387617175,1,1
0,0.09183291038160225,0,0
1,0.6912077494054681,1,1
0,0.8916071490082276,1,1
1,0.8301847396151151,1,1
1,0.4439990867620454,0,0
0,0.5195169254027154,1,1
1,0.6878448450949403,1,1
0,0.22413501205818132,0,0
0,0.5296925720413264,1,1
0,0.48770463018351795,0,0
0,0.25195578077003766,0,0
0,0.6819413861411308,1,1
0,0.6224232061310624,1,1
0,0.056922257481204296,0,0
1,0.6977651352252147,1,1
1,0.23746050313014713,0,0
0,0.4601126070059252,0,0
0,0.17986175634663956,0,0
1,0.7216895265700141,1,1
0,0.9326686460501432,1,1
1,0.3578759048360849,0,0
1,0.8010305876269496,1,1
1,0.6878216307253064,1,1
0,0.8089050381557341,1,1
1,0.4957750391546753,0,0
0,0.12704192016167729,0,0
0,0.14089102198184675,0,0
0,0.13051891094640133,0,0
1,0.5325345996166205,1,1
1,0.7387490985645712,1,1
1,0.5142116735835311,1,1
0,0.916662534707117,1,1
0,0.6353412068669393,1,1
0,0.5978169214795651,1,1
0,0.2606629550871456,0,0
1,0.28375190385334925,0,0
1,0.5404448763034321,1,1
0,0.284124428898886,0,0
1,0.6925558463947761,1,1
0,0.19027211157241872,0,0
0,0.2812536336677076,0,0
0,0.4740617517301148,0,0
0,0.2754726284794965,0,0
1,0.5229440960400805,1,1
0,0.25115320917732686,0,0
1,0.5546970871507862,1,1
0,0.8597471093071238,1,1
0,0.8776517275329332,1,1
1,0.8256606465481172,1,1
0,0.3124902865299201,0,0
0,0.9176386389382676,1,1
1,0.5830384385187002,1,1
1,0.6215423165194454,1,1
0,0.7784931451548328,1,1
0,0.24632700190617138,0,0
1,0.9224745450889854,1,1
0,0.49356356855072053,0,0
1,0.5637382428789264,1,1
1,0.7681950983127422,1,1
0,0.477929154399033,0,0
1,0.8582377517260222,1,1
1,0.6563454462181555,1,1
1,0.49088250648548437,0,0
1,0.5628313927272226,1,1
0,0.34488178797329655,0,0
0,0.7891629742088907,1,1
0,0.439276402703631,0,0
0,0.18401481555658836,0,0
1,0.9073869675007336,1,1
0,0.26908571961185934,0,0
1,0.7744419913826932,1,1
0,0.10397963729445847,0,0
0,0.310445013025798,0,0
0,0.5014748996957352,1,1
0,0.24640432083963112,0,0
0,0.4707681570491553,0,0
0,0.4873325385627383,0,0
1,0.8143525312176012,1,1
1,0.7864630724880931,1,1
0,0.2770336099098213,0,0
1,0.7762741962041806,1,1
0,0.32199158176940196,0,0
0,0.08567734090784529,0,0
0,0.404377987614916,0,0
1,0.5812787406204343,1,1
1,0.7789938308192408,1,1
0,0.2727780551629998,0,0
1,0.6662924776399568,1,1
1,0.805668732436952,1,1
1,0.8798780245632111,1,1
0,0.2748764717016446,0,0
1,0.704285740241538,1,1
0,0.20646672548454223,0,0
0,0.6982495034910831,1,1
1,0.5864888920576018,1,1
0,0.5686054801436935,1,1
1,0.35145638315529026,0,0
0,0.14225592350757454,0,0
1,0.831668179456585,1,1
1,0.7612757270651634,1,1
1,0.337512352479128,0,0
0,0.8640988254482312,1,1
0,0.607660195649024,1,1
0,0.16949514184377978,0,0
0,0.15736446574236596,0,0
0,0.2728489919810508,0,0
0,0.692665867003836,1,1
0,0.12778297470278138,0,0
0,0.09370645035305465,0,0
0,0.49074125563255017,0,0
0,0.27546515306787345,0,0
0,0.5472880532238323,1,1
0,0.2500144276417473,0,0
0,0.16782316311824352,0,0
1,0.4053455737186698,0,0
1,0.8752886231804474,1,1
1,0.5301828199171658,1,1
0,0.4545301457620436,0,0
1,0.938765473618975,1,1
0,0.354620097629357,0,0
0,0.3636574402133779,0,0
0,0.49955939839098706,0,0
0,0.06521604915217907,0,0
0,0.19223512793284056,0,0
0,0.11654206599917345,0,0
1,0.8488208953560854,1,1
0,0.31987107238613427,0,0
0,0.2483114810682073,0,0
1,0.4974094747965604,0,0
1,0.2030694675293891,0,0
1,0.40140508498800603,0,0
1,0.30200916319136906,0,0
1,0.9141735874185408,1,1
0,0.6325563894760732,1,1
0,0.7413530109632883,1,1
0,0.8419962609096983,1,1
0,0.3780021028601874,0,0
1,0.9583606012300057,1,1
0,0.3104123656060488,0,0
1,0.18540963376400432,0,0
0,0.600497466321354,1,1
1,0.6363741573320876,1,1
1,0.5789050977793676,1,1
0,0.31020679163452236,0,0
1,0.5659254984469232,1,1
1,0.668559126704818,1,1
0,0.5047757664347325,1,1
0,0.7934086885708684,1,1
0,0.30583637365205824,0,0
0,0.2683657368334064,0,0
1,0.8449381433016477,1,1
1,0.9426008938631195,1,1
0,0.615307902994704,1,1
0,0.05471433328629885,0,0
0,0.3696375475942435,0,0
1,0.5205316290898389,1,1
1,0.7834325789663451,1,1
0,0.1980261367563721,0,0
0,0.7735790667532446,1,1
0,0.20001904589559272,0,0
0,0.2649143107625247,0,0
0,0.5708679481619368,1,1
0,0.31596473237412154,0,0
1,0.591723546213388,1,1
0,0.8360138500667086,1,1
0,0.6059481146366363,1,1
0,0.8716503723759452,1,1
0,0.20902560961129224,0,0
1,0.3214616112921068,0,0
0,0.6909521774990417,1,1
0,0.10882005427663619,0,0
1,0.8954708349561523,1,1
0,0.44078499184683245,0,0
0,0.4432301518250255,0,0
0,0.5615585244589484,1,1
1,0.4589879700139846,0,0
0,0.5806023513273892,1,1
0,0.4547210779919744,0,0
1,0.6705033508816612,1,1
0,0.37796060505338497,0,0
0,0.10194173955563383,0,0
0,0.10651939227460838,0,0
0,0.45252147482595617,0,0
0,0.0846912045431048,0,0
1,0.805518720655209,1,1
0,0.24237957263711826,0,0
1,0.49813433113017663,0,0
1,0.17067585055624715,0,0
1,0.8031688377548787,1,1
0,0.13615695259885857,0,0
0,0.11572027919013554,0,0
0,0.3591136228889482,0,0
1,0.5905502066945632,1,1
1,0.7858287963932451,1,1
0,0.3836621327470458,0,0
0,0.3610853362926915,0,0
1,0.6385098351137785,1,1
1,0.5752016047964223,1,1
1,0.9164757968892434,1,1
1,0.5236492140294008,1,1
1,0.9099604090766955,1,1
1,0.7880924528844969,1,1
0,0.10161276865851727,0,0
1,0.6155981147153522,1,1
0,0.4684329554081503,0,0
0,0.07547836186998443,0,0
0,0.5856510123808158,1,1
0,0.5965001079836837,1,1
0,0.11125874538453391,0,0
0,0.3090224522011604,0,0
0,0.5102784379362592,1,1
0,0.5947447018682852,1,1
1,0.7155564299642352,1,1
0,0.4347213568083138,0,0
0,0.3519214714881838,0,0
0,0.05422802605911701,0,0
1,0.6023910014850269,1,1
0,0.19199633358417983,0,0
0,0.8292813102342886,1,1
0,0.3841502376400666,0,0
0,0.609046730358212,1,1
0,0.5075192504636756,1,1
0,0.5781262709349874,1,1
0,0.7423648073885032,1,1
1,0.7997834487939678,1,1
0,0.26103997590673483,0,0
0,0.17624367611920758,0,0
0,0.4574274641765486,0,0
0,0.24011404838772926,0,0
0,0.315894576553124,0,0
0,0.22557254393714601,0,0
1,0.43272938445818704,0,0
0,0.5119346295194196,1,1
1,0.5268528158833399,1,1
1,0.8136933051795004,1,1
0,0.3844658825418287,0,0
0,0.25384900771072727,0,0
1,0.6579862544274193,1,1
0,0.5868590410924287,1,1
1,0.6757113323940277,1,1
0,0.23002013157702086,0,0
0,0.34167336680245985,0,0
0,0.18386734563308604,0,0
1,0.3065153609806534,0,0
0,0.23719233608442344,0,0
0,0.3020430983436213,0,0
0,0.2783670386800717,0,0
0,0.8312149920817258,1,1
1,0.6052258775872656,1,1
0,0.2265932721353927,0,0
0,0.43275382614483565,0,0
0,0.19826860820260178,0,0
1,0.5266512364885214,1,1
0,0.5254819058026171,1,1
0,0.26725174143633185,0,0
0,0.17698365403142602,0,0
0,0.6830366704474395,1,1
1,0.8467875470838347,1,1
0,0.1925456914631734,0,0
1,0.8827401752929591,1,1
0,0.14388649564404285,0,0
0,0.6921384040191659,1,1
1,0.7729367141141371,1,1
1,0.283945264493763,0,0
0,0.5669205981415015,1,1
1,0.19140354335769455,0,0
1,0.9663315933211497,1,1
0,0.22582695251045087,0,0
0,0.08904354656139285,0,0
1,0.9182880905356257,1,1
0,0.12631660272892767,0,0
0,0.3648769420475036,0,0
0,0.08046426072371031,0,0
0,0.29156042434134927,0,0
0,0.836163254667912,1,1
1,0.9573720918431066,1,1
0,0.32845929671426255,0,0
0,0.6583682494606216,1,1
1,0.9395459264588256,1,1
1,0.6891676578244964,1,1
0,0.9352094584661821,1,1
0,0.6847363421701512,1,1
1,0.4174114626994853,0,0
0,0.0984584457015114,0,0
0,0.1867145279002947,0,0
1,0.8733683866617055,1,1
0,0.38362363491007134,0,0
0,0.4068404088829424,0,0
1,0.45181617064254,0,0
0,0.8853159927697902,1,1
1,0.656352701606508,1,1
0,0.5975451485645761,1,1
0,0.1498292554406207,0,0
0,0.5763263790569232,1,1
0,0.3779016351249218,0,0
1,0.9108652592928765,1,1
1,0.918030709805805,1,1
0,0.7147871841780479,1,1
0,0.49543286725046864,0,0
1,0.3663612959763712,0,0
0,0.2313670899766749,0,0
0,0.7294161210604545,1,1
1,0.7908262522284898,1,1
0,0.29078340560564514,0,0
0,0.9071744546913432,1,1
1,0.6487721111744342,1,1
1,0.5946563350979721,1,1
0,0.38094733003135234,0,0
0,0.19348654366130652,0,0
1,0.687306096909727,1,1
1,0.7489188689992153,1,1
0,0.12780910542488172,0,0
1,0.6322828634925245,1,1
0,0.07349828794282946,0,0
1,0.6376398681453441,1,1
0,0.1498546443580524,0,0
0,0.439671960329238,0,0
0,0.5536454236757348,1,1
0,0.24833194728378516,0,0
0,0.5269314395100893,1,1
0,0.449927344675145,0,0
1,0.119951650307139,0,0
0,0.09707745625685997,0,0
0,0.9316849040440898,1,1
0,0.27074896853751773,0,0
0,0.2924308568862788,0,0
0,0.07848357608892387,0,0
0,0.3114638070381179,0,0
0,0.7551897070469729,1,1
0,0.09789312115179306,0,0
1,0.9073680897600034,1,1
0,0.6158753139229853,1,1
1,0.13799794487055658,0,0
1,0.8573342491939383,1,1
1,0.29712136002418926,0,0
1,0.7605833886962982,1,1
0,0.3386001401841546,0,0
0,0.6182021718573127,1,1
0,0.5682320585528213,1,1
0,0.1878037881346975,0,0
1,0.12564877951309114,0,0
0,0.31344089791942265,0,0
0,0.1271436926401788,0,0
0,0.4519915424455243,0,0
1,0.7527286245713394,1,1
1,0.6595794278848183,1,1
1,0.2620601958777817,0,0
1,0.7905534493095454,1,1
1,0.8364095429657278,1,1
0,0.8005961556283947,1,1
0,0.21726782612772158,0,0
0,0.13966406365202927,0,0
0,0.508368863789255,1,1
1,0.42053337314216094,0,0
0,0.412838801898522,0,0
0,0.27624595761337367,0,0
0,0.38104992694407297,0,0
1,0.7341340781532585,1,1
0,0.7009993222236985,1,1
1,0.9308362550875299,1,1
1,0.7871577453872436,1,1
0,0.3721760959380009,0,0
0,0.45360265854287224,0,0
0,0.18361829505788252,0,0
1,0.4952904548556814,0,0
0,0.8341625975190788,1,1
0,0.0926271681982612,0,0
1,0.5135146660256018,1,1
1,0.7374133722950328,1,1
0,0.13932112337512959,0,0
1,0.4520366301494177,0,0
0,0.7267374307728404,1,1
0,0.21084709292194692,0,0
1,0.4559443832561332,0,0
1,0.39327836077252415,0,0
0,0.6016931898862418,1,1
1,0.8979219475322129,1,1
1,0.8694848054348729,1,1
1,0.740777842555435,1,1
0,0.19553179190715564,0,0
0,0.11952454404005672,0,0
1,0.17594508830652633,0,0
1,0.13938469314981558,0,0
0,0.07601043932763689,0,0
1,0.8432006283319896,1,1
0,0.4319215980002631,0,0
0,0.6520324710591676,1,1
1,0.4177764235951312,0,0
0,0.31752448122494853,0,0
0,0.08434531435261085,0,0
0,0.14766782719814775,0,0
1,0.608678511531613,1,1
0,0.47161321560308406,0,0
0,0.15793599504675193,0,0
1,0.9618947397208366,1,1
1,0.6102245520734567,1,1
0,0.23357408483706038,0,0
1,0.8458494054928758,1,1
0,0.16831610913810777,0,0
0,0.1802343642951029,0,0
0,0.8346385305009313,1,1
1,0.4945788871312958,0,0
0,0.5826350867159665,1,1
1,0.36301624749176636,0,0
1,0.7354686712768453,1,1
0,0.6101002162706443,1,1
1,0.6870632932277202,1,1
0,0.15357143506941848,0,0
0,0.14039415334653432,0,0
0,0.8844645727957073,1,1
0,0.37324073220631887,0,0
0,0.43660333294802595,0,0
1,0.922303823598665,1,1
0,0.26733925209341486,0,0
0,0.19599640278267935,0,0
0,0.12201492942390453,0,0
0,0.4758196469729771,0,0
0,0.5716580805722741,1,1
1,0.24579802950785937,0,0
0,0.16559021590165499,0,0
0,0.5648676624490795,1,1
1,0.2336433405316967,0,0
1,0.8679713999176298,1,1
0,0.5830396760093981,1,1
1,0.7443215063961741,1,1
0,0.5684788461443903,1,1
0,0.42704332958479746,0,0
0,0.7630026155250137,1,1
0,0.6498800176500462,1,1
0,0.6690167138108122,1,1
0,0.3269491139050725,0,0
1,0.6715571585379088,1,1
0,0.1933796333878838,0,0
1,0.7032996716730527,1,1
0,0.2857402674227917,0,0
0,0.12407807370157964,0,0
0,0.19545602372533666,0,0
0,0.36755638413535424,0,0
0,0.1758405349174339,0,0
0,0.4578095916491469,0,0
1,0.4540027480226118,0,0
1,0.4912323695697866,0,0
0,0.6558562299299173,1,1
0,0.35552441552075387,0,0
0,0.6406593612918808,1,1
1,0.8989652424382276,1,1
0,0.9588666228321259,1,1
0,0.7274133934214653,1,1
1,0.7352915282122009,1,1
1,0.5272360428277346,1,1
0,0.5533300191292936,1,1
1,0.6263379531289642,1,1
0,0.2573766140806952,0,0
0,0.4899323482371526,0,0
0,0.14004028184569942,0,0
0,0.2621885887698113,0,0
0,0.09065756144172483,0,0
0,0.2944491533851909,0,0
0,0.30154934293476754,0,0
0,0.325770239789925,0,0
0,0.44049337927527044,0,0
1,0.4769071738131244,0,0
0,0.4235418995047954,0,0
0,0.360303247528544,0,0
0,0.5813416594332427,1,1
0,0.7068510320656265,1,1
1,0.9187006980725893,1,1
0,0.36259783815077606,0,0
0,0.7010095013753409,1,1
0,0.39600327798126084,0,0
1,0.7639787364226264,1,1
1,0.7688390569149599,1,1
1,0.861281764496092,1,1
0,0.4910676318756009,0,0
0,0.35153915434660793,0,0
1,0.8580983402444968,1,1
0,0.13051188227178034,0,0
1,0.6845152622287735,1,1
1,0.9385682299364727,1,1
0,0.2271407491844441,0,0
1,0.6513829439506259,1,1
1,0.8803349642376331,1,1
0,0.7685861962216997,1,1
1,0.654168908533572,1,1
0,0.3091017999545677,0,0
0,0.7526739918439623,1,1
1,0.8896543645453692,1,1
0,0.5441012968812549,1,1
1,0.8428095849627398,1,1
1,0.8359814220026847,1,1
0,0.09325805477040718,0,0
0,0.2575917377823168,0,0
1,0.31605931212302935,0,0
0,0.17578776958256462,0,0
0,0.6728217546686541,1,1
1,0.3979424014875151,0,0
0,0.4301806202772429,0,0
0,0.23734607050347586,0,0
1,0.6709473068764013,1,1
0,0.2123018194748839,0,0
1,0.7820676552484622,1,1
1,0.7679814332062581,1,1
0,0.37990066991179405,0,0
0,0.1457213750259935,0,0
0,0.13393572021721492,0,0
0,0.6904497067691435,1,1
1,0.6353553806678937,1,1
0,0.6558786521944326,1,1
0,0.762105591211514,1,1
0,0.15780608530640103,0,0
0,0.11438168749628519,0,0
0,0.23398018970025544,0,0
0,0.2085178337716588,0,0
1,0.4508997910665519,0,0
0,0.07986816316536346,0,0
1,0.3790410857903628,0,0
1,0.8704598071819304,1,1
0,0.2851035405318188,0,0
1,0.5303375981962786,1,1
1,0.7560942271044636,1,1
1,0.8712830306344715,1,1
1,0.8559584601823205,1,1
0,0.6098965825957731,1,1
1,0.8140662342326745,1,1
0,0.2187238610255369,0,0
1,0.8115001946620422,1,1
0,0.2201571709660133,0,0
1,0.9099079727918598,1,1
0,0.1285278794183736,0,0
0,0.2510013042480288,0,0
0,0.3263873513069295,0,0
1,0.8978986827644964,1,1
1,0.5833238981737435,1,1
0,0.5933355892194114,1,1
0,0.1456286842998799,0,0
1,0.10693537831568084,0,0
0,0.577129829773108,1,1
0,0.08851117869483494,0,0
0,0.7905412657435137,1,1
0,0.2834386442386382,0,0
1,0.640204637164682,1,1
0,0.6055696091745694,1,1
0,0.6949757566161386,1,1
0,0.38865552556800115,0,0
1,0.45529392166470495,0,0
0,0.3081534742649077,0,0
1,0.5591042289657144,1,1
0,0.32326893549308927,0,0
0,0.38262736838513567,0,0
0,0.4746204482821345,0,0
0,0.2039000257443367,0,0
0,0.5092460454420847,1,1
0,0.13590454989048203,0,0
0,0.3595253459338922,0,0
0,0.9096423938835253,1,1
1,0.37671043584933134,0,0
1,0.7564844486862772,1,1
0,0.19021753522078835,0,0
0,0.16711816491046175,0,0
0,0.1685998407904428,0,0
1,0.3958228960727614,0,0
0,0.10153526173547958,0,0
0,0.1088758473819888,0,0
0,0.3483400780387228,0,0
1,0.8339236170693313,1,1
0,0.9075878399155795,1,1
0,0.08732216154776275,0,0
1,0.36200713935957124,0,0
0,0.83157617384246,1,1
0,0.32206096500134196,0,0
0,0.21047318978623855,0,0
1,0.6803650024737217,1,1
0,0.39696418084972535,0,0
0,0.1262298194539042,0,0
1,0.5167606013257003,1,1
0,0.8118770482876936,1,1
0,0.32223951632718206,0,0
0,0.05927412877981642,0,0
1,0.915723738469211,1,1
0,0.241031137889111,0,0
1,0.1715947770428549,0,0
0,0.21050330219663596,0,0
0,0.38550586566555667,0,0
1,0.49577754424199943,0,0
1,0.6950860749533307,1,1
0,0.407613411039251,0,0
1,0.8547910428457417,1,1
1,0.46522774705661396,0,0
0,0.1931715298705831,0,0
1,0.928309293223137,1,1
0,0.6760594187597593,1,1
0,0.3861954712595763,0,0
0,0.44486315688922234,0,0
0,0.5376541054841624,1,1
0,0.15659010115850874,0,0
1,0.7558230942881277,1,1
0,0.3591709252203359,0,0
0,0.24997631939049902,0,0
0,0.1601145181755415,0,0
0,0.0880073669859371,0,0
0,0.133401039392219,0,0
0,0.54000398616085,1,1
0,0.23624292750701292,0,0
0,0.20012891500910734,0,0
0,0.31340847691715024,0,0
0,0.3079527991723839,0,0
0,0.2374244899790679,0,0
0,0.39100869047290215,0,0
1,0.7944589896417796,1,1
0,0.11753597183620752,0,0
1,0.6791849758159598,1,1
0,0.0984830334043521,0,0
1,0.5790873358844654,1,1
1,0.8369649605537485,1,1
1,0.7998917931343722,1,1
1,0.2516954874770402,0,0
0,0.14104005806252373,0,0
0,0.5094182478644312,1,1
0,0.3872153997266394,0,0
1,0.802118482351097,1,1
0,0.8210456345146966,1,1
0,0.6792662162691125,1,1
0,0.8885304920109784,1,1
0,0.19496287857568795,0,0
1,0.22131462278176572,0,0
1,0.40713341428024835,0,0
1,0.8221864303196668,1,1
0,0.6977804609696342,1,1
0,0.8311884027491608,1,1
0,0.0743751861093164,0,0
1,0.45030021139869114,0,0
0,0.5434301250681953,1,1
1,0.6475038430609193,1,1
0,0.20246922098126713,0,0
0,0.13489513830386543,0,0
1,0.755145777877824,1,1
1,0.3748293745569505,0,0
0,0.1059933341116878,0,0
1,0.6723067309653208,1,1
0,0.10452313382486901,0,0
0,0.4488459649848117,0,0
1,0.33277947786415557,0,0
1,0.30746545209983667,0,0
1,0.5932618113025271,1,1
0,0.2278123249097069,0,0
0,0.13858881462415984,0,0
1,0.8822822394010099,1,1
0,0.19544987818440407,0,0
0,0.5187685109447984,1,1
0,0.34284051437461344,0,0
0,0.2659618527891788,0,0
0,0.40414139247772984,0,0
0,0.09621292172699772,0,0
1,0.8227634573015811,1,1
0,0.0989400666808044,0,0
1,0.7574042415503136,1,1
1,0.5874880799434897,1,1
0,0.5325828975745881,1,1
1,0.8595759614705032,1,1
1,0.9445785517876807,1,1
0,0.7527379882325653,1,1
0,0.2522206250309121,0,0
1,0.9059432785327415,1,1
0,0.28282127767687815,0,0
0,0.40760974784522935,0,0
1,0.7381137246455852,1,1
0,0.297868803193766,0,0
1,0.7765869149489922,1,1
1,0.7591729707356502,1,1
0,0.25876555970213405,0,0
1,0.8700498656002014,1,1
1,0.19791421298026496,0,0
1,0.7558361286440644,1,1
0,0.26725896229051815,0,0
1,0.6304643669900686,1,1
0,0.10143619325650553,0,0
1,0.5725354567427325,1,1
0,0.10956496868554422,0,0
1,0.7379720241363648,1,1
1,0.9515869164111713,1,1
0,0.3140462339360223,0,0
0,0.4917309469532301,0,0
0,0.5636417465133738,1,1
1,0.34403107389454607,0,0
0,0.3948813391602766,0,0
0,0.14469381042067553,0,0
0,0.6073754528879793,1,1
1,0.9317724036276931,1,1
0,0.44253456876709596,0,0
0,0.4937011706966035,0,0
1,0.8418349564301651,1,1
0,0.6370880838749933,1,1
0,0.11079120166238017,0,0
0,0.3122657326533113,0,0
1,0.9335750746531396,1,1
0,0.34399523881106425,0,0
0,0.37485168601601754,0,0
0,0.2556381283988864,0,0
0,0.699181300455943,1,1
1,0.5255025464479859,1,1
0,0.3226867547318286,0,0
0,0.4846740875734651,0,0
0,0.5445784972083748,1,1
0,0.4387900484131823,0,0
0,0.41908144098331473,0,0
0,0.48616029250458564,0,0
0,0.6046573643776467,1,1
1,0.47471420173803397,0,0
0,0.27328911558333185,0,0
1,0.3365209261236738,0,0
0,0.5484238325659101,1,1
0,0.12882592241430516,0,0
1,0.37283018822481606,0,0
1,0.9475982871576997,1,1
1,0.5268552430559538,1,1
0,0.7412636731655565,1,1
0,0.1516143023761635,0,0
1,0.9382400999694646,1,1
1,0.6605326111572775,1,1
1,0.7361225856539325,1,1
0,0.22184620092714283,0,0
1,0.4219884392465897,0,0
1,0.70782817975593,1,1
0,0.7669208431732761,1,1
0,0.29365135076081167,0,0
0,0.4730657762087497,0,0
1,0.6618787724335368,1,1
0,0.19639951803401956,0,0
0,0.224242911762789,0,0
0,0.2159142132721236,0,0
1,0.792975647803694,1,1
0,0.45281693284364044,0,0
0,0.33510995978902414,0,0
0,0.41289906665984305,0,0
1,0.8576059728289963,1,1
0,0.49832866277903415,0,0
0,0.5205167857156765,1,1
0,0.6273766262823028,1,1
1,0.6854042587349513,1,1
1,0.8886303408440586,1,1
0,0.25619579654202534,0,0
1,0.6092639828644325,1,1
0,0.05538688583306884,0,0
0,0.2524387240001295,0,0
0,0.6560015589885472,1,1
0,0.09143757320078277,0,0
1,0.7216254274605733,1,1
0,0.6434406425707162,1,1
0,0.5472519370386434,1,1
1,0.7562841823033388,1,1
0,0.7057250971147541,1,1
0,0.10533843080242214,0,0
1,0.9311314479235753,1,1
0,0.11278216271827883,0,0
1,0.9438639227400082,1,1
1,0.45495884650798146,0,0
1,0.6927827255051933,1,1
0,0.43345032228834973,0,0
0,0.39128616484939927,0,0
1,0.2588635704753083,0,0
1,0.7197608520312954,1,1
0,0.16470386045778487,0,0
0,0.6505807223259481,1,1
1,0.6205608342616448,1,1
1,0.5285126613130164,1,1
1,0.8839406629031957,1,1
1,0.560502758932721,1,1
1,0.716267581196563,1,1
0,0.2446968798404074,0,0
0,0.5132573185497359,1,1
0,0.19485776652590284,0,0
1,0.9117095326882114,1,1
0,0.1947911780734488,0,0
0,0.1699756801472985,0,0
0,0.05665268254478571,0,0
0,0.28437654235510124,0,0
1,0.7174003017759868,1,1
1,0.5804613636654589,1,1
1,0.6892249577120741,1,1
0,0.35022454538773007,0,0
0,0.7008298554627749,1,1
0,0.3196534205968699,0,0
0,0.1658829284204729,0,0
0,0.44782642974035086,0,0
0,0.3651347543031409,0,0
1,0.8781556319026517,1,1
1,0.8041298127322806,1,1
1,0.8297978729321808,1,1
0,0.3485722706325439,0,0
1,0.5832425506398558,1,1
0,0.24726045808321592,0,0
1,0.8669316959617198,1,1
1,0.23986764250844195,0,0
0,0.21903523977573813,0,0
0,0.7438632134180632,1,1
1,0.8921857352089252,1,1
0,0.23595528448223368,0,0
1,0.3725781951639512,0,0
1,0.8761150716581709,1,1
0,0.18218611808904997,0,0
0,0.6558509582911569,1,1
0,0.502277908467742,1,1
1,0.6371806466256601,1,1
0,0.2520026258056229,0,0
0,0.13161618299652694,0,0
0,0.4734099638229224,0,0
0,0.05135133896151987,0,0
0,0.38901741614930346,0,0
0,0.6234391589635312,1,1
0,0.07853375485405692,0,0
1,0.2075866561694847,0,0
1,0.7804715894390197,1,1
0,0.24654870730438597,0,0
0,0.23088961707720376,0,0
1,0.6931190471617018,1,1
1,0.6201441166293696,1,1
0,0.8901377396915906,1,1
0,0.4073245804402844,0,0
0,0.2332558863952711,0,0
0,0.408670671031259,0,0
0,0.6389410269221951,1,1
1,0.6998927260988007,1,1
0,0.09042636313298615,0,0
0,0.2224300115799031,0,0
1,0.9114437405500313,1,1
0,0.571708238258898,1,1
0,0.6243322864000288,1,1
0,0.7870408066029501,1,1
1,0.8811124474351287,1,1
1,0.9336640522752324,1,1
0,0.42531089606087114,0,0
0,0.9299582154008531,1,1
0,0.5560872937047134,1,1
0,0.7279051538976776,1,1
0,0.1788461666168811,0,0
0,0.6463298612700399,1,1
0,0.2002109830694581,0,0
1,0.6050315074398032,1,1
1,0.4671957319540336,0,0
0,0.2895032629414755,0,0
0,0.45909667728957204,0,0
1,0.904705757800574,1,1
0,0.09364819758316709,0,0
1,0.42771882864668,0,0
0,0.5099431707635501,1,1
0,0.22812214479046147,0,0
1,0.68258073542946,1,1
1,0.8539756839241202,1,1
1,0.9030141568881213,1,1
0,0.13206700870138835,0,0
0,0.8228827877122005,1,1
0,0.24587157463065212,0,0
1,0.47342739114872506,0,0
0,0.23000312057477376,0,0
0,0.22240670238397325,0,0
0,0.4046077198947675,0,0
1,0.867675609011621,1,1
1,0.6557647737892445,1,1
1,0.9064354785797567,1,1
0,0.37197709311810834,0,0
0,0.08935291919482545,0,0
0,0.11837561343583672,0,0
1,0.1366296347027881,0,0
1,0.43947334451951275,0,0
0,0.30284065523518977,0,0
0,0.07784726489145098,0,0
0,0.08898411405495751,0,0
0,0.08612377863105274,0,0
1,0.8129054328948248,1,1
1,0.8629847276266599,1,1
0,0.15465838678630406,0,0
0,0.24511619829524234,0,0
1,0.8905514827045049,1,1
0,0.6039897334818798,1,1
1,0.8460126406948715,1,1
0,0.27405953578818804,0,0
0,0.23766095442908,0,0
0,0.2090736113021597,0,0
0,0.42877847964324395,0,0
1,0.7802646159470701,1,1
0,0.43573692687274995,0,0
0,0.716452927354161,1,1
1,0.48241789000644136,0,0
0,0.15048392550742837,0,0
1,0.5965143540567328,1,1
1,0.13960442363122608,0,0
1,0.7208862715744642,1,1
0,0.0973386657750413,0,0
0,0.3195174560721982,0,0
0,0.367781068295697,0,0
0,0.09517445616002042,0,0
0,0.25802552271603274,0,0
1,0.8708758004728213,1,1
0,0.49065083274535226,0,0
1,0.5431223786270085,1,1
1,0.610194013432378,1,1
1,0.5907107843670845,1,1
0,0.3127192941943202,0,0
1,0.09290053590502516,0,0
1,0.8892949454261915,1,1
0,0.5486087348276476,1,1
1,0.7903638943508724,1,1
0,0.31457337628451526,0,0
1,0.49195960845535064,0,0
0,0.14272205357072146,0,0
1,0.7123416788454565,1,1
1,0.8764023632453193,1,1
0,0.4500216867714871,0,0
1,0.5624234117457468,1,1
0,0.0922772029356971,0,0
0,0.24487183472932544,0,0
0,0.9088107703192112,1,1
0,0.8624871464419018,1,1
0,0.6722757451118951,1,1
0,0.4004364695495474,0,0
0,0.31831527355137557,0,0
0,0.13816556434927188,0,0
0,0.46076331345293825,0,0
0,0.18455742362912245,0,0
0,0.11683486277104357,0,0
1,0.6024918473320395,1,1
0,0.1924225410987681,0,0
1,0.8425979845940574,1,1
0,0.2928155679257154,0,0
0,0.5138276621662425,1,1
0,0.19857256171896512,0,0
0,0.363960524282919,0,0
1,0.15257890964614104,0,0
0,0.2399661313527672,0,0
0,0.14038850231632752,0,0
0,0.8475868723872506,1,1
0,0.5886096076703589,1,1
0,0.5474129704943074,1,1
0,0.5589558442053677,1,1
0,0.6898189561052582,1,1
0,0.14161914158287645,0,0
0,0.30064129129348083,0,0
0,0.3223192574145883,0,0
1,0.7616867350719309,1,1
0,0.2568326615563451,0,0
0,0.4758086331078723,0,0
1,0.5638580082477336,1,1
0,0.35358420908855764,0,0
0,0.3042499993276843,0,0
0,0.584556304875918,1,1
1,0.8696180715192462,1,1
0,0.4698096113507543,0,0
0,0.29355910326880774,0,0
0,0.37185217204853316,0,0
0,0.18159251205708593,0,0
1,0.22568092394322012,0,0
0,0.18720934761540367,0,0
0,0.8297329647474526,1,1
0,0.18753353175721385,0,0
1,0.9064047781335604,1,1
1,0.9110235198352246,1,1
1,0.6859706703252474,1,1
0,0.3649875631055442,0,0
0,0.11134253491256858,0,0
0,0.3797074046706029,0,0
0,0.10516299837821245,0,0
0,0.1878138520603743,0,0
1,0.9098565531121655,1,1
0,0.04118465165973728,0,0
0,0.22616435580920513,0,0
0,0.6778746247446106,1,1
1,0.5676342845162956,1,1
0,0.7480652559211134,1,1
1,0.8081779754510218,1,1
0,0.5329154115777456,1,1
1,0.6923957129767032,1,1
0,0.5236444667256104,1,1
0,0.8488233519727306,1,1
0,0.20454947880043273,0,0
1,0.1252365159136828,0,0
1,0.7656713142688114,1,1
0,0.3080494941362745,0,0
1,0.858848729728491,1,1
0,0.12397510188444821,0,0
1,0.880242692634548,1,1
1,0.5694784533868106,1,1
1,0.6859822078313007,1,1
0,0.16640487105769447,0,0
1,0.3221696134621117,0,0
1,0.8988699497174448,1,1
0,0.2613712601902767,0,0
1,0.8443826506877805,1,1
1,0.13258182527532475,0,0
1,0.7315741207141708,1,1
0,0.2525517330181077,0,0
0,0.2997594693590201,0,0
0,0.3590395404026079,0,0
1,0.2878282058799833,0,0
0,0.9615947803298469,1,1
0,0.5094230600559115,1,1
0,0.7535135083576658,1,1
0,0.09917680282513253,0,0
0,0.763960122703564,1,1
0,0.4834016229373995,0,0
1,0.7226685493795459,1,1
0,0.15978805442189772,0,0
1,0.7130348996343331,1,1
0,0.15109540155124374,0,0
0,0.66913254658562,1,1
1,0.23907098601162238,0,0
1,0.6579317359431788,1,1
1,0.6881747593356933,1,1
0,0.26003389779157454,0,0
1,0.2512960805202401,0,0
0,0.2357254684795964,0,0
1,0.6597453754362497,1,1
0,0.5266274079115281,1,1
0,0.22301041841472674,0,0
0,0.10463230150010541,0,0
1,0.7610129167985042,1,1
1,0.7370164426224901,1,1
0,0.43215141509345084,0,0
0,0.09060247173160048,0,0
1,0.9143252430646468,1,1
0,0.07664560443599948,0,0
1,0.728390989575887,1,1
1,0.7930844279752836,1,1
1,0.8746210322614363,1,1
0,0.044040197490564065,0,0
1,0.7985227579619606,1,1
1,0.18128038699187804,0,0
1,0.5262773865030471,1,1
0,0.2966692243969515,0,0
0,0.44123093634807264,0,0
0,0.09242936600004138,0,0
1,0.567370021772542,1,1
1,0.3178852262796147,0,0
1,0.6061851340010384,1,1
1,0.6035100714050214,1,1
1,0.7122499234531344,1,1
1,0.7711892305447487,1,1
0,0.08209289334846855,0,0
0,0.49161976513515976,0,0
0,0.12384862324257058,0,0
1,0.822877536202734,1,1
0,0.7050785373594249,1,1
0,0.318491304750214,0,0
1,0.37227135242164827,0,0
1,0.35911602956933086,0,0
0,0.12517611820004532,0,0
1,0.7743487518581929,1,1
0,0.10489223984059226,0,0
0,0.4615440542280447,0,0
1,0.7171792855025427,1,1
0,0.18104461230904464,0,0
0,0.11911811006496845,0,0
1,0.7555397478360264,1,1
1,0.7399229839212341,1,1
1,0.8040774994443238,1,1
1,0.5987400084987919,1,1
0,0.8065462358059795,1,1
0,0.6786659238574981,1,1
0,0.6505024457323234,1,1
1,0.8216266107393845,1,1
0,0.3065346495819446,0,0
0,0.5263355518813138,1,1
0,0.161553795273744,0,0
1,0.5514320520285863,1,1
0,0.4927110350039734,0,0
0,0.4337255201487076,0,0
0,0.7472358129253108,1,1
0,0.6681772214562495,1,1
0,0.4562603118549219,0,0
0,0.20602154775094186,0,0
1,0.1919939534804933,0,0
1,0.260183526116427,0,0
1,0.6267579603419556,1,1
0,0.493708627885983,0,0
0,0.9291216427640105,1,1
0,0.3018573078830526,0,0
1,0.9044521444146036,1,1
0,0.5735694854759786,1,1
1,0.7144707721987184,1,1
0,0.38440127346259834,0,0
0,0.7501819197802967,1,1
0,0.8440062225555856,1,1
0,0.6059320356152598,1,1
0,0.34069044582054736,0,0
1,0.5972627583723009,1,1
0,0.06754414590037397,0,0
0,0.09771967515545846,0,0
1,0.8543850630552264,1,1
0,0.1782863125184511,0,0
1,0.7132271437825796,1,1
1,0.8900975249738314,1,1
1,0.38550918772752857,0,0
0,0.3267920662019133,0,0
0,0.7747622409723833,1,1
0,0.8441749479446016,1,1
1,0.8023952539977185,1,1
0,0.876997059361009,1,1
1,0.8442229085319435,1,1
0,0.28250806991431543,0,0
0,0.09828655686067653,0,0
1,0.839655209416105,1,1
0,0.36700348685536915,0,0
1,0.3265311631622595,0,0
0,0.1554703897461425,0,0
1,0.7548447781115705,1,1
0,0.9194696209178093,1,1
0,0.18621360672188836,0,0
1,0.9698118664369739,1,1
1,0.8727521621487407,1,1
1,0.9390242185995022,1,1
1,0.6952365134783458,1,1
1,0.8676414835722883,1,1
1,0.8214738899571656,1,1
1,0.5030092867251466,1,1
0,0.7042165849107607,1,1
0,0.5935883682139773,1,1
0,0.25904641788574007,0,0
0,0.08531814065164013,0,0
0,0.2951822841812608,0,0
0,0.5707450329970389,1,1
1,0.7180360915837913,1,1
1,0.44385792908696714,0,0
1,0.906025940964991,1,1
0,0.5535699741486314,1,1
0,0.17419513983580526,0,0
0,0.1796129673936145,0,0
0,0.20431987218018582,0,0
1,0.6776017077782014,1,1
0,0.10500966092250373,0,0
1,0.4638123487569016,0,0
0,0.4044951172461856,0,0
1,0.7208648439214254,1,1
0,0.22111026369957784,0,0
0,0.1426181778172504,0,0
0,0.32055758842864207,0,0
1,0.5080981778570646,1,1
1,0.5194996417484007,1,1
0,0.3360397378473616,0,0
0,0.44450038871066644,0,0
0,0.4332178334204378,0,0
1,0.5964105996627265,1,1
1,0.7626068894574495,1,1
0,0.32037199188620574,0,0
0,0.36215493477764393,0,0
0,0.8355415767873757,1,1
1,0.8896434061378277,1,1
1,0.8400278089987275,1,1
0,0.7509151458417174,1,1
0,0.07783673867493703,0,0
1,0.6169044837174315,1,1
0,0.5359393948735275,1,1
0,0.47430325291232833,0,0
0,0.515981875779604,1,1
0,0.2163400742924301,0,0
0,0.15716521215867038,0,0
0,0.15477320087916063,0,0
1,0.7940302136155643,1,1
0,0.8686688172456755,1,1
1,0.8553096228206604,1,1
0,0.14474377649144568,0,0
0,0.5276585250119705,1,1
1,0.9111603085359699,1,1
0,0.7152152119066109,1,1
0,0.306241511554559,0,0
1,0.9207138834950468,1,1
0,0.10724376024692021,0,0
0,0.11898079413357278,0,0
1,0.6862373389538103,1,1
1,0.9087528054041094,1,1
0,0.3260907049401716,0,0
0,0.17904954528869832,0,0
1,0.5105217536605969,1,1
1,0.9229261825370644,1,1
1,0.9132078456776794,1,1
0,0.5819658760609078,1,1
0,0.7221362554870298,1,1
1,0.38427614358735995,0,0
0,0.9362331120350255,1,1
1,0.7724628206185087,1,1
0,0.5827498025032901,1,1
0,0.5649877393303687,1,1
1,0.7410540223899922,1,1
1,0.7849024282683301,1,1
0,0.37201380945510626,0,0
1,0.9175682522269111,1,1
1,0.8873260173579139,1,1
1,0.7746756347360529,1,1
1,0.8523086178810027,1,1
0,0.1832414739633754,0,0
1,0.312515126378315,0,0
1,0.8661457605738525,1,1
0,0.2517782322742214,0,0
0,0.24982110759839685,0,0
1,0.8815386048318437,1,1
1,0.6941545195386519,1,1
1,0.44737167482990653,0,0
0,0.42314184641078006,0,0
0,0.185128045426243,0,0
0,0.8316397366458853,1,1
1,0.8880105677670126,1,1
0,0.31161366904737964,0,0
0,0.10269262564118244,0,0
1,0.7244440801512363,1,1
0,0.48798136349361554,0,0
1,0.7225935458640841,1,1
1,0.6056847613436633,1,1
1,0.5533651177887658,1,1
0,0.48503769224807797,0,0
1,0.6705308252041269,1,1
0,0.31195020806812235,0,0
0,0.1656114880780484,0,0
1,0.8261821822066164,1,1
0,0.25537987020452035,0,0
0,0.2008004836134847,0,0
1,0.6149469307253663,1,1
1,0.7709545816584247,1,1
1,0.8608444760419315,1,1
0,0.6020394639411978,1,1
0,0.6898776411025902,1,1
1,0.6996400793160003,1,1
0,0.5015510039027836,1,1
0,0.31765034428567523,0,0
0,0.1075210049360609,0,0
1,0.847914785597927,1,1
1,0.8678983788524866,1,1
1,0.6560944066304809,1,1
1,0.0963458685471813,0,0
1,0.5128544525643368,1,1
0,0.717642850861227,1,1
1,0.8244362209957781,1,1
0,0.17868683023420667,0,0
1,0.8752190920171837,1,1
0,0.080020888564956,0,0
0,0.10077474607722002,0,0
0,0.4682856439791853,0,0
1,0.3455853707098595,0,0
1,0.6523298803513329,1,1
0,0.4089039340332434,0,0
0,0.6476988056164861,1,1
0,0.4413425338648212,0,0
0,0.24407691185236294,0,0
0,0.9324275065384731,1,1
0,0.28101757700178026,0,0
1,0.6990399628004528,1,1
0,0.10921579020343342,0,0
0,0.2235531796208549,0,0
1,0.9598073515163889,1,1
0,0.7003399377946553,1,1
1,0.8106183397729223,1,1
1,0.7728212729663538,1,1
0,0.6310279285524092,1,1
1,0.7945248180738226,1,1
1,0.7062934820894881,1,1
1,0.831664830168804,1,1
0,0.5899086712544086,1,1
0,0.4277875822318716,0,0
0,0.49758468061043265,0,0
0,0.3910868194685577,0,0
0,0.22071238130405527,0,0
0,0.05256805259515781,0,0
1,0.8439241014321532,1,1
1,0.8780317899778912,1,1
0,0.3067758640341725,0,0
0,0.3319916035499501,0,0
0,0.18701736675432162,0,0
1,0.9079794550359435,1,1
0,0.2534855314867568,0,0
1,0.08058182505625339,0,0
1,0.8961603884258074,1,1
0,0.8702914974513917,1,1
1,0.7800374998531825,1,1
0,0.529563087808154,1,1
0,0.14254863381658278,0,0
0,0.21070738740438,0,0
0,0.38327781123878646,0,0
1,0.08602313756019228,0,0
1,0.8786661348098931,1,1
0,0.21804561592201013,0,0
1,0.4328720892921626,0,0
0,0.23138674024936162,0,0
0,0.2191089329823144,0,0
0,0.25881597600865563,0,0
0,0.5696930900066989,1,1
0,0.07123243481112952,0,0
0,0.9142306276991903,1,1
0,0.4070416861170209,0,0
1,0.4168952640611321,0,0
0,0.22804131348558107,0,0
0,0.278793555176362,0,0
1,0.22136267872811652,0,0
0,0.7147467573269964,1,1
1,0.9473742314900706,1,1
0,0.4143785065623933,0,0
1,0.9358890497700578,1,1
0,0.23806409258660546,0,0
0,0.5871703981781065,1,1
1,0.7302457825364195,1,1
1,0.7828617540917997,1,1
1,0.3324639124929845,0,0
0,0.5812816296024443,1,1
0,0.7210419977463188,1,1
1,0.9575482560341998,1,1
0,0.42298060520650343,0,0
0,0.24055642406323818,0,0
0,0.15723793007238696,0,0
0,0.3184584006461461,0,0
1,0.32249985992068675,0,0
0,0.8909593058718991,1,1
0,0.206061212010822,0,0
1,0.8828570857063125,1,1
0,0.4398108375007976,0,0
0,0.5473064343788994,1,1
0,0.3053074204682127,0,0
1,0.8030599287174723,1,1
0,0.2718549997292414,0,0
0,0.2539613828116176,0,0
0,0.73481618556448,1,1
0,0.09000317115528941,0,0
1,0.7326950069461743,1,1
0,0.7654123570063415,1,1
0,0.14768217210784534,0,0
1,0.8541541590664943,1,1
0,0.14807568203917126,0,0
0,0.5301917753346856,1,1
0,0.4465107940990056,0,0
0,0.48293963654128125,0,0
0,0.44914191020648986,0,0
1,0.8580239007712056,1,1
0,0.6186702391247844,1,1
1,0.33954687211617496,0,0
0,0.443248099333617,0,0
0,0.1889822688269076,0,0
1,0.12532244810262014,0,0
0,0.6647008631932496,1,1
0,0.1433890570317314,0,0
0,0.32983421360071186,0,0
0,0.6055094691578179,1,1
0,0.877791627492335,1,1
1,0.8480888342604004,1,1
0,0.07999981338627794,0,0
0,0.07540463552238699,0,0
0,0.12631090210302626,0,0
1,0.8258276092595667,1,1
0,0.3693422001464355,0,0
1,0.4883477253667822,0,0
0,0.5263482227286932,1,1
1,0.828400756024696,1,1
0,0.31985131382351917,0,0
0,0.20547779438391606,0,0
1,0.4814414101615767,0,0
0,0.2509452055360493,0,0
1,0.5123987295931002,1,1
0,0.3045048158893616,0,0
1,0.5904987627522996,1,1
1,0.8043868026149719,1,1
1,0.7218706301908909,1,1
1,0.9109414281002047,1,1
1,0.7209785838588465,1,1
0,0.5786871688430099,1,1
1,0.8813703026724411,1,1
0,0.09910462695760401,0,0
0,0.4113895766369685,0,0
1,0.7536087962788937,1,1
0,0.053093185784254364,0,0
0,0.7721008588271193,1,1
1,0.760179643772868,1,1
1,0.8340639043594618,1,1
0,0.1663367323427838,0,0
1,0.6654201421022764,1,1
0,0.4984692561236186,0,0
0,0.34486903952653614,0,0
0,0.8312965664043758,1,1
1,0.2579918431930191,0,0
0,0.22680866324981208,0,0
1,0.8249449319371934,1,1
1,0.7714206550692588,1,1
0,0.7875078721876136,1,1
0,0.7021139252789251,1,1
0,0.48609724065659354,0,0
0,0.746507432421048,1,1
1,0.6545104902491614,1,1
0,0.30734986597369995,0,0
0,0.4760750616134114,0,0
0,0.16018958626837898,0,0
0,0.7253822997955689,1,1
1,0.7230127348964845,1,1
0,0.1444485788011881,0,0
0,0.5556244669682939,1,1
0,0.5932320286821192,1,1
1,0.4705621443392685,0,0
0,0.662437654594101,1,1
1,0.4692496952562836,0,0
0,0.7388242030260264,1,1
1,0.6250347099523648,1,1
1,0.7299046256459324,1,1
1,0.89741391639992,1,1
1,0.8424139148685826,1,1
0,0.1486527474835577,0,0
1,0.856351374278345,1,1
0,0.8154459201782455,1,1
0,0.254893045468731,0,0
1,0.6852922102148051,1,1
1,0.5386189641003079,1,1
0,0.21684790651012942,0,0
1,0.19285753449293744,0,0
1,0.7154560879560787,1,1
1,0.4219976618403173,0,0
0,0.5523480845001075,1,1
0,0.27879310731540213,0,0
0,0.3101955152125537,0,0
0,0.8272168749300625,1,1
0,0.7756748342191496,1,1
0,0.21540223643744635,0,0
1,0.6776279124075568,1,1
0,0.6414546534962189,1,1
0,0.3481774135240116,0,0
1,0.8701376024810562,1,1
0,0.25019427996934784,0,0
1,0.8654902672070526,1,1
1,0.7693960588631181,1,1
0,0.055167656663144646,0,0
0,0.22408820048466319,0,0
1,0.9159608621755548,1,1
0,0.6255338259601623,1,1
0,0.20700476724310837,0,0
0,0.1677409642909398,0,0
1,0.357730532842453,0,0
0,0.08546767978402693,0,0
1,0.7175221825745548,1,1
0,0.400603164344689,0,0
1,0.8100141006078938,1,1
0,0.5074704098498123,1,1
0,0.495478503104533,0,0
1,0.7479806787090797,1,1
0,0.34633507921833273,0,0
1,0.7115745695799309,1,1
0,0.6468957738175529,1,1
1,0.9081184671837496,1,1
0,0.6384443662578396,1,1
0,0.09495597777281864,0,0
0,0.8541477919453587,1,1
0,0.2042321528261427,0,0
0,0.3329326589158339,0,0
0,0.6072659592071085,1,1
1,0.6176473808230947,1,1
0,0.18887954251078434,0,0
0,0.4058458603974519,0,0
1,0.5224250035845941,1,1
0,0.37306599404626534,0,0
0,0.09631532581461749,0,0
0,0.6610773358147495,1,1
1,0.18346501984025568,0,0
0,0.22866521788369482,0,0
0,0.5232876287624121,1,1
0,0.22640145166774658,0,0
1,0.9105549759783595,1,1
1,0.4467621287008915,0,0
1,0.4751651543049801,0,0
0,0.3760583561186927,0,0
0,0.2691121091671201,0,0
0,0.117823210723922,0,0
1,0.15067562727325487,0,0
0,0.3641842707605775,0,0
1,0.5992861551055412,1,1
1,0.8354079681178396,1,1
0,0.8731200667344173,1,1
0,0.20104388207610088,0,0
0,0.3339648466477396,0,0
1,0.6611339285765326,1,1
0,0.11105613403662304,0,0
0,0.7676859207453364,1,1
0,0.5685020925783525,1,1
0,0.3504897792615514,0,0
1,0.6469312361714775,1,1
0,0.3400511266010732,0,0
1,0.6347712593613196,1,1
0,0.19932457752312893,0,0
0,0.1927217173300736,0,0
0,0.5198341507113933,1,1
0,0.3187994504970723,0,0
0,0.21905733078670314,0,0
0,0.3483076689196842,0,0
0,0.8529206402827694,1,1
1,0.8171946598560919,1,1
0,0.455106940165856,0,0
1,0.7199925796879616,1,1
0,0.055248902713464686,0,0
0,0.6940673397221798,1,1
0,0.7343884102286318,1,1
1,0.7137676177385467,1,1
0,0.8199958493936663,1,1
0,0.1325907508276557,0,0
1,0.8677015288970363,1,1
0,0.11641321894891782,0,0
0,0.9038302642831085,1,1
1,0.578921547012675,1,1
0,0.21414610560691405,0,0
0,0.6171567989415256,1,1
0,0.5796693764757237,1,1
0,0.12526849564295464,0,0
1,0.7694123197978863,1,1
0,0.13182149572608914,0,0
0,0.4639103353141238,0,0
0,0.2354505184750722,0,0
0,0.139544476249826,0,0
0,0.6200077847855652,1,1
0,0.5217684503574481,1,1
0,0.4806121807470524,0,0
0,0.039528222377931715,0,0
1,0.9123233801110132,1,1
1,0.7547409416499433,1,1
1,0.5833128612822922,1,1
0,0.4401445903314185,0,0
1,0.8699620877689181,1,1
1,0.4342249205471911,0,0
0,0.20209724544795457,0,0
0,0.5071887459461096,1,1
1,0.16931515034049963,0,0
1,0.632010979593751,1,1
0,0.12363431244142829,0,0
0,0.783468979379506,1,1
1,0.8359877888201565,1,1
1,0.5191478757484006,1,1
1,0.695629080554539,1,1
0,0.23831502256031284,0,0
0,0.4657593222771693,0,0
1,0.955433960695163,1,1
0,0.3738357220282244,0,0
0,0.8497813920835172,1,1
0,0.48923132317574075,0,0
0,0.19096611497147684,0,0
0,0.43689303083575487,0,0
0,0.5785699286026648,1,1
0,0.3724581162118602,0,0
1,0.8556934854708877,1,1
0,0.16717002315708365,0,0
0,0.6197822504049068,1,1
1,0.7291269761214889,1,1
0,0.41251333283702507,0,0
0,0.6903193742629444,1,1
0,0.14899295946703967,0,0
0,0.1284561924452249,0,0
0,0.5284257060012127,1,1
0,0.12912778540338746,0,0
0,0.23405967486657228,0,0
1,0.7973880226030596,1,1
0,0.35801248914534184,0,0
0,0.2552299731587548,0,0
0,0.6475744335340061,1,1
0,0.5041519584175771,1,1
1,0.7518047998320764,1,1
0,0.4907693036561763,0,0
0,0.26789483096707195,0,0
0,0.5163977181264566,1,1
0,0.6619367428186098,1,1
1,0.8434904008540542,1,1
0,0.637041764982849,1,1
0,0.2542738746894258,0,0
0,0.7076364985646921,1,1
1,0.6199883417990014,1,1
1,0.6637546846307315,1,1
0,0.9258082177572977,1,1
0,0.5878758230029637,1,1
1,0.6187896860961873,1,1
1,0.8225793195125308,1,1
0,0.15842235819172742,0,0
1,0.9429902708093233,1,1
0,0.16735918016103668,0,0
1,0.36583414668178776,0,0
0,0.1274805635863852,0,0
0,0.4529566172549799,0,0
0,0.07196583356601524,0,0
1,0.6377467464021789,1,1
0,0.3194102281806584,0,0
0,0.7179887823295723,1,1
1,0.6246938499540734,1,1
0,0.15005060337221685,0,0
0,0.29194738032131035,0,0
1,0.7375922755325919,1,1
0,0.6020027275163908,1,1
0,0.2647027067538819,0,0
1,0.7931628026471662,1,1
0,0.22799699919007055,0,0
0,0.29732104153916206,0,0
1,0.7830399676961357,1,1
0,0.28372925500080404,0,0
0,0.21181115454820312,0,0
0,0.14737644378489018,0,0
1,0.42389119708429696,0,0
0,0.25611842130572937,0,0
0,0.23757343152965213,0,0
1,0.3254632393289964,0,0
1,0.6716742458800228,1,1
1,0.1299627596770967,0,0
0,0.8173096744001416,1,1
0,0.20897491531014303,0,0
1,0.4786264812333173,0,0
0,0.4850457858130257,0,0
1,0.7706053120056059,1,1
0,0.4588276698124892,0,0
0,0.2904749786663027,0,0
0,0.2671934109623492,0,0
0,0.2816653796530927,0,0
0,0.5506837772877095,1,1
0,0.28700433815691995,0,0
0,0.7496498850133639,1,1
1,0.518007096177979,1,1
0,0.36461025917065876,0,0
0,0.14454987906465677,0,0
1,0.2741686595594399,0,0
1,0.7305393438150272,1,1
1,0.8629487587131788,1,1
0,0.30342374139896267,0,0
0,0.5842510310545866,1,1
1,0.9118949566961827,1,1
1,0.6567500799363857,1,1
0,0.2501558054353959,0,0
0,0.76213087344443,1,1
0,0.2644677174493208,0,0
0,0.23349703410792047,0,0
0,0.38662013597480505,0,0
0,0.1062307665348705,0,0
0,0.5867915266221011,1,1
0,0.49728331504378837,0,0
1,0.530772273378222,1,1
1,0.6479723841354843,1,1
1,0.7859608761629553,1,1
1,0.9437250625324488,1,1
1,0.4105264233987508,0,0
0,0.9119826471293254,1,1
0,0.15261237335329303,0,0
0,0.37344338900575375,0,0
1,0.7702592876040261,1,1
1,0.6532345735007417,1,1
1,0.8088914051890499,1,1
0,0.30006095613386374,0,0
0,0.10463403233442857,0,0
1,0.4228728482167726,0,0
0,0.5752334242315646,1,1
0,0.38847752869764113,0,0
1,0.8412018720018751,1,1
1,0.837730479407604,1,1
0,0.6140037930541455,1,1
1,0.874658580245773,1,1
0,0.2476357519874334,0,0
1,0.3301580999201716,0,0
0,0.579463277003271,1,1
1,0.8655406085387979,1,1
0,0.5880309581623282,1,1
1,0.573431103681568,1,1
0,0.5705824258041668,1,1
0,0.5541842726210909,1,1
0,0.25019718899103227,0,0
0,0.40321754503358415,0,0
0,0.18276524125932642,0,0
0,0.14183099746237326,0,0
0,0.6887466038528063,1,1
0,0.3709907273628888,0,0
0,0.13008226463068145,0,0
0,0.09499033448940858,0,0
1,0.5843595184484257,1,1
1,0.7818822385774736,1,1
0,0.313767910035564,0,0
0,0.5134180825186744,1,1
0,0.13617393357200305,0,0
0,0.15865551281071888,0,0
1,0.9591057258889026,1,1
1,0.4470271899312274,0,0
0,0.48033292801427574,0,0
1,0.914541742853107,1,1
1,0.9493646088016511,1,1
1,0.745623583412789,1,1
0,0.1290723519491654,0,0
1,0.7723925934256174,1,1
0,0.49762746322571905,0,0
0,0.4097408541042648,0,0
0,0.7704928980929782,1,1
0,0.6268102656301059,1,1
0,0.6453735500662198,1,1
0,0.38524743762876,0,0
1,0.6379056415706923,1,1
1,0.7425824671593577,1,1
0,0.06248432776016448,0,0
1,0.6652186126229211,1,1
0,0.3585698964342322,0,0
0,0.10539963546144873,0,0
0,0.1777476282897447,0,0
1,0.8179707490871021,1,1
0,0.20115440313335553,0,0
0,0.033502390068523825,0,0
1,0.7675472633551988,1,1
0,0.12602901535518218,0,0
0,0.5629121670029301,1,1
0,0.14841368378626846,0,0
0,0.13636276287640597,0,0
0,0.47975598615299136,0,0
0,0.39242155580541016,0,0
0,0.7522147325883085,1,1
0,0.2817217209361137,0,0
0,0.1445415773661475,0,0
0,0.300968496257489,0,0
0,0.4419141784525765,0,0
0,0.15340048797252254,0,0
1,0.8400725784114366,1,1
0,0.7247762534324177,1,1
0,0.41721006229414925,0,0
1,0.8501166515152606,1,1
0,0.30602172998549965,0,0
1,0.7876267171628883,1,1
0,0.2303683593349171,0,0
0,0.40758995023272615,0,0
0,0.231878557995126,0,0
1,0.47797817903879397,0,0
0,0.9164860116624282,1,1
0,0.3879813487690676,0,0
0,0.24193542665517578,0,0
0,0.13809398100070594,0,0
0,0.7211409346751729,1,1
0,0.21962738818349528,0,0
1,0.6315680963281287,1,1
1,0.2907662668022538,0,0
0,0.7010802369992107,1,1
0,0.7363461998706673,1,1
0,0.5204357739489199,1,1
0,0.613726522357788,1,1
0,0.18182152534405796,0,0
1,0.7304418933858065,1,1
1,0.7164935648680832,1,1
1,0.7928210256138849,1,1
0,0.36873119196457,0,0
0,0.23313031400242393,0,0
1,0.5648860238954853,1,1
0,0.33608703912686233,0,0
0,0.4777063496522028,0,0
1,0.8120741422590524,1,1
0,0.7163004962963276,1,1
0,0.11048701132698786,0,0
0,0.6750319792132189,1,1
0,0.4238271751770188,0,0
1,0.21752596999859666,0,0
1,0.6973588710888374,1,1
0,0.8312126769936822,1,1
0,0.3769903320713473,0,0
0,0.1445013393751976,0,0
1,0.284048520689741,0,0
1,0.15153758847544435,0,0
0,0.37543937295498836,0,0
1,0.9532095421618829,1,1
0,0.33703240238169224,0,0
0,0.26518839069936984,0,0
0,0.8355304349176628,1,1
1,0.7638063944356237,1,1
1,0.8538146453049977,1,1
0,0.24223527341824222,0,0
0,0.15001334969068103,0,0
0,0.2111885629953142,0,0
0,0.4149662994524642,0,0
1,0.8921616403076214,1,1
1,0.5070072047210952,1,1
0,0.35401321969415195,0,0
1,0.701802557982741,1,1
0,0.18085144991378607,0,0
0,0.19541391175023948,0,0
1,0.8234747203480662,1,1
1,0.6609082439732906,1,1
0,0.12692475157458233,0,0
1,0.6267957693849846,1,1
0,0.23271735960625417,0,0
0,0.565609015793772,1,1
1,0.1833991575103495,0,0
1,0.7857721340187459,1,1
0,0.1564996163396889,0,0
0,0.3468440366563344,0,0
0,0.5070991433155086,1,1
0,0.13483221888591193,0,0
0,0.16814993706786135,0,0
0,0.6994533492243743,1,1
0,0.23586057640381985,0,0
0,0.4621831174613205,0,0
0,0.10087982568235838,0,0
0,0.4885452054130059,0,0
0,0.8962651996132048,1,1
1,0.18301523216199125,0,0
1,0.4689072944491906,0,0
0,0.4167547574735399,0,0
1,0.947020913292435,1,1
1,0.762288089081624,1,1
0,0.09599552408073796,0,0
0,0.24071974566090373,0,0
1,0.7912670295960785,1,1
0,0.8418699030996406,1,1
1,0.6577469133873389,1,1
1,0.273868358455184,0,0
0,0.6136805102150126,1,1
0,0.2964737316900431,0,0
0,0.89166320232464,1,1
0,0.4533637219154876,0,0
1,0.9209319589374755,1,1
0,0.24078322831732055,0,0
0,0.18101205736703663,0,0
1,0.3483595630838905,0,0
0,0.45191855828822586,0,0
0,0.1276124855199828,0,0
1,0.8953431427505029,1,1
1,0.8372533065186125,1,1
0,0.5193998235925167,1,1
1,0.9109186194830041,1,1
0,0.21858113118829947,0,0
0,0.10210641222023072,0,0
1,0.9624176206553803,1,1
1,0.46248743726856734,0,0
0,0.2030284205886231,0,0
0,0.19767900727394372,0,0
0,0.42642680733324195,0,0
0,0.6825066968143236,1,1
1,0.9030331500988678,1,1
0,0.5340445627074354,1,1
0,0.21072486808505594,0,0
0,0.32333515743822433,0,0
0,0.23734154660637624,0,0
1,0.6390633288839981,1,1
0,0.5906343826165941,1,1
0,0.3335500605042113,0,0
0,0.39176134469309803,0,0
0,0.32322861584195883,0,0
1,0.828604222204292,1,1
0,0.13133395008421045,0,0
1,0.8269760352430501,1,1
1,0.8893001609970207,1,1
0,0.7892373719325176,1,1
1,0.20843222526597238,0,0
0,0.1892581134049937,0,0
0,0.12870803359350844,0,0
1,0.8441293527047953,1,1
0,0.49062479411709536,0,0
0,0.19951934783703817,0,0
0,0.15612691299882794,0,0
1,0.7333807163114326,1,1
1,0.556038382974009,1,1
0,0.16386189965646278,0,0
0,0.20884419998812231,0,0
0,0.28729573911471395,0,0
1,0.6776647581969917,1,1
1,0.1883870347747147,0,0
0,0.1388564203773358,0,0
0,0.6744261650541312,1,1
0,0.33800560689550024,0,0
0,0.26850288286047064,0,0
1,0.9791277376856391,1,1
0,0.36749203406601916,0,0
0,0.04022527709868536,0,0
0,0.7060919789438533,1,1
0,0.10573647608785411,0,0
0,0.7354445938315912,1,1
0,0.19705280636455202,0,0
1,0.8739900463058219,1,1
1,0.9264123836675834,1,1
0,0.10478275087005892,0,0
1,0.4319141764903378,0,0
1,0.44876846055058467,0,0
0,0.17354771364285324,0,0
0,0.27390898665744706,0,0
1,0.6676385998134654,1,1
0,0.9007575440731073,1,1
1,0.6987340842161844,1,1
0,0.5819536197259185,1,1
0,0.4856317850792564,0,0
0,0.5393352263839272,1,1
1,0.8036289585630114,1,1
1,0.8783848401763796,1,1
0,0.1346575582481106,0,0
0,0.1677343038221868,0,0
1,0.5611273263536292,1,1
0,0.15914409871188664,0,0
0,0.32462638039252456,0,0
1,0.540554746199566,1,1
0,0.09019295570927457,0,0
1,0.5765223962536511,1,1
1,0.8598352645066165,1,1
1,0.42382224549734776,0,0
1,0.32455081515252737,0,0
0,0.6940824751713806,1,1
1,0.42719539915779514,0,0
0,0.839407929447387,1,1
0,0.9350005897715182,1,1
0,0.25126573250080014,0,0
0,0.5687082400154785,1,1
1,0.1526707877726514,0,0
1,0.4997437809809622,0,0
0,0.34516561863285916,0,0
0,0.5741580945516935,1,1
0,0.11631740106870694,0,0
0,0.5833040226781594,1,1
0,0.09156436070025895,0,0
0,0.19891721906571724,0,0
0,0.04597983399588937,0,0
0,0.32912999984078284,0,0
0,0.10641275576636616,0,0
0,0.22067289937435527,0,0
1,0.8969030072111144,1,1
1,0.6043599731686018,1,1
1,0.7074327404071505,1,1
1,0.7308473709108436,1,1
1,0.25585979667989805,0,0
0,0.7579997068254927,1,1
0,0.667032892094029,1,1
0,0.1551804297163853,0,0
1,0.8965944603775121,1,1
0,0.6033945579751229,1,1
0,0.04627362502083412,0,0
0,0.27643548386870187,0,0
0,0.1423374118926141,0,0
1,0.8941077711139778,1,1
0,0.47039786807714074,0,0
0,0.3132584183827231,0,0
1,0.8980712084705194,1,1
0,0.11631163927694588,0,0
0,0.4143047476347306,0,0
0,0.36412417198886693,0,0
0,0.18126256969933732,0,0
1,0.7728547239501304,1,1
1,0.80638260779743,1,1
0,0.4953900571209443,0,0
0,0.4690825199780575,0,0
0,0.5606361720950273,1,1
1,0.588820092760422,1,1
0,0.5818728129790317,1,1
1,0.9190396720370964,1,1
1,0.7243251917922072,1,1
1,0.4350652962954185,0,0
0,0.5621208696654167,1,1
1,0.8648920559874684,1,1
1,0.8585310695247335,1,1
0,0.5251941852456383,1,1
1,0.5127631849937622,1,1
0,0.3611308963722283,0,0
0,0.22029445566096953,0,0
0,0.4683507047989544,0,0
0,0.4641977001231486,0,0
0,0.4218974862620164,0,0
0,0.22966302062448996,0,0
0,0.20141138946475934,0,0
0,0.1872189817881545,0,0
0,0.47415772111995463,0,0
0,0.35067549343289767,0,0
0,0.2713610332593972,0,0
1,0.487832714767076,0,0
1,0.6391511878196278,1,1
0,0.9442963548253145,1,1
0,0.6281064208632111,1,1
1,0.14535654391528943,0,0
1,0.889338395523212,1,1
1,0.9049787388807748,1,1
0,0.5088160212180988,1,1
1,0.8088292558668555,1,1
1,0.4999145036229686,0,0
1,0.8498456466597522,1,1
0,0.5324411216389752,1,1
1,0.48593875827287236,0,0
0,0.5522212650129453,1,1
1,0.6465472844918556,1,1
0,0.34598521407607247,0,0
0,0.32740811238186235,0,0
0,0.14268045589734227,0,0
0,0.8340123632382047,1,1
0,0.47066211852851214,0,0
1,0.22653831619651918,0,0
1,0.5902891298950912,1,1
1,0.8153426525439825,1,1
0,0.7199217568116778,1,1
0,0.8010198751359312,1,1
0,0.17724091844308085,0,0
1,0.9169872450513276,1,1
0,0.3053018781849824,0,0
1,0.9184494413644909,1,1
1,0.8815205603851272,1,1
0,0.439088691118319,0,0
0,0.06243303161491986,0,0
1,0.8556828638337869,1,1
0,0.3282141939917529,0,0
1,0.7947043918520599,1,1
1,0.8941888194918819,1,1
0,0.11117451634560754,0,0
1,0.693945741091078,1,1
0,0.48112147645410364,0,0
1,0.6395728592709147,1,1
0,0.36017131377496936,0,0
0,0.15881794011997566,0,0
0,0.33996107524878233,0,0
1,0.8705038484919502,1,1
1,0.9656926453591942,1,1
0,0.8323962574471853,1,1
0,0.7441346677487951,1,1
0,0.2975658400205269,0,0
1,0.3274924403407743,0,0
0,0.15394054580211722,0,0
0,0.16998437254997142,0,0
0,0.6410086092948437,1,1
1,0.4549103456911424,0,0
1,0.7780696528386942,1,1
0,0.2457853091652757,0,0
0,0.3007233353094018,0,0
1,0.7342190863044986,1,1
1,0.4580062328576918,0,0
0,0.33614539835113644,0,0
1,0.8626102092303776,1,1
0,0.8243687746845034,1,1
0,0.6056615492054589,1,1
0,0.0758802412227077,0,0
1,0.6587908917313366,1,1
0,0.9478830658162153,1,1
0,0.16226231197490518,0,0
0,0.23864372371010992,0,0
0,0.33335338200551623,0,0
0,0.4881034701785079,0,0
1,0.4147161510287509,0,0
1,0.9473507489841347,1,1
1,0.8731499880107232,1,1
0,0.18742576246460213,0,0
0,0.2157165585013332,0,0
1,0.878714911773671,1,1
0,0.37769948655970875,0,0
1,0.40314434891844986,0,0
0,0.16983718749246,0,0
1,0.8704439399465996,1,1
0,0.39056029688128696,0,0
0,0.09828565069194133,0,0
0,0.15679200281278496,0,0
1,0.5968418235458596,1,1
0,0.2102866442375418,0,0
0,0.13759542855677803,0,0
1,0.6263937293650577,1,1
0,0.7891797598691352,1,1
1,0.8766584314488849,1,1
1,0.40434260108071224,0,0
1,0.7772916257595475,1,1
0,0.17891928937065854,0,0
1,0.7625097077011577,1,1
1,0.5002087172492085,1,1
0,0.31589199085764513,0,0
1,0.7477563154024643,1,1
0,0.1318471790398564,0,0
0,0.07452273681048764,0,0
0,0.12922769477139828,0,0
1,0.6969844710451838,1,1
1,0.39215785710217727,0,0
1,0.8732170622751699,1,1
0,0.12259491742328844,0,0
1,0.7562001921340642,1,1
0,0.05090204391840425,0,0
0,0.08306637444470381,0,0
0,0.8785277542431997,1,1
0,0.21698813783835844,0,0
0,0.21051553411847387,0,0
1,0.6705105887163864,1,1
0,0.8927070158265713,1,1
0,0.6236890424996707,1,1
0,0.24937495705550616,0,0
0,0.7757572351273514,1,1
0,0.5602312989275656,1,1
0,0.09480766359839138,0,0
1,0.6018621189899936,1,1
0,0.060453169866207884,0,0
0,0.489045843889234,0,0
1,0.8206005238332875,1,1
0,0.11450768239995715,0,0
0,0.5419040874839781,1,1
0,0.5567939402800597,1,1
1,0.8744569173465827,1,1
0,0.5073856770481028,1,1
0,0.09744493760339783,0,0
0,0.27476820515405714,0,0
0,0.08960390190752526,0,0
1,0.9327896980191822,1,1
1,0.7799444530993996,1,1
0,0.4975987721136682,0,0
0,0.20764275616293296,0,0
1,0.6521333023983426,1,1
1,0.6340140424145579,1,1
1,0.6589564430956173,1,1
0,0.6049397254457438,1,1
1,0.8839837075276513,1,1
0,0.2334008874300059,0,0
0,0.06322844094318252,0,0
1,0.31662558875439617,0,0
1,0.7274149802356003,1,1
0,0.6323408646033014,1,1
0,0.4581242312766659,0,0
0,0.1719441339953708,0,0
1,0.4857440189637903,0,0
0,0.8183285453582595,1,1
0,0.4050842379286404,0,0
0,0.2598301481469413,0,0
0,0.6367714446581746,1,1
0,0.8508960138457939,1,1
0,0.06854266323180794,0,0
1,0.9435372219589132,1,1
0,0.5860824022533826,1,1
1,0.8504143596497904,1,1
0,0.4376471816903998,0,0
0,0.43479152858924,0,0
1,0.8301482627373957,1,1
1,0.7090461579144505,1,1
1,0.17663486345563498,0,0
1,0.650323096724521,1,1
0,0.11021780980314089,0,0
0,0.3951823362786,0,0
1,0.563448838819318,1,1
1,0.7187228939903648,1,1
0,0.7088449288998936,1,1
1,0.6925050310724913,1,1
0,0.9007805464877785,1,1
1,0.12769928118849444,0,0
1,0.4272314242300086,0,0
0,0.061561095235362046,0,0
1,0.6672682470393982,1,1
0,0.33247185846985533,0,0
0,0.4123801308684189,0,0
1,0.9526280127615673,1,1
0,0.13592011500046794,0,0
0,0.25935482397968207,0,0
1,0.8341571806655518,1,1
1,0.6960384664764242,1,1
0,0.11354358357649924,0,0
0,0.0628288883270858,0,0
0,0.7348460563761715,1,1
0,0.30340534166282745,0,0
1,0.9584599922746004,1,1
0,0.31680339636548255,0,0
0,0.07324934044893217,0,0
0,0.09338326652331064,0,0
0,0.3795812267605466,0,0
0,0.11550265263367208,0,0
1,0.6543140849285451,1,1
1,0.5120296734119066,1,1
0,0.38894661002931435,0,0
0,0.09341696384433675,0,0
0,0.2827784085251863,0,0
0,0.7915666477466878,1,1
1,0.5357412339788097,1,1
1,0.6168526937536308,1,1
0,0.11934010809974308,0,0
0,0.2763341051213753,0,0
1,0.2809930812263832,0,0
1,0.960105939989625,1,1
1,0.523520384551992,1,1
0,0.5465315990509952,1,1
1,0.8150634288513072,1,1
1,0.5358809022393711,1,1
0,0.07897451611943719,0,0
1,0.8356828073320268,1,1
0,0.22771005491096225,0,0
0,0.0688732905998036,0,0
0,0.12121307202278266,0,0
0,0.06490233686767934,0,0
0,0.7891489014312705,1,1
0,0.3675880023863831,0,0
0,0.3980416172311053,0,0
1,0.7264290654847266,1,1
0,0.5165255277468396,1,1
1,0.9075219721257481,1,1
0,0.31465899645784046,0,0
1,0.5098545244726659,1,1
1,0.5029761812581311,1,1
0,0.6922428964045036,1,1
0,0.2852822220416816,0,0
0,0.3251602088104225,0,0
0,0.3005157113503537,0,0
1,0.4201223883337923,0,0
1,0.12503341215077454,0,0
1,0.8352494149556043,1,1
0,0.13176366005504966,0,0
0,0.25003112095340463,0,0
1,0.5518835723442805,1,1
1,0.7244174087849999,1,1
1,0.09740352973075819,0,0
1,0.4830126359504034,0,0
0,0.7290242561102172,1,1
0,0.438971527629605,0,0
1,0.44587033616056393,0,0
1,0.1311685412104859,0,0
0,0.3701681050156888,0,0
0,0.18351020469838414,0,0
1,0.5890255719313247,1,1
1,0.6836047531178955,1,1
1,0.836003448076591,1,1
0,0.08196944217374154,0,0
0,0.1324231492278238,0,0
1,0.7497715815987449,1,1
1,0.7840016925538507,1,1
0,0.7043105330258305,1,1
1,0.8447640378419891,1,1
1,0.34582556401158215,0,0
0,0.3647130481920428,0,0
0,0.04428574238217261,0,0
0,0.6352566429731769,1,1
0,0.5526479399656093,1,1
0,0.10356830625679508,0,0
0,0.6337892377932863,1,1
0,0.9009202188642998,1,1
0,0.6746621158334302,1,1
1,0.7515125322917674,1,1
0,0.3606383838250861,0,0
0,0.39070539634960777,0,0
1,0.6622991325309907,1,1
1,0.6388814060051793,1,1
1,0.14353417831170395,0,0
1,0.4932645315710643,0,0
1,0.6774899988477859,1,1
1,0.7757301707245116,1,1
0,0.37648592348821613,0,0
0,0.8592061521288094,1,1
1,0.6272655135652871,1,1
1,0.7318142037397334,1,1
0,0.43055318382954944,0,0
0,0.13546371306481825,0,0
0,0.904040954143232,1,1
1,0.49846995656927634,0,0
0,0.6504098294034799,1,1
0,0.3280970336257256,0,0
0,0.4871113761645212,0,0
1,0.9053293416065239,1,1
1,0.7138606992005758,1,1
0,0.07980132372392285,0,0
1,0.8399004059618331,1,1
0,0.11338766906555013,0,0
1,0.8767231005558529,1,1
1,0.8046271013287482,1,1
1,0.7491706892396197,1,1
0,0.42237850311467506,0,0
0,0.35761566179508525,0,0
0,0.3043053063975832,0,0
0,0.468616998331421,0,0
0,0.338993608855239,0,0
0,0.2987615254959545,0,0
1,0.5368861201404264,1,1
0,0.10046142859900833,0,0
1,0.9252323626254784,1,1
1,0.6127549842123515,1,1
0,0.08367668301285208,0,0
0,0.24208206738687343,0,0
0,0.4970192020393485,0,0
0,0.12701079659069256,0,0
0,0.24540097366659613,0,0
0,0.08753956357352934,0,0
1,0.8581749902954091,1,1
0,0.515190218719215,1,1
1,0.7729109123744807,1,1
0,0.6861627132451129,1,1
1,0.9507131105042756,1,1
0,0.524730992153385,1,1
0,0.6739437747321115,1,1
0,0.1322974382445266,0,0
0,0.33222061571905076,0,0
0,0.7028506000000073,1,1
0,0.4418779506196794,0,0
0,0.8235314338779547,1,1
1,0.8975087165300665,1,1
1,0.6621888756296123,1,1
1,0.8007682055638857,1,1
0,0.8371878558413466,1,1
0,0.28526876282959385,0,0
0,0.5572644076182254,1,1
0,0.367305166078615,0,0
0,0.22616188416839927,0,0
1,0.8223040352731713,1,1
1,0.5888897305414442,1,1
1,0.8443156218448141,1,1
0,0.26077608088418847,0,0
1,0.7125328256750776,1,1
1,0.833525498585082,1,1
0,0.5628997396431992,1,1
1,0.7665129232670076,1,1
0,0.1415479572752055,0,0
0,0.2546111029792619,0,0
1,0.36235109490421935,0,0
1,0.843283540259694,1,1
0,0.14124412512115156,0,0
1,0.16879533018025705,0,0
0,0.34356426854263256,0,0
0,0.5694150289026144,1,1
0,0.3588885810235747,0,0
0,0.5337725608895377,1,1
0,0.1155672678543979,0,0
0,0.3637279140586688,0,0
1,0.6929642075153742,1,1
0,0.5547228561368799,1,1
0,0.2757741811765141,0,0
0,0.14556508397483311,0,0
0,0.3153333874627354,0,0
1,0.8457724392798552,1,1
1,0.7927555773061049,1,1
0,0.07256345921819729,0,0
0,0.7535607918106635,1,1
1,0.9082371620447864,1,1
1,0.9396545600157951,1,1
1,0.8102561568332165,1,1
1,0.15366498414563748,0,0
0,0.8115427290002182,1,1
0,0.4010572907455937,0,0
1,0.5595377756867568,1,1
0,0.6496079661439442,1,1
0,0.13569107557155913,0,0
0,0.1456425325005533,0,0
1,0.6209144208375977,1,1
0,0.21911124056351483,0,0
0,0.42968341729988574,0,0
0,0.7306878555270954,1,1
1,0.20967276643777566,0,0
1,0.8764221118374683,1,1
0,0.13395462347947285,0,0
0,0.4145985574713806,0,0
0,0.16311118779087405,0,0
1,0.4079279028981057,0,0
1,0.15500560384565884,0,0
0,0.5730033321121183,1,1
1,0.7455905546592639,1,1
0,0.1284561924452249,0,0
0,0.1263192066613355,0,0
1,0.7123999447658993,1,1
1,0.21967183079736993,0,0
0,0.24745956950552594,0,0
0,0.1974336617227643,0,0
1,0.8782150964617731,1,1
0,0.550081246732165,1,1
0,0.5059525704466251,1,1
0,0.29446837935767045,0,0
0,0.22634464184344713,0,0
0,0.5412254334156787,1,1
0,0.5674821957808996,1,1
0,0.2475587867768653,0,0
1,0.4860596956374993,0,0
0,0.10637591090366849,0,0
1,0.7363486053431586,1,1
0,0.09771967515545846,0,0
0,0.16826069000314575,0,0
1,0.8751718993314151,1,1
0,0.35953007188895514,0,0
0,0.343281218701462,0,0
0,0.4625830679371554,0,0
1,0.5625398326070545,1,1
1,0.7334893020703719,1,1
1,0.6507685508733861,1,1
0,0.765742979984133,1,1
0,0.11496155551334286,0,0
1,0.9044931536745036,1,1
0,0.24890708005022,0,0
0,0.23409177948794826,0,0
1,0.8162477236071966,1,1
0,0.5325456302746211,1,1
0,0.7246969803821851,1,1
0,0.17865719134531421,0,0
0,0.7762863116292577,1,1
1,0.6645148402580908,1,1
0,0.36216648345507824,0,0
0,0.8639030002514017,1,1
0,0.7122521727584256,1,1
1,0.9058533733715115,1,1
1,0.5145420015924944,1,1
0,0.3881165071247364,0,0
1,0.5815570958423857,1,1
0,0.7508257258458968,1,1
1,0.8407700035324419,1,1
0,0.40424416100433014,0,0
1,0.5879249719584865,1,1
0,0.927995442893667,1,1
0,0.3704057524995349,0,0
0,0.21389608391726145,0,0
0,0.2547578659710711,0,0
0,0.747086701002756,1,1
0,0.375598378295322,0,0
1,0.8556088479650736,1,1
1,0.7457074987724557,1,1
1,0.8768957242000642,1,1
0,0.13695797817287717,0,0
0,0.6253208276334525,1,1
1,0.6345901487310568,1,1
0,0.2701562242955288,0,0
0,0.6502769484576189,1,1
0,0.8025440467277556,1,1
1,0.87934962751039,1,1
0,0.5533484035415445,1,1
1,0.6948724571051726,1,1
0,0.28776115583128486,0,0
0,0.6074958681078365,1,1
1,0.7916665057364474,1,1
0,0.435540240041287,0,0
0,0.3831157263889461,0,0
0,0.1501171160318053,0,0
0,0.3986100684263637,0,0
0,0.49932409559103497,0,0
0,0.07435032201337191,0,0
1,0.784284257405524,1,1
1,0.5118174051446619,1,1
0,0.34132188852961426,0,0
0,0.5415638087490323,1,1
0,0.30019953685669426,0,0
0,0.4305412167512575,0,0
0,0.31322143439766964,0,0
0,0.818052055291583,1,1
0,0.2562501737592937,0,0
0,0.6204938802054646,1,1
0,0.23552851404978897,0,0
1,0.44884329385824384,0,0
0,0.2478107480369477,0,0
1,0.8440926109961938,1,1
0,0.5432087097996424,1,1
0,0.576775353572814,1,1
1,0.45991615639673655,0,0
0,0.2833180498546313,0,0
0,0.11193588515761935,0,0
0,0.12824625193892647,0,0
1,0.6059976765021418,1,1
0,0.3328216243618888,0,0
0,0.36263967448036394,0,0
1,0.28508178725546296,0,0
0,0.7722331280555976,1,1
0,0.6146904372110478,1,1
0,0.08487209564946287,0,0
1,0.6375661942167536,1,1
1,0.5459822964738671,1,1
0,0.37593163459732204,0,0
0,0.24226932481633132,0,0
0,0.6513061417837738,1,1
0,0.35589945048199606,0,0
1,0.5398204780053213,1,1
1,0.3732434315360639,0,0
0,0.5517293719884827,1,1
0,0.29237023485155755,0,0
0,0.6638568511642027,1,1
1,0.3983833525327637,0,0
0,0.27037811155572267,0,0
0,0.5610926293657288,1,1
0,0.30022789347566836,0,0
0,0.07854792354751698,0,0
1,0.8106133501760131,1,1
1,0.8097861778650516,1,1
0,0.7724325642096108,1,1
1,0.4665844422767212,0,0
0,0.717881683156954,1,1
0,0.07681282064888535,0,0
0,0.7625357293710964,1,1
1,0.5124131555991371,1,1
0,0.7072721142511696,1,1
1,0.8399712110373775,1,1
0,0.5378979882047811,1,1
0,0.07172947043198213,0,0
1,0.7111921557227341,1,1
1,0.30231407053135945,0,0
1,0.7203875336475902,1,1
0,0.0836912779241107,0,0
0,0.7376557106911982,1,1
1,0.7107964260165331,1,1
0,0.18242605152872893,0,0
1,0.7134790334561504,1,1
0,0.8444516963771136,1,1
0,0.8710198276304423,1,1
0,0.5153209216974167,1,1
0,0.3163871087351868,0,0
1,0.8476779128692518,1,1
0,0.2534949511964774,0,0
1,0.6485720732941381,1,1
0,0.20473243820254472,0,0
1,0.8247507106649519,1,1
0,0.15244678906151,0,0
0,0.5922824932114142,1,1
1,0.9266873187168138,1,1
1,0.887996559446488,1,1
1,0.41836626817244327,0,0
0,0.40656451180716074,0,0
0,0.6829371256228068,1,1
0,0.07559417203619472,0,0
0,0.24559773329463902,0,0
0,0.32816853613412006,0,0
0,0.31340298535071004,0,0
0,0.357088838702736,0,0
0,0.2965920916911775,0,0
0,0.1668447280828678,0,0
0,0.3687815313957809,0,0
0,0.3382317523869258,0,0
0,0.47283829017642515,0,0
1,0.785908920236844,1,1
0,0.917668875813587,1,1
0,0.5395022335569442,1,1
0,0.10029685159602701,0,0
1,0.5050887795827689,1,1
1,0.9006736364168544,1,1
1,0.640576862485483,1,1
1,0.794428039238273,1,1
1,0.8935868220981897,1,1
0,0.05115700077847146,0,0
0,0.18055755652042493,0,0
0,0.2035524350829122,0,0
0,0.2174222645798077,0,0
1,0.9053088660184321,1,1
0,0.1163420192469663,0,0
0,0.4829774497103508,0,0
0,0.2692177065142977,0,0
1,0.8352766697408566,1,1
1,0.8015702447213101,1,1
0,0.4312625215612291,0,0
1,0.4526728225127719,0,0
0,0.0967364973351946,0,0
0,0.3208288750964403,0,0
0,0.5490086290066334,1,1
0,0.2509809691176559,0,0
1,0.16010376361613773,0,0
0,0.38654186515475536,0,0
1,0.5572144467529584,1,1
1,0.4281150658971748,0,0
0,0.7541893079212723,1,1
1,0.6174831179148174,1,1
0,0.3354132995824574,0,0
0,0.3312654722374643,0,0
0,0.1569554668220486,0,0
1,0.18387634531743832,0,0
0,0.38560046458347547,0,0
1,0.807673020219653,1,1
1,0.7863787076856609,1,1
0,0.7479006336811003,1,1
1,0.5987031074896744,1,1
0,0.38164453057914033,0,0
1,0.6444477075749034,1,1
1,0.6493769500542469,1,1
0,0.47517662005239897,0,0
1,0.7893227977814791,1,1
0,0.16281191280499244,0,0
0,0.7759662497274983,1,1
0,0.3584483845233373,0,0
0,0.45244780839578996,0,0
0,0.4385516056647165,0,0
0,0.3440464705010795,0,0
0,0.2751318335868687,0,0
1,0.8746407329437123,1,1
0,0.9450538790677635,1,1
0,0.20165541969422357,0,0
0,0.418801495777194,0,0
1,0.6069622578366491,1,1
0,0.5099247518462464,1,1
0,0.6688672049753002,1,1
1,0.33662432756465743,0,0
0,0.3900491786189323,0,0
0,0.16171610759499355,0,0
1,0.7194760166269905,1,1
0,0.10881916379037702,0,0
0,0.7260374973915327,1,1
1,0.7258299287699921,1,1
0,0.37537880332862367,0,0
1,0.4293540493765924,0,0
0,0.637392914060822,1,1
0,0.20489898535275755,0,0
0,0.47259184680108957,0,0
1,0.5922797235491438,1,1
1,0.8119047650248532,1,1
0,0.7424011757943229,1,1
0,0.4963935126176658,0,0
1,0.9292426292402527,1,1
0,0.5880064930390363,1,1
1,0.7662507455841473,1,1
0,0.36334925417782016,0,0
1,0.843932114412417,1,1
0,0.15517918962123867,0,0
1,0.806490650955452,1,1
1,0.6116717754841533,1,1
0,0.4342331391065082,0,0
1,0.3305620612084851,0,0
0,0.566699819058779,1,1
0,0.2729656166694744,0,0
0,0.20623171249520825,0,0
0,0.06740956035246613,0,0
0,0.24996834279103688,0,0
0,0.15666963482382948,0,0
0,0.06075863579695705,0,0
0,0.627061387005263,1,1
1,0.7355256743521738,1,1
0,0.8447512839854445,1,1
0,0.5079009305173497,1,1
0,0.08428876629900316,0,0
0,0.5034769039132715,1,1
1,0.859782566035698,1,1
0,0.5229519667352516,1,1
0,0.3430432226591345,0,0
0,0.22777067711105395,0,0
1,0.8896645464940514,1,1
0,0.560984899885654,1,1
1,0.6887005530748093,1,1
1,0.9800529136847101,1,1
1,0.6107159638789966,1,1
0,0.08494406721142571,0,0
0,0.34686120334463855,0,0
1,0.32827079657361996,0,0
0,0.11150659909762947,0,0
0,0.11121950640728509,0,0
1,0.8462421649744777,1,1
1,0.7061310018946608,1,1
0,0.27776668451181136,0,0
0,0.4278411785566973,0,0
0,0.5010568276199171,1,1
1,0.8146625393677165,1,1
1,0.8767145657721994,1,1
1,0.8747964099744046,1,1
0,0.4607326898353055,0,0
0,0.5584005562991661,1,1
1,0.8339084284828738,1,1
0,0.1408315456028331,0,0
0,0.23921502823682347,0,0
0,0.2584479649429898,0,0
0,0.04451164388201548,0,0
0,0.6907748125285985,1,1
1,0.8794116224787187,1,1
1,0.3844601577916909,0,0
0,0.4660877716321672,0,0
0,0.11840055106802713,0,0
1,0.2745031517428027,0,0
1,0.887778805382084,1,1
0,0.4342411846790651,0,0
0,0.4785352019755534,0,0
0,0.2438048056431429,0,0
0,0.5367950581381786,1,1
1,0.29290279493140087,0,0
0,0.2284685875700672,0,0
0,0.41448808706002377,0,0
0,0.5300493667354416,1,1
0,0.42409944276479916,0,0
1,0.7293250471015781,1,1
1,0.8127639900801447,1,1
0,0.19638318305800356,0,0
1,0.8163953317537732,1,1
1,0.8732966014747956,1,1
0,0.11395044995267543,0,0
1,0.8685051799725091,1,1
0,0.16992723346331645,0,0
1,0.682451144878628,1,1
0,0.31911476970636254,0,0
0,0.8584519607512254,1,1
1,0.7620701538054774,1,1
0,0.41352569238077486,0,0
1,0.9464333990124929,1,1
0,0.3771229886036521,0,0
0,0.23670776983860978,0,0
0,0.37819672146037525,0,0
0,0.15276828378266802,0,0
0,0.8319653523226759,1,1
1,0.7674181607917386,1,1
0,0.7590258328767608,1,1
0,0.25339910264818793,0,0
0,0.3786397165214407,0,0
0,0.36704305800000175,0,0
0,0.3802640184999452,0,0
0,0.803593648519001,1,1
0,0.3776361844453731,0,0
1,0.8589836165028503,1,1
0,0.5260904267288816,1,1
0,0.5457953635684015,1,1
0,0.21895409005703115,0,0
0,0.6621119392725754,1,1
1,0.7203115166629138,1,1
0,0.10622172482484804,0,0
0,0.12106474994902419,0,0
1,0.43855705369268444,0,0
0,0.4411374773208945,0,0
0,0.7912648607232233,1,1
0,0.2238351282841652,0,0
0,0.2541090004677593,0,0
1,0.9368703089876111,1,1
0,0.17324551134428268,0,0
0,0.47246094762622787,0,0
1,0.7218503731223639,1,1
0,0.11093140690043651,0,0
0,0.19837438197606688,0,0
1,0.7625214457823682,1,1
1,0.4727331709616744,0,0
1,0.5634378366567284,1,1
0,0.27135786458477223,0,0
0,0.46562459790319377,0,0
0,0.7073306510113413,1,1
1,0.7368031206772419,1,1
0,0.14612779712797344,0,0
0,0.2807716828428119,0,0
0,0.16594217440526005,0,0
0,0.10564789920046815,0,0
0,0.5851037646712932,1,1
0,0.3980222383873006,0,0
1,0.8491138824590024,1,1
0,0.4582325542550651,0,0
0,0.16985404542240368,0,0
1,0.5436360915152896,1,1
0,0.6170812228273371,1,1
1,0.4338023966351288,0,0
0,0.48846308294512414,0,0
0,0.609987204757157,1,1
0,0.47886874541968916,0,0
0,0.765915568667246,1,1
0,0.45354962592332687,0,0
1,0.856089597204719,1,1
0,0.27121409233626925,0,0
1,0.40503665846534154,0,0
0,0.4481885355026359,0,0
0,0.48941089291962153,0,0
1,0.26974477074093656,0,0
1,0.9041105060565128,1,1
0,0.13055445655872555,0,0
0,0.7751512259812947,1,1
0,0.10986257581589105,0,0
1,0.8082616601013157,1,1
0,0.2185594319941832,0,0
0,0.7452781615063713,1,1
1,0.5784947171079095,1,1
1,0.7156066843910138,1,1
1,0.17119366837232664,0,0
1,0.7522113617700925,1,1
1,0.9285173157363953,1,1
0,0.7652205530942763,1,1
0,0.33283936093798056,0,0
0,0.4170597591359053,0,0
0,0.42650563562950544,0,0
0,0.08481505962240074,0,0
1,0.5274313147795314,1,1
1,0.6425525780496985,1,1
0,0.38484537727039253,0,0
1,0.8263922435529496,1,1
0,0.10890817431805087,0,0
0,0.43066789945759737,0,0
1,0.930639310964009,1,1
1,0.11495660577318591,0,0
0,0.54028826413422,1,1
0,0.4995273813643725,0,0
1,0.663800341778345,1,1
0,0.5419207229141381,1,1
0,0.42169271886242315,0,0
0,0.27126246994637004,0,0
0,0.59159810572272,1,1
0,0.9394198131941496,1,1
0,0.07960994902398094,0,0
0,0.12435801241687701,0,0
1,0.41341361695801904,0,0
1,0.6480560175804109,1,1
1,0.8675857510975471,1,1
0,0.538610783135687,1,1
0,0.7782518216207984,1,1
0,0.1864744110357849,0,0
0,0.17961357845255474,0,0
1,0.8407241731586286,1,1
0,0.33089971300570264,0,0
0,0.4131129989000082,0,0
1,0.8759251371774119,1,1
0,0.4255108417308572,0,0
1,0.528156886613061,1,1
0,0.22604574912139525,0,0
0,0.6509184838257127,1,1
0,0.6104297760475572,1,1
0,0.9115195461135579,1,1
1,0.4404462512777578,0,0
0,0.12977712169438566,0,0
0,0.31727682874035307,0,0
0,0.48096265342582367,0,0
1,0.27462696045699575,0,0
0,0.54898083726574,1,1
0,0.43095675116461124,0,0
0,0.7103814764706333,1,1
0,0.18846501637041746,0,0
0,0.7100696940317498,1,1
1,0.6262001894368943,1,1
0,0.3907782405728779,0,0
1,0.658511976950116,1,1
1,0.8691500803797847,1,1
0,0.11794344770696964,0,0
0,0.4949320011131069,0,0
0,0.8400099465309849,1,1
0,0.3645006621947841,0,0
0,0.890247682896715,1,1
0,0.4681168765202776,0,0
1,0.7913877674406758,1,1
0,0.16450034404337022,0,0
0,0.42532030748497957,0,0
0,0.6490438324765195,1,1
0,0.6550351892899199,1,1
0,0.14404585739866402,0,0
0,0.8018860396218229,1,1
1,0.300400790997249,0,0
0,0.5509216974612997,1,1
0,0.13424702449311396,0,0
1,0.6189735484237116,1,1
1,0.6447404668992839,1,1
1,0.4822206854791575,0,0
0,0.4729276323119304,0,0
0,0.23623551374946725,0,0
0,0.4819680589437382,0,0
1,0.7817620205566133,1,1
0,0.634275656991148,1,1
0,0.8263621412110794,1,1
0,0.14651541872163748,0,0
0,0.1985185187822575,0,0
0,0.45788273960827536,0,0
1,0.8970096353514714,1,1
0,0.10326555895260243,0,0
1,0.311459639224122,0,0
0,0.5139294205335697,1,1
0,0.4699169118422698,0,0
0,0.33112426119890054,0,0
0,0.1713605530997148,0,0
0,0.5623348349128112,1,1
0,0.32806057298245084,0,0
0,0.178177974856108,0,0
0,0.08685515959739092,0,0
1,0.8658081983986118,1,1
0,0.4908554074610905,0,0
0,0.5321630775787752,1,1
0,0.42866316200237115,0,0
0,0.5290705297322356,1,1
1,0.8756232036721422,1,1
0,0.40155641780117624,0,0
0,0.8561943882727348,1,1
1,0.8838651523807122,1,1
0,0.8830494139145343,1,1
0,0.27563407051241573,0,0
0,0.22364080090144145,0,0
0,0.32424253452494367,0,0
0,0.7523855841465301,1,1
0,0.6676249928279611,1,1
1,0.8593066426532369,1,1
1,0.9583634678143238,1,1
0,0.26897515273618666,0,0
1,0.12734314281082534,0,0
0,0.4292088897325443,0,0
0,0.13437727917637712,0,0
0,0.7048626274663558,1,1
0,0.6891009829476921,1,1
1,0.47002058112948875,0,0
0,0.08626978804325583,0,0
1,0.8147486653447218,1,1
0,0.17617645357639813,0,0
0,0.8206463397663033,1,1
1,0.3259010650662716,0,0
0,0.3625236720332012,0,0
0,0.4159110864840329,0,0
0,0.2675966835378662,0,0
0,0.12871419274123988,0,0
1,0.807445300952103,1,1
0,0.774089575357675,1,1
0,0.2707036247742978,0,0
0,0.6061988371820062,1,1
0,0.9159397958358697,1,1
1,0.9067589211379239,1,1
1,0.6602924087068031,1,1
0,0.9279256823940102,1,1
1,0.6239482688047578,1,1
1,0.785437887604,1,1
0,0.23509551354387798,0,0
0,0.1612972237523647,0,0
0,0.5380344000559795,1,1
0,0.15458271120045466,0,0
0,0.452563874539309,0,0
1,0.10664708394794922,0,0
1,0.8667862628688817,1,1
1,0.3113871297842933,0,0
0,0.39466876653139904,0,0
0,0.4350358268874724,0,0
1,0.1375893598433583,0,0
0,0.20572663831356156,0,0
0,0.8164429743290617,1,1
1,0.9286454433327185,1,1
1,0.955788853687931,1,1
0,0.38209172205642755,0,0
1,0.9230869007412709,1,1
1,0.624616947213551,1,1
0,0.3886093564053973,0,0
0,0.4838011941546266,0,0
0,0.46037442806575607,0,0
0,0.13697195231206358,0,0
0,0.46065995654380454,0,0
0,0.19299838236470457,0,0
0,0.13533881416117016,0,0
1,0.7160555839437668,1,1
0,0.4286973983877124,0,0
1,0.40080784402263375,0,0
0,0.22833972129576513,0,0
1,0.6571779658735065,1,1
1,0.3230893221370275,0,0
0,0.4148200667728919,0,0
1,0.23737286143378167,0,0
0,0.8699438824546445,1,1
0,0.48247727372052324,0,0
1,0.3459022278227308,0,0
0,0.5953295920987808,1,1
0,0.3745476586186301,0,0
1,0.8136949361464526,1,1
1,0.39741761445383483,0,0
1,0.24320704042412195,0,0
0,0.09461634228982603,0,0
1,0.9284612710974182,1,1
0,0.24941722719725903,0,0
0,0.592184292152477,1,1
1,0.5787545672075278,1,1
1,0.8996759249854094,1,1
1,0.7889967563000103,1,1
0,0.8944844205185296,1,1
0,0.46014812141503914,0,0
0,0.08965350616095527,0,0
0,0.8366035643584013,1,1
1,0.8671558925080513,1,1
1,0.6500859953755257,1,1
1,0.19614077546615127,0,0
1,0.9721062475208356,1,1
1,0.2575608638620024,0,0
1,0.8171130728900459,1,1
1,0.9334175210873706,1,1
1,0.7260306552415553,1,1
1,0.5201826161705062,1,1
0,0.25083451360415243,0,0
0,0.2470730763918236,0,0
0,0.27902074137680255,0,0
1,0.7603668098671432,1,1
0,0.2395193241907398,0,0
0,0.06984029668921085,0,0
0,0.8724830501662605,1,1
1,0.6726960710342509,1,1
0,0.8246139276682719,1,1
1,0.7320266602661928,1,1
0,0.45468449207084927,0,0
0,0.2776868453503238,0,0
0,0.3718200480253147,0,0
1,0.736620602380746,1,1
0,0.15325767108501492,0,0
0,0.38652348251704716,0,0
1,0.7155478307308775,1,1
1,0.7991869287018148,1,1
0,0.26524801471462844,0,0
1,0.6126115961671014,1,1
0,0.22543248847871092,0,0
0,0.085182230353957,0,0
1,0.9248889847618963,1,1
0,0.0565696279234026,0,0
0,0.20098488487812385,0,0
0,0.12875754970707318,0,0
0,0.24128956084525438,0,0
1,0.8946451626329843,1,1
0,0.351636735585778,0,0
1,0.10971806358482569,0,0
1,0.08869465108811693,0,0
0,0.18545471873299527,0,0
0,0.3347202931674441,0,0
1,0.8989592681226629,1,1
0,0.2441244236358899,0,0
0,0.22791223641781086,0,0
0,0.12651230498942428,0,0
1,0.7622959849479276,1,1
0,0.11555882425480675,0,0
0,0.23595279572164227,0,0
1,0.4022214038687333,0,0
1,0.7588504689255677,1,1
1,0.6517095219461817,1,1
1,0.3924073646020335,0,0
1,0.6553079961253591,1,1
1,0.9295028960574382,1,1
0,0.36254382994929285,0,0
1,0.6117716200961769,1,1
1,0.5471547544870329,1,1
1,0.7308669910952195,1,1
0,0.07580596595816938,0,0
0,0.2038814321287989,0,0
0,0.14173092190036934,0,0
0,0.09121836994030152,0,0
1,0.7540060604974193,1,1
1,0.8379584149493872,1,1
0,0.6795460408486872,1,1
0,0.7848757728556983,1,1
1,0.7820533981204145,1,1
0,0.16955156160145243,0,0
0,0.8809773477078753,1,1
0,0.7107803287314112,1,1
0,0.19626967587604588,0,0
0,0.3078140990601467,0,0
0,0.44778063362318943,0,0
0,0.20241574374942176,0,0
0,0.8548795619388846,1,1
0,0.07575080557278134,0,0
0,0.3173381294337884,0,0
1,0.49938836954673543,0,0
1,0.9148912833412532,1,1
0,0.1320040622004124,0,0
0,0.43981349491996574,0,0
0,0.6750307317204273,1,1
1,0.3956254173153742,0,0
1,0.5286559373770543,1,1
1,0.37694074078219714,0,0
1,0.9737168672328816,1,1
0,0.37940689573503866,0,0
0,0.20806645859223677,0,0
0,0.09477862603869747,0,0
1,0.6127657085072733,1,1
0,0.560149603649032,1,1
0,0.2700017668610489,0,0
0,0.29514332900168255,0,0
1,0.6544375033318912,1,1
0,0.5040852297263503,1,1
0,0.1045799364638996,0,0
0,0.7359929070850557,1,1
1,0.755767487033948,1,1
1,0.5405970102395528,1,1
1,0.5348445138654515,1,1
1,0.9735637351050288,1,1
0,0.10988806611037844,0,0
1,0.40887017686926685,0,0
0,0.4312978305390209,0,0
0,0.22603559234874493,0,0
1,0.8706492207142216,1,1
1,0.38112112183732866,0,0
0,0.11241912107142871,0,0
1,0.08858326293432157,0,0
1,0.8357883061142201,1,1
1,0.9191912063006495,1,1
0,0.8661696923550322,1,1
0,0.26432521816592236,0,0
0,0.4361223990572947,0,0
0,0.3435738323383217,0,0
0,0.14684139050573683,0,0
0,0.35792564842394453,0,0
0,0.5654282033002862,1,1
1,0.7796090885759668,1,1
0,0.7442055316094286,1,1
1,0.592773226475958,1,1
1,0.5515140288082443,1,1
0,0.328335589129108,0,0
0,0.1290152853714599,0,0
0,0.19021148117205505,0,0
0,0.6033013949998531,1,1
0,0.1028781239834727,0,0
0,0.42274695504721455,0,0
1,0.6159055993635627,1,1
1,0.3398825453709506,0,0
1,0.8175660138630622,1,1
0,0.5092302762864265,1,1
0,0.26925813297600265,0,0
0,0.07476578208228508,0,0
1,0.9363679488255581,1,1
0,0.09169348453591794,0,0
0,0.26340204909327475,0,0
0,0.43674343955202444,0,0
0,0.10425164651036956,0,0
0,0.8054767801194098,1,1
0,0.08550659927101519,0,0
1,0.5006982206861873,1,1
0,0.8332677262212885,1,1
1,0.3054422334682898,0,0
0,0.2264403827120436,0,0
0,0.7689547286060034,1,1
0,0.3765368361942625,0,0
0,0.08673429902743036,0,0
0,0.09973168007299105,0,0
0,0.31816575953255694,0,0
1,0.7502143705347945,1,1
1,0.8453877720729966,1,1
1,0.3080631657204011,0,0
1,0.8277615870369824,1,1
0,0.2363283608126015,0,0
0,0.07881071382739034,0,0
0,0.5493264225141001,1,1
0,0.3211532853013993,0,0
0,0.3858611661555833,0,0
1,0.5391937475966438,1,1
1,0.8200335179861055,1,1
0,0.1294360096242606,0,0
0,0.20168781608527975,0,0
0,0.40266235281053886,0,0
1,0.6545608310936569,1,1
0,0.3945171337867294,0,0
0,0.2577043259473153,0,0
1,0.885238998967514,1,1
1,0.9410169171057159,1,1
1,0.43267387194334483,0,0
1,0.8459181502628114,1,1
0,0.15346463969122368,0,0
0,0.25682110269965064,0,0
1,0.7787816889575752,1,1
1,0.5723988373375204,1,1
0,0.3422453491009487,0,0
1,0.9262411315892691,1,1
0,0.11186769722146345,0,0
0,0.6106507165393412,1,1
0,0.09712241172366239,0,0
1,0.5937490971969805,1,1
0,0.24368347212242208,0,0
1,0.7730163517691164,1,1
1,0.16222532393812164,0,0
1,0.6312277238117736,1,1
1,0.39968265543317594,0,0
1,0.6703853058318754,1,1
1,0.2802230885926374,0,0
1,0.6914472505772431,1,1
1,0.46606454500815814,0,0
1,0.8634129370930127,1,1
0,0.5068397600354783,1,1
0,0.4249307738098487,0,0
0,0.4240852236153267,0,0
1,0.9298729484904947,1,1
1,0.49428667912684504,0,0
1,0.4021572097287655,0,0
0,0.256632492615282,0,0
1,0.7559647544265586,1,1
0,0.5848444336365071,1,1
0,0.4375422535514894,0,0
1,0.7546465045189874,1,1
0,0.5208781958635825,1,1
0,0.3484476550096892,0,0
0,0.09295624731106678,0,0
1,0.5689946927234989,1,1
1,0.8926982348048453,1,1
0,0.19650034956666357,0,0
0,0.11987070815638196,0,0
0,0.4384224232721189,0,0
0,0.21355207665036652,0,0
0,0.23570202275276692,0,0
0,0.7628037048924383,1,1
1,0.33599424753785356,0,0
1,0.8180611805120437,1,1
0,0.11708094348349628,0,0
0,0.32885423954976506,0,0
1,0.7206178263108697,1,1
0,0.3928859475526192,0,0
1,0.9266034628117547,1,1
1,0.8602363898905598,1,1
1,0.834944209617853,1,1
0,0.23141178406551344,0,0
0,0.5964425506190606,1,1
0,0.6107871844488498,1,1
1,0.23178691810711494,0,0
0,0.7900269481109952,1,1
1,0.19325544640361017,0,0
1,0.5116868129025691,1,1
0,0.4420992450391514,0,0
1,0.22485958263599248,0,0
0,0.7470307691402117,1,1
0,0.7451351600799592,1,1
0,0.33758644094637985,0,0
1,0.8529143039199691,1,1
0,0.8099007655386794,1,1
1,0.4676776298520316,0,0
0,0.22515450151928043,0,0
0,0.46825945652569134,0,0
0,0.09858905588554809,0,0
0,0.497257920849945,0,0
1,0.7843522805005556,1,1
1,0.34375170677845324,0,0
0,0.8346008779290561,1,1
0,0.38676980864339844,0,0
0,0.7170668077024789,1,1
0,0.13235326317964966,0,0
0,0.33387675683013396,0,0
0,0.2777665019744169,0,0
0,0.15307688348870627,0,0
1,0.6230246578184799,1,1
1,0.6682345416892014,1,1
1,0.46710675198881324,0,0
0,0.5680631838051887,1,1
0,0.22570909202677847,0,0
1,0.6303189664933186,1,1
0,0.09759402752285677,0,0
1,0.80694807830469,1,1
0,0.6542629858853267,1,1
0,0.4956169841827052,0,0
1,0.8315612741534079,1,1
0,0.05899519348557088,0,0
1,0.8841109122096711,1,1
0,0.08494117177256294,0,0
1,0.4752576494212476,0,0
0,0.8277777229025521,1,1
0,0.11330564160172786,0,0
1,0.6836589178520232,1,1
0,0.035263556769238265,0,0
0,0.6586053787152039,1,1
0,0.8424094559888767,1,1
0,0.17429696855498447,0,0
0,0.14903955081869516,0,0
0,0.5126255228430882,1,1
0,0.5235959761972708,1,1
1,0.822914558311895,1,1
1,0.43564019220993005,0,0
0,0.26904146224990383,0,0
1,0.6517914756863661,1,1
0,0.5101810071688101,1,1
0,0.3871657093429177,0,0
0,0.21850475213819948,0,0
0,0.487630255192871,0,0
1,0.5110953382809609,1,1
0,0.10016072339218274,0,0
1,0.6174032454390723,1,1
1,0.8586526267682364,1,1
0,0.09852610989066772,0,0
1,0.8054854624498411,1,1
0,0.21980930067215257,0,0
0,0.42164799913935896,0,0
0,0.6836329312475283,1,1
1,0.820651644899365,1,1
0,0.36025308396489714,0,0
0,0.06280616714823434,0,0
1,0.8240693376420765,1,1
0,0.28795590209227917,0,0
1,0.6758525591559961,1,1
0,0.7105779754128244,1,1
1,0.1331839401497075,0,0
0,0.7921345517984688,1,1
0,0.5227407298018631,1,1
1,0.6861893219398598,1,1
0,0.6774913536495273,1,1
0,0.1603730357001895,0,0
0,0.12741612751021716,0,0
0,0.33765917760486486,0,0
0,0.4878400854684493,0,0
0,0.8325329984062043,1,1
0,0.1564518739439805,0,0
0,0.11325417015028368,0,0
0,0.1144926041009437,0,0
0,0.32910811166143744,0,0
1,0.8975038259491581,1,1
1,0.3318653248844765,0,0
1,0.08749146516614152,0,0
0,0.11799656515121164,0,0
0,0.40250617080015144,0,0
1,0.4491010307856503,0,0
0,0.4842199452189942,0,0
0,0.4927240440439686,0,0
0,0.14454876960868007,0,0
0,0.3414496891412169,0,0
0,0.8422979632661208,1,1
0,0.37011383939362663,0,0
1,0.8545680048807917,1,1
0,0.5573379334798421,1,1
0,0.08928119133808218,0,0
1,0.7679611270083959,1,1
1,0.7760799548975301,1,1
0,0.09526578171621035,0,0
0,0.36859328702412164,0,0
0,0.565666832346772,1,1
0,0.5600919150682026,1,1
1,0.3989167762653828,0,0
0,0.7051249711447302,1,1
0,0.20598592093674692,0,0
1,0.7821830692573273,1,1
1,0.6792587388467737,1,1
0,0.3269813767989175,0,0
1,0.5658691712999153,1,1
0,0.6044191985955764,1,1
0,0.14467270154828318,0,0
1,0.928862549704821,1,1
0,0.7434814785173417,1,1
0,0.11486655523254335,0,0
0,0.6053214616059645,1,1
0,0.24094936505114406,0,0
0,0.2152063175701414,0,0
0,0.16474710062444048,0,0
0,0.2992100528559179,0,0
0,0.5520740519757755,1,1
1,0.703038818411105,1,1
0,0.39800831217804117,0,0
0,0.6439749626295821,1,1
1,0.7309003166944733,1,1
0,0.7156283594511997,1,1
1,0.3105882561984738,0,0
0,0.04162425021098366,0,0
0,0.08885522226999704,0,0
0,0.3270371562627493,0,0
0,0.2080589672553153,0,0
0,0.6467634525835533,1,1
1,0.5488330601729968,1,1
1,0.7241306937330257,1,1
0,0.12211161716590704,0,0
1,0.8192383362810457,1,1
0,0.6841138997198568,1,1
0,0.2182712221933506,0,0
0,0.7281468250570479,1,1
1,0.7059600651559403,1,1
0,0.46399021682793357,0,0
0,0.7460155818669938,1,1
1,0.6850380068004535,1,1
0,0.2407779422451331,0,0
1,0.4444481456297368,0,0
1,0.5892878875395451,1,1
0,0.306901724693975,0,0
0,0.72179785563903,1,1
0,0.1746445747591539,0,0
1,0.5445635293107373,1,1
1,0.7821056460017635,1,1
0,0.38351457175015113,0,0
0,0.08652570811869385,0,0
0,0.06665357884492253,0,0
1,0.5792557917502055,1,1
1,0.6299691959228212,1,1
0,0.6576967793868613,1,1
1,0.8839778242729873,1,1
0,0.7567586853542895,1,1
1,0.549399972644179,1,1
0,0.38297455352515597,0,0
0,0.4725623697517404,0,0
1,0.8076406883237297,1,1
0,0.6570978163345221,1,1
0,0.12296662591471601,0,0
0,0.2833899862156099,0,0
0,0.10829857689506711,0,0
1,0.5202573840738892,1,1
1,0.5961326119514041,1,1
0,0.6606355515513501,1,1
0,0.2843556741707945,0,0
0,0.5150377661907973,1,1
0,0.09522174689441258,0,0
1,0.7454208320164815,1,1
1,0.3673669830881641,0,0
0,0.7815947653470806,1,1
0,0.18150285103372574,0,0
1,0.3146594918201798,0,0
1,0.8576588558809852,1,1
0,0.3441922562880666,0,0
0,0.27514123771545224,0,0
0,0.41810196993132853,0,0
0,0.8021141351021388,1,1
1,0.8462858721028742,1,1
1,0.8135562739731277,1,1
1,0.5752359109340291,1,1
0,0.585897567121031,1,1
0,0.16326305412624614,0,0
1,0.8438027673681503,1,1
0,0.8305469558781702,1,1
1,0.23757302937922692,0,0
0,0.3814643449424189,0,0
0,0.7564289905801954,1,1
1,0.7941658653875017,1,1
0,0.13064618276365866,0,0
0,0.3239353956663925,0,0
0,0.12069665660676833,0,0
0,0.12085560222270422,0,0
0,0.4383625511013515,0,0
0,0.0750908605421822,0,0
1,0.5532959717645302,1,1
0,0.15104806407134383,0,0
1,0.9252446536710975,1,1
0,0.2006595779110426,0,0
1,0.7507183960166367,1,1
0,0.6145914134605351,1,1
0,0.0785719242426559,0,0
1,0.78815368541509,1,1
0,0.3447342599279741,0,0
0,0.2851208255197024,0,0
1,0.6792145624705455,1,1
1,0.8540303934667471,1,1
0,0.4576318541246087,0,0
1,0.8116200422953168,1,1
1,0.36082162268974566,0,0
0,0.4658369897604682,0,0
0,0.20446286633964644,0,0
1,0.7450208053160401,1,1
1,0.8071104084942679,1,1
0,0.32338808393903934,0,0
0,0.6026167168341335,1,1
0,0.826359749119978,1,1
1,0.18173903119283502,0,0
0,0.36063846259688964,0,0
0,0.5701884022131853,1,1
1,0.3448587587971473,0,0
0,0.08905109291459712,0,0
1,0.4783273061017075,0,0
0,0.14464317668584964,0,0
0,0.43835125412601295,0,0
1,0.8313946833290762,1,1
1,0.7473052611850235,1,1
1,0.5339100237962304,1,1
1,0.5961900337147494,1,1
1,0.6499453921360702,1,1
0,0.5439748747793589,1,1
0,0.7835847249987152,1,1
0,0.5080062776247306,1,1
0,0.9093877611344907,1,1
0,0.23415538671459182,0,0
0,0.17401196799350296,0,0
0,0.6801972062127948,1,1
1,0.7669238461192013,1,1
0,0.18170736921361005,0,0
0,0.12657248591824719,0,0
1,0.7827299436997754,1,1
0,0.21558219241157534,0,0
0,0.15156891464840141,0,0
0,0.5967426740196972,1,1
0,0.1548600344029631,0,0
0,0.4429500188516306,0,0
0,0.3609371395911578,0,0
0,0.37906091881492865,0,0
0,0.5475520418660207,1,1
0,0.6725317548401111,1,1
0,0.29626084153921023,0,0
0,0.6996098199995687,1,1
0,0.10707930464693645,0,0
0,0.07349545633309904,0,0
0,0.3562645496206397,0,0
1,0.8125973601698466,1,1
0,0.7151992535539844,1,1
0,0.10556412295995313,0,0
1,0.13151718187743755,0,0
0,0.634621514916045,1,1
1,0.8683238564564397,1,1
0,0.21721334056605768,0,0
0,0.6461976272975047,1,1
1,0.635655772234178,1,1
1,0.37300304478344626,0,0
0,0.38587773869654146,0,0
0,0.6068024132425678,1,1
0,0.2751165549731115,0,0
1,0.7059943261862435,1,1
1,0.6628209703961621,1,1
1,0.48451885152341767,0,0
0,0.15819044801681595,0,0
0,0.3308791677533716,0,0
0,0.4965196532227436,0,0
1,0.840547246247133,1,1
0,0.1997438304356477,0,0
0,0.4850503706253607,0,0
0,0.4776889667857123,0,0
0,0.11707328815531992,0,0
0,0.8647704108280385,1,1
0,0.2754077889164233,0,0
0,0.21592416541696186,0,0
0,0.3571176614162751,0,0
1,0.7877131762985576,1,1
0,0.6498816329669602,1,1
1,0.34059834129211114,0,0
1,0.8826036228198015,1,1
0,0.6621702565700698,1,1
0,0.06729692473913738,0,0
0,0.4586459426190733,0,0
0,0.41297889717705843,0,0
1,0.4862698664173218,0,0
0,0.5273788507327628,1,1
0,0.6600363382739776,1,1
0,0.5022584087518912,1,1
0,0.1353701819057383,0,0
1,0.7063948800629629,1,1
0,0.10099275061422902,0,0
0,0.2961440412993044,0,0
1,0.6126962700953915,1,1
1,0.1352216468367241,0,0
0,0.2541275660052598,0,0
0,0.18149110914786834,0,0
0,0.8114003932102859,1,1
1,0.6699634675367913,1,1
0,0.8360264785232162,1,1
1,0.5389955753967258,1,1
1,0.6191383749596273,1,1
0,0.22501138309564453,0,0
0,0.4044772633900591,0,0
0,0.8645940383538334,1,1
1,0.6286131169256467,1,1
0,0.2660518223854557,0,0
0,0.188911747461281,0,0
1,0.5365527716359448,1,1
1,0.7946302828326334,1,1
0,0.4023589075752719,0,0
0,0.2950636949370499,0,0
0,0.4420281671626662,0,0
0,0.8228514291556688,1,1
0,0.1426266915891965,0,0
1,0.9106205557286846,1,1
0,0.14149182959130638,0,0
1,0.447767549633429,0,0
0,0.09469227226815573,0,0
0,0.1885185975539,0,0
0,0.1518029947230564,0,0
0,0.49872711513620166,0,0
0,0.8900204494412122,1,1
1,0.7479200738789593,1,1
0,0.28042792814011935,0,0
0,0.7704642868224467,1,1
0,0.5739007979979951,1,1
1,0.8461265418447642,1,1
0,0.43407363124641274,0,0
0,0.426577774287015,0,0
0,0.5681456435618835,1,1
0,0.6124960924505097,1,1
1,0.46407043377973095,0,0
0,0.6560000419766342,1,1
1,0.9218311837846758,1,1
1,0.6773655946443745,1,1
0,0.6514872732654519,1,1
1,0.6302300696918509,1,1
0,0.24567247964338018,0,0
1,0.8433443081585362,1,1
0,0.28310108350342306,0,0
0,0.4548939527227856,0,0
1,0.7971866015890754,1,1
0,0.3708011685305298,0,0
0,0.137369771779802,0,0
1,0.6446650359777142,1,1
0,0.6365530115745456,1,1
0,0.18092597879951874,0,0
0,0.12516331208962264,0,0
1,0.6661109444490141,1,1
0,0.14992309654309963,0,0
0,0.33550605596020794,0,0
1,0.5468425505112093,1,1
0,0.7303755519960878,1,1
0,0.3174299633975576,0,0
0,0.2171186777932625,0,0
1,0.5813811367051883,1,1
0,0.6691734898567108,1,1
0,0.49386586293880363,0,0
0,0.8658022753103698,1,1
0,0.16698970949214248,0,0
1,0.8093922215264056,1,1
0,0.39424439051639204,0,0
0,0.13285700545446075,0,0
1,0.4632747095538274,0,0
0,0.0683870786346061,0,0
0,0.46078656109021693,0,0
0,0.30604074945656773,0,0
1,0.8745061858251081,1,1
0,0.27377746062184405,0,0
0,0.13468110169529632,0,0
0,0.3541344657888238,0,0
0,0.5214897426871117,1,1
1,0.817043383971953,1,1
0,0.20491984272813385,0,0
0,0.43569335251561536,0,0
1,0.7829040821549503,1,1
1,0.7666623097811783,1,1
0,0.5664156214663729,1,1
0,0.5133161299567272,1,1
1,0.3534461170903795,0,0
0,0.5221032891413826,1,1
1,0.8198700949717822,1,1
1,0.8779910605406324,1,1
0,0.6966683500734774,1,1
0,0.03472020438938281,0,0
1,0.780995374366996,1,1
1,0.28875283478576264,0,0
0,0.23383522487469308,0,0
1,0.3530238836169363,0,0
0,0.1849409903750598,0,0
0,0.32830604428750887,0,0
0,0.5176648161774673,1,1
1,0.7542751900650252,1,1
0,0.2178600806817351,0,0
0,0.7534863566663749,1,1
0,0.5128509156629933,1,1
0,0.3184543882677288,0,0
1,0.46825289792967373,0,0
1,0.914234556259833,1,1
1,0.9489485704199448,1,1
0,0.21467826285838765,0,0
0,0.17185249463517446,0,0
0,0.8622900608045106,1,1
0,0.34024894270796047,0,0
0,0.3891043366453196,0,0
1,0.47838856463726614,0,0
1,0.6611003553821541,1,1
0,0.31542919470357283,0,0
0,0.12958057963639796,0,0
0,0.06091677479077139,0,0
0,0.3245358771964726,0,0
1,0.7793521117779244,1,1
0,0.17209104162247138,0,0
0,0.19678773434134922,0,0
0,0.45340866776592886,0,0
1,0.89709849527829,1,1
0,0.2744222079233529,0,0
1,0.4577525728095147,0,0
0,0.5012892163730316,1,1
0,0.07644685091312002,0,0
0,0.5156911410314251,1,1
1,0.7874119478583027,1,1
1,0.7822605474883252,1,1
1,0.602112319156641,1,1
0,0.8635601999662177,1,1
1,0.5801503734541344,1,1
1,0.8086867081581455,1,1
0,0.2631042468957035,0,0
0,0.1661022414558982,0,0
0,0.601808541524279,1,1
0,0.24249313297150754,0,0
1,0.6103475079155715,1,1
0,0.26990430273676974,0,0
0,0.2086419775360777,0,0
0,0.9154804857323371,1,1
0,0.19963662523381331,0,0
0,0.08982487394888203,0,0
1,0.3569662350543954,0,0
1,0.9279449387555195,1,1
1,0.7799354575121249,1,1
0,0.08623556006207903,0,0
0,0.7120060315218067,1,1
0,0.927204436501014,1,1
1,0.7749939903409179,1,1
1,0.8804586903143824,1,1
1,0.6212884277553201,1,1
0,0.2997336313549331,0,0
0,0.26563777438292946,0,0
0,0.25313156300848044,0,0
0,0.8871325816049568,1,1
0,0.24445623524376395,0,0
1,0.8820721564843435,1,1
1,0.9255053175378691,1,1
1,0.7940148928839756,1,1
0,0.271980788979106,0,0
0,0.174690452800047,0,0
0,0.8668402470005897,1,1
1,0.4714795031408661,0,0
0,0.4730883471896323,0,0
0,0.11560064659682087,0,0
1,0.7293747055099266,1,1
1,0.8618586785165923,1,1
0,0.6519890392313279,1,1
1,0.6472628852424319,1,1
0,0.2930584472577595,0,0
0,0.07897393607043858,0,0
0,0.629543125278095,1,1
0,0.8183970399033229,1,1
0,0.11886220866528519,0,0
1,0.4082169298486186,0,0
0,0.48585854480898244,0,0
1,0.35456366998239514,0,0
0,0.5327142494967348,1,1
0,0.24751320988690045,0,0
0,0.8095205264593747,1,1
1,0.22853935905207648,0,0
0,0.31872774499779316,0,0
0,0.32865543540003117,0,0
0,0.6022946335524553,1,1
1,0.40648291184598934,0,0
1,0.21018270804825484,0,0
0,0.7303123702332821,1,1
0,0.5145904423504185,1,1
1,0.09270789418588023,0,0
1,0.7217619162896188,1,1
0,0.09642971298437186,0,0
0,0.28250976419106605,0,0
1,0.9339885187249675,1,1
0,0.20882116657867303,0,0
0,0.28193624726410094,0,0
0,0.5389099314833111,1,1
0,0.37406763702844265,0,0
1,0.5688903005565704,1,1
0,0.6883909484500454,1,1
0,0.5241630878116111,1,1
0,0.9111627564092437,1,1
0,0.1057424276329385,0,0
0,0.3295677142786708,0,0
1,0.5863270143747591,1,1
0,0.15865273774842062,0,0
1,0.5569587309180236,1,1
0,0.28571648844630315,0,0
1,0.6262928660511655,1,1
0,0.3215537721734047,0,0
0,0.21994214259770464,0,0
1,0.8224758365606909,1,1
1,0.8315178693169235,1,1
1,0.8838830799304402,1,1
0,0.2530081017384664,0,0
0,0.38906695419673837,0,0
0,0.5248561939003147,1,1
0,0.804258940013668,1,1
1,0.6820868646473252,1,1
1,0.2124325174191213,0,0
1,0.406569677636148,0,0
0,0.17872630460509517,0,0
0,0.18006615710533214,0,0
0,0.273714813210513,0,0
0,0.31525410160000866,0,0
1,0.9297744725147442,1,1
1,0.6787257818907484,1,1
0,0.33816488143609447,0,0
0,0.16814831951570056,0,0
1,0.941511285310487,1,1
0,0.7650445564308398,1,1
1,0.4118667273090499,0,0
0,0.07866721464996104,0,0
0,0.2447752342330595,0,0
0,0.3183545664531178,0,0
0,0.1536945376151493,0,0
0,0.3652276440651794,0,0
1,0.8711333103758183,1,1
0,0.15837956922686705,0,0
0,0.16972037180221777,0,0
0,0.37616985994444047,0,0
0,0.8360924625754784,1,1
0,0.739785676078398,1,1
0,0.7721666771374605,1,1
1,0.7016982831397255,1,1
0,0.44541146989983976,0,0
0,0.16928074925526906,0,0
0,0.7004897194857119,1,1
1,0.39354017372022204,0,0
0,0.38705188813239144,0,0
1,0.8014954435127892,1,1
1,0.5386734082722795,1,1
1,0.7482032465622027,1,1
0,0.7660917863065017,1,1
1,0.8638220206562399,1,1
0,0.6539178556508148,1,1
0,0.15529140615912157,0,0
0,0.31914161415245174,0,0
1,0.570645079247994,1,1
1,0.7567878489869962,1,1
0,0.6596398186727002,1,1
0,0.45562651557804784,0,0
1,0.735582183490575,1,1
1,0.46723996368757037,0,0
1,0.40299569319240247,0,0
1,0.8222943876755464,1,1
1,0.36989940421693734,0,0
0,0.20684441619411303,0,0
1,0.8508315952991735,1,1
0,0.5043254836750946,1,1
0,0.3499158650901813,0,0
0,0.3164597481175933,0,0
0,0.13028857712731914,0,0
0,0.28072211800600766,0,0
0,0.36174643232480724,0,0
1,0.7602759315406622,1,1
1,0.7771622784360691,1,1
0,0.4315126689578926,0,0
1,0.6936056783010812,1,1
1,0.5688947495185956,1,1
1,0.5745280866904665,1,1
0,0.20767812260431884,0,0
0,0.13981283303858902,0,0
0,0.3095166532701321,0,0
0,0.33533931182984295,0,0
0,0.2449414491223468,0,0
0,0.46109848110709256,0,0
0,0.4183407759734459,0,0
0,0.6107632192392296,1,1
0,0.748283108589542,1,1
1,0.8493660363181126,1,1
0,0.5177371056437509,1,1
0,0.08027823951047355,0,0
0,0.45083134531118974,0,0
1,0.6227646191581631,1,1
1,0.5634751588986714,1,1
0,0.49939167671597273,0,0
0,0.0846836184661068,0,0
0,0.7065371389839181,1,1
0,0.28035598149547386,0,0
1,0.6995740970973483,1,1
0,0.1146965199871741,0,0
0,0.16165984371073688,0,0
0,0.7876441526352547,1,1
0,0.7709307865986539,1,1
1,0.7121368445049844,1,1
1,0.5647609553106833,1,1
1,0.8856899212628376,1,1
1,0.9295722336619402,1,1
1,0.4337930275760305,0,0
0,0.08926057027452425,0,0
1,0.4161458649160367,0,0
1,0.7609069405087879,1,1
0,0.6637460315789381,1,1
0,0.17838474794472348,0,0
0,0.16474710062444048,0,0
1,0.3422697837985361,0,0
0,0.1701278202614001,0,0
0,0.2524041719659213,0,0
0,0.5732170991663249,1,1
0,0.5762421581919307,1,1
1,0.6512193037366207,1,1
1,0.30587737220616085,0,0
0,0.16536880280297103,0,0
1,0.10797835283222863,0,0
0,0.36366639626043323,0,0
0,0.1532058796680908,0,0
0,0.21621792360575598,0,0
0,0.45488904721393747,0,0
1,0.7919161821318317,1,1
1,0.8114736344987626,1,1
1,0.9297778969621853,1,1
0,0.7237165647108491,1,1
0,0.23519693557489468,0,0
1,0.7099122736560669,1,1
0,0.08463417366490728,0,0
1,0.7862432031777162,1,1
0,0.12362227549812714,0,0
0,0.16093491229538145,0,0
0,0.2923971228852927,0,0
1,0.7223244060580972,1,1
0,0.38602362737715645,0,0
0,0.032433375846426346,0,0
0,0.3258391399000029,0,0
0,0.6183724062087615,1,1
0,0.7369439301758829,1,1
0,0.31805524470773244,0,0
1,0.8602410461609554,1,1
0,0.7145575528526628,1,1
1,0.5821222358608997,1,1
0,0.17390947912620885,0,0
1,0.9147969565824234,1,1
1,0.4929867416108854,0,0
0,0.2753085984127804,0,0
0,0.607536599607172,1,1
0,0.2591120729909867,0,0
1,0.7075886353370562,1,1
1,0.9632671923758381,1,1
0,0.5731295866356174,1,1
0,0.7357037307584496,1,1
0,0.5944511724235648,1,1
1,0.12596738589610065,0,0
0,0.12844343291071772,0,0
0,0.17904078953687178,0,0
0,0.6313486985721165,1,1
1,0.8651932938487379,1,1
1,0.7760016221005993,1,1
0,0.23087031050330317,0,0
0,0.31207922255226433,0,0
1,0.753260973243147,1,1
0,0.527535757935423,1,1
1,0.8370087834130094,1,1
0,0.5676669162871303,1,1
0,0.27619831575109316,0,0
0,0.11368809727735156,0,0
1,0.7866252180365453,1,1
0,0.5383010514753326,1,1
0,0.8557742981304507,1,1
0,0.8165399704156062,1,1
0,0.20689018880660373,0,0
0,0.5082572334590229,1,1
0,0.31656911652230696,0,0
1,0.6100287523772954,1,1
0,0.16360896514154172,0,0
0,0.4608142475092286,0,0
0,0.7091194003432443,1,1
0,0.22005305424049232,0,0
0,0.6173086903917857,1,1
1,0.6492735261061008,1,1
0,0.5181649541128382,1,1
0,0.4173429904825763,0,0
1,0.7663399534622695,1,1
0,0.3032457445833625,0,0
0,0.6014984988582748,1,1
1,0.32141910116564876,0,0
1,0.9347722000287401,1,1
1,0.8198960140365795,1,1
1,0.6731831819597974,1,1
1,0.08632804617385594,0,0
0,0.3935579919805912,0,0
1,0.27261830947662075,0,0
1,0.8557394676931515,1,1
1,0.601937288845781,1,1
0,0.21738615473853826,0,0
0,0.3812364201281614,0,0
0,0.8592526768381726,1,1
0,0.2751804388924909,0,0
0,0.23465478215295832,0,0
1,0.4405586098142372,0,0
0,0.6815918425141962,1,1
1,0.18131464309419792,0,0
1,0.5654862016815773,1,1
1,0.5988191815692158,1,1
1,0.6942636639235659,1,1
0,0.8966702689285083,1,1
0,0.2799067298005834,0,0
1,0.875945484544007,1,1
0,0.04187565931431215,0,0
0,0.4675109266497244,0,0
1,0.3024833379621515,0,0
0,0.2766137078140626,0,0
0,0.8229358737822406,1,1
0,0.6114469993135272,1,1
1,0.07617884513444145,0,0
0,0.23409899619257266,0,0
0,0.38673503655599967,0,0
1,0.3586246876340625,0,0
0,0.6153427893337343,1,1
0,0.15442482853149472,0,0
1,0.3080105261323442,0,0
1,0.32686021319079694,0,0
0,0.5995107583223143,1,1
0,0.35639732211608766,0,0
0,0.6893026059394667,1,1
0,0.3563687975618087,0,0
0,0.6681011924117592,1,1
0,0.7486541375240608,1,1
1,0.880229571842774,1,1
0,0.3428299502538041,0,0
0,0.4851535377689755,0,0
0,0.6664696237292543,1,1
1,0.7875196555955148,1,1
1,0.8567168555361864,1,1
0,0.5655434689848879,1,1
0,0.8287001619494404,1,1
0,0.5531427028251938,1,1
1,0.43810224051594104,0,0
0,0.21545704981521668,0,0
1,0.5305877166438844,1,1
0,0.45765992892963253,0,0
0,0.35336888466969957,0,0
0,0.15559985380710156,0,0
0,0.10186174945353081,0,0
0,0.27324448176654165,0,0
0,0.4851683659987958,0,0
0,0.29326935587702924,0,0
0,0.3893328733417445,0,0
0,0.4470171123234853,0,0
0,0.559799052057285,1,1
0,0.5969319618388492,1,1
0,0.12805389355837918,0,0
1,0.8504645365274466,1,1
0,0.3054051915080616,0,0
0,0.6205444523895391,1,1
0,0.2314069997526973,0,0
1,0.14005652653583067,0,0
0,0.8243687746845034,1,1
0,0.06501935306795638,0,0
1,0.8913961663176115,1,1
1,0.7915626636488735,1,1
1,0.8695706173002847,1,1
0,0.2516907992746003,0,0
0,0.8361412243964909,1,1
0,0.09007321868051806,0,0
0,0.19839572674313724,0,0
0,0.5210525003862643,1,1
0,0.7679733101543605,1,1
0,0.5118104671514534,1,1
0,0.17145709622583252,0,0
1,0.7591037993808112,1,1
0,0.7142100008683968,1,1
0,0.46853883559246357,0,0
0,0.38176115047770504,0,0
0,0.075094998054567,0,0
0,0.1329918220586007,0,0
0,0.1427649177334114,0,0
1,0.8053401614394929,1,1
1,0.9141890121735673,1,1
0,0.05784173097321417,0,0
0,0.24627377389257146,0,0
0,0.39227846961652535,0,0
1,0.6612935018106454,1,1
0,0.6720729027225562,1,1
0,0.5707261266453764,1,1
0,0.1887097602526031,0,0
1,0.8661165659526219,1,1
1,0.22724364421981408,0,0
0,0.17294196728495465,0,0
1,0.856616082936784,1,1
1,0.44253972306908984,0,0
0,0.5123883581944564,1,1
0,0.7451089430833571,1,1
0,0.34801905629425345,0,0
1,0.7051137723627444,1,1
0,0.7246582663839419,1,1
1,0.6482616489466253,1,1
1,0.4897025613857638,0,0
0,0.17550216442277808,0,0
1,0.8741047885874939,1,1
1,0.4876279817034562,0,0
1,0.6926515940852813,1,1
0,0.11770430689376041,0,0
1,0.5179091357019391,1,1
1,0.8816587203698525,1,1
1,0.7852524856362276,1,1
1,0.9023123110185071,1,1
1,0.7710218835730084,1,1
0,0.14448771073204128,0,0
1,0.2607552178437958,0,0
1,0.6514823680003086,1,1
1,0.8222622110988355,1,1
0,0.2229368676418868,0,0
1,0.4401133590268408,0,0
1,0.9070022917001999,1,1
0,0.06455050243726326,0,0
1,0.4549383385963196,0,0
0,0.32416838947204796,0,0
0,0.22851514316033011,0,0
0,0.5858450401225643,1,1
0,0.17679926419489017,0,0
0,0.9042004119914788,1,1
1,0.22907796457626914,0,0
0,0.4981612046303244,0,0
1,0.7110211588618581,1,1
0,0.17718869173081084,0,0
0,0.1963997558261209,0,0
0,0.531051332622678,1,1
0,0.22449168275134268,0,0
1,0.37863752167260434,0,0
1,0.7207914994652618,1,1
0,0.3155665350092935,0,0
0,0.23247592211297954,0,0
0,0.3072405802850646,0,0
0,0.07024761179814343,0,0
1,0.6269691624323247,1,1
0,0.3100160211890467,0,0
1,0.7716276068844122,1,1
1,0.7037036430859898,1,1
1,0.9061038500737473,1,1
0,0.1510599306313807,0,0
0,0.5482033129684154,1,1
0,0.3163296216861788,0,0
0,0.517897749215866,1,1
0,0.2618679227142391,0,0
1,0.6561109519291027,1,1
1,0.7308904201552576,1,1
1,0.6967520540106871,1,1
1,0.9070148185784123,1,1
0,0.34184551027401355,0,0
0,0.26006208527595115,0,0
0,0.16402304516687002,0,0
0,0.4601099288114809,0,0
1,0.2385169142696211,0,0
0,0.5400841509129307,1,1
0,0.519273566442622,1,1
1,0.4927460032515907,0,0
0,0.1021253578129518,0,0
1,0.7175782217050805,1,1
0,0.11737304296797689,0,0
1,0.29704697102249195,0,0
1,0.33210402631260133,0,0
0,0.34066180027400583,0,0
1,0.3820500962640638,0,0
1,0.14980726483287976,0,0
0,0.7161306107727573,1,1
0,0.5388891296293468,1,1
1,0.819865598867873,1,1
0,0.13088040708513182,0,0
0,0.8582110182236233,1,1
0,0.21201622556859112,0,0
0,0.7098643374442968,1,1
0,0.4958989244085241,0,0
0,0.3129463860474157,0,0
0,0.566011710100546,1,1
0,0.42386561640621034,0,0
0,0.5522978071981767,1,1
1,0.7626578946831246,1,1
1,0.3249402606053715,0,0
1,0.9380538761727278,1,1
1,0.7717095298791743,1,1
0,0.7847320273701914,1,1
1,0.8709126832687124,1,1
1,0.45227920592171,0,0
0,0.16020269622583458,0,0
1,0.6083119896708369,1,1
0,0.4477719172437599,0,0
0,0.07743107509717331,0,0
1,0.24618174317402017,0,0
1,0.6781379276287053,1,1
1,0.49205167598906113,0,0
0,0.1658657303341544,0,0
1,0.8264273333435946,1,1
1,0.7301053399214856,1,1
0,0.819111182841173,1,1
1,0.8566753147066097,1,1
1,0.3747450904428762,0,0
0,0.4300078698350833,0,0
0,0.6281346769417354,1,1
0,0.3604643333030761,0,0
0,0.5800192649177266,1,1
1,0.8361389344629908,1,1
0,0.2454635661659688,0,0
1,0.8963373586958797,1,1
0,0.33136940807715237,0,0
0,0.35355670462456434,0,0
1,0.342114651491388,0,0
0,0.32784491085260314,0,0
1,0.7018658717100462,1,1
1,0.5831943254770371,1,1
0,0.7818678060058456,1,1
1,0.6330293077848111,1,1
0,0.22026786453460093,0,0
1,0.9375589191635584,1,1
0,0.5356972061084317,1,1
1,0.4162273872131292,0,0
0,0.21890598550593207,0,0
1,0.6868759407128997,1,1
1,0.7367640996564405,1,1
0,0.14005832156688744,0,0
0,0.42709819314135694,0,0
0,0.17983925822005084,0,0
0,0.4171793304022828,0,0
0,0.2597692744206049,0,0
0,0.3160242830260923,0,0
1,0.7263093097924297,1,1
0,0.2925416202849752,0,0
1,0.8343424745385711,1,1
0,0.2901021040589819,0,0
0,0.7229547439137469,1,1
0,0.5683655924019702,1,1
0,0.3523598700599751,0,0
1,0.22277960197330682,0,0
1,0.9381557269541135,1,1
1,0.5069042518860482,1,1
1,0.45608498983808426,0,0
0,0.3320550684122867,0,0
0,0.1283829586521933,0,0
0,0.8886820473906355,1,1
1,0.8494353348632613,1,1
0,0.23843909754730572,0,0
1,0.8779108322884352,1,1
0,0.39607877017695914,0,0
0,0.46675049205425256,0,0
0,0.3726273759877458,0,0
0,0.7686435434728678,1,1
1,0.531180538756231,1,1
0,0.1520801411399345,0,0
0,0.09683790822083126,0,0
1,0.5204227158323903,1,1
1,0.4935021145284815,0,0
0,0.4469648627624151,0,0
1,0.8366335880020127,1,1
0,0.14137405399053687,0,0
0,0.45816741270803296,0,0
0,0.7120799817776354,1,1
0,0.14742750571861066,0,0
0,0.8146766361380665,1,1
0,0.37262511330158865,0,0
0,0.5320131769856897,1,1
0,0.4823789563016859,0,0
0,0.26642132771311144,0,0
1,0.9336847661259079,1,1
0,0.5886618237739586,1,1
0,0.6122544149004865,1,1
0,0.6829261636024822,1,1
1,0.8761469639435548,1,1
0,0.48940629040770517,0,0
1,0.43269698896270914,0,0
1,0.5453444981840122,1,1
0,0.4172510235185923,0,0
0,0.7100746958913081,1,1
0,0.8741956919162749,1,1
0,0.5088298617546937,1,1
1,0.7059191545874216,1,1
1,0.3321122161318933,0,0
0,0.051814531495497466,0,0
1,0.7767183043961347,1,1
1,0.8782235582297456,1,1
1,0.8886571291796302,1,1
0,0.17939293438036372,0,0
1,0.4840547398321789,0,0
1,0.36474096911830534,0,0
0,0.481463496457542,0,0
0,0.5547905039072696,1,1
1,0.23010285031887728,0,0
0,0.4052568766081864,0,0
0,0.669398783372868,1,1
1,0.7385027288414813,1,1
1,0.927318108565248,1,1
0,0.22433519081694805,0,0
0,0.22409693387126367,0,0
1,0.2742740863853281,0,0
0,0.7806483737961533,1,1
0,0.24333097131121262,0,0
0,0.6623948820441196,1,1
0,0.07521268283733143,0,0
0,0.5485587841172674,1,1
0,0.785344578256223,1,1
1,0.3623204546309154,0,0
0,0.16648921400415376,0,0
0,0.15890503205346698,0,0
0,0.1791182688583054,0,0
0,0.5979063295371343,1,1
0,0.19295345977777145,0,0
0,0.6429506190899001,1,1
1,0.2991730138602328,0,0
0,0.4992410443565926,0,0
0,0.19392095845841723,0,0
0,0.08166680508050139,0,0
0,0.22668729122082643,0,0
0,0.16918352408632395,0,0
1,0.3829083380196082,0,0
1,0.8810083569798681,1,1
1,0.3783931702406046,0,0
0,0.13790132023886081,0,0
0,0.7255464291038604,1,1
0,0.24636778738066964,0,0
1,0.6050119702987361,1,1
0,0.8626910236588387,1,1
0,0.14016497813179832,0,0
0,0.8594953618758362,1,1
0,0.12096609890397211,0,0
1,0.5857308689955453,1,1
1,0.6845082375343478,1,1
1,0.722106454314541,1,1
0,0.41224472940531354,0,0
0,0.3870633837055429,0,0
0,0.11927110911413265,0,0
1,0.4955954753427913,0,0
0,0.535597261447481,1,1
0,0.4190164830047633,0,0
1,0.8393633029825871,1,1
0,0.28310270962045153,0,0
0,0.2138478723180506,0,0
0,0.2724862941818464,0,0
0,0.5034929400121261,1,1
1,0.9206232335779815,1,1
1,0.6421244867389602,1,1
0,0.797764272134587,1,1
0,0.3826114187750466,0,0
0,0.31184232676521084,0,0
1,0.8413086709760479,1,1
1,0.8837073956847943,1,1
1,0.3847740084687911,0,0
1,0.8033654678250115,1,1
0,0.07517871127709484,0,0
0,0.35129108721939223,0,0
1,0.2534606830620432,0,0
0,0.2763819685598153,0,0
0,0.4688968656889647,0,0
1,0.8166100980035502,1,1
1,0.6176275442376424,1,1
0,0.4051025450163088,0,0
0,0.4308957126565457,0,0
1,0.44675570094751554,0,0
0,0.4880990867595913,0,0
1,0.9439493036433662,1,1
1,0.5150228219746509,1,1
0,0.18512495011672953,0,0
1,0.6605765208587925,1,1
0,0.42789075944848104,0,0
1,0.7446996461409243,1,1
0,0.4221988319449713,0,0
1,0.6917564167871313,1,1
1,0.16517865191800868,0,0
0,0.11902192658642193,0,0
0,0.2969662155476096,0,0
0,0.18149709159635727,0,0
1,0.8273491353436269,1,1
0,0.1612439408131616,0,0
1,0.5351190016002119,1,1
0,0.33381102821924424,0,0
1,0.9048484315977587,1,1
0,0.6180104483505716,1,1
0,0.7970627583650384,1,1
1,0.3202422657857497,0,0
0,0.15389493813261365,0,0
0,0.7096267649368815,1,1
0,0.7883307438501129,1,1
0,0.3839900821131878,0,0
0,0.15516619138137888,0,0
1,0.8805713654799497,1,1
1,0.8643975405033756,1,1
0,0.33254962367819185,0,0
0,0.5361225341607996,1,1
0,0.6735246669306142,1,1
0,0.0481274744106764,0,0
1,0.7117611039751331,1,1
0,0.24640864090573025,0,0
1,0.7785293520040588,1,1
1,0.5160337724641759,1,1
0,0.1897767091405336,0,0
1,0.2484003446545487,0,0
1,0.5451260118053884,1,1
0,0.21457111821395186,0,0
1,0.820989606248387,1,1
1,0.7924320455892648,1,1
0,0.2197036265142488,0,0
1,0.5013393862935499,1,1
1,0.29657102657960593,0,0
1,0.7794847448657336,1,1
1,0.4540431204979933,0,0
1,0.805461579257497,1,1
0,0.6676186258841823,1,1
0,0.21240542130555057,0,0
0,0.19631023421287738,0,0
1,0.8513900223368616,1,1
0,0.07527342146580863,0,0
0,0.14990321681721291,0,0
0,0.12599448581307549,0,0
0,0.3830006099105679,0,0
0,0.19230034068483376,0,0
0,0.5604686855399372,1,1
0,0.8963414479094294,1,1
0,0.06761759181137346,0,0
0,0.38148711322168244,0,0
1,0.5943911779716458,1,1
1,0.862025099460442,1,1
0,0.10894121121915605,0,0
0,0.5244109569169753,1,1
0,0.8231728273925036,1,1
0,0.4178442523747493,0,0
1,0.9454571708085385,1,1
0,0.1048539156698894,0,0
0,0.24101180457609375,0,0
0,0.7988741051419791,1,1
0,0.17858392508386034,0,0
1,0.616540615345128,1,1
0,0.6624547650607882,1,1
0,0.39343625654268327,0,0
0,0.2991212480517535,0,0
0,0.22436877840770433,0,0
0,0.2601643804227407,0,0
0,0.15215499524253587,0,0
1,0.1768064341358287,0,0
1,0.465093053454415,0,0
0,0.4989837479220334,0,0
0,0.3811204008714939,0,0
0,0.13815442501614145,0,0
1,0.11552516944847178,0,0
0,0.22278596778807183,0,0
0,0.5432642227695986,1,1
1,0.8191905789251925,1,1
1,0.28765250832874045,0,0
0,0.4812065408691981,0,0
1,0.8543993648293605,1,1
1,0.824982222653179,1,1
1,0.6058122163089711,1,1
0,0.0790758212968878,0,0
0,0.05080460736114904,0,0
0,0.20120449083603786,0,0
0,0.16883992878547854,0,0
0,0.19670785977428548,0,0
0,0.16376122861421225,0,0
0,0.19034517134939674,0,0
0,0.7046256063173396,1,1
1,0.6820729602155942,1,1
0,0.26244997918335583,0,0
0,0.09262606914216828,0,0
1,0.5031046641178177,1,1
0,0.7340483132954304,1,1
1,0.46691981999774024,0,0
0,0.8622899473300153,1,1
1,0.9192960090348962,1,1
1,0.2509902976697545,0,0
1,0.736993042670866,1,1
0,0.08481686113150717,0,0
0,0.16889110443950067,0,0
1,0.8476674349931453,1,1
1,0.23239273664100887,0,0
1,0.7084444014614468,1,1
0,0.4298437815851294,0,0
0,0.7340148748229905,1,1
0,0.40966644201883173,0,0
0,0.15923560012181495,0,0
0,0.8919925261798994,1,1
0,0.1570096939322602,0,0
0,0.287645183220294,0,0
1,0.6814678592434815,1,1
0,0.3560428855905554,0,0
0,0.5077593812581874,1,1
1,0.7610180658455824,1,1
0,0.17892776500535684,0,0
0,0.41802998581740347,0,0
0,0.7067947758282475,1,1
1,0.9283460338232711,1,1
0,0.36980967522540936,0,0
0,0.47534531084566334,0,0
0,0.2181887775507069,0,0
1,0.7458104443140893,1,1
0,0.4259148223697743,0,0
0,0.4434199763033693,0,0
0,0.43509615519276296,0,0
0,0.3364510085551717,0,0
0,0.6529698300967425,1,1
1,0.41293681997128295,0,0
0,0.33261415070305306,0,0
0,0.6741692914864427,1,1
0,0.46263530267579933,0,0
0,0.22617696376975607,0,0
0,0.17443554972407102,0,0
0,0.275941913659643,0,0
0,0.13184023168071235,0,0
1,0.5786699086799473,1,1
0,0.770860406308921,1,1
0,0.15699272180595933,0,0
0,0.6818746303128151,1,1
1,0.5539416401960423,1,1
1,0.8585701553534655,1,1
0,0.17365201865958035,0,0
0,0.6378772438309753,1,1
1,0.7096869017755418,1,1
0,0.3620298471420075,0,0
0,0.30578850783145045,0,0
0,0.13209515122478285,0,0
0,0.3780284768571403,0,0
0,0.08527129743663747,0,0
0,0.44609910289040927,0,0
0,0.35583224982337774,0,0
0,0.6114263408997452,1,1
0,0.4393634326669426,0,0
1,0.6771594747369827,1,1
0,0.1848030377048765,0,0
0,0.2317952962344716,0,0
0,0.7923019921202328,1,1
0,0.23236074975484036,0,0
0,0.22745113957232116,0,0
1,0.723254299909655,1,1
0,0.5149518454550833,1,1
0,0.14841368378626846,0,0
0,0.8213389907901361,1,1
0,0.4161231096120119,0,0
1,0.6851869474228105,1,1
0,0.09240143196917118,0,0
1,0.7062665724315087,1,1
0,0.1410951625721083,0,0
0,0.3232935018791896,0,0
1,0.8568211261007762,1,1
0,0.08987365319121786,0,0
1,0.5219166118882563,1,1
0,0.7850711556582366,1,1
0,0.6144403920418093,1,1
0,0.7758602925436662,1,1
1,0.6976784330149947,1,1
0,0.1484275524078384,0,0
0,0.7124729866831966,1,1
0,0.5085208588935383,1,1
0,0.45958724423488273,0,0
0,0.3438848072930841,0,0
0,0.5052813014915466,1,1
0,0.17324659720069846,0,0
0,0.35012301919908556,0,0
1,0.9095793935257593,1,1
1,0.3289348543738565,0,0
0,0.5615245026372749,1,1
0,0.5924441319617715,1,1
1,0.568496355513943,1,1
1,0.4718500686555709,0,0
1,0.7682898806022498,1,1
0,0.353780059587906,0,0
0,0.6353858405445594,1,1
0,0.4235188022323106,0,0
1,0.5843135106406311,1,1
0,0.5020851356707666,1,1
1,0.8763842455495715,1,1
0,0.15694628110922113,0,0
0,0.8706068480681451,1,1
0,0.5577829371343573,1,1
0,0.11463793918459941,0,0
0,0.7768221078658157,1,1
0,0.5049182164899227,1,1
0,0.06292481679933679,0,0
0,0.2838947921571998,0,0
0,0.295907373962604,0,0
0,0.07721089170244232,0,0
0,0.18753435817747738,0,0
1,0.2358040776817496,0,0
1,0.5933597719014668,1,1
0,0.633361715767171,1,1
0,0.9223394617694328,1,1
0,0.09196209691945195,0,0
0,0.39166862143512027,0,0
0,0.15308291870959104,0,0
0,0.09202929760788321,0,0
0,0.4342389094989144,0,0
1,0.2508291485469551,0,0
1,0.8851388915554866,1,1
1,0.7319340315689866,1,1
0,0.23088038004647846,0,0
0,0.33416591005583635,0,0
1,0.7849148790953315,1,1
0,0.29950845103844936,0,0
1,0.6209063195019335,1,1
0,0.38801320401791833,0,0
0,0.16130251182526092,0,0
1,0.38484006092207795,0,0
0,0.7279087826754659,1,1
0,0.4935004583098557,0,0
1,0.8619089874848007,1,1
0,0.4585324124284882,0,0
1,0.7134367627798277,1,1
0,0.19857153401263114,0,0
1,0.398169029845655,0,0
0,0.09509184274487753,0,0
0,0.49785391297568016,0,0
0,0.30889529121582215,0,0
0,0.32839523208947446,0,0
1,0.8260679502589017,1,1
0,0.553766304906449,1,1
0,0.665835063308682,1,1
0,0.26808526580342945,0,0
1,0.6828936500512651,1,1
0,0.4155727894421637,0,0
0,0.2311944787388273,0,0
1,0.6157383204160898,1,1
1,0.9189738699460835,1,1
0,0.12362078809491792,0,0
0,0.5826149462904731,1,1
1,0.9618816446784196,1,1
0,0.10025817686550294,0,0
0,0.4613537747981923,0,0
1,0.7774919642033131,1,1
1,0.9418828815485394,1,1
0,0.6371808023630506,1,1
0,0.14118710249796596,0,0
0,0.3576219147443554,0,0
0,0.6921571144270012,1,1
1,0.6375905907195654,1,1
1,0.8743080099550951,1,1
0,0.5490287979704173,1,1
0,0.13471991862247015,0,0
0,0.4022917162355885,0,0
1,0.37866451973274323,0,0
1,0.9088452830548507,1,1
0,0.23385169615870197,0,0
0,0.24002249698641967,0,0
0,0.37905086298922924,0,0
0,0.25772335643531064,0,0
0,0.4478857589945229,0,0
1,0.2843519051247419,0,0
1,0.9230548890573379,1,1
0,0.26777828664323194,0,0
1,0.36279598608932917,0,0
0,0.12104382468248479,0,0
0,0.30547792904908894,0,0
0,0.18464340437951837,0,0
0,0.5470037186620831,1,1
0,0.24166477554749932,0,0
0,0.048481872297139184,0,0
0,0.582502100521464,1,1
0,0.5620451588718046,1,1
0,0.39615752542250804,0,0
0,0.1998085004470867,0,0
1,0.345938324315693,0,0
1,0.7782879714435524,1,1
0,0.6737810344600839,1,1
0,0.8203517074716576,1,1
1,0.8635753445761783,1,1
0,0.10800147498092863,0,0
0,0.3954798623648214,0,0
0,0.16326614075591442,0,0
1,0.491698795593352,0,0
0,0.844312324645563,1,1
0,0.5521709649075806,1,1
0,0.488490461682967,0,0
0,0.16368999402125886,0,0
0,0.10977122079724631,0,0
1,0.6098775686198398,1,1
1,0.709809187635884,1,1
0,0.48845636477658977,0,0
0,0.44838067888926963,0,0
1,0.7913432190331066,1,1
0,0.353699465865109,0,0
0,0.26900709886635216,0,0
0,0.4691984216489047,0,0
0,0.40328023237259797,0,0
0,0.5209402544463089,1,1
0,0.2401199460568406,0,0
1,0.15538188919487603,0,0
1,0.9237694872186508,1,1
0,0.37719986391539195,0,0
0,0.053482048441691174,0,0
1,0.5734415356182028,1,1
1,0.7441372837281365,1,1
0,0.47769761340993544,0,0
0,0.38691286308761935,0,0
1,0.7813735786109418,1,1
0,0.841083865387232,1,1
1,0.5069692404938088,1,1
0,0.25228516287173386,0,0
0,0.7840578208810681,1,1
1,0.37671588755347024,0,0
1,0.5171297460932348,1,1
1,0.9229079572777379,1,1
1,0.8860814115944842,1,1
0,0.0727053062448822,0,0
0,0.2443874204742426,0,0
0,0.23671639750303128,0,0
0,0.47272597241365116,0,0
0,0.26763522317372823,0,0
0,0.10154248401060209,0,0
0,0.17460480925341176,0,0
1,0.9101352124099821,1,1
0,0.7384260236643956,1,1
0,0.13666084814584029,0,0
1,0.29895726642790377,0,0
0,0.12884765883872423,0,0
1,0.4599056753994748,0,0
0,0.3686274193624541,0,0
1,0.5092934995345155,1,1
1,0.7011830109434084,1,1
1,0.41098602867021927,0,0
1,0.4182735899882096,0,0
0,0.6983732174983416,1,1
0,0.13092812422604777,0,0
1,0.31590805251094917,0,0
1,0.6971815016806893,1,1
0,0.19985463250338464,0,0
1,0.6501000133095709,1,1
0,0.430487305932718,0,0
0,0.3425331468020642,0,0
0,0.08032445831979156,0,0
0,0.6158063643988028,1,1
1,0.7828407835928778,1,1
1,0.6671102696497969,1,1
0,0.233873543664015,0,0
0,0.33416091725950575,0,0
0,0.17136041629271992,0,0
0,0.5260340073445885,1,1
0,0.5128587915344314,1,1
0,0.1559870822472285,0,0
0,0.11203988181671787,0,0
1,0.826148654218687,1,1
0,0.053661567206018466,0,0
1,0.8558608062135576,1,1
0,0.495875955613702,0,0
0,0.8816113334959148,1,1
0,0.462580001236271,0,0
0,0.44452745233834556,0,0
0,0.6501448792558912,1,1
0,0.199528142813337,0,0
0,0.5274014547133368,1,1
0,0.5739313065932297,1,1
0,0.15673636012073444,0,0
0,0.11202703279174983,0,0
1,0.8557954686570286,1,1
0,0.13285238422619844,0,0
0,0.23129294055950483,0,0
0,0.22937001610973598,0,0
0,0.34336668543236937,0,0
1,0.8423251814169068,1,1
0,0.2934174374506128,0,0
0,0.059243293817217914,0,0
0,0.1507434830546789,0,0
1,0.20863343778922747,0,0
1,0.5546485647115265,1,1
0,0.2477108962798518,0,0
0,0.22236527943118692,0,0
1,0.26527185072715104,0,0
0,0.6347551208359783,1,1
0,0.7814652798355665,1,1
0,0.2803965509588471,0,0
1,0.9262093328449532,1,1
1,0.6996691260118716,1,1
1,0.7098769207950132,1,1
1,0.716030336290721,1,1
0,0.08098740859934264,0,0
1,0.8251274611326891,1,1
0,0.15190633659064642,0,0
1,0.7428839168107689,1,1
0,0.19484777790307817,0,0
0,0.7602872716809068,1,1
1,0.8665613091076457,1,1
0,0.3936659118251782,0,0
1,0.48383340957958326,0,0
0,0.8862899783615997,1,1
0,0.8723906946356227,1,1
0,0.40178421841222295,0,0
1,0.1504740255510814,0,0
0,0.5290431338632376,1,1
0,0.1567924810209722,0,0
1,0.7210505918089926,1,1
0,0.2406515024778392,0,0
1,0.8573454950699466,1,1
0,0.8540286788245369,1,1
0,0.5402476011103955,1,1
0,0.08793890343948307,0,0
0,0.7023549771148991,1,1
0,0.09899239219358177,0,0
1,0.9278510291593868,1,1
0,0.1975945561858013,0,0
1,0.5355357055755992,1,1
0,0.08832752279649787,0,0
0,0.2703455889190137,0,0
0,0.41154958750795273,0,0
0,0.5523552466493796,1,1
0,0.32357295072276504,0,0
1,0.8489107357223666,1,1
0,0.6372373660556971,1,1
0,0.3642248325300204,0,0
1,0.8817557469545432,1,1
1,0.8047163251172662,1,1
0,0.16882693417960373,0,0
0,0.549901007468141,1,1
1,0.7830425797952305,1,1
0,0.6462077887839328,1,1
0,0.2764346370108802,0,0
0,0.3653981708571988,0,0
0,0.28260586569011975,0,0
0,0.5039684839463955,1,1
0,0.6559533076420359,1,1
1,0.9013551226337067,1,1
1,0.7907270156647859,1,1
0,0.9484975280466338,1,1
1,0.9102452862956104,1,1
1,0.5169199810465116,1,1
0,0.2022366435271706,0,0
0,0.5265227186295499,1,1
1,0.2932431585968953,0,0
1,0.35951589911951565,0,0
1,0.4174294935323609,0,0
0,0.08152265204278566,0,0
1,0.9232001595329118,1,1
1,0.23884620611143315,0,0
1,0.7367441079401598,1,1
1,0.6676518548791193,1,1
0,0.12797375951111764,0,0
0,0.7042569053824728,1,1
0,0.3912368818789391,0,0
1,0.5621412119001022,1,1
0,0.5652498071850793,1,1
0,0.38747442996952713,0,0
0,0.14336410198456076,0,0
0,0.13769363159560238,0,0
0,0.3187022993371462,0,0
1,0.8508716348487098,1,1
1,0.6455244218157449,1,1
1,0.19957263617051663,0,0
0,0.7343950888491458,1,1
0,0.5972807253595817,1,1
1,0.4195706267170749,0,0
0,0.18288147654056977,0,0
0,0.43269747144522575,0,0
0,0.34051982084235466,0,0
0,0.5918938683034903,1,1
1,0.545759310506653,1,1
1,0.938151411274165,1,1
1,0.704393535633758,1,1
0,0.27767990815421006,0,0
0,0.5157716270099405,1,1
1,0.48541416275315363,0,0
1,0.7474905667955575,1,1
0,0.8440743476511265,1,1
0,0.9477803072049538,1,1
0,0.34885526533492406,0,0
0,0.4091152746234961,0,0
0,0.14784224811454347,0,0
1,0.617226975898328,1,1
0,0.10461867523111355,0,0
0,0.39737335428638454,0,0
0,0.1887097602526031,0,0
1,0.8829005798519002,1,1
1,0.7468006213028114,1,1
1,0.8558466767282624,1,1
1,0.7742470539774703,1,1
0,0.12194711102476563,0,0
1,0.42010554149605583,0,0
1,0.5371504919074029,1,1
1,0.8973603072252417,1,1
0,0.5408431114646366,1,1
0,0.2709778300384326,0,0
0,0.08542824024166391,0,0
0,0.516994719709991,1,1
0,0.12478258972509523,0,0
0,0.07826162642826753,0,0
0,0.15992126411570015,0,0
0,0.2223166324746711,0,0
0,0.4283718107595278,0,0
0,0.38371391650585746,0,0
0,0.10167843899123376,0,0
0,0.3733728452153461,0,0
0,0.6912967554407803,1,1
0,0.12183175047927228,0,0
0,0.5532432082547561,1,1
0,0.3007637137817258,0,0
1,0.7096918907306213,1,1
0,0.5359715570294236,1,1
0,0.6683061054518582,1,1
1,0.9296248298696433,1,1
1,0.5445789942817829,1,1
0,0.34001261250223036,0,0
0,0.31065804579862616,0,0
0,0.39328236169656805,0,0
0,0.25349598277039154,0,0
0,0.17409979255187977,0,0
1,0.3962442046103765,0,0
0,0.28951882877673035,0,0
0,0.44417895581232825,0,0
0,0.13810309477270818,0,0
0,0.18434032199667488,0,0
0,0.264022038331547,0,0
0,0.08879853748816592,0,0
0,0.20666169018299924,0,0
0,0.2072679634993779,0,0
0,0.54303037228215,1,1
0,0.2394920492212889,0,0
0,0.5302179600485353,1,1
1,0.9049142994022629,1,1
1,0.7462225554247454,1,1
0,0.37970427101424037,0,0
0,0.6488844386263819,1,1
0,0.3394709834572561,0,0
1,0.24740215611880315,0,0
0,0.5940679636790577,1,1
0,0.09187365252844354,0,0
1,0.5586302532917249,1,1
0,0.34078241285408545,0,0
0,0.10200946187901846,0,0
0,0.2955936360745211,0,0
0,0.330391811295906,0,0
0,0.2179252421947244,0,0
1,0.8548624262681501,1,1
0,0.8920114921828438,1,1
0,0.49565479806354884,0,0
0,0.32358559206248855,0,0
0,0.8794229847346569,1,1
1,0.08953103917164022,0,0
0,0.09437379821127555,0,0
1,0.6584416933684771,1,1
0,0.13193149588019942,0,0
0,0.49311667981790197,0,0
0,0.2173251747943343,0,0
1,0.4468301362567999,0,0
0,0.536000943345458,1,1
1,0.6797853880580946,1,1
0,0.17243731509644333,0,0
1,0.8271412049235313,1,1
0,0.14276842700072398,0,0
0,0.12252387614705917,0,0
0,0.8123122370784167,1,1
1,0.7820624702128436,1,1
0,0.10758838035616694,0,0
1,0.9373036838505345,1,1
0,0.42122852236765956,0,0
1,0.8370410661663245,1,1
0,0.6300127684434318,1,1
1,0.8740312060993612,1,1
0,0.14253867082890104,0,0
0,0.13073507162466622,0,0
0,0.6161553928392262,1,1
1,0.3146418003058433,0,0
0,0.49973298604380256,0,0
0,0.37096504841376876,0,0
0,0.4664931850286775,0,0
1,0.22584323533807663,0,0
0,0.12703309031456722,0,0
1,0.8890312517495317,1,1
0,0.37612782750608587,0,0
0,0.3077009773527304,0,0
0,0.16793469201512182,0,0
1,0.7467829395451925,1,1
0,0.5748571879429817,1,1
1,0.6329552838774636,1,1
0,0.5733681822989011,1,1
1,0.6595460225342968,1,1
1,0.2847530626422076,0,0
1,0.8289941190972706,1,1
0,0.1362475038016769,0,0
1,0.5078460753378207,1,1
0,0.2702562415619787,0,0
0,0.47359761116850424,0,0
0,0.5610240945224583,1,1
0,0.847860003756864,1,1
0,0.15118191373309883,0,0
1,0.9078688540400202,1,1
0,0.4283057905161965,0,0
0,0.6716113055398525,1,1
1,0.6796164015487758,1,1
1,0.1205110987657893,0,0
0,0.7342270532725201,1,1
0,0.1455411153954261,0,0
0,0.3509219040513791,0,0
0,0.4066596128998847,0,0
0,0.09799239572085269,0,0
0,0.5610990527651536,1,1
0,0.14431337471317682,0,0
1,0.09264711356658134,0,0
0,0.8352041481462463,1,1
0,0.41657800626287306,0,0
0,0.5780978034090828,1,1
0,0.7317083591300658,1,1
0,0.1208446339572586,0,0
1,0.8148809743771538,1,1
1,0.9397985175893575,1,1
0,0.9377827812077033,1,1
0,0.3445352970348864,0,0
0,0.4681794273433067,0,0
0,0.7995008188882333,1,1
0,0.3374339568457909,0,0
0,0.6279024769127097,1,1
0,0.1931264803144523,0,0
1,0.644924148010935,1,1
0,0.5380049660668348,1,1
0,0.4265231739670815,0,0
0,0.31081201914124074,0,0
0,0.1785049357783449,0,0
1,0.8270230143116439,1,1
0,0.7822459491894779,1,1
0,0.30191136851034306,0,0
1,0.7692446851040914,1,1
0,0.45656510905103737,0,0
1,0.8109074989648194,1,1
0,0.26672630085198124,0,0
0,0.387850571568918,0,0
0,0.6050774649910152,1,1
0,0.33920361189306675,0,0
0,0.6704271956980511,1,1
0,0.1626245157309109,0,0
0,0.0751293764841517,0,0
0,0.12152275278553448,0,0
1,0.8339210772543133,1,1
1,0.805644399271148,1,1
0,0.12062546527268873,0,0
0,0.10183611626585821,0,0
1,0.7138239143492254,1,1
1,0.5983836893369558,1,1
0,0.0834068281277603,0,0
0,0.21146040995695542,0,0
0,0.195022430146047,0,0
1,0.4465542197378939,0,0
0,0.35715037338738553,0,0
1,0.5076804881772317,1,1
0,0.22214106424320615,0,0
0,0.5932254267877217,1,1
0,0.20390941308094412,0,0
0,0.07103773179504638,0,0
0,0.352084406684384,0,0
0,0.1581813236179148,0,0
0,0.6609199063739362,1,1
0,0.6538654535357016,1,1
1,0.3316109284130036,0,0
0,0.10146521826775087,0,0
0,0.5735279491491115,1,1
0,0.05030674901361189,0,0
0,0.5065741565780283,1,1
0,0.23933535013837687,0,0
0,0.13753522136138088,0,0
0,0.3324048136970363,0,0
0,0.3313220571765902,0,0
0,0.14013432246384866,0,0
1,0.4429530842514174,0,0
0,0.8828475927613275,1,1
0,0.09100765001008444,0,0
0,0.14826453011955368,0,0
0,0.8257416094946062,1,1
1,0.25991861274191436,0,0
0,0.8041122751452866,1,1
0,0.1076923132785795,0,0
1,0.34461297279807845,0,0
0,0.41919142555417066,0,0
1,0.8108858862011832,1,1
1,0.9286021286149589,1,1
1,0.37923788131465835,0,0
0,0.1064582059638538,0,0
1,0.881227349252501,1,1
1,0.772913226121527,1,1
1,0.8788900679645703,1,1
0,0.17783132360497605,0,0
0,0.6210828750070085,1,1
1,0.1159996914606272,0,0
0,0.6696532618431588,1,1
1,0.6769924020934676,1,1
1,0.9349818592307709,1,1
0,0.8103028461818963,1,1
0,0.43386694273616255,0,0
0,0.24358477865996905,0,0
0,0.1476633530937045,0,0
0,0.8677903252214118,1,1
0,0.2148419016663589,0,0
1,0.7903879039988594,1,1
0,0.7400542565803839,1,1
0,0.8123202170048652,1,1
0,0.08438780662927609,0,0
0,0.3691798037532506,0,0
0,0.3707143523236545,0,0
0,0.5862205101269301,1,1
0,0.5250095202195708,1,1
1,0.7644842860557709,1,1
0,0.12433829339965458,0,0
1,0.37064424329352447,0,0
0,0.09871411379947595,0,0
1,0.8563667301915456,1,1
0,0.7510609458371256,1,1
1,0.6094296439142263,1,1
0,0.07112122549902157,0,0
0,0.2682985096495606,0,0
0,0.22686576648923665,0,0
0,0.19410290280105796,0,0
0,0.3392675700716186,0,0
0,0.6978368985694382,1,1
1,0.7865463749333869,1,1
0,0.8022850817364515,1,1
0,0.2871904153928414,0,0
0,0.16137947388624038,0,0
0,0.42954104725059594,0,0
0,0.4534690480267985,0,0
0,0.09134368244857323,0,0
0,0.6075854078155501,1,1
0,0.5955221486845269,1,1
1,0.37339748211672746,0,0
0,0.3295343206450739,0,0
0,0.31967183198779037,0,0
0,0.7965266229351234,1,1
0,0.6677659272940406,1,1
1,0.5113497010538643,1,1
1,0.6719050813641737,1,1
1,0.9681680836634763,1,1
1,0.5933101652846035,1,1
1,0.6074014872566214,1,1
1,0.8992747562877965,1,1
0,0.27045613517762623,0,0
0,0.6643355883772164,1,1
0,0.7951967548330819,1,1
0,0.8584289101434772,1,1
1,0.2008253314684153,0,0
0,0.8928521773642688,1,1
1,0.6072529380068415,1,1
0,0.3526503308186802,0,0
1,0.7009521248172174,1,1
1,0.36661154907591753,0,0
0,0.824509338033491,1,1
0,0.4580062917151557,0,0
0,0.24104775560574063,0,0
1,0.6754721860108003,1,1
0,0.27618588630757623,0,0
1,0.8710871127689913,1,1
0,0.34767979652045267,0,0
0,0.49044626466258606,0,0
1,0.30979724495055105,0,0
0,0.12534522769506518,0,0
0,0.07280077220259834,0,0
0,0.4386970953830341,0,0
0,0.16127608500527263,0,0
1,0.6914543760850398,1,1
1,0.6940540555509203,1,1
0,0.17432292043300335,0,0
0,0.5338044151718573,1,1
0,0.3034689233962721,0,0
0,0.10610991408063038,0,0
0,0.44981914490144614,0,0
0,0.5566914952904726,1,1
0,0.4510329123385016,0,0
0,0.4668031177422861,0,0
0,0.4341387803373966,0,0
1,0.7235636777499674,1,1
0,0.14503303518251753,0,0
0,0.2609311552977982,0,0
1,0.680074052958851,1,1
1,0.6585251371315833,1,1
1,0.6332212590787512,1,1
1,0.6954407517267376,1,1
0,0.7916371640422649,1,1
1,0.7552756922373034,1,1
0,0.10573971251221212,0,0
0,0.16220917194631498,0,0
0,0.14262821897879424,0,0
0,0.11784008385404632,0,0
0,0.16785083337726836,0,0
0,0.2514253347990433,0,0
0,0.11404678906140102,0,0
1,0.7202428779183415,1,1
1,0.8637406428047444,1,1
1,0.37497217695155366,0,0
0,0.8035694744788071,1,1
1,0.3675811879510101,0,0
0,0.48833895338317757,0,0
0,0.11999367715724701,0,0
0,0.4574048474207064,0,0
1,0.7206898685427718,1,1
0,0.6944277536494905,1,1
1,0.19489595367298138,0,0
1,0.33068191101726974,0,0
0,0.2108080576669676,0,0
0,0.35274898943282545,0,0
0,0.7872719810855059,1,1
1,0.5792039707823271,1,1
1,0.879774810214383,1,1
0,0.5329016174884544,1,1
0,0.13344690002589613,0,0
0,0.13267108220020818,0,0
1,0.4782053204897348,0,0
1,0.8550959572155514,1,1
0,0.2820874506331163,0,0
0,0.5036943897888329,1,1
1,0.6481814201882298,1,1
0,0.2970097209781752,0,0
1,0.35321675830446997,0,0
1,0.7694172837352202,1,1
0,0.4858556579115301,0,0
0,0.7867863911472329,1,1
0,0.4323542405846378,0,0
0,0.47351793475634796,0,0
0,0.47538686810326813,0,0
1,0.8325718189713919,1,1
0,0.6203084193126193,1,1
1,0.38557519469619456,0,0
1,0.8180385501970941,1,1
1,0.9232212485158198,1,1
0,0.605083912501506,1,1
1,0.5529490635203825,1,1
0,0.16104137949538166,0,0
0,0.8305628964796001,1,1
1,0.7803582545632184,1,1
1,0.9415266443524927,1,1
1,0.6266933562490798,1,1
0,0.12690732438898641,0,0
0,0.3764204177868431,0,0
0,0.6867946099742533,1,1
0,0.39035740063471946,0,0
0,0.3071623584445367,0,0
1,0.6575441686181722,1,1
0,0.20715183183176245,0,0
0,0.29061057872554663,0,0
1,0.8234014159168934,1,1
1,0.8680016732991899,1,1
0,0.48916124426475255,0,0
0,0.21139621797325958,0,0
0,0.08150452617460759,0,0
0,0.11066829036612061,0,0
0,0.48215977919669695,0,0
1,0.7440132645639214,1,1
0,0.12135558508081506,0,0
1,0.8276208982911509,1,1
0,0.2514126905957387,0,0
1,0.8495768370128388,1,1
1,0.7884192779617455,1,1
0,0.296944800026326,0,0
0,0.5245504746582224,1,1
0,0.2227164607711943,0,0
0,0.31216438851021205,0,0
0,0.20406217214236286,0,0
0,0.14468636714916033,0,0
0,0.03704351515342356,0,0
1,0.8024893713401651,1,1
0,0.2204643706535221,0,0
0,0.40655698291942266,0,0
0,0.4736049694574961,0,0
1,0.7554324329124058,1,1
0,0.6848324528885065,1,1
0,0.13854066940721388,0,0
0,0.5458048975176775,1,1
0,0.6757220396209689,1,1
0,0.08341166945775831,0,0
0,0.5256419241574776,1,1
1,0.46740576714456683,0,0
0,0.15782800476100053,0,0
0,0.8160001131124522,1,1
1,0.60322533626269,1,1
1,0.538013172377269,1,1
0,0.2562534415117959,0,0
0,0.4758766902327545,0,0
1,0.5698965331323461,1,1
0,0.3742381124459044,0,0
1,0.10100245204868508,0,0
0,0.7239052949806549,1,1
0,0.5266319912660604,1,1
1,0.5832964766744171,1,1
0,0.1639743516508682,0,0
0,0.4592077205088376,0,0
0,0.6065024436427295,1,1
1,0.1764893895103993,0,0
0,0.06806916446788594,0,0
1,0.37762266196473165,0,0
0,0.6341653002250095,1,1
1,0.7437629716740587,1,1
1,0.6277654336564401,1,1
1,0.6840383776342431,1,1
0,0.5122147218447755,1,1
1,0.8701198576203253,1,1
0,0.29970908667264146,0,0
0,0.770614801709711,1,1
1,0.91884771472188,1,1
0,0.2643034189674006,0,0
1,0.8027515413491977,1,1
0,0.08824120789113508,0,0
1,0.43811329736432175,0,0
0,0.3728870074583707,0,0
1,0.3424851927199619,0,0
1,0.8954062632154779,1,1
1,0.7993870330878506,1,1
0,0.5118023090412533,1,1
0,0.5678887483693649,1,1
0,0.1691062277513416,0,0
1,0.8049196913807977,1,1
1,0.4177300990636778,0,0
0,0.11842413399874832,0,0
1,0.7400747370245848,1,1
0,0.4569289290913224,0,0
0,0.6102547560004037,1,1
1,0.9262347731937551,1,1
0,0.19354351322604452,0,0
0,0.21035305791243805,0,0
1,0.5920181252737584,1,1
1,0.6285341910309468,1,1
0,0.2962560928158048,0,0
1,0.8715076021898056,1,1
1,0.7032818928706692,1,1
0,0.8583262126700297,1,1
1,0.3214129172714596,0,0
0,0.18265358388090358,0,0
1,0.6912855401501952,1,1
1,0.8710193005531326,1,1
0,0.3743338526110345,0,0
0,0.3410639864176563,0,0
1,0.8368898006063479,1,1
0,0.11598240909563218,0,0
0,0.3399134383355523,0,0
0,0.7439102437612388,1,1
0,0.23129618406734614,0,0
0,0.13543795093679992,0,0
1,0.5423690291409018,1,1
1,0.7419676250828883,1,1
1,0.6243014256161671,1,1
0,0.18759847644119618,0,0
0,0.4209910307916643,0,0
0,0.30582200258134373,0,0
0,0.08163666622893342,0,0
0,0.1049079011306202,0,0
1,0.8192921888105302,1,1
1,0.7444740406225748,1,1
1,0.4667276948459764,0,0
0,0.21952705379106266,0,0
0,0.6571387790431695,1,1
0,0.6629686330657447,1,1
0,0.8006165263850826,1,1
0,0.40929885020839685,0,0
0,0.20409117527239148,0,0
1,0.23696661310382866,0,0
1,0.8496999030098357,1,1
0,0.4811637069014023,0,0
0,0.20868097833388521,0,0
0,0.1442841902155688,0,0
1,0.9246045718532325,1,1
0,0.5381847850831264,1,1
1,0.621637378410518,1,1
0,0.4683294231862266,0,0
0,0.5217811195372619,1,1
1,0.9410577997442108,1,1
0,0.3646914162202664,0,0
0,0.269455239357414,0,0
1,0.8681691084548854,1,1
1,0.8789941036508702,1,1
0,0.6908052449007619,1,1
0,0.32110818199634605,0,0
0,0.40114046066859543,0,0
1,0.8753406948195909,1,1
1,0.29070767455854224,0,0
0,0.3891022423291616,0,0
0,0.5905168349379508,1,1
0,0.4697714368632638,0,0
0,0.5159132962577486,1,1
0,0.2413422391457511,0,0
1,0.8419133178585656,1,1
0,0.24671115878087793,0,0
0,0.4699595171748256,0,0
0,0.19360831434211526,0,0
0,0.3329375381418542,0,0
0,0.8643484364570556,1,1
1,0.8419785193718011,1,1
0,0.4143382739396615,0,0
1,0.7670732390012551,1,1
0,0.6695919582173526,1,1
1,0.8397040942623546,1,1
1,0.9658798394979498,1,1
1,0.2869201314635158,0,0
1,0.3940913128004399,0,0
0,0.286670646473171,0,0
0,0.5775212510118815,1,1
0,0.8314792717497856,1,1
0,0.08781421697843356,0,0
0,0.7972686791333581,1,1
0,0.13098826434140512,0,0
1,0.7586839126885266,1,1
0,0.665702089154654,1,1
1,0.6063026733214728,1,1
0,0.7317276114145418,1,1
0,0.28902774732528974,0,0
1,0.7609869474421457,1,1
1,0.7668449699070631,1,1
0,0.7343859749804281,1,1
1,0.7656955672394714,1,1
1,0.6391645158840351,1,1
0,0.4402953919783173,0,0
0,0.24613619285140756,0,0
0,0.21584207974129357,0,0
0,0.9291294758128114,1,1
1,0.29331167676847275,0,0
1,0.8454972997243255,1,1
0,0.2601725924422424,0,0
0,0.5069447200276384,1,1
0,0.22863296568400793,0,0
0,0.8999659514912853,1,1
1,0.5302194889611905,1,1
0,0.09595534868928027,0,0
0,0.4403296131723371,0,0
0,0.3311690323114967,0,0
1,0.37434529170503966,0,0
0,0.5125257717139973,1,1
1,0.8168945832471725,1,1
0,0.710633255792094,1,1
1,0.6870692974709957,1,1
0,0.5954468261006184,1,1
1,0.8709264781454494,1,1
0,0.11176317221533376,0,0
1,0.8662994439012801,1,1
0,0.6854374869634752,1,1
0,0.29735070334238417,0,0
1,0.2769137579940634,0,0
0,0.20413909185012521,0,0
0,0.31002807313565284,0,0
0,0.5189932611163727,1,1
0,0.3930694932123018,0,0
0,0.9308381370134651,1,1
0,0.4252553625102962,0,0
1,0.8269107246522369,1,1
1,0.6302470233163459,1,1
1,0.5618790645687878,1,1
0,0.6983391571653608,1,1
0,0.43998486557023386,0,0
0,0.5710848187059699,1,1
0,0.5739584744658283,1,1
1,0.9573350577327138,1,1
1,0.8974228116211902,1,1
1,0.5053833519127058,1,1
0,0.19276950015831731,0,0
0,0.8143373840074465,1,1
0,0.6542830534040122,1,1
0,0.19482761507217625,0,0
0,0.28663282833066994,0,0
0,0.48870926400712883,0,0
1,0.8355268454078465,1,1
0,0.3081494736302813,0,0
0,0.234016130632882,0,0
0,0.3863450155592623,0,0
1,0.5896077551180349,1,1
0,0.1588684151535336,0,0
1,0.7871796803239126,1,1
0,0.39162351251095284,0,0
0,0.7719396624152179,1,1
1,0.8805624712362393,1,1
0,0.4042044254821144,0,0
0,0.18935311119113316,0,0
0,0.34947299661002007,0,0
0,0.1356566899599666,0,0
0,0.08213214929094007,0,0
1,0.6387415973809422,1,1
1,0.6983493101741958,1,1
0,0.2609839657563912,0,0
0,0.12294618221200773,0,0
0,0.343993245619393,0,0
0,0.5608326212388047,1,1
1,0.6760723904352378,1,1
0,0.3006510646465867,0,0
1,0.5993911782875745,1,1
1,0.14898294953977426,0,0
0,0.4605842787789748,0,0
0,0.5016952141117075,1,1
1,0.679145562464053,1,1
0,0.42451296873919075,0,0
0,0.3069330588828335,0,0
0,0.10608591093789031,0,0
0,0.8140860949828806,1,1
0,0.14289184049841688,0,0
1,0.725714737623976,1,1
1,0.7394572589901811,1,1
0,0.18508464640681938,0,0
1,0.7509622303110599,1,1
0,0.5701836280349947,1,1
0,0.4753434515649755,0,0
0,0.16345787658326758,0,0
0,0.5987994223232469,1,1
0,0.2717081852937421,0,0
0,0.3689180721294025,0,0
0,0.24743268179797837,0,0
1,0.13583743091902103,0,0
0,0.49135060787001733,0,0
0,0.20770256810203538,0,0
1,0.7862768893405251,1,1
0,0.301568595666085,0,0
0,0.4081678683211882,0,0
0,0.6869473249964357,1,1
1,0.46883832374297013,0,0
0,0.4417080152981448,0,0
0,0.46545516647081986,0,0
0,0.7021669306608084,1,1
1,0.8553102473361907,1,1
0,0.5356294900862035,1,1
1,0.798529795464199,1,1
0,0.5731735894730234,1,1
1,0.606603895427163,1,1
0,0.4961023894998293,0,0
0,0.030942496975895663,0,0
0,0.3754049729462997,0,0
0,0.704519566515821,1,1
1,0.6297013677674396,1,1
0,0.4021263968419413,0,0
0,0.21869617030150187,0,0
1,0.8542906012422906,1,1
0,0.8450861057799123,1,1
0,0.8347119276203371,1,1
0,0.7835050200575475,1,1
1,0.26774795294575654,0,0
0,0.8393069454480656,1,1
0,0.9407343579812034,1,1
0,0.09277463423675592,0,0
0,0.1902471669696852,0,0
0,0.9083448918000848,1,1
0,0.8742045093871652,1,1
1,0.7606285389003185,1,1
0,0.13940864567800634,0,0
0,0.4016338141922749,0,0
1,0.6062947330330677,1,1
1,0.09735521315141224,0,0
0,0.08160245980699396,0,0
0,0.2248320961217972,0,0
1,0.932061398862727,1,1
0,0.07456938807754473,0,0
0,0.9214139286522622,1,1
0,0.3987760810495933,0,0
0,0.7311109824525861,1,1
0,0.4024113039191651,0,0
1,0.7104715435498649,1,1
0,0.28389342056207595,0,0
0,0.3383787364095657,0,0
0,0.6495827860210887,1,1
0,0.10618592023079397,0,0
0,0.354637725830615,0,0
1,0.5801790865905239,1,1
0,0.589897411611872,1,1
1,0.46990093597248106,0,0
0,0.44481561245079254,0,0
0,0.41113104645161913,0,0
0,0.44085290259320037,0,0
0,0.7215745631887238,1,1
0,0.7537929094093933,1,1
0,0.638977639259834,1,1
0,0.5717735059035666,1,1
0,0.3253760166796009,0,0
1,0.7952435703825852,1,1
1,0.48356434049749536,0,0
0,0.8239372022928936,1,1
0,0.2639592041298328,0,0
0,0.7948831926472737,1,1
0,0.41171336711960405,0,0
1,0.4755989803049256,0,0
0,0.36695988688064807,0,0
1,0.37585428658145215,0,0
0,0.5690708385875182,1,1
0,0.10069320555740825,0,0
0,0.8217413962720731,1,1
1,0.5094750675972373,1,1
0,0.3488959064432158,0,0
0,0.5473503139778202,1,1
0,0.049107765279164155,0,0
1,0.8331887837167457,1,1
0,0.6348162722188179,1,1
0,0.82936824282463,1,1
0,0.17401812851140194,0,0
1,0.9251315908181927,1,1
0,0.2818749888662694,0,0
0,0.2986221621694474,0,0
0,0.14754400205745638,0,0
0,0.5455102095228572,1,1
0,0.3096668861391856,0,0
0,0.20835184282537186,0,0
1,0.8322083026231525,1,1
0,0.8431077670980325,1,1
0,0.7191310330923658,1,1
0,0.5839010814082009,1,1
0,0.1596668461870428,0,0
0,0.11355350408253585,0,0
0,0.3368421626558718,0,0
0,0.2521568370020427,0,0
1,0.8434215402362235,1,1
0,0.36760416827619374,0,0
1,0.382076668743478,0,0
1,0.451117396937965,0,0
0,0.3353353867100581,0,0
1,0.8483621030910692,1,1
1,0.6928805830348211,1,1
1,0.6072501601763997,1,1
0,0.5394972865708811,1,1
1,0.6615740179632706,1,1
0,0.37733597728381274,0,0
0,0.1496606676359355,0,0
0,0.4958434373854348,0,0
0,0.5178116263761982,1,1
0,0.3244228994041221,0,0
0,0.07686570606499103,0,0
0,0.39508122832326686,0,0
1,0.8253716448379946,1,1
0,0.1488363219832203,0,0
0,0.4615416463817117,0,0
0,0.3931053667554704,0,0
1,0.6262620413890986,1,1
1,0.8842865937170016,1,1
0,0.9006847935201473,1,1
1,0.9412207542402024,1,1
0,0.38160397093862264,0,0
0,0.6835063507977176,1,1
0,0.13359455468539067,0,0
0,0.28984582456764424,0,0
0,0.08069120513439411,0,0
0,0.5625921650166665,1,1
0,0.28349420040598683,0,0
0,0.3563999690841858,0,0
0,0.2128229551027487,0,0
0,0.1029625452755273,0,0
0,0.17052648881231622,0,0
1,0.7683902533863969,1,1
1,0.8159881838859633,1,1
0,0.12945966163863395,0,0
1,0.49474160437429093,0,0
0,0.8318956102881204,1,1
0,0.7327806092296966,1,1
1,0.8615604018249423,1,1
0,0.24343881166177636,0,0
0,0.5196063989511942,1,1
1,0.20912219075462907,0,0
1,0.6013306465835132,1,1
0,0.23564347863179075,0,0
0,0.48550740341149784,0,0
0,0.17629927430533598,0,0
1,0.5547822100111379,1,1
0,0.4473673159097696,0,0
0,0.7918084813998298,1,1
0,0.8921831373358748,1,1
1,0.7927009004439307,1,1
0,0.41385392805328247,0,0
0,0.11137778707938033,0,0
0,0.46363480232672905,0,0
0,0.3553479561949651,0,0
0,0.1753531923034442,0,0
1,0.5682602577366139,1,1
0,0.08682026182960809,0,0
0,0.6001233260103352,1,1
1,0.6854674767722565,1,1
1,0.37944510287415906,0,0
0,0.7000718377501443,1,1
0,0.37438594996043933,0,0
0,0.18755402104303293,0,0
0,0.38930958902195323,0,0
1,0.8924322064018294,1,1
0,0.30353850841306007,0,0
1,0.36757894960201604,0,0
0,0.49559646840554056,0,0
1,0.5270988281064075,1,1
1,0.27650846480110675,0,0
0,0.1775857594223259,0,0
0,0.2248725318934739,0,0
0,0.11169575326773208,0,0
0,0.17940506596114786,0,0
0,0.37958844369597233,0,0
0,0.24734221929168515,0,0
0,0.08972134243724078,0,0
0,0.11395185853674421,0,0
0,0.7763394909988265,1,1
0,0.6662642525966996,1,1
1,0.8200785017134061,1,1
1,0.8002571789085644,1,1
0,0.1358732310441933,0,0
0,0.6175490351120969,1,1
1,0.717873915060133,1,1
1,0.6563642435237832,1,1
1,0.23699010165400272,0,0
0,0.6709167557501259,1,1
0,0.5289247722378527,1,1
1,0.7758027108255621,1,1
0,0.15224269901394766,0,0
1,0.44146151894821184,0,0
0,0.31750038667072455,0,0
0,0.29731101401990545,0,0
0,0.27259841696131704,0,0
0,0.15881106312781582,0,0
1,0.8678604103906613,1,1
0,0.16329377343381238,0,0
0,0.3022436149108876,0,0
0,0.31400831825884684,0,0
0,0.19693881651024112,0,0
0,0.7855427870901188,1,1
0,0.22326228087822095,0,0
0,0.18855790271686976,0,0
0,0.17976934978600415,0,0
1,0.085302042164758,0,0
1,0.922061739485642,1,1
1,0.8005811175251881,1,1
0,0.04932854784962296,0,0
1,0.8882008766237172,1,1
1,0.7590892048677734,1,1
0,0.39904433267111367,0,0
1,0.46523747334812016,0,0
1,0.8122871852706515,1,1
0,0.3167348295990602,0,0
0,0.40525230090193504,0,0
0,0.23784068602412203,0,0
0,0.505657434485267,1,1
0,0.1316292006409054,0,0
0,0.13363130682826174,0,0
1,0.48038520924982453,0,0
1,0.7761297943023665,1,1
0,0.1507184179787618,0,0
1,0.6797067172646469,1,1
0,0.2622948370772048,0,0
0,0.4262936933373666,0,0
1,0.2580072686862112,0,0
0,0.221242636221868,0,0
1,0.7034755550197641,1,1
1,0.7106451147245899,1,1
0,0.47206947109901476,0,0
0,0.10812332522968134,0,0
0,0.15632584832057803,0,0
1,0.8426244404215962,1,1
0,0.5095704769414664,1,1
0,0.6504902709512501,1,1
0,0.5263147751500529,1,1
0,0.44842355615564383,0,0
0,0.5632377427943533,1,1
0,0.2352505524484739,0,0
0,0.29879488627375883,0,0
1,0.7304005715843552,1,1
0,0.43349711949902614,0,0
1,0.42187591945937675,0,0
0,0.25147679381650906,0,0
1,0.9389363871190952,1,1
0,0.7940187731034422,1,1
1,0.3734176154838648,0,0
0,0.6771733244304797,1,1
1,0.17980236371552175,0,0
0,0.45640386089764556,0,0
0,0.2555689742225131,0,0
1,0.7202771342036093,1,1
0,0.14401972116790296,0,0
1,0.13525037258648187,0,0
1,0.8139748517254428,1,1
0,0.4076701813462233,0,0
1,0.7420492545353485,1,1
0,0.5691440163026142,1,1
0,0.14597467193527253,0,0
0,0.4269768130158961,0,0
0,0.34205622071436975,0,0
0,0.10165951834655211,0,0
0,0.14633489194813737,0,0
1,0.7254787513232737,1,1
1,0.5335849379101806,1,1
1,0.35310309723863326,0,0
1,0.6468560133568023,1,1
1,0.3288305212645648,0,0
1,0.6223605595666626,1,1
1,0.788375085424067,1,1
0,0.5524934394826627,1,1
1,0.6219257246809035,1,1
0,0.18363371451367577,0,0
1,0.8736499667532076,1,1
0,0.37758224904273796,0,0
1,0.8120232988360547,1,1
0,0.4712883487902155,0,0
0,0.7724672531446246,1,1
0,0.11104299872951616,0,0
0,0.3478721329434399,0,0
1,0.9367352314430164,1,1
0,0.21603822203436435,0,0
0,0.6639770773818916,1,1
1,0.8535591026873958,1,1
0,0.46371577451556,0,0
0,0.23681218546424754,0,0
0,0.7373735967573898,1,1
1,0.9024514808944477,1,1
1,0.7689877730414844,1,1
0,0.2141466319422887,0,0
0,0.046439891743488344,0,0
1,0.6952486946167122,1,1
1,0.9320079595975156,1,1
0,0.7008231762360033,1,1
0,0.505033004982336,1,1
0,0.12210931352479289,0,0
0,0.30450962302467144,0,0
1,0.1150552498420671,0,0
0,0.6063277543030391,1,1
1,0.87415015983563,1,1
0,0.08616665942457537,0,0
0,0.34912459796997636,0,0
0,0.0599398902755282,0,0
1,0.796677543960316,1,1
0,0.6515498778613747,1,1
0,0.19250899047450834,0,0
1,0.3809898688131424,0,0
1,0.5274385116435896,1,1
0,0.06468912831116079,0,0
0,0.12315883696968519,0,0
0,0.5771515359079736,1,1
1,0.8802819441043188,1,1
0,0.1384047740048109,0,0
0,0.6679882039935763,1,1
1,0.6220214370459867,1,1
0,0.2944647209191425,0,0
1,0.7381054762281514,1,1
0,0.4111680772693977,0,0
0,0.13876730974959045,0,0
0,0.17190474189104724,0,0
1,0.8297132471623845,1,1
0,0.5134031502977217,1,1
0,0.08974514284759033,0,0
1,0.5077019294002996,1,1
0,0.2334242624704289,0,0
0,0.35631726472742625,0,0
0,0.2066783961612734,0,0
1,0.6537546199429154,1,1
1,0.20383040503654062,0,0
0,0.7558857731943143,1,1
0,0.681706688855737,1,1
0,0.07684025897686145,0,0
0,0.2537482712833644,0,0
0,0.11621302241224553,0,0
1,0.5198837811384317,1,1
0,0.20480466415760634,0,0
0,0.4858024211197174,0,0
1,0.37323871874281284,0,0
0,0.34861241561606393,0,0
1,0.9378739023374969,1,1
0,0.6620933314619594,1,1
0,0.5398423964715064,1,1
0,0.1418753376349055,0,0
0,0.18354367897521126,0,0
1,0.34511276290622467,0,0
1,0.7114722632042965,1,1
1,0.6781095751764257,1,1
1,0.5937182095427301,1,1
0,0.10016636749838205,0,0
0,0.36258737322329715,0,0
0,0.36425732644126485,0,0
0,0.5124046151294489,1,1
0,0.1332613173728431,0,0
0,0.3644876133166448,0,0
0,0.7217310740387508,1,1
1,0.5813742466593143,1,1
1,0.8999838184129062,1,1
1,0.6997310884343801,1,1
0,0.2597176063550558,0,0
0,0.32720780820507633,0,0
1,0.1897305545164111,0,0
0,0.4855569204542839,0,0
1,0.9531559695758159,1,1
0,0.5353815694185947,1,1
0,0.5317745771786357,1,1
0,0.1809850014742839,0,0
0,0.12084767837848555,0,0
1,0.7428597590457683,1,1
1,0.16394918827658828,0,0
0,0.8265817879334512,1,1
1,0.5082449048412411,1,1
0,0.4918880011091417,0,0
0,0.4013433643353156,0,0
0,0.744763275393247,1,1
0,0.548814897218636,1,1
1,0.5271985643566671,1,1
0,0.37697562793050654,0,0
1,0.08718131080920465,0,0
0,0.5263709256407144,1,1
0,0.4564591533933262,0,0
1,0.883650642144843,1,1
1,0.943717738394776,1,1
0,0.9480429445367939,1,1
1,0.5239978711871397,1,1
0,0.7302379357933488,1,1
0,0.08039089470219263,0,0
0,0.29309927761862753,0,0
0,0.9192311758054209,1,1
0,0.08529507533582666,0,0
0,0.42160778751593936,0,0
0,0.12630151702000636,0,0
0,0.32921810567457777,0,0
1,0.7740999079468257,1,1
0,0.6101461322040769,1,1
0,0.5271053456172196,1,1
1,0.35642041619276754,0,0
0,0.37926836726852164,0,0
0,0.22119706332730302,0,0
0,0.32445720430527103,0,0
0,0.1170272210545619,0,0
0,0.8578686478937368,1,1
0,0.24766492282862762,0,0
0,0.6403499157072229,1,1
0,0.7539263763798979,1,1
1,0.8565726354655762,1,1
0,0.48542865411306824,0,0
0,0.6686415246071883,1,1
0,0.7537596631381382,1,1
1,0.6795745150929396,1,1
0,0.34490322400301937,0,0
0,0.10774517065486136,0,0
1,0.9519135577831421,1,1
0,0.2885707482529025,0,0
0,0.7986163278227654,1,1
1,0.7585080095733452,1,1
0,0.23169049100619463,0,0
0,0.4365057647958615,0,0
1,0.8036597992250841,1,1
1,0.8873470371633714,1,1
1,0.8706733257931506,1,1
0,0.3121449281842724,0,0
0,0.15483779108255552,0,0
0,0.3281621587192377,0,0
1,0.7467789970524135,1,1
0,0.7432036438123167,1,1
0,0.4030257630748082,0,0
0,0.7011291649175995,1,1
0,0.12097269067316171,0,0
0,0.18375237085972496,0,0
0,0.2996630928549833,0,0
1,0.6155185742966811,1,1
0,0.5133552865413636,1,1
0,0.6386559420180242,1,1
0,0.23792287514604818,0,0
0,0.29285739703405683,0,0
0,0.30080868395384786,0,0
0,0.15453144877340788,0,0
1,0.14507734674403322,0,0
1,0.8980695521601646,1,1
0,0.42217687053915276,0,0
0,0.1864555330486085,0,0
0,0.6651987096189034,1,1
1,0.5766056847987051,1,1
1,0.9225902360604594,1,1
1,0.29980438579926777,0,0
0,0.0956091367365499,0,0
0,0.09132327975206059,0,0
1,0.19003899758683893,0,0
1,0.7977244908208622,1,1
1,0.9102911898165402,1,1
0,0.4041221763319413,0,0
0,0.7674332000358367,1,1
0,0.8619223478089918,1,1
0,0.39044338148996854,0,0
0,0.15079135547805547,0,0
1,0.6581056116683113,1,1
1,0.9019446490801138,1,1
0,0.1264255325560092,0,0
1,0.8650800202988296,1,1
0,0.16120322942537438,0,0
0,0.7598383743032892,1,1
0,0.3220536130737948,0,0
0,0.3619752225044886,0,0
1,0.47090626897309606,0,0
0,0.18663727491751225,0,0
0,0.15388884358355417,0,0
1,0.6483954097454256,1,1
1,0.17246295857508234,0,0
1,0.4722289953353314,0,0
1,0.820674539909946,1,1
0,0.0746596718297558,0,0
0,0.24539570217341822,0,0
1,0.83813550019068,1,1
1,0.6016240007224272,1,1
0,0.1776940352591911,0,0
0,0.10542584586863132,0,0
0,0.39319047632980847,0,0
0,0.08785581701496505,0,0
1,0.39459849399640823,0,0
0,0.22910044418290806,0,0
1,0.579675249524368,1,1
1,0.12963279192064306,0,0
0,0.47273020403904414,0,0
1,0.8939132340926468,1,1
0,0.3142853285099883,0,0
1,0.9063961221645294,1,1
0,0.3742062802660215,0,0
1,0.7826455573966598,1,1
0,0.04401076895786799,0,0
0,0.2368493556712011,0,0
0,0.10716389176761462,0,0
0,0.4985379306963112,0,0
1,0.6633776700760113,1,1
0,0.46424488490983346,0,0
1,0.8469698838131999,1,1
1,0.6316813108779923,1,1
0,0.22377593532757512,0,0
1,0.491505154344375,0,0
0,0.1266552509629792,0,0
1,0.8372548543782592,1,1
0,0.6043031051127489,1,1
1,0.34261448703592573,0,0
0,0.1073222219899461,0,0
1,0.844051135746485,1,1
0,0.0621413382688789,0,0
1,0.7186162565490025,1,1
0,0.3139383362208861,0,0
0,0.2506813155781805,0,0
1,0.47591809028966076,0,0
0,0.3732946176886056,0,0
0,0.36000013795826763,0,0
1,0.7770518940767013,1,1
1,0.09730341880416224,0,0
1,0.850169252894973,1,1
0,0.11412198161875096,0,0
0,0.5176664257412121,1,1
1,0.8581166103062206,1,1
0,0.13215155432332493,0,0
1,0.8726782941015312,1,1
0,0.34080682754396224,0,0
0,0.07857930151250157,0,0
0,0.3568800270239853,0,0
0,0.5820097657632332,1,1
1,0.8895676863129033,1,1
1,0.7509061916648211,1,1
1,0.508800368070993,1,1
0,0.4373062230703718,0,0
0,0.24541471360921793,0,0
0,0.11640888874523636,0,0
0,0.3609037439384601,0,0
1,0.8787429912724356,1,1
0,0.11525396129365319,0,0
0,0.3999687097676828,0,0
0,0.46645130084253117,0,0
1,0.35814421003766406,0,0
1,0.6297459052758612,1,1
0,0.2136792189051734,0,0
1,0.6890456195312353,1,1
0,0.3780777792040778,0,0
0,0.16417042062926,0,0
0,0.35793635153496633,0,0
1,0.4529634590812756,0,0
0,0.18560866314939464,0,0
1,0.5568407014098804,1,1
1,0.4520477512111833,0,0
0,0.5539282584140955,1,1
0,0.2653773110824277,0,0
0,0.38981382216672616,0,0
0,0.09953995367492567,0,0
0,0.17573259438370345,0,0
1,0.5844404781447359,1,1
1,0.6884844989254991,1,1
0,0.548030965266586,1,1
1,0.49316714757192465,0,0
1,0.36967847529433473,0,0
0,0.19225884311899868,0,0
0,0.8080246355115986,1,1
1,0.4804149561360104,0,0
0,0.30462911120983216,0,0
0,0.2997402369089411,0,0
0,0.7961929905829479,1,1
0,0.2874754894842671,0,0
0,0.1581718202415838,0,0
0,0.28666479483517776,0,0
1,0.6260141034212777,1,1
1,0.6745407033963855,1,1
1,0.3204065138478421,0,0
1,0.5718425727434261,1,1
0,0.6531663621680892,1,1
0,0.2542469527095588,0,0
0,0.5348028024749106,1,1
0,0.20940925123540194,0,0
0,0.3860250928456121,0,0
1,0.1151071357280947,0,0
0,0.27928498334778923,0,0
1,0.4127133994278593,0,0
0,0.32170339268977044,0,0
0,0.8159329310696496,1,1
1,0.43824049798750897,0,0
0,0.4445282888894533,0,0
0,0.09393734729844175,0,0
0,0.6746993514651204,1,1
0,0.35806395535571356,0,0
1,0.671914071390873,1,1
0,0.5726378176319602,1,1
0,0.2541735342394729,0,0
0,0.383496082721894,0,0
0,0.26070638402703294,0,0
0,0.40918824775476526,0,0
0,0.14101951040070534,0,0
0,0.3286790058510138,0,0
1,0.7866957492877703,1,1
0,0.45607740901112237,0,0
1,0.8306671508281562,1,1
1,0.7058799962148021,1,1
0,0.6253647121729301,1,1
1,0.9008651078732589,1,1
1,0.5238534509694663,1,1
0,0.2954107825450854,0,0
0,0.4429487780859612,0,0
0,0.3506870524876519,0,0
0,0.27972474483787046,0,0
0,0.7561149598587383,1,1
0,0.2363750217119799,0,0
0,0.3407409391321109,0,0
1,0.8751003494051538,1,1
0,0.3009181665957452,0,0
0,0.8551798402628973,1,1
0,0.17830004848953168,0,0
1,0.46111090830227514,0,0
0,0.09608870690108026,0,0
0,0.3089540154176527,0,0
1,0.5629125123467393,1,1
1,0.9032953954255041,1,1
1,0.9116752758294613,1,1
1,0.665102929795041,1,1
0,0.6846646399624117,1,1
1,0.9417656033623372,1,1
0,0.9107471102797866,1,1
1,0.8003725744711778,1,1
0,0.07051636167235677,0,0
1,0.4832553723103723,0,0
0,0.36160763122518313,0,0
0,0.2699895956247876,0,0
1,0.8570179209026979,1,1
0,0.6119185442585898,1,1
1,0.3162131122728592,0,0
1,0.23655352853810316,0,0
0,0.665883915882192,1,1
0,0.230240415660749,0,0
0,0.4570748226029047,0,0
1,0.7509079847916424,1,1
1,0.6529580074263956,1,1
0,0.10217743528199572,0,0
0,0.6492102192972637,1,1
1,0.5630922204012095,1,1
0,0.28465039473388937,0,0
1,0.7118728739582142,1,1
1,0.700005977508149,1,1
0,0.2239357136615814,0,0
1,0.7505330194006277,1,1
0,0.19572541692699447,0,0
1,0.6663271019209438,1,1
1,0.8680300137480403,1,1
0,0.4250873754430653,0,0
0,0.3153289656239426,0,0
0,0.3702693178731153,0,0
0,0.8872704040261401,1,1
0,0.5995212787443094,1,1
0,0.20295176670555476,0,0
0,0.4563427727203419,0,0
1,0.5768348613882166,1,1
0,0.827153621003106,1,1
0,0.09761728786745809,0,0
0,0.5046890354437191,1,1
1,0.7769995350862648,1,1
0,0.5290574212955388,1,1
0,0.13721361887116168,0,0
1,0.6930810410490745,1,1
0,0.4616234435834893,0,0
0,0.2392959578599912,0,0
0,0.9438945888696552,1,1
0,0.37567729909074715,0,0
1,0.1656050539422029,0,0
0,0.32114357845316727,0,0
1,0.80982195923866,1,1
1,0.09357275552224756,0,0
1,0.6717709725787531,1,1
1,0.7823082830888956,1,1
1,0.5816537015500526,1,1
1,0.8447198958447004,1,1
0,0.08188100209894256,0,0
0,0.16035026390890744,0,0
0,0.8422377069806628,1,1
0,0.23137798981815919,0,0
1,0.6800848904863479,1,1
0,0.35701089306522404,0,0
1,0.8407548168271888,1,1
1,0.47562413575025164,0,0
1,0.7346398202985156,1,1
1,0.5082016272875671,1,1
1,0.7115601577068231,1,1
0,0.2713596847751591,0,0
0,0.8226914149520214,1,1
1,0.8617071560337961,1,1
0,0.696824303524132,1,1
0,0.0943489338957024,0,0
0,0.1935057893533451,0,0
0,0.35560017649094555,0,0
0,0.08923583118545887,0,0
0,0.22176842449906714,0,0
1,0.7349418923818615,1,1
1,0.17897080937131088,0,0
0,0.2351750364759161,0,0
1,0.7635891424502878,1,1
0,0.2609214427399934,0,0
0,0.37982856772241225,0,0
0,0.12112430800567422,0,0
0,0.07577910776006776,0,0
1,0.7549011552471816,1,1
0,0.20016822942861012,0,0
0,0.521067949399411,1,1
1,0.7992686239958827,1,1
0,0.46260443580455984,0,0
1,0.7575093692871676,1,1
1,0.8004558754596129,1,1
0,0.2323798574504605,0,0
0,0.260882128913377,0,0
1,0.6405293271694511,1,1
1,0.36332068335273976,0,0
1,0.7170635201372652,1,1
0,0.5658319525065992,1,1
1,0.5758084133106206,1,1
0,0.34647257330749787,0,0
0,0.19097964557694222,0,0
0,0.5932221392706856,1,1
1,0.7655051872451455,1,1
0,0.4991256827451245,0,0
0,0.14712788658059026,0,0
0,0.13157601367091915,0,0
0,0.2676877329028142,0,0
1,0.8069175881093322,1,1
0,0.432276748354008,0,0
0,0.21021565800774727,0,0
0,0.05755655035307256,0,0
1,0.882373703375056,1,1
1,0.398331778448544,0,0
0,0.6236295456521741,1,1
1,0.730688789579358,1,1
0,0.31622976944131775,0,0
0,0.44221822730838667,0,0
1,0.3905632401489309,0,0
0,0.42127476655463675,0,0
0,0.238260174077203,0,0
0,0.054632337408395557,0,0
0,0.09825292541983316,0,0
0,0.27280318000533016,0,0
0,0.2348529324291548,0,0
1,0.3198043636238603,0,0
0,0.4590696198243609,0,0
0,0.1138047933186238,0,0
0,0.20606690192129337,0,0
1,0.6240983682018622,1,1
1,0.7654085928045395,1,1
1,0.7758228265419151,1,1
0,0.3732548109702581,0,0
1,0.43495245550011097,0,0
1,0.7996854085467328,1,1
0,0.2647706957113483,0,0
0,0.23438848913687382,0,0
1,0.6687135383859323,1,1
0,0.8065315614242501,1,1
0,0.36517020298059955,0,0
0,0.20422752035040137,0,0
1,0.6373077119110051,1,1
0,0.6277112845975716,1,1
0,0.3011164030365918,0,0
1,0.2547123670719964,0,0
1,0.4303921728225861,0,0
0,0.04102651364840611,0,0
1,0.5175385178729491,1,1
0,0.34972622883995613,0,0
1,0.7062551524761049,1,1
1,0.34040979661880405,0,0
0,0.8279552382833484,1,1
0,0.21265332668613457,0,0
1,0.8933107488930262,1,1
0,0.18140248288301739,0,0
0,0.34982873246719726,0,0
1,0.8839189987608609,1,1
0,0.3492509477661618,0,0
0,0.18622143183400425,0,0
1,0.7781124967176574,1,1
1,0.405831450112902,0,0
0,0.35730803076851514,0,0
0,0.5218490875528266,1,1
1,0.3747787205885467,0,0
0,0.1101088715670638,0,0
1,0.917230226507092,1,1
0,0.3734839250928317,0,0
0,0.16989650175111387,0,0
1,0.8468322542098974,1,1
0,0.7975215397643189,1,1
1,0.7104781018134259,1,1
1,0.9241899810785018,1,1
0,0.8627769447990113,1,1
0,0.16362460949486754,0,0
0,0.05460124721468934,0,0
1,0.8428301000999477,1,1
0,0.11871577059683147,0,0
0,0.27632386846216705,0,0
1,0.8944366294580568,1,1
0,0.37619091814290284,0,0
0,0.16582708729371629,0,0
1,0.6510960581756149,1,1
0,0.12597032345618425,0,0
1,0.5073680837402715,1,1
0,0.1330144316842635,0,0
0,0.17723147197587197,0,0
1,0.6869783912001474,1,1
1,0.7844469110902174,1,1
0,0.18359599051505304,0,0
0,0.4953569070170344,0,0
1,0.8406650060725928,1,1
0,0.7754656799460882,1,1
0,0.5330129233341422,1,1
0,0.3084960208214506,0,0
0,0.5649449566727796,1,1
0,0.5019758503540672,1,1
1,0.8872914781079179,1,1
1,0.4394268881071323,0,0
0,0.26716088093126633,0,0
0,0.06931987767902933,0,0
1,0.8642848235554732,1,1
0,0.20944227037462412,0,0
0,0.8123689650395219,1,1
1,0.8734584674126702,1,1
0,0.16699765889585355,0,0
0,0.6047176085324892,1,1
1,0.3087270956640737,0,0
0,0.6791295661987437,1,1
1,0.6272267779826931,1,1
0,0.524842031752145,1,1
0,0.4406132734964266,0,0
0,0.39281597631425896,0,0
0,0.6422425711946129,1,1
0,0.22684774442572198,0,0
1,0.5367274985502948,1,1
0,0.6187252742349314,1,1
1,0.9317612247573397,1,1
0,0.14206016827740078,0,0
1,0.6757985386617321,1,1
1,0.347945593652284,0,0
0,0.4983536990929609,0,0
0,0.2475849094124741,0,0
0,0.28178859955356755,0,0
0,0.11541583288788627,0,0
0,0.7680730019988427,1,1
0,0.21524375451455677,0,0
1,0.8299952528456869,1,1
0,0.5462594054028327,1,1
1,0.332174849765217,0,0
1,0.7161649207736596,1,1
0,0.5071774829208999,1,1
0,0.1574320415948184,0,0
0,0.19313555440584923,0,0
0,0.21854348801999995,0,0
1,0.7613729334972749,1,1
0,0.2541836137759997,0,0
1,0.5985048624124659,1,1
0,0.48463049097049166,0,0
0,0.42999191276531057,0,0
0,0.8122387595031519,1,1
1,0.2061396837696812,0,0
1,0.7580278010304128,1,1
1,0.9528212058790034,1,1
0,0.16078458817112862,0,0
1,0.8496089902488919,1,1
0,0.8018325131176864,1,1
0,0.16020802373029477,0,0
1,0.7108542515718737,1,1
0,0.33814962412630434,0,0
0,0.4859913214308241,0,0
0,0.19524688659483916,0,0
0,0.3812751330229533,0,0
0,0.7516856774851839,1,1
0,0.21778453931112113,0,0
0,0.6099159161285277,1,1
0,0.25843983264700354,0,0
1,0.6119332392659376,1,1
0,0.28798068467030974,0,0
1,0.908212667461777,1,1
1,0.6575076849752115,1,1
0,0.18280496947677558,0,0
1,0.850336031625824,1,1
0,0.29799383765039883,0,0
0,0.2857532662998127,0,0
0,0.3346598599417603,0,0
0,0.30889586844716077,0,0
0,0.49026176759892076,0,0
0,0.25123372827273166,0,0
0,0.2854783837870908,0,0
1,0.7086046902403843,1,1
0,0.29633630668177663,0,0
0,0.35807864287971447,0,0
0,0.196845748675105,0,0
1,0.901484160142376,1,1
0,0.4422803741263996,0,0
0,0.600853203740806,1,1
1,0.2109679002424614,0,0
1,0.7228171615673464,1,1
0,0.4452175214831427,0,0
0,0.4068671898529384,0,0
1,0.3417467530452213,0,0
0,0.7435780848184251,1,1
0,0.5214339442025459,1,1
0,0.488834636026954,0,0
1,0.7876385484977714,1,1
0,0.4216867666226446,0,0
1,0.9040501828243056,1,1
1,0.5037079236169818,1,1
0,0.8691019932067872,1,1
0,0.7261677816616371,1,1
0,0.06652622795301862,0,0
1,0.9748954452300128,1,1
0,0.3126129173805808,0,0
0,0.46153591302775576,0,0
0,0.2593831518955711,0,0
0,0.21733789376585713,0,0
1,0.4516062530134664,0,0
1,0.8941531665043466,1,1
0,0.17558521152759754,0,0
1,0.7487094462117833,1,1
0,0.5752178196879357,1,1
0,0.3345953218353295,0,0
0,0.7947888127481039,1,1
1,0.6593689087367846,1,1
1,0.4534861309105794,0,0
0,0.37233337111923126,0,0
0,0.9299817058684029,1,1
0,0.20176517611844738,0,0
0,0.34396453238849245,0,0
1,0.4073614672650416,0,0
1,0.6860152173761067,1,1
0,0.2340644519392261,0,0
0,0.19311764318244673,0,0
0,0.4489165171812407,0,0
0,0.4421168983763676,0,0
1,0.7119777190913036,1,1
0,0.2014267989032561,0,0
0,0.8545595588810229,1,1
0,0.9166754924989617,1,1
1,0.4634360668639193,0,0
0,0.10791336991771584,0,0
0,0.49247932488181034,0,0
0,0.4170960143781878,0,0
0,0.570811212755092,1,1
0,0.19753586293668357,0,0
0,0.5721965882364042,1,1
1,0.7859654387922618,1,1
0,0.2489087333126833,0,0
0,0.653725627452474,1,1
1,0.49762542257167514,0,0
0,0.21145613804322752,0,0
1,0.8261390560978391,1,1
1,0.9243138742256061,1,1
0,0.1304937245128557,0,0
1,0.7684102192014253,1,1
0,0.551856038837889,1,1
0,0.10013695058348114,0,0
0,0.11466836444025301,0,0
0,0.5990740214148584,1,1
1,0.9239975132808728,1,1
1,0.8683088861478374,1,1
0,0.10789785099132258,0,0
0,0.3713539039026457,0,0
0,0.7151971638745341,1,1
1,0.9278061567447078,1,1
1,0.9306115593711222,1,1
0,0.1901610126044643,0,0
0,0.07530619943101732,0,0
0,0.24927310252456347,0,0
0,0.45268066907616344,0,0
0,0.5798116204979404,1,1
0,0.1406391789193939,0,0
0,0.11124455018110188,0,0
0,0.6221451075354636,1,1
0,0.6114361259571249,1,1
1,0.3692726107605893,0,0
1,0.6651501010350208,1,1
0,0.6049924628154342,1,1
0,0.19228606949627453,0,0
0,0.39253915095084624,0,0
1,0.6023374089638082,1,1
1,0.5354080727373369,1,1
1,0.9522092225015772,1,1
1,0.7470195324309143,1,1
1,0.6213390081276028,1,1
0,0.12495428278917421,0,0
0,0.5564339288167215,1,1
0,0.39250369453607636,0,0
1,0.22092284576803822,0,0
0,0.1259536672643916,0,0
0,0.6931728895455096,1,1
1,0.4467409666858862,0,0
0,0.1977698732813805,0,0
0,0.8659834985414323,1,1
0,0.3959853505942615,0,0
1,0.22716801850158208,0,0
0,0.194355324427948,0,0
0,0.6326490847783228,1,1
1,0.6248682126766849,1,1
0,0.3274071336251946,0,0
1,0.43522839876873914,0,0
0,0.31665492472629997,0,0
1,0.9137108031297216,1,1
1,0.7069062549829194,1,1
1,0.8192712790971616,1,1
1,0.8762054973694539,1,1
0,0.7618916972423441,1,1
0,0.49714455945980773,0,0
1,0.8022910220584926,1,1
1,0.38519649906071574,0,0
0,0.35595841204248035,0,0
0,0.5417732875963577,1,1
1,0.4179762793276463,0,0
1,0.9225021206879438,1,1
1,0.7432763326719092,1,1
0,0.08313237141422795,0,0
1,0.7583977057324793,1,1
0,0.2250558213158244,0,0
1,0.7483609555117356,1,1
1,0.5294520699250096,1,1
1,0.5001237694692897,1,1
0,0.3448905826934225,0,0
0,0.6121338372743953,1,1
0,0.15066411085848516,0,0
0,0.0722256740420669,0,0
0,0.6841675737145996,1,1
0,0.7952774182842418,1,1
1,0.6050020063915823,1,1
1,0.2773240562733969,0,0
0,0.39401531585525856,0,0
1,0.8294950361001806,1,1
0,0.35726834462642576,0,0
1,0.48782081192151344,0,0
0,0.1577010215368905,0,0
0,0.07639604452049967,0,0
0,0.5369090267372244,1,1
0,0.6244679134198439,1,1
0,0.3824178055322565,0,0
0,0.39429465984747286,0,0
0,0.5277888313303153,1,1
1,0.8095904474269258,1,1
0,0.5354028818163806,1,1
0,0.31158497945417557,0,0
0,0.16236804062924606,0,0
1,0.357455559361862,0,0
1,0.5112690459010436,1,1
1,0.7901161085161256,1,1
1,0.6560174232761844,1,1
0,0.19121673565859168,0,0
1,0.4393404941383955,0,0
1,0.7223850934828008,1,1
1,0.2020033229609746,0,0
0,0.5905784555208186,1,1
0,0.40820718032288,0,0
0,0.5890244759040664,1,1
1,0.8471229738144535,1,1
0,0.20773980330605427,0,0
0,0.21796564189742199,0,0
0,0.484271084235203,0,0
1,0.8532602948791936,1,1
0,0.13014153466639075,0,0
0,0.18979966686512242,0,0
0,0.18708123737228669,0,0
0,0.06789673412219983,0,0
0,0.1490001187157106,0,0
1,0.8394391810964175,1,1
0,0.41039712301347664,0,0
1,0.6893960399289938,1,1
1,0.8314677087004185,1,1
0,0.36108251938615665,0,0
1,0.7692600303222479,1,1
0,0.3343811534329784,0,0
1,0.8121608697223108,1,1
0,0.49836625947039304,0,0
0,0.40809135074740854,0,0
1,0.658119850518734,1,1
0,0.14451722870611627,0,0
0,0.11935068604040057,0,0
0,0.7873281650821568,1,1
0,0.6289990392638052,1,1
1,0.31399322266775154,0,0
1,0.8110491325921184,1,1
0,0.2204614346970798,0,0
1,0.14762358237280307,0,0
0,0.6563366754865452,1,1
0,0.5670857541597657,1,1
1,0.8395150069562842,1,1
0,0.046296654682907425,0,0
1,0.8309581517183513,1,1
1,0.868897464196517,1,1
0,0.19085046509834702,0,0
0,0.719859282110688,1,1
1,0.5229670150432455,1,1
0,0.24853145136915983,0,0
0,0.45386034784318313,0,0
0,0.11351797307643222,0,0
0,0.2899629403544521,0,0
0,0.4165998189019725,0,0
1,0.7581214932647837,1,1
0,0.20732804193651533,0,0
0,0.09554901868182336,0,0
1,0.39234962574615134,0,0
1,0.6485202937549572,1,1
1,0.5569696302730859,1,1
1,0.8552133539611544,1,1
1,0.8908712881603685,1,1
0,0.06438339973497666,0,0
1,0.4547927560353913,0,0
0,0.5958311322593346,1,1
0,0.44950436271150956,0,0
0,0.2528393411602624,0,0
0,0.1979970869784422,0,0
1,0.7107879802641561,1,1
1,0.5239668940597975,1,1
1,0.26525353492909143,0,0
1,0.31452557367098904,0,0
0,0.49719753301069114,0,0
0,0.4141646095845412,0,0
0,0.1706073293421218,0,0
0,0.3047222301364405,0,0
1,0.3902855773663659,0,0
1,0.7156349349820035,1,1
1,0.6409998372416394,1,1
0,0.39090613498349597,0,0
1,0.5130038401022642,1,1
0,0.7191406689914188,1,1
0,0.6843721310172997,1,1
0,0.33365853166778575,0,0
1,0.4827721954253992,0,0
0,0.5183710186730928,1,1
0,0.3952965851380481,0,0
1,0.841138974523161,1,1
0,0.40174011071327587,0,0
1,0.7967847444211396,1,1
0,0.400689084628063,0,0
0,0.07146885623597861,0,0
1,0.4976715680295833,0,0
1,0.9539633763581711,1,1
0,0.5644047796511594,1,1
0,0.1801068095117465,0,0
0,0.8145426198449702,1,1
1,0.7485304864553554,1,1
1,0.8647213253808453,1,1
1,0.7917603226133207,1,1
1,0.5316555622335928,1,1
0,0.3338942008029727,0,0
1,0.644134912718724,1,1
0,0.06891186697913072,0,0
1,0.7809859267150291,1,1
0,0.39908684871643113,0,0
0,0.9177779437335523,1,1
0,0.3902126238560604,0,0
0,0.5718650319450918,1,1
1,0.9277294537266769,1,1
0,0.1285020670350392,0,0
0,0.5095953111215189,1,1
0,0.39426640070914887,0,0
1,0.282817154432641,0,0
1,0.5871444297956928,1,1
0,0.0435496618071161,0,0
0,0.8478462548474085,1,1
1,0.6864458833712647,1,1
0,0.5936719053414602,1,1
0,0.666376484146779,1,1
0,0.19828666876106607,0,0
0,0.7898264082930208,1,1
0,0.4600988197428088,0,0
0,0.45135379303896334,0,0
1,0.8168848974717505,1,1
1,0.6791189702723714,1,1
0,0.12071926091108715,0,0
1,0.8835352933637518,1,1
0,0.22617696376975607,0,0
0,0.06927929363686668,0,0
1,0.41687880429938,0,0
1,0.8828889155110621,1,1
0,0.7341030043985223,1,1
0,0.3517149680328088,0,0
0,0.6349106574995843,1,1
1,0.8461525544726449,1,1
1,0.8038104686144661,1,1
1,0.9341012670216635,1,1
1,0.7756284805335824,1,1
0,0.19474425474213833,0,0
0,0.1258268281466707,0,0
0,0.03306737106791347,0,0
0,0.08913553629975264,0,0
0,0.9265444922138416,1,1
0,0.8586383126958447,1,1
0,0.40498830890868054,0,0
0,0.21001330585898742,0,0
0,0.602606812314302,1,1
0,0.059949671057572075,0,0
1,0.8960846835601862,1,1
1,0.5619119977943271,1,1
0,0.6177061619103636,1,1
0,0.2513523320916872,0,0
0,0.0842584228221863,0,0
1,0.8938980346975701,1,1
1,0.9511807440925268,1,1
1,0.7820740969796526,1,1
1,0.6763388403767008,1,1
0,0.16121980171035738,0,0
0,0.4818147767397116,0,0
0,0.2426555572311908,0,0
0,0.11548097917909508,0,0
0,0.14949349289208233,0,0
1,0.6626855139814793,1,1
0,0.3847323326451503,0,0
0,0.5814498504349669,1,1
0,0.07722370210672552,0,0
0,0.10381129123204988,0,0
0,0.18342860312634987,0,0
0,0.12350350750657259,0,0
0,0.4033350614727209,0,0
1,0.9378739023374969,1,1
0,0.42812629050928436,0,0
1,0.8988830344046128,1,1
1,0.5250302591658561,1,1
0,0.1196897466754096,0,0
0,0.12924289044120538,0,0
0,0.6758123075984084,1,1
0,0.21335352207916744,0,0
0,0.5399553204000183,1,1
1,0.3573907035307372,0,0
0,0.30521511559815145,0,0
0,0.24040293954221,0,0
0,0.8987847333111004,1,1
0,0.5656357592484709,1,1
0,0.7045851453560653,1,1
0,0.19279248264006246,0,0
0,0.14843755305767117,0,0
0,0.3789909888073577,0,0
0,0.8089361255524671,1,1
0,0.7872587807365683,1,1
0,0.422207330951848,0,0
0,0.34176906073965346,0,0
1,0.7390751184947288,1,1
0,0.46523749317457463,0,0
0,0.673651931504102,1,1
1,0.8129581635936974,1,1
1,0.7613922029733184,1,1
0,0.1961483381564055,0,0
0,0.33589082667098724,0,0
1,0.5017002894153607,1,1
0,0.09429683844788721,0,0
1,0.8813504707930694,1,1
1,0.5986354137155875,1,1
0,0.13057813996410433,0,0
0,0.6630488202187902,1,1
0,0.21462841617088751,0,0
0,0.1898658043875705,0,0
0,0.5015306748172519,1,1
0,0.21352763578676012,0,0
1,0.29395894624798485,0,0
1,0.7350495670868636,1,1
0,0.2167707726140759,0,0
0,0.12497630454345478,0,0
0,0.10646139031533372,0,0
0,0.23892702098431234,0,0
0,0.17491809682906898,0,0
0,0.19757992549077444,0,0
0,0.3604691567051419,0,0
0,0.5313808165068339,1,1
0,0.20546988606695818,0,0
1,0.6026803371343562,1,1
0,0.46206557353832683,0,0
0,0.15351077056972734,0,0
0,0.11828879344808022,0,0
1,0.6212881643381546,1,1
0,0.15472692040826527,0,0
1,0.3219306161403154,0,0
0,0.08286046066520225,0,0
0,0.28719263799792566,0,0
0,0.37097807392055815,0,0
1,0.4997605924722348,0,0
0,0.32466222017868424,0,0
0,0.5601783571096457,1,1
0,0.12603611000757053,0,0
0,0.8456666271223062,1,1
0,0.8827231247451628,1,1
1,0.5885121571499459,1,1
0,0.28291186558120446,0,0
0,0.752233615669754,1,1
0,0.1358426034761451,0,0
1,0.8629796208501668,1,1
0,0.1826334145556308,0,0
0,0.37172918780673697,0,0
0,0.1493307981433351,0,0
0,0.2700007059504498,0,0
0,0.6897445232343192,1,1
0,0.24855218725692566,0,0
1,0.5822124320951663,1,1
1,0.4234676915264118,0,0
1,0.740528557330915,1,1
1,0.4474921021625114,0,0
1,0.5585763554044044,1,1
0,0.4178357344318984,0,0
1,0.7983937309382044,1,1
1,0.8978783550503758,1,1
0,0.15050428863059123,0,0
0,0.3346466624209671,0,0
1,0.5049514855502409,1,1
0,0.3816978597307626,0,0
1,0.9497504487656395,1,1
0,0.25217053366607867,0,0
1,0.7752567848948161,1,1
0,0.1469192448094668,0,0
1,0.731473845213865,1,1
1,0.7555276033364693,1,1
1,0.888535566518457,1,1
0,0.27447938837271424,0,0
1,0.9502125460635328,1,1
1,0.7708207772232452,1,1
1,0.5977964646835466,1,1
0,0.15661712515709433,0,0
0,0.2239603867039966,0,0
0,0.352322052696475,0,0
0,0.5237500002459344,1,1
0,0.7824894715663964,1,1
0,0.5913683990185786,1,1
1,0.8644478733604645,1,1
1,0.8087371772848169,1,1
1,0.476340169502659,0,0
0,0.6307399786850664,1,1
1,0.8406344703403359,1,1
1,0.8373101673116373,1,1
1,0.8240133796500063,1,1
0,0.326448389449878,0,0
0,0.6248885247573115,1,1
1,0.7993942020480654,1,1
1,0.788982004142342,1,1
1,0.9397175401080424,1,1
0,0.24266577446692802,0,0
0,0.43661413229166773,0,0
1,0.7740873737359969,1,1
1,0.3852951111237947,0,0
0,0.5492923548064657,1,1
1,0.7962171855568223,1,1
0,0.4132198276988724,0,0
0,0.08478349234371316,0,0
0,0.4944927867428266,0,0
1,0.7643573011341188,1,1
1,0.6591044716457748,1,1
0,0.12921320840036646,0,0
0,0.09173246944986621,0,0
0,0.27349011295579023,0,0
0,0.219517725765259,0,0
0,0.4575874884041244,0,0
0,0.1888604093809163,0,0
1,0.9009507187767846,1,1
0,0.8205983388336432,1,1
1,0.7414472716699763,1,1
0,0.36313224707380115,0,0
1,0.31955636734386295,0,0
0,0.5278814431283472,1,1
0,0.8679084903387992,1,1
1,0.3709691865729168,0,0
1,0.755244994016319,1,1
0,0.2035422704657073,0,0
0,0.32549344511627104,0,0
1,0.3604387694848526,0,0
0,0.7024596447791872,1,1
1,0.4911419531743037,0,0
0,0.8217746376673463,1,1
0,0.4533930878690345,0,0
0,0.47050055250311734,0,0
0,0.07107485920456443,0,0
1,0.8047889533068366,1,1
0,0.22332715991750285,0,0
0,0.6255046266549626,1,1
1,0.6263999009489676,1,1
1,0.7047868599154039,1,1
0,0.25496504562121025,0,0
0,0.4428813991390993,0,0
0,0.48342860443357283,0,0
1,0.7055679974984411,1,1
0,0.2056488890627536,0,0
1,0.9394072213598627,1,1
0,0.6405477708515995,1,1
0,0.09906460569070484,0,0
1,0.4031768104558915,0,0
0,0.05085219663053833,0,0
1,0.8250660209373766,1,1
0,0.17322510121794865,0,0
1,0.6293233457262721,1,1
1,0.15665075919636282,0,0
1,0.8314292551220238,1,1
0,0.2704729268162958,0,0
1,0.9420826096326316,1,1
1,0.204060647738543,0,0
0,0.6125523323425424,1,1
0,0.21399061866862357,0,0
0,0.9103445056924183,1,1
1,0.5601677242314225,1,1
0,0.4493630663945655,0,0
0,0.7890302388771319,1,1
1,0.9610594465802427,1,1
0,0.5078161691442807,1,1
0,0.5631402899168898,1,1
1,0.7949048001575911,1,1
0,0.8042837905029883,1,1
0,0.28394841110836405,0,0
0,0.5590396293133548,1,1
0,0.5976320839211449,1,1
1,0.23409937759313382,0,0
1,0.6251233263025128,1,1
1,0.7931923335927984,1,1
0,0.08863429910628014,0,0
0,0.7671265728964203,1,1
0,0.7820460618330709,1,1
1,0.8886139188674054,1,1
0,0.24281564467874167,0,0
0,0.7465637135513512,1,1
0,0.1144560716632293,0,0
0,0.4346530076782901,0,0
1,0.614133204626003,1,1
1,0.7864635613650595,1,1
0,0.10587767868561086,0,0
1,0.5464527287290579,1,1
1,0.6582390760733703,1,1
0,0.6559917135566029,1,1
0,0.3537901145424891,0,0
1,0.2889073340415127,0,0
0,0.4345429551276998,0,0
0,0.24618699382637751,0,0
0,0.7676938575575022,1,1
1,0.7004892102113367,1,1
0,0.33095882131208354,0,0
1,0.9527242525221381,1,1
1,0.7276335883112994,1,1
0,0.22877713906073752,0,0
0,0.11880094007457966,0,0
1,0.8978438713107288,1,1
0,0.5133254007454081,1,1
0,0.1865015214501583,0,0
0,0.2656021917106976,0,0
1,0.6166304664593316,1,1
0,0.41995970977912983,0,0
0,0.17480713506392978,0,0
0,0.34127655508608,0,0
1,0.8625861639635569,1,1
0,0.39767502508069374,0,0
0,0.25073078284479383,0,0
0,0.10087982568235838,0,0
0,0.47391935201203456,0,0
0,0.7796429974382099,1,1
0,0.16195245144147824,0,0
0,0.13949244932720864,0,0
1,0.23578155609815593,0,0
0,0.42089298122815255,0,0
0,0.3140471139008041,0,0
0,0.8264203904264751,1,1
0,0.4045804258206893,0,0
1,0.8096140636663061,1,1
0,0.398783434406736,0,0
0,0.2184732554770525,0,0
1,0.13584080573183105,0,0
0,0.3052854266049388,0,0
1,0.47835709062388765,0,0
1,0.6569556057314047,1,1
0,0.9500108070494184,1,1
1,0.4088068253040906,0,0
0,0.49128649741901753,0,0
0,0.1556005374913402,0,0
1,0.722570810038182,1,1
1,0.911551121140315,1,1
0,0.7539486477506367,1,1
1,0.8940456950824501,1,1
0,0.1303020307870625,0,0
0,0.13790670092176133,0,0
1,0.7377331542397266,1,1
0,0.09121016293955189,0,0
0,0.12773447664447438,0,0
0,0.4958106459067469,0,0
0,0.10581256878399313,0,0
0,0.22957839830368879,0,0
1,0.3531625595809008,0,0
0,0.08985738562296335,0,0
1,0.9176759469586068,1,1
0,0.726261525022864,1,1
1,0.34016543778138314,0,0
0,0.5034399515761795,1,1
0,0.4718630175480169,0,0
0,0.09985951081809118,0,0
1,0.659803504509936,1,1
0,0.1432754267864441,0,0
0,0.07462413182313599,0,0
1,0.701658301083677,1,1
0,0.22277637006122294,0,0
0,0.31953763394389767,0,0
0,0.22382593249327193,0,0
0,0.8441168236998846,1,1
0,0.6583319170106934,1,1
0,0.2655336419545968,0,0
0,0.3978385614081839,0,0
0,0.4521686688748699,0,0
0,0.8101869147082912,1,1
0,0.6968940423767612,1,1
0,0.2763334427625233,0,0
0,0.23849358097083243,0,0
0,0.9322732160541303,1,1
0,0.7044081553497565,1,1
1,0.5771365259815262,1,1
1,0.6575432230130441,1,1
1,0.6077882037699405,1,1
0,0.3155432623050015,0,0
0,0.12342205007655202,0,0
0,0.46066682789738095,0,0
0,0.42780428409139915,0,0
0,0.7384585963029087,1,1
0,0.4278383437058764,0,0
0,0.3380244040561983,0,0
1,0.6397388430674242,1,1
1,0.2758113321731966,0,0
1,0.09306660811870762,0,0
0,0.2848636554903119,0,0
0,0.7916649823432478,1,1
1,0.38584897017305486,0,0
0,0.16020567064936078,0,0
1,0.7160136694180413,1,1
0,0.36830191139966456,0,0
0,0.5791454163273443,1,1
1,0.40778382122930434,0,0
1,0.6863330730175411,1,1
0,0.7783192741563579,1,1
1,0.4564448160724055,0,0
0,0.3262712023919704,0,0
0,0.2129132020584413,0,0
0,0.4622475055540888,0,0
0,0.49697856564470166,0,0
1,0.9154881371760595,1,1
0,0.1496452198534445,0,0
0,0.15665769275160535,0,0
1,0.9376877623544184,1,1
0,0.8280973721163564,1,1
0,0.18768100938310003,0,0
1,0.945606140266055,1,1
1,0.1484787599449952,0,0
0,0.5826015078352494,1,1
1,0.8436463905722871,1,1
1,0.6137344126312182,1,1
0,0.26102540854823464,0,0
0,0.16615537865295749,0,0
0,0.1849374194051656,0,0
1,0.5421647055416265,1,1
0,0.08094012237372657,0,0
0,0.896809890564707,1,1
1,0.4742698891146856,0,0
1,0.7396024430164971,1,1
