iter	Logloss
0	0.6856437033
1	0.6779157718
2	0.6712092902
3	0.664823556
4	0.6582609211
5	0.6527168356
6	0.6475280573
7	0.6424054292
8	0.6370063404
9	0.6326471063
10	0.6277425573
11	0.6233265842
12	0.6190256505
13	0.6151133978
14	0.6119862977
15	0.6082364658
16	0.6045604775
17	0.600627988
18	0.5971698486
19	0.5938267127
20	0.5907906985
21	0.5879506659
22	0.5850837885
23	0.5822674217
24	0.5797611925
25	0.5771962174
26	0.575120018
27	0.5728077406
28	0.5705010998
29	0.5685823581
30	0.5666717366
31	0.5647049585
32	0.5628158711
33	0.5610118918
34	0.5593425381
35	0.5577576283
36	0.5561244963
37	0.5546714333
38	0.5531312534
39	0.5517886159
40	0.5507865315
41	0.5497427367
42	0.5485847922
43	0.5472585382
44	0.546355628
45	0.5451760412
46	0.5441683087
47	0.5431645128
48	0.5420754745
49	0.5412654757
50	0.540408774
51	0.5394700642
52	0.5386009594
53	0.5377739641
54	0.5370589619
55	0.5363483695
56	0.5355057952
57	0.5351076641
58	0.5343202736
59	0.5337128443
60	0.5332111391
61	0.5326897581
62	0.5320245201
63	0.5313992517
64	0.5306898248
65	0.5302761315
66	0.5297039383
67	0.529323646
68	0.5288335606
69	0.5284112396
70	0.5279902599
71	0.5275781661
72	0.5272835383
73	0.526795726
74	0.5264000617
75	0.5261313696
76	0.5258150409
77	0.525440041
78	0.5252067647
79	0.5249794451
80	0.5245086357
81	0.5242619137
82	0.524017094
83	0.5236938528
84	0.5233524251
85	0.5230716074
86	0.5228117954
87	0.522473904
88	0.5222151222
89	0.5219751034
90	0.5217433501
91	0.5214584187
92	0.5211449322
93	0.5208757672
94	0.5207353229
95	0.5205526456
96	0.5202880835
97	0.5200665941
98	0.5198369828
99	0.5195711791
100	0.5193987793
101	0.519228107
102	0.5191440296
103	0.5188863977
104	0.5186341612
105	0.5184622483
106	0.5182560656
107	0.5181283528
108	0.5179160227
109	0.5177686646
110	0.5175108459
111	0.5173676447
112	0.5171753032
113	0.5169831287
114	0.5167884093
115	0.5166883463
116	0.5165685803
117	0.5164355007
118	0.5163765145
119	0.516248021
120	0.5160716289
121	0.5158803982
122	0.5158055789
123	0.5156572477
124	0.5154902926
125	0.5152829711
126	0.5151194745
127	0.5149469197
128	0.5148190161
129	0.5147891967
130	0.5147120816
131	0.5145586915
132	0.5144074072
133	0.514315344
134	0.5141877643
135	0.5141125154
136	0.5139934901
137	0.5139210287
138	0.5138218716
139	0.5138004132
140	0.5136822707
141	0.5135619173
142	0.5134576056
143	0.5133776953
144	0.513282668
145	0.5132246967
146	0.5131120578
147	0.5130040793
148	0.5128931738
149	0.5128265852
150	0.5127504197
151	0.5126349597
152	0.5125258294
153	0.5124306105
154	0.5123307999
155	0.5122686631
156	0.5122043137
157	0.5121519931
158	0.5120921651
159	0.5120253792
160	0.5119471233
161	0.5118914188
162	0.5118318473
163	0.5117560754
164	0.5116758247
165	0.511575205
166	0.5115069291
167	0.5114492829
168	0.5114311556
169	0.5113960459
170	0.5113529959
171	0.511285895
172	0.5112237542
173	0.5111753037
174	0.511137852
175	0.5110575333
176	0.5110126012
177	0.5109360003
178	0.5109072459
179	0.5108730495
180	0.5107942697
181	0.5107505311
182	0.5106968832
183	0.5106437046
184	0.5105737655
185	0.5105417602
186	0.5104795107
187	0.51041655
188	0.5103687273
189	0.5102920208
190	0.5102339303
191	0.5102049144
192	0.5101187315
193	0.510079888
194	0.510020363
195	0.5099550225
196	0.5099262835
197	0.5099143038
198	0.5099113336
199	0.5098789135
200	0.5098397999
201	0.5098251562
202	0.5098170951
203	0.5097796385
204	0.5097395271
205	0.509713935
206	0.5096863478
207	0.5096453495
208	0.5096375402
209	0.5096375396
210	0.5095998987
211	0.5095671095
212	0.5095181271
213	0.5094890305
214	0.5094428396
215	0.5093801634
216	0.5093270157
217	0.5092710375
218	0.5092357182
219	0.5091958749
220	0.5091634313
221	0.5091373364
222	0.509102729
223	0.5090756744
224	0.509064706
225	0.5090225456
226	0.5090072594
227	0.5089639048
228	0.5089398752
229	0.5089132315
230	0.5089063613
231	0.508906331
232	0.5088783933
233	0.5088585586
234	0.5088107883
235	0.5087966011
236	0.5087777685
237	0.5087606112
238	0.5087203894
239	0.5086927605
240	0.5086715361
241	0.5086502436
242	0.5086215622
243	0.5085788994
244	0.5085350802
245	0.5085080369
246	0.5084825905
247	0.5084789335
248	0.5084416118
249	0.5084151887
250	0.5084008419
251	0.5083659196
252	0.5083358305
253	0.508302967
254	0.508281565
255	0.5082636474
256	0.5082624535
257	0.508218192
258	0.5081926339
259	0.508154733
260	0.5081271079
261	0.5081037058
262	0.5080564318
263	0.5080169313
264	0.5080169312
265	0.5079839793
266	0.5079509693
267	0.5079235012
268	0.5079124867
269	0.5078568263
270	0.5078343201
271	0.507814179
272	0.5077978305
273	0.5077488915
274	0.5077349181
275	0.5077153513
276	0.5076930301
277	0.5076715321
278	0.507632333
279	0.507619304
280	0.5076026345
281	0.5075631491
282	0.5075476867
283	0.5074919873
284	0.5074830757
285	0.5074438495
286	0.5074364095
287	0.5074198418
288	0.5073866343
289	0.5073854475
290	0.5073651295
291	0.5073651001
292	0.5073303037
293	0.5073196924
294	0.5073196921
295	0.5072887482
296	0.5072519323
297	0.5072478613
298	0.5072330004
299	0.5072268637
300	0.5072072409
301	0.5071860224
302	0.5071657014
303	0.5071490464
304	0.5071254324
305	0.5071079191
306	0.5070845647
307	0.5070483635
308	0.5070183119
309	0.5069806581
310	0.5069548923
311	0.5069169069
312	0.5068925827
313	0.5068589574
314	0.5068344124
315	0.5068193669
316	0.5068073495
317	0.5067935579
318	0.5067786489
319	0.5067434265
320	0.5067211952
321	0.5067043256
322	0.506661441
323	0.5066388821
324	0.5066108923
325	0.5066081712
326	0.5065821055
327	0.5065189456
328	0.5064938346
329	0.5064691138
330	0.5064342413
331	0.5064162182
332	0.5064073547
333	0.5063875921
334	0.5063720361
335	0.5063633898
336	0.5063514495
337	0.5063456549
338	0.5063289016
339	0.5063200511
340	0.5062834036
341	0.5062686994
342	0.5062534508
343	0.5062460697
344	0.5062441829
345	0.5062234832
346	0.5062011058
347	0.5061790565
348	0.5061661999
349	0.5061430021
350	0.5061347738
351	0.5061248479
352	0.5061104537
353	0.5060835606
354	0.5060796188
355	0.506074399
356	0.5060569038
357	0.5060542787
358	0.5060490746
359	0.5060354243
360	0.5060198962
361	0.5059860738
362	0.5059566672
363	0.5059448895
364	0.5059252015
365	0.5059125695
366	0.5058832999
367	0.5058832886
368	0.5058655307
369	0.5058450595
370	0.505816859
371	0.5058168588
372	0.5057978704
373	0.5057747786
374	0.5057718975
375	0.5057579793
376	0.505743212
377	0.5057332944
378	0.5057137837
379	0.5057132067
380	0.5057099298
381	0.5056807566
382	0.5056600187
383	0.5056595566
384	0.5056451582
385	0.5056149957
386	0.5056021437
387	0.5055900354
388	0.5055657304
389	0.5055502134
390	0.505550213
391	0.5055502125
392	0.5055389553
393	0.5055032414
394	0.5054845272
395	0.5054832134
396	0.5054598906
397	0.5054470284
398	0.5054362104
399	0.5054203
400	0.5053744572
401	0.5053542822
402	0.5053117461
403	0.5052982893
404	0.5052789446
405	0.5052597287
406	0.5052480774
407	0.5052376988
408	0.5052149619
409	0.5051837572
410	0.5051836862
411	0.5051836859
412	0.5051631055
413	0.5051500349
414	0.5050981258
415	0.5050768998
416	0.5050511161
417	0.5050359626
418	0.5050352057
419	0.5050151121
420	0.5050015367
421	0.504988014
422	0.5049867049
423	0.5049591898
424	0.5049321585
425	0.5049266423
426	0.5049088756
427	0.5049068038
428	0.5048913054
429	0.5048908568
430	0.5048802027
431	0.5048802026
432	0.5048713298
433	0.504865921
434	0.50485046
435	0.5048322455
436	0.5048015479
437	0.5047909724
438	0.5047785185
439	0.5047554228
440	0.5047345299
441	0.5047159877
442	0.5046945814
443	0.5046587485
444	0.5046321644
445	0.5046194557
446	0.5046058405
447	0.5046016205
448	0.5045827444
449	0.5045556604
450	0.5045298693
451	0.5044983121
452	0.5044883987
453	0.5044871353
454	0.5044871353
455	0.504469888
456	0.5044646107
457	0.5044395549
458	0.5044224725
459	0.5044080055
460	0.5043998054
461	0.5043841593
462	0.5043740075
463	0.5043622831
464	0.5043554596
465	0.504338001
466	0.5043357076
467	0.5043357072
468	0.5042913
469	0.5042839688
470	0.5042759383
471	0.5042682827
472	0.5042615229
473	0.5042615228
474	0.5042547322
475	0.5042450302
476	0.5042448822
477	0.5042448821
478	0.5042258029
479	0.5042258027
480	0.5042116091
481	0.5041955106
482	0.5041721478
483	0.5041514255
484	0.5041275963
485	0.5041040941
486	0.5041040934
487	0.5040921704
488	0.5040794323
489	0.5040473829
490	0.5040216088
491	0.5040107181
492	0.503985747
493	0.5039647616
494	0.503915213
495	0.5038947323
496	0.5038785736
497	0.5038660969
498	0.5038152138
499	0.5037837404
500	0.5037707576
501	0.5037639936
502	0.5037322158
503	0.5036942101
504	0.5036802488
505	0.5036534102
506	0.5036258554
507	0.5035792589
508	0.5035516299
509	0.5035361863
510	0.5035064424
511	0.5034732473
512	0.503440815
513	0.5034208089
514	0.5033841363
515	0.5033511469
516	0.5033280856
517	0.5033016333
518	0.5032676241
519	0.5032258261
520	0.5032123743
521	0.5032003965
522	0.5031615695
523	0.5031358194
524	0.5031230495
525	0.5030987065
526	0.503078615
527	0.5030731246
528	0.5030414525
529	0.5030269593
530	0.5030172884
531	0.5030015936
532	0.5029688148
533	0.5029513536
534	0.5029478014
535	0.5029116835
536	0.5029106989
537	0.5028587772
538	0.5028561211
539	0.5028503129
540	0.5028241493
541	0.5028045725
542	0.5027873159
543	0.5027567491
544	0.5027278509
545	0.5026929298
546	0.5026655247
547	0.5026394743
548	0.5026040524
549	0.502591799
550	0.5025678149
551	0.5025389108
552	0.5025026891
553	0.5024677011
554	0.5024419941
555	0.5024167387
556	0.5024006691
557	0.5023696864
558	0.5023438518
559	0.5023170913
560	0.5022959026
561	0.502269635
562	0.5022286733
563	0.502207366
564	0.5021888393
565	0.5021551909
566	0.5021301258
567	0.5020986582
568	0.5020756695
569	0.5020483077
570	0.5020105486
571	0.5019773698
572	0.5019560877
573	0.5019325743
574	0.5019031263
575	0.5018706182
576	0.501842246
577	0.5017976728
578	0.5017784509
579	0.5017532711
580	0.5017332994
581	0.5017214421
582	0.5016876902
583	0.5016674339
584	0.5016299187
585	0.5016129261
586	0.501590326
587	0.5015503428
588	0.5015164337
589	0.5014834966
590	0.5014590423
591	0.5014314252
592	0.5014089638
593	0.5013811683
594	0.5013467021
595	0.5013135908
596	0.501292463
597	0.5012620963
598	0.5012346839
599	0.5011996038
600	0.5011654479
601	0.5011339889
602	0.5011036984
603	0.5010724006
604	0.501047829
605	0.5010176027
606	0.5009816809
607	0.5009570096
608	0.500933587
609	0.5009077974
610	0.5008742548
611	0.500854362
612	0.5008326532
613	0.5008012549
614	0.5007638833
615	0.5007350165
616	0.5007111746
617	0.5006843673
618	0.5006642699
619	0.5006317108
620	0.5006057573
621	0.5005689888
622	0.500536776
623	0.500502829
624	0.5004863025
625	0.5004587269
626	0.5004259505
627	0.5003860406
628	0.5003630757
629	0.5003382273
630	0.5003045936
631	0.5002765929
632	0.5002541076
633	0.5002241298
634	0.5001829759
635	0.5001504257
636	0.5001319417
637	0.5001064768
638	0.5000840207
639	0.5000588559
640	0.5000297514
641	0.5000125633
642	0.4999736672
643	0.4999460909
644	0.4999198436
645	0.4999016959
646	0.4998816374
647	0.4998506501
648	0.4998204369
649	0.4997973105
650	0.4997622623
651	0.4997310166
652	0.4997061465
653	0.4996768701
654	0.4996497987
655	0.4996252367
656	0.4996074148
657	0.4995792134
658	0.4995592672
659	0.4995233978
660	0.4995026686
661	0.49948077
662	0.4994476931
663	0.499422647
664	0.4993924086
665	0.4993581049
666	0.4993234064
667	0.4992989849
668	0.4992770867
669	0.4992517829
670	0.4992262024
671	0.4992051706
672	0.4991729273
673	0.4991491213
674	0.4991264663
675	0.4991051653
676	0.4990733095
677	0.4990466187
678	0.499026974
679	0.4990069539
680	0.4989915433
681	0.4989637911
682	0.4989405918
683	0.4989128543
684	0.4988856753
685	0.498865009
686	0.4988457837
687	0.4988232884
688	0.4988021516
689	0.4987755034
690	0.4987554849
691	0.4987280513
692	0.4987037859
693	0.4986781392
694	0.4986525179
695	0.4986364001
696	0.498617311
697	0.4986013259
698	0.4985851007
699	0.4985686357
700	0.4985401907
701	0.4985160791
702	0.498497472
703	0.498482355
704	0.4984607822
705	0.4984371004
706	0.4984132441
707	0.4983959721
708	0.4983784105
709	0.4983553311
710	0.4983244696
711	0.4983046988
712	0.4982792434
713	0.4982577284
714	0.498237453
715	0.4982137891
716	0.4981972508
717	0.4981802295
718	0.4981600055
719	0.4981384746
720	0.4981186496
721	0.4981032625
722	0.4980915
723	0.4980733453
724	0.4980575796
725	0.4980369086
726	0.4980090021
727	0.4979896036
728	0.4979676143
729	0.4979398716
730	0.4979269816
731	0.4979126997
732	0.4978883349
733	0.497867529
734	0.4978532822
735	0.4978331571
736	0.4978183811
737	0.4977997724
738	0.4977843163
739	0.4977711852
740	0.4977474318
741	0.497726114
742	0.4977138755
743	0.4976917553
744	0.4976814963
745	0.4976641741
746	0.4976406913
747	0.4976314935
748	0.4976123288
749	0.4975917441
750	0.497574799
751	0.4975630004
752	0.4975466707
753	0.497530636
754	0.4975206541
755	0.4974967087
756	0.49746762
757	0.4974406672
758	0.4974253934
759	0.4974155198
760	0.4973994131
761	0.4973783402
762	0.497364061
763	0.4973439599
764	0.4973303299
765	0.4973102735
766	0.4972879427
767	0.4972660038
768	0.4972534415
769	0.497236069
770	0.4972210713
771	0.4972076762
772	0.4971908611
773	0.4971722878
774	0.497156989
775	0.4971395085
776	0.4971259729
777	0.4971135855
778	0.4970929154
779	0.4970796476
780	0.4970609937
781	0.4970489412
782	0.4970337315
783	0.4970205015
784	0.4970021109
785	0.4969866758
786	0.4969662081
787	0.4969555021
788	0.4969456596
789	0.496919054
790	0.4969086336
791	0.4968994751
792	0.4968859128
793	0.4968644656
794	0.4968545384
795	0.4968429798
796	0.496827152
797	0.4968123639
798	0.4967941599
799	0.4967798781
800	0.4967590475
801	0.4967420075
802	0.4967277839
803	0.4967020649
804	0.4966856492
805	0.4966748721
806	0.4966656714
807	0.4966485679
808	0.496635637
809	0.4966292721
810	0.4966138246
811	0.4965921605
812	0.4965846151
813	0.4965633705
814	0.4965489449
815	0.4965373702
816	0.4965319859
817	0.4965230624
818	0.4965129281
819	0.4965028506
820	0.4964938194
821	0.4964785806
822	0.4964618364
823	0.4964495309
824	0.4964329378
825	0.4964153948
826	0.4963978183
827	0.4963739048
828	0.4963572459
829	0.4963452719
830	0.4963285942
831	0.4963219854
832	0.496301958
833	0.4962863416
834	0.4962759352
835	0.4962605255
836	0.4962388827
837	0.4962235885
838	0.4962151745
839	0.4962057589
840	0.4961940512
841	0.4961796269
842	0.496166116
843	0.4961544295
844	0.4961411259
845	0.4961282297
846	0.496113446
847	0.496105537
848	0.4960923885
849	0.4960834505
850	0.4960686749
851	0.4960487183
852	0.4960259992
853	0.4960081295
854	0.4960007117
855	0.4959938694
856	0.4959774963
857	0.4959601364
858	0.4959417292
859	0.4959338431
860	0.4959152896
861	0.4959050857
862	0.4958971932
863	0.4958783886
864	0.4958650652
865	0.4958567013
866	0.4958446967
867	0.4958314588
868	0.4958099183
869	0.4957976622
870	0.495783875
871	0.4957716501
872	0.4957654736
873	0.4957499042
874	0.4957413175
875	0.4957321644
876	0.4957215057
877	0.4957044654
878	0.4956885407
879	0.4956795197
880	0.4956663459
881	0.4956541111
882	0.4956415786
883	0.4956269101
884	0.4956089947
885	0.4955984448
886	0.4955872515
887	0.4955798022
888	0.4955712919
889	0.4955537066
890	0.4955405218
891	0.4955336334
892	0.4955220297
893	0.4955048449
894	0.4954921504
895	0.49548472
896	0.4954788213
897	0.4954688869
898	0.4954577675
899	0.4954514393
900	0.495445505
901	0.4954347251
902	0.4954196022
903	0.4954138768
904	0.4954020204
905	0.495393299
906	0.4953802376
907	0.4953690641
908	0.4953595373
909	0.4953522815
910	0.4953400576
911	0.4953284787
912	0.4953145448
913	0.4953082718
914	0.4953002893
915	0.4952963785
916	0.4952776415
917	0.4952621581
918	0.4952510856
919	0.4952453699
920	0.4952245158
921	0.4952158895
922	0.4952029167
923	0.4951867517
924	0.4951741158
925	0.4951635441
926	0.4951467355
927	0.4951443256
928	0.4951334198
929	0.4951237215
930	0.495107331
931	0.4950964796
932	0.4950927022
933	0.4950751692
934	0.4950684346
935	0.4950544884
936	0.4950498246
937	0.4950428705
938	0.4950367508
939	0.4950157689
940	0.4950080591
941	0.4949958044
942	0.4949834559
943	0.4949749481
944	0.4949578328
945	0.4949445131
946	0.4949337043
947	0.4949264191
948	0.4949071224
949	0.4948939941
950	0.4948818009
951	0.4948755847
952	0.4948688794
953	0.4948517191
954	0.4948463832
955	0.4948422353
956	0.4948350269
957	0.4948273871
958	0.4948167777
959	0.4948032003
960	0.4947963773
961	0.4947805263
962	0.4947670128
963	0.4947579617
964	0.4947475352
965	0.4947344881
966	0.4947242206
967	0.4947145061
968	0.4946954864
969	0.494676176
970	0.4946574576
971	0.4946495297
972	0.494634834
973	0.4946179332
974	0.494608784
975	0.4946016975
976	0.4945854721
977	0.4945769697
978	0.4945590101
979	0.4945490452
980	0.4945382785
981	0.4945305278
982	0.4945207025
983	0.4945154735
984	0.4945063489
985	0.4944937227
986	0.4944823611
987	0.4944728321
988	0.4944638549
989	0.494458038
990	0.4944512485
991	0.4944412272
992	0.4944359858
993	0.4944285324
994	0.4944183174
995	0.4944026886
996	0.4943928735
997	0.4943844656
998	0.4943775888
999	0.4943647613
1000	0.4943561922
1001	0.4943435616
1002	0.4943335551
1003	0.4943226167
1004	0.4943108727
1005	0.494299972
1006	0.494290117
1007	0.4942840455
1008	0.4942681018
1009	0.4942590134
1010	0.4942416182
1011	0.4942310665
1012	0.4942236843
1013	0.4942136742
1014	0.4942085244
1015	0.4942060478
1016	0.4941933268
1017	0.4941803764
1018	0.4941712486
1019	0.4941623906
1020	0.4941490816
1021	0.4941457326
1022	0.4941349044
1023	0.4941222399
1024	0.4941047827
1025	0.4940872932
1026	0.4940756728
1027	0.4940680061
1028	0.4940586539
1029	0.4940505182
1030	0.4940405274
1031	0.4940314908
1032	0.4940276052
1033	0.4940132354
1034	0.4940036901
1035	0.4939967102
1036	0.4939876169
1037	0.4939801498
1038	0.4939690818
1039	0.4939633802
1040	0.4939426279
1041	0.493936691
1042	0.4939296544
1043	0.493923693
1044	0.4939163723
1045	0.4939069052
1046	0.493891292
1047	0.4938793325
1048	0.4938669386
1049	0.4938526304
1050	0.4938420992
1051	0.493832039
1052	0.4938185228
1053	0.4938141551
1054	0.4938058622
1055	0.4937990299
1056	0.4937865865
1057	0.493771654
1058	0.4937609204
1059	0.4937512073
1060	0.4937395167
1061	0.4937260485
1062	0.4937238701
1063	0.4937169961
1064	0.4937031383
1065	0.4936983808
1066	0.4936912222
1067	0.493678376
1068	0.4936651504
1069	0.4936601659
1070	0.4936498584
1071	0.4936318262
1072	0.4936168683
1073	0.4936096438
1074	0.4936010274
1075	0.493596034
1076	0.4935929807
1077	0.4935793117
1078	0.4935737137
1079	0.4935684572
1080	0.4935497925
1081	0.4935403742
1082	0.4935300281
1083	0.4935219309
1084	0.4935105201
1085	0.4935055125
1086	0.4934957727
1087	0.4934902767
1088	0.4934795658
1089	0.4934707239
1090	0.4934602448
1091	0.4934534386
1092	0.493434291
1093	0.4934287382
1094	0.4934152187
1095	0.4934064197
1096	0.493396473
1097	0.4933886009
1098	0.4933777925
1099	0.4933679155
1100	0.4933560513
1101	0.4933468462
1102	0.4933436991
1103	0.4933328355
1104	0.4933143014
1105	0.4933026709
1106	0.49329443
1107	0.4932885892
1108	0.4932817229
1109	0.4932679309
1110	0.4932594528
1111	0.4932535813
1112	0.4932394799
1113	0.4932297643
1114	0.4932135956
1115	0.4932006331
1116	0.4931939238
1117	0.4931810938
1118	0.4931670364
1119	0.4931596609
1120	0.4931556226
1121	0.493152804
1122	0.4931439878
1123	0.4931392591
1124	0.4931302774
1125	0.4931269362
1126	0.4931182472
1127	0.4931107505
1128	0.4931037704
1129	0.493094974
1130	0.4930860834
1131	0.49307362
1132	0.4930623134
1133	0.4930552411
1134	0.4930429394
1135	0.4930401821
1136	0.4930310864
1137	0.4930214435
1138	0.4930132581
1139	0.4929995179
1140	0.4929880717
1141	0.4929800177
1142	0.4929713811
1143	0.4929565143
1144	0.4929510751
1145	0.4929434364
1146	0.4929304637
1147	0.4929217754
1148	0.4929149337
1149	0.4929084818
1150	0.4929035821
1151	0.4928953968
1152	0.4928816466
1153	0.4928732093
1154	0.4928650596
1155	0.4928584001
1156	0.4928538349
1157	0.4928446254
1158	0.4928395196
1159	0.4928315501
1160	0.4928174613
1161	0.4928051646
1162	0.4927988933
1163	0.4927837348
1164	0.4927670315
1165	0.4927577548
1166	0.4927521848
1167	0.492748101
1168	0.4927348615
1169	0.4927259979
1170	0.492712415
1171	0.4926995397
1172	0.4926956997
1173	0.4926843304
1174	0.4926801632
1175	0.4926692886
1176	0.4926599717
1177	0.4926520043
1178	0.4926464113
1179	0.4926367634
1180	0.4926278067
1181	0.4926175228
1182	0.492612123
1183	0.4926063184
1184	0.492593008
1185	0.4925814979
1186	0.4925690698
1187	0.492560427
1188	0.492548319
1189	0.4925371234
1190	0.4925271415
1191	0.4925188473
1192	0.4925107067
1193	0.4924996858
1194	0.4924876639
1195	0.4924794717
1196	0.4924750008
1197	0.4924652194
1198	0.4924574785
1199	0.4924505746
1200	0.4924425398
1201	0.4924322892
1202	0.4924281116
1203	0.4924250529
1204	0.4924166319
1205	0.4924088148
1206	0.492396534
1207	0.4923948075
1208	0.4923868289
1209	0.4923844948
1210	0.4923792282
1211	0.4923718721
1212	0.4923641934
1213	0.4923561845
1214	0.4923445
1215	0.4923340431
1216	0.4923254917
1217	0.4923190325
1218	0.492309567
1219	0.4923034735
1220	0.4922890796
1221	0.4922776507
1222	0.4922653597
1223	0.4922634345
1224	0.4922534758
1225	0.4922489798
1226	0.4922436688
1227	0.4922344279
1228	0.4922281014
1229	0.4922211092
1230	0.4922059069
1231	0.4921992046
1232	0.4921894133
1233	0.4921831245
1234	0.4921738719
1235	0.4921649348
1236	0.4921498367
1237	0.4921491171
1238	0.4921427572
1239	0.4921376999
1240	0.4921314223
1241	0.4921267231
1242	0.4921154388
1243	0.4921092455
1244	0.4920984224
1245	0.492093772
1246	0.4920893105
1247	0.4920832781
1248	0.4920748633
1249	0.4920647966
1250	0.4920575527
1251	0.4920501135
1252	0.4920404873
1253	0.492031002
1254	0.4920257647
1255	0.4920205356
1256	0.4920150129
1257	0.4920057625
1258	0.4919918511
1259	0.4919768675
1260	0.491967253
1261	0.4919617322
1262	0.491949282
1263	0.4919418513
1264	0.491936482
1265	0.4919294189
1266	0.4919266675
1267	0.4919140439
1268	0.4919074401
1269	0.491899315
1270	0.4918865567
1271	0.491882584
1272	0.491874397
1273	0.4918625368
1274	0.4918555508
1275	0.4918472631
1276	0.4918351344
1277	0.4918276307
1278	0.4918242857
1279	0.4918083048
1280	0.491804058
1281	0.4917964695
1282	0.4917894385
1283	0.4917799975
1284	0.4917676196
1285	0.4917563102
1286	0.4917508414
1287	0.4917436721
1288	0.4917368283
1289	0.4917268132
1290	0.4917186488
1291	0.4917105435
1292	0.4916948
1293	0.4916920372
1294	0.4916838953
1295	0.4916811821
1296	0.4916692634
1297	0.4916637353
1298	0.4916477417
1299	0.4916446077
1300	0.491640622
1301	0.4916297432
1302	0.4916207443
1303	0.4916103029
1304	0.4915995243
1305	0.491590477
1306	0.4915827214
1307	0.4915708479
1308	0.4915622821
1309	0.4915555827
1310	0.4915462041
1311	0.4915400109
1312	0.4915356415
1313	0.4915264148
1314	0.4915165884
1315	0.4915033586
1316	0.4914937474
1317	0.4914826256
1318	0.4914750431
1319	0.4914644861
1320	0.4914561344
1321	0.4914483986
1322	0.4914366748
1323	0.4914316119
1324	0.491422697
1325	0.4914087446
1326	0.4913970469
1327	0.4913933149
1328	0.4913872963
1329	0.4913758267
1330	0.4913642694
1331	0.4913603151
1332	0.4913534345
1333	0.4913446645
1334	0.4913386769
1335	0.4913251393
1336	0.4913157946
1337	0.4913100721
1338	0.4913045879
1339	0.4912964953
1340	0.4912904407
1341	0.4912857231
1342	0.491276192
1343	0.4912722116
1344	0.4912676076
1345	0.4912589457
1346	0.4912418246
1347	0.4912390947
1348	0.4912347702
1349	0.4912232216
1350	0.4912221981
1351	0.4912115582
1352	0.4912048431
1353	0.4912020671
1354	0.4911913396
1355	0.4911850645
1356	0.4911738394
1357	0.4911691234
1358	0.4911612976
1359	0.4911495086
1360	0.4911438733
1361	0.4911274771
1362	0.4911221016
1363	0.4911143848
1364	0.4911063069
1365	0.4910980606
1366	0.491091652
1367	0.4910862696
1368	0.4910823029
1369	0.4910752171
1370	0.4910713772
1371	0.4910655061
1372	0.4910575626
1373	0.491053897
1374	0.4910475839
1375	0.4910413529
1376	0.4910361441
1377	0.4910295041
1378	0.4910213677
1379	0.4910129263
1380	0.4910087636
1381	0.491002708
1382	0.4909947225
1383	0.4909853696
1384	0.4909793953
1385	0.4909716169
1386	0.4909528706
1387	0.4909473242
1388	0.4909408421
1389	0.4909317391
1390	0.4909228781
1391	0.4909185717
1392	0.4909112822
1393	0.4909020645
1394	0.4908913645
1395	0.4908823737
1396	0.4908768187
1397	0.4908754667
1398	0.4908651539
1399	0.4908590487
1400	0.4908480037
1401	0.4908422593
1402	0.4908373866
1403	0.4908338134
1404	0.4908291407
1405	0.4908244677
1406	0.4908148404
1407	0.4908091137
1408	0.4908009891
1409	0.4907914528
1410	0.4907794354
1411	0.4907672032
1412	0.4907616604
1413	0.4907561064
1414	0.4907458892
1415	0.4907384263
1416	0.4907333033
1417	0.4907292626
1418	0.4907263501
1419	0.4907153924
1420	0.4907061149
1421	0.4906995756
1422	0.4906927934
1423	0.4906875292
1424	0.4906768324
1425	0.4906709949
1426	0.490667039
1427	0.4906630809
1428	0.4906420645
1429	0.4906338491
1430	0.4906200383
1431	0.4906151246
1432	0.4906079012
1433	0.490601884
1434	0.4905943921
1435	0.4905896167
1436	0.4905863469
1437	0.4905804651
1438	0.4905778665
1439	0.4905620434
1440	0.4905554768
1441	0.4905485815
1442	0.4905368986
1443	0.4905271935
1444	0.4905148193
1445	0.4905103544
1446	0.4904987686
1447	0.4904889352
1448	0.4904803193
1449	0.4904699837
1450	0.4904651642
1451	0.4904600848
1452	0.4904582148
1453	0.4904564195
1454	0.4904455991
1455	0.4904374456
1456	0.4904320766
1457	0.4904301666
1458	0.4904234584
1459	0.4904159565
1460	0.4904096813
1461	0.4904015711
1462	0.4903976046
1463	0.4903852126
1464	0.4903820822
1465	0.4903766571
1466	0.4903646298
1467	0.4903571799
1468	0.490349682
1469	0.4903457468
1470	0.4903385153
1471	0.4903275124
1472	0.4903235094
1473	0.4903196076
1474	0.4903139137
1475	0.4903066085
1476	0.4903004202
1477	0.4902944111
1478	0.4902865161
1479	0.4902770275
1480	0.4902728456
1481	0.4902686195
1482	0.490258229
1483	0.4902498849
1484	0.490248218
1485	0.4902427783
1486	0.4902352282
1487	0.4902224039
1488	0.490219691
1489	0.4902108999
1490	0.4902052771
1491	0.4901988105
1492	0.4901873684
1493	0.4901838862
1494	0.490177593
1495	0.4901650177
1496	0.4901541637
1497	0.4901487822
1498	0.490142692
1499	0.4901399779
1500	0.4901336143
1501	0.4901272985
1502	0.4901229924
1503	0.4901181423
1504	0.4901137878
1505	0.4901079494
1506	0.4900993442
1507	0.4900931221
1508	0.4900872422
1509	0.4900744142
1510	0.4900666216
1511	0.4900606939
1512	0.4900534339
1513	0.4900482542
1514	0.4900439797
1515	0.4900413279
1516	0.4900329528
1517	0.4900281751
1518	0.4900240087
1519	0.490021703
1520	0.4900157199
1521	0.4900132375
1522	0.4900074697
1523	0.4900051297
1524	0.4900003809
1525	0.489994764
1526	0.4899868052
1527	0.4899831939
1528	0.4899813221
1529	0.489974724
1530	0.489969853
1531	0.4899648493
1532	0.4899598989
1533	0.4899551561
1534	0.48995197
1535	0.4899402158
1536	0.4899276734
1537	0.489924195
1538	0.4899210817
1539	0.4899115606
1540	0.4899022797
1541	0.4898960682
1542	0.4898888788
1543	0.489884477
1544	0.4898718636
1545	0.4898693387
1546	0.4898613642
1547	0.4898565621
1548	0.4898509406
1549	0.4898492523
1550	0.4898437115
1551	0.4898386988
1552	0.4898358596
1553	0.4898280303
1554	0.489818961
1555	0.4898122352
1556	0.4898024256
1557	0.4898007209
1558	0.489798417
1559	0.4897870714
1560	0.4897808288
1561	0.4897715091
1562	0.4897680265
1563	0.4897586398
1564	0.4897538736
1565	0.4897459975
1566	0.4897415164
1567	0.4897325191
1568	0.4897315345
1569	0.4897246718
1570	0.4897241102
1571	0.4897183948
1572	0.489712661
1573	0.4897027199
1574	0.4896985877
1575	0.4896894282
1576	0.4896848683
1577	0.48967558
1578	0.4896670912
1579	0.4896632295
1580	0.4896576526
1581	0.4896542512
1582	0.4896488879
1583	0.4896408814
1584	0.4896299022
1585	0.4896220786
1586	0.4896137668
1587	0.4896087011
1588	0.4896058148
1589	0.4896005175
1590	0.4895905626
1591	0.489583592
1592	0.489579049
1593	0.4895729138
1594	0.4895661529
1595	0.4895603571
1596	0.4895527871
1597	0.4895448604
1598	0.4895357722
1599	0.4895307958
1600	0.4895278221
1601	0.4895238928
1602	0.4895178239
1603	0.489511094
1604	0.4895007407
1605	0.48949694
1606	0.4894950539
1607	0.4894890236
1608	0.4894873985
1609	0.4894796745
1610	0.4894727889
1611	0.4894644659
1612	0.4894592285
1613	0.4894517964
1614	0.4894420046
1615	0.489437156
1616	0.4894334296
1617	0.4894231178
1618	0.4894172132
1619	0.4894116597
1620	0.4894057444
1621	0.489402166
1622	0.4893935504
1623	0.4893862206
1624	0.4893748795
1625	0.4893641905
1626	0.4893612315
1627	0.4893536754
1628	0.4893477176
1629	0.4893398797
1630	0.4893340034
1631	0.489328051
1632	0.4893174036
1633	0.4893087514
1634	0.4892979525
1635	0.4892894787
1636	0.4892845786
1637	0.4892785534
1638	0.489270862
1639	0.4892624701
1640	0.489254197
1641	0.4892463215
1642	0.4892433942
1643	0.4892389479
1644	0.4892347097
1645	0.4892260125
1646	0.4892206852
1647	0.4892142858
1648	0.489209778
1649	0.4892004894
1650	0.4891950224
1651	0.4891862873
1652	0.4891764615
1653	0.4891701498
1654	0.4891630198
1655	0.4891519539
1656	0.4891453117
1657	0.4891413941
1658	0.4891360414
1659	0.4891341719
1660	0.4891266563
1661	0.4891225532
1662	0.4891187023
1663	0.4891130424
1664	0.4891053351
1665	0.489098245
1666	0.489089212
1667	0.4890802754
1668	0.4890760043
1669	0.4890738045
1670	0.4890641061
1671	0.489063145
1672	0.4890517573
1673	0.4890453851
1674	0.489042196
1675	0.489030111
1676	0.4890231483
1677	0.4890080786
1678	0.4889997722
1679	0.488990832
1680	0.4889821037
1681	0.4889708997
1682	0.4889638349
1683	0.488959667
1684	0.4889516897
1685	0.4889476521
1686	0.4889315644
1687	0.4889242868
1688	0.488916073
1689	0.4889090294
1690	0.4889028754
1691	0.4888981743
1692	0.4888945401
1693	0.488888186
1694	0.4888790575
1695	0.48887343
1696	0.488867271
1697	0.4888603687
1698	0.4888575053
1699	0.4888531096
1700	0.4888443063
1701	0.4888380568
1702	0.4888249406
1703	0.4888165319
1704	0.4888121404
1705	0.4888099842
1706	0.4888005124
1707	0.4887979052
1708	0.4887904577
1709	0.4887794303
1710	0.4887701788
1711	0.4887658915
1712	0.4887589207
1713	0.4887555297
1714	0.4887460816
1715	0.4887360193
1716	0.4887242734
1717	0.4887147285
1718	0.4887100598
1719	0.4887014668
1720	0.4886930097
1721	0.4886873215
1722	0.4886807001
1723	0.4886704568
1724	0.4886627287
1725	0.488660879
1726	0.4886535406
1727	0.4886517957
1728	0.4886491528
1729	0.4886465602
1730	0.4886362933
1731	0.488626541
1732	0.4886169291
1733	0.4886068464
1734	0.4886026418
1735	0.4885993591
1736	0.4885936184
1737	0.4885897384
1738	0.4885844996
1739	0.4885774722
1740	0.4885728537
1741	0.4885628701
1742	0.4885567709
1743	0.4885518159
1744	0.4885455781
1745	0.4885392162
1746	0.4885308726
1747	0.488519026
1748	0.4885128236
1749	0.4885079501
1750	0.4885009244
1751	0.4884901735
1752	0.4884803327
1753	0.4884757247
1754	0.4884678415
1755	0.4884563575
1756	0.4884506503
1757	0.4884442733
1758	0.4884354717
1759	0.4884271045
1760	0.4884183177
1761	0.4884152906
1762	0.4884064243
1763	0.4883970474
1764	0.4883922956
1765	0.4883849436
1766	0.4883784611
1767	0.4883754781
1768	0.4883706196
1769	0.488366079
1770	0.4883530055
1771	0.4883463362
1772	0.4883425925
1773	0.4883273269
1774	0.4883212641
1775	0.4883154124
1776	0.4883117149
1777	0.4883030742
1778	0.4882951141
1779	0.4882913449
1780	0.488286927
1781	0.4882800332
1782	0.4882707909
1783	0.4882607465
1784	0.4882454164
1785	0.4882414686
1786	0.4882335203
1787	0.4882269643
1788	0.4882225106
1789	0.4882210728
1790	0.4882094361
1791	0.4882065164
1792	0.4881947154
1793	0.488188756
1794	0.4881808621
1795	0.4881697496
1796	0.4881609413
1797	0.4881520825
1798	0.4881466669
1799	0.4881409639
1800	0.4881351339
1801	0.4881309659
1802	0.4881261391
1803	0.488118027
1804	0.4881135943
1805	0.4880987422
1806	0.4880903516
1807	0.4880879888
1808	0.488079407
1809	0.4880754948
1810	0.4880632805
1811	0.4880588141
1812	0.4880514692
1813	0.4880459022
1814	0.488045289
1815	0.4880371004
1816	0.4880335032
1817	0.4880281681
1818	0.4880237729
1819	0.488020029
1820	0.4880164564
1821	0.4880062871
1822	0.4880043091
1823	0.4879993224
1824	0.487987025
1825	0.4879750357
1826	0.4879692702
1827	0.4879668164
1828	0.4879621582
1829	0.4879539551
1830	0.4879505206
1831	0.4879421176
1832	0.4879397609
1833	0.4879359212
1834	0.4879285531
1835	0.4879219958
1836	0.4879184687
1837	0.4879149736
1838	0.4879116514
1839	0.4879096117
1840	0.4879079379
1841	0.4879049765
1842	0.4878991843
1843	0.4878971901
1844	0.4878875791
1845	0.4878854099
1846	0.4878792153
1847	0.4878734686
1848	0.4878591892
1849	0.487856031
1850	0.4878526714
1851	0.4878410629
1852	0.4878337968
1853	0.487832301
1854	0.4878291134
1855	0.4878236351
1856	0.4878192584
1857	0.4878135255
1858	0.4878057911
1859	0.4877997311
1860	0.4877939266
1861	0.4877918944
1862	0.4877849019
1863	0.4877804515
1864	0.4877735438
1865	0.4877682552
1866	0.4877662221
1867	0.4877646957
1868	0.4877619843
1869	0.4877556268
1870	0.4877516763
1871	0.4877461629
1872	0.4877434999
1873	0.4877385629
1874	0.487729656
1875	0.4877271255
1876	0.4877247366
1877	0.4877149361
1878	0.487711139
1879	0.4877030187
1880	0.4876957496
1881	0.4876875521
1882	0.4876842724
1883	0.4876813717
1884	0.4876756675
1885	0.4876667975
1886	0.4876603132
1887	0.4876571261
1888	0.4876510166
1889	0.4876465734
1890	0.4876441839
1891	0.4876344979
1892	0.4876303529
1893	0.4876199793
1894	0.4876080035
1895	0.4876001101
1896	0.4875952374
1897	0.4875936161
1898	0.4875858511
1899	0.4875739166
1900	0.4875696421
1901	0.4875668846
1902	0.4875595557
1903	0.4875527032
1904	0.487549792
1905	0.4875449588
1906	0.4875392017
1907	0.4875367916
1908	0.4875294513
1909	0.4875253273
1910	0.4875236529
1911	0.4875187997
1912	0.4875174835
1913	0.4875130235
1914	0.4875061307
1915	0.487501535
1916	0.4874962825
1917	0.4874891429
1918	0.4874847452
1919	0.4874788119
1920	0.4874754932
1921	0.4874641532
1922	0.4874593653
1923	0.4874557016
1924	0.4874512397
1925	0.4874441185
1926	0.4874388801
1927	0.4874360182
1928	0.4874284207
1929	0.4874257383
1930	0.4874174539
1931	0.4874065071
1932	0.4873978831
1933	0.4873911745
1934	0.4873869518
1935	0.4873798405
1936	0.4873778899
1937	0.4873723362
1938	0.4873662278
1939	0.4873583835
1940	0.4873508036
1941	0.4873466363
1942	0.4873435078
1943	0.4873343829
1944	0.4873298242
1945	0.4873250769
1946	0.4873159558
1947	0.4873047552
1948	0.4873014159
1949	0.4872932137
1950	0.4872872819
1951	0.4872764581
1952	0.4872710055
1953	0.4872688916
1954	0.4872620204
1955	0.4872579774
1956	0.4872528515
1957	0.4872459383
1958	0.4872421513
1959	0.4872375778
1960	0.4872323006
1961	0.4872240343
1962	0.4872172282
1963	0.4872077583
1964	0.4872001573
1965	0.4871908684
1966	0.4871857833
1967	0.487182689
1968	0.4871778236
1969	0.4871709718
1970	0.4871651185
1971	0.4871632015
1972	0.4871534527
1973	0.4871504447
1974	0.4871455884
1975	0.4871426561
1976	0.4871385929
1977	0.4871349568
1978	0.4871256249
1979	0.487116852
1980	0.4871148369
1981	0.4871052411
1982	0.4871029493
1983	0.4870981865
1984	0.4870934847
1985	0.487091543
1986	0.4870875879
1987	0.4870840362
1988	0.4870778894
1989	0.4870760342
1990	0.4870691294
1991	0.4870623974
1992	0.4870572204
1993	0.4870528096
1994	0.4870493423
1995	0.4870469235
1996	0.48704229
1997	0.4870376944
1998	0.4870330099
1999	0.4870284072
2000	0.4870256129
2001	0.4870207748
2002	0.4870138288
2003	0.4870080891
2004	0.4870052068
2005	0.4869995098
2006	0.4869969486
2007	0.4869909174
2008	0.4869869795
2009	0.4869810749
2010	0.486975651
2011	0.4869742874
2012	0.4869675284
2013	0.4869634327
2014	0.4869579728
2015	0.4869548405
2016	0.4869516521
2017	0.4869460946
2018	0.4869390229
2019	0.4869356823
2020	0.4869333622
2021	0.4869271031
2022	0.4869225728
2023	0.4869202795
2024	0.4869177295
2025	0.4869131111
2026	0.4869063137
2027	0.4869014117
2028	0.4868947018
2029	0.4868930651
2030	0.4868869405
2031	0.4868821306
2032	0.4868789994
2033	0.4868766564
2034	0.4868730823
2035	0.4868675239
2036	0.4868642042
2037	0.4868580417
2038	0.4868465992
2039	0.4868410121
2040	0.4868366934
2041	0.4868297372
2042	0.4868253763
2043	0.4868156827
2044	0.4868134406
2045	0.4868089711
2046	0.4868056314
2047	0.4868046521
2048	0.4868019591
2049	0.4867946602
2050	0.486789124
2051	0.4867804207
2052	0.4867747345
2053	0.4867710674
2054	0.4867655535
2055	0.4867621504
2056	0.4867597015
2057	0.4867523226
2058	0.4867441691
2059	0.4867413105
2060	0.4867356482
2061	0.4867307256
2062	0.4867234621
2063	0.4867206917
2064	0.4867152807
2065	0.4867135617
2066	0.486711548
2067	0.4867081353
2068	0.4867014564
2069	0.4866973685
2070	0.4866959518
2071	0.486692899
2072	0.4866874931
2073	0.4866839208
2074	0.4866745136
2075	0.4866686886
2076	0.4866594701
2077	0.4866531741
2078	0.486648166
2079	0.486644004
2080	0.4866409451
2081	0.4866377557
2082	0.48663696
2083	0.4866279386
2084	0.486620875
2085	0.4866192997
2086	0.4866114449
2087	0.4866060479
2088	0.4865981086
2089	0.4865943921
2090	0.4865889257
2091	0.4865815118
2092	0.4865728939
2093	0.4865639611
2094	0.4865567835
2095	0.4865463395
2096	0.4865399062
2097	0.4865349615
2098	0.4865211931
2099	0.4865112617
2100	0.4865107214
2101	0.4864990764
2102	0.4864942768
2103	0.4864908247
2104	0.4864854518
2105	0.4864831381
2106	0.4864769796
2107	0.4864715468
2108	0.4864611651
2109	0.4864567128
2110	0.486451657
2111	0.486448099
2112	0.4864436814
2113	0.4864357007
2114	0.4864336121
2115	0.4864289492
2116	0.4864243457
2117	0.4864198667
2118	0.4864146511
2119	0.4864120507
2120	0.4864052551
2121	0.4863993776
2122	0.4863906799
2123	0.4863857594
2124	0.4863784173
2125	0.4863739994
2126	0.4863681883
2127	0.4863630848
2128	0.4863575187
2129	0.4863466311
2130	0.4863431129
2131	0.4863355998
2132	0.4863285919
2133	0.4863203727
2134	0.4863122069
2135	0.4863089833
2136	0.4863058167
2137	0.4862978669
2138	0.486290526
2139	0.4862870324
2140	0.4862829564
2141	0.4862785765
2142	0.4862754036
2143	0.4862695213
2144	0.4862616888
2145	0.486258817
2146	0.4862528647
2147	0.4862472395
2148	0.4862422299
2149	0.4862353818
2150	0.486228436
2151	0.4862199446
2152	0.4862170766
2153	0.4862114635
2154	0.4862055825
2155	0.4861979208
2156	0.486194807
2157	0.4861922696
2158	0.4861882887
2159	0.4861875172
2160	0.4861841024
2161	0.4861820462
2162	0.4861733917
2163	0.486170362
2164	0.4861655289
2165	0.4861597394
2166	0.4861538589
2167	0.4861458648
2168	0.4861448154
2169	0.4861400676
2170	0.4861344761
2171	0.4861273449
2172	0.486120052
2173	0.4861115911
2174	0.4861045807
2175	0.486095986
2176	0.4860877466
2177	0.4860855145
2178	0.4860777326
2179	0.4860734663
2180	0.4860656788
2181	0.4860560159
2182	0.4860498871
2183	0.4860468851
2184	0.4860436634
2185	0.486039267
2186	0.4860354603
2187	0.4860282557
2188	0.4860215021
2189	0.4860150236
2190	0.4860076675
2191	0.4859996959
2192	0.4859923073
2193	0.4859864975
2194	0.4859850517
2195	0.4859795258
2196	0.4859756489
2197	0.4859697291
2198	0.4859655058
2199	0.4859560578
2200	0.4859506605
2201	0.4859463779
2202	0.4859411952
2203	0.4859392909
2204	0.485935472
2205	0.4859303458
2206	0.4859228439
2207	0.4859189553
2208	0.4859061917
2209	0.4858982966
2210	0.4858941777
2211	0.4858852835
2212	0.4858822733
2213	0.4858773762
2214	0.4858710935
2215	0.4858684609
2216	0.4858629398
2217	0.4858573558
2218	0.4858541436
2219	0.4858513703
2220	0.4858466172
2221	0.4858426608
2222	0.4858377137
2223	0.4858335398
2224	0.4858307473
2225	0.4858251741
2226	0.4858200824
2227	0.4858154357
2228	0.4858124703
2229	0.4858047727
2230	0.4858039018
2231	0.4857987821
2232	0.4857939965
2233	0.4857881762
2234	0.4857866594
2235	0.4857826025
2236	0.4857808405
2237	0.4857718225
2238	0.4857684867
2239	0.4857661073
2240	0.4857585488
2241	0.4857565743
2242	0.4857522587
2243	0.485747715
2244	0.4857419801
2245	0.4857310488
2246	0.4857305098
2247	0.4857299098
2248	0.485728787
2249	0.4857256004
2250	0.4857226862
2251	0.4857182813
2252	0.4857128063
2253	0.4857088511
2254	0.4857034536
2255	0.4857017068
2256	0.4856929179
2257	0.4856904819
2258	0.4856838895
2259	0.4856780752
2260	0.4856738823
2261	0.4856703459
2262	0.485666277
2263	0.4856582248
2264	0.4856540332
2265	0.4856463491
2266	0.4856443494
2267	0.4856404897
2268	0.4856359908
2269	0.485632942
2270	0.4856263408
2271	0.4856232653
2272	0.4856202177
2273	0.485611193
2274	0.485607481
2275	0.4856050231
2276	0.4855974526
2277	0.4855933035
2278	0.4855871343
2279	0.4855814154
2280	0.4855781602
2281	0.4855680247
2282	0.4855627738
2283	0.4855534989
2284	0.4855506753
2285	0.4855470067
2286	0.4855427195
2287	0.4855334658
2288	0.485527569
2289	0.485520568
2290	0.4855175569
2291	0.4855132564
2292	0.4855095234
2293	0.4855075243
2294	0.485504004
2295	0.4854994704
2296	0.48549554
2297	0.4854835209
2298	0.485480297
2299	0.48547742
2300	0.485473012
2301	0.4854709152
2302	0.4854639826
2303	0.4854596021
2304	0.485455853
2305	0.4854495158
2306	0.4854440991
2307	0.4854374551
2308	0.4854341039
2309	0.4854319238
2310	0.4854243837
2311	0.4854193926
2312	0.485415732
2313	0.4854107247
2314	0.4854018668
2315	0.4853963141
2316	0.4853849843
2317	0.4853795447
2318	0.4853693838
2319	0.4853609543
2320	0.4853589061
2321	0.4853558801
2322	0.4853473661
2323	0.4853416226
2324	0.4853393194
2325	0.4853378807
2326	0.4853359082
2327	0.4853353868
2328	0.4853303017
2329	0.4853257089
2330	0.4853240245
2331	0.4853211015
2332	0.4853162726
2333	0.4853138329
2334	0.4853094815
2335	0.4853041886
2336	0.4853010082
2337	0.4852939279
2338	0.4852910073
2339	0.4852835465
2340	0.4852772274
2341	0.4852715272
2342	0.4852689654
2343	0.4852622731
2344	0.4852601299
2345	0.4852523155
2346	0.4852490783
2347	0.4852487695
2348	0.4852426737
2349	0.4852373318
2350	0.4852324939
2351	0.4852284983
2352	0.4852193906
2353	0.4852123365
2354	0.4852020248
2355	0.4851968974
2356	0.4851925461
2357	0.4851904037
2358	0.4851872669
2359	0.4851865778
2360	0.4851836058
2361	0.4851771916
2362	0.4851733536
2363	0.4851678879
2364	0.4851612458
2365	0.4851572402
2366	0.4851558978
2367	0.4851489541
2368	0.4851452103
2369	0.4851441754
2370	0.4851350181
2371	0.4851305163
2372	0.4851287241
2373	0.4851199296
2374	0.4851146559
2375	0.4851109628
2376	0.4851007121
2377	0.4850916451
2378	0.4850852834
2379	0.4850804481
2380	0.4850733728
2381	0.4850648755
2382	0.4850633358
2383	0.4850601913
2384	0.4850557902
2385	0.485053284
2386	0.4850479096
2387	0.485040387
2388	0.4850323977
2389	0.4850249937
2390	0.4850206553
2391	0.4850148655
2392	0.4850083854
2393	0.4850056568
2394	0.4849989414
2395	0.4849968891
2396	0.4849965979
2397	0.4849943026
2398	0.4849912079
2399	0.4849895775
2400	0.4849819245
2401	0.4849753009
2402	0.4849742205
2403	0.4849626024
2404	0.4849559394
2405	0.4849521031
2406	0.4849411249
2407	0.4849345915
2408	0.4849242699
2409	0.4849138212
2410	0.4849065222
2411	0.484903773
2412	0.4848997995
2413	0.4848958942
2414	0.4848897759
2415	0.4848848496
2416	0.4848809294
2417	0.484875434
2418	0.4848715339
2419	0.4848649386
2420	0.4848610876
2421	0.484853275
2422	0.4848464627
2423	0.4848442915
2424	0.4848385837
2425	0.484829642
2426	0.4848259336
2427	0.484819299
2428	0.4848153638
2429	0.4848080317
2430	0.4848028428
2431	0.4847991831
2432	0.4847954013
2433	0.4847912268
2434	0.484783634
2435	0.484779873
2436	0.4847775487
2437	0.4847730759
2438	0.4847695561
2439	0.4847645395
2440	0.4847580857
2441	0.4847517438
2442	0.4847501911
2443	0.4847422085
2444	0.4847396737
2445	0.4847314195
2446	0.484727186
2447	0.4847202018
2448	0.4847164122
2449	0.4847113007
2450	0.4847024406
2451	0.4846968928
2452	0.4846914377
2453	0.484689569
2454	0.4846858547
2455	0.4846840446
2456	0.4846785223
2457	0.4846746794
2458	0.4846717795
2459	0.4846699429
2460	0.4846658029
2461	0.4846639859
2462	0.4846566017
2463	0.4846546956
2464	0.4846469634
2465	0.4846403732
2466	0.4846354003
2467	0.4846320049
2468	0.4846292353
2469	0.4846264962
2470	0.4846255891
2471	0.4846193462
2472	0.4846170662
2473	0.4846136616
2474	0.4846110946
2475	0.4846063552
2476	0.4846027146
2477	0.4845979958
2478	0.4845954696
2479	0.4845921595
2480	0.4845863196
2481	0.4845810479
2482	0.4845789868
2483	0.4845688636
2484	0.4845645817
2485	0.484562374
2486	0.48456075
2487	0.4845551785
2488	0.4845489063
2489	0.4845455395
2490	0.4845394068
2491	0.4845333096
2492	0.4845314238
2493	0.4845290229
2494	0.4845239022
2495	0.4845197754
2496	0.4845160912
2497	0.4845113169
2498	0.4845047304
2499	0.4845027645
2500	0.4844942441
2501	0.4844860421
2502	0.4844840456
2503	0.4844797439
2504	0.4844755097
2505	0.4844738131
2506	0.4844635076
2507	0.4844574751
2508	0.4844502658
2509	0.4844435919
2510	0.4844430621
2511	0.4844320754
2512	0.4844260453
2513	0.4844225217
2514	0.4844202596
2515	0.48441349
2516	0.4844089058
2517	0.4843988199
2518	0.4843964577
2519	0.4843872486
2520	0.484381012
2521	0.4843781693
2522	0.484375513
2523	0.4843709556
2524	0.4843691845
2525	0.484365599
2526	0.4843622363
2527	0.484360891
2528	0.484357151
2529	0.4843509401
2530	0.4843478799
2531	0.4843440779
2532	0.4843374236
2533	0.4843357003
2534	0.4843279968
2535	0.4843173124
2536	0.4843123107
2537	0.4843052149
2538	0.4842982063
2539	0.4842933802
2540	0.4842883499
2541	0.4842837189
2542	0.4842791961
2543	0.4842728853
2544	0.4842718315
2545	0.4842678896
2546	0.4842638006
2547	0.484260394
2548	0.4842564812
2549	0.4842531371
2550	0.4842513424
2551	0.4842443885
2552	0.484242259
2553	0.4842349229
2554	0.4842303029
2555	0.4842224076
2556	0.4842217855
2557	0.4842198686
2558	0.4842135327
2559	0.4842119128
2560	0.4842015992
2561	0.4841952261
2562	0.4841906889
2563	0.4841859738
2564	0.4841723537
2565	0.4841692023
2566	0.4841665773
2567	0.4841570777
2568	0.484143213
2569	0.4841388044
2570	0.4841344253
2571	0.4841299944
2572	0.4841277912
2573	0.4841179931
2574	0.4841127444
2575	0.4841065312
2576	0.4841008873
2577	0.4840955706
2578	0.4840928653
2579	0.4840807975
2580	0.4840761525
2581	0.4840745669
2582	0.4840705089
2583	0.4840695119
2584	0.4840632094
2585	0.4840592531
2586	0.4840491372
2587	0.4840456104
2588	0.4840380108
2589	0.4840320686
2590	0.484029119
2591	0.4840210591
2592	0.4840131666
2593	0.4840072095
2594	0.4840008156
2595	0.4839937554
2596	0.4839905563
2597	0.4839859015
2598	0.4839772388
2599	0.4839737438
2600	0.4839700703
2601	0.4839686985
2602	0.4839640379
2603	0.4839602631
2604	0.483950036
2605	0.4839442854
2606	0.4839353637
2607	0.4839294701
2608	0.4839248581
2609	0.4839226355
2610	0.4839179708
2611	0.4839159026
2612	0.4839082943
2613	0.4839060659
2614	0.483904358
2615	0.4838972849
2616	0.4838958088
2617	0.4838847909
2618	0.4838836577
2619	0.4838797664
2620	0.4838697184
2621	0.4838655328
2622	0.4838612719
2623	0.4838566964
2624	0.4838477003
2625	0.483840242
2626	0.4838377681
2627	0.4838291469
2628	0.4838262694
2629	0.4838236804
2630	0.4838233726
2631	0.4838178796
2632	0.4838166672
2633	0.4838086815
2634	0.483804564
2635	0.4838012685
2636	0.483800239
2637	0.4837869426
2638	0.4837794435
2639	0.4837751582
2640	0.483772729
2641	0.483767767
2642	0.4837606366
2643	0.4837548079
2644	0.48375167
2645	0.4837454937
2646	0.4837409947
2647	0.4837344432
2648	0.4837327535
2649	0.4837273346
2650	0.48372454
2651	0.4837222088
2652	0.4837212258
2653	0.483716075
2654	0.4837054602
2655	0.4837003838
2656	0.4836990816
2657	0.4836955927
2658	0.4836937438
2659	0.483687896
2660	0.4836863941
2661	0.4836833772
2662	0.4836808154
2663	0.4836745169
2664	0.4836672284
2665	0.4836632457
2666	0.4836590647
2667	0.4836527306
2668	0.4836502814
2669	0.4836453065
2670	0.4836392687
2671	0.4836354756
2672	0.4836294718
2673	0.483624935
2674	0.4836224186
2675	0.4836180573
2676	0.4836133797
2677	0.4836089952
2678	0.4836021393
2679	0.4835979021
2680	0.4835935483
2681	0.4835839858
2682	0.483574407
2683	0.4835707209
2684	0.4835647201
2685	0.4835582563
2686	0.4835534054
2687	0.4835485298
2688	0.483546759
2689	0.4835393438
2690	0.4835343548
2691	0.4835290256
2692	0.4835243117
2693	0.4835172851
2694	0.4835133187
2695	0.4835078656
2696	0.4835016143
2697	0.4834969203
2698	0.4834925596
2699	0.4834863497
2700	0.4834831462
2701	0.483476319
2702	0.4834682501
2703	0.4834662116
2704	0.483464124
2705	0.4834596578
2706	0.4834573709
2707	0.4834505251
2708	0.483445969
2709	0.4834415072
2710	0.4834367686
2711	0.4834272404
2712	0.4834233609
2713	0.4834209377
2714	0.4834157423
2715	0.4834115667
2716	0.4834050408
2717	0.4833975894
2718	0.4833929256
2719	0.483385424
2720	0.4833774353
2721	0.4833699118
2722	0.48335816
2723	0.4833533282
2724	0.4833464417
2725	0.4833394519
2726	0.4833329357
2727	0.4833293156
2728	0.4833197012
2729	0.4833140804
2730	0.4833020583
2731	0.4832954657
2732	0.4832927182
2733	0.48328705
2734	0.4832811824
2735	0.4832750958
2736	0.4832710119
2737	0.4832643804
2738	0.4832603175
2739	0.4832581896
2740	0.4832551354
2741	0.4832503676
2742	0.4832430891
2743	0.4832384028
2744	0.4832372926
2745	0.4832332017
2746	0.4832278909
2747	0.4832242779
2748	0.4832227584
2749	0.4832136095
2750	0.483209385
2751	0.4832044904
2752	0.4832004057
2753	0.4831932287
2754	0.4831913231
2755	0.483187308
2756	0.4831805683
2757	0.4831756245
2758	0.4831702346
2759	0.4831626685
2760	0.4831528373
2761	0.4831450022
2762	0.4831430878
2763	0.483139173
2764	0.4831327446
2765	0.4831287289
2766	0.4831227843
2767	0.483120059
2768	0.4831124948
2769	0.4831034527
2770	0.4830993805
2771	0.483095682
2772	0.4830928868
2773	0.4830893343
2774	0.4830863813
2775	0.4830826164
2776	0.4830799218
2777	0.4830716615
2778	0.4830686557
2779	0.4830622655
2780	0.4830570697
2781	0.4830506872
2782	0.48304536
2783	0.4830422674
2784	0.4830405913
2785	0.4830324941
2786	0.4830218174
2787	0.4830164631
2788	0.4830113689
2789	0.4830047319
2790	0.4829989515
2791	0.4829931424
2792	0.4829874115
2793	0.4829852687
2794	0.482978904
2795	0.4829723935
2796	0.4829685419
2797	0.4829628608
2798	0.4829582343
2799	0.4829555593
2800	0.4829537288
2801	0.4829513707
2802	0.4829484665
2803	0.4829448201
2804	0.4829401745
2805	0.4829355837
2806	0.4829309382
2807	0.4829251803
2808	0.4829182324
2809	0.4829132111
2810	0.4829117883
2811	0.4829079347
2812	0.4829069215
2813	0.4829029831
2814	0.4828954079
2815	0.4828920595
2816	0.4828867653
2817	0.4828748157
2818	0.4828651483
2819	0.4828615607
2820	0.4828588101
2821	0.482855231
2822	0.4828499316
2823	0.4828452031
2824	0.4828374754
2825	0.4828355917
2826	0.4828269625
2827	0.4828236914
2828	0.4828143054
2829	0.4828048081
2830	0.4828006425
2831	0.4827963832
2832	0.4827869736
2833	0.482780781
2834	0.4827772384
2835	0.4827694697
2836	0.4827617265
2837	0.4827548069
2838	0.4827523863
2839	0.4827497802
2840	0.4827446845
2841	0.4827430297
2842	0.4827400439
2843	0.4827315079
2844	0.4827259703
2845	0.4827224563
2846	0.4827169155
2847	0.4827130494
2848	0.4827116155
2849	0.4827101829
2850	0.4827055267
2851	0.4827015698
2852	0.4826976129
2853	0.4826919544
2854	0.4826886675
2855	0.4826862472
2856	0.4826809538
2857	0.4826738465
2858	0.4826708324
2859	0.4826648808
2860	0.4826590237
2861	0.482653912
2862	0.4826487174
2863	0.4826428395
2864	0.4826385418
2865	0.4826352146
2866	0.4826304281
2867	0.482621941
2868	0.4826173792
2869	0.4826124531
2870	0.4826087022
2871	0.4826062472
2872	0.4825993642
2873	0.4825900376
2874	0.4825878932
2875	0.4825812402
2876	0.4825777137
2877	0.4825704819
2878	0.4825678485
2879	0.4825618943
2880	0.4825596188
2881	0.4825560612
2882	0.4825472524
2883	0.4825441164
2884	0.482541264
2885	0.4825384903
2886	0.4825352341
2887	0.482526031
2888	0.4825233392
2889	0.4825174768
2890	0.4825124623
2891	0.4825097949
2892	0.4825028778
2893	0.4824978089
2894	0.4824941627
2895	0.4824887643
2896	0.4824812782
2897	0.4824773584
2898	0.4824721994
2899	0.4824644893
2900	0.4824620799
2901	0.4824583592
2902	0.4824558641
2903	0.4824515065
2904	0.4824487252
2905	0.4824441159
2906	0.4824410462
2907	0.4824387553
2908	0.4824371066
2909	0.48243182
2910	0.4824291395
2911	0.4824208765
2912	0.4824140993
2913	0.4824103216
2914	0.482407029
2915	0.4824042008
2916	0.4824011189
2917	0.4823963296
2918	0.482390452
2919	0.4823875552
2920	0.4823797764
2921	0.4823777321
2922	0.4823741506
2923	0.4823729634
2924	0.4823679188
2925	0.4823644337
2926	0.4823582669
2927	0.4823575724
2928	0.4823558827
2929	0.4823471064
2930	0.4823411988
2931	0.482339033
2932	0.4823367979
2933	0.4823349902
2934	0.4823313134
2935	0.4823245779
2936	0.4823218402
2937	0.4823150932
2938	0.4823097799
2939	0.4823075582
2940	0.482302592
2941	0.4822970403
2942	0.482295695
2943	0.4822856266
2944	0.4822814584
2945	0.4822725844
2946	0.482269734
2947	0.4822679089
2948	0.4822605568
2949	0.482256684
2950	0.482252239
2951	0.4822507527
2952	0.4822484753
2953	0.482240188
2954	0.4822385501
2955	0.4822349162
2956	0.482228736
2957	0.4822254757
2958	0.4822227156
2959	0.4822207105
2960	0.4822176635
2961	0.4822159903
2962	0.4822148277
2963	0.4822126112
2964	0.4822090363
2965	0.4822045563
2966	0.482201348
2967	0.4822005793
2968	0.4821977874
2969	0.4821944271
2970	0.4821903488
2971	0.4821888532
2972	0.4821851766
2973	0.4821816932
2974	0.4821739721
2975	0.4821690016
2976	0.4821635605
2977	0.4821594439
2978	0.4821555777
2979	0.4821535118
2980	0.48215132
2981	0.4821477029
2982	0.4821441249
2983	0.4821409598
2984	0.4821375187
2985	0.4821356703
2986	0.4821339738
2987	0.4821207881
2988	0.4821172979
2989	0.4821109496
2990	0.4820982578
2991	0.4820895587
2992	0.4820855192
2993	0.4820784205
2994	0.482076369
2995	0.4820711386
2996	0.4820670524
2997	0.4820653902
2998	0.4820636085
2999	0.4820568521
3000	0.4820535884
3001	0.4820497018
3002	0.482046357
3003	0.4820398503
3004	0.4820336473
3005	0.4820327562
3006	0.4820298023
3007	0.4820273292
3008	0.4820147594
3009	0.4820108886
3010	0.4820052708
3011	0.4819996765
3012	0.4819937614
3013	0.4819887198
3014	0.4819860676
3015	0.481981889
3016	0.4819751584
3017	0.4819736216
3018	0.4819698253
3019	0.481964908
3020	0.4819603057
3021	0.4819560766
3022	0.4819533898
3023	0.4819473816
3024	0.4819423606
3025	0.4819379066
3026	0.4819351043
3027	0.4819314365
3028	0.4819292657
3029	0.4819267223
3030	0.4819223822
3031	0.4819205469
3032	0.4819167346
3033	0.4819145847
3034	0.4819135809
3035	0.481912273
3036	0.4819085852
3037	0.481905341
3038	0.4819034385
3039	0.4819013923
3040	0.4818984484
3041	0.4818913824
3042	0.4818884081
3043	0.4818815956
3044	0.4818761208
3045	0.481870419
3046	0.4818692051
3047	0.4818669401
3048	0.4818607234
3049	0.481854294
3050	0.481851495
3051	0.4818472597
3052	0.481842387
3053	0.4818366505
3054	0.4818332359
3055	0.4818249441
3056	0.4818218368
3057	0.4818202663
3058	0.4818184899
3059	0.4818108232
3060	0.4818070646
3061	0.4818026229
3062	0.4817999301
3063	0.4817972613
3064	0.4817933881
3065	0.4817901208
3066	0.4817870314
3067	0.4817862178
3068	0.4817822289
3069	0.4817796028
3070	0.4817776902
3071	0.4817761081
3072	0.4817699261
3073	0.4817638954
3074	0.4817609037
3075	0.4817566306
3076	0.4817541279
3077	0.4817493332
3078	0.4817440696
3079	0.4817358746
3080	0.4817341724
3081	0.4817295402
3082	0.4817264388
3083	0.4817248671
3084	0.4817209552
3085	0.4817167449
3086	0.4817156127
3087	0.4817135963
3088	0.481710941
3089	0.4817037167
3090	0.4817020569
3091	0.4816989317
3092	0.481692423
3093	0.4816820865
3094	0.481679134
3095	0.4816704833
3096	0.4816632168
3097	0.4816598305
3098	0.4816561819
3099	0.4816530944
3100	0.4816501186
3101	0.4816474858
3102	0.4816445993
3103	0.4816426361
3104	0.4816409503
3105	0.4816365978
3106	0.4816338145
3107	0.4816313288
3108	0.4816260736
3109	0.481623422
3110	0.4816202244
3111	0.4816163272
3112	0.4816131888
3113	0.4816086306
3114	0.4816048876
3115	0.4815966442
3116	0.4815910087
3117	0.4815847382
3118	0.4815786308
3119	0.4815721406
3120	0.4815697373
3121	0.4815644196
3122	0.4815615332
3123	0.4815595045
3124	0.481558918
3125	0.4815522967
3126	0.4815479535
3127	0.4815422746
3128	0.4815386097
3129	0.4815303899
3130	0.4815279566
3131	0.4815255239
3132	0.4815228108
3133	0.4815191125
3134	0.4815171681
3135	0.4815132159
3136	0.4815080882
3137	0.4815026976
3138	0.4814954381
3139	0.4814886792
3140	0.4814842503
3141	0.4814748306
3142	0.4814713047
3143	0.4814629827
3144	0.4814560286
3145	0.4814554059
3146	0.4814468365
3147	0.4814455385
3148	0.4814406184
3149	0.4814331703
3150	0.4814293146
3151	0.4814252053
3152	0.4814211807
3153	0.4814168369
3154	0.4814126916
3155	0.4814102288
3156	0.4814028634
3157	0.4814002263
3158	0.4813950411
3159	0.4813935366
3160	0.4813894143
3161	0.4813856676
3162	0.4813829113
3163	0.4813779221
3164	0.4813750164
3165	0.4813731904
3166	0.4813671353
3167	0.4813614842
3168	0.4813548106
3169	0.4813459632
3170	0.4813429834
3171	0.4813362354
3172	0.4813343571
3173	0.4813307248
3174	0.4813237485
3175	0.4813166346
3176	0.4813090492
3177	0.4813061272
3178	0.4813022349
3179	0.481294742
3180	0.4812871691
3181	0.4812818273
3182	0.4812762894
3183	0.481269266
3184	0.4812639596
3185	0.4812578959
3186	0.4812540256
3187	0.4812526508
3188	0.4812479285
3189	0.481240133
3190	0.4812369028
3191	0.4812336086
3192	0.4812286582
3193	0.4812228938
3194	0.4812201939
3195	0.4812132791
3196	0.4812112446
3197	0.4812014957
3198	0.4811989865
3199	0.4811958204
3200	0.4811910176
3201	0.4811831351
3202	0.4811783592
3203	0.4811732266
3204	0.4811643525
3205	0.4811556936
3206	0.481151901
3207	0.4811475299
3208	0.4811398611
3209	0.4811338649
3210	0.4811304242
3211	0.4811274103
3212	0.4811230318
3213	0.4811182697
3214	0.4811159557
3215	0.4811072254
3216	0.4811021648
3217	0.4810943228
3218	0.4810882959
3219	0.4810859209
3220	0.4810765143
3221	0.4810747101
3222	0.4810726451
3223	0.4810661468
3224	0.4810654229
3225	0.4810605391
3226	0.4810575134
3227	0.4810568236
3228	0.4810520773
3229	0.4810498424
3230	0.4810492777
3231	0.4810443664
3232	0.4810430516
3233	0.4810416366
3234	0.4810338207
3235	0.4810255488
3236	0.4810184336
3237	0.4810100948
3238	0.4810069837
3239	0.480996505
3240	0.4809939832
3241	0.4809916941
3242	0.4809880168
3243	0.4809850025
3244	0.4809784243
3245	0.4809740283
3246	0.4809702941
3247	0.4809673147
3248	0.4809650944
3249	0.4809602622
3250	0.4809556304
3251	0.4809521712
3252	0.4809504855
3253	0.4809438782
3254	0.4809393444
3255	0.4809368349
3256	0.4809294214
3257	0.4809245376
3258	0.4809220452
3259	0.4809184791
3260	0.4809135479
3261	0.4809063389
3262	0.4808988939
3263	0.4808943632
3264	0.4808917076
3265	0.4808866789
3266	0.4808801751
3267	0.4808767644
3268	0.4808721224
3269	0.4808640485
3270	0.4808630821
3271	0.480859188
3272	0.4808555789
3273	0.4808473262
3274	0.4808444743
3275	0.4808392417
3276	0.4808368291
3277	0.4808284367
3278	0.4808256408
3279	0.4808206727
3280	0.4808162446
3281	0.4808127723
3282	0.4808079976
3283	0.4808047312
3284	0.4807969861
3285	0.4807907348
3286	0.4807842277
3287	0.480781075
3288	0.4807784461
3289	0.480777533
3290	0.4807714227
3291	0.4807661353
3292	0.4807575538
3293	0.4807504502
3294	0.480746028
3295	0.480741365
3296	0.4807384351
3297	0.4807339537
3298	0.4807264473
3299	0.480723412
3300	0.4807163237
3301	0.4807112548
3302	0.4807102039
3303	0.480707956
3304	0.4807035507
3305	0.4806998193
3306	0.4806932502
3307	0.4806899471
3308	0.4806844035
3309	0.4806801377
3310	0.4806765669
3311	0.4806737952
3312	0.4806667584
3313	0.4806618765
3314	0.4806554865
3315	0.4806482518
3316	0.4806454516
3317	0.4806429377
3318	0.4806382755
3319	0.4806362315
3320	0.4806336841
3321	0.4806263662
3322	0.4806240729
3323	0.4806231402
3324	0.4806206641
3325	0.4806151901
3326	0.4806143234
3327	0.4806106039
3328	0.4806078278
3329	0.4806055592
3330	0.4806010905
3331	0.4805969207
3332	0.4805946523
3333	0.4805853953
3334	0.4805782485
3335	0.4805739931
3336	0.480570126
3337	0.4805669141
3338	0.4805596282
3339	0.4805513807
3340	0.4805457765
3341	0.4805429863
3342	0.480539115
3343	0.4805357617
3344	0.4805318467
3345	0.4805273879
3346	0.4805212891
3347	0.4805178013
3348	0.4805156765
3349	0.480511286
3350	0.4805062999
3351	0.4805025995
3352	0.4804984069
3353	0.4804944599
3354	0.4804878774
3355	0.4804865531
3356	0.4804839268
3357	0.4804814177
3358	0.4804779229
3359	0.4804727732
3360	0.4804710605
3361	0.4804624537
3362	0.4804564257
3363	0.480450981
3364	0.4804460388
3365	0.4804408345
3366	0.4804353091
3367	0.4804291889
3368	0.4804225739
3369	0.4804159414
3370	0.4804116591
3371	0.4804055424
3372	0.4803991619
3373	0.4803943862
3374	0.4803927051
3375	0.4803903746
3376	0.480389173
3377	0.4803882363
3378	0.4803816127
3379	0.4803790172
3380	0.4803766183
3381	0.4803717835
3382	0.4803692717
3383	0.4803679205
3384	0.4803618598
3385	0.4803581229
3386	0.4803553935
3387	0.480351105
3388	0.4803485153
3389	0.480346753
3390	0.480343686
3391	0.4803362274
3392	0.4803317672
3393	0.4803302371
3394	0.4803219626
3395	0.4803162594
3396	0.4803108386
3397	0.4803075527
3398	0.480304159
3399	0.4803030641
3400	0.4802979621
3401	0.4802943088
3402	0.4802925393
3403	0.4802855849
3404	0.4802818963
3405	0.4802775452
3406	0.4802737995
3407	0.4802689986
3408	0.4802655523
3409	0.4802622878
3410	0.4802567643
3411	0.4802529101
3412	0.4802474246
3413	0.4802457841
3414	0.4802412148
3415	0.480235061
3416	0.4802284127
3417	0.480224419
3418	0.4802192461
3419	0.4802181451
3420	0.4802154972
3421	0.4802096417
3422	0.4802061717
3423	0.4802021281
3424	0.4801934554
3425	0.4801857953
3426	0.4801805452
3427	0.4801740258
3428	0.4801661344
3429	0.4801604109
3430	0.4801518222
3431	0.4801507723
3432	0.4801476755
3433	0.4801435867
3434	0.4801401317
3435	0.4801352305
3436	0.4801310787
3437	0.4801290828
3438	0.480120528
3439	0.480117285
3440	0.4801117337
3441	0.4801089502
3442	0.480105731
3443	0.4801003059
3444	0.4800976116
3445	0.4800941939
3446	0.480092944
3447	0.4800854472
3448	0.480078713
3449	0.4800746056
3450	0.4800718542
3451	0.4800689281
3452	0.4800655966
3453	0.4800629744
3454	0.480058036
3455	0.4800541798
3456	0.4800501784
3457	0.4800466759
3458	0.4800437604
3459	0.4800417723
3460	0.4800399173
3461	0.480032177
3462	0.4800256406
3463	0.480018667
3464	0.4800115887
3465	0.4800058788
3466	0.4800016919
3467	0.479996422
3468	0.4799937484
3469	0.4799894753
3470	0.4799816124
3471	0.4799767571
3472	0.479974624
3473	0.4799659301
3474	0.4799608082
3475	0.4799552524
3476	0.4799498179
3477	0.479945281
3478	0.4799433195
3479	0.4799416375
3480	0.4799339011
3481	0.4799295013
3482	0.4799271712
3483	0.4799210884
3484	0.479918076
3485	0.4799125191
3486	0.4799044397
3487	0.4798958722
3488	0.4798879127
3489	0.4798833242
3490	0.479877766
3491	0.4798738305
3492	0.4798702051
3493	0.4798679839
3494	0.4798626991
3495	0.479859628
3496	0.4798557178
3497	0.4798519371
3498	0.4798485217
3499	0.4798435137
3500	0.4798391463
3501	0.4798335873
3502	0.4798251318
3503	0.4798191787
3504	0.4798146811
3505	0.4798096418
3506	0.4798046821
3507	0.4798018195
3508	0.4797970814
3509	0.4797913168
3510	0.4797845336
3511	0.4797803956
3512	0.4797761811
3513	0.479775178
3514	0.4797723642
3515	0.4797692154
3516	0.4797636714
3517	0.4797588003
3518	0.4797579357
3519	0.4797558599
3520	0.4797494832
3521	0.4797434191
3522	0.4797416058
3523	0.4797377305
3524	0.4797365368
3525	0.4797313346
3526	0.4797269626
3527	0.479721048
3528	0.4797126709
3529	0.4797074457
3530	0.4797031623
3531	0.4796971538
3532	0.4796924605
3533	0.479689801
3534	0.4796860595
3535	0.4796807765
3536	0.4796778077
3537	0.479674213
3538	0.4796715285
3539	0.4796673381
3540	0.4796650765
3541	0.4796601306
3542	0.479658061
3543	0.4796528828
3544	0.4796480652
3545	0.4796463232
3546	0.4796406179
3547	0.4796348967
3548	0.4796328628
3549	0.479631035
3550	0.479629545
3551	0.4796206389
3552	0.479618069
3553	0.479613404
3554	0.4796122088
3555	0.4796089369
3556	0.4796036878
3557	0.4795990837
3558	0.479594451
3559	0.4795917605
3560	0.4795870358
3561	0.4795822993
3562	0.4795794317
3563	0.4795746835
3564	0.4795695458
3565	0.4795667001
3566	0.4795652386
3567	0.4795603519
3568	0.4795598595
3569	0.4795571788
3570	0.4795542289
3571	0.4795483072
3572	0.4795461109
3573	0.4795372547
3574	0.4795357969
3575	0.4795307463
3576	0.479525383
3577	0.4795211756
3578	0.4795199765
3579	0.4795169405
3580	0.47951443
3581	0.4795121052
3582	0.4795093606
3583	0.4795038555
3584	0.4795022982
3585	0.4794999884
3586	0.4794955692
3587	0.4794862422
3588	0.4794840105
3589	0.4794782453
3590	0.4794733531
3591	0.4794681041
3592	0.4794636644
3593	0.4794592524
3594	0.4794551768
3595	0.4794537249
3596	0.4794509579
3597	0.4794447013
3598	0.479442582
3599	0.4794374394
3600	0.4794361103
3601	0.479433523
3602	0.4794289301
3603	0.4794226254
3604	0.4794208699
3605	0.479417474
3606	0.4794114536
3607	0.4794098272
3608	0.4794033384
3609	0.4793990446
3610	0.4793942758
3611	0.4793903763
3612	0.4793865949
3613	0.4793777928
3614	0.4793769005
3615	0.4793744479
3616	0.4793695457
3617	0.4793661611
3618	0.4793622007
3619	0.4793601692
3620	0.479356973
3621	0.4793565074
3622	0.4793524369
3623	0.4793496306
3624	0.4793442592
3625	0.4793420598
3626	0.4793409343
3627	0.4793355564
3628	0.4793315597
3629	0.4793237097
3630	0.4793187589
3631	0.4793165439
3632	0.479313845
3633	0.4793105135
3634	0.4793057918
3635	0.4792952645
3636	0.479291791
3637	0.4792903964
3638	0.4792870127
3639	0.4792837826
3640	0.4792819437
3641	0.4792789102
3642	0.4792752898
3643	0.47927159
3644	0.479270169
3645	0.4792631129
3646	0.4792529086
3647	0.4792468368
3648	0.4792424301
3649	0.4792403608
3650	0.4792354162
3651	0.4792283917
3652	0.4792237582
3653	0.4792218864
3654	0.4792170267
3655	0.4792097769
3656	0.4792069908
3657	0.479202714
3658	0.4792016914
3659	0.4791988256
3660	0.4791933933
3661	0.4791862257
3662	0.4791762074
3663	0.4791747151
3664	0.4791726999
3665	0.4791695492
3666	0.479165765
3667	0.4791626673
3668	0.4791590528
3669	0.4791542782
3670	0.479150419
3671	0.4791490329
3672	0.4791443522
3673	0.4791425259
3674	0.4791394968
3675	0.4791346816
3676	0.4791291979
3677	0.4791184658
3678	0.4791132876
3679	0.4791085789
3680	0.4791056952
3681	0.4791022471
3682	0.4790953489
3683	0.4790925254
3684	0.4790869317
3685	0.4790845181
3686	0.4790833647
3687	0.4790774141
3688	0.4790740101
3689	0.4790716936
3690	0.479069284
3691	0.4790638182
3692	0.4790557181
3693	0.4790507869
3694	0.4790463624
3695	0.4790436757
3696	0.4790423168
3697	0.4790395787
3698	0.4790365907
3699	0.4790321924
3700	0.4790300533
3701	0.4790262423
3702	0.4790222775
3703	0.4790199618
3704	0.479011472
3705	0.4790082135
3706	0.4790038369
3707	0.4790031358
3708	0.4789985354
3709	0.4789969943
3710	0.4789943745
3711	0.4789939599
3712	0.47898976
3713	0.4789847526
3714	0.478982589
3715	0.4789762877
3716	0.4789728814
3717	0.4789670244
3718	0.478962364
3719	0.4789609321
3720	0.478955367
3721	0.4789495568
3722	0.4789443121
3723	0.4789394638
3724	0.4789345777
3725	0.478927212
3726	0.4789247275
3727	0.478920562
3728	0.47891781
3729	0.4789164481
3730	0.4789122046
3731	0.4789091275
3732	0.4789076557
3733	0.4789046416
3734	0.4788983136
3735	0.4788972063
3736	0.4788947848
3737	0.478892514
3738	0.4788881347
3739	0.4788852079
3740	0.4788819872
3741	0.4788809535
3742	0.4788753093
3743	0.4788682047
3744	0.4788648069
3745	0.4788627733
3746	0.4788592248
3747	0.4788532132
3748	0.4788469108
3749	0.4788447818
3750	0.4788392702
3751	0.4788368179
3752	0.4788339059
3753	0.4788295044
3754	0.478826838
3755	0.4788242967
3756	0.478816806
3757	0.4788124207
3758	0.4788094711
3759	0.4788081089
3760	0.4788073843
3761	0.4788026098
3762	0.4787976828
3763	0.4787910466
3764	0.4787872151
3765	0.4787818836
3766	0.4787767451
3767	0.4787710066
3768	0.4787691346
3769	0.4787677157
3770	0.4787636254
3771	0.4787627411
3772	0.4787567322
3773	0.4787528672
3774	0.4787504456
3775	0.4787485774
3776	0.4787435445
3777	0.4787372692
3778	0.4787346914
3779	0.4787326821
3780	0.478726364
3781	0.4787211166
3782	0.4787199022
3783	0.4787196614
3784	0.4787128143
3785	0.4787095372
3786	0.478702574
3787	0.4787006241
3788	0.4786960942
3789	0.4786908492
3790	0.4786864915
3791	0.4786832703
3792	0.4786817899
3793	0.4786763039
3794	0.4786714824
3795	0.4786639017
3796	0.4786624472
3797	0.4786583101
3798	0.478654112
3799	0.4786496362
3800	0.4786441548
3801	0.4786391695
3802	0.4786356673
3803	0.4786291841
3804	0.4786273675
3805	0.4786226572
3806	0.4786179925
3807	0.4786086788
3808	0.4786063604
3809	0.4786033743
3810	0.4785987067
3811	0.4785916908
3812	0.4785868111
3813	0.4785824624
3814	0.4785751667
3815	0.4785732825
3816	0.4785671831
3817	0.4785633187
3818	0.4785616417
3819	0.478556675
3820	0.4785510202
3821	0.4785476146
3822	0.4785459064
3823	0.4785426681
3824	0.4785403485
3825	0.4785358373
3826	0.4785307081
3827	0.4785245499
3828	0.4785210457
3829	0.478517679
3830	0.4785146477
3831	0.4785065012
3832	0.4785050826
3833	0.4785009872
3834	0.4784944525
3835	0.4784923962
3836	0.4784873047
3837	0.4784815006
3838	0.4784733769
3839	0.4784671378
3840	0.4784647075
3841	0.4784613872
3842	0.4784593484
3843	0.4784548287
3844	0.478450384
3845	0.4784485679
3846	0.478445319
3847	0.4784381357
3848	0.478429679
3849	0.4784266292
3850	0.4784237925
3851	0.4784187862
3852	0.4784141183
3853	0.4784114701
3854	0.4784079965
3855	0.4784056393
3856	0.4784040471
3857	0.4783998438
3858	0.4783959495
3859	0.4783920504
3860	0.4783872441
3861	0.478375475
3862	0.4783686928
3863	0.47836573
3864	0.4783626754
3865	0.4783570793
3866	0.4783543399
3867	0.4783476837
3868	0.4783430112
3869	0.4783414179
3870	0.478333838
3871	0.4783300833
3872	0.4783251902
3873	0.4783242873
3874	0.4783207698
3875	0.4783176101
3876	0.4783144181
3877	0.4783116148
3878	0.4783094382
3879	0.4783040127
3880	0.4783005965
3881	0.4782970115
3882	0.4782927625
3883	0.4782902128
3884	0.4782867524
3885	0.4782823217
3886	0.4782795373
3887	0.4782725754
3888	0.4782697853
3889	0.4782637011
3890	0.4782623243
3891	0.4782570646
3892	0.4782555854
3893	0.4782539308
3894	0.4782526721
3895	0.4782480446
3896	0.4782463826
3897	0.4782425401
3898	0.4782346054
3899	0.4782297526
3900	0.4782257106
3901	0.4782227261
3902	0.4782205973
3903	0.4782170516
3904	0.4782139623
3905	0.4782099701
3906	0.4782089332
3907	0.4782013387
3908	0.478198707
3909	0.4781958709
3910	0.478195151
3911	0.4781893165
3912	0.4781886761
3913	0.4781875529
3914	0.4781853158
3915	0.4781811105
3916	0.478173282
3917	0.4781715751
3918	0.4781665164
3919	0.4781618804
3920	0.4781566154
3921	0.4781540838
3922	0.4781530916
3923	0.4781476854
3924	0.4781455382
3925	0.4781365449
3926	0.478132317
3927	0.4781246612
3928	0.478122625
3929	0.4781202669
3930	0.4781164204
3931	0.4781115369
3932	0.4781083316
3933	0.4781055693
3934	0.478102143
3935	0.4781000241
3936	0.4780970476
3937	0.4780958952
3938	0.4780950562
3939	0.478092111
3940	0.4780910611
3941	0.4780861015
3942	0.4780814747
3943	0.4780787422
3944	0.4780736427
3945	0.4780701146
3946	0.478059256
3947	0.4780533734
3948	0.4780480299
3949	0.4780440846
3950	0.4780422646
3951	0.4780414286
3952	0.4780366675
3953	0.4780335348
3954	0.4780275987
3955	0.478024661
3956	0.4780205636
3957	0.4780148993
3958	0.478006105
3959	0.4780008446
3960	0.4779959944
3961	0.4779915429
3962	0.4779901774
3963	0.4779855498
3964	0.4779819875
3965	0.4779797398
3966	0.4779730506
3967	0.4779722486
3968	0.4779673916
3969	0.477964017
3970	0.4779615822
3971	0.4779575102
3972	0.4779552497
3973	0.4779489861
3974	0.4779449144
3975	0.4779387577
3976	0.4779336752
3977	0.4779287249
3978	0.4779248251
3979	0.4779208167
3980	0.4779153833
3981	0.4779145591
3982	0.4779097444
3983	0.4779035377
3984	0.4779016895
3985	0.4778988825
3986	0.477895286
3987	0.4778920451
3988	0.4778912073
3989	0.4778888045
3990	0.4778794621
3991	0.4778757249
3992	0.4778669368
3993	0.4778627795
3994	0.4778590892
3995	0.4778574714
3996	0.4778489789
3997	0.4778469441
3998	0.4778452124
3999	0.4778383022
4000	0.4778351393
4001	0.4778309448
4002	0.4778237141
4003	0.4778212518
4004	0.4778171613
4005	0.4778123403
4006	0.4778086337
4007	0.4778061142
4008	0.4778011492
4009	0.4777990795
4010	0.4777960915
4011	0.4777914386
4012	0.4777886374
4013	0.4777841143
4014	0.4777806375
4015	0.477775259
4016	0.4777687649
4017	0.4777666057
4018	0.4777653005
4019	0.4777585124
4020	0.4777559205
4021	0.4777529881
4022	0.477744308
4023	0.4777426357
4024	0.4777403677
4025	0.4777381417
4026	0.4777352867
4027	0.4777270321
4028	0.4777256168
4029	0.477723742
4030	0.4777187869
4031	0.4777143242
4032	0.4777108305
4033	0.47770844
4034	0.4777061036
4035	0.4777031059
4036	0.4776960342
4037	0.4776930715
4038	0.4776847669
4039	0.4776805441
4040	0.4776779371
4041	0.4776719835
4042	0.4776674875
4043	0.4776641781
4044	0.4776580235
4045	0.4776510127
4046	0.4776466883
4047	0.4776447321
4048	0.4776412392
4049	0.4776395447
4050	0.4776348262
4051	0.4776277465
4052	0.4776259748
4053	0.4776233427
4054	0.4776223949
4055	0.4776210821
4056	0.477613909
4057	0.4776078915
4058	0.477604821
4059	0.4775996894
4060	0.4775953112
4061	0.4775904765
4062	0.4775856217
4063	0.4775762547
4064	0.477573252
4065	0.4775656999
4066	0.4775622106
4067	0.477558427
4068	0.4775573901
4069	0.4775534701
4070	0.4775511115
4071	0.4775484677
4072	0.4775459578
4073	0.4775412782
4074	0.4775358447
4075	0.4775343554
4076	0.4775330002
4077	0.4775300627
4078	0.4775288591
4079	0.477526253
4080	0.4775187494
4081	0.4775147595
4082	0.4775130112
4083	0.477511972
4084	0.477505756
4085	0.4775024865
4086	0.4775011574
4087	0.4774995296
4088	0.4774960183
4089	0.477490462
4090	0.4774840255
4091	0.4774762998
4092	0.4774721279
4093	0.4774680109
4094	0.4774653575
4095	0.4774611268
4096	0.4774584067
4097	0.4774502756
4098	0.4774487869
4099	0.4774469571
4100	0.4774440842
4101	0.4774411891
4102	0.4774369682
4103	0.4774342287
4104	0.4774316277
4105	0.4774250188
4106	0.4774169635
4107	0.4774135026
4108	0.4774061524
4109	0.4773990254
4110	0.4773944217
4111	0.4773909559
4112	0.4773829663
4113	0.4773787262
4114	0.4773720971
4115	0.4773698347
4116	0.4773660556
4117	0.4773625796
4118	0.4773597831
4119	0.4773539992
4120	0.4773519806
4121	0.4773495708
4122	0.4773412853
4123	0.477335862
4124	0.4773331653
4125	0.4773306031
4126	0.4773272772
4127	0.4773245375
4128	0.4773206107
4129	0.4773163058
4130	0.4773139009
4131	0.4773087519
4132	0.4773017233
4133	0.4772962137
4134	0.4772949419
4135	0.4772909045
4136	0.4772862471
4137	0.4772834243
4138	0.4772822699
4139	0.4772806566
4140	0.4772766592
4141	0.4772713955
4142	0.4772703407
4143	0.4772648409
4144	0.4772623505
4145	0.4772595787
4146	0.4772538546
4147	0.4772492436
4148	0.4772468832
4149	0.4772425087
4150	0.4772396689
4151	0.4772345867
4152	0.4772308495
4153	0.4772282966
4154	0.4772219824
4155	0.4772173509
4156	0.4772160502
4157	0.4772103741
4158	0.4772061473
4159	0.4772001829
4160	0.4771934345
4161	0.4771895266
4162	0.4771871936
4163	0.4771839002
4164	0.4771814054
4165	0.4771773998
4166	0.4771747679
4167	0.4771734359
4168	0.4771657412
4169	0.477163609
4170	0.4771602213
4171	0.477155153
4172	0.4771508624
4173	0.4771469077
4174	0.4771449391
4175	0.4771396379
4176	0.4771349601
4177	0.4771312584
4178	0.4771297564
4179	0.4771257138
4180	0.4771240164
4181	0.4771220387
4182	0.4771212763
4183	0.4771161895
4184	0.4771133918
4185	0.4771101268
4186	0.4771054502
4187	0.4771040993
4188	0.4771008111
4189	0.4770969237
4190	0.4770916848
4191	0.4770903758
4192	0.4770875991
4193	0.4770809191
4194	0.4770715797
4195	0.4770646312
4196	0.4770625941
4197	0.4770576689
4198	0.4770540615
4199	0.4770495344
4200	0.4770448276
4201	0.4770378404
4202	0.4770338517
4203	0.4770320383
4204	0.4770223136
4205	0.4770159653
4206	0.4770121456
4207	0.4770092603
4208	0.4770070582
4209	0.4770035428
4210	0.4769980309
4211	0.4769957245
4212	0.4769879876
4213	0.4769853209
4214	0.4769818083
4215	0.4769770618
4216	0.4769740807
4217	0.4769699049
4218	0.4769685802
4219	0.4769665875
4220	0.4769617762
4221	0.4769524166
4222	0.4769500433
4223	0.4769468208
4224	0.4769462533
4225	0.476942866
4226	0.4769387922
4227	0.4769337699
4228	0.4769307693
4229	0.4769287828
4230	0.4769281322
4231	0.4769226915
4232	0.4769203303
4233	0.4769186644
4234	0.4769147071
4235	0.4769133028
4236	0.4769127255
4237	0.4769078964
4238	0.4769041837
4239	0.4769025746
4240	0.476897932
4241	0.4768916561
4242	0.4768892219
4243	0.4768837205
4244	0.4768821397
4245	0.4768745302
4246	0.47687126
4247	0.4768662769
4248	0.4768604872
4249	0.4768563059
4250	0.4768516735
4251	0.4768471143
4252	0.4768426622
4253	0.476839243
4254	0.4768351841
4255	0.4768331339
4256	0.476830156
4257	0.4768266311
4258	0.4768242077
4259	0.4768186928
4260	0.476817786
4261	0.4768128581
4262	0.4768123679
4263	0.4768102255
4264	0.4768056652
4265	0.4768043009
4266	0.4768017705
4267	0.476799506
4268	0.4767968271
4269	0.4767921994
4270	0.4767874104
4271	0.4767818746
4272	0.4767796654
4273	0.4767701851
4274	0.4767594547
4275	0.476756282
4276	0.476752356
4277	0.4767496503
4278	0.4767484301
4279	0.4767446982
4280	0.4767358044
4281	0.4767312705
4282	0.4767269129
4283	0.4767221249
4284	0.4767148115
4285	0.4767128986
4286	0.4767106871
4287	0.4767059684
4288	0.4767029873
4289	0.4766994231
4290	0.476695244
4291	0.4766896625
4292	0.4766875935
4293	0.4766845594
4294	0.4766797703
4295	0.4766761394
4296	0.4766710339
4297	0.4766649062
4298	0.4766637954
4299	0.4766596364
4300	0.4766561776
4301	0.476652567
4302	0.4766500455
4303	0.4766475789
4304	0.4766423517
4305	0.4766367439
4306	0.476634775
4307	0.4766321438
4308	0.4766265175
4309	0.4766251334
4310	0.4766190444
4311	0.4766159647
4312	0.4766091499
4313	0.476603356
4314	0.4765955208
4315	0.4765936109
4316	0.4765900579
4317	0.4765833368
4318	0.4765785294
4319	0.4765741417
4320	0.4765689349
4321	0.4765653408
4322	0.4765637238
4323	0.4765598399
4324	0.4765522597
4325	0.4765475973
4326	0.4765459966
4327	0.4765425141
4328	0.4765402504
4329	0.4765353823
4330	0.4765254909
4331	0.4765211306
4332	0.476516343
4333	0.4765119052
4334	0.4765076384
4335	0.4765028411
4336	0.4764998364
4337	0.4764923739
4338	0.4764916244
4339	0.4764880785
4340	0.4764867014
4341	0.4764844011
4342	0.4764831033
4343	0.4764777634
4344	0.4764701594
4345	0.4764652332
4346	0.4764639352
4347	0.4764607361
4348	0.4764594896
4349	0.4764583157
4350	0.47645546
4351	0.4764527265
4352	0.4764482628
4353	0.4764467511
4354	0.4764453789
4355	0.4764406049
4356	0.4764354301
4357	0.4764326725
4358	0.4764280826
4359	0.4764206709
4360	0.4764177189
4361	0.4764146127
4362	0.476409777
4363	0.4764082632
4364	0.4764070799
4365	0.4764048093
4366	0.4764030657
4367	0.4763941155
4368	0.4763896725
4369	0.4763859102
4370	0.4763793969
4371	0.4763765725
4372	0.4763752208
4373	0.4763695458
4374	0.4763669894
4375	0.4763607203
4376	0.4763568738
4377	0.4763524099
4378	0.476349387
4379	0.4763463221
4380	0.4763391568
4381	0.4763344598
4382	0.4763304132
4383	0.4763241586
4384	0.4763211504
4385	0.4763156517
4386	0.4763133034
4387	0.4763120119
4388	0.4763058583
4389	0.4763001851
4390	0.4762938729
4391	0.4762930741
4392	0.4762901209
4393	0.476285741
4394	0.4762808606
4395	0.4762738133
4396	0.4762713726
4397	0.4762687386
4398	0.4762625517
4399	0.4762588748
4400	0.4762533999
4401	0.476250561
4402	0.4762464408
4403	0.47624393
4404	0.4762388266
4405	0.4762378368
4406	0.4762362399
4407	0.4762286454
4408	0.4762275899
4409	0.4762248754
4410	0.4762176321
4411	0.4762149414
4412	0.4762104169
4413	0.4762037565
4414	0.4762027071
4415	0.4761932154
4416	0.4761848546
4417	0.4761813399
4418	0.476180485
4419	0.4761732953
4420	0.4761664303
4421	0.476159867
4422	0.4761564159
4423	0.4761477743
4424	0.4761432395
4425	0.4761419122
4426	0.4761375553
4427	0.4761341735
4428	0.4761326313
4429	0.4761315666
4430	0.4761283958
4431	0.4761248785
4432	0.4761230937
4433	0.476116948
4434	0.4761139642
4435	0.4761109654
4436	0.4761054544
4437	0.4761046427
4438	0.4760990763
4439	0.4760926776
4440	0.4760894407
4441	0.4760874488
4442	0.4760847474
4443	0.4760813577
4444	0.4760726975
4445	0.4760686719
4446	0.4760637589
4447	0.4760605578
4448	0.476059768
4449	0.4760547128
4450	0.4760494059
4451	0.4760482565
4452	0.4760475704
4453	0.476041145
4454	0.4760365351
4455	0.4760303985
4456	0.4760284159
4457	0.4760253099
4458	0.4760190656
4459	0.4760142986
4460	0.4760124561
4461	0.4760074396
4462	0.4760049768
4463	0.4760021609
4464	0.475998591
4465	0.4759958207
4466	0.4759930183
4467	0.4759875019
4468	0.4759837584
4469	0.4759821422
4470	0.4759799668
4471	0.4759784877
4472	0.4759738757
4473	0.475968675
4474	0.4759614272
4475	0.4759592433
4476	0.4759582436
4477	0.4759525195
4478	0.4759442384
4479	0.4759424158
4480	0.4759378458
4481	0.4759342502
4482	0.4759302253
4483	0.475925182
4484	0.4759227929
4485	0.4759201867
4486	0.4759154241
4487	0.4759073821
4488	0.4759045633
4489	0.4759026691
4490	0.4758991288
4491	0.4758912351
4492	0.4758878937
4493	0.4758855001
4494	0.4758812656
4495	0.4758804289
4496	0.4758780258
4497	0.4758740729
4498	0.4758678501
4499	0.4758652378
4500	0.4758625682
4501	0.4758573439
4502	0.4758532423
4503	0.4758500411
4504	0.4758484444
4505	0.4758465379
4506	0.4758419516
4507	0.475838448
4508	0.475832622
4509	0.4758243414
4510	0.475823097
4511	0.4758154667
4512	0.4758125331
4513	0.4758103221
4514	0.4758077462
4515	0.4758059298
4516	0.4758030633
4517	0.4757978991
4518	0.4757947177
4519	0.475791172
4520	0.475787064
4521	0.4757813043
4522	0.4757774748
4523	0.475774663
4524	0.4757691257
4525	0.4757672775
4526	0.475762374
4527	0.4757570228
4528	0.4757524397
4529	0.4757469902
4530	0.4757422637
4531	0.4757397898
4532	0.4757364476
4533	0.4757343966
4534	0.475727621
4535	0.4757251023
4536	0.4757230909
4537	0.4757157622
4538	0.4757132438
4539	0.4757100755
4540	0.4757041489
4541	0.4756991275
4542	0.4756959653
4543	0.4756930357
4544	0.4756881153
4545	0.4756841823
4546	0.4756794414
4547	0.4756781223
4548	0.4756761362
4549	0.4756726476
4550	0.4756697558
4551	0.4756685418
4552	0.4756673639
4553	0.4756661281
4554	0.4756616736
4555	0.4756568865
4556	0.4756560229
4557	0.47565392
4558	0.4756496271
4559	0.475648438
4560	0.4756408182
4561	0.4756387701
4562	0.4756357128
4563	0.4756336883
4564	0.47562893
4565	0.4756254156
4566	0.4756224482
4567	0.4756200868
4568	0.4756161369
4569	0.4756099284
4570	0.4756078161
4571	0.4756061003
4572	0.4756040001
4573	0.4755988497
4574	0.4755948522
4575	0.4755894318
4576	0.475585309
4577	0.4755813267
4578	0.4755789835
4579	0.475578018
4580	0.4755759654
4581	0.4755707339
4582	0.4755676779
4583	0.4755649017
4584	0.4755621485
4585	0.4755558192
4586	0.475554149
4587	0.4755503348
4588	0.4755467053
4589	0.4755446505
4590	0.4755384785
4591	0.4755341914
4592	0.4755305196
4593	0.4755286371
4594	0.4755246381
4595	0.4755235815
4596	0.4755184745
4597	0.4755152834
4598	0.4755082679
4599	0.475504188
4600	0.4754946797
4601	0.4754905097
4602	0.4754853263
4603	0.4754839284
4604	0.4754805663
4605	0.4754793652
4606	0.4754778731
4607	0.4754756343
4608	0.475469735
4609	0.4754668271
4610	0.4754632093
4611	0.4754588655
4612	0.4754565121
4613	0.4754546331
4614	0.4754529662
4615	0.4754497455
4616	0.475448148
4617	0.4754441237
4618	0.475441429
4619	0.4754386056
4620	0.4754353546
4621	0.4754331247
4622	0.4754285851
4623	0.4754241538
4624	0.4754183063
4625	0.4754141239
4626	0.4754113499
4627	0.4754066286
4628	0.4754037294
4629	0.475401226
4630	0.4753983871
4631	0.4753933365
4632	0.4753893616
4633	0.4753853421
4634	0.4753798378
4635	0.4753769773
4636	0.4753758639
4637	0.4753692492
4638	0.4753675722
4639	0.4753670944
4640	0.475362889
4641	0.4753561721
4642	0.4753503159
4643	0.4753444759
4644	0.4753423858
4645	0.4753348945
4646	0.4753335513
4647	0.4753280859
4648	0.4753235216
4649	0.4753115702
4650	0.4753102068
4651	0.4753035851
4652	0.475299578
4653	0.4752954851
4654	0.4752945796
4655	0.4752888459
4656	0.4752846995
4657	0.4752805257
4658	0.4752771208
4659	0.4752684397
4660	0.4752634946
4661	0.4752586304
4662	0.4752572662
4663	0.4752539977
4664	0.4752519199
4665	0.4752485866
4666	0.4752424329
4667	0.4752355169
4668	0.4752323895
4669	0.4752305157
4670	0.4752258521
4671	0.4752227752
4672	0.4752198781
4673	0.4752190095
4674	0.4752161436
4675	0.4752144844
4676	0.475209184
4677	0.4752050756
4678	0.4752039915
4679	0.4751996891
4680	0.4751929859
4681	0.4751908724
4682	0.4751878272
4683	0.4751828919
4684	0.475181358
4685	0.4751761574
4686	0.4751746126
4687	0.4751708502
4688	0.4751637591
4689	0.4751608462
4690	0.4751585237
4691	0.4751548319
4692	0.4751509228
4693	0.475143796
4694	0.4751396153
4695	0.475134826
4696	0.4751301864
4697	0.4751278866
4698	0.4751219348
4699	0.4751178994
4700	0.4751155655
4701	0.4751116642
4702	0.4751093181
4703	0.4751065865
4704	0.4751026142
4705	0.4751015302
4706	0.4750994304
4707	0.4750939262
4708	0.4750908888
4709	0.4750858584
4710	0.4750836315
4711	0.4750763464
4712	0.4750733419
4713	0.475072373
4714	0.4750658869
4715	0.4750636507
4716	0.4750577559
4717	0.4750564807
4718	0.4750523954
4719	0.4750487249
4720	0.4750480458
4721	0.4750412307
4722	0.4750362092
4723	0.4750351336
4724	0.4750340113
4725	0.4750310489
4726	0.4750288396
4727	0.4750241996
4728	0.4750213449
4729	0.4750192789
4730	0.4750143892
4731	0.4750097197
4732	0.4750045249
4733	0.4749973364
4734	0.4749941617
4735	0.4749929114
4736	0.4749909036
4737	0.4749869999
4738	0.4749836635
4739	0.4749816131
4740	0.4749799545
4741	0.4749772545
4742	0.4749735148
4743	0.4749666121
4744	0.4749653004
4745	0.4749621334
4746	0.4749564072
4747	0.4749481207
4748	0.4749409033
4749	0.4749365518
4750	0.4749320894
4751	0.4749287588
4752	0.4749246838
4753	0.4749231672
4754	0.47492016
4755	0.4749153523
4756	0.4749130558
4757	0.4749099367
4758	0.4749090286
4759	0.4749060648
4760	0.4749015307
4761	0.4748934062
4762	0.4748871838
4763	0.474885058
4764	0.4748823698
4765	0.4748806218
4766	0.4748732786
4767	0.4748704972
4768	0.47486588
4769	0.4748603674
4770	0.4748535637
4771	0.4748510462
4772	0.4748463587
4773	0.4748450971
4774	0.4748429435
4775	0.474840807
4776	0.4748390371
4777	0.4748383187
4778	0.474837147
4779	0.4748335263
4780	0.4748304712
4781	0.4748283307
4782	0.47482365
4783	0.4748206589
4784	0.4748176626
4785	0.4748143077
4786	0.4748083673
4787	0.4748028702
4788	0.4747998183
4789	0.4747964805
4790	0.4747919753
4791	0.4747862677
4792	0.4747819667
4793	0.4747782623
4794	0.4747748387
4795	0.4747696397
4796	0.4747649889
4797	0.4747614007
4798	0.4747572353
4799	0.474754191
4800	0.4747521643
4801	0.4747470914
4802	0.4747419992
4803	0.4747407258
4804	0.4747358912
4805	0.4747320321
4806	0.4747290979
4807	0.4747266887
4808	0.4747237925
4809	0.4747199627
4810	0.4747185478
4811	0.4747139247
4812	0.4747138208
4813	0.4747093774
4814	0.4747060651
4815	0.474701393
4816	0.4746960511
4817	0.4746929736
4818	0.4746907005
4819	0.4746875678
4820	0.4746864471
4821	0.4746808323
4822	0.4746781289
4823	0.4746767725
4824	0.4746700628
4825	0.474662431
4826	0.4746577178
4827	0.4746541835
4828	0.4746522071
4829	0.4746503519
4830	0.4746438385
4831	0.4746395697
4832	0.4746350208
4833	0.4746289071
4834	0.4746270451
4835	0.4746260784
4836	0.4746239099
4837	0.4746228481
4838	0.4746186484
4839	0.4746146051
4840	0.474610142
4841	0.4746070627
4842	0.4746004772
4843	0.474596928
4844	0.4745946394
4845	0.474589238
4846	0.4745862729
4847	0.4745831811
4848	0.4745796332
4849	0.4745735246
4850	0.4745687756
4851	0.4745662637
4852	0.4745626125
4853	0.4745589051
4854	0.474553148
4855	0.4745523329
4856	0.4745492634
4857	0.4745479885
4858	0.4745451857
4859	0.4745378074
4860	0.4745337835
4861	0.4745288222
4862	0.4745269841
4863	0.4745216574
4864	0.4745183281
4865	0.4745132788
4866	0.4745109104
4867	0.4745044733
4868	0.4744990252
4869	0.474495623
4870	0.4744936721
4871	0.4744861701
4872	0.4744810885
4873	0.4744760126
4874	0.4744710741
4875	0.4744663951
4876	0.4744635229
4877	0.4744561691
4878	0.4744498562
4879	0.4744463754
4880	0.4744427316
4881	0.4744377012
4882	0.4744369618
4883	0.4744346616
4884	0.4744259532
4885	0.4744236882
4886	0.4744190135
4887	0.4744149524
4888	0.4744116967
4889	0.4744055515
4890	0.4743989564
4891	0.4743944832
4892	0.474393089
4893	0.4743901438
4894	0.4743886312
4895	0.4743844394
4896	0.4743801319
4897	0.4743733122
4898	0.4743710133
4899	0.4743698342
4900	0.4743675564
4901	0.4743622877
4902	0.4743586304
4903	0.4743560237
4904	0.4743545215
4905	0.4743510509
4906	0.4743468901
4907	0.4743416366
4908	0.4743383962
4909	0.4743355939
4910	0.4743335255
4911	0.4743259983
4912	0.4743228434
4913	0.4743130733
4914	0.4743085573
4915	0.474307203
4916	0.4743036193
4917	0.4743016017
4918	0.4742984558
4919	0.4742920701
4920	0.4742879114
4921	0.4742783727
4922	0.4742732374
4923	0.4742705952
4924	0.474265899
4925	0.4742632123
4926	0.4742596977
4927	0.4742570645
4928	0.474255536
4929	0.4742530416
4930	0.4742495785
4931	0.4742465299
4932	0.4742411353
4933	0.4742368494
4934	0.4742348403
4935	0.4742274491
4936	0.4742209819
4937	0.4742126076
4938	0.474205553
4939	0.4742036918
4940	0.4741991828
4941	0.474196803
4942	0.4741930843
4943	0.4741906029
4944	0.474184866
4945	0.4741821112
4946	0.4741796752
4947	0.4741762782
4948	0.474175876
4949	0.474172698
4950	0.474170535
4951	0.4741653328
4952	0.4741649191
4953	0.4741612047
4954	0.4741602462
4955	0.4741522455
4956	0.474149259
4957	0.4741491118
4958	0.4741462586
4959	0.4741432511
4960	0.4741401076
4961	0.4741364825
4962	0.4741353567
4963	0.4741295238
4964	0.4741210363
4965	0.4741172055
4966	0.4741123512
4967	0.4741114278
4968	0.4741089638
4969	0.4741062264
4970	0.4741037844
4971	0.4741004235
4972	0.4740927075
4973	0.4740895892
4974	0.4740854586
4975	0.4740838438
4976	0.4740813568
4977	0.4740789323
4978	0.4740755541
4979	0.4740720238
4980	0.4740648537
4981	0.4740590855
4982	0.4740571523
4983	0.474054439
4984	0.4740496168
4985	0.4740473199
4986	0.474042537
4987	0.4740384082
4988	0.4740335748
4989	0.4740302208
4990	0.4740210995
4991	0.4740174161
4992	0.4740133149
4993	0.4740099047
4994	0.4740040562
4995	0.4739983999
4996	0.4739926072
4997	0.4739909133
4998	0.4739881751
4999	0.4739828805
5000	0.4739784362
5001	0.473975708
5002	0.4739722321
5003	0.4739682547
5004	0.4739621716
5005	0.4739560828
5006	0.4739553714
5007	0.4739534884
5008	0.4739484746
5009	0.4739469619
5010	0.473944606
5011	0.473942889
5012	0.4739391948
5013	0.4739319514
5014	0.4739296938
5015	0.4739249738
5016	0.4739229201
5017	0.4739189843
5018	0.4739152327
5019	0.4739123984
5020	0.4739091837
5021	0.4739034074
5022	0.4738990691
5023	0.4738943335
5024	0.4738925634
5025	0.4738897344
5026	0.4738880894
5027	0.4738852108
5028	0.4738824174
5029	0.4738750658
5030	0.473872205
5031	0.4738703821
5032	0.4738674916
5033	0.4738637365
5034	0.4738617431
5035	0.473854933
5036	0.4738522329
5037	0.4738477648
5038	0.4738408573
5039	0.4738371741
5040	0.473834571
5041	0.4738319756
5042	0.4738273244
5043	0.4738234087
5044	0.4738206763
5045	0.473818118
5046	0.4738154835
5047	0.4738136606
5048	0.4738085414
5049	0.4738077931
5050	0.4738015526
5051	0.4737967429
5052	0.4737917556
5053	0.4737869009
5054	0.4737856067
5055	0.4737822788
5056	0.4737812655
5057	0.4737777983
5058	0.4737737262
5059	0.4737714284
5060	0.4737656124
5061	0.4737632697
5062	0.4737609644
5063	0.4737574248
5064	0.4737539382
5065	0.4737495228
5066	0.4737453745
5067	0.4737437613
5068	0.4737407781
5069	0.4737355584
5070	0.4737306436
5071	0.473726291
5072	0.4737249744
5073	0.4737230296
5074	0.4737207721
5075	0.4737190544
5076	0.4737177452
5077	0.4737135814
5078	0.4737119071
5079	0.4737107803
5080	0.4737089683
5081	0.473707017
5082	0.4737036817
5083	0.4737001552
5084	0.4736951256
5085	0.473692818
5086	0.4736888437
5087	0.4736800788
5088	0.4736780709
5089	0.4736741312
5090	0.4736735668
5091	0.4736678858
5092	0.4736655998
5093	0.4736623459
5094	0.4736592623
5095	0.4736530175
5096	0.473650945
5097	0.4736509076
5098	0.4736502928
5099	0.4736471163
5100	0.4736404211
5101	0.4736339807
5102	0.4736290618
5103	0.4736274236
5104	0.473621236
5105	0.4736163828
5106	0.4736143516
5107	0.4736076491
5108	0.4736053762
5109	0.4736007884
5110	0.473595533
5111	0.4735942262
5112	0.4735933477
5113	0.4735912692
5114	0.4735873791
5115	0.4735839391
5116	0.4735801462
5117	0.4735765855
5118	0.4735743698
5119	0.473567612
5120	0.473562763
5121	0.4735582009
5122	0.4735521169
5123	0.4735497882
5124	0.473545115
5125	0.4735442212
5126	0.4735396343
5127	0.473538352
5128	0.4735330214
5129	0.4735285243
5130	0.4735223092
5131	0.473521052
5132	0.4735179292
5133	0.4735158589
5134	0.473514239
5135	0.4735119648
5136	0.47350984
5137	0.4735064334
5138	0.4735007586
5139	0.4734958429
5140	0.4734923104
5141	0.4734901472
5142	0.4734874774
5143	0.4734854311
5144	0.4734820338
5145	0.4734783121
5146	0.4734772195
5147	0.4734766502
5148	0.4734750444
5149	0.4734681544
5150	0.4734651465
5151	0.4734598292
5152	0.4734537319
5153	0.4734496526
5154	0.473447702
5155	0.473442428
5156	0.4734402541
5157	0.4734375075
5158	0.4734312696
5159	0.4734291431
5160	0.473424912
5161	0.4734232989
5162	0.4734188817
5163	0.4734130865
5164	0.4734063273
5165	0.4734003504
5166	0.4733969606
5167	0.4733920711
5168	0.4733862674
5169	0.4733804519
5170	0.4733782546
5171	0.4733730998
5172	0.4733704105
5173	0.4733675748
5174	0.4733635422
5175	0.4733612774
5176	0.4733587585
5177	0.4733568547
5178	0.4733505671
5179	0.4733474571
5180	0.4733467126
5181	0.4733439186
5182	0.473340963
5183	0.4733374411
5184	0.473333269
5185	0.473330417
5186	0.4733273255
5187	0.4733245411
5188	0.4733210181
5189	0.4733155883
5190	0.4733132995
5191	0.4733101265
5192	0.4733058061
5193	0.4733027994
5194	0.4733002239
5195	0.4732957538
5196	0.4732915726
5197	0.4732865435
5198	0.4732813313
5199	0.4732714688
5200	0.4732686239
5201	0.4732670709
5202	0.4732628344
5203	0.4732586629
5204	0.4732530225
5205	0.4732468116
5206	0.4732433214
5207	0.4732371125
5208	0.4732303775
5209	0.4732279302
5210	0.4732250958
5211	0.4732193958
5212	0.473216491
5213	0.47321249
5214	0.4732091708
5215	0.4732059642
5216	0.4732021054
5217	0.4731990636
5218	0.4731962738
5219	0.4731936364
5220	0.4731913754
5221	0.4731867062
5222	0.4731819017
5223	0.4731801314
5224	0.4731737987
5225	0.473170953
5226	0.4731675177
5227	0.4731647395
5228	0.4731595908
5229	0.473154408
5230	0.4731533182
5231	0.4731443273
5232	0.4731400799
5233	0.4731383738
5234	0.4731377314
5235	0.4731354777
5236	0.4731273496
5237	0.4731232048
5238	0.4731212257
5239	0.4731201693
5240	0.4731177343
5241	0.4731153109
5242	0.4731129147
5243	0.4731099259
5244	0.4731061527
5245	0.4731040813
5246	0.4730996003
5247	0.4730975508
5248	0.4730924054
5249	0.4730896342
5250	0.473087661
5251	0.4730862478
5252	0.4730784384
5253	0.4730764233
5254	0.4730726554
5255	0.4730695928
5256	0.47306173
5257	0.4730599398
5258	0.4730538071
5259	0.4730503342
5260	0.4730472777
5261	0.4730445872
5262	0.4730429374
5263	0.4730410606
5264	0.4730382981
5265	0.4730370439
5266	0.4730319053
5267	0.4730278419
5268	0.4730249324
5269	0.473023741
5270	0.4730161406
5271	0.4730109996
5272	0.4730062749
5273	0.4730033452
5274	0.4729999951
5275	0.4729948375
5276	0.4729909337
5277	0.4729856645
5278	0.4729836572
5279	0.4729769541
5280	0.4729734729
5281	0.4729682548
5282	0.4729666294
5283	0.4729624112
5284	0.4729588472
5285	0.4729531183
5286	0.472949674
5287	0.4729489588
5288	0.4729473859
5289	0.4729462518
5290	0.4729443781
5291	0.4729408562
5292	0.4729394353
5293	0.4729327698
5294	0.4729291543
5295	0.4729225132
5296	0.4729186873
5297	0.4729122158
5298	0.4729106122
5299	0.4729076034
5300	0.4729006501
5301	0.4728976881
5302	0.4728943011
5303	0.4728907646
5304	0.4728874
5305	0.4728860433
5306	0.4728842677
5307	0.4728823038
5308	0.4728819841
5309	0.4728751339
5310	0.4728709191
5311	0.4728673719
5312	0.4728634605
5313	0.4728607164
5314	0.4728577162
5315	0.4728552157
5316	0.4728518453
5317	0.4728457289
5318	0.4728442813
5319	0.4728393207
5320	0.4728343249
5321	0.4728269437
5322	0.4728227755
5323	0.4728187794
5324	0.4728125739
5325	0.4728116501
5326	0.4728092533
5327	0.4728047224
5328	0.4728010534
5329	0.4727984093
5330	0.4727950703
5331	0.4727889253
5332	0.4727834989
5333	0.4727801694
5334	0.4727791333
5335	0.4727757954
5336	0.4727708203
5337	0.4727664965
5338	0.4727636272
5339	0.4727626901
5340	0.4727602632
5341	0.4727578156
5342	0.4727539928
5343	0.4727502248
5344	0.472746207
5345	0.4727442353
5346	0.4727420063
5347	0.4727353935
5348	0.4727342858
5349	0.4727304409
5350	0.4727262402
5351	0.4727230994
5352	0.4727200342
5353	0.4727151536
5354	0.4727113316
5355	0.4727085358
5356	0.4727054213
5357	0.4726992533
5358	0.4726961662
5359	0.4726918242
5360	0.4726859644
5361	0.4726837793
5362	0.4726802074
5363	0.4726785726
5364	0.4726750706
5365	0.4726718934
5366	0.4726654667
5367	0.4726647631
5368	0.4726602505
5369	0.472656235
5370	0.4726541979
5371	0.4726507386
5372	0.4726467366
5373	0.4726429184
5374	0.4726407276
5375	0.472634506
5376	0.472628046
5377	0.4726219247
5378	0.472616248
5379	0.4726119349
5380	0.4726103072
5381	0.4726035763
5382	0.4726011002
5383	0.4725984372
5384	0.4725978612
5385	0.4725931838
5386	0.4725867564
5387	0.4725792194
5388	0.4725719986
5389	0.4725695063
5390	0.4725638451
5391	0.4725610196
5392	0.4725564693
5393	0.4725498033
5394	0.4725446592
5395	0.4725419307
5396	0.4725396696
5397	0.4725376101
5398	0.4725363459
5399	0.4725310954
5400	0.4725276924
5401	0.4725236804
5402	0.4725188883
5403	0.4725110344
5404	0.4725072823
5405	0.472503334
5406	0.4724983538
5407	0.4724942203
5408	0.4724910986
5409	0.4724800443
5410	0.4724786727
5411	0.4724746582
5412	0.4724718273
5413	0.4724686232
5414	0.4724680817
5415	0.4724615876
5416	0.4724584531
5417	0.4724554832
5418	0.4724500945
5419	0.4724458006
5420	0.4724415795
5421	0.4724390317
5422	0.4724335209
5423	0.4724308793
5424	0.4724290155
5425	0.4724263203
5426	0.4724232969
5427	0.4724212875
5428	0.4724166135
5429	0.4724143172
5430	0.4724123504
5431	0.4724088645
5432	0.4724031791
5433	0.4723986823
5434	0.4723974257
5435	0.4723951071
5436	0.4723925863
5437	0.4723891557
5438	0.4723864512
5439	0.472381573
5440	0.4723756906
5441	0.4723750722
5442	0.4723699283
5443	0.4723634132
5444	0.4723625186
5445	0.4723591686
5446	0.4723539891
5447	0.4723502916
5448	0.4723447236
5449	0.4723397819
5450	0.4723369294
5451	0.472332893
5452	0.4723303671
5453	0.4723276122
5454	0.4723225921
5455	0.4723219655
5456	0.4723211918
5457	0.4723161716
5458	0.4723116417
5459	0.4723075962
5460	0.4722973365
5461	0.4722942281
5462	0.4722876007
5463	0.4722830257
5464	0.4722797668
5465	0.4722747292
5466	0.4722726039
5467	0.4722675475
5468	0.4722612173
5469	0.4722600997
5470	0.4722569495
5471	0.472252971
5472	0.4722513232
5473	0.4722494396
5474	0.4722431319
5475	0.4722407882
5476	0.4722338817
5477	0.4722317274
5478	0.4722288429
5479	0.4722258673
5480	0.4722229017
5481	0.4722166825
5482	0.4722091762
5483	0.4722049924
5484	0.4721991991
5485	0.47219191
5486	0.4721899253
5487	0.4721832587
5488	0.4721818571
5489	0.4721744963
5490	0.4721697543
5491	0.4721634225
5492	0.4721605961
5493	0.472155367
5494	0.4721537693
5495	0.4721505788
5496	0.4721487199
5497	0.4721467624
5498	0.4721414045
5499	0.4721399898
5500	0.4721362864
5501	0.4721343422
5502	0.4721327525
5503	0.4721307303
5504	0.4721260192
5505	0.4721234507
5506	0.4721217754
5507	0.4721181449
5508	0.4721163592
5509	0.4721085458
5510	0.472104081
5511	0.472097872
5512	0.4720923255
5513	0.4720900289
5514	0.4720824577
5515	0.4720788464
5516	0.4720728545
5517	0.4720696507
5518	0.4720679441
5519	0.4720618479
5520	0.4720577772
5521	0.4720529673
5522	0.4720474713
5523	0.4720422228
5524	0.4720385972
5525	0.4720352604
5526	0.4720341494
5527	0.4720318152
5528	0.4720288612
5529	0.4720210649
5530	0.4720156048
5531	0.4720143144
5532	0.4720132003
5533	0.4720096484
5534	0.4720031869
5535	0.4719967908
5536	0.4719915997
5537	0.4719889119
5538	0.4719862491
5539	0.4719812053
5540	0.4719763339
5541	0.471973891
5542	0.4719715207
5543	0.4719690548
5544	0.4719625914
5545	0.4719599888
5546	0.4719511753
5547	0.4719494242
5548	0.4719442573
5549	0.4719379656
5550	0.471935277
5551	0.471933846
5552	0.4719257849
5553	0.4719246279
5554	0.471923011
5555	0.4719169322
5556	0.4719133237
5557	0.4719084014
5558	0.4719076617
5559	0.4719059412
5560	0.4719016608
5561	0.4718977713
5562	0.4718961653
5563	0.4718917488
5564	0.4718878892
5565	0.4718813988
5566	0.4718804324
5567	0.4718781909
5568	0.4718778391
5569	0.4718740176
5570	0.4718718864
5571	0.4718656595
5572	0.4718612993
5573	0.4718561067
5574	0.4718521962
5575	0.4718502327
5576	0.4718451883
5577	0.4718432958
5578	0.4718380818
5579	0.4718369879
5580	0.4718312698
5581	0.4718269579
5582	0.4718243344
5583	0.4718225216
5584	0.4718211608
5585	0.4718152839
5586	0.4718135877
5587	0.4718119345
5588	0.4718085883
5589	0.4718029396
5590	0.4717994501
5591	0.4717933712
5592	0.4717886399
5593	0.4717848642
5594	0.4717793618
5595	0.4717776967
5596	0.4717769115
5597	0.4717746698
5598	0.4717716731
5599	0.4717706233
5600	0.4717653597
5601	0.4717645331
5602	0.4717600295
5603	0.4717544721
5604	0.4717481905
5605	0.4717440671
5606	0.4717391681
5607	0.4717354541
5608	0.4717321508
5609	0.4717275012
5610	0.471726404
5611	0.471721087
5612	0.471715685
5613	0.4717118415
5614	0.4717056153
5615	0.4717030401
5616	0.4716977248
5617	0.4716944168
5618	0.4716915138
5619	0.4716861765
5620	0.4716841823
5621	0.4716810736
5622	0.4716774462
5623	0.4716674609
5624	0.4716602769
5625	0.4716564553
5626	0.4716518431
5627	0.4716485908
5628	0.4716466575
5629	0.4716445226
5630	0.4716422069
5631	0.4716387418
5632	0.4716358828
5633	0.4716335216
5634	0.4716315269
5635	0.4716275264
5636	0.4716245394
5637	0.4716205933
5638	0.4716176513
5639	0.4716139357
5640	0.4716127513
5641	0.4716105381
5642	0.4716059346
5643	0.4716049053
5644	0.4716039562
5645	0.4715999319
5646	0.4715937067
5647	0.4715929384
5648	0.4715905092
5649	0.4715858952
5650	0.471582437
5651	0.4715770502
5652	0.471569434
5653	0.4715658578
5654	0.47156275
5655	0.4715591239
5656	0.4715532903
5657	0.4715511939
5658	0.4715487041
5659	0.4715477611
5660	0.4715446383
5661	0.4715405943
5662	0.4715362217
5663	0.4715303342
5664	0.4715275373
5665	0.4715229544
5666	0.4715203683
5667	0.4715159295
5668	0.4715094178
5669	0.4715077826
5670	0.4715017043
5671	0.4714994025
5672	0.471496436
5673	0.4714894873
5674	0.4714860735
5675	0.4714828018
5676	0.4714790248
5677	0.4714762238
5678	0.4714738984
5679	0.4714691349
5680	0.4714681074
5681	0.4714656382
5682	0.4714647142
5683	0.4714625989
5684	0.4714609259
5685	0.4714561536
5686	0.4714501904
5687	0.4714462199
5688	0.4714426415
5689	0.4714375631
5690	0.4714344698
5691	0.4714338595
5692	0.4714304993
5693	0.4714267758
5694	0.471424459
5695	0.4714220369
5696	0.4714146195
5697	0.4714132728
5698	0.4714095038
5699	0.4714052404
5700	0.4714048753
5701	0.4713990695
5702	0.4713920352
5703	0.47138104
5704	0.4713791924
5705	0.4713744299
5706	0.4713712039
5707	0.4713673587
5708	0.4713663813
5709	0.4713639057
5710	0.4713618881
5711	0.4713584223
5712	0.4713544956
5713	0.4713479374
5714	0.471337639
5715	0.4713357159
5716	0.4713348167
5717	0.47133285
5718	0.4713305664
5719	0.4713278261
5720	0.4713250174
5721	0.471318947
5722	0.4713185706
5723	0.4713125543
5724	0.4713112204
5725	0.4713071974
5726	0.4713010798
5727	0.4712955179
5728	0.4712932703
5729	0.4712909066
5730	0.4712889936
5731	0.4712832009
5732	0.4712777772
5733	0.4712717646
5734	0.4712656846
5735	0.4712620234
5736	0.4712614244
5737	0.4712582984
5738	0.4712522266
5739	0.4712470945
5740	0.4712451927
5741	0.4712440507
5742	0.4712412754
5743	0.4712377332
5744	0.4712348288
5745	0.471231582
5746	0.4712249685
5747	0.4712216219
5748	0.4712168995
5749	0.4712129266
5750	0.4712097209
5751	0.4712054946
5752	0.4712017003
5753	0.4711975451
5754	0.4711918193
5755	0.4711865097
5756	0.4711807082
5757	0.4711766889
5758	0.4711744099
5759	0.4711718216
5760	0.4711665636
5761	0.4711645404
5762	0.4711604134
5763	0.471157943
5764	0.4711554575
5765	0.4711548551
5766	0.4711515964
5767	0.4711484787
5768	0.471146746
5769	0.4711427333
5770	0.4711408332
5771	0.4711378283
5772	0.4711320191
5773	0.4711295378
