iter	Passed	Remaining
0	91	546433
1	148	445418
2	220	441544
3	303	455622
4	383	460259
5	459	458970
6	550	471034
7	632	473575
8	730	486282
9	773	463103
10	841	458249
11	916	457247
12	993	457376
13	1045	446962
14	1135	453051
15	1226	458621
16	1343	472658
17	1408	468057
18	1474	464192
19	1556	465355
20	1637	466178
21	1713	465483
22	1784	463710
23	1862	463790
24	1937	462963
25	2015	463170
26	2099	464528
27	2204	470274
28	2309	475461
29	2411	479968
30	2501	481678
31	2613	487434
32	2709	489944
33	2798	491087
34	2889	492524
35	2979	493681
36	3054	492260
37	3145	493568
38	3197	488735
39	3289	490206
40	3352	487238
41	3439	487938
42	3513	486784
43	3618	489780
44	3708	490765
45	3798	491666
46	3878	491264
47	3978	493366
48	4052	492155
49	4147	493559
50	4231	493547
51	4325	494755
52	4412	495157
53	4515	497176
54	4578	494847
55	4685	497346
56	4773	497720
57	4824	494249
58	4928	496318
59	5008	495831
60	5092	495762
61	5183	496403
62	5244	494250
63	5335	494822
64	5426	495466
65	5512	495646
66	5594	495415
67	5686	496022
68	5769	495965
69	5856	496159
70	5960	497736
71	6046	497815
72	6147	499127
73	6249	500486
74	6342	501091
75	6439	501922
76	6514	501124
77	6602	501291
78	6705	502549
79	6795	502893
80	6883	502993
81	7005	505565
82	7109	506834
83	7202	507272
84	7298	507881
85	7376	507262
86	7460	507085
87	7556	507627
88	7646	507844
89	7730	507660
90	7816	507533
91	7913	508207
92	8004	508417
93	8101	509004
94	8204	509959
95	8295	510193
96	8386	510338
97	8459	509483
98	8540	509085
99	8629	509154
100	8664	506032
101	8720	504254
102	8768	502015
103	8857	502167
104	8967	503477
105	9080	504906
106	9165	504797
107	9269	505693
108	9381	507027
109	9469	507038
110	9569	507675
111	9666	508174
112	9769	508976
113	9860	509119
114	9948	509118
115	10048	509718
116	10151	510460
117	10213	509139
118	10263	507204
119	10365	507933
120	10477	509055
121	10579	509732
122	10637	508283
123	10750	509437
124	10839	509467
125	10919	509056
126	10998	508596
127	11088	508664
128	11186	509127
129	11234	507276
130	11290	505838
131	11396	506621
132	11487	506763
133	11577	506823
134	11685	507650
135	11750	506671
136	11833	506424
137	11899	505469
138	11981	505219
139	12011	502757
140	12100	502811
141	12181	502532
142	12252	501856
143	12328	501357
144	12427	501813
145	12542	502920
146	12673	504609
147	12747	504033
148	12853	504720
149	12944	504843
150	13034	504892
151	13118	504727
152	13204	504609
153	13277	504016
154	13368	504107
155	13496	505615
156	13634	507424
157	13745	508219
158	13850	508822
159	13953	509303
160	14025	508677
161	14103	508235
162	14205	508682
163	14282	508234
164	14373	508305
165	14453	507961
166	14552	508290
167	14641	508263
168	14700	507197
169	14784	507036
170	14893	507698
171	15014	508733
172	15122	509358
173	15213	509392
174	15293	509054
175	15361	508341
176	15436	507839
177	15505	507150
178	15571	506369
179	15662	506416
180	15755	506511
181	15845	506520
182	15937	506610
183	16034	506844
184	16123	506806
185	16191	506119
186	16284	506207
187	16404	507130
188	16488	506950
189	16571	506748
190	16649	506374
191	16706	505366
192	16785	505042
193	16876	505090
194	16961	504921
195	17047	504823
196	17149	505181
197	17189	503717
198	17235	502438
199	17342	502928
200	17444	503281
201	17478	501671
202	17517	500245
203	17603	500158
204	17679	499782
205	17749	499215
206	17811	498473
207	17885	498040
208	17917	496471
209	17935	494498
210	18022	494477
211	18122	494783
212	18202	494552
213	18300	494791
214	18402	495164
215	18492	495196
216	18582	495216
217	18677	495376
218	18777	495676
219	18877	495975
220	18967	495997
221	19040	495571
222	19100	494824
223	19186	494743
224	19226	493474
225	19295	492976
226	19370	492623
227	19456	492564
228	19513	491763
229	19587	491403
230	19615	489876
231	19659	488781
232	19728	488305
233	19795	487781
234	19897	488112
235	19963	487584
236	20056	487710
237	20108	486832
238	20195	486803
239	20300	487221
240	20389	487237
241	20482	487348
242	20567	487275
243	20665	487496
244	20748	487385
245	20834	487322
246	20919	487240
247	20944	485777
248	21042	486009
249	21154	486550
250	21194	485454
251	21313	486144
252	21417	486503
253	21511	486633
254	21602	486696
255	21697	486834
256	21732	485646
257	21819	485610
258	21894	485322
259	21987	485419
260	22069	485275
261	22131	484696
262	22195	484170
263	22269	483851
264	22286	482304
265	22366	482145
266	22451	482078
267	22533	481942
268	22605	481609
269	22677	481264
270	22760	481165
271	22848	481162
272	22964	481742
273	23058	481875
274	23110	481113
275	23172	480586
276	23265	480685
277	23355	480724
278	23438	480608
279	23515	480396
280	23610	480522
281	23710	480768
282	23788	480556
283	23888	480791
284	23949	480248
285	24038	480268
286	24129	480327
287	24207	480118
288	24308	480368
289	24353	479509
290	24486	480398
291	24522	479368
292	24635	479844
293	24728	479927
294	24745	478559
295	24830	478494
296	24934	478785
297	24994	478244
298	25060	477816
299	25153	477915
300	25220	477517
301	25287	477111
302	25351	476657
303	25427	476423
304	25502	476181
305	25608	476521
306	25697	476530
307	25804	476876
308	25891	476853
309	25992	477091
310	26081	477102
311	26194	477553
312	26277	477450
313	26370	477517
314	26487	478035
315	26562	477784
316	26681	478338
317	26784	478576
318	26861	478379
319	26946	478305
320	27022	478079
321	27128	478374
322	27213	478303
323	27305	478355
324	27395	478374
325	27418	477213
326	27497	477041
327	27611	477479
328	27693	477350
329	27788	477452
330	27881	477531
331	27977	477646
332	28079	477860
333	28177	477999
334	28255	477809
335	28313	477292
336	28381	476928
337	28459	476736
338	28552	476809
339	28660	477119
340	28761	477304
341	28839	477114
342	28915	476891
343	29009	476964
344	29038	475974
345	29125	475943
346	29212	475903
347	29301	475904
348	29382	475768
349	29464	475638
350	29541	475444
351	29661	475939
352	29778	476372
353	29863	476297
354	29913	475669
355	29960	474989
356	30023	474569
357	30048	473564
358	30114	473189
359	30200	473141
360	30293	473207
361	30396	473406
362	30488	473455
363	30555	473111
364	30635	472962
365	30724	472949
366	30819	473048
367	30844	472060
368	30940	472156
369	31029	472147
370	31106	471956
371	31123	470874
372	31191	470541
373	31277	470493
374	31301	469517
375	31386	469465
376	31462	469273
377	31544	469160
378	31636	469197
379	31716	469067
380	31781	468708
381	31901	469168
382	32000	469307
383	32032	468473
384	32146	468834
385	32254	469110
386	32361	469367
387	32453	469410
388	32556	469606
389	32640	469519
390	32655	468453
391	32675	467454
392	32746	467195
393	32818	466951
394	32887	466663
395	32918	465849
396	33005	465818
397	33093	465803
398	33179	465764
399	33245	465432
400	33335	465446
401	33439	465660
402	33553	466001
403	33643	466006
404	33722	465868
405	33810	465852
406	33914	466052
407	33998	465986
408	34075	465806
409	34168	465855
410	34201	465091
411	34220	464134
412	34291	463883
413	34374	463807
414	34451	463637
415	34544	463699
416	34638	463753
417	34736	463879
418	34768	463112
419	34851	463032
420	34966	463363
421	35085	463763
422	35123	463080
423	35224	463229
424	35323	463364
425	35443	463756
426	35551	463997
427	35591	463354
428	35719	463853
429	35780	463478
430	35870	463481
431	35901	462734
432	35980	462598
433	36018	461936
434	36106	461916
435	36205	462038
436	36296	462058
437	36382	462011
438	36495	462301
439	36591	462384
440	36687	462462
441	36779	462487
442	36862	462398
443	36938	462224
444	37030	462258
445	37107	462095
446	37213	462296
447	37246	461592
448	37341	461659
449	37418	461490
450	37505	461455
451	37583	461318
452	37670	461279
453	37700	460537
454	37720	459690
455	37805	459641
456	37898	459678
457	37994	459751
458	38090	459826
459	38191	459962
460	38295	460121
461	38380	460072
462	38475	460130
463	38567	460148
464	38621	459719
465	38709	459696
466	38806	459782
467	38826	458944
468	38948	459326
469	39056	459535
470	39144	459508
471	39256	459761
472	39346	459762
473	39363	458907
474	39408	458384
475	39482	458192
476	39512	457503
477	39535	456721
478	39616	456628
479	39638	455837
480	39737	455947
481	39843	456130
482	39925	456046
483	40005	455932
484	40078	455737
485	40154	455577
486	40179	454843
487	40263	454774
488	40353	454784
489	40434	454680
490	40498	454394
491	40589	454408
492	40678	454395
493	40771	454425
494	40891	454766
495	41006	455035
496	41105	455135
497	41206	455254
498	41293	455218
499	41388	455268
500	41470	455181
501	41528	454824
502	41610	454736
503	41696	454694
504	41792	454757
505	41865	454564
506	41950	454505
507	42093	455071
508	42237	455651
509	42353	455923
510	42473	456234
511	42609	456723
512	42727	457010
513	42868	457546
514	42983	457794
515	43091	457969
516	43207	458230
517	43298	458230
518	43385	458180
519	43473	458147
520	43528	457757
521	43603	457581
522	43724	457897
523	43825	457990
524	43909	457909
525	44014	458053
526	44113	458131
527	44169	457752
528	44281	457966
529	44369	457923
530	44473	458051
531	44560	457998
532	44658	458066
533	44771	458283
534	44805	457686
535	44887	457586
536	44918	456966
537	45031	457183
538	45080	456747
539	45167	456688
540	45230	456406
541	45319	456367
542	45388	456146
543	45469	456027
544	45567	456093
545	45660	456098
546	45794	456519
547	45926	456915
548	46062	457357
549	46166	457465
550	46243	457310
551	46310	457061
552	46388	456925
553	46479	456908
554	46555	456743
555	46621	456484
556	46704	456394
557	46785	456279
558	46853	456042
559	46965	456240
560	47094	456585
561	47203	456745
562	47300	456789
563	47394	456802
564	47482	456752
565	47577	456774
566	47684	456917
567	47808	457211
568	47908	457275
569	48005	457315
570	48087	457213
571	48164	457053
572	48242	456918
573	48340	456959
574	48447	457094
575	48550	457185
576	48653	457270
577	48759	457395
578	48842	457293
579	48928	457232
580	49022	457233
581	49128	457348
582	49220	457339
583	49310	457303
584	49393	457204
585	49470	457055
586	49561	457028
587	49621	456722
588	49704	456624
589	49817	456797
590	49894	456652
591	49985	456626
592	50103	456842
593	50228	457133
594	50332	457221
595	50429	457246
596	50522	457242
597	50620	457277
598	50680	456967
599	50766	456897
600	50866	456952
601	50947	456837
602	51042	456844
603	51156	457018
604	51249	457014
605	51341	456985
606	51435	456987
607	51518	456885
608	51611	456880
609	51720	457006
610	51825	457098
611	51917	457077
612	51998	456959
613	52082	456867
614	52180	456897
615	52297	457094
616	52408	457235
617	52507	457275
618	52596	457221
619	52696	457268
620	52776	457138
621	52856	457013
622	52960	457096
623	53065	457180
624	53146	457063
625	53266	457277
626	53380	457435
627	53477	457455
628	53592	457619
629	53681	457570
630	53765	457475
631	53852	457403
632	53935	457302
633	54037	457355
634	54124	457286
635	54171	456878
636	54278	456976
637	54381	457044
638	54485	457118
639	54561	456953
640	54654	456927
641	54741	456859
642	54844	456927
643	54943	456951
644	55028	456862
645	55107	456730
646	55205	456743
647	55270	456495
648	55377	456586
649	55463	456506
650	55546	456399
651	55626	456273
652	55727	456318
653	55834	456406
654	55941	456498
655	56029	456438
656	56113	456338
657	56217	456402
658	56339	456612
659	56464	456852
660	56564	456877
661	56655	456835
662	56731	456672
663	56820	456616
664	56906	456536
665	56990	456435
666	57087	456440
667	57182	456429
668	57263	456312
669	57344	456191
670	57408	455929
671	57511	455983
672	57601	455936
673	57732	456209
674	57787	455880
675	57877	455826
676	57978	455866
677	58072	455846
678	58155	455740
679	58254	455755
680	58354	455785
681	58439	455691
682	58505	455455
683	58590	455361
684	58664	455186
685	58754	455136
686	58840	455052
687	58948	455139
688	59026	454994
689	59101	454823
690	59192	454782
691	59281	454718
692	59373	454680
693	59484	454787
694	59569	454703
695	59690	454879
696	59808	455039
697	59903	455028
698	60000	455027
699	60079	454885
700	60164	454792
701	60255	454748
702	60347	454708
703	60443	454698
704	60528	454606
705	60660	454865
706	60766	454934
707	60883	455080
708	60988	455134
709	61069	455014
710	61142	454830
711	61238	454819
712	61332	454791
713	61435	454830
714	61530	454811
715	61625	454789
716	61745	454956
717	61835	454895
718	61932	454889
719	62041	454973
720	62139	454971
721	62238	454979
722	62342	455025
723	62446	455067
724	62539	455027
725	62621	454909
726	62702	454787
727	62774	454594
728	62880	454652
729	62965	454558
730	63055	454503
731	63155	454515
732	63260	454558
733	63357	454549
734	63434	454400
735	63596	454854
736	63730	455103
737	63851	455266
738	63947	455246
739	64031	455144
740	64121	455083
741	64204	454967
742	64296	454921
743	64370	454742
744	64466	454728
745	64593	454921
746	64703	455002
747	64809	455051
748	64911	455072
749	65037	455259
750	65127	455197
751	65228	455211
752	65320	455159
753	65418	455153
754	65496	455007
755	65583	454919
756	65657	454745
757	65736	454604
758	65831	454577
759	65922	454519
760	66007	454418
761	66098	454358
762	66198	454366
763	66273	454199
764	66358	454103
765	66449	454041
766	66534	453946
767	66624	453876
768	66747	454041
769	66881	454275
770	66982	454279
771	67057	454114
772	67157	454115
773	67247	454047
774	67316	453843
775	67407	453784
776	67484	453633
777	67567	453520
778	67650	453404
779	67744	453366
780	67856	453446
781	67965	453510
782	68052	453421
783	68154	453433
784	68231	453282
785	68323	453232
786	68396	453053
787	68489	453002
788	68573	452900
789	68665	452845
790	68764	452834
791	68857	452787
792	68936	452650
793	69045	452712
794	69134	452634
795	69232	452619
796	69313	452493
797	69408	452461
798	69515	452505
799	69624	452557
800	69753	452742
801	69874	452880
802	69970	452844
803	70053	452733
804	70166	452814
805	70269	452830
806	70334	452600
807	70423	452523
808	70496	452346
809	70597	452345
810	70670	452170
811	70758	452088
812	70875	452192
813	70971	452159
814	71080	452211
815	71193	452289
816	71306	452361
817	71392	452267
818	71480	452183
819	71583	452198
820	71674	452134
821	71773	452120
822	71863	452049
823	71967	452065
824	72073	452100
825	72168	452060
826	72248	451922
827	72331	451812
828	72414	451692
829	72505	451633
830	72599	451583
831	72681	451461
832	72758	451314
833	72862	451330
834	72942	451195
835	73024	451077
836	73123	451058
837	73214	450994
838	73297	450879
839	73394	450850
840	73480	450758
841	73579	450740
842	73668	450664
843	73753	450563
844	73847	450516
845	73929	450392
846	74036	450427
847	74124	450338
848	74220	450303
849	74320	450296
850	74425	450316
851	74521	450278
852	74613	450215
853	74708	450175
854	74794	450079
855	74893	450059
856	74994	450055
857	75077	449940
858	75155	449793
859	75260	449815
860	75335	449652
861	75442	449678
862	75529	449586
863	75617	449506
864	75720	449509
865	75853	449688
866	76006	449988
867	76109	449993
868	76191	449869
869	76285	449819
870	76389	449829
871	76475	449731
872	76552	449580
873	76636	449474
874	76751	449543
875	76865	449609
876	76983	449697
877	77109	449834
878	77210	449823
879	77299	449741
880	77413	449803
881	77485	449629
882	77577	449564
883	77674	449529
884	77751	449375
885	77837	449281
886	77924	449187
887	78028	449192
888	78145	449273
889	78245	449252
890	78344	449229
891	78438	449174
892	78549	449217
893	78632	449102
894	78762	449255
895	78862	449232
896	78965	449234
897	79053	449145
898	79143	449067
899	79214	448881
900	79300	448780
901	79396	448741
902	79466	448548
903	79562	448507
904	79677	448571
905	79772	448523
906	79879	448537
907	79982	448538
908	80084	448527
909	80191	448541
910	80299	448565
911	80413	448623
912	80491	448478
913	80586	448428
914	80682	448384
915	80795	448433
916	80887	448362
917	80996	448393
918	81096	448370
919	81183	448273
920	81282	448244
921	81380	448212
922	81482	448196
923	81590	448217
924	81694	448216
925	81802	448236
926	81888	448136
927	81980	448065
928	82063	447950
929	82144	447820
930	82226	447699
931	82316	447617
932	82408	447547
933	82495	447455
934	82584	447367
935	82662	447226
936	82755	447163
937	82879	447267
938	82969	447188
939	83058	447100
940	83150	447035
941	83244	446976
942	83340	446929
943	83445	446926
944	83542	446884
945	83625	446769
946	83708	446652
947	83799	446578
948	83890	446500
949	83975	446393
950	84052	446247
951	84145	446183
952	84227	446058
953	84342	446114
954	84454	446149
955	84551	446107
956	84645	446046
957	84753	446060
958	84847	446002
959	84965	446071
960	85071	446074
961	85164	446008
962	85263	445971
963	85363	445945
964	85467	445938
965	85565	445897
966	85660	445841
967	85763	445829
968	85855	445759
969	85959	445749
970	86065	445748
971	86163	445710
972	86265	445689
973	86373	445699
974	86480	445709
975	86570	445622
976	86661	445548
977	86763	445527
978	86875	445559
979	86976	445530
980	87072	445481
981	87163	445403
982	87258	445347
983	87360	445326
984	87466	445325
985	87565	445288
986	87673	445296
987	87810	445453
988	87923	445485
989	88026	445468
990	88113	445366
991	88211	445323
992	88304	445255
993	88395	445179
994	88476	445047
995	88568	444977
996	88647	444838
997	88731	444723
998	88833	444700
999	88930	444650
1000	89048	444707
1001	89147	444668
1002	89248	444642
1003	89360	444668
1004	89454	444603
1005	89549	444543
1006	89646	444493
1007	89719	444327
1008	89801	444199
1009	89898	444153
1010	89971	443983
1011	90068	443936
1012	90167	443895
1013	90248	443768
1014	90354	443763
1015	90456	443734
1016	90562	443730
1017	90664	443703
1018	90772	443708
1019	90872	443671
1020	90971	443631
1021	91071	443595
1022	91174	443573
1023	91255	443443
1024	91314	443211
1025	91431	443255
1026	91526	443196
1027	91635	443202
1028	91751	443241
1029	91854	443219
1030	91945	443140
1031	92060	443176
1032	92156	443119
1033	92257	443087
1034	92348	443003
1035	92425	442856
1036	92515	442770
1037	92610	442711
1038	92721	442727
1039	92806	442614
1040	92915	442621
1041	93009	442554
1042	93104	442490
1043	93192	442397
1044	93289	442343
1045	93389	442306
1046	93476	442204
1047	93600	442279
1048	93653	442017
1049	93750	441966
1050	93854	441946
1051	93957	441919
1052	94038	441794
1053	94119	441664
1054	94210	441585
1055	94304	441517
1056	94383	441379
1057	94475	441303
1058	94558	441183
1059	94655	441131
1060	94749	441063
1061	94856	441054
1062	94957	441022
1063	95054	440969
1064	95192	441104
1065	95313	441160
1066	95425	441175
1067	95534	441174
1068	95612	441033
1069	95722	441037
1070	95832	441043
1071	95910	440902
1072	96025	440931
1073	96110	440819
1074	96190	440685
1075	96278	440589
1076	96374	440529
1077	96480	440514
1078	96593	440534
1079	96723	440629
1080	96822	440582
1081	96911	440491
1082	96993	440366
1083	97076	440245
1084	97181	440228
1085	97261	440094
1086	97357	440035
1087	97449	439954
1088	97539	439867
1089	97625	439762
1090	97721	439702
1091	97803	439580
1092	97912	439577
1093	97998	439468
1094	98099	439432
1095	98205	439416
1096	98293	439320
1097	98399	439303
1098	98499	439259
1099	98591	439179
1100	98696	439157
1101	98788	439079
1102	98888	439037
1103	99003	439058
1104	99053	438795
1105	99150	438734
1106	99240	438646
1107	99334	438578
1108	99455	438628
1109	99554	438576
1110	99668	438593
1111	99779	438599
1112	99865	438491
1113	99956	438410
1114	100055	438359
1115	100148	438284
1116	100229	438156
1117	100311	438033
1118	100385	437874
1119	100458	437710
1120	100546	437614
1121	100639	437540
1122	100726	437439
1123	100826	437391
1124	100933	437378
1125	101029	437314
1126	101135	437296
1127	101225	437206
1128	101325	437162
1129	101404	437025
1130	101509	437002
1131	101624	437019
1132	101717	436946
1133	101824	436931
1134	101900	436779
1135	101987	436677
1136	102080	436600
1137	102166	436495
1138	102258	436418
1139	102354	436352
1140	102449	436285
1141	102548	436234
1142	102638	436148
1143	102747	436138
1144	102841	436066
1145	102925	435949
1146	103039	435964
1147	103136	435904
1148	103221	435795
1149	103313	435714
1150	103452	435832
1151	103560	435817
1152	103657	435756
1153	103732	435604
1154	103830	435548
1155	103929	435498
1156	104020	435412
1157	104112	435332
1158	104205	435253
1159	104311	435231
1160	104414	435194
1161	104502	435098
1162	104591	435005
1163	104662	434835
1164	104757	434765
1165	104861	434736
1166	104959	434679
1167	105058	434627
1168	105164	434601
1169	105262	434546
1170	105363	434501
1171	105495	434584
1172	105605	434576
1173	105705	434525
1174	105798	434448
1175	105893	434379
1176	105978	434267
1177	106078	434217
1178	106197	434247
1179	106296	434192
1180	106407	434188
1181	106469	433982
1182	106586	434004
1183	106679	433925
1184	106777	433869
1185	106877	433817
1186	106959	433696
1187	107059	433645
1188	107140	433516
1189	107261	433554
1190	107350	433458
1191	107462	433456
1192	107548	433349
1193	107634	433243
1194	107750	433254
1195	107840	433163
1196	107945	433133
1197	108059	433141
1198	108139	433006
1199	108226	432907
1200	108321	432835
1201	108404	432714
1202	108512	432697
1203	108630	432719
1204	108745	432725
1205	108873	432785
1206	108964	432699
1207	109075	432690
1208	109199	432734
1209	109299	432682
1210	109402	432641
1211	109498	432571
1212	109597	432517
1213	109784	432808
1214	109898	432809
1215	109997	432753
1216	110103	432721
1217	110219	432733
1218	110350	432800
1219	110443	432721
1220	110542	432663
1221	110638	432594
1222	110740	432547
1223	110830	432454
1224	110921	432367
1225	111071	432506
1226	111192	432536
1227	111348	432698
1228	111536	432987
1229	111680	433101
1230	111798	433118
1231	111911	433112
1232	112020	433093
1233	112102	432964
1234	112200	432901
1235	112295	432828
1236	112372	432685
1237	112465	432601
1238	112560	432527
1239	112679	432544
1240	112778	432482
1241	112899	432509
1242	113008	432485
1243	113128	432507
1244	113231	432462
1245	113311	432330
1246	113412	432275
1247	113518	432243
1248	113619	432189
1249	113731	432181
1250	113837	432145
1251	113931	432065
1252	114008	431921
1253	114107	431860
1254	114214	431829
1255	114322	431805
1256	114433	431789
1257	114540	431758
1258	114635	431681
1259	114727	431594
1260	114821	431512
1261	114908	431406
1262	114994	431298
1263	115105	431282
1264	115186	431151
1265	115314	431201
1266	115425	431181
1267	115531	431147
1268	115638	431115
1269	115741	431067
1270	115827	430959
1271	115943	430958
1272	116043	430903
1273	116179	430975
1274	116284	430936
1275	116364	430803
1276	116470	430769
1277	116572	430717
1278	116679	430684
1279	116807	430727
1280	116903	430655
1281	116991	430552
1282	117086	430472
1283	117162	430326
1284	117250	430223
1285	117354	430179
1286	117448	430098
1287	117552	430052
1288	117659	430017
1289	117796	430094
1290	117881	429979
1291	117975	429898
1292	118067	429809
1293	118175	429777
1294	118264	429680
1295	118355	429586
1296	118449	429506
1297	118547	429438
1298	118612	429250
1299	118715	429203
1300	118836	429216
1301	118935	429155
1302	119039	429109
1303	119177	429186
1304	119281	429140
1305	119377	429063
1306	119463	428955
1307	119559	428879
1308	119656	428806
1309	119737	428677
1310	119827	428580
1311	119938	428560
1312	120062	428584
1313	120158	428510
1314	120251	428424
1315	120363	428405
1316	120489	428436
1317	120583	428355
1318	120682	428289
1319	120790	428257
1320	120900	428230
1321	120980	428100
1322	121063	427977
1323	121142	427841
1324	121257	427832
1325	121348	427740
1326	121432	427623
1327	121540	427588
1328	121652	427567
1329	121770	427571
1330	121896	427598
1331	121987	427505
1332	122100	427488
1333	122209	427458
1334	122309	427397
1335	122453	427487
1336	122524	427324
1337	122610	427212
1338	122704	427128
1339	122791	427021
1340	122883	426931
1341	122979	426854
1342	123079	426790
1343	123172	426704
1344	123278	426663
1345	123374	426584
1346	123451	426443
1347	123563	426420
1348	123673	426395
1349	123783	426365
1350	123870	426257
1351	123969	426190
1352	124070	426129
1353	124166	426054
1354	124272	426011
1355	124374	425953
1356	124473	425886
1357	124557	425771
1358	124704	425868
1359	124855	425978
1360	124983	426007
1361	125071	425904
1362	125167	425825
1363	125276	425793
1364	125384	425756
1365	125476	425665
1366	125580	425613
1367	125754	425801
1368	125894	425870
1369	126036	425948
1370	126144	425910
1371	126229	425793
1372	126326	425720
1373	126419	425632
1374	126529	425598
1375	126675	425689
1376	126824	425787
1377	126979	425905
1378	127123	425986
1379	127274	426093
1380	127397	426103
1381	127505	426063
1382	127606	426002
1383	127734	426026
1384	127849	426011
1385	127998	426108
1386	128101	426050
1387	128213	426022
1388	128316	425966
1389	128424	425924
1390	128522	425851
1391	128611	425748
1392	128729	425741
1393	128856	425762
1394	129019	425902
1395	129169	426000
1396	129278	425960
1397	129370	425867
1398	129503	425906
1399	129653	426003
1400	129806	426110
1401	129916	426073
1402	130026	426038
1403	130131	425986
1404	130229	425911
1405	130331	425847
1406	130418	425736
1407	130502	425617
1408	130585	425491
1409	130676	425392
1410	130767	425293
1411	130862	425209
1412	130951	425106
1413	131049	425030
1414	131167	425018
1415	131260	424928
1416	131364	424872
1417	131524	424995
1418	131636	424966
1419	131745	424924
1420	131881	424972
1421	132019	425025
1422	132140	425023
1423	132240	424952
1424	132354	424927
1425	132450	424844
1426	132573	424849
1427	132674	424780
1428	132769	424695
1429	132869	424623
1430	132962	424532
1431	133066	424475
1432	133144	424332
1433	133224	424201
1434	133336	424169
1435	133456	424159
1436	133555	424087
1437	133645	423986
1438	133756	423949
1439	133843	423838
1440	133945	423773
1441	134049	423715
1442	134156	423667
1443	134246	423564
1444	134342	423481
1445	134430	423371
1446	134525	423285
1447	134614	423179
1448	134718	423121
1449	134857	423173
1450	134964	423123
1451	135083	423114
1452	135175	423017
1453	135274	422943
1454	135367	422848
1455	135486	422836
1456	135588	422771
1457	135686	422695
1458	135788	422627
1459	135896	422581
1460	135995	422507
1461	136105	422466
1462	136204	422392
1463	136288	422271
1464	136397	422226
1465	136500	422163
1466	136617	422143
1467	136695	422004
1468	136769	421853
1469	136889	421844
1470	137002	421810
1471	137114	421775
1472	137233	421763
1473	137347	421732
1474	137449	421666
1475	137565	421642
1476	137697	421668
1477	137788	421568
1478	137882	421478
1479	137969	421365
1480	138054	421247
1481	138137	421122
1482	138235	421046
1483	138331	420959
1484	138440	420916
1485	138568	420927
1486	138696	420938
1487	138814	420922
1488	138913	420844
1489	139001	420734
1490	139125	420735
1491	139323	420958
1492	139439	420934
1493	139565	420937
1494	139718	421025
1495	139846	421035
1496	139945	420957
1497	140022	420816
1498	140095	420660
1499	140204	420613
1500	140295	420513
1501	140390	420423
1502	140469	420288
1503	140580	420246
1504	140688	420194
1505	140770	420067
1506	140852	419939
1507	140940	419831
1508	141030	419726
1509	141130	419652
1510	141230	419579
1511	141332	419509
1512	141443	419468
1513	141542	419392
1514	141641	419314
1515	141746	419255
1516	141836	419150
1517	141944	419101
1518	142062	419078
1519	142166	419017
1520	142278	418977
1521	142357	418841
1522	142459	418774
1523	142546	418658
1524	142633	418548
1525	142738	418486
1526	142839	418416
1527	142946	418360
1528	143034	418252
1529	143167	418273
1530	143253	418156
1531	143342	418052
1532	143434	417953
1533	143515	417824
1534	143610	417734
1535	143702	417635
1536	143787	417516
1537	143880	417422
1538	143954	417271
1539	144092	417306
1540	144231	417345
1541	144332	417271
1542	144442	417226
1543	144564	417214
1544	144660	417127
1545	144745	417009
1546	144855	416961
1547	144923	416795
1548	145029	416738
1549	145120	416635
1550	145226	416576
1551	145334	416524
1552	145421	416412
1553	145521	416336
1554	145610	416231
1555	145715	416169
1556	145818	416101
1557	145920	416032
1558	146018	415951
1559	146133	415918
1560	146235	415847
1561	146356	415831
1562	146456	415756
1563	146533	415614
1564	146630	415530
1565	146725	415440
1566	146822	415356
1567	146924	415285
1568	147028	415223
1569	147130	415150
1570	147228	415071
1571	147341	415029
1572	147445	414964
1573	147556	414919
1574	147664	414865
1575	147805	414907
1576	147950	414954
1577	148033	414831
1578	148128	414742
1579	148221	414644
1580	148316	414555
1581	148427	414509
1582	148517	414404
1583	148587	414244
1584	148670	414119
1585	148776	414059
1586	148878	413988
1587	148960	413861
1588	149058	413781
1589	149179	413761
1590	149280	413687
1591	149413	413703
1592	149528	413666
1593	149647	413644
1594	149769	413625
1595	149909	413659
1596	150032	413647
1597	150155	413631
1598	150254	413552
1599	150364	413503
1600	150467	413434
1601	150557	413328
1602	150660	413258
1603	150770	413207
1604	150863	413110
1605	150954	413009
1606	151039	412891
1607	151133	412797
1608	151214	412667
1609	151314	412591
1610	151398	412468
1611	151498	412391
1612	151620	412374
1613	151767	412423
1614	151942	412550
1615	152041	412468
1616	152151	412418
1617	152276	412407
1618	152367	412303
1619	152460	412208
1620	152577	412175
1621	152685	412119
1622	152765	411987
1623	152862	411900
1624	152956	411806
1625	153053	411718
1626	153136	411595
1627	153228	411496
1628	153334	411432
1629	153423	411325
1630	153519	411237
1631	153605	411121
1632	153699	411026
1633	153797	410942
1634	153928	410948
1635	154061	410956
1636	154183	410935
1637	154305	410915
1638	154410	410851
1639	154541	410855
1640	154639	410770
1641	154691	410563
1642	154779	410452
1643	154870	410349
1644	154980	410298
1645	155081	410221
1646	155171	410116
1647	155291	410089
1648	155418	410082
1649	155523	410016
1650	155652	410012
1651	155784	410018
1652	155899	409977
1653	155980	409848
1654	156092	409802
1655	156203	409751
1656	156306	409680
1657	156436	409677
1658	156553	409642
1659	156654	409565
1660	156758	409496
1661	156866	409439
1662	156970	409370
1663	157073	409298
1664	157179	409231
1665	157278	409151
1666	157400	409127
1667	157515	409087
1668	157640	409072
1669	157770	409069
1670	157929	409143
1671	158038	409084
1672	158169	409086
1673	158285	409046
1674	158439	409104
1675	158554	409063
1676	158689	409072
1677	158794	409004
1678	158952	409074
1679	159064	409023
1680	159184	408993
1681	159326	409019
1682	159431	408952
1683	159578	408989
1684	159723	409025
1685	159869	409060
1686	159981	409009
1687	160109	409000
1688	160234	408983
1689	160411	409095
1690	160528	409058
1691	160634	408990
1692	160749	408946
1693	160842	408846
1694	160978	408856
1695	161122	408885
1696	161239	408847
1697	161348	408786
1698	161470	408760
1699	161574	408689
1700	161698	408667
1701	161838	408685
1702	161934	408591
1703	162058	408569
1704	162180	408542
1705	162301	408512
1706	162412	408456
1707	162529	408416
1708	162648	408382
1709	162759	408325
1710	162864	408255
1711	162955	408151
1712	163048	408048
1713	163138	407940
1714	163239	407861
1715	163325	407742
1716	163408	407616
1717	163516	407553
1718	163595	407418
1719	163692	407327
1720	163812	407295
1721	163929	407254
1722	164038	407193
1723	164135	407102
1724	164220	406980
1725	164312	406877
1726	164428	406834
1727	164514	406715
1728	164588	406569
1729	164684	406474
1730	164761	406334
1731	164870	406275
1732	164967	406184
1733	165091	406158
1734	165185	406062
1735	165291	405992
1736	165409	405952
1737	165518	405890
1738	165620	405813
1739	165729	405752
1740	165838	405689
1741	165930	405587
1742	166016	405468
1743	166113	405378
1744	166194	405247
1745	166279	405126
1746	166366	405012
1747	166471	404941
1748	166579	404876
1749	166692	404825
1750	166797	404752
1751	166909	404698
1752	167031	404667
1753	167165	404666
1754	167280	404617
1755	167379	404531
1756	167535	404584
1757	167694	404640
1758	167796	404562
1759	167947	404601
1760	168084	404604
1761	168204	404568
1762	168351	404597
1763	168444	404494
1764	168548	404419
1765	168704	404471
1766	168844	404482
1767	168976	404472
1768	169088	404416
1769	169192	404341
1770	169343	404378
1771	169494	404415
1772	169622	404395
1773	169808	404516
1774	169942	404510
1775	170055	404456
1776	170152	404363
1777	170257	404289
1778	170355	404198
1779	170453	404109
1780	170561	404043
1781	170663	403959
1782	170769	403889
1783	170864	403790
1784	170988	403763
1785	171079	403656
1786	171193	403602
1787	171303	403539
1788	171439	403539
1789	171559	403500
1790	171688	403482
1791	171810	403447
1792	171951	403458
1793	172146	403594
1794	172300	403633
1795	172472	403716
1796	172657	403828
1797	172794	403828
1798	172916	403792
1799	173031	403740
1800	173200	403813
1801	173334	403806
1802	173462	403784
1803	173579	403735
1804	173677	403643
1805	173765	403528
1806	173869	403451
1807	173956	403332
1808	174053	403238
1809	174133	403105
1810	174270	403101
1811	174380	403038
1812	174541	403091
1813	174658	403043
1814	174769	402981
1815	174858	402868
1816	174969	402806
1817	175074	402729
1818	175184	402664
1819	175292	402595
1820	175396	402515
1821	175487	402407
1822	175567	402272
1823	175662	402174
1824	175782	402133
1825	175888	402057
1826	175999	401994
1827	176113	401939
1828	176224	401877
1829	176303	401741
1830	176400	401645
1831	176482	401517
1832	176574	401411
1833	176690	401359
1834	176814	401325
1835	176916	401241
1836	177011	401141
1837	177127	401091
1838	177260	401076
1839	177359	400986
1840	177457	400895
1841	177562	400817
1842	177687	400784
1843	177809	400745
1844	177913	400666
1845	178023	400600
1846	178102	400465
1847	178212	400400
1848	178314	400315
1849	178410	400217
1850	178510	400130
1851	178610	400040
1852	178762	400069
1853	178866	399988
1854	178980	399932
1855	179139	399974
1856	179282	399982
1857	179395	399923
1858	179530	399911
1859	179634	399831
1860	179728	399729
1861	179827	399638
1862	179933	399562
1863	180059	399530
1864	180162	399448
1865	180285	399411
1866	180411	399378
1867	180515	399297
1868	180623	399227
1869	180733	399160
1870	180829	399061
1871	180931	398976
1872	181022	398867
1873	181115	398764
1874	181221	398687
1875	181328	398614
1876	181416	398496
1877	181516	398408
1878	181621	398330
1879	181728	398255
1880	181870	398258
1881	181991	398214
1882	182100	398146
1883	182204	398065
1884	182321	398012
1885	182423	397926
1886	182508	397803
1887	182634	397770
1888	182731	397676
1889	182829	397580
1890	182924	397480
1891	183024	397390
1892	183114	397279
1893	183211	397184
1894	183310	397093
1895	183441	397069
1896	183547	396991
1897	183664	396940
1898	183764	396850
1899	183851	396732
1900	183964	396670
1901	184039	396526
1902	184154	396469
1903	184245	396359
1904	184329	396236
1905	184409	396103
1906	184505	396003
1907	184600	395904
1908	184699	395811
1909	184809	395743
1910	184897	395629
1911	184993	395529
1912	185090	395433
1913	185212	395390
1914	185312	395302
1915	185411	395209
1916	185495	395085
1917	185599	395002
1918	185677	394866
1919	185773	394769
1920	185879	394690
1921	185997	394640
1922	186087	394528
1923	186176	394416
1924	186293	394362
1925	186376	394235
1926	186478	394150
1927	186580	394064
1928	186677	393967
1929	186765	393852
1930	186881	393795
1931	186974	393692
1932	187057	393566
1933	187147	393455
1934	187235	393340
1935	187321	393220
1936	187401	393088
1937	187499	392994
1938	187613	392934
1939	187696	392807
1940	187796	392717
1941	187903	392643
1942	187999	392544
1943	188112	392481
1944	188220	392408
1945	188303	392282
1946	188385	392156
1947	188483	392062
1948	188574	391953
1949	188680	391874
1950	188785	391794
1951	188887	391710
1952	188978	391601
1953	189065	391484
1954	189164	391392
1955	189271	391315
1956	189379	391243
1957	189541	391279
1958	189651	391209
1959	189747	391111
1960	189851	391030
1961	189950	390938
1962	190032	390809
1963	190138	390731
1964	190252	390671
1965	190331	390537
1966	190431	390447
1967	190519	390331
1968	190596	390196
1969	190682	390076
1970	190762	389945
1971	190848	389825
1972	190944	389727
1973	191056	389662
1974	191155	389569
1975	191255	389480
1976	191359	389397
1977	191455	389298
1978	191558	389214
1979	191668	389145
1980	191764	389047
1981	191857	388942
1982	191957	388851
1983	192061	388769
1984	192152	388661
1985	192245	388557
1986	192368	388512
1987	192476	388438
1988	192588	388371
1989	192702	388309
1990	192792	388199
1991	192869	388063
1992	192956	387946
1993	193039	387822
1994	193122	387697
1995	193215	387592
1996	193306	387484
1997	193407	387394
1998	193522	387335
1999	193632	387265
2000	193725	387161
2001	193829	387077
2002	193975	387079
2003	194064	386967
2004	194152	386851
2005	194242	386741
2006	194336	386640
2007	194416	386510
2008	194514	386414
2009	194610	386316
2010	194705	386216
2011	194795	386105
2012	194871	385967
2013	194954	385843
2014	195044	385733
2015	195136	385626
2016	195233	385530
2017	195322	385419
2018	195471	385423
2019	195591	385373
2020	195693	385286
2021	195800	385209
2022	195905	385128
2023	196004	385036
2024	196098	384933
2025	196168	384784
2026	196272	384702
2027	196363	384592
2028	196454	384485
2029	196556	384397
2030	196651	384297
2031	196763	384231
2032	196854	384123
2033	196944	384013
2034	197036	383906
2035	197159	383860
2036	197261	383773
2037	197343	383648
2038	197442	383554
2039	197515	383412
2040	197606	383303
2041	197694	383189
2042	197777	383066
2043	197865	382952
2044	197956	382845
2045	198041	382724
2046	198137	382627
2047	198236	382534
2048	198328	382427
2049	198419	382320
2050	198525	382241
2051	198613	382127
2052	198713	382036
2053	198804	381929
2054	198889	381809
2055	198969	381681
2056	199067	381586
2057	199159	381481
2058	199244	381361
2059	199326	381236
2060	199400	381095
2061	199498	381001
2062	199602	380918
2063	199692	380809
2064	199800	380733
2065	199914	380670
2066	200008	380567
2067	200113	380486
2068	200190	380351
2069	200274	380230
2070	200384	380159
2071	200511	380120
2072	200607	380021
2073	200702	379922
2074	200798	379824
2075	200902	379741
2076	200993	379633
2077	201083	379522
2078	201168	379403
2079	201272	379321
2080	201366	379218
2081	201466	379128
2082	201555	379016
2083	201667	378948
2084	201769	378862
2085	201845	378726
2086	201923	378594
2087	202016	378490
2088	202122	378410
2089	202247	378367
2090	202354	378288
2091	202456	378202
2092	202535	378073
2093	202632	377976
2094	202765	377947
2095	202853	377833
2096	202947	377732
2097	203039	377626
2098	203145	377547
2099	203238	377442
2100	203312	377303
2101	203419	377226
2102	203507	377113
2103	203599	377006
2104	203706	376929
2105	203796	376820
2106	203896	376730
2107	203994	376635
2108	204084	376524
2109	204185	376435
2110	204298	376369
2111	204377	376240
2112	204478	376152
2113	204583	376069
2114	204690	375991
2115	204798	375915
2116	204893	375814
2117	204978	375697
2118	205074	375599
2119	205150	375464
2120	205230	375336
2121	205324	375234
2122	205417	375131
2123	205508	375024
2124	205596	374911
2125	205691	374810
2126	205771	374683
2127	205863	374578
2128	205979	374516
2129	206091	374447
2130	206182	374340
2131	206289	374263
2132	206389	374172
2133	206487	374076
2134	206580	373973
2135	206665	373855
2136	206773	373778
2137	206854	373654
2138	206952	373558
2139	207045	373456
2140	207144	373363
2141	207262	373304
2142	207375	373237
2143	207496	373184
2144	207592	373086
2145	207680	372973
2146	207776	372874
2147	207855	372745
2148	207952	372649
2149	208049	372553
2150	208147	372459
2151	208233	372343
2152	208331	372248
2153	208416	372130
2154	208516	372040
2155	208590	371902
2156	208659	371757
2157	208778	371698
2158	208871	371594
2159	208957	371479
2160	209054	371383
2161	209150	371286
2162	209234	371166
2163	209328	371065
2164	209428	370972
2165	209535	370895
2166	209636	370805
2167	209753	370745
2168	209856	370660
2169	209962	370578
2170	210065	370493
2171	210174	370417
2172	210312	370394
2173	210461	370388
2174	210598	370363
2175	210709	370290
2176	210790	370166
2177	210901	370093
2178	210983	369970
2179	211064	369847
2180	211142	369717
2181	211252	369643
2182	211354	369555
2183	211446	369450
2184	211543	369353
2185	211653	369279
2186	211768	369215
2187	211863	369114
2188	211965	369027
2189	212063	368932
2190	212167	368847
2191	212277	368773
2192	212365	368662
2193	212464	368568
2194	212564	368476
2195	212649	368360
2196	212746	368263
2197	212847	368174
2198	212953	368092
2199	213036	367971
2200	213132	367873
2201	213228	367776
2202	213322	367674
2203	213418	367575
2204	213510	367470
2205	213609	367376
2206	213717	367299
2207	213808	367193
2208	213887	367065
2209	213978	366958
2210	214098	366901
2211	214206	366823
2212	214310	366738
2213	214433	366686
2214	214540	366607
2215	214635	366508
2216	214746	366434
2217	214866	366376
2218	214964	366282
2219	215066	366194
2220	215168	366106
2221	215266	366011
2222	215356	365903
2223	215453	365806
2224	215548	365705
2225	215652	365620
2226	215739	365506
2227	215839	365416
2228	215927	365304
2229	216021	365201
2230	216123	365114
2231	216237	365046
2232	216344	364966
2233	216431	364852
2234	216539	364774
2235	216632	364671
2236	216707	364537
2237	216795	364425
2238	216869	364290
2239	216965	364191
2240	217068	364104
2241	217174	364023
2242	217265	363917
2243	217358	363814
2244	217458	363721
2245	217556	363627
2246	217653	363530
2247	217751	363436
2248	217845	363334
2249	217971	363285
2250	218073	363196
2251	218160	363084
2252	218251	362978
2253	218333	362856
2254	218410	362726
2255	218505	362625
2256	218598	362523
2257	218697	362430
2258	218794	362333
2259	218878	362214
2260	218961	362094
2261	219062	362005
2262	219149	361891
2263	219251	361803
2264	219358	361723
2265	219454	361625
2266	219552	361531
2267	219638	361415
2268	219732	361313
2269	219822	361206
2270	219909	361093
2271	219994	360977
2272	220075	360854
2273	220180	360771
2274	220294	360702
2275	220383	360592
2276	220467	360473
2277	220574	360394
2278	220683	360317
2279	220814	360276
2280	220941	360228
2281	221026	360112
2282	221145	360050
2283	221285	360025
2284	221381	359925
2285	221478	359829
2286	221578	359737
2287	221660	359617
2288	221754	359515
2289	221877	359460
2290	221960	359342
2291	222046	359227
2292	222125	359101
2293	222220	359001
2294	222353	358963
2295	222448	358862
2296	222554	358781
2297	222654	358688
2298	222732	358561
2299	222826	358460
2300	222911	358343
2301	222994	358225
2302	223075	358103
2303	223164	357993
2304	223255	357887
2305	223369	357817
2306	223464	357717
2307	223570	357635
2308	223671	357544
2309	223766	357445
2310	223852	357331
2311	223955	357243
2312	224069	357174
2313	224172	357087
2314	224259	356973
2315	224350	356868
2316	224451	356777
2317	224541	356670
2318	224633	356565
2319	224719	356450
2320	224822	356364
2321	224910	356253
2322	225005	356154
2323	225111	356071
2324	225230	356009
2325	225329	355916
2326	225431	355827
2327	225515	355709
2328	225606	355603
2329	225705	355510
2330	225811	355428
2331	225895	355310
2332	225994	355216
2333	226099	355133
2334	226198	355040
2335	226291	354936
2336	226376	354821
2337	226463	354708
2338	226560	354611
2339	226661	354521
2340	226758	354425
2341	226865	354344
2342	226964	354249
2343	227042	354123
2344	227137	354024
2345	227229	353919
2346	227308	353796
2347	227397	353686
2348	227485	353575
2349	227592	353494
2350	227711	353432
2351	227851	353402
2352	227952	353312
2353	228053	353221
2354	228145	353116
2355	228227	352997
2356	228332	352912
2357	228437	352827
2358	228550	352756
2359	228635	352641
2360	228713	352514
2361	228841	352466
2362	228929	352355
2363	229021	352252
2364	229099	352125
2365	229198	352032
2366	229292	351931
2367	229382	351822
2368	229472	351716
2369	229553	351594
2370	229660	351513
2371	229762	351424
2372	229860	351329
2373	229962	351240
2374	230082	351177
2375	230204	351119
2376	230290	351006
2377	230397	350924
2378	230508	350849
2379	230583	350719
2380	230682	350626
2381	230783	350534
2382	230883	350442
2383	231003	350380
2384	231113	350304
2385	231225	350229
2386	231337	350155
2387	231431	350054
2388	231545	349983
2389	231643	349888
2390	231746	349800
2391	231848	349711
2392	231949	349620
2393	232036	349508
2394	232132	349410
2395	232236	349323
2396	232318	349204
2397	232434	349136
2398	232533	349042
2399	232640	348960
2400	232729	348851
2401	232847	348786
2402	232938	348680
2403	233041	348592
2404	233133	348487
2405	233235	348398
2406	233324	348290
2407	233423	348196
2408	233514	348091
2409	233618	348004
2410	233719	347912
2411	233805	347800
2412	233894	347691
2413	233997	347602
2414	234132	347563
2415	234234	347473
2416	234358	347416
2417	234461	347329
2418	234570	347249
2419	234667	347152
2420	234761	347051
2421	234845	346934
2422	234939	346834
2423	235035	346735
2424	235120	346620
2425	235217	346523
2426	235310	346421
2427	235406	346322
2428	235492	346209
2429	235567	346080
2430	235648	345960
2431	235751	345872
2432	235862	345796
2433	235944	345676
2434	236029	345562
2435	236132	345474
2436	236242	345396
2437	236330	345286
2438	236408	345162
2439	236503	345061
2440	236604	344971
2441	236708	344885
2442	236808	344792
2443	236893	344677
2444	236999	344594
2445	237096	344497
2446	237223	344443
2447	237352	344393
2448	237461	344313
2449	237554	344211
2450	237663	344131
2451	237759	344033
2452	237879	343970
2453	237984	343884
2454	238072	343775
2455	238181	343694
2456	238262	343574
2457	238342	343453
2458	238431	343345
2459	238504	343213
2460	238599	343114
2461	238696	343016
2462	238787	342911
2463	238874	342800
2464	238972	342704
2465	239059	342594
2466	239148	342485
2467	239242	342384
2468	239332	342277
2469	239425	342174
2470	239526	342084
2471	239619	341980
2472	239734	341909
2473	239822	341800
2474	239922	341708
2475	240004	341589
2476	240101	341493
2477	240208	341410
2478	240287	341287
2479	240405	341220
2480	240529	341161
2481	240625	341063
2482	240729	340977
2483	240834	340891
2484	240921	340780
2485	241002	340661
2486	241105	340572
2487	241205	340480
2488	241291	340367
2489	241388	340270
2490	241504	340200
2491	241604	340107
2492	241712	340027
2493	241817	339940
2494	241941	339881
2495	242053	339806
2496	242151	339710
2497	242243	339606
2498	242349	339522
2499	242447	339426
2500	242537	339320
2501	242636	339225
2502	242747	339148
2503	242818	339014
2504	242905	338904
2505	242981	338777
2506	243081	338685
2507	243189	338603
2508	243306	338534
2509	243405	338440
2510	243526	338377
2511	243630	338289
2512	243734	338202
2513	243827	338100
2514	243915	337990
2515	244027	337913
2516	244146	337847
2517	244243	337750
2518	244349	337666
2519	244441	337561
2520	244517	337436
2521	244605	337327
2522	244721	337255
2523	244804	337139
2524	244893	337032
2525	244988	336932
2526	245090	336842
2527	245185	336741
2528	245308	336680
2529	245411	336591
2530	245494	336476
2531	245583	336368
2532	245696	336293
2533	245779	336176
2534	245872	336074
2535	245956	335959
2536	246054	335863
2537	246156	335774
2538	246269	335697
2539	246386	335628
2540	246492	335543
2541	246598	335459
2542	246695	335362
2543	246790	335262
2544	246882	335158
2545	246968	335047
2546	247060	334942
2547	247145	334830
2548	247254	334748
2549	247330	334624
2550	247421	334518
2551	247510	334410
2552	247593	334295
2553	247698	334208
2554	247831	334160
2555	247932	334068
2556	248016	333953
2557	248123	333870
2558	248231	333789
2559	248320	333681
2560	248404	333566
2561	248536	333516
2562	248643	333432
2563	248754	333354
2564	248875	333288
2565	248968	333186
2566	249079	333108
2567	249162	332993
2568	249285	332930
2569	249404	332862
2570	249493	332755
2571	249603	332674
2572	249710	332591
2573	249806	332493
2574	249951	332460
2575	250051	332366
2576	250167	332294
2577	250283	332223
2578	250368	332109
2579	250453	331996
2580	250556	331907
2581	250659	331818
2582	250756	331721
2583	250857	331628
2584	250957	331536
2585	251059	331445
2586	251138	331324
2587	251257	331255
2588	251362	331169
2589	251456	331068
2590	251535	330947
2591	251637	330857
2592	251727	330750
2593	251823	330651
2594	251945	330587
2595	252087	330548
2596	252207	330482
2597	252336	330427
2598	252442	330340
2599	252561	330272
2600	252660	330177
2601	252770	330097
2602	252863	329994
2603	252976	329918
2604	253073	329821
2605	253155	329704
2606	253259	329616
2607	253341	329498
2608	253417	329375
2609	253523	329289
2610	253655	329237
2611	253752	329140
2612	253845	329037
2613	253933	328928
2614	254035	328837
2615	254116	328719
2616	254218	328629
2617	254306	328520
2618	254401	328420
2619	254496	328320
2620	254621	328258
2621	254707	328147
2622	254801	328045
2623	254893	327942
2624	255000	327857
2625	255074	327730
2626	255180	327644
2627	255254	327518
2628	255345	327413
2629	255435	327306
2630	255519	327193
2631	255638	327124
2632	255718	327005
2633	255822	326916
2634	255912	326809
2635	256020	326727
2636	256114	326625
2637	256232	326555
2638	256350	326484
2639	256446	326386
2640	256558	326307
2641	256655	326210
2642	256765	326130
2643	256871	326043
2644	256954	325928
2645	257069	325854
2646	257189	325786
2647	257325	325738
2648	257427	325647
2649	257527	325553
2650	257637	325472
2651	257746	325390
2652	257843	325292
2653	257936	325190
2654	258014	325068
2655	258127	324991
2656	258261	324940
2657	258371	324860
2658	258464	324757
2659	258583	324687
2660	258697	324611
2661	258789	324507
2662	258877	324398
2663	258994	324326
2664	259120	324264
2665	259209	324157
2666	259325	324083
2667	259437	324004
2668	259538	323912
2669	259620	323796
2670	259727	323711
2671	259835	323627
2672	259953	323555
2673	260058	323467
2674	260164	323382
2675	260270	323295
2676	260406	323247
2677	260497	323141
2678	260588	323035
2679	260675	322926
2680	260762	322816
2681	260882	322747
2682	260980	322650
2683	261077	322553
2684	261181	322464
2685	261323	322421
2686	261457	322370
2687	261580	322305
2688	261676	322206
2689	261767	322100
2690	261883	322026
2691	262002	321954
2692	262100	321859
2693	262220	321789
2694	262336	321715
2695	262449	321636
2696	262560	321556
2697	262668	321472
2698	262837	321462
2699	262983	321423
2700	263092	321340
2701	263206	321263
2702	263301	321163
2703	263400	321068
2704	263493	320964
2705	263588	320864
2706	263668	320746
2707	263795	320684
2708	263884	320576
2709	263962	320455
2710	264048	320344
2711	264164	320270
2712	264271	320184
2713	264370	320089
2714	264473	319997
2715	264583	319916
2716	264674	319810
2717	264765	319705
2718	264878	319626
2719	264985	319541
2720	265104	319470
2721	265217	319390
2722	265337	319320
2723	265434	319223
2724	265517	319108
2725	265607	319001
2726	265698	318897
2727	265815	318822
2728	265912	318724
2729	266029	318650
2730	266127	318553
2731	266211	318440
2732	266319	318355
2733	266453	318302
2734	266579	318238
2735	266662	318123
2736	266762	318028
2737	266857	317928
2738	266935	317807
2739	267030	317707
2740	267121	317603
2741	267257	317551
2742	267351	317449
2743	267457	317362
2744	267543	317251
2745	267637	317149
2746	267730	317046
2747	267827	316948
2748	267904	316827
2749	267992	316718
2750	268080	316609
2751	268196	316534
2752	268303	316447
2753	268388	316335
2754	268489	316242
2755	268593	316152
2756	268712	316081
2757	268834	316011
2758	268957	315944
2759	269055	315848
2760	269138	315733
2761	269223	315621
2762	269314	315516
2763	269413	315419
2764	269503	315314
2765	269596	315211
2766	269706	315129
2767	269809	315037
2768	269890	314920
2769	269977	314811
2770	270067	314704
2771	270190	314637
2772	270291	314544
2773	270395	314453
2774	270515	314382
2775	270632	314308
2776	270725	314205
2777	270821	314106
2778	270928	314019
2779	271041	313940
2780	271127	313829
2781	271245	313755
2782	271375	313695
2783	271456	313579
2784	271548	313474
2785	271650	313383
2786	271773	313314
2787	271880	313228
2788	271991	313146
2789	272130	313095
2790	272232	313004
2791	272321	312896
2792	272406	312784
2793	272496	312678
2794	272584	312570
2795	272690	312482
2796	272789	312386
2797	272898	312302
2798	273009	312219
2799	273100	312115
2800	273202	312021
2801	273298	311922
2802	273406	311836
2803	273524	311763
2804	273619	311662
2805	273708	311556
2806	273801	311453
2807	273902	311359
2808	274016	311280
2809	274108	311176
2810	274203	311076
2811	274293	310970
2812	274389	310870
2813	274479	310765
2814	274587	310678
2815	274676	310571
2816	274787	310489
2817	274868	310373
2818	274967	310277
2819	275076	310192
2820	275164	310084
2821	275254	309978
2822	275361	309891
2823	275439	309772
2824	275530	309667
2825	275623	309563
2826	275710	309455
2827	275851	309405
2828	275943	309302
2829	276040	309204
2830	276128	309095
2831	276227	309000
2832	276377	308961
2833	276484	308874
2834	276582	308776
2835	276671	308670
2836	276758	308561
2837	276853	308460
2838	276948	308359
2839	277041	308257
2840	277126	308146
2841	277242	308068
2842	277331	307961
2843	277451	307889
2844	277553	307796
2845	277655	307703
2846	277743	307595
2847	277850	307508
2848	277941	307404
2849	278040	307308
2850	278133	307205
2851	278214	307090
2852	278295	306973
2853	278389	306871
2854	278486	306774
2855	278568	306658
2856	278667	306564
2857	278781	306484
2858	278864	306370
2859	278951	306261
2860	279047	306162
2861	279137	306056
2862	279243	305968
2863	279366	305897
2864	279461	305798
2865	279560	305702
2866	279650	305596
2867	279741	305491
2868	279827	305381
2869	279954	305316
2870	280039	305205
2871	280127	305097
2872	280229	305004
2873	280344	304926
2874	280438	304824
2875	280527	304717
2876	280617	304612
2877	280735	304536
2878	280817	304422
2879	280934	304345
2880	281012	304227
2881	281103	304122
2882	281189	304012
2883	281277	303905
2884	281375	303807
2885	281481	303718
2886	281558	303599
2887	281669	303516
2888	281745	303396
2889	281827	303281
2890	281925	303184
2891	282017	303080
2892	282099	302967
2893	282217	302890
2894	282309	302787
2895	282427	302712
2896	282538	302629
2897	282637	302533
2898	282730	302430
2899	282845	302352
2900	282951	302263
2901	283064	302182
2902	283178	302102
2903	283279	302008
2904	283372	301906
2905	283482	301822
2906	283563	301706
2907	283667	301615
2908	283744	301497
2909	283857	301415
2910	283959	301322
2911	284044	301211
2912	284096	301066
2913	284175	300949
2914	284279	300858
2915	284365	300748
2916	284457	300645
2917	284552	300545
2918	284641	300438
2919	284734	300335
2920	284827	300234
2921	284921	300133
2922	285020	300037
2923	285108	299929
2924	285207	299833
2925	285297	299728
2926	285432	299670
2927	285538	299581
2928	285639	299487
2929	285710	299362
2930	285794	299250
2931	285890	299151
2932	285983	299049
2933	286062	298932
2934	286156	298831
2935	286270	298750
2936	286372	298657
2937	286474	298565
2938	286598	298495
2939	286705	298408
2940	286797	298304
2941	286888	298199
2942	286990	298106
2943	287099	298021
2944	287204	297932
2945	287306	297839
2946	287413	297751
2947	287510	297653
2948	287601	297549
2949	287689	297441
2950	287772	297329
2951	287884	297246
2952	288000	297168
2953	288103	297075
2954	288202	296980
2955	288298	296881
2956	288391	296778
2957	288485	296678
2958	288582	296579
2959	288665	296466
2960	288755	296362
2961	288831	296242
2962	288919	296135
2963	289016	296037
2964	289107	295932
2965	289208	295838
2966	289281	295716
2967	289365	295605
2968	289475	295520
2969	289569	295419
2970	289675	295330
2971	289785	295245
2972	289948	295215
2973	290074	295146
2974	290211	295088
2975	290302	294984
2976	290442	294930
2977	290533	294826
2978	290630	294727
2979	290727	294629
2980	290821	294528
2981	290899	294410
2982	291020	294338
2983	291108	294230
2984	291220	294146
2985	291304	294035
2986	291408	293944
2987	291489	293830
2988	291596	293742
2989	291731	293682
2990	291821	293577
2991	291883	293444
2992	291974	293339
2993	292065	293236
2994	292170	293145
2995	292276	293056
2996	292363	292948
2997	292447	292837
2998	292548	292743
2999	292653	292653
3000	292759	292564
3001	292852	292462
3002	292948	292363
3003	293056	292275
3004	293168	292192
3005	293245	292075
3006	293356	291991
3007	293457	291896
3008	293576	291819
3009	293682	291731
3010	293809	291662
3011	293927	291585
3012	294015	291478
3013	294157	291424
3014	294260	291332
3015	294363	291240
3016	294473	291155
3017	294576	291062
3018	294665	290956
3019	294761	290857
3020	294852	290753
3021	294980	290685
3022	295090	290599
3023	295181	290496
3024	295293	290412
3025	295386	290310
3026	295471	290200
3027	295575	290109
3028	295661	290000
3029	295762	289905
3030	295878	289826
3031	295957	289710
3032	296047	289604
3033	296151	289514
3034	296240	289408
3035	296324	289297
3036	296410	289188
3037	296527	289109
3038	296625	289012
3039	296703	288895
3040	296787	288784
3041	296876	288679
3042	296954	288561
3043	297042	288454
3044	297127	288345
3045	297227	288250
3046	297327	288154
3047	297426	288059
3048	297520	287957
3049	297597	287839
3050	297672	287721
3051	297758	287612
3052	297833	287492
3053	297921	287385
3054	298013	287283
3055	298121	287195
3056	298218	287097
3057	298315	286999
3058	298412	286901
3059	298499	286793
3060	298598	286697
3061	298689	286594
3062	298782	286492
3063	298887	286401
3064	298967	286287
3065	299064	286188
3066	299153	286082
3067	299245	285980
3068	299333	285873
3069	299414	285760
3070	299496	285647
3071	299584	285541
3072	299673	285435
3073	299745	285314
3074	299832	285206
3075	299933	285111
3076	300020	285005
3077	300116	284906
3078	300216	284810
3079	300301	284701
3080	300398	284603
3081	300502	284512
3082	300594	284409
3083	300696	284316
3084	300794	284219
3085	300868	284099
3086	300967	284003
3087	301044	283886
3088	301150	283797
3089	301239	283691
3090	301327	283584
3091	301463	283523
3092	301552	283418
3093	301627	283299
3094	301721	283199
3095	301842	283123
3096	301941	283027
3097	302027	282919
3098	302114	282812
3099	302216	282718
3100	302346	282651
3101	302426	282537
3102	302527	282443
3103	302613	282335
3104	302693	282221
3105	302792	282125
3106	302889	282027
3107	302979	281922
3108	303108	281855
3109	303228	281778
3110	303333	281687
3111	303438	281597
3112	303545	281508
3113	303648	281415
3114	303738	281311
3115	303828	281207
3116	303962	281143
3117	304058	281044
3118	304170	280960
3119	304260	280855
3120	304344	280745
3121	304439	280645
3122	304543	280554
3123	304649	280464
3124	304732	280353
3125	304850	280275
3126	304945	280175
3127	305045	280080
3128	305136	279976
3129	305222	279868
3130	305330	279780
3131	305421	279677
3132	305507	279569
3133	305598	279466
3134	305695	279367
3135	305785	279263
3136	305903	279184
3137	305992	279079
3138	306084	278977
3139	306194	278890
3140	306287	278788
3141	306408	278712
3142	306509	278618
3143	306622	278535
3144	306713	278431
3145	306800	278324
3146	306914	278241
3147	307013	278145
3148	307101	278039
3149	307203	277945
3150	307287	277836
3151	307370	277725
3152	307486	277644
3153	307589	277551
3154	307695	277462
3155	307825	277393
3156	307920	277294
3157	308039	277215
3158	308169	277147
3159	308260	277043
3160	308345	276935
3161	308430	276826
3162	308518	276720
3163	308608	276615
3164	308700	276513
3165	308792	276410
3166	308880	276304
3167	309001	276228
3168	309132	276161
3169	309242	276074
3170	309364	275999
3171	309486	275923
3172	309562	275806
3173	309671	275718
3174	309763	275616
3175	309846	275505
3176	309952	275415
3177	310055	275323
3178	310149	275222
3179	310250	275127
3180	310345	275027
3181	310424	274913
3182	310505	274801
3183	310618	274717
3184	310717	274621
3185	310816	274524
3186	310899	274415
3187	310997	274317
3188	311097	274222
3189	311200	274129
3190	311304	274037
3191	311394	273933
3192	311486	273831
3193	311560	273713
3194	311638	273597
3195	311716	273483
3196	311821	273392
3197	311949	273321
3198	312041	273219
3199	312145	273127
3200	312241	273028
3201	312326	272919
3202	312443	272839
3203	312547	272747
3204	312626	272633
3205	312754	272562
3206	312835	272451
3207	312940	272359
3208	313054	272276
3209	313170	272195
3210	313298	272123
3211	313402	272031
3212	313542	271970
3213	313634	271868
3214	313737	271775
3215	313837	271680
3216	313914	271564
3217	313998	271455
3218	314079	271343
3219	314179	271247
3220	314265	271140
3221	314371	271050
3222	314480	270962
3223	314599	270883
3224	314689	270779
3225	314799	270692
3226	314911	270607
3227	315011	270511
3228	315116	270420
3229	315240	270345
3230	315350	270258
3231	315448	270161
3232	315538	270057
3233	315633	269957
3234	315720	269850
3235	315838	269770
3236	315932	269670
3237	316022	269565
3238	316113	269462
3239	316200	269356
3240	316288	269250
3241	316392	269157
3242	316509	269077
3243	316624	268994
3244	316731	268904
3245	316834	268811
3246	316933	268714
3247	317034	268620
3248	317130	268521
3249	317227	268423
3250	317295	268300
3251	317393	268203
3252	317480	268096
3253	317564	267987
3254	317640	267871
3255	317733	267770
3256	317820	267663
3257	317923	267570
3258	318011	267465
3259	318111	267370
3260	318217	267279
3261	318325	267190
3262	318432	267100
3263	318535	267007
3264	318625	266903
3265	318713	266798
3266	318839	266724
3267	318936	266626
3268	319020	266516
3269	319115	266417
3270	319192	266302
3271	319295	266209
3272	319395	266113
3273	319521	266040
3274	319642	265962
3275	319733	265859
3276	319829	265760
3277	319913	265651
3278	319991	265537
3279	320111	265458
3280	320224	265373
3281	320326	265279
3282	320404	265165
3283	320485	265054
3284	320587	264960
3285	320710	264883
3286	320799	264778
3287	320890	264676
3288	320984	264575
3289	321085	264480
3290	321177	264378
3291	321308	264308
3292	321405	264210
3293	321498	264108
3294	321576	263995
3295	321666	263891
3296	321766	263795
3297	321870	263703
3298	321967	263605
3299	322075	263516
3300	322201	263441
3301	322290	263337
3302	322382	263235
3303	322481	263138
3304	322576	263038
3305	322680	262946
3306	322783	262853
3307	322907	262777
3308	323012	262685
3309	323109	262587
3310	323210	262492
3311	323302	262390
3312	323397	262290
3313	323507	262203
3314	323592	262094
3315	323715	262018
3316	323792	261903
3317	323896	261811
3318	324033	261745
3319	324130	261647
3320	324227	261549
3321	324345	261468
3322	324439	261367
3323	324531	261265
3324	324618	261158
3325	324725	261068
3326	324837	260982
3327	324942	260891
3328	325039	260793
3329	325117	260679
3330	325224	260589
3331	325318	260489
3332	325396	260376
3333	325486	260272
3334	325590	260179
3335	325680	260075
3336	325787	259985
3337	325920	259916
3338	326017	259818
3339	326082	259694
3340	326182	259598
3341	326270	259493
3342	326349	259381
3343	326427	259268
3344	326516	259163
3345	326622	259072
3346	326760	259006
3347	326873	258920
3348	326965	258819
3349	327052	258713
3350	327179	258638
3351	327284	258547
3352	327379	258446
3353	327481	258352
3354	327574	258251
3355	327655	258140
3356	327757	258047
3357	327849	257944
3358	327940	257841
3359	328017	257728
3360	328100	257619
3361	328199	257522
3362	328297	257425
3363	328379	257314
3364	328469	257211
3365	328576	257121
3366	328672	257022
3367	328773	256927
3368	328885	256841
3369	328978	256739
3370	329073	256640
3371	329166	256538
3372	329263	256440
3373	329341	256328
3374	329425	256219
3375	329508	256111
3376	329629	256031
3377	329743	255946
3378	329845	255852
3379	329941	255753
3380	330041	255657
3381	330136	255558
3382	330214	255445
3383	330312	255347
3384	330413	255253
3385	330509	255154
3386	330604	255054
3387	330693	254950
3388	330810	254867
3389	330908	254770
3390	330995	254664
3391	331091	254565
3392	331177	254458
3393	331272	254359
3394	331361	254255
3395	331448	254149
3396	331542	254049
3397	331660	253967
3398	331781	253887
3399	331877	253788
3400	331962	253681
3401	332075	253595
3402	332169	253495
3403	332268	253398
3404	332352	253290
3405	332441	253186
3406	332553	253099
3407	332657	253006
3408	332738	252897
3409	332844	252805
3410	332940	252706
3411	333029	252602
3412	333143	252517
3413	333235	252415
3414	333329	252315
3415	333461	252243
3416	333563	252149
3417	333655	252047
3418	333757	251953
3419	333854	251854
3420	333940	251748
3421	334029	251644
3422	334119	251541
3423	334229	251453
3424	334318	251349
3425	334405	251243
3426	334504	251147
3427	334624	251066
3428	334723	250969
3429	334821	250871
3430	334898	250758
3431	335002	250665
3432	335137	250596
3433	335240	250502
3434	335339	250406
3435	335433	250305
3436	335529	250207
3437	335617	250102
3438	335733	250018
3439	335869	249949
3440	335946	249836
3441	336040	249736
3442	336140	249640
3443	336238	249542
3444	336347	249453
3445	336449	249358
3446	336529	249248
3447	336637	249158
3448	336780	249094
3449	336887	249004
3450	336981	248903
3451	337074	248802
3452	337162	248697
3453	337298	248628
3454	337414	248544
3455	337513	248447
3456	337607	248347
3457	337702	248247
3458	337824	248167
3459	337921	248069
3460	338011	247966
3461	338116	247874
3462	338205	247769
3463	338292	247664
3464	338404	247577
3465	338504	247481
3466	338596	247379
3467	338693	247281
3468	338776	247173
3469	338866	247069
3470	338953	246964
3471	339063	246875
3472	339157	246775
3473	339258	246679
3474	339360	246585
3475	339467	246495
3476	339552	246388
3477	339633	246277
3478	339732	246181
3479	339811	246070
3480	339891	245959
3481	340008	245876
3482	340113	245784
3483	340210	245685
3484	340310	245589
3485	340396	245483
3486	340538	245417
3487	340689	245359
3488	340788	245261
3489	340867	245151
3490	340991	245072
3491	341079	244967
3492	341173	244867
3493	341262	244763
3494	341352	244660
3495	341499	244597
3496	341597	244500
3497	341687	244397
3498	341781	244296
3499	341878	244199
3500	341969	244096
3501	342085	244011
3502	342209	243933
3503	342307	243835
3504	342434	243758
3505	342528	243658
3506	342612	243551
3507	342708	243451
3508	342802	243351
3509	342876	243237
3510	342980	243143
3511	343069	243039
3512	343165	242941
3513	343267	242846
3514	343366	242749
3515	343520	242691
3516	343634	242605
3517	343759	242527
3518	343864	242434
3519	343943	242324
3520	344056	242237
3521	344167	242148
3522	344243	242035
3523	344322	241924
3524	344401	241814
3525	344510	241723
3526	344603	241623
3527	344694	241520
3528	344770	241407
3529	344874	241314
3530	344969	241214
3531	345067	241117
3532	345161	241017
3533	345261	240921
3534	345354	240819
3535	345434	240709
3536	345536	240615
3537	345632	240516
3538	345749	240432
3539	345880	240357
3540	345968	240252
3541	346093	240174
3542	346172	240063
3543	346268	239964
3544	346366	239867
3545	346454	239762
3546	346572	239679
3547	346664	239577
3548	346765	239482
3549	346858	239381
3550	346959	239285
3551	347047	239181
3552	347126	239070
3553	347218	238969
3554	347323	238876
3555	347423	238780
3556	347520	238682
3557	347608	238577
3558	347705	238479
3559	347797	238377
3560	347950	238318
3561	348057	238226
3562	348167	238137
3563	348286	238054
3564	348374	237949
3565	348469	237850
3566	348584	237764
3567	348666	237656
3568	348747	237547
3569	348842	237447
3570	348940	237350
3571	349037	237251
3572	349139	237156
3573	349255	237071
3574	349357	236976
3575	349441	236869
3576	349546	236776
3577	349649	236682
3578	349781	236608
3579	349871	236505
3580	349961	236402
3581	350039	236291
3582	350183	236224
3583	350275	236123
3584	350376	236027
3585	350472	235928
3586	350562	235825
3587	350647	235719
3588	350745	235622
3589	350846	235526
3590	350939	235425
3591	351044	235332
3592	351130	235226
3593	351245	235141
3594	351346	235045
3595	351440	234945
3596	351534	234845
3597	351618	234737
3598	351705	234633
3599	351797	234531
3600	351897	234435
3601	351990	234334
3602	352082	234233
3603	352200	234148
3604	352279	234038
3605	352371	233937
3606	352462	233835
3607	352554	233733
3608	352658	233640
3609	352792	233566
3610	352877	233459
3611	352971	233360
3612	353088	233274
3613	353180	233173
3614	353326	233107
3615	353403	232996
3616	353491	232891
3617	353588	232794
3618	353686	232696
3619	353767	232587
3620	353871	232493
3621	353975	232400
3622	354086	232311
3623	354189	232216
3624	354303	232129
3625	354412	232039
3626	354506	231939
3627	354601	231839
3628	354689	231735
3629	354780	231633
3630	354871	231531
3631	354952	231422
3632	355048	231323
3633	355140	231222
3634	355236	231123
3635	355323	231019
3636	355415	230917
3637	355522	230825
3638	355621	230728
3639	355709	230624
3640	355816	230533
3641	355917	230437
3642	356018	230341
3643	356111	230241
3644	356196	230134
3645	356296	230038
3646	356408	229950
3647	356496	229846
3648	356569	229733
3649	356648	229623
3650	356734	229517
3651	356834	229421
3652	356923	229318
3653	357005	229210
3654	357101	229111
3655	357174	228998
3656	357267	228897
3657	357343	228785
3658	357454	228696
3659	357559	228603
3660	357659	228507
3661	357743	228401
3662	357810	228283
3663	357902	228182
3664	358010	228091
3665	358097	227986
3666	358198	227891
3667	358285	227786
3668	358350	227668
3669	358453	227573
3670	358568	227487
3671	358645	227376
3672	358739	227276
3673	358839	227180
3674	358946	227088
3675	359058	226999
3676	359170	226911
3677	359280	226821
3678	359362	226714
3679	359458	226615
3680	359562	226521
3681	359665	226427
3682	359773	226336
3683	359878	226242
3684	359968	226140
3685	360076	226049
3686	360215	225977
3687	360304	225874
3688	360417	225785
3689	360524	225694
3690	360629	225601
3691	360727	225503
3692	360817	225400
3693	360956	225329
3694	361066	225239
3695	361154	225135
3696	361257	225041
3697	361371	224953
3698	361491	224869
3699	361604	224781
3700	361695	224679
3701	361801	224586
3702	361935	224511
3703	362028	224410
3704	362160	224334
3705	362271	224244
3706	362350	224135
3707	362435	224029
3708	362526	223927
3709	362618	223826
3710	362708	223723
3711	362821	223635
3712	362906	223529
3713	363007	223434
3714	363106	223337
3715	363219	223249
3716	363305	223144
3717	363446	223072
3718	363542	222973
3719	363634	222872
3720	363738	222778
3721	363823	222673
3722	363902	222564
3723	363989	222459
3724	364083	222359
3725	364163	222251
3726	364264	222155
3727	364374	222064
3728	364465	221963
3729	364563	221865
3730	364658	221766
3731	364752	221666
3732	364866	221578
3733	364962	221479
3734	365088	221398
3735	365167	221289
3736	365229	221170
3737	365317	221066
3738	365416	220969
3739	365508	220868
3740	365593	220763
3741	365683	220660
3742	365765	220553
3743	365867	220458
3744	365993	220377
3745	366086	220277
3746	366183	220179
3747	366282	220081
3748	366388	219989
3749	366531	219918
3750	366652	219835
3751	366745	219734
3752	366831	219629
3753	366936	219536
3754	367030	219436
3755	367122	219334
3756	367226	219241
3757	367306	219132
3758	367398	219031
3759	367497	218934
3760	367598	218839
3761	367699	218743
3762	367799	218646
3763	367895	218547
3764	367975	218439
3765	368082	218347
3766	368188	218254
3767	368297	218163
3768	368404	218071
3769	368491	217967
3770	368593	217871
3771	368696	217777
3772	368791	217677
3773	368900	217586
3774	368981	217479
3775	369077	217380
3776	369183	217287
3777	369275	217186
3778	369380	217092
3779	369475	216993
3780	369584	216902
3781	369680	216803
3782	369777	216705
3783	369876	216608
3784	369988	216519
3785	370097	216427
3786	370204	216335
3787	370301	216237
3788	370403	216142
3789	370526	216059
3790	370642	215972
3791	370776	215895
3792	370887	215804
3793	371000	215715
3794	371126	215634
3795	371216	215532
3796	371305	215429
3797	371398	215329
3798	371482	215223
3799	371579	215124
3800	371707	215044
3801	371799	214943
3802	371914	214855
3803	372056	214783
3804	372168	214693
3805	372255	214589
3806	372361	214496
3807	372446	214391
3808	372526	214283
3809	372620	214183
3810	372756	214107
3811	372876	214022
3812	372962	213917
3813	373107	213847
3814	373229	213763
3815	373327	213665
3816	373417	213563
3817	373513	213464
3818	373635	213380
3819	373743	213287
3820	373868	213206
3821	373973	213112
3822	374070	213013
3823	374164	212913
3824	374248	212807
3825	374334	212703
3826	374421	212599
3827	374510	212496
3828	374618	212404
3829	374719	212308
3830	374803	212202
3831	374886	212096
3832	374986	212000
3833	375098	211910
3834	375219	211825
3835	375309	211722
3836	375439	211643
3837	375523	211537
3838	375636	211448
3839	375729	211347
3840	375814	211242
3841	375916	211147
3842	376002	211042
3843	376097	210943
3844	376179	210836
3845	376268	210734
3846	376351	210627
3847	376466	210539
3848	376561	210440
3849	376711	210371
3850	376830	210285
3851	376964	210207
3852	377071	210115
3853	377194	210030
3854	377298	209936
3855	377394	209837
3856	377490	209738
3857	377588	209641
3858	377662	209529
3859	377744	209423
3860	377851	209330
3861	377950	209233
3862	378049	209135
3863	378140	209034
3864	378254	208945
3865	378369	208856
3866	378455	208752
3867	378537	208645
3868	378622	208540
3869	378735	208451
3870	378887	208383
3871	379042	208316
3872	379162	208231
3873	379251	208128
3874	379377	208045
3875	379505	207964
3876	379592	207860
3877	379678	207756
3878	379831	207688
3879	380007	207632
3880	380152	207560
3881	380287	207483
3882	380394	207390
3883	380521	207307
3884	380632	207216
3885	380712	207109
3886	380803	207007
3887	380919	206919
3888	381022	206823
3889	381136	206734
3890	381229	206634
3891	381325	206534
3892	381440	206446
3893	381533	206345
3894	381620	206241
3895	381746	206158
3896	381846	206061
3897	381943	205963
3898	382052	205871
3899	382139	205767
3900	382242	205672
3901	382312	205559
3902	382403	205457
3903	382499	205358
3904	382586	205254
3905	382680	205154
3906	382782	205058
3907	382899	204970
3908	382995	204871
3909	383078	204765
3910	383161	204659
3911	383253	204558
3912	383338	204453
3913	383419	204346
3914	383529	204254
3915	383626	204156
3916	383734	204064
3917	383836	203968
3918	383968	203888
3919	384071	203793
3920	384206	203714
3921	384310	203619
3922	384391	203512
3923	384472	203405
3924	384552	203298
3925	384637	203193
3926	384724	203090
3927	384843	203003
3928	384946	202907
3929	385047	202811
3930	385141	202711
3931	385232	202609
3932	385319	202505
3933	385420	202409
3934	385545	202325
3935	385642	202227
3936	385726	202121
3937	385814	202018
3938	385905	201917
3939	385978	201806
3940	386085	201712
3941	386165	201605
3942	386247	201499
3943	386347	201402
3944	386455	201309
3945	386542	201205
3946	386633	201104
3947	386720	201000
3948	386819	200903
3949	386921	200807
3950	387076	200739
3951	387191	200649
3952	387331	200573
3953	387450	200486
3954	387537	200382
3955	387610	200272
3956	387710	200175
3957	387811	200078
3958	387910	199980
3959	387995	199876
3960	388127	199796
3961	388216	199693
3962	388301	199588
3963	388395	199488
3964	388502	199395
3965	388594	199294
3966	388718	199209
3967	388817	199112
3968	388918	199015
3969	389010	198914
3970	389146	198836
3971	389228	198730
3972	389320	198628
3973	389414	198528
3974	389507	198428
3975	389596	198325
3976	389679	198220
3977	389795	198131
3978	389904	198038
3979	389996	197937
3980	390101	197843
3981	390192	197742
3982	390311	197654
3983	390396	197550
3984	390483	197446
3985	390568	197342
3986	390660	197241
3987	390766	197147
3988	390851	197042
3989	390952	196945
3990	391069	196857
3991	391205	196778
3992	391287	196672
3993	391398	196581
3994	391483	196476
3995	391575	196375
3996	391676	196279
3997	391765	196176
3998	391864	196079
3999	391969	195984
4000	392060	195883
4001	392152	195782
4002	392233	195675
4003	392328	195576
4004	392411	195470
4005	392514	195375
4006	392596	195269
4007	392691	195169
4008	392776	195065
4009	392862	194961
4010	392979	194873
4011	393081	194777
4012	393172	194675
4013	393277	194581
4014	393427	194508
4015	393548	194422
4016	393689	194345
4017	393780	194244
4018	393868	194141
4019	393976	194047
4020	394063	193944
4021	394186	193859
4022	394276	193757
4023	394365	193654
4024	394475	193562
4025	394573	193464
4026	394692	193376
4027	394778	193273
4028	394897	193184
4029	394985	193082
4030	395068	192976
4031	395167	192879
4032	395254	192776
4033	395362	192682
4034	395448	192579
4035	395566	192490
4036	395681	192401
4037	395780	192303
4038	395913	192222
4039	396052	192144
4040	396147	192044
4041	396302	191974
4042	396416	191884
4043	396529	191793
4044	396647	191704
4045	396783	191625
4046	396932	191551
4047	397092	191483
4048	397208	191393
4049	397344	191314
4050	397475	191231
4051	397611	191151
4052	397720	191058
4053	397851	190976
4054	397972	190889
4055	398088	190799
4056	398231	190722
4057	398339	190629
4058	398440	190532
4059	398567	190448
4060	398668	190351
4061	398775	190257
4062	398888	190166
4063	398997	190073
4064	399120	189987
4065	399240	189899
4066	399338	189801
4067	399464	189716
4068	399600	189636
4069	399701	189539
4070	399797	189439
4071	399893	189340
4072	400007	189249
4073	400103	189150
4074	400209	189056
4075	400317	188962
4076	400438	188874
4077	400555	188785
4078	400663	188691
4079	400755	188591
4080	400871	188501
4081	400991	188413
4082	401100	188319
4083	401199	188221
4084	401319	188133
4085	401420	188037
4086	401518	187938
4087	401608	187836
4088	401708	187739
4089	401851	187661
4090	401966	187571
4091	402103	187491
4092	402202	187393
4093	402295	187292
4094	402396	187195
4095	402505	187101
4096	402603	187003
4097	402703	186906
4098	402809	186811
4099	402887	186703
4100	402980	186603
4101	403084	186507
4102	403193	186414
4103	403303	186321
4104	403416	186230
4105	403518	186133
4106	403636	186044
4107	403771	185962
4108	403907	185882
4109	404029	185794
4110	404173	185717
4111	404296	185630
4112	404385	185527
4113	404501	185437
4114	404612	185345
4115	404733	185257
4116	404831	185158
4117	404970	185078
4118	405096	184993
4119	405241	184916
4120	405367	184830
4121	405518	184755
4122	405662	184678
4123	405808	184601
4124	405963	184528
4125	406108	184451
4126	406236	184366
4127	406331	184266
4128	406479	184190
4129	406603	184103
4130	406733	184019
4131	406908	183955
4132	407025	183865
4133	407120	183765
4134	407246	183679
4135	407380	183597
4136	407491	183504
4137	407593	183407
4138	407700	183312
4139	407848	183236
4140	408023	183171
4141	408164	183092
4142	408283	183003
4143	408409	182917
4144	408519	182823
4145	408651	182740
4146	408769	182650
4147	408903	182567
4148	409012	182473
4149	409123	182380
4150	409234	182287
4151	409331	182188
4152	409450	182098
4153	409557	182003
4154	409685	181918
4155	409829	181839
4156	409957	181753
4157	410091	181671
4158	410206	181579
4159	410327	181490
4160	410444	181400
4161	410538	181299
4162	410644	181204
4163	410712	181092
4164	410843	181007
4165	410957	180916
4166	411041	180811
4167	411149	180716
4168	411259	180622
4169	411363	180526
4170	411474	180433
4171	411581	180338
4172	411672	180236
4173	411782	180142
4174	411889	180047
4175	411995	179952
4176	412119	179864
4177	412212	179763
4178	412301	179660
4179	412421	179571
4180	412502	179464
4181	412590	179361
4182	412689	179262
4183	412782	179161
4184	412883	179064
4185	412975	178962
4186	413087	178869
4187	413179	178768
4188	413281	178671
4189	413399	178580
4190	413488	178477
4191	413575	178374
4192	413700	178286
4193	413823	178198
4194	413918	178098
4195	414022	178001
4196	414129	177906
4197	414246	177816
4198	414373	177729
4199	414496	177641
4200	414573	177533
4201	414671	177434
4202	414771	177336
4203	414867	177236
4204	414961	177135
4205	415072	177042
4206	415165	176941
4207	415274	176847
4208	415359	176742
4209	415480	176653
4210	415575	176553
4211	415659	176448
4212	415777	176357
4213	415883	176262
4214	415988	176165
4215	416084	176066
4216	416174	175963
4217	416272	175864
4218	416350	175757
4219	416456	175661
4220	416546	175559
4221	416624	175452
4222	416702	175344
4223	416784	175238
4224	416874	175136
4225	416961	175033
4226	417082	174943
4227	417214	174858
4228	417322	174764
4229	417415	174663
4230	417510	174562
4231	417603	174461
4232	417720	174371
4233	417808	174267
4234	417909	174170
4235	418000	174068
4236	418087	173964
4237	418190	173867
4238	418277	173764
4239	418370	173663
4240	418473	173566
4241	418577	173469
4242	418677	173371
4243	418771	173271
4244	418873	173174
4245	418958	173069
4246	419066	172974
4247	419154	172871
4248	419252	172772
4249	419340	172669
4250	419433	172568
4251	419527	172468
4252	419618	172366
4253	419725	172271
4254	419844	172180
4255	419952	172085
4256	420055	171988
4257	420161	171893
4258	420260	171794
4259	420376	171703
4260	420449	171593
4261	420548	171495
4262	420630	171389
4263	420726	171290
4264	420813	171186
4265	420901	171083
4266	420987	170980
4267	421088	170882
4268	421193	170785
4269	421318	170698
4270	421415	170598
4271	421522	170503
4272	421621	170405
4273	421725	170308
4274	421828	170211
4275	421934	170115
4276	422031	170016
4277	422126	169916
4278	422207	169810
4279	422319	169717
4280	422398	169610
4281	422484	169507
4282	422573	169404
4283	422663	169302
4284	422743	169196
4285	422828	169091
4286	422936	168996
4287	423041	168900
4288	423143	168803
4289	423245	168706
4290	423339	168605
4291	423420	168500
4292	423514	168399
4293	423608	168299
4294	423713	168203
4295	423809	168103
4296	423913	168006
4297	424008	167906
4298	424093	167802
4299	424179	167698
4300	424266	167595
4301	424427	167521
4302	424553	167433
4303	424657	167337
4304	424786	167250
4305	424872	167146
4306	424955	167041
4307	425062	166946
4308	425165	166849
4309	425271	166753
4310	425411	166671
4311	425496	166567
4312	425593	166467
4313	425694	166370
4314	425771	166262
4315	425870	166164
4316	425965	166064
4317	426068	165967
4318	426181	165874
4319	426266	165770
4320	426357	165668
4321	426452	165568
4322	426544	165467
4323	426640	165367
4324	426744	165270
4325	426839	165170
4326	426955	165078
4327	427039	164974
4328	427128	164872
4329	427221	164771
4330	427317	164671
4331	427422	164575
4332	427521	164476
4333	427622	164379
4334	427719	164279
4335	427827	164184
4336	427939	164091
4337	428094	164014
4338	428208	163921
4339	428291	163816
4340	428378	163713
4341	428472	163612
4342	428595	163523
4343	428700	163427
4344	428823	163337
4345	428942	163247
4346	429062	163156
4347	429189	163068
4348	429313	162979
4349	429409	162879
4350	429490	162774
4351	429629	162690
4352	429741	162596
4353	429844	162499
4354	429934	162397
4355	430019	162293
4356	430124	162197
4357	430225	162099
4358	430344	162008
4359	430448	161911
4360	430560	161818
4361	430670	161723
4362	430765	161623
4363	430862	161524
4364	430948	161420
4365	431032	161316
4366	431121	161213
4367	431216	161113
4368	431316	161015
4369	431433	160923
4370	431547	160830
4371	431676	160743
4372	431792	160650
4373	431907	160558
4374	432046	160474
4375	432151	160378
4376	432287	160292
4377	432367	160187
4378	432480	160093
4379	432585	159997
4380	432684	159898
4381	432774	159796
4382	432862	159693
4383	432958	159594
4384	433042	159489
4385	433126	159385
4386	433208	159280
4387	433324	159188
4388	433429	159091
4389	433568	159007
4390	433675	158912
4391	433785	158817
4392	433890	158721
4393	433995	158624
4394	434094	158526
4395	434200	158429
4396	434293	158328
4397	434390	158229
4398	434510	158138
4399	434618	158043
4400	434739	157952
4401	434843	157855
4402	434956	157762
4403	435052	157661
4404	435152	157563
4405	435257	157467
4406	435354	157367
4407	435429	157260
4408	435547	157168
4409	435652	157071
4410	435743	156970
4411	435825	156865
4412	435932	156769
4413	436032	156671
4414	436140	156575
4415	436231	156474
4416	436355	156384
4417	436455	156286
4418	436589	156199
4419	436686	156100
4420	436791	156004
4421	436909	155911
4422	436993	155807
4423	437104	155713
4424	437223	155621
4425	437327	155524
4426	437423	155425
4427	437501	155318
4428	437598	155219
4429	437679	155114
4430	437778	155015
4431	437898	154924
4432	438017	154832
4433	438113	154732
4434	438224	154638
4435	438330	154542
4436	438472	154458
4437	438587	154365
4438	438701	154271
4439	438808	154175
4440	438914	154079
4441	439000	153976
4442	439090	153874
4443	439195	153777
4444	439302	153681
4445	439419	153589
4446	439541	153498
4447	439652	153403
4448	439748	153304
4449	439833	153200
4450	439918	153096
4451	440017	152998
4452	440104	152895
4453	440177	152787
4454	440281	152690
4455	440369	152587
4456	440469	152489
4457	440579	152394
4458	440695	152301
4459	440804	152205
4460	440903	152107
4461	441011	152011
4462	441110	151912
4463	441215	151816
4464	441316	151718
4465	441424	151622
4466	441516	151521
4467	441603	151418
4468	441709	151321
4469	441813	151224
4470	441902	151122
4471	441993	151021
4472	442118	150930
4473	442236	150838
4474	442347	150744
4475	442466	150652
4476	442583	150559
4477	442715	150471
4478	442809	150371
4479	442911	150273
4480	443009	150174
4481	443123	150080
4482	443214	149979
4483	443343	149890
4484	443434	149788
4485	443517	149684
4486	443601	149580
4487	443688	149477
4488	443788	149379
4489	443898	149284
4490	444007	149189
4491	444107	149090
4492	444215	148994
4493	444327	148900
4494	444471	148816
4495	444610	148730
4496	444719	148635
4497	444811	148534
4498	444914	148436
4499	445029	148343
4500	445142	148248
4501	445239	148149
4502	445348	148054
4503	445491	147969
4504	445579	147867
4505	445679	147768
4506	445770	147667
4507	445859	147564
4508	445953	147464
4509	446065	147369
4510	446172	147273
4511	446249	147167
4512	446340	147065
4513	446444	146968
4514	446549	146871
4515	446646	146772
4516	446748	146674
4517	446851	146576
4518	446950	146478
4519	447053	146380
4520	447190	146293
4521	447301	146198
4522	447384	146094
4523	447471	145992
4524	447559	145889
4525	447658	145790
4526	447755	145691
4527	447852	145591
4528	447945	145490
4529	448027	145386
4530	448110	145282
4531	448207	145182
4532	448314	145086
4533	448411	144987
4534	448493	144882
4535	448592	144783
4536	448682	144681
4537	448801	144589
4538	448905	144492
4539	449010	144395
4540	449106	144295
4541	449205	144196
4542	449309	144099
4543	449406	144000
4544	449488	143895
4545	449577	143793
4546	449662	143690
4547	449762	143591
4548	449882	143499
4549	449986	143402
4550	450088	143304
4551	450172	143200
4552	450258	143097
4553	450348	142996
4554	450433	142892
4555	450513	142787
4556	450601	142685
4557	450745	142600
4558	450854	142505
4559	450980	142414
4560	451097	142321
4561	451206	142226
4562	451324	142133
4563	451471	142049
4564	451604	141961
4565	451708	141863
4566	451827	141771
4567	451935	141675
4568	452036	141576
4569	452135	141477
4570	452237	141379
4571	452351	141285
4572	452445	141185
4573	452540	141084
4574	452640	140986
4575	452746	140889
4576	452849	140791
4577	452966	140698
4578	453061	140598
4579	453160	140499
4580	453242	140395
4581	453318	140289
4582	453424	140192
4583	453514	140090
4584	453646	140002
4585	453733	139899
4586	453823	139797
4587	453948	139706
4588	454062	139612
4589	454155	139511
4590	454238	139408
4591	454329	139306
4592	454433	139209
4593	454517	139105
4594	454606	139003
4595	454717	138908
4596	454827	138812
4597	454929	138714
4598	455075	138630
4599	455200	138539
4600	455291	138437
4601	455392	138339
4602	455522	138250
4603	455604	138145
4604	455689	138042
4605	455734	137927
4606	455832	137828
4607	455933	137729
4608	456067	137641
4609	456192	137550
4610	456296	137452
4611	456415	137360
4612	456519	137262
4613	456615	137162
4614	456688	137055
4615	456794	136959
4616	456895	136860
4617	457014	136767
4618	457123	136672
4619	457228	136574
4620	457329	136476
4621	457479	136392
4622	457587	136296
4623	457718	136206
4624	457829	136111
4625	457923	136010
4626	458021	135911
4627	458106	135808
4628	458205	135709
4629	458283	135604
4630	458409	135513
4631	458511	135415
4632	458616	135318
4633	458705	135216
4634	458803	135116
4635	458888	135013
4636	458970	134909
4637	459074	134812
4638	459196	134720
4639	459295	134621
4640	459384	134519
4641	459467	134415
4642	459570	134317
4643	459669	134218
4644	459788	134125
4645	459895	134028
4646	459988	133928
4647	460102	133833
4648	460201	133734
4649	460328	133643
4650	460440	133548
4651	460554	133454
4652	460645	133352
4653	460746	133254
4654	460830	133150
4655	460961	133061
4656	461051	132959
4657	461160	132863
4658	461260	132764
4659	461360	132666
4660	461460	132567
4661	461564	132469
4662	461663	132370
4663	461752	132268
4664	461838	132165
4665	461938	132067
4666	462052	131972
4667	462152	131873
4668	462255	131776
4669	462359	131678
4670	462464	131581
4671	462552	131479
4672	462634	131375
4673	462735	131276
4674	462826	131175
4675	462914	131073
4676	463046	130983
4677	463111	130875
4678	463193	130771
4679	463272	130666
4680	463363	130565
4681	463464	130467
4682	463566	130368
4683	463664	130269
4684	463769	130172
4685	463861	130071
4686	463982	129978
4687	464108	129887
4688	464203	129786
4689	464282	129682
4690	464394	129586
4691	464499	129489
4692	464598	129390
4693	464703	129293
4694	464835	129203
4695	464954	129110
4696	465054	129011
4697	465143	128909
4698	465252	128813
4699	465377	128721
4700	465516	128633
4701	465607	128532
4702	465686	128427
4703	465773	128325
4704	465873	128226
4705	465947	128120
4706	466034	128018
4707	466110	127913
4708	466214	127815
4709	466313	127716
4710	466394	127612
4711	466495	127514
4712	466591	127414
4713	466696	127316
4714	466817	127223
4715	466920	127126
4716	467003	127022
4717	467096	126921
4718	467214	126828
4719	467313	126729
4720	467407	126628
4721	467509	126530
4722	467616	126433
4723	467704	126331
4724	467818	126236
4725	467942	126144
4726	468036	126043
4727	468137	125945
4728	468225	125843
4729	468316	125742
4730	468414	125643
4731	468493	125538
4732	468587	125438
4733	468697	125342
4734	468762	125234
4735	468854	125133
4736	468937	125030
4737	469032	124930
4738	469146	124835
4739	469241	124735
4740	469341	124636
4741	469443	124538
4742	469540	124438
4743	469643	124340
4744	469731	124238
4745	469829	124139
4746	469930	124041
4747	470066	123951
4748	470157	123850
4749	470253	123750
4750	470360	123653
4751	470478	123560
4752	470592	123464
4753	470670	123360
4754	470788	123266
4755	470892	123168
4756	470983	123067
4757	471115	122977
4758	471207	122876
4759	471304	122776
4760	471387	122673
4761	471486	122574
4762	471581	122474
4763	471667	122372
4764	471748	122268
4765	471841	122168
4766	471935	122067
4767	472018	121964
4768	472119	121865
4769	472224	121768
4770	472346	121675
4771	472464	121581
4772	472586	121488
4773	472677	121387
4774	472791	121292
4775	472877	121189
4776	472964	121087
4777	473056	120986
4778	473161	120889
4779	473255	120789
4780	473367	120693
4781	473444	120588
4782	473552	120491
4783	473653	120393
4784	473729	120288
4785	473836	120191
4786	473952	120096
4787	474075	120003
4788	474189	119908
4789	474281	119807
4790	474380	119709
4791	474460	119605
4792	474554	119504
4793	474662	119408
4794	474773	119312
4795	474880	119215
4796	474989	119118
4797	475071	119015
4798	475178	118918
4799	475284	118821
4800	475396	118725
4801	475550	118640
4802	475662	118544
4803	475754	118443
4804	475845	118342
4805	475942	118242
4806	476039	118143
4807	476114	118038
4808	476215	117939
4809	476308	117839
4810	476396	117737
4811	476490	117637
4812	476585	117537
4813	476693	117440
4814	476783	117339
4815	476881	117239
4816	477016	117149
4817	477145	117058
4818	477240	116958
4819	477326	116855
4820	477417	116754
4821	477542	116662
4822	477645	116564
4823	477745	116465
4824	477846	116366
4825	477950	116268
4826	478050	116170
4827	478136	116067
4828	478229	115967
4829	478340	115871
4830	478449	115774
4831	478548	115675
4832	478659	115579
4833	478745	115477
4834	478841	115377
4835	478937	115277
4836	479067	115186
4837	479169	115087
4838	479281	114991
4839	479374	114891
4840	479455	114787
4841	479551	114688
4842	479656	114590
4843	479759	114492
4844	479870	114396
4845	479984	114300
4846	480066	114197
4847	480189	114104
4848	480299	114007
4849	480394	113908
4850	480487	113807
4851	480580	113707
4852	480700	113612
4853	480808	113516
4854	480905	113416
4855	481024	113322
4856	481120	113222
4857	481224	113124
4858	481324	113025
4859	481416	112924
4860	481528	112828
4861	481672	112740
4862	481768	112640
4863	481866	112541
4864	481962	112441
4865	482081	112346
4866	482175	112246
4867	482283	112149
4868	482376	112049
4869	482470	111948
4870	482562	111848
4871	482648	111746
4872	482762	111650
4873	482863	111551
4874	482960	111452
4875	483079	111357
4876	483232	111271
4877	483308	111166
4878	483412	111068
4879	483533	110974
4880	483634	110876
4881	483718	110773
4882	483824	110676
4883	483909	110573
4884	483998	110472
4885	484075	110368
4886	484165	110267
4887	484285	110173
4888	484382	110073
4889	484478	109973
4890	484588	109877
4891	484687	109778
4892	484772	109675
4893	484865	109575
4894	484951	109473
4895	485047	109373
4896	485159	109277
4897	485246	109175
4898	485335	109074
4899	485434	108975
4900	485509	108870
4901	485591	108767
4902	485703	108671
4903	485813	108574
4904	485918	108477
4905	486016	108377
4906	486117	108279
4907	486215	108179
4908	486284	108074
4909	486381	107974
4910	486471	107873
4911	486618	107785
4912	486731	107689
4913	486823	107588
4914	486950	107495
4915	487029	107392
4916	487115	107290
4917	487205	107189
4918	487309	107091
4919	487433	106997
4920	487571	106906
4921	487703	106815
4922	487833	106722
4923	487938	106625
4924	488075	106534
4925	488180	106436
4926	488262	106333
4927	488371	106236
4928	488475	106138
4929	488567	106037
4930	488698	105945
4931	488796	105846
4932	488897	105747
4933	489034	105656
4934	489138	105558
4935	489224	105456
4936	489302	105353
4937	489418	105257
4938	489522	105159
4939	489641	105064
4940	489767	104971
4941	489880	104875
4942	489966	104773
4943	490051	104671
4944	490159	104573
4945	490263	104475
4946	490397	104384
4947	490494	104284
4948	490608	104188
4949	490737	104095
4950	490862	104002
4951	490986	103908
4952	491094	103810
4953	491230	103719
4954	491355	103625
4955	491464	103528
4956	491567	103430
4957	491648	103327
4958	491769	103232
4959	491875	103135
4960	491971	103035
4961	492060	102934
4962	492164	102835
4963	492275	102739
4964	492384	102642
4965	492478	102541
4966	492571	102441
4967	492672	102342
4968	492771	102243
4969	492870	102144
4970	492993	102049
4971	493093	101950
4972	493183	101849
4973	493282	101750
4974	493399	101655
4975	493506	101557
4976	493601	101457
4977	493710	101360
4978	493797	101258
4979	493891	101158
4980	493974	101055
4981	494106	100963
4982	494215	100866
4983	494331	100770
4984	494441	100673
4985	494530	100572
4986	494640	100475
4987	494721	100372
4988	494864	100282
4989	494995	100189
4990	495065	100084
4991	495183	99988
4992	495277	99888
4993	495359	99786
4994	495461	99687
4995	495552	99586
4996	495643	99485
4997	495743	99386
4998	495871	99293
4999	495968	99193
5000	496050	99091
5001	496153	98992
5002	496276	98898
5003	496366	98797
5004	496479	98700
5005	496584	98602
5006	496679	98502
5007	496789	98405
5008	496878	98304
5009	496968	98203
5010	497055	98101
5011	497145	98000
5012	497255	97903
5013	497373	97808
5014	497470	97708
5015	497575	97610
5016	497666	97509
5017	497790	97415
5018	497902	97318
5019	498001	97219
5020	498114	97122
5021	498205	97022
5022	498300	96921
5023	498381	96819
5024	498485	96721
5025	498589	96622
5026	498688	96523
5027	498786	96424
5028	498875	96322
5029	498976	96224
5030	499138	96136
5031	499241	96038
5032	499349	95940
5033	499439	95840
5034	499557	95744
5035	499659	95645
5036	499776	95549
5037	499889	95453
5038	499991	95354
5039	500090	95255
5040	500193	95156
5041	500312	95061
5042	500403	94960
5043	500484	94857
5044	500604	94762
5045	500716	94665
5046	500824	94568
5047	500937	94471
5048	501085	94381
5049	501211	94287
5050	501304	94186
5051	501419	94090
5052	501531	93993
5053	501665	93900
5054	501863	93820
5055	501972	93722
5056	502066	93622
5057	502155	93521
5058	502268	93424
5059	502362	93324
5060	502478	93228
5061	502577	93128
5062	502706	93034
5063	502811	92936
5064	502920	92839
5065	503025	92741
5066	503133	92643
5067	503253	92547
5068	503353	92448
5069	503458	92350
5070	503568	92252
5071	503688	92157
5072	503826	92065
5073	503921	91965
5074	504016	91865
5075	504122	91767
5076	504213	91666
5077	504336	91571
5078	504441	91472
5079	504527	91371
5080	504622	91271
5081	504701	91167
5082	504788	91066
5083	504878	90965
5084	505009	90871
5085	505102	90771
5086	505191	90670
5087	505280	90569
5088	505393	90472
5089	505490	90372
5090	505618	90278
5091	505721	90179
5092	505830	90082
5093	505939	89984
5094	506043	89886
5095	506167	89791
5096	506263	89691
5097	506353	89590
5098	506544	89506
5099	506676	89413
5100	506776	89314
5101	506895	89218
5102	507047	89128
5103	507166	89032
5104	507299	88938
5105	507455	88849
5106	507590	88756
5107	507698	88658
5108	507805	88560
5109	507904	88460
5110	508026	88365
5111	508185	88276
5112	508355	88189
5113	508453	88089
5114	508561	87991
5115	508672	87894
5116	508772	87794
5117	508881	87696
5118	508987	87598
5119	509105	87502
5120	509256	87411
5121	509371	87315
5122	509489	87218
5123	509600	87121
5124	509691	87020
5125	509807	86923
5126	509923	86827
5127	510026	86728
5128	510112	86626
5129	510213	86527
5130	510330	86430
5131	510408	86327
5132	510504	86227
5133	510640	86134
5134	510750	86036
5135	510891	85944
5136	511002	85846
5137	511133	85752
5138	511244	85655
5139	511347	85556
5140	511482	85462
5141	511601	85366
5142	511717	85269
5143	511848	85175
5144	511962	85078
5145	512075	84981
5146	512178	84882
5147	512281	84783
5148	512380	84683
5149	512469	84582
5150	512559	84481
5151	512656	84381
5152	512774	84284
5153	512888	84187
5154	513030	84095
5155	513104	83991
5156	513211	83893
5157	513328	83796
5158	513486	83706
5159	513637	83615
5160	513815	83528
5161	513951	83434
5162	514131	83348
5163	514245	83251
5164	514373	83156
5165	514513	83063
5166	514630	82966
5167	514742	82868
5168	514850	82770
5169	514998	82678
5170	515110	82581
5171	515213	82481
5172	515322	82383
5173	515443	82287
5174	515562	82191
5175	515667	82092
5176	515769	81993
5177	515863	81892
5178	515969	81794
5179	516094	81698
5180	516214	81602
5181	516346	81507
5182	516506	81417
5183	516645	81323
5184	516761	81226
5185	516875	81129
5186	517002	81033
5187	517112	80935
5188	517280	80846
5189	517399	80750
5190	517524	80654
5191	517674	80562
5192	517778	80463
5193	517898	80366
5194	518017	80270
5195	518151	80175
5196	518253	80076
5197	518345	79975
5198	518451	79876
5199	518527	79773
5200	518624	79673
5201	518705	79570
5202	518800	79470
5203	518888	79368
5204	518992	79269
5205	519092	79170
5206	519204	79072
5207	519309	78973
5208	519406	78873
5209	519519	78775
5210	519615	78675
5211	519715	78575
5212	519822	78476
5213	519929	78378
5214	520024	78277
5215	520116	78176
5216	520211	78076
5217	520322	77978
5218	520426	77879
5219	520535	77781
5220	520653	77684
5221	520752	77584
5222	520857	77485
5223	520944	77383
5224	521040	77283
5225	521130	77182
5226	521223	77081
5227	521336	76983
5228	521436	76884
5229	521547	76786
5230	521655	76687
5231	521758	76588
5232	521944	76501
5233	522047	76402
5234	522149	76302
5235	522262	76204
5236	522358	76104
5237	522480	76008
5238	522591	75909
5239	522673	75807
5240	522822	75714
5241	522911	75613
5242	523015	75514
5243	523113	75414
5244	523202	75313
5245	523299	75213
5246	523398	75113
5247	523518	75016
5248	523668	74923
5249	523762	74823
5250	523905	74729
5251	524022	74632
5252	524129	74533
5253	524219	74432
5254	524316	74332
5255	524403	74230
5256	524500	74130
5257	524587	74028
5258	524694	73930
5259	524782	73828
5260	524906	73732
5261	525012	73633
5262	525093	73530
5263	525195	73431
5264	525297	73332
5265	525381	73230
5266	525474	73129
5267	525589	73031
5268	525689	72932
5269	525778	72830
5270	525872	72730
5271	525979	72631
5272	526055	72528
5273	526194	72434
5274	526294	72334
5275	526406	72236
5276	526531	72139
5277	526659	72043
5278	526764	71944
5279	526855	71843
5280	526970	71746
5281	527098	71650
5282	527222	71553
5283	527341	71456
5284	527473	71361
5285	527580	71262
5286	527699	71165
5287	527833	71069
5288	527941	70971
5289	528064	70874
5290	528173	70775
5291	528277	70676
5292	528374	70576
5293	528459	70474
5294	528593	70379
5295	528696	70279
5296	528794	70179
5297	528894	70079
5298	529003	69981
5299	529127	69884
5300	529235	69785
5301	529345	69687
5302	529440	69587
5303	529530	69485
5304	529642	69387
5305	529727	69285
5306	529847	69188
5307	529950	69089
5308	530048	68989
5309	530197	68895
5310	530299	68796
5311	530386	68694
5312	530485	68594
5313	530593	68495
5314	530703	68397
5315	530794	68296
5316	530901	68197
5317	531047	68103
5318	531200	68010
5319	531350	67917
5320	531479	67820
5321	531625	67726
5322	531801	67636
5323	531952	67543
5324	532089	67448
5325	532192	67348
5326	532308	67250
5327	532410	67150
5328	532527	67053
5329	532661	66957
5330	532772	66858
5331	532898	66762
5332	533017	66664
5333	533154	66569
5334	533293	66474
5335	533414	66376
5336	533538	66279
5337	533647	66181
5338	533748	66081
5339	533858	65982
5340	534017	65889
5341	534169	65796
5342	534281	65697
5343	534391	65598
5344	534515	65501
5345	534620	65402
5346	534753	65306
5347	534919	65214
5348	535020	65114
5349	535138	65016
5350	535290	64923
5351	535440	64829
5352	535584	64734
5353	535709	64637
5354	535817	64538
5355	535926	64439
5356	536022	64338
5357	536139	64240
5358	536326	64151
5359	536423	64050
5360	536545	63953
5361	536671	63856
5362	536795	63758
5363	536917	63661
5364	537036	63563
5365	537144	63464
5366	537337	63375
5367	537448	63276
5368	537545	63175
5369	537634	63074
5370	537756	62976
5371	537844	62875
5372	537932	62773
5373	538049	62675
5374	538195	62580
5375	538314	62482
5376	538444	62386
5377	538558	62287
5378	538667	62188
5379	538769	62088
5380	538886	61990
5381	538996	61891
5382	539118	61793
5383	539232	61695
5384	539323	61594
5385	539450	61496
5386	539548	61396
5387	539639	61295
5388	539748	61196
5389	539865	61097
5390	539957	60996
5391	540078	60899
5392	540191	60800
5393	540291	60700
5394	540414	60602
5395	540527	60503
5396	540676	60409
5397	540793	60310
5398	540910	60212
5399	541041	60115
5400	541146	60016
5401	541259	59917
5402	541380	59819
5403	541494	59720
5404	541612	59622
5405	541721	59523
5406	541848	59425
5407	541928	59323
5408	542023	59222
5409	542124	59122
5410	542221	59022
5411	542317	58921
5412	542444	58824
5413	542556	58725
5414	542680	58627
5415	542788	58528
5416	542908	58430
5417	543009	58329
5418	543098	58228
5419	543199	58128
5420	543320	58030
5421	543423	57930
5422	543535	57831
5423	543642	57731
5424	543771	57634
5425	543867	57534
5426	543959	57432
5427	544104	57337
5428	544203	57237
5429	544360	57142
5430	544469	57043
5431	544592	56945
5432	544711	56847
5433	544798	56745
5434	544888	56644
5435	544983	56543
5436	545050	56439
5437	545151	56339
5438	545252	56239
5439	545362	56140
5440	545492	56043
5441	545585	55942
5442	545670	55840
5443	545794	55742
5444	545900	55642
5445	545996	55542
5446	546091	55441
5447	546193	55341
5448	546284	55240
5449	546365	55137
5450	546446	55035
5451	546530	54933
5452	546656	54836
5453	546784	54738
5454	546908	54640
5455	547005	54540
5456	547114	54440
5457	547211	54340
5458	547290	54237
5459	547397	54138
5460	547555	54043
5461	547659	53943
5462	547771	53844
5463	547889	53746
5464	548009	53647
5465	548121	53548
5466	548236	53449
5467	548334	53349
5468	548437	53249
5469	548537	53148
5470	548654	53050
5471	548759	52950
5472	548873	52851
5473	548983	52752
5474	549114	52654
5475	549237	52556
5476	549343	52456
5477	549424	52354
5478	549513	52253
5479	549632	52154
5480	549725	52053
5481	549862	51957
5482	550010	51861
5483	550112	51761
5484	550214	51660
5485	550330	51562
5486	550452	51463
5487	550553	51363
5488	550653	51263
5489	550754	51162
5490	550878	51064
5491	550989	50965
5492	551093	50865
5493	551199	50765
5494	551280	50663
5495	551414	50566
5496	551499	50464
5497	551621	50366
5498	551742	50267
5499	551837	50167
5500	551947	50067
5501	552042	49966
5502	552141	49866
5503	552244	49766
5504	552382	49669
5505	552499	49570
5506	552611	49471
5507	552742	49373
5508	552846	49273
5509	552973	49175
5510	553085	49076
5511	553174	48974
5512	553271	48874
5513	553401	48776
5514	553500	48675
5515	553624	48577
5516	553739	48478
5517	553840	48378
5518	553951	48278
5519	554042	48177
5520	554140	48077
5521	554328	47984
5522	554467	47887
5523	554606	47790
5524	554732	47691
5525	554812	47589
5526	554923	47490
5527	555081	47394
5528	555191	47295
5529	555310	47196
5530	555405	47095
5531	555508	46995
5532	555614	46895
5533	555700	46793
5534	555792	46692
5535	555895	46592
5536	556002	46492
5537	556101	46392
5538	556199	46291
5539	556282	46189
5540	556362	46087
5541	556458	45986
5542	556573	45887
5543	556688	45788
5544	556792	45688
5545	556889	45587
5546	557041	45491
5547	557150	45391
5548	557249	45290
5549	557342	45189
5550	557450	45090
5551	557561	44990
5552	557649	44889
5553	557728	44786
5554	557835	44687
5555	557933	44586
5556	558017	44484
5557	558108	44383
5558	558195	44282
5559	558302	44182
5560	558382	44080
5561	558479	43979
5562	558589	43879
5563	558726	43782
5564	558810	43680
5565	558897	43579
5566	558980	43477
5567	559079	43376
5568	559159	43274
5569	559243	43173
5570	559366	43074
5571	559471	42974
5572	559581	42874
5573	559664	42773
5574	559748	42671
5575	559847	42570
5576	559946	42470
5577	560028	42368
5578	560125	42267
5579	560200	42165
5580	560293	42064
5581	560378	41963
5582	560499	41864
5583	560596	41763
5584	560695	41663
5585	560791	41562
5586	560883	41461
5587	560973	41360
5588	561053	41258
5589	561149	41157
5590	561287	41060
5591	561393	40960
5592	561488	40859
5593	561587	40758
5594	561687	40658
5595	561823	40560
5596	561935	40460
5597	562110	40365
5598	562219	40266
5599	562309	40164
5600	562395	40063
5601	562473	39961
5602	562592	39862
5603	562740	39765
5604	562831	39664
5605	562910	39562
5606	563029	39463
5607	563120	39362
5608	563224	39262
5609	563323	39161
5610	563435	39061
5611	563541	38961
5612	563652	38862
5613	563754	38761
5614	563855	38661
5615	563959	38561
5616	564051	38460
5617	564189	38362
5618	564299	38262
5619	564419	38163
5620	564569	38066
5621	564696	37967
5622	564775	37865
5623	564886	37766
5624	564985	37665
5625	565054	37563
5626	565142	37461
5627	565240	37361
5628	565348	37261
5629	565436	37160
5630	565539	37059
5631	565642	36959
5632	565738	36858
5633	565853	36759
5634	565946	36658
5635	566056	36558
5636	566149	36457
5637	566246	36357
5638	566326	36255
5639	566438	36155
5640	566539	36055
5641	566646	35955
5642	566732	35853
5643	566813	35752
5644	566898	35650
5645	566998	35550
5646	567081	35448
5647	567164	35347
5648	567254	35246
5649	567347	35145
5650	567454	35045
5651	567541	34944
5652	567630	34843
5653	567733	34742
5654	567817	34641
5655	567928	34541
5656	568031	34441
5657	568132	34341
5658	568220	34239
5659	568290	34137
5660	568411	34038
5661	568500	33937
5662	568629	33838
5663	568742	33738
5664	568831	33637
5665	568964	33539
5666	569054	33438
5667	569170	33338
5668	569279	33238
5669	569379	33138
5670	569504	33039
5671	569584	32937
5672	569701	32838
5673	569790	32737
5674	569882	32636
5675	569974	32535
5676	570074	32435
5677	570184	32335
5678	570262	32233
5679	570351	32132
5680	570426	32030
5681	570519	31929
5682	570597	31828
5683	570710	31728
5684	570815	31628
5685	570910	31527
5686	570987	31425
5687	571081	31325
5688	571188	31225
5689	571323	31126
5690	571413	31025
5691	571497	30924
5692	571607	30824
5693	571705	30723
5694	571838	30625
5695	571951	30525
5696	572048	30424
5697	572147	30324
5698	572247	30223
5699	572368	30124
5700	572461	30023
5701	572555	29923
5702	572713	29825
5703	572802	29724
5704	572899	29624
5705	572988	29523
5706	573101	29423
5707	573184	29321
5708	573275	29221
5709	573405	29122
5710	573523	29022
5711	573618	28921
5712	573738	28822
5713	573880	28724
5714	573960	28622
5715	574051	28521
5716	574146	28421
5717	574234	28320
5718	574337	28219
5719	574429	28118
5720	574526	28018
5721	574701	27921
5722	574816	27821
5723	574927	27721
5724	575004	27620
5725	575135	27521
5726	575268	27422
5727	575353	27321
5728	575457	27220
5729	575558	27120
5730	575654	27019
5731	575768	26920
5732	575872	26819
5733	575957	26718
5734	576045	26617
5735	576230	26521
5736	576331	26420
5737	576424	26319
5738	576514	26218
5739	576606	26118
5740	576693	26017
5741	576766	25915
5742	576875	25815
5743	576976	25714
5744	577086	25614
5745	577194	25514
5746	577298	25414
5747	577387	25313
5748	577513	25214
5749	577622	25114
5750	577735	25014
5751	577840	24913
5752	577942	24813
5753	578069	24714
5754	578175	24613
5755	578304	24514
5756	578392	24413
5757	578510	24313
5758	578622	24213
5759	578752	24114
5760	578841	24013
5761	578943	23913
5762	579031	23812
5763	579149	23712
5764	579254	23612
5765	579348	23511
5766	579440	23410
5767	579532	23309
5768	579619	23208
5769	579752	23109
5770	579832	23008
5771	579953	22908
5772	580059	22808
5773	580161	22708
