y_true,proba,pred_05,pred_best_f1
1,0.4286627905702042,0,0
0,0.7045682122371402,1,1
0,0.278284586867293,0,0
1,0.889462276983221,1,1
1,0.821623175076106,1,1
1,0.8022039242609432,1,1
0,0.7413180460950992,1,1
0,0.3066325379386523,0,0
1,0.8821202710869624,1,1
1,0.8637052620219483,1,1
0,0.7106171664946831,1,1
0,0.44697174821807945,0,0
1,0.6509099905840671,1,0
1,0.5951790997427081,1,0
1,0.8499430734089788,1,1
0,0.4134859359905313,0,0
0,0.2470533972886291,0,0
1,0.9477409607510807,1,1
0,0.33260780794429506,0,0
0,0.08846394196512403,0,0
0,0.44175907978193857,0,0
0,0.13619511634738307,0,0
0,0.5701623831437109,1,0
1,0.7437803155817989,1,1
0,0.7075546007376152,1,1
0,0.4317526535615804,0,0
0,0.6611809626402674,1,0
1,0.9021951458516094,1,1
0,0.6938541217749702,1,1
0,0.5679763557156152,1,0
1,0.9657228532556448,1,1
0,0.30289819220707925,0,0
0,0.45222823912103505,0,0
0,0.14554898389746965,0,0
0,0.6687054482949271,1,0
0,0.4421961028683595,0,0
0,0.7338362327300493,1,1
0,0.6006007519557118,1,0
0,0.16766194210855095,0,0
1,0.8932908747998803,1,1
1,0.7963616311908605,1,1
1,0.7982544072569802,1,1
0,0.7001081526458963,1,1
0,0.45987708094531715,0,0
0,0.4375570234756122,0,0
1,0.8977784167103635,1,1
0,0.7837491681751825,1,1
0,0.1974636889780032,0,0
0,0.9155204702403099,1,1
0,0.688204455193065,1,0
0,0.5913053753362193,1,0
0,0.31397667352278086,0,0
1,0.5847183693707683,1,0
0,0.2724761421644515,0,0
0,0.3246570889101603,0,0
1,0.6760109818686112,1,0
1,0.9460129063079291,1,1
0,0.8455076648032968,1,1
0,0.8335640617429337,1,1
0,0.4837908711008156,0,0
1,0.959707149610919,1,1
0,0.23051059945237495,0,0
0,0.44580296602509456,0,0
0,0.9354034634615562,1,1
1,0.8333533921657537,1,1
1,0.9320166329814887,1,1
0,0.6211843072131734,1,0
0,0.17070437672760533,0,0
1,0.7131984513311124,1,1
0,0.2646580323115957,0,0
0,0.28523373953240977,0,0
1,0.83332185997685,1,1
1,0.9028039771513604,1,1
1,0.4348423381061705,0,0
1,0.9321658299635125,1,1
1,0.8448710806900471,1,1
1,0.5737439933551028,1,0
1,0.8030372168326928,1,1
0,0.6700357503533815,1,0
0,0.7524306044571455,1,1
0,0.7278025727205419,1,1
0,0.3134437281862081,0,0
1,0.7160466131494932,1,1
0,0.8492821426873279,1,1
1,0.578087217001078,1,0
0,0.3939064863286866,0,0
1,0.9089659621530183,1,1
1,0.9266715270142974,1,1
0,0.33397151364215316,0,0
0,0.7396350158972853,1,1
1,0.7127717702984966,1,1
0,0.8492120308197926,1,1
0,0.9254324866905427,1,1
0,0.7318777881524854,1,1
0,0.9457367075405483,1,1
1,0.9189320657715061,1,1
0,0.5660497656967175,1,0
0,0.4414195340580778,0,0
0,0.09342891478568077,0,0
0,0.5886609199269415,1,0
1,0.9684582826929712,1,1
1,0.7972365840337642,1,1
0,0.7383612575437597,1,1
0,0.6543956047813938,1,0
0,0.34340238356000774,0,0
0,0.5512493271470487,1,0
0,0.35136838326110037,0,0
1,0.5662043609960364,1,0
0,0.735441962041579,1,1
1,0.9126173096256501,1,1
0,0.4047914645489897,0,0
1,0.8801784204192691,1,1
1,0.8064337649197227,1,1
0,0.3722663488379266,0,0
0,0.36999403949706966,0,0
0,0.8332508219138884,1,1
0,0.6545369236718385,1,0
1,0.860250821086375,1,1
0,0.4621274019201473,0,0
0,0.5348656160391371,1,0
0,0.4199319956827324,0,0
0,0.8223804684625344,1,1
0,0.57234293426572,1,0
1,0.8504545872854253,1,1
0,0.24603034725365053,0,0
1,0.458895435855759,0,0
0,0.45990321489708436,0,0
1,0.8642993075394718,1,1
0,0.5996423943409677,1,0
0,0.34944793975369975,0,0
1,0.8884417991123191,1,1
1,0.9012718902333835,1,1
1,0.6442919466268898,1,0
0,0.5395648890875194,1,0
1,0.8857310213994258,1,1
1,0.7806949799204146,1,1
0,0.6846921758759286,1,0
0,0.13065932050613052,0,0
0,0.48397462886121,0,0
0,0.5881715780695683,1,0
0,0.5263590158589078,1,0
1,0.545186128931609,1,0
0,0.3993468678169192,0,0
0,0.6841920006185918,1,0
1,0.7947538009860907,1,1
0,0.394855627971546,0,0
0,0.43197751465030493,0,0
0,0.2642402459889613,0,0
0,0.4930694214653129,0,0
0,0.2589438790172184,0,0
1,0.915824643109823,1,1
1,0.23375996989518663,0,0
0,0.3048509071946421,0,0
0,0.9567414747038316,1,1
1,0.906399983829932,1,1
1,0.8421907960684465,1,1
0,0.6275213409494157,1,0
0,0.44256670195264375,0,0
0,0.28142946615402076,0,0
1,0.9216283087871338,1,1
0,0.22851738433460203,0,0
0,0.5102487679733697,1,0
0,0.14162151716283786,0,0
1,0.8133394353389329,1,1
0,0.6109269153003357,1,0
1,0.6518487207903306,1,0
0,0.4617521089607787,0,0
0,0.40537355866633207,0,0
1,0.34802424038517454,0,0
1,0.8349408727631975,1,1
1,0.8988564413052278,1,1
0,0.4755120065993461,0,0
0,0.90708394664237,1,1
1,0.8089229643345845,1,1
1,0.959707149610919,1,1
0,0.7541215360910813,1,1
0,0.609481651285623,1,0
1,0.5783315560064465,1,0
0,0.25446911753644774,0,0
0,0.44485393680036045,0,0
1,0.8112253945581452,1,1
0,0.27640595523426403,0,0
0,0.24522553343125708,0,0
0,0.30802616040074904,0,0
0,0.28127588652290825,0,0
0,0.5626686677502717,1,0
0,0.26388665889523455,0,0
0,0.8249460405372939,1,1
1,0.8425820256858051,1,1
1,0.7683031185691608,1,1
1,0.8755057234393895,1,1
0,0.3571267348340461,0,0
0,0.6430350724344311,1,0
0,0.2946139978547259,0,0
0,0.20055877837415764,0,0
0,0.7708225730428351,1,1
1,0.9314138692845968,1,1
0,0.7430335914004624,1,1
1,0.8467718116151683,1,1
0,0.2146201181031039,0,0
1,0.25774223775798105,0,0
1,0.8160789035718574,1,1
0,0.6689857434749201,1,0
1,0.856663312920157,1,1
0,0.6790648098832412,1,0
1,0.8643197074564695,1,1
0,0.37869531435981846,0,0
0,0.5905299309292508,1,0
0,0.45714168047426407,0,0
1,0.8469777517184595,1,1
0,0.4639088787962137,0,0
1,0.7091982923435657,1,1
1,0.5829671667098056,1,0
0,0.2939799031252252,0,0
1,0.5229646948108251,1,0
0,0.6741934489311326,1,0
1,0.9278985393026749,1,1
0,0.6213995671523356,1,0
1,0.7437970329780176,1,1
0,0.38062367801407526,0,0
0,0.8155581472783646,1,1
0,0.5011819591527803,1,0
0,0.6063910308783478,1,0
0,0.17003074146988453,0,0
1,0.8968489653447014,1,1
1,0.9176701404205776,1,1
0,0.5125951888389566,1,0
1,0.6809998912098542,1,0
1,0.9242941370081036,1,1
0,0.4124063097333865,0,0
0,0.5072275848995458,1,0
1,0.7109823991960633,1,1
1,0.8514734360182944,1,1
0,0.10727002093875516,0,0
0,0.3837122275294855,0,0
0,0.47054875102262667,0,0
1,0.5754438667901354,1,0
0,0.6507960445827972,1,0
1,0.9280826598019281,1,1
0,0.26001980197802416,0,0
0,0.29259766901268836,0,0
0,0.7664374812281384,1,1
0,0.7193396977910542,1,1
0,0.5150466815645752,1,0
1,0.9241435063737555,1,1
0,0.5010472521322037,1,0
0,0.5898750866820696,1,0
0,0.22029827924377285,0,0
0,0.5938007689632393,1,0
0,0.47119930380599706,0,0
1,0.6641297643718997,1,0
1,0.8577437346177372,1,1
0,0.22315304042657003,0,0
0,0.8528551504424202,1,1
0,0.5515002201405331,1,0
0,0.618915861802191,1,0
1,0.5400661921894124,1,0
0,0.17524809256099333,0,0
0,0.49117421148058166,0,0
1,0.7341327761892149,1,1
0,0.27774917139682487,0,0
0,0.7060637908764511,1,1
1,0.900966403376904,1,1
1,0.8223685794376777,1,1
1,0.6951995186313188,1,1
1,0.5857258261364845,1,0
0,0.40676834929964945,0,0
0,0.8331153414155088,1,1
1,0.6204334113847286,1,0
0,0.18127847800690375,0,0
1,0.9130564176868882,1,1
1,0.9427343384284971,1,1
1,0.8761377907580528,1,1
1,0.9218671649753618,1,1
0,0.588130502770374,1,0
0,0.6807275032798241,1,0
0,0.9336434246819858,1,1
0,0.6114784764429798,1,0
0,0.9073838241247572,1,1
1,0.9203970920463861,1,1
1,0.7892313145484658,1,1
1,0.8202211359975335,1,1
0,0.8962551262161976,1,1
1,0.9437253223411695,1,1
1,0.7758054791509404,1,1
0,0.17335976574769435,0,0
0,0.38197012981302264,0,0
0,0.3735075810292609,0,0
0,0.4635945224829442,0,0
0,0.24110201261472822,0,0
0,0.6453080635636151,1,0
1,0.16735896445967288,0,0
0,0.8462048195790294,1,1
1,0.3090941217442026,0,0
0,0.7704919513365271,1,1
0,0.7373885632442368,1,1
0,0.4417795554466624,0,0
1,0.920724525482833,1,1
0,0.21557977789562127,0,0
1,0.8246900713020477,1,1
0,0.8739533784090503,1,1
1,0.5974978458543169,1,0
0,0.7176524255277329,1,1
0,0.635355391434927,1,0
0,0.284009506222998,0,0
1,0.42667897058666976,0,0
0,0.7216275155573963,1,1
0,0.6387948911542427,1,0
0,0.8905729167602083,1,1
1,0.8858557542403496,1,1
0,0.5146922847673949,1,0
0,0.41261427208536283,0,0
0,0.5115680423485542,1,0
0,0.15493466788675894,0,0
0,0.34918977184519845,0,0
1,0.9313933231245287,1,1
0,0.28056599119389625,0,0
0,0.4759260943346964,0,0
0,0.20636573264243535,0,0
0,0.7663802020287728,1,1
1,0.950699859451305,1,1
1,0.816973429286204,1,1
1,0.8524474467792853,1,1
0,0.2712685195099724,0,0
0,0.36972930379346175,0,0
0,0.1251791818035932,0,0
0,0.3313128784409878,0,0
0,0.49094740558626715,0,0
0,0.5424566482079176,1,0
1,0.6599390627353657,1,0
0,0.34241507252663794,0,0
0,0.4146040407844006,0,0
0,0.24950921794295544,0,0
0,0.5233807357514093,1,0
0,0.32386399712107683,0,0
0,0.7343328093485687,1,1
0,0.7785946880668543,1,1
1,0.7889086863681006,1,1
1,0.8551885131784245,1,1
1,0.8706017591370292,1,1
1,0.8884907644503234,1,1
0,0.45860076938974176,0,0
0,0.688926277050692,1,0
1,0.8662155696981116,1,1
0,0.29849501254700644,0,0
0,0.35001311054706835,0,0
1,0.8900636336279293,1,1
0,0.722267720222549,1,1
0,0.4724231299000124,0,0
0,0.8656935128343571,1,1
0,0.31887458371964483,0,0
1,0.9105759403493533,1,1
0,0.6233064526050741,1,0
0,0.8306759940969691,1,1
1,0.3958657287093518,0,0
0,0.8146750420200848,1,1
1,0.5796717843039453,1,0
1,0.8631947213005008,1,1
1,0.9168309407473805,1,1
0,0.2510844602102878,0,0
0,0.1604445921572031,0,0
1,0.76743716639856,1,1
0,0.3822916226244967,0,0
0,0.30293752879865604,0,0
1,0.8440705708572813,1,1
1,0.600362064248439,1,0
1,0.6849907142091088,1,0
0,0.6582126664235894,1,0
0,0.2774980372707694,0,0
0,0.2809514465718713,0,0
1,0.7571786362372674,1,1
1,0.8331894003922609,1,1
0,0.19735366157682652,0,0
1,0.31057670240056323,0,0
1,0.9112526219228828,1,1
0,0.5724137671612375,1,0
0,0.15310042669955148,0,0
0,0.5120448862344942,1,0
0,0.4068903578453115,0,0
0,0.9527140251681477,1,1
0,0.5343536798155294,1,0
1,0.9090300565448797,1,1
0,0.25340561911238124,0,0
0,0.45388599374932087,0,0
0,0.38948699112807483,0,0
1,0.7312333610917223,1,1
0,0.2990481242792925,0,0
0,0.28503418877186343,0,0
1,0.8782662343818962,1,1
1,0.7583859635550176,1,1
0,0.2797418873654312,0,0
1,0.7409384253731025,1,1
0,0.4426420078519033,0,0
0,0.5171496026226804,1,0
1,0.6109857535973934,1,0
0,0.4264482542762291,0,0
0,0.6383238360900769,1,0
0,0.6555991450711762,1,0
1,0.9445044136154971,1,1
1,0.9120491131772309,1,1
0,0.6956842538931987,1,1
0,0.45080687902733335,0,0
1,0.7670926481918784,1,1
1,0.8543846730703627,1,1
1,0.9012718902333835,1,1
0,0.5591608491536055,1,0
0,0.6601849793821003,1,0
0,0.4372348142446037,0,0
1,0.8455472810075758,1,1
1,0.8916357077926786,1,1
0,0.730664921832956,1,1
0,0.8566489682316328,1,1
1,0.9566899723261891,1,1
0,0.6070480173555595,1,0
1,0.8712079869765424,1,1
0,0.32135657723656696,0,0
0,0.6241592497766999,1,0
0,0.5848719408363896,1,0
0,0.7755955380941142,1,1
0,0.43336306660491375,0,0
1,0.7335245143772229,1,1
1,0.6968891948591592,1,1
0,0.587875153918955,1,0
1,0.9141978726845451,1,1
0,0.3865372889837803,0,0
0,0.8883621851957223,1,1
0,0.12312628092636882,0,0
0,0.7154032209703967,1,1
0,0.9231568758642357,1,1
0,0.790250927705169,1,1
0,0.4746139414873166,0,0
0,0.37213491933188425,0,0
1,0.8958545710524991,1,1
1,0.9322134468067609,1,1
0,0.26729093528776277,0,0
0,0.4926725782154336,0,0
1,0.7742026314181223,1,1
0,0.32688715899691795,0,0
0,0.9102540518903797,1,1
1,0.8356290167003272,1,1
0,0.4478363365306116,0,0
1,0.8839824329134708,1,1
0,0.49000490248722195,0,0
0,0.3775736001227381,0,0
1,0.9489698990266396,1,1
0,0.7928911385495668,1,1
0,0.8209868803446134,1,1
0,0.34325610331740175,0,0
0,0.6567815794395903,1,0
0,0.26856483740242076,0,0
0,0.713317520727568,1,1
0,0.2080473397343973,0,0
1,0.9212409802768715,1,1
0,0.9576251472076304,1,1
0,0.5842716669619664,1,0
0,0.5661182858406171,1,0
0,0.48822898903340767,0,0
1,0.9127724630346474,1,1
0,0.5392386843625822,1,0
0,0.42346324484206305,0,0
0,0.42305947235474384,0,0
1,0.14929658401171284,0,0
1,0.9030303889497251,1,1
1,0.9148228438880799,1,1
0,0.11157515844522861,0,0
0,0.5373026741778385,1,0
1,0.8677570671915249,1,1
0,0.31486160327972096,0,0
0,0.19907899073963123,0,0
1,0.8946748255276372,1,1
0,0.33753151064233183,0,0
0,0.17977398378343779,0,0
0,0.7231263987992463,1,1
0,0.17593735615490333,0,0
0,0.65557952724247,1,0
0,0.494977753539217,0,0
1,0.9016146521687686,1,1
0,0.5458424916333964,1,0
0,0.21971067085634807,0,0
0,0.5121729234819558,1,0
0,0.4567992266450344,0,0
0,0.42170468963822183,0,0
0,0.38975959135313976,0,0
0,0.7795315522340637,1,1
1,0.9501177204909911,1,1
1,0.8845603237748971,1,1
0,0.5201991720561032,1,0
0,0.839901700344769,1,1
1,0.7938099293177994,1,1
0,0.2232737922583512,0,0
0,0.3152165965374492,0,0
1,0.9012718902333835,1,1
0,0.6536092582683753,1,0
0,0.3412323650927992,0,0
1,0.5578122691750858,1,0
1,0.9163175654929799,1,1
0,0.9260212516978481,1,1
0,0.7354875665661732,1,1
1,0.7791738186268374,1,1
0,0.7164524696035013,1,1
0,0.2329572394245532,0,0
0,0.43536359450902284,0,0
0,0.8314276703539861,1,1
0,0.5395679839212749,1,0
0,0.46561745025996937,0,0
0,0.5682331483178531,1,0
0,0.6627852333666036,1,0
0,0.35540501267635716,0,0
0,0.42907097795721205,0,0
0,0.7681584947487432,1,1
1,0.7684907323671837,1,1
0,0.186700605444786,0,0
0,0.5265388116748123,1,0
0,0.5092582230648713,1,0
1,0.697147051335151,1,1
1,0.5909403906331204,1,0
1,0.8177806398125377,1,1
1,0.4391585196211128,0,0
0,0.8407760193864383,1,1
0,0.44188773710620033,0,0
1,0.961478566341849,1,1
1,0.39220237550196885,0,0
0,0.5001753770591105,1,0
1,0.6391135847264301,1,0
0,0.39468977983682546,0,0
0,0.4922341349021079,0,0
0,0.18701282098582858,0,0
0,0.6374416271686009,1,0
0,0.5764473577884163,1,0
0,0.45514073885147355,0,0
1,0.482252544123192,0,0
0,0.4706856184465811,0,0
1,0.9577847758591026,1,1
0,0.5695595379296623,1,0
1,0.8073120329302794,1,1
0,0.35400931090039167,0,0
0,0.8093341732157837,1,1
0,0.5699626823450259,1,0
0,0.7733006922919684,1,1
0,0.48727075828427735,0,0
0,0.9195063586931015,1,1
0,0.7955777251416902,1,1
0,0.37518920572362313,0,0
0,0.5238827396842912,1,0
0,0.6228202775510323,1,0
0,0.21532218924410187,0,0
0,0.47672542882723956,0,0
1,0.7877532838320143,1,1
0,0.560322261566876,1,0
1,0.5808655875707359,1,0
0,0.5093606429739252,1,0
1,0.8509784889409365,1,1
0,0.7069739713762971,1,1
0,0.5140197227198534,1,0
0,0.6192375742571246,1,0
0,0.28318196595869677,0,0
1,0.8435446512088285,1,1
0,0.8950081447847961,1,1
0,0.6185156932747174,1,0
0,0.4099530839226106,0,0
0,0.28879567562794134,0,0
1,0.9484789277821937,1,1
1,0.7923759955383675,1,1
0,0.5187999930547323,1,0
0,0.32734816050147353,0,0
1,0.7613760095179792,1,1
1,0.9607410549094553,1,1
0,0.8378768435101758,1,1
1,0.9428809075102413,1,1
1,0.7451380029570351,1,1
0,0.5365554549166276,1,0
0,0.9131023021446789,1,1
0,0.7373343644695596,1,1
0,0.13291730722250156,0,0
0,0.5771418736913942,1,0
0,0.22522022930834912,0,0
1,0.7418711597293209,1,1
0,0.11594333166158216,0,0
0,0.26016127309076653,0,0
0,0.2654995194949775,0,0
0,0.713174218375155,1,1
0,0.5764013775318134,1,0
0,0.49461581351574885,0,0
0,0.8397236560967252,1,1
1,0.7908065043749025,1,1
0,0.231288159431274,0,0
0,0.6679135502924761,1,0
0,0.8049938312189552,1,1
0,0.8843937491906518,1,1
1,0.914359107688264,1,1
1,0.8771647391246031,1,1
0,0.40967462038704994,0,0
1,0.8557259786268179,1,1
0,0.19832143383930317,0,0
1,0.9216283087871338,1,1
0,0.6167799618466252,1,0
0,0.408648845849545,0,0
1,0.7131289393822381,1,1
0,0.6274054958218356,1,0
1,0.9149808406406651,1,1
1,0.931092466253269,1,1
0,0.20478900678432543,0,0
0,0.9112977532095589,1,1
0,0.5761218574695038,1,0
1,0.6393880897292689,1,0
0,0.6245607249128464,1,0
0,0.4907523655648975,0,0
0,0.7233132987900168,1,1
1,0.42063831266899226,0,0
0,0.907176374358056,1,1
0,0.2529120714938883,0,0
0,0.1436844488100831,0,0
1,0.6936974996308418,1,1
0,0.9298704432964988,1,1
1,0.28752603442725716,0,0
0,0.5880855702301971,1,0
0,0.7709236397396866,1,1
0,0.1394986335928661,0,0
0,0.8382605069378621,1,1
0,0.36417689697023314,0,0
0,0.5277745679544783,1,0
1,0.8821812959775044,1,1
0,0.3498099620321629,0,0
1,0.8240790002809695,1,1
0,0.39720848997202757,0,0
1,0.8622123980970702,1,1
0,0.8695838371637431,1,1
0,0.6649259219764859,1,0
1,0.8634592350663479,1,1
1,0.6361906621785184,1,0
0,0.5698703490945088,1,0
0,0.5314006892286087,1,0
1,0.6948367420296141,1,1
1,0.5819305197407508,1,0
0,0.7784826746993821,1,1
0,0.4776902325729536,0,0
0,0.36590474777585547,0,0
0,0.8536612490636123,1,1
0,0.39022501683719407,0,0
1,0.3877829634937485,0,0
0,0.4424598617223185,0,0
1,0.936246572139611,1,1
0,0.6519646306787262,1,0
1,0.9179232132573865,1,1
1,0.3938011778774897,0,0
0,0.9076543221040161,1,1
0,0.8114510365772162,1,1
1,0.7785998715072249,1,1
0,0.536437455186879,1,0
0,0.44250332808774556,0,0
0,0.45755682927759644,0,0
1,0.9132039663887224,1,1
1,0.5640316069434012,1,0
1,0.5267576905168887,1,0
0,0.8881415911517823,1,1
0,0.22719024825909143,0,0
0,0.292437312146727,0,0
0,0.23164243030474466,0,0
0,0.13661080647272475,0,0
1,0.8998675288592439,1,1
1,0.9190593645120269,1,1
1,0.741471283670406,1,1
0,0.7419410269707172,1,1
1,0.9062713597648375,1,1
0,0.6857721517093966,1,0
1,0.1640370646393847,0,0
0,0.5059798606540478,1,0
1,0.7057062557014899,1,1
0,0.5195618938386519,1,0
0,0.4695895055095259,0,0
0,0.7482659680335458,1,1
0,0.23462248746675396,0,0
1,0.8516218073511235,1,1
0,0.6956233924597699,1,1
1,0.9144903429626426,1,1
1,0.21917936450654021,0,0
1,0.8540866146626661,1,1
0,0.7429578314855156,1,1
0,0.6333583269406535,1,0
0,0.7105456387463449,1,1
0,0.6846626831909535,1,0
0,0.905752671236249,1,1
0,0.5774175235519386,1,0
0,0.5167083069192263,1,0
0,0.1763863365692484,0,0
0,0.5296203229981125,1,0
0,0.5565523178599185,1,0
0,0.25871309761789474,0,0
0,0.7733869197142691,1,1
0,0.6665583658035942,1,0
0,0.3504437019520822,0,0
1,0.7776259963312376,1,1
0,0.6730711339573365,1,0
1,0.8993963648848857,1,1
0,0.46393088248708503,0,0
0,0.4402347358884062,0,0
1,0.8887432212908934,1,1
0,0.4524778864049796,0,0
1,0.8433207396725835,1,1
0,0.58787477708341,1,0
0,0.5988572502334566,1,0
1,0.9457374357976481,1,1
1,0.8397650679473778,1,1
1,0.9530689423294987,1,1
1,0.9217107716433657,1,1
1,0.8806623144751111,1,1
0,0.5793267077157979,1,0
1,0.9412553284716524,1,1
0,0.7328959052395818,1,1
0,0.6534596711960733,1,0
0,0.18854943181980469,0,0
0,0.6307400802708951,1,0
0,0.6589716323538178,1,0
0,0.4352085679745753,0,0
0,0.4241743253498648,0,0
0,0.6249009689106532,1,0
1,0.732342799264874,1,1
0,0.4558174643720097,0,0
1,0.935655037431751,1,1
0,0.49672734198687246,0,0
0,0.28850206537970297,0,0
0,0.6513080340620674,1,0
1,0.904934769803697,1,1
1,0.13875149640155401,0,0
0,0.2980693645786156,0,0
1,0.6832876043550629,1,0
0,0.6182867606074224,1,0
1,0.8590488304493621,1,1
1,0.8883742382746325,1,1
1,0.9365822076324776,1,1
0,0.7743126846972215,1,1
0,0.4189322236690527,0,0
0,0.5565525592069012,1,0
0,0.4360191122786033,0,0
0,0.6315710931556692,1,0
1,0.2794375250718572,0,0
1,0.9085372090574446,1,1
0,0.3862014572460004,0,0
1,0.2820399388631952,0,0
0,0.8598807068855937,1,1
0,0.5324543829998264,1,0
0,0.46999479162622454,0,0
0,0.27883662285170985,0,0
0,0.689071231002117,1,0
0,0.2610224868796868,0,0
0,0.8143689766318459,1,1
0,0.7037164719728453,1,1
1,0.5692936754678921,1,0
0,0.2914666694403352,0,0
0,0.21782387936007538,0,0
0,0.8101761713005664,1,1
1,0.7457267198394016,1,1
1,0.9271668280223581,1,1
1,0.6501472590810886,1,0
1,0.8291865001485037,1,1
0,0.4748592714134909,0,0
0,0.6944238302449525,1,1
0,0.6595639436636467,1,0
1,0.6446838161083489,1,0
0,0.332787254433878,0,0
1,0.7502382758739301,1,1
0,0.6870700845214914,1,0
1,0.87705961157617,1,1
1,0.8463480875629512,1,1
0,0.5120770686817528,1,0
0,0.6220447122387163,1,0
0,0.7212345954149775,1,1
0,0.31456118964524693,0,0
0,0.1715857199562414,0,0
1,0.7404607042502206,1,1
0,0.6304352233678289,1,0
0,0.8267631671950749,1,1
0,0.6820036465940131,1,0
0,0.6340504421984196,1,0
0,0.3216785767395983,0,0
0,0.9084372765243338,1,1
0,0.3520302447752264,0,0
0,0.48548796141978956,0,0
1,0.8698189930003797,1,1
0,0.9340628655449599,1,1
0,0.5528321698118909,1,0
1,0.9516213136225565,1,1
0,0.651681123649752,1,0
0,0.7434633942275024,1,1
0,0.6467766224556081,1,0
1,0.9003682984974188,1,1
0,0.7206928596742876,1,1
1,0.7417004219536653,1,1
1,0.5687291312848347,1,0
1,0.8688394339118319,1,1
1,0.8740014990772126,1,1
0,0.7336852512631657,1,1
0,0.28898517744594987,0,0
1,0.5129513228206658,1,0
1,0.8552227668422316,1,1
0,0.21203928966413407,0,0
0,0.8414927857357425,1,1
1,0.7847420370121695,1,1
0,0.9134222033321744,1,1
0,0.26575668157874716,0,0
0,0.5803713267547741,1,0
1,0.7772689710827335,1,1
0,0.4322192230849861,0,0
0,0.45988613779311355,0,0
0,0.20746549103500414,0,0
1,0.773076858074382,1,1
0,0.7008437526099045,1,1
1,0.8195448378871779,1,1
0,0.11468693562893835,0,0
0,0.7007981024240161,1,1
0,0.5705155022595716,1,0
0,0.5378086928764403,1,0
0,0.32783920326346866,0,0
0,0.3102657080680833,0,0
1,0.42554895849093793,0,0
0,0.18507268727969045,0,0
1,0.8389350015504524,1,1
1,0.5668212792424653,1,0
0,0.9032007875111502,1,1
1,0.25240453717328976,0,0
0,0.21736638821949877,0,0
1,0.7299959128589898,1,1
0,0.718334368191579,1,1
1,0.48983496002169363,0,0
0,0.5942072002070935,1,0
1,0.9388451277484219,1,1
0,0.14734686866658422,0,0
0,0.9355020735285625,1,1
0,0.9456507018353085,1,1
1,0.9243054657013098,1,1
1,0.9287979404457195,1,1
0,0.70788893784531,1,1
1,0.8480797423442323,1,1
1,0.937895252075811,1,1
1,0.8176184562284068,1,1
0,0.563753837427847,1,0
1,0.7281600160055021,1,1
0,0.6777158398803206,1,0
0,0.6113896934684376,1,0
0,0.1960790337521401,0,0
0,0.2007295821720343,0,0
0,0.7321864951085075,1,1
0,0.20703077986304402,0,0
0,0.9460399455720039,1,1
0,0.8051949802667607,1,1
0,0.8929517655777471,1,1
0,0.8908828719690737,1,1
1,0.9170025789259669,1,1
1,0.7440759660508743,1,1
0,0.2682826561397758,0,0
0,0.9170672306826994,1,1
1,0.7942836354571341,1,1
0,0.1914473785253523,0,0
0,0.20584573955788002,0,0
0,0.6662575319929745,1,0
0,0.6576870459295635,1,0
0,0.7375500595074778,1,1
0,0.1134395243828968,0,0
1,0.9283243144347596,1,1
0,0.27331256192778186,0,0
1,0.8034145689648274,1,1
1,0.6406146545395129,1,0
0,0.3302930625247921,0,0
1,0.9554623221964141,1,1
1,0.8637153518652747,1,1
1,0.8444679237044487,1,1
1,0.879901814462956,1,1
0,0.5535651257572513,1,0
1,0.9193722244439526,1,1
0,0.7811803804208008,1,1
1,0.5429971191658209,1,0
0,0.23190217482267303,0,0
0,0.5898379252568472,1,0
0,0.4029665059993863,0,0
1,0.4160124080527248,0,0
0,0.25444770138068307,0,0
1,0.5740794451976737,1,0
1,0.9088490775051713,1,1
1,0.8410687169651833,1,1
0,0.7657772347435234,1,1
0,0.5975695551841571,1,0
0,0.2114483554860758,0,0
0,0.24494544545945177,0,0
0,0.7496616338638786,1,1
0,0.1989629243390096,0,0
0,0.37366221586995,0,0
0,0.5278517291470268,1,0
0,0.39025395576644906,0,0
1,0.8919941412558968,1,1
1,0.7575522796188615,1,1
0,0.4257318011040371,0,0
0,0.5833047227777043,1,0
0,0.290454917061876,0,0
1,0.8635329956307903,1,1
0,0.41562304935493477,0,0
1,0.7868053023748744,1,1
0,0.8284098056777768,1,1
0,0.3517595254409559,0,0
1,0.5920893433981462,1,0
0,0.3877327665579705,0,0
0,0.6709084460019552,1,0
1,0.9344572124505903,1,1
1,0.9118856888105047,1,1
1,0.7353107453920402,1,1
0,0.2570395198471362,0,0
0,0.7728258668683236,1,1
1,0.9426488489417769,1,1
0,0.3107891417950208,0,0
1,0.8906727041536826,1,1
0,0.16598056860817834,0,0
0,0.5539630069216703,1,0
0,0.7219400979063265,1,1
0,0.2751993421348195,0,0
0,0.2647651547505385,0,0
0,0.6330416997518842,1,0
1,0.8649321530883755,1,1
0,0.27441437910015604,0,0
1,0.4975720628532085,0,0
0,0.48665880420635194,0,0
0,0.628351606682,1,0
1,0.8617768741451448,1,1
1,0.7530046391002381,1,1
1,0.9029524600357217,1,1
0,0.9496247787839012,1,1
0,0.5456192384206457,1,0
0,0.24189685862743288,0,0
1,0.9310677258617448,1,1
1,0.9360919169285821,1,1
0,0.41294783669617563,0,0
0,0.4765972779677268,0,0
0,0.7809257551903972,1,1
0,0.5200684767889652,1,0
0,0.851323419091244,1,1
0,0.6174915909816632,1,0
0,0.6801362657102977,1,0
1,0.7856746206751514,1,1
0,0.6889408030501909,1,0
1,0.8972598415156928,1,1
0,0.6625183481323708,1,0
0,0.7896096351455558,1,1
1,0.9260847666742967,1,1
1,0.6546393746662222,1,0
1,0.5460556546048688,1,0
1,0.17022666969463815,0,0
1,0.8714712098700371,1,1
0,0.7221035167448697,1,1
1,0.4585936203333959,0,0
0,0.2206629148133725,0,0
1,0.498405980426786,0,0
0,0.6219767290734846,1,0
0,0.4512088565606397,0,0
0,0.11410571852542623,0,0
1,0.9184707367898844,1,1
1,0.8475325822725198,1,1
0,0.9164759591809015,1,1
1,0.8274636542976181,1,1
0,0.8872178290897765,1,1
0,0.5851552505006032,1,0
0,0.24122006085075937,0,0
0,0.15865262415842935,0,0
0,0.5125115071959699,1,0
0,0.773210419610624,1,1
0,0.5017933798392953,1,0
0,0.6964851174124242,1,1
0,0.3105371610216941,0,0
1,0.7510208148853662,1,1
1,0.9721142148671716,1,1
1,0.688786964422505,1,0
1,0.8617372943882918,1,1
0,0.35164765764809564,0,0
0,0.6973984226400645,1,1
0,0.49252709157444546,0,0
1,0.7877804994543934,1,1
1,0.9206937807069326,1,1
0,0.22195486486028052,0,0
0,0.5443596862253822,1,0
1,0.6795408538383567,1,0
1,0.47845144035387466,0,0
0,0.215554820957952,0,0
0,0.0846838489930498,0,0
0,0.7819280800601733,1,1
0,0.6228244818524532,1,0
0,0.43470507852243345,0,0
0,0.5748710232865549,1,0
1,0.7569740138423944,1,1
1,0.8052993159292703,1,1
0,0.312039105123709,0,0
0,0.720073190158207,1,1
0,0.8789945582858409,1,1
1,0.92966649626552,1,1
0,0.2960606881864823,0,0
0,0.36689544412684166,0,0
0,0.4022541308636346,0,0
0,0.13777130635617796,0,0
0,0.8799343643398966,1,1
1,0.6918383758076732,1,1
0,0.7282616044104105,1,1
0,0.3003838579654141,0,0
1,0.8408365145279287,1,1
1,0.7651025231095584,1,1
0,0.15989946695925492,0,0
0,0.44727579988895516,0,0
1,0.736685718861373,1,1
0,0.2602963127891822,0,0
0,0.449394294106478,0,0
1,0.8737991588299082,1,1
0,0.6082031628960254,1,0
0,0.47574714743762336,0,0
0,0.4657662539380247,0,0
1,0.6732349464695258,1,0
0,0.6100789512398234,1,0
1,0.8482630117483545,1,1
0,0.1592853787845494,0,0
0,0.6729505210890927,1,0
1,0.8333910495783732,1,1
0,0.47236616810459686,0,0
1,0.8651907111453561,1,1
0,0.6856885285398596,1,0
0,0.2104832250130299,0,0
0,0.6048248745599377,1,0
1,0.744865223660298,1,1
1,0.904131896794485,1,1
1,0.6454231302354532,1,0
0,0.24718354266197023,0,0
1,0.8493582039446291,1,1
1,0.8520560183416742,1,1
1,0.7009574181163053,1,1
0,0.44829384855766125,0,0
1,0.8135311102830652,1,1
0,0.3376590684173081,0,0
0,0.8179772375331671,1,1
1,0.846988953328336,1,1
0,0.4824836784279249,0,0
0,0.3536197736624663,0,0
0,0.6521491467748052,1,0
0,0.15757841371396647,0,0
0,0.5741103867637428,1,0
0,0.395233663942901,0,0
0,0.7174510646001082,1,1
0,0.6659490174368067,1,0
0,0.2642667088098371,0,0
0,0.8522995029759753,1,1
0,0.8463613875711508,1,1
0,0.13277922891184532,0,0
0,0.8226117561015246,1,1
0,0.22552456307860758,0,0
0,0.4770575620889868,0,0
1,0.9456420624716134,1,1
0,0.543610548465527,1,0
1,0.33136050997031913,0,0
0,0.4813310960542868,0,0
0,0.3172452546294011,0,0
0,0.10150191663701616,0,0
0,0.568253287186574,1,0
1,0.4703924197855606,0,0
0,0.2760413513975385,0,0
0,0.9144054715523228,1,1
0,0.6115463275924703,1,0
0,0.3343952447050099,0,0
1,0.9400270002611355,1,1
1,0.8610251899829965,1,1
0,0.5272625231215264,1,0
1,0.862630873465503,1,1
0,0.8932628654580107,1,1
0,0.40620242874476786,0,0
0,0.24321602129338973,0,0
0,0.6469825565826688,1,0
0,0.40173356060329984,0,0
0,0.21744345213564473,0,0
0,0.4258310870259272,0,0
0,0.37319989292661093,0,0
1,0.20376551974013685,0,0
0,0.1940701859643707,0,0
0,0.35781735301435763,0,0
0,0.3620047673159366,0,0
0,0.824169995219507,1,1
0,0.18979092595091973,0,0
0,0.4698224146318307,0,0
1,0.7989175597970272,1,1
0,0.7995814779689046,1,1
1,0.6603329531897391,1,0
0,0.44873313852706326,0,0
0,0.5033886924653304,1,0
1,0.9164620112611266,1,1
0,0.3824086066643739,0,0
1,0.9400530772246941,1,1
1,0.8541326279563982,1,1
1,0.6210088698040394,1,0
0,0.3895112492453917,0,0
0,0.4143120714705555,0,0
0,0.2787911611203931,0,0
0,0.555591502412103,1,0
1,0.9407519609928979,1,1
1,0.9626371390824403,1,1
1,0.8372429760172158,1,1
0,0.7770132001200727,1,1
0,0.8896500493571547,1,1
0,0.8550100727231902,1,1
0,0.3206469349585756,0,0
0,0.379532939135666,0,0
0,0.26890234475959696,0,0
0,0.8497279830827985,1,1
0,0.8342981316127941,1,1
1,0.8422271839720361,1,1
1,0.7877460404536558,1,1
1,0.6963732754165403,1,1
0,0.28142946615402076,0,0
1,0.7593766884814768,1,1
0,0.7117940813166738,1,1
0,0.636968673113498,1,0
1,0.8188424767495517,1,1
0,0.5794961891715741,1,0
0,0.3763180486096388,0,0
1,0.8950120618013767,1,1
1,0.8881189641960974,1,1
0,0.8272939055682694,1,1
0,0.7655987491897338,1,1
0,0.7639122813637074,1,1
1,0.6679351362170629,1,0
0,0.3960250151603498,0,0
1,0.26109874209668177,0,0
0,0.5060975995742849,1,0
1,0.9541236111475131,1,1
0,0.6302908051225098,1,0
1,0.6779324701183997,1,0
0,0.23380644728655317,0,0
1,0.4670627731602352,0,0
1,0.9343687525897391,1,1
1,0.9104350524121584,1,1
1,0.8840938490748921,1,1
0,0.2261675379522667,0,0
0,0.8952451832715529,1,1
0,0.36614297339093693,0,0
0,0.49247184840283553,0,0
1,0.923216343627714,1,1
0,0.6300423197354943,1,0
0,0.44548801416531164,0,0
0,0.42290082958361225,0,0
1,0.8528182534072495,1,1
0,0.24647902647342573,0,0
1,0.9516213136225565,1,1
1,0.8514248123735918,1,1
0,0.596167163938244,1,0
1,0.7530130618849311,1,1
0,0.5326252506863799,1,0
0,0.5172607177322603,1,0
0,0.31981164657521044,0,0
1,0.7291162185158426,1,1
0,0.15517788488746484,0,0
1,0.17909148398516192,0,0
0,0.7808458647066879,1,1
1,0.7315633894894233,1,1
1,0.77859549745806,1,1
1,0.8782087526519143,1,1
0,0.43703301285982243,0,0
1,0.7045413145486662,1,1
0,0.7463427728207446,1,1
1,0.3246079555401417,0,0
0,0.2772996682665452,0,0
1,0.9419051458924751,1,1
0,0.4375899006572652,0,0
1,0.920095635206205,1,1
1,0.8069904634519197,1,1
0,0.5770862327199814,1,0
1,0.9396405854230635,1,1
0,0.8233363961770657,1,1
1,0.3737172762395678,0,0
0,0.5626818664669134,1,0
0,0.17557854450819538,0,0
1,0.8873230427728088,1,1
0,0.8299218513374993,1,1
0,0.6195498246782422,1,0
1,0.8321625308353882,1,1
1,0.9048809464248296,1,1
0,0.7472445561387994,1,1
0,0.5843262956677222,1,0
1,0.5754780279453267,1,0
1,0.9561152378815211,1,1
0,0.5127893752896119,1,0
0,0.9138232404059113,1,1
1,0.9314711288036285,1,1
1,0.8474305831530607,1,1
0,0.20595931140985807,0,0
0,0.5671712337549111,1,0
1,0.7636033196160346,1,1
1,0.8987267478899269,1,1
0,0.33418047170990917,0,0
0,0.26031182338562997,0,0
0,0.2156484407461833,0,0
0,0.46298035155574546,0,0
1,0.900455104209768,1,1
0,0.34596270986351985,0,0
1,0.6524804580014099,1,0
0,0.5169802326229536,1,0
0,0.3186700241120963,0,0
1,0.8080902526613943,1,1
0,0.8667473235101225,1,1
0,0.6945816142668851,1,1
1,0.9657292340617595,1,1
0,0.8237629134257062,1,1
1,0.8316425381195003,1,1
1,0.7364789842214093,1,1
0,0.3091136376711861,0,0
1,0.7976851545792398,1,1
0,0.22123793327365052,0,0
1,0.9159245790358098,1,1
0,0.19193264887926764,0,0
0,0.6230109019804096,1,0
0,0.444089142024898,0,0
0,0.31635218517039176,0,0
0,0.6732806653558868,1,0
1,0.7218949810833831,1,1
1,0.3798372234001489,0,0
0,0.7011802749999577,1,1
1,0.8421048365123188,1,1
0,0.1797627537513662,0,0
0,0.5431905244825219,1,0
0,0.6051009040193848,1,0
0,0.6271106155660457,1,0
1,0.7924858223835904,1,1
1,0.4727857350858459,0,0
0,0.8878317893586182,1,1
1,0.7470112307334501,1,1
0,0.4518443223415268,0,0
0,0.5044419609949609,1,0
0,0.6721229489566365,1,0
1,0.5831785293647878,1,0
0,0.49140717245177423,0,0
1,0.8566459268874485,1,1
1,0.7679326793693972,1,1
0,0.7314049177710258,1,1
0,0.3505238397310321,0,0
1,0.9044912856004707,1,1
0,0.9292499389822412,1,1
0,0.7278338953518683,1,1
1,0.7818028609690048,1,1
1,0.9150228760977762,1,1
1,0.6770229302955051,1,0
0,0.30603378440524426,0,0
0,0.641542797458522,1,0
0,0.5776206639231822,1,0
1,0.445957232293876,0,0
0,0.20752110905692403,0,0
0,0.8974445800223964,1,1
0,0.20982288849208233,0,0
1,0.9052058721096885,1,1
1,0.8272629904527012,1,1
0,0.19878880097769103,0,0
1,0.8843763992637164,1,1
0,0.7996089774056759,1,1
0,0.564598397509883,1,0
1,0.9253760525562589,1,1
0,0.46345947526942205,0,0
0,0.3598378437107662,0,0
1,0.8923853335942008,1,1
0,0.8491381267036554,1,1
1,0.7175464795231473,1,1
0,0.6592036579377707,1,0
1,0.8777791271584992,1,1
0,0.701547740333331,1,1
1,0.4756355536325754,0,0
0,0.9312682250198295,1,1
0,0.12693532702085458,0,0
0,0.6325694202280558,1,0
0,0.2218543694124391,0,0
0,0.5026595815402323,1,0
0,0.442162986327565,0,0
1,0.6370644373226121,1,0
0,0.7967009280791857,1,1
0,0.9199838234329567,1,1
0,0.6382139898499262,1,0
0,0.3200687980934802,0,0
0,0.269535179474438,0,0
0,0.2539220484095672,0,0
1,0.39812407254869525,0,0
0,0.6561792385908571,1,0
0,0.20494000088190995,0,0
0,0.7736540607338604,1,1
0,0.796262920261373,1,1
1,0.7267596835951913,1,1
1,0.9517064181665774,1,1
0,0.4524540627581028,0,0
0,0.19736873067513894,0,0
0,0.5965866096736259,1,0
0,0.32481100401051416,0,0
1,0.6407881158283729,1,0
1,0.816537765245509,1,1
0,0.9083947380504422,1,1
1,0.8400064635814789,1,1
1,0.7278543972427173,1,1
1,0.959279396644624,1,1
0,0.7689170577116227,1,1
1,0.6014580175451214,1,0
0,0.6784972437568448,1,0
1,0.2591170487140615,0,0
1,0.9064516055265318,1,1
0,0.41359302547737153,0,0
1,0.9334510027654885,1,1
0,0.3373117605211973,0,0
1,0.20109975233788485,0,0
1,0.9485713855929198,1,1
1,0.8430207374708631,1,1
1,0.9530615767443815,1,1
0,0.7683920161960374,1,1
0,0.7547112590973607,1,1
0,0.33432530260394316,0,0
1,0.8538734062569747,1,1
1,0.8978651462538687,1,1
1,0.8295048588392048,1,1
1,0.5272822152046688,1,0
1,0.29460710919697464,0,0
0,0.19845863762444746,0,0
1,0.9037866656038755,1,1
0,0.6789366425963869,1,0
1,0.8756197897740067,1,1
0,0.7556047642270279,1,1
0,0.3517976955751485,0,0
1,0.6101661587610298,1,0
0,0.49788900958706017,0,0
0,0.5774710528756235,1,0
1,0.8801503333999878,1,1
0,0.7083828849234785,1,1
1,0.5449896551797376,1,0
0,0.47546549843338165,0,0
0,0.28467560411874965,0,0
1,0.1977104973042659,0,0
0,0.49790137225127307,0,0
0,0.23280801154684605,0,0
1,0.7201438027296062,1,1
0,0.23637969342706525,0,0
1,0.8054844264956074,1,1
1,0.7980878047628118,1,1
0,0.5592221793256228,1,0
0,0.27368310603170526,0,0
0,0.7976612307447529,1,1
0,0.3450370246093765,0,0
1,0.8605573863667267,1,1
0,0.4863184366489966,0,0
0,0.38643892326916446,0,0
0,0.8180258516770998,1,1
0,0.5995438063644689,1,0
0,0.14151134728236,0,0
1,0.8183963611537299,1,1
1,0.7987261132789485,1,1
1,0.6217711470158697,1,0
0,0.8767105447297132,1,1
0,0.5768238634117401,1,0
0,0.666776261750718,1,0
0,0.6032455932559087,1,0
0,0.5807444995912439,1,0
1,0.7425398619660941,1,1
1,0.3743723336396157,0,0
0,0.4755194013920421,0,0
1,0.8873371094911383,1,1
1,0.8466978813274132,1,1
1,0.9192705071441851,1,1
0,0.9239415933758132,1,1
0,0.886009269803712,1,1
0,0.8893765394096333,1,1
1,0.8270077420100088,1,1
0,0.32874717224799044,0,0
0,0.6891196806011163,1,0
1,0.5576886495715913,1,0
0,0.42099996449413624,0,0
0,0.6450411979357896,1,0
1,0.7754710529481234,1,1
1,0.9582381504897032,1,1
0,0.9607874616950799,1,1
1,0.9147076474659003,1,1
0,0.30131780002418906,0,0
0,0.5519861855970752,1,0
0,0.41586271665491786,0,0
1,0.7786441633145934,1,1
1,0.8157472342121083,1,1
0,0.24222758440570266,0,0
0,0.7052541664021922,1,1
0,0.7046276881809936,1,1
0,0.8559852643961658,1,1
1,0.807984036254159,1,1
0,0.26729093528776277,0,0
0,0.827619474424892,1,1
0,0.4305555367639345,0,0
0,0.4251100584006797,0,0
1,0.7688615770817094,1,1
0,0.3720637206085396,0,0
0,0.33327653871066526,0,0
0,0.746278393951995,1,1
0,0.5364116458241113,1,0
1,0.8797607766298319,1,1
1,0.4316982328091002,0,0
0,0.6774636712728528,1,0
0,0.587439583569461,1,0
1,0.792902534666704,1,1
0,0.718140288912003,1,1
1,0.8008292285218882,1,1
0,0.4960458981970941,0,0
1,0.9298697920730975,1,1
1,0.7875215975657,1,1
1,0.7819784834463065,1,1
1,0.5065739903504352,1,0
1,0.7891603234710778,1,1
0,0.6748308213630427,1,0
1,0.9384206301502325,1,1
1,0.7933967096918532,1,1
1,0.9581352272225931,1,1
0,0.3340827060584061,0,0
1,0.7765944249405679,1,1
0,0.9168949505334105,1,1
0,0.335867643705565,0,0
0,0.785866057652315,1,1
1,0.9012415029851352,1,1
0,0.1548960880308959,0,0
1,0.7131427987346195,1,1
0,0.5702317420345454,1,0
0,0.8139016663657627,1,1
0,0.2854877355707471,0,0
1,0.8430698906318839,1,1
1,0.8447195196420677,1,1
0,0.4763183965173262,0,0
1,0.9113435093179799,1,1
0,0.5506683581577975,1,0
0,0.1621800682321212,0,0
1,0.9007580985624332,1,1
0,0.5196991545715772,1,0
0,0.7418176531247334,1,1
0,0.8033161199477606,1,1
0,0.4344371307268674,0,0
0,0.11364212308824959,0,0
0,0.40326576526099045,0,0
1,0.2652057115983896,0,0
0,0.9368307121991755,1,1
0,0.7202752332700132,1,1
0,0.8574263030228106,1,1
0,0.8438418715958113,1,1
0,0.4399033512905728,0,0
0,0.3137390596683253,0,0
1,0.7071114126044367,1,1
1,0.5756703892542693,1,0
1,0.858051350839064,1,1
0,0.40933479581136323,0,0
0,0.5556934749922885,1,0
0,0.2893084765707926,0,0
0,0.2976746463640634,0,0
0,0.23729830305434024,0,0
1,0.7434765945317524,1,1
1,0.709478987424138,1,1
0,0.9352471463725248,1,1
1,0.8712286223211598,1,1
0,0.7671157807918884,1,1
0,0.5944263343323171,1,0
0,0.5043690961437481,1,0
0,0.4794875772940722,0,0
0,0.23245037417478273,0,0
0,0.6114724232616782,1,0
1,0.3811927014034327,0,0
1,0.7479454627725485,1,1
1,0.7864198801303793,1,1
0,0.9124045071695813,1,1
0,0.5713252469540612,1,0
0,0.563077961480451,1,0
1,0.8827326234697973,1,1
0,0.7246473398554241,1,1
0,0.5127621521500436,1,0
0,0.2860280970631328,0,0
1,0.8950116845120581,1,1
1,0.9261629352554568,1,1
0,0.23741641639574382,0,0
0,0.885201649064767,1,1
0,0.3509298878132405,0,0
1,0.33085646639908134,0,0
0,0.8781815667011625,1,1
1,0.5737309079893056,1,0
1,0.6786460928433145,1,0
0,0.8292166990371883,1,1
0,0.6619739761827507,1,0
0,0.45748605347552634,0,0
0,0.5466274250521149,1,0
1,0.8202131899106462,1,1
0,0.8602645215887061,1,1
1,0.6231113811918326,1,0
0,0.4382046321808293,0,0
0,0.3096155842976579,0,0
1,0.4889258347428751,0,0
0,0.5536031794503803,1,0
1,0.7556168473390756,1,1
0,0.5927134264982431,1,0
1,0.5257968125281747,1,0
0,0.3366175017009257,0,0
0,0.5578818336377754,1,0
1,0.9085701236314604,1,1
1,0.9066097912011547,1,1
1,0.8300592774734009,1,1
0,0.15757881931888865,0,0
0,0.7912353684969332,1,1
0,0.6197608780301946,1,0
0,0.6051009040193848,1,0
0,0.2737097765854329,0,0
0,0.31400279246656115,0,0
0,0.19801433494483697,0,0
1,0.5085347357505002,1,0
0,0.2851381525210063,0,0
1,0.88795609742939,1,1
0,0.7110105874652145,1,1
0,0.731790161763972,1,1
1,0.7262313041655589,1,1
0,0.17449661348038456,0,0
0,0.365840947378729,0,0
1,0.871731318225004,1,1
1,0.9433119958310361,1,1
0,0.5604946045623445,1,0
1,0.5555171230658248,1,0
0,0.2109373020539225,0,0
1,0.7599027412493912,1,1
0,0.22080110425483526,0,0
1,0.5401822327110936,1,0
0,0.46026487624786105,0,0
1,0.7479966957210421,1,1
0,0.4381093328546095,0,0
0,0.7048197852817085,1,1
0,0.23622304289130072,0,0
0,0.41365680435195046,0,0
0,0.3322020493198135,0,0
0,0.48791223069967926,0,0
1,0.938743838277577,1,1
0,0.42136234304117554,0,0
0,0.5566735318688862,1,0
1,0.7462071825125202,1,1
0,0.3861308522479139,0,0
0,0.36811513655016165,0,0
1,0.9432279991557238,1,1
0,0.7325516074247337,1,1
0,0.26731007526412803,0,0
0,0.14426645608252392,0,0
1,0.8585755457560872,1,1
0,0.6721050649312411,1,0
0,0.9079495544141327,1,1
1,0.8757053710274111,1,1
1,0.9408416062208381,1,1
1,0.9552949217437225,1,1
1,0.836248067967124,1,1
0,0.46264859541107256,0,0
1,0.7732011741416893,1,1
1,0.7879744958205993,1,1
1,0.9103511236618099,1,1
0,0.26535379651747376,0,0
0,0.40850701826646807,0,0
0,0.4893697478445858,0,0
0,0.6900545269490902,1,1
1,0.8526089182381159,1,1
0,0.5628744147277693,1,0
0,0.841358774739581,1,1
0,0.38580570124898617,0,0
0,0.5434787761699731,1,0
0,0.23727301229319553,0,0
1,0.8535196839016026,1,1
0,0.6924386869229109,1,1
0,0.5346371289034916,1,0
0,0.5868915895407089,1,0
1,0.7843250024032755,1,1
0,0.3986628616041701,0,0
0,0.357455405237035,0,0
1,0.6534156138925332,1,0
1,0.9022220514788547,1,1
0,0.48757854344944146,0,0
0,0.5455042803974237,1,0
1,0.9302725820738573,1,1
0,0.5806880582244919,1,0
0,0.24330753856271278,0,0
1,0.672964416561023,1,0
0,0.7501659300810978,1,1
0,0.8324933185457533,1,1
0,0.7506363355168411,1,1
0,0.6465698749902191,1,0
0,0.8019178780933773,1,1
0,0.5582131654929323,1,0
1,0.6161903256967262,1,0
1,0.5901684802102247,1,0
0,0.6041107085428133,1,0
0,0.30260610901724816,0,0
1,0.8483952710652457,1,1
1,0.7272146374574124,1,1
1,0.8568130397790991,1,1
1,0.5787029988939134,1,0
1,0.5335640059550923,1,0
0,0.5085580825015996,1,0
0,0.22980423744617148,0,0
1,0.9145163433746205,1,1
0,0.6505433868512585,1,0
0,0.5201195469534619,1,0
0,0.33449020217494496,0,0
1,0.856713462610109,1,1
0,0.7268077894253296,1,1
0,0.8947671784566243,1,1
1,0.6423864105153566,1,0
1,0.9062713597648375,1,1
1,0.9083865082472684,1,1
1,0.9397528993607047,1,1
0,0.664911335805728,1,0
0,0.6324925402456918,1,0
1,0.8946153075179228,1,1
0,0.6368077576584904,1,0
0,0.44784986391927845,0,0
0,0.7668357268525209,1,1
0,0.8587959394305705,1,1
0,0.4812815735383049,0,0
1,0.4435203248997121,0,0
0,0.32946218544617967,0,0
1,0.9425343315188759,1,1
0,0.20501716735486392,0,0
1,0.9090896044405147,1,1
0,0.3723186843997881,0,0
0,0.3990825555480073,0,0
0,0.8219121646126001,1,1
0,0.24288342830888443,0,0
0,0.652969932922977,1,0
1,0.9332860012381119,1,1
0,0.4724118926716674,0,0
0,0.6213732345958085,1,0
0,0.8258259463633171,1,1
0,0.6372725664571528,1,0
1,0.5907435963607857,1,0
1,0.800382762860894,1,1
0,0.14137836311261498,0,0
0,0.6126479427939985,1,0
0,0.15382602106178747,0,0
0,0.4668004518529353,0,0
1,0.5809105775803329,1,0
1,0.8219773307566105,1,1
0,0.8303626605154868,1,1
0,0.7417954525780273,1,1
0,0.17497071654173743,0,0
0,0.3911171517764361,0,0
0,0.7455992958884483,1,1
0,0.2794615095640079,0,0
1,0.9398357795943785,1,1
0,0.45743945652317514,0,0
1,0.8390986289290884,1,1
1,0.8875848797635424,1,1
1,0.8341761739705252,1,1
1,0.8236398540131458,1,1
1,0.9498493384891723,1,1
0,0.6657453090843107,1,0
0,0.785551718176154,1,1
1,0.9143798639379964,1,1
0,0.5431517050878142,1,0
0,0.9518340231343959,1,1
0,0.38930109528957524,0,0
0,0.5017429084893992,1,0
1,0.5228115402691084,1,0
0,0.6676793477668533,1,0
0,0.29398840164273715,0,0
1,0.9171148515079498,1,1
0,0.34439387497830304,0,0
1,0.4990735200691976,0,0
0,0.8162532707666506,1,1
1,0.8433731108430091,1,1
1,0.82892613136223,1,1
1,0.9229653613100275,1,1
0,0.7028414752379554,1,1
0,0.6151741961779887,1,0
0,0.27841394447976564,0,0
1,0.8257784974924028,1,1
0,0.8237240702712393,1,1
0,0.34568359189463643,0,0
0,0.34410879264710414,0,0
0,0.5066390903012097,1,0
0,0.30356770330126825,0,0
0,0.17150300240764232,0,0
1,0.5736220472707937,1,0
0,0.5329594808633149,1,0
0,0.1435512415436003,0,0
1,0.8798887888408801,1,1
0,0.863640523058314,1,1
0,0.8740562059663629,1,1
0,0.809148631229397,1,1
1,0.9034849746554798,1,1
0,0.882830060906979,1,1
0,0.529799122896335,1,0
0,0.3740028584334345,0,0
0,0.3385256627438607,0,0
1,0.9217716417954955,1,1
1,0.9262181505205599,1,1
1,0.865678785935357,1,1
1,0.887780204551887,1,1
0,0.722191786258582,1,1
1,0.8992671612944392,1,1
1,0.6867606440081938,1,0
1,0.9491657586790576,1,1
1,0.77485745590571,1,1
1,0.8856073654819043,1,1
0,0.9301290392163329,1,1
0,0.3338216349889585,0,0
0,0.586159107342256,1,0
0,0.47804688786995486,0,0
0,0.39773667569029414,0,0
0,0.7119230662046405,1,1
1,0.6321188300069219,1,0
0,0.7483591714010497,1,1
0,0.815537647477762,1,1
0,0.13435346314538013,0,0
0,0.20849238258532882,0,0
1,0.33430719774738094,0,0
0,0.25759579940153465,0,0
0,0.5120796131084008,1,0
0,0.7450679424864107,1,1
0,0.31798126099430846,0,0
0,0.7796556406528568,1,1
0,0.6602148860752934,1,0
1,0.6840520532592843,1,0
0,0.2875647749403276,0,0
0,0.5289889287640941,1,0
0,0.837770640511043,1,1
1,0.9395746536045412,1,1
0,0.6344597926985787,1,0
1,0.4701830854055203,0,0
1,0.6466324161076755,1,0
0,0.37243917592781867,0,0
0,0.6644162101706391,1,0
0,0.903952594612976,1,1
0,0.601154808671013,1,0
0,0.45265882758859816,0,0
1,0.7667414106058493,1,1
1,0.5742386175137895,1,0
0,0.9113823387962151,1,1
0,0.6098044425206374,1,0
0,0.2660489252874511,0,0
0,0.6634363373146195,1,0
0,0.29908463657835493,0,0
1,0.6395073726422177,1,0
1,0.9160580168664738,1,1
0,0.1621918843026704,0,0
1,0.6911393865334835,1,1
1,0.6914698879694292,1,1
0,0.6496437274954362,1,0
1,0.9542730123767015,1,1
0,0.8589412016479256,1,1
0,0.38847061823380147,0,0
0,0.3843423106738831,0,0
0,0.8359149955192169,1,1
0,0.24752689304338601,0,0
0,0.20421540798919505,0,0
0,0.15453218302933025,0,0
0,0.16810483371193918,0,0
1,0.5914142972894958,1,0
0,0.49546565135421444,0,0
0,0.47316175495444673,0,0
1,0.7291728883314523,1,1
1,0.9017616864964022,1,1
1,0.6588736991120504,1,0
1,0.9308798379898165,1,1
1,0.6790899459028804,1,0
0,0.8606749159683389,1,1
0,0.6757522887514074,1,0
0,0.6588459748613212,1,0
0,0.5986750588191785,1,0
0,0.28358455755543927,0,0
0,0.7544809248258912,1,1
0,0.48898084485773724,0,0
0,0.6358823255075523,1,0
0,0.49562639912950013,0,0
0,0.4975967878994235,0,0
0,0.8703947575375239,1,1
0,0.7005628779790305,1,1
0,0.7410954808988476,1,1
0,0.668918260686095,1,0
0,0.20940878722133335,0,0
0,0.862483487738913,1,1
0,0.7985951185912356,1,1
1,0.9577840974948368,1,1
0,0.6827752294308083,1,0
0,0.7991233028765375,1,1
0,0.5685429856120228,1,0
0,0.24281313376611766,0,0
0,0.5539335591211315,1,0
1,0.3965232978245908,0,0
0,0.6735747227584649,1,0
0,0.7226712730486893,1,1
0,0.3326990717991199,0,0
0,0.19468181656480668,0,0
0,0.6222536987370215,1,0
0,0.15900115393304462,0,0
0,0.29796983889937406,0,0
0,0.35896934511735973,0,0
0,0.8864747087362965,1,1
0,0.6530608215560341,1,0
1,0.7681422636156741,1,1
0,0.5785601247160969,1,0
0,0.574324998613728,1,0
0,0.24661190106894051,0,0
0,0.5420299725926804,1,0
1,0.7472337111776284,1,1
0,0.454730511362107,0,0
1,0.9228279502305488,1,1
1,0.5622801890197036,1,0
0,0.3736587795311477,0,0
1,0.17928958125084965,0,0
0,0.9014830836530693,1,1
0,0.5080540044867979,1,0
1,0.8236398540131458,1,1
0,0.9196603985605343,1,1
0,0.38850996394700116,0,0
1,0.8968029299162626,1,1
0,0.8961256228755009,1,1
0,0.8386636596887739,1,1
0,0.9554830851305693,1,1
1,0.8372142856330312,1,1
1,0.8758523038314285,1,1
0,0.40060512158212436,0,0
1,0.9221846351225411,1,1
0,0.46825378256952,0,0
1,0.9489441154140736,1,1
1,0.8953717711297062,1,1
0,0.6775272206891452,1,0
1,0.797687744378156,1,1
1,0.8643267341945956,1,1
1,0.8594621864078617,1,1
0,0.09305688575016141,0,0
0,0.6421878339525683,1,0
1,0.7601537092589847,1,1
0,0.4660417056795827,0,0
1,0.25468840304640306,0,0
0,0.27110555433354444,0,0
1,0.8931494116415869,1,1
1,0.7686087433378112,1,1
0,0.6219256318243251,1,0
1,0.746302757640084,1,1
1,0.8564366129548987,1,1
0,0.8602904779941648,1,1
0,0.19722587206133577,0,0
0,0.6625338514218493,1,0
1,0.7285403661899758,1,1
0,0.6981798934956056,1,1
0,0.6308273867448224,1,0
1,0.9437347332077902,1,1
0,0.49925177160099793,0,0
1,0.5402428375919561,1,0
0,0.5814106690485908,1,0
0,0.4447321414458589,0,0
1,0.9204560756950877,1,1
1,0.7893645049546092,1,1
0,0.42352857056593723,0,0
1,0.722360800589334,1,1
0,0.7616889475838657,1,1
1,0.729074899197085,1,1
0,0.43175182292554015,0,0
1,0.7496555486780566,1,1
1,0.7299404541874195,1,1
0,0.24432069217700056,0,0
1,0.8233514577098405,1,1
0,0.6080626455619045,1,0
0,0.8401626879534939,1,1
0,0.6621623880510887,1,0
0,0.8484766343020722,1,1
1,0.7313095883892005,1,1
0,0.6026106229034175,1,0
0,0.37083352993063634,0,0
0,0.41896337198631106,0,0
1,0.6635254837150806,1,0
0,0.9457581572059496,1,1
1,0.4742043282157184,0,0
1,0.811668293515567,1,1
1,0.9054551196964306,1,1
1,0.7250422315906212,1,1
0,0.2055404980539455,0,0
0,0.2805161463431116,0,0
1,0.7568467245885517,1,1
1,0.9239795349386187,1,1
0,0.600058749236305,1,0
1,0.5633841550479491,1,0
0,0.7735334230975655,1,1
0,0.7863392775082391,1,1
0,0.5213318582192654,1,0
0,0.7759889104677616,1,1
0,0.757650663021574,1,1
0,0.31237199900010876,0,0
0,0.5231267690305992,1,0
0,0.48279744336447405,0,0
1,0.9247253057672729,1,1
0,0.1456884277378701,0,0
0,0.5531116873751339,1,0
1,0.9566622024673918,1,1
0,0.6108441005690944,1,0
0,0.7074877252772709,1,1
1,0.8416081703390881,1,1
0,0.29242238234634277,0,0
1,0.7753347422691741,1,1
1,0.7004038385003174,1,1
1,0.7728127338310907,1,1
0,0.23830580479633412,0,0
0,0.786332534758168,1,1
1,0.30292923515995374,0,0
1,0.818696208930776,1,1
0,0.15455890679528694,0,0
1,0.738198640398098,1,1
0,0.678753842857483,1,0
0,0.22171470069636018,0,0
0,0.5041330392807333,1,0
1,0.8782189046034233,1,1
1,0.7363262688454277,1,1
0,0.7865663199240631,1,1
1,0.723560864106696,1,1
1,0.9329115320951081,1,1
1,0.9140121228843715,1,1
1,0.9081788680447415,1,1
0,0.8466709443480328,1,1
0,0.5306152520162042,1,0
0,0.8556140309341973,1,1
0,0.5393290787238704,1,0
1,0.6111898181507521,1,0
1,0.87219293681056,1,1
0,0.21633644033440702,0,0
1,0.8056699669001599,1,1
1,0.6531896988788878,1,0
0,0.27166342235831464,0,0
0,0.9110990009379994,1,1
1,0.9364934602677596,1,1
0,0.38852217167246367,0,0
1,0.8579306611145615,1,1
0,0.6371023522735834,1,0
1,0.8416564883643779,1,1
1,0.9397233228595416,1,1
0,0.15754722208571656,0,0
0,0.48351445132204474,0,0
0,0.5191514965348641,1,0
0,0.6968864330131701,1,1
0,0.42906131059519764,0,0
0,0.21859933365787912,0,0
1,0.8120045706089907,1,1
0,0.7252165823619237,1,1
0,0.6073231394363602,1,0
0,0.676328942669309,1,0
1,0.6792618024939041,1,0
0,0.3720109152465381,0,0
1,0.6489552283235491,1,0
1,0.887783665202119,1,1
0,0.8425777579980911,1,1
0,0.8972917136614007,1,1
0,0.20396071759144646,0,0
0,0.23139448852858932,0,0
0,0.7650999017678985,1,1
1,0.9343720871433826,1,1
0,0.7793079560512217,1,1
1,0.8987009107853301,1,1
0,0.39763730097621103,0,0
1,0.8614152475760327,1,1
0,0.4836707678137602,0,0
0,0.5128868681874424,1,0
0,0.26698554003414204,0,0
0,0.665082186654964,1,0
0,0.8141403889699395,1,1
1,0.8466067937562465,1,1
0,0.3209281524480789,0,0
1,0.8780833645997616,1,1
1,0.7194629637387484,1,1
0,0.23849086180483836,0,0
0,0.1232815196945033,0,0
1,0.5841725183798867,1,0
0,0.292435842323288,0,0
0,0.7387607408223228,1,1
1,0.5309436097850755,1,0
1,0.9195244608366602,1,1
0,0.4433668149591348,0,0
0,0.7324792850508501,1,1
0,0.504730845671407,1,0
0,0.19323177218693702,0,0
1,0.6524586126007528,1,0
0,0.651518434160341,1,0
1,0.9278059228437032,1,1
0,0.15362497171198206,0,0
0,0.22327029179795407,0,0
0,0.5845468456492742,1,0
0,0.5161342530443129,1,0
1,0.6574216153860085,1,0
0,0.44651291768758516,0,0
0,0.9168595038580019,1,1
0,0.5569826453318281,1,0
1,0.804729533095894,1,1
0,0.8880261580420463,1,1
0,0.49394213945817733,0,0
1,0.3576452665568659,0,0
0,0.4741365067103341,0,0
0,0.8913513068264872,1,1
0,0.7502339620285277,1,1
0,0.16736716095497467,0,0
0,0.149329665739181,0,0
0,0.6081784873492141,1,0
0,0.42282650794352167,0,0
1,0.897839348460076,1,1
1,0.6942602580326345,1,1
0,0.4945197911161704,0,0
0,0.8722727048301688,1,1
1,0.5947736995087033,1,0
0,0.6459311966083107,1,0
0,0.6204304343735242,1,0
0,0.5001692444536491,1,0
0,0.6437864197337767,1,0
1,0.9201259200151803,1,1
1,0.7877735122385016,1,1
0,0.631947357380579,1,0
0,0.3641923514113413,0,0
0,0.8957920660812001,1,1
1,0.9320150903510552,1,1
1,0.8717467037740436,1,1
0,0.5833641413870448,1,0
0,0.8207257773190811,1,1
0,0.34464716112918886,0,0
0,0.7670854955851119,1,1
1,0.8963255146369643,1,1
0,0.2517990474548372,0,0
1,0.7756157584490415,1,1
1,0.7590376126968325,1,1
0,0.9405943650332332,1,1
0,0.81600443819259,1,1
0,0.3433241017347093,0,0
0,0.42789450057944695,0,0
0,0.5066881767273711,1,0
0,0.2298996972818625,0,0
0,0.3944211300638219,0,0
1,0.7738271076866186,1,1
0,0.5862679276949894,1,0
0,0.25583449798292,0,0
1,0.8584935644347448,1,1
0,0.17081854114583772,0,0
0,0.8203632061953805,1,1
0,0.6167038852751093,1,0
0,0.4392770458960381,0,0
0,0.4167736874791574,0,0
0,0.6849222158249643,1,0
0,0.6614554918703319,1,0
0,0.7486160306165551,1,1
0,0.8178423617660682,1,1
1,0.4737013563751152,0,0
1,0.9226107602309718,1,1
1,0.9689593494486686,1,1
1,0.8950570554419046,1,1
0,0.726505772053628,1,1
0,0.616473202348465,1,0
0,0.8366657001035083,1,1
0,0.25167621468185714,0,0
0,0.6425206305437624,1,0
1,0.7809204220953365,1,1
0,0.1676945101555696,0,0
0,0.6167004819517987,1,0
1,0.6697523542483919,1,0
1,0.6846768943800019,1,0
0,0.42564730531698114,0,0
0,0.23471754781381224,0,0
0,0.8340857040187563,1,1
0,0.4670947730834772,0,0
0,0.7112720882966426,1,1
1,0.6564326734857924,1,0
1,0.8791381249124851,1,1
0,0.6571808133225527,1,0
0,0.3990004352470966,0,0
1,0.8456852762569547,1,1
0,0.4172548952889364,0,0
0,0.7967155161044595,1,1
0,0.6992745446114799,1,1
0,0.6376855842588832,1,0
0,0.7061686852459369,1,1
0,0.2666215711836598,0,0
1,0.8839357844466805,1,1
0,0.48771509793348344,0,0
0,0.15542052485030006,0,0
1,0.8049840048945186,1,1
0,0.19869297472591438,0,0
1,0.8703464341568321,1,1
0,0.8239626781656004,1,1
0,0.2541860635119302,0,0
0,0.22206158045289107,0,0
0,0.5071974119298178,1,0
0,0.3425686794381589,0,0
1,0.6243338653471462,1,0
1,0.9267664477611857,1,1
0,0.6606357745442019,1,0
0,0.6977912726820945,1,1
1,0.7800221524953845,1,1
0,0.39546108080668674,0,0
0,0.5951214845035977,1,0
0,0.6193771051906606,1,0
0,0.7318890372725161,1,1
0,0.3390424503004845,0,0
0,0.4378444208545486,0,0
1,0.1612939127471115,0,0
1,0.777220141173823,1,1
0,0.8405778391888808,1,1
0,0.5907453738877327,1,0
0,0.2648564865304393,0,0
0,0.814180805708348,1,1
1,0.9381429443383427,1,1
0,0.7405335891193603,1,1
1,0.6352509224505587,1,0
0,0.4425908007818323,0,0
0,0.6836210401346453,1,0
0,0.49123414948381233,0,0
0,0.45236557410126593,0,0
0,0.45872218393404157,0,0
1,0.7369970941168871,1,1
0,0.6239485663996357,1,0
0,0.5066879047800837,1,0
1,0.7416077998307069,1,1
1,0.9701788548397382,1,1
0,0.31300188253289435,0,0
1,0.4155668418168665,0,0
0,0.48413098373567215,0,0
0,0.49788449324246037,0,0
0,0.6357372922161615,1,0
0,0.686920976667246,1,0
1,0.8795222909868642,1,1
0,0.25358626886914243,0,0
0,0.9167971861159449,1,1
0,0.7611239757439398,1,1
0,0.30694142680322256,0,0
0,0.677080329212257,1,0
0,0.8130214681564019,1,1
0,0.5169064249342209,1,0
0,0.8309362939115386,1,1
1,0.9300635592903859,1,1
0,0.8982750737503692,1,1
1,0.7801911218112465,1,1
1,0.8944697234001442,1,1
0,0.5676405247828482,1,0
0,0.5617928957053593,1,0
0,0.5592935288594241,1,0
1,0.5262421130385665,1,0
0,0.558803462359354,1,0
0,0.48063974190475633,0,0
1,0.8120266675412033,1,1
0,0.36605922409911884,0,0
1,0.9324027626146114,1,1
1,0.25640333575891455,0,0
0,0.4115352307198121,0,0
1,0.23750885221227938,0,0
1,0.8918799570363174,1,1
0,0.43153125560126576,0,0
1,0.8672539302960005,1,1
0,0.16863746921872863,0,0
1,0.8470858995335994,1,1
0,0.48143413480472796,0,0
1,0.9552825734445842,1,1
0,0.7902968535829598,1,1
1,0.908977649536827,1,1
1,0.6071098006606034,1,0
0,0.713278864151494,1,1
0,0.2583193165897583,0,0
0,0.5047338275798301,1,0
1,0.9414263710542221,1,1
1,0.9053082494929471,1,1
0,0.6590944165440588,1,0
1,0.8831899170317141,1,1
1,0.8890904149167668,1,1
1,0.8791870541291216,1,1
0,0.34796984103839873,0,0
0,0.8642378812803952,1,1
1,0.8963462933596887,1,1
1,0.9520655807007061,1,1
0,0.37053971323449664,0,0
1,0.4760474020930061,0,0
0,0.18715354457920552,0,0
0,0.8681774473255002,1,1
1,0.8268410642632563,1,1
1,0.6383365167475946,1,0
0,0.4663660224822444,0,0
0,0.27541408760147534,0,0
1,0.9223324187431075,1,1
0,0.6976908684013313,1,1
0,0.7968798691187668,1,1
0,0.812493503505563,1,1
0,0.6455373415297222,1,0
1,0.830810018251377,1,1
0,0.3772520163013943,0,0
0,0.5950164365930519,1,0
0,0.49020531451569865,0,0
0,0.818113230678425,1,1
0,0.7373220829564048,1,1
0,0.6585427452930209,1,0
0,0.5292420922383858,1,0
1,0.894008815877227,1,1
0,0.6184630415475004,1,0
0,0.8773286468381905,1,1
1,0.9073411134985381,1,1
1,0.8923388212553158,1,1
1,0.9091391933813764,1,1
1,0.8671340423779754,1,1
0,0.685364274036593,1,0
0,0.3678034381005455,0,0
0,0.3678108771123205,0,0
1,0.7716732474217491,1,1
0,0.7372549199832896,1,1
0,0.7622839473328781,1,1
1,0.9049527521769516,1,1
1,0.9316904790619823,1,1
0,0.31434413432655606,0,0
0,0.6944238133904002,1,1
0,0.7455916607988641,1,1
0,0.38266932875006454,0,0
1,0.8342902854399653,1,1
1,0.8482430861930341,1,1
1,0.7350304461985374,1,1
0,0.4895401585018202,0,0
1,0.7788963117347295,1,1
0,0.38390232044587536,0,0
1,0.8572258219830187,1,1
0,0.8457649543738985,1,1
0,0.4814573280063314,0,0
0,0.36863989358942206,0,0
0,0.5895053700984093,1,0
1,0.9455918240884157,1,1
0,0.23763628132402517,0,0
0,0.2501055938988617,0,0
1,0.8754311445626564,1,1
0,0.7614429794841022,1,1
1,0.8919130912945625,1,1
0,0.16222375389052335,0,0
0,0.6549856757710387,1,0
0,0.7114203851171684,1,1
1,0.6295837748132765,1,0
1,0.9263656164875632,1,1
0,0.13698718405258875,0,0
0,0.5970909599348391,1,0
0,0.5289885203018982,1,0
0,0.6780124900436054,1,0
0,0.5494984951892503,1,0
1,0.3455858563760557,0,0
0,0.4016187046703428,0,0
0,0.42005558258775866,0,0
0,0.4302690646211181,0,0
0,0.4323984992139734,0,0
1,0.8892642812849574,1,1
1,0.5055929537472978,1,0
0,0.8209629977191881,1,1
1,0.8934928429507669,1,1
1,0.8579234606948238,1,1
1,0.7453746435790791,1,1
0,0.4094135871662602,0,0
0,0.4822495052499378,0,0
1,0.8204531049893095,1,1
0,0.6080523101839672,1,0
0,0.46356403597546525,0,0
0,0.8018562119450697,1,1
0,0.26171599425926173,0,0
1,0.9225898284768606,1,1
1,0.7701005851542718,1,1
1,0.8755638105409553,1,1
1,0.940836804824421,1,1
1,0.9601526419019442,1,1
0,0.5055159802644753,1,0
0,0.46650483607841553,0,0
0,0.8837178461630902,1,1
1,0.9537033577613674,1,1
1,0.5081041283472874,1,0
0,0.6846075816133672,1,0
0,0.5024498227423484,1,0
0,0.38734673609364906,0,0
0,0.9374201994630156,1,1
1,0.7677427655597884,1,1
1,0.9057594630458403,1,1
0,0.5785979739856468,1,0
1,0.6624477885413342,1,0
1,0.8412883081615777,1,1
0,0.3587090437401982,0,0
0,0.6271153070675497,1,0
1,0.7855242744433709,1,1
0,0.6879615522586147,1,0
1,0.8747950835433403,1,1
1,0.6417194961003277,1,0
1,0.9266931971260864,1,1
0,0.7209381078839858,1,1
0,0.7290505781695998,1,1
0,0.6205682186264814,1,0
0,0.8500033120489574,1,1
0,0.5737312912553234,1,0
1,0.5919733657807592,1,0
0,0.20639733180010625,0,0
1,0.340367416373956,0,0
0,0.9131765747911107,1,1
1,0.7323356923004265,1,1
0,0.7312407684477947,1,1
0,0.5898099370052386,1,0
0,0.42567162646652495,0,0
0,0.9649031932091574,1,1
0,0.5914241649902672,1,0
0,0.2868278168281674,0,0
0,0.13290512494423884,0,0
1,0.8714523761453717,1,1
0,0.728592773628139,1,1
0,0.7388091550863046,1,1
0,0.7278049949242309,1,1
0,0.20786618683312877,0,0
0,0.8436014684400523,1,1
0,0.3798595360922725,0,0
0,0.9331909695843895,1,1
0,0.5629810725610537,1,0
0,0.787360471892894,1,1
0,0.7316230956311401,1,1
0,0.7090951578464492,1,1
0,0.3006405822764132,0,0
1,0.6668504184588803,1,0
0,0.7400765199605593,1,1
0,0.48602709618865825,0,0
0,0.9168992298411373,1,1
0,0.8876811150523501,1,1
1,0.9647238783320805,1,1
0,0.4574286707007822,0,0
1,0.9146486308231846,1,1
0,0.42414164785814223,0,0
0,0.2170775466814382,0,0
0,0.3392879750294756,0,0
1,0.26636820306298015,0,0
0,0.1438413922935962,0,0
1,0.9038333659261044,1,1
1,0.7576022018895392,1,1
0,0.7980212499394308,1,1
1,0.6109252475800382,1,0
0,0.5557859319424493,1,0
1,0.7849184854409356,1,1
0,0.5245058574459817,1,0
1,0.5391371655998835,1,0
0,0.2710029238397349,0,0
0,0.8905651783329774,1,1
1,0.7607083596440289,1,1
1,0.9306075433009322,1,1
0,0.6188921291019596,1,0
0,0.42447183601877597,0,0
0,0.3037074812975255,0,0
0,0.8843116351611544,1,1
0,0.7386818441607274,1,1
0,0.9053504644243104,1,1
0,0.7215236598711888,1,1
0,0.8552092475029579,1,1
0,0.4765255986127931,0,0
1,0.715019657502937,1,1
1,0.9096603395968786,1,1
0,0.4056514889843617,0,0
1,0.9131801916829905,1,1
1,0.7295615943463347,1,1
0,0.2561930444528548,0,0
0,0.27933766160395485,0,0
0,0.3580299385371313,0,0
1,0.6552824194248789,1,0
0,0.632351228090095,1,0
0,0.4951714535994275,0,0
1,0.8366522967439071,1,1
0,0.5513391462066158,1,0
1,0.818752980405077,1,1
1,0.7631033370426272,1,1
1,0.2640891209170856,0,0
1,0.6857291606839652,1,0
0,0.9224819047722449,1,1
0,0.8341734614431168,1,1
0,0.42513651635896793,0,0
1,0.6198820934348221,1,0
0,0.248054674397747,0,0
0,0.4732738929267445,0,0
0,0.4453488476346616,0,0
0,0.7719065493017198,1,1
1,0.8860213487131028,1,1
0,0.20133591086718314,0,0
0,0.7627341510495743,1,1
0,0.1649315253902669,0,0
1,0.9444920950267645,1,1
0,0.20733832166939672,0,0
0,0.5665945680167646,1,0
0,0.7610009452249016,1,1
0,0.5948724273237603,1,0
0,0.6600257627588647,1,0
1,0.9410512162024577,1,1
0,0.5949852876658894,1,0
0,0.4046653481912222,0,0
0,0.8520053891919271,1,1
1,0.9449764510989958,1,1
1,0.8286521218040253,1,1
1,0.8358821095960227,1,1
1,0.9590742025082697,1,1
1,0.5006019445616411,1,0
0,0.18323157720800062,0,0
0,0.6697624217244903,1,0
0,0.6025933988792445,1,0
1,0.9407475789920726,1,1
0,0.4688439042010542,0,0
1,0.7663078270528207,1,1
0,0.8867773707587578,1,1
0,0.2929636556225479,0,0
0,0.466561836717163,0,0
1,0.9388097900884297,1,1
0,0.43853630794301524,0,0
0,0.6466047009913685,1,0
0,0.32277375366136324,0,0
0,0.288773558251604,0,0
1,0.8128917347423912,1,1
1,0.7083803260115752,1,1
1,0.9234083349717321,1,1
0,0.7929915602771321,1,1
0,0.25459772180250223,0,0
1,0.8608105456097568,1,1
1,0.6423314267807235,1,0
0,0.6571211737858604,1,0
0,0.712878052335821,1,1
0,0.76003513611857,1,1
1,0.7019761325146403,1,1
0,0.20204477800122952,0,0
1,0.9746717426539292,1,1
0,0.22717748460429113,0,0
0,0.5256250669081381,1,0
1,0.8219930280086379,1,1
0,0.6817825897200466,1,0
0,0.5436784977150412,1,0
0,0.5240175548002521,1,0
0,0.956922444854912,1,1
1,0.903965987499376,1,1
0,0.6817028589314915,1,0
0,0.17924257451008574,0,0
0,0.5602692881655744,1,0
0,0.20794783707144687,0,0
0,0.7549427895691078,1,1
0,0.18680438310116726,0,0
1,0.5826919466671315,1,0
1,0.9249577881594578,1,1
0,0.4419873699156414,0,0
1,0.6584466855289909,1,0
1,0.9105611830151134,1,1
0,0.8884157269729511,1,1
0,0.7312259789558688,1,1
0,0.5726869372192762,1,0
1,0.9353340126389045,1,1
1,0.6169340252425562,1,0
0,0.8337120141788749,1,1
1,0.8875364984268779,1,1
1,0.7083764655727368,1,1
1,0.9163458353789184,1,1
0,0.5755262745443418,1,0
0,0.45421943567510126,0,0
0,0.4667931615831623,0,0
1,0.9300186892762645,1,1
0,0.1446398013969382,0,0
1,0.2943644407319268,0,0
1,0.92763237208542,1,1
1,0.8421383357328184,1,1
1,0.9484732333385882,1,1
0,0.7024393749564785,1,1
0,0.4269325900892057,0,0
0,0.601857760014335,1,0
1,0.5153433495327926,1,0
0,0.737627620806063,1,1
1,0.88026242099353,1,1
0,0.7479494103343729,1,1
0,0.6961216727229853,1,1
0,0.8808348186953793,1,1
1,0.2939133580208156,0,0
0,0.4710444991707705,0,0
0,0.3778089214062066,0,0
0,0.60563724840457,1,0
1,0.7292833754262453,1,1
0,0.23954997238885753,0,0
0,0.5780977337379585,1,0
0,0.2540761207316991,0,0
0,0.1581697773975813,0,0
0,0.8142652788864073,1,1
0,0.38760567777441807,0,0
0,0.31060485496947643,0,0
1,0.7509421224591994,1,1
0,0.740043933998738,1,1
0,0.8823523115739446,1,1
0,0.2026764359241866,0,0
1,0.8184811277270726,1,1
1,0.9140484497589828,1,1
0,0.7999834431570506,1,1
0,0.19050705388441563,0,0
1,0.7938704598204926,1,1
0,0.4969799217837354,0,0
0,0.878496886363117,1,1
0,0.660063353917969,1,0
1,0.8764915898410987,1,1
0,0.1860874000998571,0,0
0,0.5450265640016732,1,0
0,0.16060605883934465,0,0
0,0.5964351462165113,1,0
0,0.7558849667542472,1,1
0,0.3872917367782909,0,0
1,0.842269144910918,1,1
1,0.811343789545252,1,1
1,0.9512616218171165,1,1
1,0.35962918121849724,0,0
1,0.8628960486781135,1,1
0,0.6083136733273949,1,0
0,0.8127874702743609,1,1
0,0.47892038633280565,0,0
0,0.16104474692256682,0,0
1,0.9267460985199322,1,1
0,0.5719547479688842,1,0
1,0.9170789867567976,1,1
0,0.5999151607451542,1,0
0,0.8350550368265998,1,1
0,0.1792211834225264,0,0
1,0.7236534360063399,1,1
1,0.5845633835511719,1,0
1,0.8135917934480557,1,1
1,0.8931521925391004,1,1
0,0.6945398171298036,1,1
0,0.5393832129212094,1,0
0,0.32619872390567034,0,0
0,0.29778037026098897,0,0
1,0.8447552404804256,1,1
0,0.1884041741093616,0,0
0,0.6275831550571574,1,0
0,0.7683645329581916,1,1
1,0.7697691434295596,1,1
0,0.4291445613174397,0,0
1,0.9329042813293427,1,1
1,0.24940946018517632,0,0
0,0.4584460378449735,0,0
0,0.4489931333174931,0,0
1,0.9577464123293082,1,1
0,0.36919216856474624,0,0
0,0.6960640395709798,1,1
0,0.32425146281088285,0,0
0,0.2574075032591553,0,0
1,0.4132600783263139,0,0
0,0.7288820357318089,1,1
0,0.4885870995584582,0,0
1,0.8157855990690277,1,1
0,0.19171425573652984,0,0
0,0.7586708697459117,1,1
1,0.7613781538206661,1,1
0,0.29911728728816295,0,0
0,0.6931887111061759,1,1
0,0.3371193318534771,0,0
1,0.5971919676675588,1,0
1,0.926082050789395,1,1
0,0.32581640420872254,0,0
0,0.6620387055328902,1,0
1,0.6589088282467755,1,0
0,0.7362595236332653,1,1
0,0.6127187065312886,1,0
0,0.7670372100146587,1,1
0,0.7349785863631458,1,1
1,0.9130280756763555,1,1
1,0.9488122238435986,1,1
0,0.43421398946043815,0,0
1,0.947332355402494,1,1
0,0.31440685545912833,0,0
1,0.8645331645100448,1,1
0,0.3790952882419741,0,0
1,0.7776670587380395,1,1
1,0.8234980845499441,1,1
1,0.618227769593797,1,0
1,0.6911442921558322,1,1
1,0.9521552661700147,1,1
0,0.5463783932574265,1,0
0,0.13575285610795507,0,0
0,0.2561144827622365,0,0
0,0.29339155124729704,0,0
0,0.2751577038090233,0,0
1,0.9665109735707209,1,1
0,0.1589592830341253,0,0
0,0.5879371024024869,1,0
1,0.655173992608088,1,0
0,0.49292418029067314,0,0
0,0.8985525021208781,1,1
0,0.7403340759877745,1,1
1,0.5518494495156061,1,0
0,0.17125085160794137,0,0
0,0.26956593773004894,0,0
1,0.639141440988705,1,0
1,0.6608467023544762,1,0
0,0.7265134823390933,1,1
0,0.8576160175607848,1,1
0,0.8346690568629771,1,1
0,0.8090229773530275,1,1
0,0.4146370927893441,0,0
0,0.9705196609966027,1,1
0,0.28287595420219647,0,0
1,0.7068326749538976,1,1
0,0.4849556145458512,0,0
0,0.7369300141314309,1,1
0,0.26004886281722556,0,0
1,0.705675667626193,1,1
0,0.46860469403864863,0,0
0,0.47604318635729,0,0
1,0.8469554546863974,1,1
0,0.5470315871960838,1,0
0,0.25012502914203716,0,0
1,0.9641664337030134,1,1
0,0.2903249979680535,0,0
0,0.7333331920918127,1,1
0,0.5532856480673705,1,0
0,0.1709835353288105,0,0
0,0.27549572115098797,0,0
0,0.7033012770354892,1,1
0,0.6540649242752655,1,0
0,0.7954991865821437,1,1
0,0.6579422745189997,1,0
1,0.6271438145598787,1,0
0,0.1758206614557336,0,0
1,0.7280157740970876,1,1
0,0.3019121224648186,0,0
0,0.5074909428190167,1,0
0,0.44742826973299893,0,0
0,0.9150224605375281,1,1
0,0.4623707091272654,0,0
0,0.39407500121209044,0,0
0,0.47687266712356197,0,0
0,0.5306746771744102,1,0
0,0.1988833269685679,0,0
1,0.890419472345126,1,1
0,0.4401898458284447,0,0
0,0.4787219711104623,0,0
1,0.9098246466414032,1,1
0,0.3292699604049904,0,0
1,0.7604229549284451,1,1
1,0.9162930466462438,1,1
1,0.7585176387096262,1,1
0,0.6391609998528683,1,0
0,0.19529912414866635,0,0
0,0.3502523743907719,0,0
0,0.39777102690547667,0,0
1,0.8962678955792234,1,1
1,0.9294193834485072,1,1
0,0.34734299877377417,0,0
0,0.42702514095833777,0,0
0,0.3551428126374386,0,0
0,0.8062707336609386,1,1
0,0.6899429137031035,1,0
0,0.16607532844811626,0,0
0,0.28247726778183413,0,0
1,0.8686606145420588,1,1
0,0.4975254799828922,0,0
0,0.16712842880409334,0,0
0,0.332076794005326,0,0
0,0.27525994604342086,0,0
0,0.8237586509469977,1,1
0,0.29717216773417743,0,0
0,0.2585816787742619,0,0
0,0.4759866091269397,0,0
1,0.9528797526932554,1,1
0,0.14575368823701612,0,0
0,0.6572632795511674,1,0
0,0.4960143276496426,0,0
0,0.7914311361277445,1,1
1,0.8069494241447212,1,1
1,0.8869021770401426,1,1
0,0.28673115164085217,0,0
0,0.30560483238271374,0,0
0,0.7843641878924443,1,1
0,0.6237173898608794,1,0
1,0.36708881292440587,0,0
1,0.8558233087947332,1,1
0,0.26534335343245113,0,0
0,0.2523160786188574,0,0
0,0.4211200657124743,0,0
0,0.7811728587687718,1,1
0,0.3601461512668078,0,0
1,0.9418267397347819,1,1
1,0.8633382375387061,1,1
1,0.7324870414016708,1,1
1,0.8761175745151781,1,1
1,0.7008021191781877,1,1
1,0.8351832899455857,1,1
1,0.9280817747232949,1,1
1,0.642951501567256,1,0
0,0.6733785235290553,1,0
1,0.2553573458902998,0,0
0,0.38930980212083416,0,0
0,0.8515209328516704,1,1
0,0.907484589519324,1,1
1,0.8691249378428373,1,1
0,0.2142508499298315,0,0
1,0.9083928281464461,1,1
0,0.2752306222785089,0,0
0,0.27071692281564685,0,0
0,0.14554712269754083,0,0
0,0.3169973018482204,0,0
0,0.37090624682740364,0,0
1,0.8082087656662882,1,1
0,0.8289426448299462,1,1
0,0.5916460159725413,1,0
0,0.8987576502180775,1,1
1,0.8727387628203039,1,1
0,0.1686018552166414,0,0
0,0.5557102116282473,1,0
1,0.8897445197966418,1,1
1,0.8655184616302284,1,1
0,0.31283343780665257,0,0
1,0.9141152070435342,1,1
0,0.5246370172012161,1,0
1,0.900364341483422,1,1
0,0.5761790054152129,1,0
0,0.2535879253765415,0,0
0,0.8162204132980969,1,1
1,0.9024442175985624,1,1
0,0.8210019043775468,1,1
0,0.8330583529044197,1,1
1,0.25099638274213915,0,0
0,0.35951434980350205,0,0
1,0.8324183766795281,1,1
0,0.6117408890211248,1,0
0,0.8556660119876137,1,1
0,0.29841164969793144,0,0
0,0.15763038882919392,0,0
0,0.5493668836788621,1,0
0,0.6074980979563993,1,0
1,0.8995566899301523,1,1
0,0.4939907748714842,0,0
1,0.3150975963205728,0,0
0,0.7020710522249265,1,1
0,0.4750808355927122,0,0
0,0.7928619962193939,1,1
0,0.769751528469667,1,1
0,0.6634842406760711,1,0
0,0.16274610473338638,0,0
1,0.8754404090273197,1,1
0,0.8680531502353201,1,1
1,0.6768491592015675,1,0
0,0.218491227454014,0,0
0,0.7744864392003784,1,1
0,0.4695657689033122,0,0
0,0.39000826976456987,0,0
1,0.7920497897318542,1,1
1,0.802360165414116,1,1
1,0.9332604433057025,1,1
0,0.3579076014840441,0,0
1,0.4838795931748865,0,0
0,0.2876580468271818,0,0
1,0.7530792735617517,1,1
0,0.8411696671547648,1,1
1,0.6915128133255999,1,1
0,0.3523732471333805,0,0
0,0.711123434496015,1,1
1,0.7304206612599811,1,1
0,0.5364456642870408,1,0
1,0.7628863818986859,1,1
1,0.6081163110026895,1,0
0,0.6989516020932238,1,1
0,0.5688568109278446,1,0
0,0.43282470638798637,0,0
0,0.8898155502504309,1,1
1,0.9231578040314302,1,1
1,0.9251269196557237,1,1
0,0.5065135049866013,1,0
0,0.8392592272897755,1,1
0,0.7655791663464901,1,1
0,0.7740767378445805,1,1
0,0.6068973804353339,1,0
1,0.9224973802944242,1,1
0,0.4943614305182414,0,0
1,0.8762491219760005,1,1
1,0.9046430774602858,1,1
0,0.418471493599503,0,0
1,0.9606489099228805,1,1
0,0.3715523736694182,0,0
0,0.7286430158780094,1,1
0,0.2715854792584359,0,0
0,0.5916989498790891,1,0
0,0.7711539905678372,1,1
0,0.5204644991503177,1,0
0,0.9011431558144627,1,1
0,0.9474670484919121,1,1
1,0.8164517748513428,1,1
0,0.6915332838770666,1,1
0,0.10044983137785157,0,0
1,0.944750940477229,1,1
1,0.8415182182048055,1,1
0,0.6310554611447698,1,0
0,0.4821884072563054,0,0
0,0.21046448107936258,0,0
0,0.46301468806568336,0,0
1,0.9473653524055206,1,1
1,0.27143639994631186,0,0
0,0.35234228468117235,0,0
1,0.77819210631114,1,1
1,0.7580500839867457,1,1
0,0.7514447457902025,1,1
1,0.7148126970086274,1,1
0,0.5681716410028755,1,0
0,0.41336969002131707,0,0
1,0.6757188410687676,1,0
1,0.9010102519401166,1,1
0,0.7437615499428388,1,1
0,0.5807250849672736,1,0
0,0.08149768446166264,0,0
0,0.7482685790489494,1,1
0,0.3228470116505341,0,0
0,0.5615297006406303,1,0
0,0.18312962660685708,0,0
0,0.8459614027901957,1,1
1,0.9010567898292434,1,1
0,0.5854653270491869,1,0
0,0.4294310236882366,0,0
0,0.42664152338380523,0,0
1,0.9209257550333128,1,1
0,0.3250545108574983,0,0
0,0.7027013697893786,1,1
0,0.5393854715937778,1,0
0,0.8516669839530973,1,1
1,0.9616566416482963,1,1
1,0.26878771138874047,0,0
0,0.7522179638023926,1,1
0,0.33649795752705713,0,0
0,0.5587221166703609,1,0
0,0.491531387504455,0,0
0,0.18592351972217322,0,0
0,0.401428789894288,0,0
1,0.7861060355860956,1,1
0,0.6266402506539159,1,0
1,0.8979309116325038,1,1
0,0.5178129921080971,1,0
0,0.7179027520106097,1,1
1,0.7321330528017828,1,1
1,0.9135702818148477,1,1
0,0.5828308829658426,1,0
0,0.5264570970181895,1,0
1,0.6425736093254013,1,0
1,0.848849528397143,1,1
0,0.5956876151219578,1,0
0,0.49790137225127307,0,0
0,0.4754605815386775,0,0
1,0.8901014374471886,1,1
0,0.5219473188265735,1,0
1,0.6815685057384994,1,0
0,0.8401301022963731,1,1
0,0.42220775493866664,0,0
1,0.9569238064964002,1,1
0,0.5690463801831629,1,0
1,0.8772270371862702,1,1
0,0.5049574272949335,1,0
1,0.631769716341392,1,0
0,0.6297640399285303,1,0
0,0.5177086341138991,1,0
1,0.8591419702467799,1,1
1,0.7373974596989437,1,1
0,0.19030100756590246,0,0
0,0.49334130280936633,0,0
0,0.7061724588110514,1,1
1,0.8790424529019587,1,1
0,0.18256327430664254,0,0
0,0.19403184322513,0,0
0,0.21133327700052257,0,0
1,0.9165145910812417,1,1
0,0.3920202439715583,0,0
0,0.22161913605193587,0,0
1,0.7529586140787796,1,1
0,0.7195616721474731,1,1
0,0.4819685475029935,0,0
0,0.721742433369434,1,1
1,0.9081809520852565,1,1
1,0.8780640603711156,1,1
0,0.7395263941095136,1,1
0,0.5897182645527892,1,0
0,0.549196175130493,1,0
0,0.8923488651769973,1,1
1,0.7137151973609557,1,1
0,0.7463039615334608,1,1
0,0.3168974845653765,0,0
1,0.8595626338170568,1,1
1,0.7979834260579756,1,1
0,0.7201438027296062,1,1
0,0.4582160859042836,0,0
0,0.17840150035310162,0,0
0,0.3257296126500596,0,0
0,0.7554117186315402,1,1
0,0.6562128369613933,1,0
1,0.8929602282636532,1,1
1,0.8019425831948523,1,1
0,0.3951590565827591,0,0
0,0.23576927401398853,0,0
0,0.1279221209731546,0,0
1,0.6773267070825864,1,0
1,0.9131939913906395,1,1
0,0.22173114614575368,0,0
0,0.23769632448524108,0,0
0,0.5188594115242127,1,0
1,0.7506175107863539,1,1
0,0.6355350356689621,1,0
0,0.6602023962460357,1,0
1,0.9671987293912636,1,1
0,0.4884975877715576,0,0
1,0.9469442474570962,1,1
1,0.7408161362711012,1,1
1,0.7892282816609668,1,1
0,0.1665135057858864,0,0
0,0.543760697439145,1,0
0,0.5516916128577962,1,0
1,0.8694739337341414,1,1
0,0.6644143263989082,1,0
0,0.5128320564964459,1,0
1,0.9466951235214339,1,1
0,0.8142279210130715,1,1
1,0.6613462185146991,1,0
0,0.4885444915083725,0,0
1,0.49362296001055944,0,0
0,0.5106069592892923,1,0
0,0.21120853088758654,0,0
1,0.4313311859301098,0,0
0,0.5050657276298246,1,0
0,0.28054370748532104,0,0
0,0.8610849595638111,1,1
0,0.8730176770194191,1,1
0,0.2947878707771936,0,0
0,0.45036508350177734,0,0
0,0.5819477286675703,1,0
0,0.4480512084041394,0,0
1,0.6710963842748703,1,0
0,0.5549080911800178,1,0
0,0.7190007495051448,1,1
1,0.6224577095288575,1,0
1,0.8393043270411237,1,1
1,0.7221513500845088,1,1
0,0.7957559823027424,1,1
1,0.958406883302782,1,1
0,0.4876683931475121,0,0
0,0.479655292942473,0,0
1,0.4798641516507731,0,0
0,0.11829784308390419,0,0
0,0.19274466467174928,0,0
1,0.8563916756044835,1,1
0,0.40878686542367615,0,0
0,0.4131989835015705,0,0
0,0.42093597001872596,0,0
0,0.8113462281829589,1,1
1,0.886562350822763,1,1
0,0.3090234309228369,0,0
1,0.584107590166268,1,0
0,0.2539642676820054,0,0
1,0.7037066554381507,1,1
1,0.8419075201101043,1,1
0,0.194715924979799,0,0
0,0.7937002633471227,1,1
0,0.4789900386668404,0,0
0,0.31643410213961803,0,0
1,0.7392746523292854,1,1
0,0.47959775487081496,0,0
0,0.4000507231453073,0,0
1,0.9273146524896789,1,1
0,0.7843173903952543,1,1
0,0.5366895115796483,1,0
0,0.7765522695541167,1,1
1,0.7253577571413354,1,1
0,0.3795182122122155,0,0
0,0.16706508662394617,0,0
0,0.6558503963832483,1,0
0,0.19933018303838224,0,0
0,0.49236072406858494,0,0
1,0.9227499892731301,1,1
0,0.4668733908980115,0,0
1,0.8837433918689671,1,1
1,0.9206193510742356,1,1
1,0.6911352140068819,1,1
1,0.7411927983924139,1,1
1,0.709077435734415,1,1
0,0.6127160169260005,1,0
0,0.6390209160299467,1,0
1,0.7923488932189121,1,1
0,0.2294906301355869,0,0
0,0.1445863796663157,0,0
1,0.8153833152949383,1,1
0,0.11400162435701107,0,0
0,0.8841680700763404,1,1
1,0.8465293937317608,1,1
0,0.46016945263554176,0,0
1,0.8814054597906602,1,1
1,0.7737264697032673,1,1
1,0.4432195970027761,0,0
0,0.17681029516833857,0,0
1,0.8609182623490181,1,1
0,0.5408846572394636,1,0
1,0.6450844653864876,1,0
1,0.8994516951778411,1,1
1,0.9281596667400058,1,1
0,0.19929832305917294,0,0
1,0.815396140624806,1,1
0,0.2960030089913274,0,0
0,0.7145369561943045,1,1
0,0.36462572378003516,0,0
1,0.8960009210099644,1,1
0,0.626607300729672,1,0
0,0.6814933447554044,1,0
0,0.5800208967797092,1,0
1,0.848988521779643,1,1
0,0.8205700285300385,1,1
1,0.4279790009832138,0,0
0,0.3884278999713598,0,0
1,0.6369595740729599,1,0
1,0.7749427800905218,1,1
0,0.6827706976298565,1,0
1,0.9002508388755528,1,1
0,0.33925656559349715,0,0
0,0.49015120118698935,0,0
0,0.6692890699556587,1,0
0,0.8660341577089041,1,1
1,0.932948976640824,1,1
1,0.6066877120677734,1,0
1,0.907968350790213,1,1
1,0.7489819342228656,1,1
0,0.3003614668443109,0,0
1,0.926904493803145,1,1
0,0.45706790063238323,0,0
0,0.8022865867956489,1,1
0,0.7948310710013587,1,1
1,0.9550663851299602,1,1
0,0.6850175393730964,1,0
0,0.13121413777576246,0,0
0,0.10464611439513415,0,0
1,0.5487213112727238,1,0
0,0.6466311334542726,1,0
0,0.3652929043798003,0,0
1,0.9135122668258617,1,1
0,0.4822905881027784,0,0
1,0.8900382746496952,1,1
1,0.8524168291685683,1,1
0,0.7830715285478145,1,1
0,0.9066119200875273,1,1
0,0.8942783384511265,1,1
0,0.45924999379482406,0,0
0,0.14271993486418103,0,0
0,0.5133695605560189,1,0
1,0.8617295539896069,1,1
0,0.7044864995583053,1,1
0,0.899554594582038,1,1
1,0.8115122220167208,1,1
0,0.9340632546648615,1,1
1,0.8996400326672062,1,1
0,0.5436658606416568,1,0
0,0.8489778257855227,1,1
0,0.7172444382589355,1,1
1,0.8162078368501643,1,1
1,0.9606142210281499,1,1
0,0.3622401849969384,0,0
0,0.22258149113037154,0,0
1,0.9456471404715054,1,1
0,0.5566407808156417,1,0
0,0.3461365465513219,0,0
1,0.8827912952792033,1,1
1,0.5711490435466098,1,0
0,0.2488348105107549,0,0
0,0.8182052102678237,1,1
0,0.3539291551123208,0,0
0,0.35665820472426635,0,0
1,0.880663555311525,1,1
1,0.8706587265053303,1,1
0,0.6944081081742378,1,1
1,0.9190192116161187,1,1
1,0.6766969506310502,1,0
0,0.44151571360264563,0,0
0,0.1713570962682404,0,0
1,0.9380678684186664,1,1
0,0.7186425833061201,1,1
0,0.5073227098165951,1,0
0,0.6833354901474105,1,0
1,0.8732674377104263,1,1
1,0.8686008624899846,1,1
1,0.7321616959511117,1,1
1,0.9380026453486028,1,1
1,0.7356845361572165,1,1
1,0.8508297360209732,1,1
0,0.5550378692039764,1,0
0,0.4528995567557914,0,0
0,0.24399071566070837,0,0
0,0.5830056199473314,1,0
0,0.5284543731090344,1,0
1,0.5889240491585799,1,0
1,0.8497502361706853,1,1
0,0.6418551738133412,1,0
0,0.157335275228853,0,0
1,0.8747883492432119,1,1
1,0.6551564674978644,1,0
1,0.9296287416493404,1,1
1,0.8756596547019486,1,1
0,0.7828879006510131,1,1
0,0.18448454000442127,0,0
0,0.42140874990166033,0,0
0,0.17975584122971955,0,0
0,0.30252881344946314,0,0
0,0.4151284595478478,0,0
0,0.3794635925856463,0,0
0,0.16453868447347555,0,0
1,0.9090874691442606,1,1
1,0.8879820543173571,1,1
0,0.7399082812551111,1,1
0,0.683173137608273,1,0
0,0.4633714353670707,0,0
1,0.8672695809216181,1,1
0,0.20383041756907713,0,0
1,0.8895281612857843,1,1
0,0.2240895083180799,0,0
1,0.7462228410677134,1,1
0,0.6514049725764366,1,0
1,0.7160260189835871,1,1
0,0.5050034043644867,1,0
1,0.7331955178040205,1,1
0,0.9004749522098957,1,1
0,0.8509149192575487,1,1
0,0.2086678452299229,0,0
0,0.5418831568271525,1,0
1,0.6215450978029328,1,0
1,0.8100430946529062,1,1
1,0.7774249789952997,1,1
0,0.8881665481749501,1,1
0,0.5040708101049249,1,0
1,0.6685918397701727,1,0
0,0.5511775591519331,1,0
0,0.3755505024340152,0,0
0,0.8873960592595048,1,1
0,0.7063967690104537,1,1
0,0.9428836319464693,1,1
1,0.8901336545289305,1,1
0,0.2649372493724794,0,0
0,0.3384634902438399,0,0
0,0.49552230059168945,0,0
0,0.41264884308399885,0,0
1,0.8724497775168585,1,1
0,0.8939800133877317,1,1
1,0.8393011737661813,1,1
0,0.9406204407121227,1,1
1,0.5045528162526959,1,0
0,0.5778319847910718,1,0
0,0.5575511999329732,1,0
1,0.8835461530638526,1,1
0,0.23659877441452248,0,0
0,0.7049864467853061,1,1
0,0.15782255433653522,0,0
0,0.7243017950844656,1,1
0,0.29560608486804385,0,0
1,0.3274599837282726,0,0
0,0.8493226455756041,1,1
1,0.968187267035263,1,1
0,0.9377905246547508,1,1
0,0.502972481113374,1,0
1,0.7033205655343902,1,1
0,0.6346863163621621,1,0
1,0.955380444606992,1,1
0,0.24610392762304095,0,0
0,0.20052414169253843,0,0
0,0.22189531149987393,0,0
0,0.41770730342976586,0,0
1,0.9011283525722037,1,1
0,0.48384257649369095,0,0
0,0.33860520905375147,0,0
1,0.9466154209427294,1,1
0,0.6643119436323226,1,0
1,0.9321710161296967,1,1
0,0.9307801531165891,1,1
0,0.5787240424377785,1,0
0,0.3025097380212777,0,0
0,0.5488517708395974,1,0
1,0.5967806977125116,1,0
0,0.8279304688698543,1,1
1,0.7093043197377095,1,1
1,0.8055732717430806,1,1
1,0.7659882078750537,1,1
0,0.5112628600597473,1,0
1,0.9411387962646205,1,1
1,0.2777138147102395,0,0
0,0.7167351433684045,1,1
1,0.5564243853003771,1,0
0,0.4272148423167966,0,0
0,0.14462469759340657,0,0
0,0.8387540250107143,1,1
1,0.7538552042463548,1,1
0,0.8280562478819717,1,1
1,0.8097723395101585,1,1
1,0.9279428869592421,1,1
0,0.2603177068841491,0,0
0,0.3845609590444792,0,0
0,0.3233242066729536,0,0
1,0.932635904232108,1,1
0,0.25257011738130614,0,0
0,0.7657418801646461,1,1
0,0.45611270642151497,0,0
1,0.6554211984715067,1,0
0,0.4942636541279512,0,0
1,0.7402344233216788,1,1
1,0.6834802061005092,1,0
0,0.19032958232926547,0,0
1,0.9421070513333969,1,1
0,0.2181202861030144,0,0
1,0.6653178497206657,1,0
1,0.853155639517467,1,1
0,0.8281104190983541,1,1
1,0.1160052556175211,0,0
0,0.9264689988649089,1,1
0,0.2889008225617608,0,0
0,0.6415085091769462,1,0
1,0.6973383001984261,1,1
1,0.7996401278952168,1,1
0,0.6562942781336754,1,0
1,0.7670481540437872,1,1
0,0.2073968859219017,0,0
1,0.6536099970018946,1,0
0,0.5187797529660959,1,0
0,0.7142957799636573,1,1
1,0.8704057206424546,1,1
1,0.47732287207585067,0,0
0,0.5998538631801129,1,0
0,0.31923858771196484,0,0
1,0.9301142367886225,1,1
1,0.477426750877769,0,0
0,0.5932053122864991,1,0
0,0.5823570683198305,1,0
0,0.6350662958464861,1,0
1,0.7693917484933092,1,1
0,0.28816636270258067,0,0
0,0.9166008519336029,1,1
0,0.381356300647434,0,0
0,0.48044595259907175,0,0
0,0.8317264818173665,1,1
1,0.8842569513288983,1,1
1,0.8718732694832741,1,1
0,0.7509572287867629,1,1
1,0.5998394364690172,1,0
0,0.8384397873279015,1,1
1,0.8943620897751139,1,1
0,0.8721215904462956,1,1
0,0.2029320010877302,0,0
0,0.7117640272978296,1,1
0,0.39447424437109224,0,0
0,0.6671863186900013,1,0
0,0.6270020381164602,1,0
0,0.3676957352567448,0,0
1,0.6580814930388141,1,0
0,0.29686558818446346,0,0
0,0.1535957030835984,0,0
0,0.19042364174895263,0,0
0,0.55074816807484,1,0
1,0.9054314999195741,1,1
1,0.4943098251339209,0,0
1,0.5216368036720435,1,0
0,0.5313177254865962,1,0
1,0.7163568658696845,1,1
1,0.9587184147497979,1,1
0,0.8749409005867764,1,1
0,0.9243141948734479,1,1
0,0.18433257190210006,0,0
1,0.6371100023297562,1,0
1,0.5591431697247674,1,0
1,0.8689336873643402,1,1
0,0.4394595858754447,0,0
1,0.7851669856941264,1,1
1,0.7750076107082599,1,1
1,0.306609926941052,0,0
0,0.6782969496400858,1,0
0,0.8629805526851154,1,1
0,0.3035661173288139,0,0
1,0.8264054666465025,1,1
1,0.8404011624238931,1,1
1,0.9433298498268649,1,1
1,0.7055099728860796,1,1
1,0.6529743067164363,1,0
0,0.8984963831399725,1,1
0,0.9187958282610678,1,1
0,0.6443037270706279,1,0
0,0.42382314805616117,0,0
1,0.689240300304307,1,0
0,0.5576856186585825,1,0
1,0.5673385249931687,1,0
0,0.8537719098655115,1,1
1,0.8835009581476412,1,1
1,0.5772321258856158,1,0
0,0.8723177764016122,1,1
0,0.7506754539939332,1,1
0,0.3241092106516816,0,0
1,0.8080331374203356,1,1
0,0.5468519989699998,1,0
1,0.8256963092441217,1,1
0,0.5247109483615356,1,0
0,0.341258358129685,0,0
0,0.8800695788591957,1,1
0,0.6961210419279423,1,1
0,0.621607814056681,1,0
1,0.20716975887046046,0,0
1,0.7438475275525521,1,1
1,0.9064144516610442,1,1
1,0.8523940543719268,1,1
0,0.25396074579689876,0,0
0,0.8129056208506718,1,1
0,0.2501222236209151,0,0
0,0.22388955799846277,0,0
1,0.8400174575970142,1,1
1,0.8673736384463536,1,1
1,0.9390717951085239,1,1
1,0.9082929225588934,1,1
0,0.12551660166335213,0,0
0,0.27534698380124784,0,0
0,0.26744832784878797,0,0
0,0.8785795390901144,1,1
1,0.5127816715050836,1,0
0,0.33175327484938755,0,0
0,0.4579155775327641,0,0
0,0.5628842915440156,1,0
0,0.18096282524097268,0,0
0,0.4741966654390288,0,0
0,0.45445151555663627,0,0
0,0.4988697159362996,0,0
0,0.9252666916008826,1,1
1,0.8381064915534686,1,1
1,0.8423560056492545,1,1
1,0.8955135590328989,1,1
0,0.8606777299407762,1,1
0,0.6454266797935555,1,0
0,0.37660034549705784,0,0
1,0.44681850833205794,0,0
0,0.6459982501820895,1,0
0,0.739593131918624,1,1
1,0.932756212663237,1,1
1,0.831410324153637,1,1
1,0.6809959216797913,1,0
0,0.3122007494615914,0,0
1,0.9308930409041863,1,1
0,0.2559731315364348,0,0
0,0.7843772206103352,1,1
0,0.8196027501617311,1,1
0,0.5765992004520809,1,0
1,0.6684575973230915,1,0
1,0.8726454660917218,1,1
0,0.21191626866768154,0,0
1,0.22350904378403533,0,0
0,0.6983797939021152,1,1
0,0.6360069506752836,1,0
0,0.5033334827334796,1,0
0,0.6166884505977746,1,0
0,0.9146652843132773,1,1
0,0.4916177945660678,0,0
0,0.31559558149015665,0,0
0,0.8565690243455599,1,1
0,0.30694241522639115,0,0
1,0.8615182142996847,1,1
1,0.8378944766838695,1,1
0,0.4932761917018402,0,0
1,0.7402775609285083,1,1
1,0.9640129176904241,1,1
0,0.7120264997884965,1,1
0,0.7934331254718175,1,1
0,0.5931471256444358,1,0
1,0.8662589994709905,1,1
0,0.6881615087603401,1,0
0,0.5936573648764852,1,0
0,0.4176994658808732,0,0
1,0.8553318893273594,1,1
0,0.41735170964078755,0,0
0,0.12961091550858206,0,0
1,0.872396574543563,1,1
0,0.4862890494958934,0,0
1,0.675631919142782,1,0
0,0.23325557473488298,0,0
0,0.9268386497664766,1,1
0,0.42030043774066206,0,0
0,0.5770264991949906,1,0
0,0.7833923556053005,1,1
1,0.9142838487906271,1,1
1,0.8455183089415296,1,1
0,0.4947385058137765,0,0
0,0.9205945634252408,1,1
0,0.15623350858095789,0,0
1,0.5135732012345378,1,0
1,0.6645308461404258,1,0
0,0.4323028124393827,0,0
1,0.9310528317400764,1,1
0,0.3906478777737005,0,0
1,0.9353404789596917,1,1
1,0.8350842366108059,1,1
1,0.7796470383473153,1,1
0,0.3585797400834855,0,0
1,0.7208584883604281,1,1
1,0.860896672969792,1,1
0,0.16039152038601895,0,0
0,0.8280740483612512,1,1
1,0.5139036240758064,1,0
0,0.761258007004207,1,1
0,0.840357512763479,1,1
1,0.9025962811191489,1,1
1,0.8200134184302498,1,1
0,0.7509500847134011,1,1
0,0.521161343562864,1,0
0,0.15855758348644833,0,0
0,0.5142794983417089,1,0
0,0.562324540006807,1,0
1,0.9071244616877637,1,1
0,0.7381471749095123,1,1
1,0.838982552322488,1,1
1,0.8478887013398695,1,1
1,0.8680845686651019,1,1
1,0.9555561897377385,1,1
0,0.5109976650347045,1,0
0,0.3739202847031127,0,0
0,0.2885858136079866,0,0
0,0.2882951915016838,0,0
0,0.5351987755855246,1,0
0,0.31418747473021785,0,0
1,0.9337296665032904,1,1
0,0.6050918133468537,1,0
0,0.653470568763454,1,0
1,0.9536608717552689,1,1
0,0.7760010948610979,1,1
0,0.4498888971139992,0,0
0,0.16171812803602476,0,0
1,0.17274282459675924,0,0
0,0.42516981285548777,0,0
0,0.5233029209454946,1,0
1,0.28801810758660257,0,0
1,0.8870562977175119,1,1
1,0.8466437787555645,1,1
0,0.7827840864412273,1,1
1,0.8710680043337334,1,1
0,0.45593784370650864,0,0
0,0.38080286296589216,0,0
0,0.877260233856491,1,1
0,0.10867419810538322,0,0
1,0.5903025568076287,1,0
0,0.17997076760527475,0,0
0,0.6653828538540686,1,0
0,0.6180975436056302,1,0
0,0.9632904985740407,1,1
1,0.811044379553862,1,1
0,0.316016382785242,0,0
0,0.325393607713359,0,0
0,0.659888675380965,1,0
1,0.5311933376677566,1,0
0,0.3888291329546049,0,0
0,0.2782863325607548,0,0
0,0.34586878496228646,0,0
1,0.9167880462988736,1,1
1,0.8421050455295802,1,1
0,0.5232822496078652,1,0
0,0.7073598213769683,1,1
0,0.7557258575243575,1,1
0,0.872591135882405,1,1
1,0.9101592395045085,1,1
0,0.5553045674345678,1,0
0,0.7037971837235568,1,1
1,0.7504139909505289,1,1
1,0.8814048259119484,1,1
0,0.5271300563578531,1,0
1,0.7775100442606453,1,1
0,0.33540228642011655,0,0
1,0.8608395876765336,1,1
0,0.30100767110349036,0,0
1,0.9637730091066146,1,1
0,0.3457433127213861,0,0
0,0.8383925260555113,1,1
1,0.7629044082307687,1,1
0,0.29993394886616914,0,0
1,0.8061721557143015,1,1
1,0.5838654598699617,1,0
0,0.1085922989006458,0,0
0,0.7210854135028532,1,1
1,0.8358554228709842,1,1
0,0.4113616944852999,0,0
0,0.4984948198358419,0,0
0,0.2720635985446271,0,0
0,0.37583565048642126,0,0
0,0.27874927858517873,0,0
0,0.8039368827779123,1,1
0,0.1722775130040664,0,0
0,0.48306331603559305,0,0
0,0.09963500226959876,0,0
0,0.1487479914878847,0,0
1,0.9017538337909277,1,1
0,0.49786057050645,0,0
0,0.48107437894894556,0,0
0,0.5084047333988326,1,0
0,0.8404731153880982,1,1
0,0.7199202480498038,1,1
0,0.15267786743065623,0,0
1,0.8379258982271539,1,1
0,0.5521895747215714,1,0
0,0.1668528247663607,0,0
1,0.8081069877097494,1,1
1,0.978957639095595,1,1
0,0.2543312273193548,0,0
0,0.8951744984381729,1,1
0,0.32796983574480093,0,0
1,0.9187482512226243,1,1
0,0.7132552907500443,1,1
1,0.8853451205970196,1,1
1,0.17815548885867907,0,0
0,0.26253880356102494,0,0
0,0.6011193219082975,1,0
0,0.5035493110775132,1,0
0,0.43489593137737775,0,0
0,0.8719599763255954,1,1
1,0.8664792316597049,1,1
0,0.6433958250298758,1,0
1,0.9108492867386928,1,1
0,0.6936493375732157,1,1
1,0.8553160301121704,1,1
0,0.7542000446851654,1,1
0,0.520535414488311,1,0
0,0.6921128181290634,1,1
1,0.5968226133060189,1,0
0,0.8639249696353871,1,1
0,0.7269063603295227,1,1
1,0.8965608295700709,1,1
1,0.6768005816051855,1,0
0,0.1275085478391763,0,0
0,0.3207997940603905,0,0
0,0.4746465777448516,0,0
0,0.47800311072612145,0,0
0,0.48127902328833666,0,0
1,0.7404273586356382,1,1
1,0.6541189787872175,1,0
1,0.7136255620725893,1,1
0,0.539591759678035,1,0
0,0.27389141811896817,0,0
0,0.318540905643676,0,0
0,0.25508049398121646,0,0
0,0.9414139001414283,1,1
1,0.9350402651849213,1,1
1,0.8222953058049655,1,1
0,0.4756315346439119,0,0
1,0.8511838068451836,1,1
0,0.6550856802310062,1,0
1,0.8333698445569516,1,1
0,0.29379748395842126,0,0
0,0.6736995902865799,1,0
1,0.7807114627628194,1,1
0,0.45842852732733924,0,0
1,0.16070109757404466,0,0
0,0.19431152190870546,0,0
0,0.27777524935715053,0,0
0,0.25405458926617724,0,0
1,0.8331649359240286,1,1
0,0.9253196222625893,1,1
0,0.33988981254136086,0,0
1,0.21422895234326234,0,0
1,0.6453661041804336,1,0
0,0.41548617781425806,0,0
0,0.32662473089880323,0,0
0,0.8624332754318449,1,1
0,0.6354112482484924,1,0
0,0.19629157806680672,0,0
0,0.9129987563107961,1,1
1,0.8035073813870902,1,1
0,0.7152592619226787,1,1
1,0.7814468462007703,1,1
0,0.35329998069863655,0,0
0,0.9146338450226014,1,1
1,0.6617258004705563,1,0
0,0.6789720735383309,1,0
0,0.37885617701452756,0,0
1,0.7887824573198409,1,1
0,0.7338435294537362,1,1
1,0.8999119314446814,1,1
0,0.7033059472297626,1,1
0,0.7388189888523692,1,1
0,0.9391614907947469,1,1
0,0.4753411534562774,0,0
0,0.18361408429760234,0,0
0,0.41372041353333616,0,0
0,0.43064666498811316,0,0
0,0.7255119327308348,1,1
0,0.8799777336225674,1,1
1,0.7976656234398081,1,1
0,0.7588751989233263,1,1
1,0.8379003467550226,1,1
0,0.1932273611921357,0,0
0,0.5503715796089791,1,0
0,0.20427303811566913,0,0
1,0.866836948769339,1,1
1,0.8143282886709747,1,1
1,0.37056533851936974,0,0
1,0.7769748629169959,1,1
0,0.8786011971409965,1,1
1,0.32240873289221633,0,0
0,0.3520986771494379,0,0
0,0.657532049922553,1,0
0,0.36445930190817244,0,0
0,0.33627822549345465,0,0
1,0.5040672253612523,1,0
0,0.2993989354434729,0,0
0,0.7030760486986147,1,1
0,0.2761025535445331,0,0
1,0.8684979549718396,1,1
1,0.9067884690003716,1,1
1,0.6600583346552612,1,0
1,0.3836044567304331,0,0
0,0.3308985870699394,0,0
1,0.5417583868873028,1,0
1,0.8473763872268274,1,1
0,0.7973183201419054,1,1
0,0.19223892548693408,0,0
0,0.8635593893055883,1,1
0,0.7400195657428973,1,1
0,0.48280544323304153,0,0
1,0.8335502661907225,1,1
1,0.5093756996446008,1,0
1,0.5558002550479628,1,0
0,0.7659290091325374,1,1
1,0.6682836059301739,1,0
0,0.6635728995869541,1,0
0,0.701084532962471,1,1
0,0.6276614400513579,1,0
0,0.8661930168909234,1,1
0,0.44014826192515777,0,0
1,0.2568074496568006,0,0
0,0.8000460899208087,1,1
0,0.9019988291642637,1,1
0,0.6171336298930719,1,0
0,0.4155047712637444,0,0
0,0.7030296567068245,1,1
0,0.4751440886511833,0,0
0,0.17891992469127227,0,0
0,0.8970415329670901,1,1
0,0.7669532330410218,1,1
0,0.45652001733469855,0,0
0,0.421842697459153,0,0
1,0.8880213828323944,1,1
0,0.21327462166517633,0,0
0,0.7036417130579489,1,1
0,0.4215721457656261,0,0
0,0.22098354608907117,0,0
0,0.4371061971714832,0,0
0,0.9318748875282692,1,1
0,0.531734319487811,1,0
0,0.18542514849799793,0,0
1,0.6787184737262403,1,0
0,0.7754497367080936,1,1
0,0.7575345960009662,1,1
1,0.7571316277765294,1,1
0,0.8225150818811428,1,1
0,0.8353999972581879,1,1
0,0.3971380446761884,0,0
1,0.8179763422197776,1,1
0,0.25011547835166786,0,0
0,0.5351075172221422,1,0
0,0.7165634536168651,1,1
0,0.8545403883253727,1,1
0,0.2283368360234294,0,0
0,0.4710238305067852,0,0
1,0.5718242481413698,1,0
1,0.9506919102298516,1,1
1,0.8752611197035091,1,1
1,0.9413063183089324,1,1
1,0.7039145395021899,1,1
1,0.9062539710829735,1,1
1,0.7681688938787101,1,1
1,0.401217156408272,0,0
0,0.8676665177766764,1,1
1,0.9594852449075904,1,1
0,0.5846827569827441,1,0
1,0.84725084928482,1,1
0,0.9095583613352007,1,1
0,0.25808466929214713,0,0
0,0.6110039531046877,1,0
1,0.829778319899941,1,1
1,0.7051162062155305,1,1
0,0.2238671399702483,0,0
0,0.37359831189142084,0,0
1,0.36741362980843584,0,0
1,0.7658580792504601,1,1
1,0.5256280633699254,1,0
0,0.4644300140500249,0,0
0,0.4779082106935486,0,0
0,0.21058454166042087,0,0
1,0.6115389961674278,1,0
1,0.9512746618151298,1,1
0,0.8937544810418279,1,1
0,0.372826224547724,0,0
1,0.9063097794063006,1,1
0,0.8551182065334685,1,1
1,0.9278497933066776,1,1
0,0.38232684863426414,0,0
0,0.8774220901779791,1,1
0,0.30851684014776015,0,0
1,0.776991686791108,1,1
0,0.6339623061261576,1,0
0,0.6816346214567627,1,0
1,0.8461889683881297,1,1
1,0.43424633393333584,0,0
0,0.42325166786787893,0,0
0,0.6454780235845224,1,0
1,0.811668293515567,1,1
0,0.2260586844934334,0,0
0,0.34610699041395493,0,0
0,0.5120883096187784,1,0
0,0.3136030617094004,0,0
0,0.683472927823917,1,0
0,0.26301189828076393,0,0
0,0.8474683486292188,1,1
1,0.9030522471524015,1,1
0,0.6575228017336043,1,0
0,0.9204118265209756,1,1
0,0.4674984221308516,0,0
0,0.39892183879017046,0,0
0,0.3442787872236427,0,0
1,0.9613855737689874,1,1
0,0.45540493548911826,0,0
1,0.8898102920972982,1,1
1,0.7278561170606418,1,1
0,0.6389453738056434,1,0
0,0.7456939396373943,1,1
0,0.699155644420664,1,1
1,0.8715102715272237,1,1
1,0.5535103246061959,1,0
0,0.8653978096980354,1,1
0,0.7386192878298719,1,1
1,0.9112306482778613,1,1
0,0.7982021656922268,1,1
0,0.345303073301181,0,0
0,0.16989413815257418,0,0
1,0.7773405472894974,1,1
1,0.9188401493810995,1,1
0,0.3174392666485052,0,0
1,0.8506369526397779,1,1
1,0.7361875557987612,1,1
0,0.7135427364135992,1,1
1,0.26210004430996625,0,0
1,0.8581371289284299,1,1
1,0.9267829660757056,1,1
0,0.19243471378141688,0,0
0,0.33267332883451073,0,0
1,0.5892743404914873,1,0
0,0.18814571899812896,0,0
0,0.4096233602992386,0,0
0,0.21759853196272974,0,0
0,0.7794904415995889,1,1
0,0.9170383310824538,1,1
0,0.9086622779787372,1,1
1,0.8599859423917363,1,1
0,0.21014980043506726,0,0
0,0.29895570309053465,0,0
0,0.177363457626912,0,0
0,0.5143046920798747,1,0
1,0.5705141440293201,1,0
1,0.8993576748842051,1,1
0,0.4343439389455683,0,0
0,0.6018391154017319,1,0
1,0.9483276858427433,1,1
1,0.8792632187810878,1,1
1,0.9158785244178124,1,1
1,0.898348490443961,1,1
0,0.638230667105131,1,0
0,0.47035054479520166,0,0
0,0.22361228794947519,0,0
0,0.7975443033194178,1,1
0,0.23535300854708563,0,0
0,0.7186879757801357,1,1
0,0.629144569896949,1,0
0,0.7527168677642573,1,1
1,0.3509088994513058,0,0
0,0.3629843511865804,0,0
0,0.5555082297496999,1,0
0,0.6139225941076135,1,0
1,0.6016680654363792,1,0
0,0.19847181531103286,0,0
0,0.48284822687047557,0,0
1,0.7321864659080944,1,1
1,0.9648595436216073,1,1
0,0.6605828492420651,1,0
0,0.4630029220674387,0,0
0,0.32697025935768864,0,0
0,0.7580296027084182,1,1
1,0.8695110924635887,1,1
1,0.7255352879794871,1,1
1,0.9148635529669388,1,1
1,0.6429486924941192,1,0
0,0.5647167030873111,1,0
0,0.822200685810725,1,1
0,0.8903160009137594,1,1
0,0.2049000297733346,0,0
0,0.629993870976637,1,0
0,0.5739532283642544,1,0
0,0.45070281580352817,0,0
1,0.7858541554914042,1,1
0,0.15466960236077257,0,0
0,0.771344047291876,1,1
0,0.3588221661358527,0,0
0,0.7116438741068786,1,1
0,0.46772580736482855,0,0
0,0.5218388479819978,1,0
1,0.690977718472101,1,1
1,0.5929510435012177,1,0
0,0.6665566923591566,1,0
0,0.42455334930421923,0,0
0,0.28185203249763713,0,0
0,0.6370930233821996,1,0
1,0.6625302205386,1,0
0,0.7381763927118222,1,1
1,0.7710428151144961,1,1
1,0.711325011764323,1,1
0,0.3850396347749571,0,0
1,0.8819192861194095,1,1
1,0.7121931380133296,1,1
0,0.6111124363438611,1,0
1,0.9471600799331525,1,1
1,0.950955027068933,1,1
0,0.719173322811122,1,1
0,0.4722007999827157,0,0
1,0.5498277606911719,1,0
1,0.5701406594797126,1,0
1,0.1935490377490325,0,0
1,0.5470453614609382,1,0
0,0.5361707907869967,1,0
0,0.906850773181866,1,1
0,0.6036320839431591,1,0
0,0.8432033803318689,1,1
0,0.43778332484264065,0,0
0,0.38627997050147644,0,0
0,0.6016631975071481,1,0
1,0.8143430225083893,1,1
1,0.9021460372420924,1,1
1,0.7456330287087838,1,1
0,0.6847895925152847,1,0
0,0.7058193276304731,1,1
0,0.5392852395780032,1,0
0,0.6262418556606738,1,0
0,0.3806091198867939,0,0
0,0.5537632788248895,1,0
1,0.8309452415045891,1,1
0,0.3329133311868095,0,0
1,0.9273540973733597,1,1
1,0.9420795349111937,1,1
0,0.5029228233645513,1,0
1,0.8452472015640294,1,1
1,0.826861054445649,1,1
1,0.8883539064239003,1,1
1,0.9513498487163675,1,1
0,0.29014982675444445,0,0
1,0.8943450287148326,1,1
1,0.5160629145813928,1,0
0,0.3085129856469292,0,0
0,0.148118059006977,0,0
0,0.2725619968593053,0,0
1,0.9112280356078789,1,1
0,0.21931173022806474,0,0
0,0.2999107746728608,0,0
0,0.4745740369057114,0,0
0,0.9340286140723776,1,1
1,0.4688631750138445,0,0
0,0.7635967664130869,1,1
0,0.8735493346101006,1,1
0,0.6339143123540902,1,0
0,0.9185371749655517,1,1
1,0.8916942284115136,1,1
1,0.745052845639486,1,1
1,0.6735383379474482,1,0
0,0.5438088784302156,1,0
0,0.8575546801499069,1,1
0,0.6929181809176826,1,1
0,0.916843027868166,1,1
1,0.6531085870937898,1,0
0,0.8505890273428948,1,1
0,0.44661813158707026,0,0
1,0.9121183907198085,1,1
0,0.16371502613291716,0,0
0,0.37667650821021237,0,0
0,0.7294262179355873,1,1
0,0.7711476386340834,1,1
1,0.871840239069805,1,1
0,0.9400849730002229,1,1
0,0.8975407767425749,1,1
0,0.69512201451417,1,1
0,0.36741687620455027,0,0
1,0.8362332100939988,1,1
0,0.41329753316869483,0,0
1,0.9154109335423407,1,1
0,0.5520333072238779,1,0
1,0.6705468504049126,1,0
0,0.668930043464827,1,0
1,0.8389215569456011,1,1
0,0.34757436250280405,0,0
0,0.31563112139742,0,0
0,0.1992048253965084,0,0
1,0.8190736101237949,1,1
0,0.7624029567842009,1,1
0,0.4334745931528236,0,0
0,0.6688391340272587,1,0
0,0.4363404157052679,0,0
0,0.835207580188531,1,1
0,0.09248894143313197,0,0
0,0.7772594730250001,1,1
0,0.20930977011439075,0,0
1,0.5540013330717009,1,0
0,0.3268533186054955,0,0
1,0.7390947377398674,1,1
0,0.7210536738563224,1,1
0,0.23313055917364733,0,0
0,0.3303561589522108,0,0
1,0.7915770904429701,1,1
0,0.2753450779447865,0,0
0,0.7080323507082437,1,1
1,0.9383351243258427,1,1
1,0.9769411846077658,1,1
0,0.7254992970347436,1,1
0,0.15863938515709047,0,0
1,0.23559057833698213,0,0
0,0.3976279921058676,0,0
1,0.920530747052089,1,1
1,0.9196672464160546,1,1
0,0.33341784902070415,0,0
0,0.28452031501436614,0,0
0,0.7590347073547676,1,1
1,0.5456480511698105,1,0
0,0.19163541303601814,0,0
0,0.7318508718876833,1,1
0,0.6105605023166465,1,0
0,0.6594723158563681,1,0
0,0.44065820424299756,0,0
0,0.3008252696077285,0,0
1,0.9306681579410195,1,1
0,0.25736175342586104,0,0
0,0.2267776225105925,0,0
1,0.9452782691518854,1,1
0,0.8094433876674696,1,1
0,0.4136022519746568,0,0
0,0.5526333127271019,1,0
1,0.8724268713218855,1,1
0,0.732274226184413,1,1
1,0.9006037617273339,1,1
0,0.29426847549519314,0,0
0,0.7665872500949465,1,1
1,0.7231348288675616,1,1
0,0.538732710503517,1,0
0,0.46905164152398376,0,0
0,0.6878454861790482,1,0
0,0.18242394126563435,0,0
0,0.8098070954737072,1,1
1,0.8406899874966492,1,1
1,0.9503338128130868,1,1
1,0.8067234774222052,1,1
0,0.4136520105842156,0,0
1,0.79086827814783,1,1
0,0.9197764090797396,1,1
1,0.5747656485833136,1,0
0,0.32506386926237496,0,0
1,0.7741551498857387,1,1
0,0.6172888834867737,1,0
0,0.326942097282943,0,0
1,0.8859184024954013,1,1
0,0.5784148453109307,1,0
1,0.7898127884724283,1,1
0,0.1419686929821287,0,0
0,0.22921543013750528,0,0
1,0.6944802324207107,1,1
0,0.34793258459231247,0,0
1,0.6955778705110508,1,1
0,0.3955097453655666,0,0
0,0.7705654665587663,1,1
1,0.9234956420083789,1,1
0,0.47092002248015385,0,0
1,0.7794395891939594,1,1
0,0.4666723957735459,0,0
1,0.8513222870687167,1,1
0,0.4119157191536071,0,0
1,0.845427735226709,1,1
1,0.8498975836209907,1,1
1,0.5023509514983544,1,0
1,0.9335038569278625,1,1
1,0.8617745768291742,1,1
0,0.7242954245554422,1,1
1,0.9060740751105534,1,1
0,0.6011730735121665,1,0
1,0.9199555547742876,1,1
1,0.7876705253855052,1,1
1,0.5527857010480631,1,0
1,0.750396306767209,1,1
1,0.3395611496039853,0,0
1,0.9379642670829659,1,1
0,0.14928447054287017,0,0
0,0.306254298441548,0,0
0,0.8747145483032086,1,1
0,0.6223051763040705,1,0
0,0.5965871191087223,1,0
0,0.48862812484531953,0,0
1,0.9102297257950176,1,1
0,0.6324542846701684,1,0
0,0.8683972851979566,1,1
1,0.680547517704833,1,0
0,0.6681136661847175,1,0
0,0.625098262704391,1,0
1,0.8729509937746661,1,1
0,0.5169274920467894,1,0
0,0.5730227263922351,1,0
1,0.8346778052326533,1,1
0,0.5966029565191621,1,0
0,0.5020334477078099,1,0
0,0.4103713073391803,0,0
1,0.9274555926351915,1,1
1,0.6297568390178344,1,0
0,0.7309178540866709,1,1
0,0.6322250649033049,1,0
0,0.7088720180480031,1,1
0,0.7284263699853272,1,1
1,0.8324431614759961,1,1
1,0.7811520397292624,1,1
0,0.30753321109556614,0,0
0,0.7456926657857444,1,1
0,0.6592442771238691,1,0
1,0.9565431483885819,1,1
1,0.7588513564316809,1,1
1,0.9469036956987155,1,1
0,0.6062968809561732,1,0
0,0.3704778287863311,0,0
0,0.8100291181778795,1,1
1,0.7819876670800515,1,1
0,0.8287946818765005,1,1
1,0.751568298045293,1,1
1,0.8324141242283257,1,1
1,0.864072155025916,1,1
1,0.9173338590607023,1,1
1,0.28901214440725026,0,0
1,0.9273766903277006,1,1
0,0.20048252479884762,0,0
1,0.689997706462125,1,0
0,0.4655803180831998,0,0
1,0.9332271126303628,1,1
0,0.16093656374489457,0,0
0,0.21525737910625156,0,0
1,0.6693366861524237,1,0
0,0.7237501179022219,1,1
0,0.8935002349010949,1,1
0,0.600789494557709,1,0
0,0.5903239941553466,1,0
0,0.22796014260236408,0,0
0,0.3498109521592309,0,0
0,0.4036011753533167,0,0
0,0.22812902472035432,0,0
1,0.913515394520949,1,1
0,0.18092720790059102,0,0
0,0.20294336311875322,0,0
0,0.11870321312263452,0,0
1,0.9524109477098068,1,1
0,0.6365998991977871,1,0
1,0.8938377347010454,1,1
0,0.2633528822770255,0,0
1,0.7608671851907506,1,1
0,0.20341178272434812,0,0
0,0.8999810978073091,1,1
0,0.1769431896314827,0,0
1,0.9270158044797142,1,1
0,0.5915196926469242,1,0
0,0.3422839189280329,0,0
0,0.23286891934314166,0,0
0,0.8911216664170494,1,1
0,0.46312292595561483,0,0
1,0.823427915697842,1,1
0,0.4880566111955784,0,0
0,0.5333727149502624,1,0
1,0.7350238286468225,1,1
0,0.7484703055587107,1,1
1,0.8643994728055014,1,1
0,0.529444050498889,1,0
0,0.40365505498364096,0,0
0,0.12399506011661687,0,0
1,0.9097359375291357,1,1
0,0.8717146520647184,1,1
0,0.24045056874856086,0,0
0,0.7958226252776862,1,1
0,0.5479613213074055,1,0
1,0.9179027038819454,1,1
0,0.3950209753251761,0,0
0,0.13540523356354892,0,0
1,0.9145466540761769,1,1
0,0.40146076312203804,0,0
1,0.890182759113068,1,1
0,0.7177220507331358,1,1
0,0.5728176257380958,1,0
0,0.3835346131413526,0,0
0,0.1965607956763531,0,0
0,0.24712161612272107,0,0
0,0.34504135551435333,0,0
0,0.7273858091402543,1,1
1,0.5808499288025799,1,0
0,0.6538982250499837,1,0
0,0.9216336864415532,1,1
0,0.4709426363505626,0,0
1,0.9109705942572507,1,1
0,0.8272223381203175,1,1
0,0.3014539795840356,0,0
0,0.225711458719189,0,0
0,0.2466974771717178,0,0
0,0.5820308593716391,1,0
0,0.6971332998109666,1,1
0,0.7504054259246559,1,1
0,0.41599925106549157,0,0
1,0.9359362518626251,1,1
0,0.9109998532592187,1,1
0,0.626798376298721,1,0
0,0.6740855020291963,1,0
0,0.2717633866385074,0,0
1,0.8721803498701174,1,1
0,0.20559497459086487,0,0
0,0.9337789549975982,1,1
1,0.9020267631604555,1,1
0,0.6478719863266893,1,0
0,0.8315292085076159,1,1
0,0.4142722394092724,0,0
1,0.3749498014968541,0,0
1,0.3385182089514458,0,0
0,0.46220645715261055,0,0
1,0.6494504163445118,1,0
0,0.8557145024259135,1,1
0,0.5175749043548706,1,0
1,0.5960462345243405,1,0
0,0.21303603587663159,0,0
0,0.24634155965370505,0,0
0,0.517107156368589,1,0
1,0.90120765978526,1,1
0,0.7361594942347831,1,1
0,0.3389764842551064,0,0
1,0.3431175879123227,0,0
0,0.561220972355072,1,0
1,0.6466893168223627,1,0
1,0.4389812254857788,0,0
0,0.21430375436084903,0,0
0,0.7146450679184145,1,1
0,0.21448126850813826,0,0
1,0.7291312801602398,1,1
0,0.5853042974891024,1,0
1,0.9196785459104716,1,1
0,0.6387062681907385,1,0
1,0.9435174841625885,1,1
0,0.46483049154343903,0,0
1,0.8073961567774346,1,1
1,0.9574772442155239,1,1
0,0.25451819083809973,0,0
0,0.7531132751794929,1,1
0,0.49010039694005864,0,0
0,0.20974449122850594,0,0
0,0.3619588861007861,0,0
0,0.7003992948506744,1,1
0,0.3746832906523083,0,0
0,0.9040110452735971,1,1
0,0.5042004716304391,1,0
0,0.8179888659162144,1,1
0,0.15859453485970335,0,0
0,0.2795161107649989,0,0
1,0.7144300769846124,1,1
1,0.7658479590209272,1,1
1,0.8889943375039239,1,1
1,0.8249194210343958,1,1
0,0.448279975660743,0,0
0,0.7176092476885331,1,1
1,0.2889168116830576,0,0
1,0.7394902781122074,1,1
0,0.9111830633374068,1,1
0,0.58351659703624,1,0
1,0.9353133846178014,1,1
0,0.21094978098011116,0,0
1,0.9326564759142792,1,1
0,0.38392255771633654,0,0
0,0.452620727539131,0,0
0,0.14563417971024975,0,0
0,0.13118734716117342,0,0
1,0.8902811576640471,1,1
0,0.42177101751994384,0,0
0,0.9337279847755577,1,1
1,0.8991817009828498,1,1
0,0.3570503297315876,0,0
1,0.5836043612527271,1,0
0,0.39001403112931327,0,0
1,0.7886461126847367,1,1
0,0.2829709171521558,0,0
0,0.8787208014172853,1,1
0,0.11329839860876365,0,0
0,0.348776525612165,0,0
0,0.8473183646207445,1,1
1,0.7436159478565375,1,1
1,0.7908072045737362,1,1
0,0.31758873916116304,0,0
0,0.2269717476978572,0,0
1,0.7333258967631145,1,1
0,0.45854864418329483,0,0
1,0.8990859115289467,1,1
0,0.21176604204166538,0,0
0,0.6347935982999262,1,0
1,0.7443056684272669,1,1
1,0.8755907867227168,1,1
0,0.5383380993506578,1,0
1,0.7470931210588106,1,1
0,0.6566191481131304,1,0
0,0.6186711756172923,1,0
1,0.9072825353805886,1,1
0,0.9452462470584686,1,1
0,0.2901964656187834,0,0
0,0.30021929417842974,0,0
0,0.7568817968328452,1,1
1,0.7412476585851715,1,1
1,0.8885378309760152,1,1
1,0.48021471714172925,0,0
0,0.6415026073001356,1,0
0,0.43572956319314377,0,0
0,0.5772867909884426,1,0
0,0.4908993146959348,0,0
0,0.5702469353319427,1,0
0,0.24657179018691763,0,0
0,0.31386853507895307,0,0
0,0.5411060343360893,1,0
0,0.3251766927409216,0,0
0,0.5132744645086309,1,0
0,0.2910258604292224,0,0
1,0.8099441996488579,1,1
0,0.6938474679691156,1,1
0,0.26805730300656583,0,0
1,0.7340258567848404,1,1
0,0.612577806670988,1,0
0,0.796019371693337,1,1
0,0.4035004114533301,0,0
0,0.5877408961684614,1,0
1,0.9337649763029912,1,1
0,0.4405261886896601,0,0
0,0.2741974206441533,0,0
0,0.5836739472536201,1,0
0,0.4980399055240413,0,0
1,0.8713109611991238,1,1
0,0.17432672331653817,0,0
1,0.8224762905574481,1,1
0,0.1689785069669647,0,0
0,0.7373193167604508,1,1
1,0.6872464893853187,1,0
1,0.9509632138944518,1,1
1,0.8304274675889985,1,1
0,0.8138612389259322,1,1
1,0.8853043065756183,1,1
0,0.6484680403376675,1,0
0,0.6502364939395735,1,0
0,0.6939626935290735,1,1
0,0.7243017950844656,1,1
0,0.5910801865240348,1,0
1,0.7898566074521725,1,1
1,0.6213076544510642,1,0
0,0.372348896144931,0,0
1,0.662897277528543,1,0
1,0.9001102172395951,1,1
0,0.2548836550936757,0,0
0,0.2730025297857484,0,0
0,0.7118420499582441,1,1
0,0.4067855098667835,0,0
0,0.40839042532335834,0,0
1,0.8711219479540451,1,1
0,0.6628991327262062,1,0
1,0.44597841907686914,0,0
0,0.7787809165406787,1,1
0,0.8566722917022385,1,1
0,0.8873673056946776,1,1
1,0.8876227759863351,1,1
1,0.5218635244943062,1,0
0,0.4843484774590811,0,0
0,0.5794506905583292,1,0
0,0.748638138829993,1,1
1,0.9314671479020924,1,1
0,0.45860849057947506,0,0
0,0.5622584543244462,1,0
0,0.9321934824040862,1,1
0,0.7714225059153119,1,1
0,0.4410516384109952,0,0
0,0.7152973438878351,1,1
0,0.32934450165577,0,0
1,0.7786545702534267,1,1
0,0.835019050622077,1,1
1,0.7700003807459005,1,1
0,0.39433354822135225,0,0
0,0.23284408014174918,0,0
0,0.7932057361749303,1,1
1,0.9317806443654014,1,1
0,0.284842200547398,0,0
1,0.8519837068953438,1,1
1,0.9246192645614957,1,1
0,0.4302097344320218,0,0
1,0.4676506601792466,0,0
1,0.5372951944995694,1,0
0,0.8225683542273386,1,1
0,0.11962722464630887,0,0
0,0.8702744026724302,1,1
0,0.5688431284744171,1,0
0,0.3540137841231633,0,0
0,0.6537731934639293,1,0
1,0.9015177333347789,1,1
1,0.9330377197198008,1,1
1,0.7985047289410118,1,1
1,0.8767392965179477,1,1
0,0.4978635172701016,0,0
0,0.16844172490854392,0,0
0,0.21463982478080618,0,0
1,0.519533840364896,1,0
0,0.7941283227471704,1,1
1,0.6237223053977659,1,0
0,0.7446480821396687,1,1
0,0.26092927998088816,0,0
1,0.7718797119772797,1,1
0,0.5320847757973292,1,0
0,0.47768051653466836,0,0
1,0.5878169722215956,1,0
0,0.3682745742332093,0,0
1,0.6438568761533174,1,0
0,0.33826424747384504,0,0
1,0.831987616461972,1,1
1,0.40180494129719624,0,0
1,0.7135813383519362,1,1
1,0.7289568838560593,1,1
0,0.4561381537491998,0,0
0,0.2996435149312688,0,0
1,0.9368307121991755,1,1
0,0.8510494376118661,1,1
1,0.5393467744124605,1,0
0,0.8159012499119482,1,1
1,0.9700231407983708,1,1
0,0.35065802273514757,0,0
0,0.5388507437981418,1,0
0,0.21112110309851057,0,0
0,0.3289992246404228,0,0
0,0.8720986609884817,1,1
0,0.5802871001456698,1,0
0,0.19246695690077023,0,0
0,0.6136657575240377,1,0
0,0.3736947207435068,0,0
0,0.49329345812395436,0,0
1,0.9682977607466385,1,1
0,0.4569335342311925,0,0
0,0.4219703191795564,0,0
0,0.6473109131789164,1,0
0,0.3948994777335794,0,0
1,0.8932136571705844,1,1
0,0.608185118001883,1,0
0,0.9188297749628768,1,1
1,0.6706283761556757,1,0
0,0.44120784846836336,0,0
0,0.48246625915080377,0,0
1,0.9062451675685234,1,1
0,0.4879703677789521,0,0
1,0.5823937425559323,1,0
0,0.43077445968129674,0,0
0,0.7343329037823549,1,1
0,0.2681466984070119,0,0
1,0.9221297504628798,1,1
1,0.7962287469457451,1,1
0,0.20055999194165353,0,0
1,0.3429577870945575,0,0
0,0.36080218521872925,0,0
0,0.3113120119871945,0,0
0,0.8580140610745587,1,1
1,0.8130796764810069,1,1
0,0.566263130524543,1,0
0,0.819855399002372,1,1
1,0.9124805438204695,1,1
0,0.5048587454429181,1,0
0,0.2837052563108458,0,0
0,0.4892337033821146,0,0
0,0.28404157430009047,0,0
1,0.6941811074509491,1,1
0,0.5467630994617639,1,0
0,0.9175838230502192,1,1
0,0.40442537461046,0,0
0,0.32434025583129317,0,0
0,0.3267252004070031,0,0
0,0.7946344518685985,1,1
1,0.6570338423724085,1,0
0,0.7049154479597386,1,1
1,0.700856492211979,1,1
0,0.23221795422291447,0,0
0,0.9474806045457935,1,1
1,0.7829687288871978,1,1
1,0.8885008172502751,1,1
0,0.14803298891411448,0,0
0,0.8189241877952741,1,1
1,0.8895384375517614,1,1
0,0.6100914502428356,1,0
0,0.5703313691126258,1,0
1,0.8421232231930432,1,1
1,0.6941649008017882,1,1
0,0.2704614115884658,0,0
0,0.41419940654412013,0,0
0,0.45611270642151497,0,0
0,0.7748405263149478,1,1
0,0.567004698084192,1,0
0,0.679123522463406,1,0
0,0.909161950288192,1,1
0,0.3246448518892592,0,0
1,0.8865222143594524,1,1
0,0.7573446371168189,1,1
1,0.7181725458674916,1,1
1,0.8542431731420065,1,1
0,0.7670647013732724,1,1
0,0.770525234363268,1,1
1,0.5731271453747662,1,0
1,0.6825114890397154,1,0
1,0.6397272079697635,1,0
1,0.8882477300076699,1,1
1,0.9087949182607721,1,1
0,0.7741987038715011,1,1
0,0.6376939605454643,1,0
0,0.10003553483416901,0,0
0,0.23946192937106733,0,0
0,0.5194639086958189,1,0
1,0.7230356386185528,1,1
1,0.7143970733100247,1,1
1,0.7551895703999602,1,1
0,0.20009439009024166,0,0
0,0.6156572307074362,1,0
0,0.44507135209743454,0,0
1,0.8646262874364022,1,1
0,0.9040593488594607,1,1
1,0.7714609733600531,1,1
1,0.5240093645349889,1,0
0,0.8194307268195312,1,1
1,0.79842856532229,1,1
1,0.8211666918708485,1,1
0,0.36530279671500654,0,0
1,0.7991124506124859,1,1
1,0.5680273731650467,1,0
1,0.8044023837138392,1,1
0,0.22861093487703524,0,0
1,0.7558747884064404,1,1
0,0.6799296664316541,1,0
0,0.8191091175858598,1,1
0,0.45510064553321894,0,0
0,0.3709473513048662,0,0
0,0.42548573376045074,0,0
0,0.35758351437798525,0,0
0,0.7207694676860379,1,1
0,0.2383022512861342,0,0
1,0.7516211686694204,1,1
1,0.47427058068340316,0,0
1,0.928318473616021,1,1
0,0.27789496337156944,0,0
0,0.317443525528402,0,0
0,0.37034142844253126,0,0
0,0.33549066679370354,0,0
0,0.23698363665266092,0,0
0,0.08331899093281386,0,0
1,0.8633382375387061,1,1
0,0.8768136862913762,1,1
0,0.4481791296909246,0,0
1,0.7825394690271085,1,1
1,0.7019296923495283,1,1
0,0.14502075059140923,0,0
0,0.7777348972892154,1,1
0,0.4146736657321098,0,0
0,0.24658575538806124,0,0
0,0.6063539996691356,1,0
1,0.6275168018163577,1,0
1,0.4039182693647327,0,0
1,0.9403789957819433,1,1
1,0.7896934989208305,1,1
0,0.7717724665704231,1,1
0,0.5870395309483462,1,0
1,0.826543450203102,1,1
0,0.36928231336533834,0,0
1,0.649940139831968,1,0
1,0.7864824994768485,1,1
1,0.8510472499286661,1,1
0,0.580410271745289,1,0
0,0.33534040677998145,0,0
0,0.8723580341208459,1,1
0,0.7175241916866684,1,1
1,0.8553367680607898,1,1
0,0.6613479226621471,1,0
0,0.4022857408477601,0,0
0,0.49633308531961884,0,0
1,0.9171408925437137,1,1
0,0.2971854772607003,0,0
0,0.19271909337619636,0,0
0,0.2158936475204079,0,0
0,0.31360119035062806,0,0
0,0.2847699617920404,0,0
0,0.7159378004538923,1,1
0,0.5332118413304333,1,0
0,0.5687735504815253,1,0
0,0.4376417598203512,0,0
0,0.3341349712292933,0,0
0,0.7926344074093212,1,1
0,0.8350617674559158,1,1
0,0.4068439518067846,0,0
1,0.752980419500638,1,1
1,0.9212847377113801,1,1
0,0.685621949308355,1,0
0,0.7758123036378934,1,1
1,0.9244273902627058,1,1
0,0.9077581772016949,1,1
1,0.4319210285644843,0,0
1,0.85672525674056,1,1
0,0.38499887175013736,0,0
1,0.7785418748280171,1,1
0,0.8413653148688192,1,1
1,0.8475059520507539,1,1
0,0.5450087079339038,1,0
0,0.20168345228913953,0,0
0,0.7566767518126796,1,1
0,0.6054776010283212,1,0
0,0.1452409393211406,0,0
0,0.9377217938476675,1,1
1,0.7876420992022993,1,1
1,0.9181124770584048,1,1
1,0.6711965064516073,1,0
1,0.8680640164114917,1,1
1,0.7636935110085227,1,1
1,0.8484107547397931,1,1
0,0.46075145754668306,0,0
0,0.8411463859529876,1,1
0,0.28923904726285077,0,0
1,0.3100467047884014,0,0
1,0.7313419713945407,1,1
0,0.9302419238456004,1,1
1,0.6222353103336977,1,0
1,0.892046671693378,1,1
0,0.49396754012389676,0,0
1,0.9048573473366752,1,1
0,0.4294012394277092,0,0
1,0.8079163641138186,1,1
1,0.7195639060607613,1,1
0,0.6859313055309548,1,0
0,0.6240632031403311,1,0
0,0.19711016093376318,0,0
1,0.5912386987534773,1,0
1,0.6756644011870384,1,0
0,0.29079008834468145,0,0
0,0.7567629169476883,1,1
0,0.5237897122590972,1,0
0,0.3908681663314915,0,0
1,0.7582176995030565,1,1
0,0.2152063024070616,0,0
1,0.8853194747168199,1,1
1,0.5928330823909803,1,0
0,0.24617384091427094,0,0
1,0.3083255942521267,0,0
0,0.7751671816329568,1,1
1,0.8271846232227426,1,1
1,0.7803908996226261,1,1
0,0.5009327263628024,1,0
1,0.8533945936506432,1,1
0,0.5189192767639684,1,0
0,0.5729459214776786,1,0
0,0.1175186892433149,0,0
0,0.7483078072985718,1,1
0,0.1536767549637273,0,0
1,0.2973716733821648,0,0
0,0.2317972669171767,0,0
0,0.3997737505467487,0,0
0,0.8322331097268969,1,1
0,0.7298838323230925,1,1
1,0.8324487694528455,1,1
1,0.9255177061742738,1,1
0,0.4243563132413724,0,0
0,0.6075528813812657,1,0
0,0.16315623599672868,0,0
1,0.7145831593068324,1,1
0,0.7204069739542978,1,1
1,0.7452082908684716,1,1
1,0.8629118000823089,1,1
0,0.29755939837626694,0,0
0,0.7882817738343174,1,1
0,0.7902209173393921,1,1
0,0.7160274886204405,1,1
0,0.7339172079471935,1,1
0,0.9156305966078431,1,1
0,0.6472255925118258,1,0
0,0.28506032473551574,0,0
0,0.6456655684442235,1,0
0,0.6771832587497894,1,0
1,0.7844816012191707,1,1
0,0.7954892089505197,1,1
1,0.8813050259667016,1,1
0,0.4615212098350907,0,0
0,0.4251995302643187,0,0
1,0.8242762701263133,1,1
0,0.1379228407066433,0,0
1,0.9127715194076241,1,1
0,0.43518034856944643,0,0
0,0.5254163207025441,1,0
0,0.7205174510201912,1,1
1,0.7651270798352945,1,1
1,0.45737410715310495,0,0
1,0.6670269435620253,1,0
0,0.6601495682665686,1,0
0,0.37651926605301944,0,0
1,0.4964238901971219,0,0
1,0.8358357241587386,1,1
0,0.6059945221786077,1,0
1,0.6249543051369126,1,0
1,0.8251138708956895,1,1
0,0.7719620090175587,1,1
1,0.10384154916948005,0,0
0,0.7797351831279677,1,1
1,0.7350112220856069,1,1
0,0.8527889404155441,1,1
1,0.9359883166730107,1,1
1,0.5625258914520104,1,0
0,0.69173961566111,1,1
0,0.34337432631423104,0,0
0,0.6414566441584154,1,0
0,0.7994532834611231,1,1
0,0.8529796317092259,1,1
0,0.866225712876701,1,1
1,0.9101079505156432,1,1
1,0.7684270771316747,1,1
0,0.45491717851335883,0,0
0,0.07070696630361584,0,0
1,0.773683304159103,1,1
1,0.7825111128573987,1,1
0,0.6117319717322655,1,0
0,0.20944636381329143,0,0
0,0.4212370344916901,0,0
0,0.6089740558826058,1,0
1,0.8975866275607752,1,1
1,0.5886997970413017,1,0
1,0.9455931667346062,1,1
0,0.5022875701111034,1,0
1,0.6611031448882161,1,0
0,0.4101645315018256,0,0
0,0.3716715794060709,0,0
0,0.23159204617695822,0,0
0,0.7244914569789586,1,1
1,0.7011774286966713,1,1
0,0.4467836500767562,0,0
0,0.550763317991056,1,0
0,0.3682736643072858,0,0
0,0.15758584202067022,0,0
0,0.1845792473486363,0,0
0,0.8986135067193015,1,1
0,0.7464545526952497,1,1
1,0.9410627476388812,1,1
0,0.5186709849559147,1,0
0,0.5865217428032529,1,0
1,0.303377469841408,0,0
1,0.83160557620559,1,1
0,0.5233396020523421,1,0
1,0.8967907222095356,1,1
1,0.5810705118814121,1,0
0,0.7757312365388528,1,1
0,0.9299089144114561,1,1
0,0.3802664558856293,0,0
0,0.3875080206615179,0,0
0,0.36842546639628787,0,0
1,0.7951508606138248,1,1
0,0.2614088812137734,0,0
0,0.8998161380096119,1,1
0,0.9273975732290223,1,1
0,0.5402241375057647,1,0
1,0.7142244857106399,1,1
0,0.358482961674143,0,0
0,0.913168442341959,1,1
1,0.8597560288425087,1,1
0,0.7048376664615797,1,1
0,0.13797876038242354,0,0
1,0.9119951501068816,1,1
0,0.731656682649621,1,1
0,0.9441392942164603,1,1
0,0.8203871920397644,1,1
1,0.5016269629863005,1,0
1,0.7997932671852822,1,1
0,0.8164528263810737,1,1
0,0.623330396198867,1,0
1,0.9027950105723762,1,1
1,0.8665270861289797,1,1
0,0.8050303972153426,1,1
0,0.9307785692633372,1,1
0,0.7568349118227412,1,1
0,0.4602898061173036,0,0
0,0.5484552330007056,1,0
0,0.29869731313622994,0,0
0,0.19137861053511382,0,0
0,0.8743596238460322,1,1
1,0.6453646387378141,1,0
1,0.43745093839412735,0,0
1,0.7183239867002662,1,1
0,0.5339011942004421,1,0
0,0.5058616187615889,1,0
0,0.5154920402853327,1,0
0,0.765839048947504,1,1
0,0.8711725961421163,1,1
0,0.21861644464033173,0,0
0,0.7288211291961413,1,1
0,0.2910734309184369,0,0
0,0.4421941573126949,0,0
0,0.6987356071910383,1,1
0,0.23010941917511205,0,0
0,0.3795348653883431,0,0
1,0.9562128458599184,1,1
0,0.26570796656054974,0,0
0,0.48410039318906706,0,0
0,0.4895808183982715,0,0
0,0.15780313236336035,0,0
1,0.6241074899701442,1,0
0,0.4943616780242274,0,0
1,0.9427313671040733,1,1
1,0.6475726689023542,1,0
1,0.8939568108021119,1,1
0,0.8065420716021761,1,1
1,0.8932008061919557,1,1
0,0.21230266385448693,0,0
0,0.5338687212915825,1,0
0,0.12990658119750942,0,0
0,0.6105336317663911,1,0
1,0.8668616043764169,1,1
0,0.7126386579665883,1,1
0,0.1658078548949113,0,0
0,0.7195401959166458,1,1
1,0.6759384324831166,1,0
1,0.9538981910292661,1,1
1,0.7007822138047203,1,1
0,0.1716660948993462,0,0
0,0.5388745733056886,1,0
0,0.8208842927518298,1,1
0,0.30221481619539947,0,0
0,0.7774997440946398,1,1
0,0.6641976651675519,1,0
0,0.4776902325729536,0,0
0,0.17325221409092423,0,0
0,0.6673745019232662,1,0
0,0.3430782780071802,0,0
0,0.8012784864784877,1,1
0,0.365840947378729,0,0
0,0.29363345979057653,0,0
0,0.6241535077708796,1,0
0,0.7533062046910963,1,1
0,0.5498339382553717,1,0
0,0.5559451816320524,1,0
0,0.7024809797076053,1,1
0,0.1537015963048913,0,0
0,0.38682506429242114,0,0
0,0.9269356989366043,1,1
1,0.8985970443943179,1,1
1,0.9533690064881125,1,1
0,0.14125150405895484,0,0
1,0.9165132650188996,1,1
0,0.7220551538441562,1,1
0,0.49652579792764984,0,0
0,0.48850789341975703,0,0
0,0.45719375854408184,0,0
1,0.9487866563249056,1,1
0,0.6847309236972947,1,0
0,0.6670907574517951,1,0
0,0.3225625791701826,0,0
0,0.7800683824411918,1,1
0,0.6073663330945144,1,0
0,0.4337020868596579,0,0
0,0.40865436707727465,0,0
0,0.6974685292577796,1,1
1,0.7561688591920015,1,1
1,0.8844651597848415,1,1
0,0.348732505173193,0,0
1,0.6940197945380352,1,1
0,0.6502448401676674,1,0
1,0.8219098745820532,1,1
0,0.6198004383317369,1,0
0,0.7084293279950612,1,1
0,0.6331690438890245,1,0
0,0.8411765982792409,1,1
0,0.42094509549150966,0,0
0,0.4200327560785796,0,0
1,0.5365942266348349,1,0
1,0.7354815513539836,1,1
0,0.15294721366043004,0,0
1,0.8386550968248632,1,1
0,0.6447734457268856,1,0
1,0.6107334422215409,1,0
0,0.22753553302656931,0,0
0,0.6816234607961525,1,0
0,0.27269160060380976,0,0
0,0.7738151986743922,1,1
0,0.32414569961327977,0,0
0,0.9064293142897131,1,1
0,0.7887973296450186,1,1
1,0.9538720669301862,1,1
1,0.9384069727692452,1,1
0,0.8293230979419767,1,1
1,0.8459316218941348,1,1
0,0.22326481140377155,0,0
0,0.5373634689174618,1,0
0,0.8906817090386592,1,1
0,0.29719429728603325,0,0
1,0.547605108920529,1,0
0,0.861025430346038,1,1
0,0.7258784621468516,1,1
0,0.6046011683200183,1,0
0,0.8726829989919878,1,1
0,0.1485245833767446,0,0
1,0.8158606300172248,1,1
0,0.5259452850018378,1,0
1,0.884231756957641,1,1
1,0.8917551360528344,1,1
1,0.7290407385879019,1,1
1,0.845597516133574,1,1
0,0.3196146885045793,0,0
0,0.6108983288308488,1,0
0,0.7651463781466317,1,1
0,0.8216616882294562,1,1
0,0.6745089168920623,1,0
0,0.49768812418821967,0,0
1,0.7794095127610111,1,1
0,0.16284744500349005,0,0
1,0.8546402935880466,1,1
0,0.5230359435938489,1,0
0,0.8647976867957513,1,1
1,0.4309765044257115,0,0
0,0.31702535254908265,0,0
1,0.9088422392744638,1,1
0,0.5273075434835925,1,0
0,0.3217700779377017,0,0
0,0.47848470552556294,0,0
0,0.3576339874757405,0,0
0,0.3429801719492592,0,0
0,0.6551835983593314,1,0
0,0.8369246555190786,1,1
0,0.7425604745894309,1,1
0,0.66988414565657,1,0
1,0.8640157777823384,1,1
0,0.4630226473815805,0,0
0,0.3152322241952234,0,0
0,0.9387122614868295,1,1
0,0.27475733404839825,0,0
0,0.7387907150392319,1,1
0,0.5056817181304868,1,0
0,0.5404730761644336,1,0
1,0.7610968703059157,1,1
0,0.28785869292559324,0,0
0,0.37352302863698106,0,0
1,0.840991691076927,1,1
0,0.612555459298032,1,0
0,0.9084840355183376,1,1
1,0.6492069734834984,1,0
0,0.322828677863649,0,0
0,0.07715848630730421,0,0
0,0.843804305372875,1,1
0,0.6420648971871613,1,0
0,0.4425120361794019,0,0
1,0.837875499013883,1,1
0,0.6087578870140737,1,0
0,0.34313027605153995,0,0
0,0.6041029749561476,1,0
1,0.706185755620133,1,1
1,0.9625023128598559,1,1
0,0.4140847410343994,0,0
0,0.20700955434625412,0,0
1,0.7665483505275469,1,1
0,0.5108920906837306,1,0
0,0.24533116014990555,0,0
0,0.873095465631452,1,1
0,0.5291072212669149,1,0
0,0.34464716112918886,0,0
0,0.47105225625665936,0,0
0,0.6776496215565021,1,0
0,0.4617001856592268,0,0
0,0.6225180915650513,1,0
0,0.7385017495143782,1,1
0,0.32668082506916035,0,0
0,0.5652112750633411,1,0
0,0.23620705882821003,0,0
1,0.909921115777267,1,1
0,0.3112483232794554,0,0
0,0.9617121527569361,1,1
0,0.8846207314607986,1,1
0,0.9363522171265554,1,1
1,0.17425917710421907,0,0
0,0.4730075807198411,0,0
0,0.7837276090860177,1,1
0,0.38092890037660637,0,0
1,0.8505921223517438,1,1
0,0.21094861292459896,0,0
0,0.5440274551917905,1,0
0,0.6380697230469182,1,0
0,0.4141083405362874,0,0
1,0.8641343283397723,1,1
0,0.4113405962926614,0,0
1,0.7781770644697164,1,1
0,0.40135432090602435,0,0
1,0.8966315459898343,1,1
0,0.3626212615403917,0,0
0,0.568095756208055,1,0
0,0.8546401777725838,1,1
0,0.8578924343087801,1,1
1,0.8666360152738907,1,1
0,0.7704507585525495,1,1
0,0.8660541569463105,1,1
0,0.799499916699621,1,1
0,0.6399600171485506,1,0
1,0.7538767455288904,1,1
0,0.9169493222408369,1,1
0,0.840863456617752,1,1
0,0.31982174585484724,0,0
1,0.6643366716019307,1,0
0,0.22548711434095733,0,0
0,0.8267273319635918,1,1
0,0.8333212172858201,1,1
0,0.4250059299273309,0,0
1,0.6075999330086564,1,0
1,0.8710366115583082,1,1
1,0.9292021508303611,1,1
0,0.5613702413088999,1,0
0,0.27698435798032567,0,0
0,0.5676800825333885,1,0
1,0.7955028543632294,1,1
1,0.8641753634744508,1,1
0,0.7833683635291825,1,1
1,0.8712777268132135,1,1
0,0.6750464990830812,1,0
0,0.6612143605317603,1,0
0,0.6605964749320274,1,0
1,0.9154270245958241,1,1
0,0.2547253611773522,0,0
0,0.8839702454029561,1,1
0,0.6803113816221756,1,0
0,0.509800274763542,1,0
1,0.8824468797453525,1,1
0,0.672906691801807,1,0
0,0.9453890403631062,1,1
0,0.7901407287766735,1,1
1,0.8888134930230441,1,1
0,0.4725294831021395,0,0
1,0.9043491940831856,1,1
0,0.8352457929869552,1,1
0,0.3322575579886314,0,0
0,0.37687582568439104,0,0
0,0.6054468943864241,1,0
0,0.3866664861979181,0,0
1,0.9636959578279872,1,1
1,0.7722052294429411,1,1
1,0.9684426223003277,1,1
1,0.5923548564666467,1,0
0,0.21837647302741797,0,0
1,0.8643277490124306,1,1
0,0.3353010979460169,0,0
1,0.9018514317448438,1,1
1,0.7974609114482913,1,1
1,0.9182059252259565,1,1
1,0.9510920887078487,1,1
1,0.8934928429507669,1,1
1,0.7165445871625082,1,1
0,0.3661341144049032,0,0
1,0.8072539565815702,1,1
0,0.8266775900729342,1,1
1,0.6781070650225484,1,0
1,0.8865011718817504,1,1
1,0.9215061018370307,1,1
0,0.9248703931700253,1,1
0,0.7349221004818469,1,1
0,0.7180353615259825,1,1
0,0.22101449247218477,0,0
0,0.3678250598932001,0,0
1,0.9194185810878872,1,1
1,0.6697285246679322,1,0
0,0.4024598019408387,0,0
0,0.434503675069102,0,0
0,0.6533430056279496,1,0
0,0.5151157392134719,1,0
0,0.520483629387302,1,0
0,0.8890826824186123,1,1
1,0.6113445997350934,1,0
0,0.2075950098006999,0,0
1,0.9538049206202882,1,1
0,0.2684405435206623,0,0
0,0.7543483959220458,1,1
1,0.6114107882258538,1,0
0,0.7185502072807506,1,1
0,0.6655875876399022,1,0
1,0.9220473591393311,1,1
0,0.44591958465489984,0,0
1,0.9275684453889341,1,1
1,0.5716379517282058,1,0
0,0.6633295435399659,1,0
0,0.5962656717813722,1,0
0,0.8421789396703874,1,1
0,0.4444260042790483,0,0
0,0.6186819250206712,1,0
0,0.2355062944068563,0,0
0,0.23308994258204074,0,0
1,0.8011213714170962,1,1
1,0.8262672313127628,1,1
0,0.8431232073548403,1,1
0,0.8066425221332588,1,1
1,0.7668159773602791,1,1
0,0.2631538960340483,0,0
0,0.8292647043580991,1,1
1,0.3170108449109338,0,0
0,0.6312712165387108,1,0
0,0.8566935863331238,1,1
0,0.24679247066195573,0,0
0,0.26080959424636696,0,0
0,0.4906834890196285,0,0
0,0.3609841378414711,0,0
0,0.45400394721780907,0,0
1,0.8790134371162336,1,1
0,0.5886997970413017,1,0
1,0.8342360986847974,1,1
0,0.4113661880508211,0,0
1,0.8983009273376986,1,1
1,0.7693697491946491,1,1
1,0.26362250113640584,0,0
0,0.2823295342758468,0,0
0,0.328416588631954,0,0
0,0.4524213641920725,0,0
0,0.5323656411177037,1,0
1,0.46510095303122106,0,0
1,0.5514454244569433,1,0
0,0.9229359756501412,1,1
1,0.6878497734279212,1,0
0,0.4216394118391308,0,0
0,0.6252002920305019,1,0
1,0.9048572932179533,1,1
1,0.8223974909968663,1,1
0,0.5098308648277102,1,0
0,0.44596760940261304,0,0
0,0.468565039768859,0,0
1,0.8661687185240511,1,1
1,0.9427570902001102,1,1
1,0.8895272654718075,1,1
0,0.7830937183659048,1,1
0,0.5784634438834334,1,0
0,0.6534728068294189,1,0
0,0.8833716125876443,1,1
1,0.6761112625057041,1,0
0,0.18375835795388779,0,0
0,0.6476657703808104,1,0
1,0.7375926668123237,1,1
0,0.745469369016551,1,1
1,0.8701128113472117,1,1
0,0.45579090682363427,0,0
0,0.8916203586767952,1,1
1,0.5661129546157042,1,0
1,0.18234956145422915,0,0
0,0.568999978029172,1,0
1,0.44897876638765233,0,0
1,0.9210538941978591,1,1
0,0.16933482238501318,0,0
0,0.24620753427852654,0,0
0,0.2475347505267302,0,0
1,0.7117959603810329,1,1
0,0.49923936790385115,0,0
0,0.5303929084886941,1,0
1,0.9236533172570223,1,1
0,0.5027965387427734,1,0
0,0.27319421645522957,0,0
0,0.8696012083931697,1,1
0,0.6793810370579912,1,0
1,0.7827806647393644,1,1
1,0.8662797288562051,1,1
1,0.8095643503304052,1,1
1,0.5090533520023611,1,0
0,0.7677832083322988,1,1
0,0.44634887841991894,0,0
0,0.8264188099292533,1,1
0,0.701215346132018,1,1
1,0.6068820467993318,1,0
0,0.6825332811094619,1,0
1,0.9434538920245447,1,1
1,0.9311352135887389,1,1
1,0.8227928497002143,1,1
1,0.7106705787139621,1,1
1,0.5658684412219278,1,0
1,0.8571396663939578,1,1
1,0.9313208265760498,1,1
0,0.6926274317884604,1,1
0,0.34032958902135146,0,0
1,0.6408256520179841,1,0
1,0.7941131857028014,1,1
1,0.6678985037005697,1,0
0,0.2068221992815167,0,0
0,0.6306601962127345,1,0
0,0.8243009760812708,1,1
0,0.2571535252118397,0,0
1,0.9234477401905826,1,1
1,0.9143752385643615,1,1
0,0.545709419433871,1,0
0,0.27624759585551684,0,0
1,0.5337805319823599,1,0
0,0.2421502296357904,0,0
0,0.2956819267526799,0,0
0,0.46108676608702415,0,0
0,0.7940767652551499,1,1
1,0.7908663787056501,1,1
0,0.21434957412286523,0,0
1,0.9644810617289128,1,1
0,0.8785865650943315,1,1
1,0.6817135151684448,1,0
1,0.34769532037566064,0,0
0,0.506115495381484,1,0
1,0.48258364481842486,0,0
0,0.7341934795100566,1,1
1,0.7555262408660666,1,1
0,0.9035266849325316,1,1
1,0.9244763326087112,1,1
0,0.5234100806418849,1,0
1,0.6689774183275486,1,0
1,0.41677097353306003,0,0
0,0.1367072916563784,0,0
1,0.8501757970787622,1,1
0,0.54309799607812,1,0
0,0.7850081221543966,1,1
1,0.5190888604684861,1,0
0,0.618013489086547,1,0
0,0.4542197304880717,0,0
0,0.4052885683945599,0,0
0,0.5228089677536882,1,0
0,0.693145906638759,1,1
1,0.7024727446561464,1,1
1,0.5033759772369405,1,0
0,0.33637311230206346,0,0
0,0.8972351601350115,1,1
1,0.8902963016134839,1,1
0,0.3751532647377554,0,0
0,0.36753344808585164,0,0
1,0.6497359248029811,1,0
1,0.47104216909419716,0,0
0,0.49146305585358163,0,0
0,0.7027967990993749,1,1
0,0.22413244796016665,0,0
1,0.952363679830987,1,1
0,0.638115375306262,1,0
0,0.37608397148927586,0,0
0,0.7130688480476285,1,1
1,0.9264115300405468,1,1
1,0.8971899079591555,1,1
1,0.7047708645753511,1,1
0,0.5580666954193052,1,0
1,0.8630085386588335,1,1
1,0.9446574296009693,1,1
1,0.714263325679508,1,1
1,0.8294126956258888,1,1
1,0.8152836999057791,1,1
0,0.6382744843960301,1,0
0,0.19156874568964563,0,0
1,0.869998557226102,1,1
1,0.8709883672081796,1,1
0,0.20830812954771885,0,0
0,0.3624115929297103,0,0
0,0.1832310803539464,0,0
0,0.15879575041311994,0,0
0,0.5651544548332338,1,0
1,0.8719063248508065,1,1
1,0.9185136849429325,1,1
0,0.6160254564531716,1,0
0,0.21270175608682598,0,0
0,0.23071049871799992,0,0
1,0.8920952861071275,1,1
0,0.3826238302501733,0,0
0,0.6666417967274476,1,0
0,0.48046084521514204,0,0
0,0.3642456796908299,0,0
0,0.3902261245104282,0,0
1,0.895842746517562,1,1
0,0.6978689994482743,1,1
0,0.8895799305391786,1,1
0,0.2052021918647648,0,0
0,0.4315620442086637,0,0
0,0.39939112446484387,0,0
0,0.6775170500019446,1,0
0,0.5297644136091697,1,0
0,0.7073580690212001,1,1
0,0.15837448523763473,0,0
1,0.614792111378227,1,0
1,0.9199445214381093,1,1
0,0.6829978654552119,1,0
0,0.27082650415242493,0,0
0,0.15088358397515025,0,0
0,0.6125958450060188,1,0
0,0.2694955958723474,0,0
0,0.2984121108481927,0,0
1,0.5804356007525105,1,0
0,0.7366688163058839,1,1
0,0.432676943440651,0,0
0,0.4506152216548082,0,0
1,0.5343474604650567,1,0
0,0.3409339982181687,0,0
1,0.7448220833527578,1,1
1,0.42360560633793665,0,0
0,0.30911945459669343,0,0
1,0.8944924437300739,1,1
1,0.8029384479792314,1,1
1,0.34718779920306736,0,0
0,0.24283675463369836,0,0
0,0.2922894792399744,0,0
0,0.4616633441186121,0,0
0,0.775934813895393,1,1
0,0.24365097728453963,0,0
0,0.33763449044832283,0,0
1,0.5028818266575052,1,0
0,0.33655249107142426,0,0
0,0.9367227008360189,1,1
1,0.9272511605698088,1,1
1,0.9049508166692439,1,1
1,0.6169863512339999,1,0
1,0.8925650990220618,1,1
1,0.9491039286669971,1,1
0,0.21173812746750167,0,0
0,0.2856915707836906,0,0
0,0.6994474545614027,1,1
1,0.8696839747785207,1,1
0,0.7925023888578878,1,1
0,0.2985517331356377,0,0
0,0.5833331672546177,1,0
0,0.6491153443527815,1,0
0,0.5865300064914912,1,0
1,0.9439582020123728,1,1
0,0.262016097514513,0,0
0,0.6968394475802633,1,1
0,0.3314399510507597,0,0
0,0.6298522256065601,1,0
0,0.5884136963125972,1,0
0,0.7011277986991382,1,1
0,0.6276777092061906,1,0
1,0.8874794759490634,1,1
0,0.4958234575062419,0,0
1,0.6530992121385404,1,0
0,0.7652477619136906,1,1
1,0.9140888717100164,1,1
1,0.7831607070909328,1,1
0,0.4012771133826871,0,0
0,0.32511110381397823,0,0
0,0.6220284428994803,1,0
1,0.8883105015814415,1,1
0,0.8272161324378431,1,1
0,0.6988045699123608,1,1
0,0.9315752258174242,1,1
0,0.2491637729755886,0,0
0,0.47531510555034817,0,0
0,0.5905916591152676,1,0
0,0.6933223383805769,1,1
0,0.7024142767565571,1,1
1,0.8701023037601484,1,1
1,0.25112737497408627,0,0
1,0.9196741100392686,1,1
0,0.8396184090448657,1,1
0,0.41966117909260114,0,0
0,0.34398376102648187,0,0
1,0.7942329899433824,1,1
0,0.22176381435580245,0,0
1,0.673535896478979,1,0
1,0.8916688326682773,1,1
0,0.7670042233035049,1,1
1,0.497513575602645,0,0
1,0.8259413015237305,1,1
1,0.47851354769899734,0,0
1,0.8986922643459858,1,1
1,0.7258826469731129,1,1
0,0.2051912249116751,0,0
1,0.9347463436848027,1,1
1,0.7378869103003635,1,1
1,0.32498950420440875,0,0
1,0.6178392702153804,1,0
1,0.7213829524575045,1,1
0,0.7697719447687361,1,1
1,0.6723706321618184,1,0
0,0.3196158336988658,0,0
0,0.23370430908620804,0,0
1,0.896104232019015,1,1
1,0.7232805927984632,1,1
0,0.3488609287326015,0,0
1,0.8933050682756174,1,1
0,0.24556358128874484,0,0
0,0.9184050570551229,1,1
0,0.38348258299976457,0,0
1,0.906796479832694,1,1
0,0.5452145982074758,1,0
0,0.7348914149635625,1,1
0,0.5563523935435197,1,0
0,0.5465200078115424,1,0
1,0.8697009894355123,1,1
1,0.8491820629787695,1,1
0,0.8421458551649439,1,1
0,0.7955057897819963,1,1
1,0.6229210805011403,1,0
0,0.1513732076344423,0,0
0,0.23507611189353445,0,0
1,0.5978182087723046,1,0
0,0.7404118654893486,1,1
0,0.2367188681707146,0,0
1,0.7362040394445413,1,1
0,0.7291401509124882,1,1
0,0.6316359786056517,1,0
0,0.2818196481537389,0,0
0,0.7466733167034352,1,1
0,0.28616696659514507,0,0
0,0.5180294498613743,1,0
0,0.6270651078108774,1,0
0,0.5646623624653121,1,0
0,0.5564646382081136,1,0
1,0.7557408233162298,1,1
0,0.17183685623630754,0,0
1,0.8325418320831502,1,1
0,0.19797771421144164,0,0
1,0.7935472578113765,1,1
0,0.765036575555882,1,1
0,0.36914217465246385,0,0
1,0.9186293809410152,1,1
1,0.7165188918824733,1,1
0,0.395009335611338,0,0
0,0.42172330336950575,0,0
1,0.7369028363807905,1,1
1,0.8604591582783122,1,1
1,0.8906446159159264,1,1
0,0.6619235598889432,1,0
1,0.5724064379706774,1,0
0,0.48531949067325864,0,0
1,0.7256950435309765,1,1
0,0.4220996075878545,0,0
0,0.2717701747144921,0,0
1,0.8768147600832422,1,1
0,0.1866087905960371,0,0
0,0.2049570688691056,0,0
0,0.6937528324632242,1,1
1,0.8497674276840717,1,1
0,0.1769077531568227,0,0
0,0.5894035941781798,1,0
0,0.4750838065025288,0,0
0,0.20723156307922763,0,0
0,0.9307543046986723,1,1
0,0.44655393204635424,0,0
0,0.3068944993379213,0,0
0,0.45238616561280515,0,0
1,0.9440132413636676,1,1
0,0.5990084956456062,1,0
1,0.9284730258582846,1,1
0,0.5618918290922958,1,0
0,0.1536662896675322,0,0
0,0.6073566474921451,1,0
0,0.7166890945792004,1,1
0,0.12467667953710383,0,0
0,0.8489707612157431,1,1
0,0.3654070051594185,0,0
1,0.7226277508938845,1,1
0,0.3691278499745579,0,0
0,0.397571749807945,0,0
0,0.671935549695098,1,0
1,0.44683758835220483,0,0
0,0.9077508647376741,1,1
1,0.3964305731950225,0,0
0,0.6238257526857224,1,0
0,0.46788156607710896,0,0
0,0.5947124613648035,1,0
1,0.870635100512372,1,1
0,0.5264983728275613,1,0
0,0.5343197392611811,1,0
1,0.7287211692112738,1,1
0,0.5915125021048542,1,0
0,0.7319513433774707,1,1
0,0.6927628525915334,1,1
1,0.8278208383458825,1,1
1,0.8916778924954479,1,1
1,0.9260887373675772,1,1
0,0.5876215887756708,1,0
1,0.42762614235265795,0,0
1,0.9398461898559421,1,1
0,0.4111007610994838,0,0
0,0.523807040548844,1,0
1,0.8412310641118402,1,1
0,0.6767413229894458,1,0
1,0.9372325437988106,1,1
1,0.9466203102883809,1,1
0,0.49154809384271475,0,0
1,0.6747759974835802,1,0
0,0.510939671204307,1,0
0,0.6595441099251861,1,0
0,0.504558648494024,1,0
1,0.8515569283787104,1,1
0,0.5323089889308557,1,0
1,0.6985068249890188,1,1
0,0.25854735211486823,0,0
1,0.8895562632751308,1,1
1,0.9525527405039338,1,1
0,0.6690832922898946,1,0
1,0.8851022947323274,1,1
0,0.6177669656424704,1,0
1,0.9014223036966013,1,1
1,0.4959869113529855,0,0
1,0.861565599492471,1,1
1,0.7707996835476447,1,1
0,0.40507856505418965,0,0
0,0.7574431200712343,1,1
0,0.7460605515819566,1,1
0,0.9498261930978188,1,1
0,0.69111088058585,1,1
0,0.3069266741009555,0,0
0,0.3010238491820119,0,0
1,0.9404943155443302,1,1
0,0.9253890687439866,1,1
1,0.6848727971812832,1,0
1,0.7615380014811824,1,1
1,0.8280974243279839,1,1
0,0.35190111709738775,0,0
1,0.6226444099397744,1,0
1,0.8597297513880758,1,1
1,0.8579984110157313,1,1
0,0.778781649835629,1,1
0,0.24620753427852654,0,0
1,0.6939869232619403,1,1
0,0.5956823084425036,1,0
0,0.8090252372815881,1,1
0,0.19624973832179202,0,0
1,0.9263642291355182,1,1
0,0.7797044366774684,1,1
1,0.602582062052841,1,0
1,0.8232793621561731,1,1
0,0.9034518879765375,1,1
0,0.8502516539087397,1,1
0,0.19231694183526563,0,0
0,0.10813897974323236,0,0
1,0.35700196604255974,0,0
1,0.6115439125389102,1,0
0,0.5185480865002705,1,0
1,0.7059260693226342,1,1
0,0.5548193771135187,1,0
0,0.7589902448357222,1,1
0,0.6788457654126799,1,0
0,0.49427687646466845,0,0
0,0.5686265031932118,1,0
0,0.8208611329583493,1,1
0,0.6154819045529868,1,0
0,0.4544312522496944,0,0
0,0.3076518709236253,0,0
0,0.3907032298000878,0,0
0,0.3482608993178383,0,0
0,0.3127643728475559,0,0
0,0.5276989203245341,1,0
1,0.8563122301784528,1,1
0,0.7877520575960291,1,1
1,0.9166441968223223,1,1
0,0.3012883470820831,0,0
0,0.8160056119084046,1,1
0,0.4354136873262022,0,0
0,0.6306107715818774,1,0
0,0.6454896317921323,1,0
1,0.8726295270973073,1,1
0,0.8699029077325026,1,1
1,0.833286176048483,1,1
1,0.8502679253250192,1,1
0,0.6251568687975386,1,0
1,0.9510857399767972,1,1
1,0.44881769689990153,0,0
0,0.409528558008978,0,0
0,0.1529935909350286,0,0
1,0.7345502867245786,1,1
1,0.8641490952710369,1,1
0,0.5245343162984345,1,0
0,0.5315310523830871,1,0
0,0.5402837683606583,1,0
0,0.42620569344942383,0,0
1,0.9288209912410439,1,1
0,0.4768428249483001,0,0
0,0.21765772997025032,0,0
1,0.8611577054112523,1,1
1,0.6066218194271957,1,0
0,0.4047626939831166,0,0
0,0.7743554185146418,1,1
1,0.9112883287536325,1,1
0,0.8945080733147859,1,1
1,0.9369887208392501,1,1
0,0.37971384934489816,0,0
1,0.9191496993036458,1,1
0,0.2471559854574044,0,0
0,0.4310537233990999,0,0
1,0.8153798898874227,1,1
1,0.8927619733656688,1,1
0,0.33645320535545764,0,0
0,0.41174695709271564,0,0
0,0.5848759056459493,1,0
1,0.8575236617698527,1,1
0,0.7235334548802571,1,1
0,0.1628324560082996,0,0
1,0.9197634716016191,1,1
0,0.3473455787154486,0,0
0,0.585171035962637,1,0
1,0.6188492506270169,1,0
0,0.3816876337581569,0,0
0,0.14061929069458748,0,0
0,0.20927022060741443,0,0
0,0.6390302646778661,1,0
0,0.3780971988394958,0,0
1,0.8906916208166973,1,1
0,0.677547007288571,1,0
0,0.5812397020717686,1,0
0,0.5487028890952063,1,0
0,0.42107046799755893,0,0
0,0.14467926577406787,0,0
1,0.8214863268234825,1,1
0,0.21260300631407242,0,0
0,0.39299480767948214,0,0
0,0.3132013672623001,0,0
0,0.29562063467154126,0,0
1,0.9262093250240154,1,1
0,0.5548434464329304,1,0
0,0.4208957748091136,0,0
1,0.7430211109598966,1,1
0,0.5028233034471654,1,0
0,0.5086687307887849,1,0
0,0.4327970759183767,0,0
1,0.8630357372293282,1,1
1,0.9207160822854259,1,1
0,0.35275085750303986,0,0
1,0.4814199830139862,0,0
1,0.8673950088652999,1,1
1,0.9064474070873021,1,1
0,0.4035432111300483,0,0
1,0.5135048574405805,1,0
0,0.7321629110827472,1,1
0,0.7397732047533679,1,1
0,0.16486911473544752,0,0
1,0.8819000671343263,1,1
0,0.5001336007835121,1,0
1,0.7785047576326778,1,1
0,0.4351071306167177,0,0
0,0.162218113868001,0,0
0,0.6184605988214463,1,0
0,0.31654753309076095,0,0
0,0.7897665081503197,1,1
0,0.5031814908165121,1,0
1,0.8534275302575913,1,1
0,0.8180020372010055,1,1
1,0.5345812867760494,1,0
1,0.9194753172187475,1,1
1,0.8750655546354115,1,1
0,0.5407459632043734,1,0
0,0.500373231160423,1,0
0,0.5722062801619688,1,0
0,0.720006264113061,1,1
0,0.8417796887904446,1,1
1,0.36159579284715015,0,0
1,0.8973861189620703,1,1
1,0.6845073381877965,1,0
1,0.5224090789593291,1,0
0,0.15669687790425862,0,0
0,0.6039550042028794,1,0
0,0.3925512982856207,0,0
1,0.7946184713044866,1,1
0,0.2896096268663845,0,0
0,0.6410950468440308,1,0
0,0.2875886469140413,0,0
0,0.6066492721488923,1,0
1,0.9225958479570596,1,1
0,0.5187546878255135,1,0
0,0.7956045747954292,1,1
0,0.6671996925561778,1,0
0,0.587154110202992,1,0
0,0.5578921377958596,1,0
0,0.47518074449934417,0,0
1,0.810961716936629,1,1
1,0.7511671893920424,1,1
0,0.41637914250658015,0,0
0,0.7151551970988743,1,1
1,0.7921649151074762,1,1
0,0.4138726335973219,0,0
0,0.23542470161915927,0,0
1,0.5370003599846593,1,0
1,0.8944858017396644,1,1
1,0.841286829243825,1,1
0,0.3029795267266977,0,0
1,0.800542370621691,1,1
0,0.8553876744180482,1,1
1,0.8082741569815716,1,1
0,0.8360365687756508,1,1
0,0.7963036518650289,1,1
1,0.9106041766461993,1,1
1,0.879637699876362,1,1
0,0.2877102773415847,0,0
1,0.6951146146660309,1,1
0,0.7112954524118128,1,1
1,0.5132708121382389,1,0
1,0.4637463843182721,0,0
1,0.7867889598275212,1,1
1,0.5603601075122523,1,0
0,0.8113372844821568,1,1
1,0.8907549668452592,1,1
0,0.48594622127066717,0,0
0,0.5726948062810533,1,0
0,0.6992490278899287,1,1
0,0.18383350118258307,0,0
0,0.8468346509531478,1,1
0,0.2973283715852852,0,0
1,0.8514334634407662,1,1
0,0.9218305617117862,1,1
0,0.25253161137897584,0,0
1,0.8630190512209217,1,1
0,0.6374120256213464,1,0
0,0.5112433137065481,1,0
0,0.8789626221891689,1,1
1,0.6164906416023764,1,0
0,0.3700993592886449,0,0
0,0.8829497721207262,1,1
0,0.21704247071031083,0,0
1,0.743591178880098,1,1
0,0.6261091791933558,1,0
0,0.7344317155425046,1,1
0,0.26043111204101455,0,0
0,0.7628869443245779,1,1
1,0.7676152995220938,1,1
1,0.529747666378999,1,0
1,0.5715224253147587,1,0
1,0.8242117109467679,1,1
0,0.19802877824207782,0,0
1,0.8742031038854976,1,1
1,0.7354043960725055,1,1
0,0.49528082918513333,0,0
1,0.5487582753545585,1,0
0,0.7371837656413144,1,1
1,0.8107244066963833,1,1
0,0.3921140701216211,0,0
1,0.6469810312982377,1,0
1,0.9755693996430461,1,1
1,0.8146026364032719,1,1
0,0.640909912195635,1,0
0,0.46210050844239087,0,0
1,0.7234169711157677,1,1
0,0.6340686384689689,1,0
0,0.20659919802056886,0,0
0,0.7087517655825787,1,1
0,0.18985314419966215,0,0
0,0.26717957335974096,0,0
0,0.3801913146313857,0,0
1,0.7023603276397627,1,1
0,0.7754618560126291,1,1
1,0.6093634938887643,1,0
0,0.4291617234922956,0,0
0,0.6647170367926692,1,0
0,0.6881590763581886,1,0
0,0.5008129078053621,1,0
1,0.9563755229917401,1,1
1,0.9520028033931102,1,1
0,0.44693177407715695,0,0
1,0.8816838166130803,1,1
0,0.2868096208372819,0,0
0,0.6915168580888521,1,1
0,0.26977281978551604,0,0
0,0.6856810159228066,1,0
0,0.7572734128623281,1,1
0,0.8469581780194608,1,1
1,0.9336508982453342,1,1
1,0.8219869705460462,1,1
0,0.5742366052746788,1,0
1,0.7342160365327598,1,1
0,0.346001694453517,0,0
0,0.8846851185697439,1,1
0,0.7644537296137852,1,1
0,0.7472271264422027,1,1
0,0.6795041910584599,1,0
1,0.7565049965167799,1,1
0,0.9404785435545967,1,1
0,0.6594858236905248,1,0
0,0.8214190844054813,1,1
1,0.93873769983867,1,1
1,0.7970615138811835,1,1
0,0.5886637901793249,1,0
1,0.9131550329761353,1,1
0,0.6018078081016904,1,0
1,0.7493881321107887,1,1
0,0.34102374483248193,0,0
0,0.6061827575930514,1,0
1,0.8666124419314623,1,1
0,0.2670935000287094,0,0
0,0.3620440560841318,0,0
0,0.812330685295841,1,1
0,0.18924401960987713,0,0
0,0.5766568089101465,1,0
0,0.1649067567962398,0,0
0,0.6996461169925141,1,1
1,0.9031926560383777,1,1
0,0.5481197891490203,1,0
1,0.8576451338308243,1,1
0,0.7099949975496153,1,1
1,0.5601343661779038,1,0
0,0.6964646407591851,1,1
0,0.5456073566947404,1,0
0,0.21235500871701218,0,0
0,0.4369262810945129,0,0
0,0.6768027230263753,1,0
1,0.7969684578486376,1,1
0,0.6090064624941347,1,0
0,0.8363464971077417,1,1
0,0.2988654532149189,0,0
0,0.1634281272834991,0,0
0,0.48764167588479707,0,0
0,0.3054733767512437,0,0
0,0.5319581104363731,1,0
0,0.5013774257432432,1,0
1,0.9632717479707251,1,1
1,0.9391872056906853,1,1
1,0.9173347354787503,1,1
1,0.8928718614069714,1,1
0,0.09029698776216312,0,0
1,0.8658593788504008,1,1
0,0.46030482076122126,0,0
0,0.7278335004704487,1,1
0,0.5321501154245433,1,0
0,0.2480273398944751,0,0
0,0.2163679465592002,0,0
0,0.5380350949089591,1,0
1,0.8094012383225259,1,1
0,0.7802311055972664,1,1
1,0.7993125327742711,1,1
0,0.6022388530392834,1,0
0,0.7601182748891421,1,1
0,0.8209822427317771,1,1
0,0.8777784819745493,1,1
0,0.6944249010800971,1,1
0,0.5719117081956937,1,0
1,0.8119185480302652,1,1
0,0.45233396096972533,0,0
0,0.5885762384014441,1,0
1,0.7522640548197692,1,1
1,0.5205181353221499,1,0
0,0.4062747113838763,0,0
0,0.8358412473705631,1,1
0,0.15319908604188703,0,0
1,0.9705514916833398,1,1
0,0.8966676132835374,1,1
0,0.5336920514031729,1,0
1,0.7041223886714141,1,1
1,0.6999655382944306,1,1
0,0.4929211256071314,0,0
0,0.509249148368445,1,0
0,0.5617424025523351,1,0
0,0.45365339583096975,0,0
0,0.8313473213035432,1,1
0,0.22652211135984382,0,0
1,0.9007264943823935,1,1
0,0.32440962915544436,0,0
0,0.1604445921572031,0,0
0,0.8205820519421695,1,1
0,0.6248102475016979,1,0
0,0.25483841622541226,0,0
1,0.8204130051881026,1,1
0,0.2887844931475334,0,0
0,0.6620853250421141,1,0
0,0.9145126799743406,1,1
1,0.6120314526827856,1,0
1,0.2287275650957677,0,0
0,0.16391112732009508,0,0
0,0.35378633288079303,0,0
1,0.7068170106362126,1,1
1,0.5464411595680062,1,0
0,0.46466197375296114,0,0
0,0.28244191088442294,0,0
0,0.5045216180944277,1,0
1,0.42701710100204693,0,0
0,0.7897249138099138,1,1
0,0.2681122892575447,0,0
0,0.7198235267804273,1,1
0,0.4365061502504036,0,0
0,0.6040811661182491,1,0
1,0.6238608851241062,1,0
1,0.8138271289894643,1,1
0,0.4353378569171702,0,0
0,0.45198071540415347,0,0
0,0.6783639543962113,1,0
1,0.6644995587096258,1,0
0,0.5623958526751505,1,0
1,0.8058977072915287,1,1
0,0.8525916264130344,1,1
0,0.3153850459528969,0,0
0,0.8943655731652121,1,1
0,0.4602083044136521,0,0
1,0.931717442177592,1,1
0,0.817219085192679,1,1
0,0.2546776925136012,0,0
1,0.4015754174335484,0,0
1,0.8820227052885077,1,1
1,0.3474398159912767,0,0
1,0.8904462765505226,1,1
0,0.774598241997673,1,1
0,0.5066136628325407,1,0
0,0.31720076265041686,0,0
1,0.8077049972701413,1,1
0,0.4331964722544942,0,0
0,0.26663974699325604,0,0
1,0.8604597663481689,1,1
1,0.9259383820101944,1,1
0,0.3992727468706975,0,0
0,0.19818305440794337,0,0
0,0.7887733644259077,1,1
0,0.8788645789883199,1,1
1,0.436281236179137,0,0
1,0.6312055670500348,1,0
1,0.8420051405949209,1,1
0,0.29469863148547476,0,0
1,0.7128320012214461,1,1
0,0.6013888189070441,1,0
1,0.8168888239168836,1,1
1,0.9338443561871247,1,1
0,0.7393526911271142,1,1
0,0.3013290285602613,0,0
0,0.1885886881281894,0,0
0,0.4739667763393056,0,0
0,0.5783056486982087,1,0
0,0.629350637816859,1,0
1,0.9258057929471291,1,1
1,0.859254429771236,1,1
0,0.444771133314613,0,0
1,0.7843568996521718,1,1
1,0.82225123634208,1,1
1,0.9365459145599812,1,1
0,0.20247252329373183,0,0
0,0.44159090721937755,0,0
0,0.24256079764620328,0,0
0,0.6529219850636385,1,0
1,0.7886445972238533,1,1
0,0.32099229608638397,0,0
0,0.46281298375718655,0,0
0,0.651492742345625,1,0
0,0.8643761791791392,1,1
1,0.31336529928327006,0,0
0,0.3937663513960463,0,0
0,0.19380380917738727,0,0
0,0.7318348158129868,1,1
0,0.18946909363365283,0,0
1,0.8856264730330075,1,1
1,0.9553936545446553,1,1
1,0.8112376606421446,1,1
0,0.6617113327483096,1,0
0,0.28233102056296494,0,0
1,0.7969103272153032,1,1
0,0.617511913802205,1,0
1,0.791322516312039,1,1
0,0.7441983805634822,1,1
0,0.8704139421023164,1,1
1,0.6416483289711884,1,0
0,0.8136840197607182,1,1
0,0.6411506503256844,1,0
0,0.6097152263809686,1,0
1,0.8624420795698267,1,1
0,0.28426633374296384,0,0
1,0.6853598313933442,1,0
1,0.7421751635530053,1,1
1,0.8822713884563799,1,1
0,0.3200482922561038,0,0
1,0.7715623392389426,1,1
0,0.25483844050162974,0,0
0,0.8324012707680525,1,1
0,0.8193769669070158,1,1
0,0.8267192685157023,1,1
1,0.9268001757456009,1,1
0,0.9353422925894807,1,1
1,0.6039188202282224,1,0
0,0.38996623867706404,0,0
0,0.0577594636045791,0,0
0,0.5143592544589967,1,0
0,0.6024801653443022,1,0
0,0.26645869527519167,0,0
0,0.7015913463028578,1,1
1,0.5717042607551653,1,0
1,0.8730736334315184,1,1
1,0.5532269474567402,1,0
0,0.6549494950369836,1,0
1,0.9349882268167607,1,1
0,0.4852598231824952,0,0
1,0.8782037694299784,1,1
1,0.6194899529631803,1,0
0,0.5997201726478829,1,0
0,0.9552696494855702,1,1
0,0.3684098124585387,0,0
0,0.5764216868398783,1,0
1,0.804481960745787,1,1
1,0.8337891846877454,1,1
0,0.6336715107395723,1,0
0,0.6619383280892257,1,0
1,0.6177550755515993,1,0
1,0.8194220645205996,1,1
0,0.8057451622105782,1,1
1,0.8295766985727926,1,1
0,0.6111243920399712,1,0
1,0.8333011040269771,1,1
1,0.9437297972758455,1,1
0,0.3033408672538742,0,0
0,0.44440916176488016,0,0
0,0.34237650188725505,0,0
0,0.6152437146290394,1,0
0,0.36623200810235695,0,0
1,0.7834868514611278,1,1
0,0.8242865521242736,1,1
0,0.5871385576821521,1,0
0,0.596578128167316,1,0
0,0.22898121778223351,0,0
1,0.8771677481341001,1,1
0,0.2528882338460312,0,0
0,0.48220943929022836,0,0
1,0.6401337946819904,1,0
1,0.5831157345716317,1,0
1,0.8869260084286333,1,1
0,0.47134969265772897,0,0
1,0.8809156292169277,1,1
1,0.1532555943408241,0,0
1,0.723694471344583,1,1
0,0.48614156969335537,0,0
1,0.9240911109650142,1,1
1,0.5403299649081651,1,0
0,0.6199044254739704,1,0
0,0.17559276250285127,0,0
0,0.43266649197995216,0,0
0,0.610671627499524,1,0
0,0.44705522370420575,0,0
0,0.39508082363522395,0,0
1,0.8483040347499782,1,1
1,0.9428718148263614,1,1
0,0.6472787282607788,1,0
0,0.9391153310816088,1,1
0,0.30147653727532236,0,0
0,0.8932458193705259,1,1
1,0.6394086163099262,1,0
0,0.5789631518909378,1,0
1,0.9318901146284291,1,1
0,0.4180264120636368,0,0
0,0.3161522482048942,0,0
0,0.27336801283923007,0,0
1,0.6246057885340844,1,0
1,0.9461886131627127,1,1
0,0.670085817958245,1,0
1,0.941193130592195,1,1
1,0.8667309929007996,1,1
0,0.649652936759187,1,0
1,0.3608130424190834,0,0
0,0.388089596818487,0,0
0,0.4939088698780495,0,0
0,0.4667399206673736,0,0
0,0.5489808323595642,1,0
1,0.8704401212721692,1,1
0,0.8486891964428819,1,1
1,0.8513026990584703,1,1
0,0.39865714066272295,0,0
0,0.5068675730127039,1,0
0,0.23717401135254312,0,0
0,0.5321098167137798,1,0
0,0.6726813207548508,1,0
1,0.8247442171312348,1,1
1,0.8116484054687446,1,1
0,0.4474534418337296,0,0
0,0.5965440292547216,1,0
0,0.7407779505502482,1,1
0,0.4340316400334062,0,0
1,0.9045032627281122,1,1
0,0.10250635311342521,0,0
1,0.9332078544155478,1,1
0,0.6853603033891831,1,0
1,0.8634310877674508,1,1
0,0.18499323698972692,0,0
0,0.659483422907566,1,0
0,0.30435194710345864,0,0
0,0.3587013895876423,0,0
1,0.6144599572933194,1,0
0,0.28585806812271936,0,0
0,0.30429521829016715,0,0
0,0.23923143054529195,0,0
1,0.8550861212436115,1,1
0,0.45653820854408034,0,0
0,0.6901246474910763,1,1
0,0.2966164787109369,0,0
1,0.6415554577113275,1,0
1,0.8729278115416019,1,1
0,0.5797839251666924,1,0
0,0.897175837251295,1,1
0,0.4196269618908099,0,0
0,0.20376551974013685,0,0
0,0.4468824411557751,0,0
1,0.8871313732280176,1,1
0,0.7485742906528737,1,1
1,0.8657071067790713,1,1
0,0.5919979353878838,1,0
0,0.5420854683535317,1,0
0,0.17931969582516846,0,0
0,0.5610280631223392,1,0
1,0.8501858721280028,1,1
0,0.7317663673104371,1,1
0,0.9263039240027597,1,1
0,0.27197102658527994,0,0
0,0.8600951459772573,1,1
0,0.4514524677703719,0,0
0,0.16810718062928034,0,0
0,0.516707237662456,1,0
1,0.9298680868958689,1,1
0,0.3728789523737365,0,0
1,0.9227173259151034,1,1
0,0.33517163388961857,0,0
1,0.7477664052747248,1,1
0,0.5836539256667993,1,0
1,0.8587560104385705,1,1
0,0.1990518765577289,0,0
1,0.9592825945011247,1,1
1,0.9517018780744138,1,1
0,0.6623865152764418,1,0
1,0.9193001919964869,1,1
0,0.14841418560745734,0,0
0,0.7079664004520552,1,1
0,0.3802504111278971,0,0
0,0.6759374059611676,1,0
0,0.6635654850647358,1,0
0,0.6303102836302327,1,0
1,0.7388189888523692,1,1
0,0.2230941204285338,0,0
0,0.7569066369338515,1,1
0,0.9124562642235056,1,1
0,0.6189908704934155,1,0
0,0.7733500024785309,1,1
1,0.8730246893745369,1,1
0,0.4871087929597365,0,0
1,0.8531107704934594,1,1
0,0.15350896876224296,0,0
0,0.3749341463402601,0,0
0,0.3979167409698439,0,0
1,0.7388460503638167,1,1
0,0.18294482425131273,0,0
0,0.7293724625619036,1,1
1,0.8894727084234102,1,1
0,0.17629890099987253,0,0
1,0.640486672859679,1,0
0,0.5711539358275687,1,0
1,0.8181864656614206,1,1
1,0.9338527298393418,1,1
1,0.5125322822896061,1,0
1,0.5753407995703131,1,0
0,0.6297853500303061,1,0
0,0.5305297106732043,1,0
0,0.13160014717274818,0,0
0,0.6533894623556566,1,0
1,0.7975100858553617,1,1
0,0.5985037585793554,1,0
0,0.3275894590062838,0,0
0,0.3452039668429364,0,0
0,0.2590177408935021,0,0
1,0.7581286969892683,1,1
1,0.950188964909262,1,1
0,0.5438929923139828,1,0
1,0.9159627809875461,1,1
0,0.498320064691263,0,0
1,0.9059672821837407,1,1
0,0.7142428574525882,1,1
0,0.7243095680947412,1,1
1,0.9480110940676153,1,1
0,0.7373881268867909,1,1
0,0.6904860996301481,1,1
0,0.272265028354292,0,0
1,0.8702499558079951,1,1
1,0.6556054614899866,1,0
0,0.5063989394968783,1,0
0,0.9190054893826016,1,1
0,0.22701551878801826,0,0
1,0.9104770550817939,1,1
1,0.9006952224706576,1,1
0,0.7071000635167309,1,1
0,0.3329812203129895,0,0
0,0.5887528702853518,1,0
0,0.5096264001739919,1,0
1,0.9273703320998888,1,1
0,0.5993975863597858,1,0
1,0.6030950851364141,1,0
0,0.4418366043078228,0,0
0,0.6908222183704545,1,1
0,0.6977915837896085,1,1
0,0.8268072872648037,1,1
0,0.4755527554392553,0,0
0,0.24595577599543245,0,0
0,0.7440965363673462,1,1
0,0.8145108631594994,1,1
1,0.837714677507129,1,1
1,0.641757876610673,1,0
1,0.31941713398970023,0,0
1,0.9627326528419187,1,1
0,0.7823294475227311,1,1
0,0.6407337579938902,1,0
0,0.8122329002628148,1,1
1,0.877620305281602,1,1
1,0.7936858526274462,1,1
0,0.9412380302437678,1,1
0,0.826481592942624,1,1
0,0.8117481679208967,1,1
0,0.26452124395087495,0,0
0,0.6972363624140446,1,1
0,0.6658720751474718,1,0
0,0.18971626162320124,0,0
0,0.5769199802625223,1,0
1,0.8640082487748868,1,1
0,0.2381739960676477,0,0
0,0.4082853007696514,0,0
1,0.8569450656162323,1,1
1,0.5422895454272759,1,0
0,0.8962869909562411,1,1
0,0.5215801183361083,1,0
1,0.8484648556893559,1,1
1,0.8924507821780144,1,1
1,0.8028339801963145,1,1
0,0.7337695210937433,1,1
1,0.7816270046976725,1,1
1,0.30539881626310866,0,0
1,0.6271621377229956,1,0
1,0.9039142254626616,1,1
1,0.5763805029341239,1,0
0,0.9438562072452253,1,1
1,0.9389852473633918,1,1
0,0.2698530343168581,0,0
0,0.29455875745172994,0,0
1,0.8851684010137228,1,1
1,0.700517596084772,1,1
0,0.8144242331852938,1,1
0,0.5961010316736105,1,0
1,0.6451566232617257,1,0
0,0.4253483559174851,0,0
0,0.475756880805304,0,0
1,0.8810003014387556,1,1
0,0.4714251109884287,0,0
0,0.9539607123534776,1,1
0,0.8418882132823192,1,1
0,0.933054129059775,1,1
1,0.8846579097189178,1,1
1,0.9470677755705842,1,1
1,0.9320170759149989,1,1
0,0.7868556231024307,1,1
0,0.27288273332116586,0,0
1,0.7519078487099338,1,1
0,0.7109649539041959,1,1
0,0.6243367372207457,1,0
0,0.518233672009111,1,0
1,0.9042295205142796,1,1
0,0.7218959251045821,1,1
1,0.19568866022150022,0,0
1,0.85883225499601,1,1
0,0.8228728907833773,1,1
0,0.3312519455812915,0,0
0,0.37514683824337364,0,0
0,0.5067927035491183,1,0
0,0.5956776912550513,1,0
1,0.5250266874684654,1,0
0,0.9144085689884556,1,1
0,0.10291893652241194,0,0
0,0.18835503074965404,0,0
1,0.8244083783841808,1,1
0,0.5814875168802379,1,0
0,0.7264035603152827,1,1
0,0.15146741075286838,0,0
0,0.8229541356830576,1,1
0,0.7465553865490225,1,1
0,0.7920270521380798,1,1
0,0.778934117641282,1,1
0,0.42981145445118624,0,0
1,0.9296443730136704,1,1
0,0.4915271136336976,0,0
0,0.46012503388792914,0,0
0,0.43158229888461497,0,0
0,0.5766551089421954,1,0
1,0.733950033246733,1,1
0,0.5328788070642891,1,0
0,0.6543487488447008,1,0
0,0.7316781236693555,1,1
1,0.91635251017189,1,1
0,0.6313651213984767,1,0
0,0.8950503378975075,1,1
1,0.7324746251217099,1,1
0,0.6996599047470117,1,1
0,0.5212831661969138,1,0
0,0.7421049330046754,1,1
0,0.2856110227743265,0,0
0,0.26887850045873163,0,0
0,0.5807295600075915,1,0
1,0.7671808224557294,1,1
1,0.9341917574450305,1,1
1,0.8483221424713429,1,1
0,0.8346017867364975,1,1
0,0.9200042305703577,1,1
0,0.8157413950064061,1,1
1,0.955267872069711,1,1
1,0.9146982026774708,1,1
1,0.9635006493323671,1,1
1,0.8883422173072079,1,1
1,0.4269878500824919,0,0
1,0.8928099323851567,1,1
1,0.6813801023266199,1,0
0,0.7061728384671829,1,1
1,0.8337527509132394,1,1
1,0.6780808168634452,1,0
1,0.5641810136737644,1,0
1,0.9111360018269637,1,1
0,0.24379985235220122,0,0
0,0.6305780110289314,1,0
0,0.8416878235351251,1,1
0,0.7822948746686951,1,1
0,0.6460004177431875,1,0
1,0.9056808235355934,1,1
0,0.7013726738904147,1,1
1,0.786780720588686,1,1
0,0.5949911988535239,1,0
1,0.8122808630504906,1,1
0,0.4614740150921633,0,0
0,0.7144843387915139,1,1
0,0.5762588059983975,1,0
1,0.773063508550479,1,1
0,0.9300820064120747,1,1
1,0.8207786233509237,1,1
1,0.9293560865414768,1,1
0,0.32527305119241334,0,0
0,0.6599051625504366,1,0
1,0.8325061006022247,1,1
1,0.8928034212721869,1,1
1,0.8963462933596887,1,1
0,0.3158449481197513,0,0
0,0.7463310653030614,1,1
0,0.5951448190295285,1,0
1,0.5838859936882621,1,0
0,0.46793469482624245,0,0
1,0.9317543586767897,1,1
0,0.6090659539623974,1,0
0,0.3118170163395023,0,0
0,0.37087482348628026,0,0
0,0.8528473686202158,1,1
0,0.42120272272731263,0,0
0,0.867891116312307,1,1
0,0.551835770658097,1,0
0,0.9165169030161474,1,1
1,0.5846948132956431,1,0
0,0.4484336824410858,0,0
0,0.5869047851400243,1,0
0,0.666489132411812,1,0
0,0.4869477932919548,0,0
1,0.8928454693565538,1,1
1,0.9217918863056802,1,1
0,0.5233824176418354,1,0
1,0.8862011840603667,1,1
0,0.5958376179694408,1,0
0,0.1368370427101209,0,0
1,0.3281324139365114,0,0
1,0.9363963535180304,1,1
0,0.33352171160951005,0,0
0,0.5462452425842477,1,0
0,0.8858178365150717,1,1
1,0.4372790903416033,0,0
1,0.811630332002391,1,1
0,0.2023105140934123,0,0
0,0.20807814107748,0,0
0,0.2743044670660993,0,0
1,0.5929988973345398,1,0
1,0.9200689417429461,1,1
1,0.5384161682706108,1,0
1,0.8820173667361473,1,1
0,0.519619417934546,1,0
0,0.5093964940132116,1,0
1,0.9287762601865187,1,1
1,0.9158815660859877,1,1
0,0.7046122930232877,1,1
0,0.46709257115862385,0,0
0,0.2869582312872026,0,0
0,0.6651832257916352,1,0
0,0.48747621977226546,0,0
1,0.9290592595189812,1,1
0,0.43010388618108475,0,0
0,0.4244040258493443,0,0
0,0.700405336843625,1,1
0,0.7449211817595669,1,1
1,0.8509589694574422,1,1
0,0.14926521852243457,0,0
0,0.25405768415615576,0,0
0,0.6307115130205393,1,0
0,0.43390024893362483,0,0
1,0.7240018052023254,1,1
1,0.8961099705639738,1,1
1,0.8200383506044119,1,1
0,0.5205135243851545,1,0
0,0.8768587281073104,1,1
0,0.6413120573303185,1,0
0,0.8957922869591349,1,1
0,0.46111586443599195,0,0
1,0.884691188111785,1,1
0,0.28629272858438637,0,0
1,0.8153617564594828,1,1
0,0.9175399121147672,1,1
0,0.19896471564028567,0,0
0,0.11937182146502363,0,0
0,0.31495097612990747,0,0
1,0.9437609527362902,1,1
1,0.8693128594887934,1,1
0,0.2632327316090982,0,0
1,0.9044891924389717,1,1
0,0.5997117989493458,1,0
0,0.37626132768875725,0,0
0,0.5388044685678998,1,0
0,0.5782590775605704,1,0
0,0.2893256395680962,0,0
0,0.5912600143966765,1,0
0,0.5061430720139967,1,0
0,0.7440311440979568,1,1
0,0.4772599191186891,0,0
0,0.20340467014306743,0,0
0,0.47332587929349607,0,0
1,0.784911216870321,1,1
0,0.2818008352034314,0,0
0,0.80847395930112,1,1
1,0.2681652730225204,0,0
0,0.7681525974846545,1,1
1,0.2774738007803563,0,0
1,0.7354999855077975,1,1
0,0.42632033262239427,0,0
0,0.5564395806011218,1,0
1,0.8293284777663932,1,1
1,0.849569819773061,1,1
0,0.4315099127828692,0,0
0,0.5018267666520508,1,0
0,0.40706527402258486,0,0
0,0.13295919149587146,0,0
1,0.8579698785459929,1,1
0,0.6291484557342447,1,0
0,0.22788998710384023,0,0
0,0.6499074289898032,1,0
0,0.2146254320657922,0,0
0,0.2668975339538031,0,0
0,0.16020078413580105,0,0
0,0.5851162827457618,1,0
0,0.8499675353922437,1,1
0,0.19956020861938184,0,0
1,0.38241170117962947,0,0
0,0.6534208442127251,1,0
1,0.6180098607350989,1,0
0,0.47613364006990383,0,0
1,0.908870479913947,1,1
0,0.34370631987453304,0,0
1,0.813981030969464,1,1
0,0.6724502929638128,1,0
1,0.5683709173177032,1,0
1,0.44774258691671187,0,0
0,0.5660378627049351,1,0
1,0.8247045253295838,1,1
1,0.8705882856033388,1,1
1,0.8183584548045197,1,1
0,0.6553485030928626,1,0
0,0.7752913090029957,1,1
1,0.8881895261148153,1,1
0,0.7645277140015633,1,1
0,0.6880879419102407,1,0
0,0.6294737533393215,1,0
0,0.4970824956213866,0,0
0,0.6205688827512017,1,0
0,0.5717825657415916,1,0
1,0.9097317180584084,1,1
1,0.6135667369266623,1,0
0,0.5164361101485879,1,0
0,0.8277973955313297,1,1
1,0.7313575265735283,1,1
0,0.6504535940066377,1,0
0,0.23052569305212123,0,0
0,0.621065582706513,1,0
0,0.4454167201451213,0,0
0,0.8392126094555387,1,1
0,0.21952533495869128,0,0
0,0.3206095268200859,0,0
1,0.8879282719817086,1,1
0,0.7811414351250139,1,1
1,0.7058508633527619,1,1
0,0.32785254794581975,0,0
1,0.8064707938759226,1,1
1,0.6365201117643223,1,0
1,0.8602193462110341,1,1
1,0.932003387454712,1,1
0,0.6494431129937267,1,0
1,0.8409432509127464,1,1
0,0.1938150006401817,0,0
1,0.7620609140372379,1,1
0,0.725753075849041,1,1
1,0.8771353756667499,1,1
0,0.5676065376066729,1,0
1,0.7459510105150281,1,1
0,0.8073773621015216,1,1
1,0.8356516826980243,1,1
1,0.8635447654869801,1,1
1,0.5598464645318314,1,0
0,0.7753914883732479,1,1
0,0.6020304473825738,1,0
0,0.43419002632436365,0,0
0,0.7185508532682866,1,1
0,0.555427506681133,1,0
1,0.9529506940353315,1,1
0,0.6300476542615463,1,0
1,0.7224343408928738,1,1
0,0.7126441173277963,1,1
0,0.18568508170193293,0,0
0,0.7767464221532763,1,1
0,0.8555854934946194,1,1
1,0.8694589575907831,1,1
0,0.27814621030659437,0,0
0,0.22267185002817655,0,0
0,0.13777130635617796,0,0
0,0.5243434060099773,1,0
1,0.8530648088781501,1,1
0,0.34626008713546236,0,0
0,0.8400168071063379,1,1
0,0.23736537413865988,0,0
1,0.8903738734178135,1,1
0,0.912733056407843,1,1
0,0.8562358639507286,1,1
0,0.5004585743870298,1,0
0,0.8991669714611219,1,1
0,0.6001603161928939,1,0
1,0.538679326316232,1,0
1,0.6363244084737836,1,0
1,0.8186938872649606,1,1
1,0.9313233622280863,1,1
0,0.48378441294785873,0,0
0,0.9140860692627313,1,1
1,0.7613066772899457,1,1
0,0.2801348096224358,0,0
0,0.4517831141262939,0,0
0,0.1493273251735111,0,0
1,0.7814634792318206,1,1
0,0.2371204893554332,0,0
0,0.4059717256458566,0,0
0,0.6790803820001996,1,0
0,0.2471911163031961,0,0
0,0.673001864790957,1,0
1,0.9128477290183283,1,1
0,0.6975849766623764,1,1
0,0.7096135992872097,1,1
1,0.829252675429463,1,1
1,0.891848779345884,1,1
0,0.8867376943658685,1,1
0,0.3546857066155672,0,0
0,0.869063603174266,1,1
0,0.8431532121206771,1,1
0,0.4178459870536567,0,0
0,0.5198938235610352,1,0
1,0.8093472831658293,1,1
0,0.5972014075590842,1,0
1,0.9241061706034724,1,1
0,0.4701098121084246,0,0
0,0.24701498482927145,0,0
0,0.5512245406885435,1,0
1,0.9282924849745515,1,1
1,0.8749292406476333,1,1
0,0.25164085168291633,0,0
1,0.8531960491103635,1,1
1,0.7330249878368277,1,1
0,0.31292524624130374,0,0
1,0.5863547650567679,1,0
0,0.18671784448228887,0,0
0,0.839969025114856,1,1
0,0.7355636363999952,1,1
0,0.4691198009399011,0,0
0,0.6809778789905595,1,0
0,0.11456538223425035,0,0
0,0.8638087723109694,1,1
1,0.7298946604176293,1,1
1,0.4364588144656859,0,0
1,0.6957597694832504,1,1
0,0.6852487861536987,1,0
0,0.6404288087997582,1,0
0,0.26591141736364526,0,0
0,0.9470918854051267,1,1
0,0.25004596045177185,0,0
0,0.18987971523522465,0,0
0,0.45403513312139226,0,0
1,0.3066386514365796,0,0
0,0.5068670141368742,1,0
0,0.4325880526498037,0,0
0,0.4104396421359624,0,0
1,0.6369525965329392,1,0
0,0.2004294559528007,0,0
0,0.2941298630313654,0,0
1,0.9797805718448035,1,1
0,0.16625971032098882,0,0
0,0.42230924360282446,0,0
0,0.5255660569173779,1,0
0,0.49551680608651816,0,0
1,0.5145493674795915,1,0
1,0.8306484896435149,1,1
0,0.7262869298462691,1,1
0,0.21788429400923048,0,0
0,0.45217844691068915,0,0
0,0.18388747915812384,0,0
1,0.9460194673325234,1,1
0,0.234353142204661,0,0
0,0.22640603652880198,0,0
1,0.2764026471837416,0,0
0,0.7852978506983355,1,1
0,0.5155496621640824,1,0
0,0.8456019149573771,1,1
1,0.9006869637072047,1,1
1,0.5802327212529612,1,0
0,0.6940852621881561,1,1
0,0.2367876680238738,0,0
0,0.2746125817360486,0,0
1,0.870566945866689,1,1
0,0.7620119041242073,1,1
0,0.6994655758868679,1,1
0,0.5538671451243445,1,0
1,0.6999115153950716,1,1
0,0.5721066467756806,1,0
0,0.7168426316282664,1,1
1,0.6769869058648803,1,0
0,0.8449472001543397,1,1
1,0.6877068493188986,1,0
0,0.5473616385064041,1,0
1,0.8320926653615016,1,1
0,0.2474555698729418,0,0
0,0.515361409128642,1,0
0,0.3976353569879589,0,0
0,0.41448805261753346,0,0
0,0.7588646329865996,1,1
0,0.5996376769306689,1,0
1,0.9053525599138782,1,1
1,0.8316704893933524,1,1
1,0.9032872974866308,1,1
1,0.8025428620897261,1,1
0,0.2276674351051854,0,0
0,0.2095634754013527,0,0
1,0.9179561750303991,1,1
1,0.86668048135985,1,1
1,0.8369145441195504,1,1
0,0.4803747833805763,0,0
1,0.8713958138827306,1,1
1,0.9350121075650112,1,1
0,0.12918306629459914,0,0
1,0.9651199697867258,1,1
0,0.5361116589220056,1,0
1,0.7697120296230273,1,1
1,0.8245267405760988,1,1
1,0.8029798177051106,1,1
0,0.5512338800706161,1,0
1,0.7528644824212058,1,1
0,0.8340969830087678,1,1
1,0.4596416959135757,0,0
0,0.40982566457871705,0,0
0,0.6836382052710119,1,0
1,0.8780683215623546,1,1
0,0.24076266960806053,0,0
1,0.8330695885417626,1,1
0,0.1811803754517459,0,0
1,0.6583798761325962,1,0
0,0.5606476654323646,1,0
0,0.6400417173363955,1,0
1,0.9606280116383583,1,1
1,0.7722766612011054,1,1
0,0.15275348490379903,0,0
0,0.5269937229027644,1,0
1,0.9303622943641976,1,1
1,0.8928255538762602,1,1
0,0.39139585876770044,0,0
0,0.2825937630523273,0,0
1,0.44470918737330734,0,0
0,0.9208171686008524,1,1
1,0.8045948452607488,1,1
0,0.4992218411100124,0,0
0,0.6100798324046504,1,0
0,0.5399260642237242,1,0
0,0.4833643752360417,0,0
0,0.40581544326417057,0,0
1,0.8834202619987305,1,1
1,0.6946026365790342,1,1
0,0.40023814277931563,0,0
1,0.8304220017505267,1,1
1,0.13240169086739276,0,0
0,0.560932997226498,1,0
0,0.7222845117016405,1,1
0,0.4658249019464298,0,0
1,0.9525546732658619,1,1
0,0.5767210197769869,1,0
0,0.8438313598624902,1,1
0,0.38774472352733874,0,0
0,0.938447585242332,1,1
1,0.9176501861375248,1,1
1,0.7579301882799798,1,1
0,0.8410242687647225,1,1
0,0.20056294168175187,0,0
1,0.9562302269756103,1,1
1,0.7954337141991812,1,1
1,0.7518420313005972,1,1
0,0.6301917774899328,1,0
1,0.30125035654458604,0,0
0,0.5184810761917338,1,0
1,0.7122819588441522,1,1
1,0.8332541075097526,1,1
0,0.5725159689178141,1,0
1,0.768878596081872,1,1
1,0.8363829138392472,1,1
1,0.9169163100155631,1,1
0,0.5039975672779863,1,0
0,0.2428455227236981,0,0
1,0.817640112742747,1,1
0,0.5383586444326858,1,0
1,0.9310698939057398,1,1
0,0.5469158936921418,1,0
1,0.7819577319454502,1,1
0,0.6781892984171579,1,0
0,0.7547144139026628,1,1
1,0.9098834078574871,1,1
0,0.4025542875075219,0,0
0,0.44574741925696365,0,0
0,0.5182691664075968,1,0
1,0.9033787170280274,1,1
0,0.21230918504023405,0,0
1,0.6501791769831395,1,0
1,0.6142280805938068,1,0
0,0.37280124687048966,0,0
1,0.8194015468048419,1,1
0,0.6321689542454425,1,0
1,0.9086061815793012,1,1
0,0.7086181551258474,1,1
1,0.7855435511427967,1,1
1,0.8727218027072131,1,1
0,0.4776460492524882,0,0
1,0.9187465795262035,1,1
0,0.47197914582373607,0,0
0,0.8887261701640887,1,1
0,0.40999847347385304,0,0
1,0.20052414169253843,0,0
0,0.437242802415418,0,0
0,0.07373818527353963,0,0
0,0.8586315524071003,1,1
0,0.7979164607235374,1,1
0,0.9109729132944588,1,1
0,0.7376904036799656,1,1
0,0.7805490163258535,1,1
0,0.760230184391213,1,1
0,0.5561489116817312,1,0
0,0.38898476430901197,0,0
0,0.7992648655555783,1,1
0,0.2981919986440561,0,0
0,0.9442400014270729,1,1
0,0.31661151933117304,0,0
1,0.546483651280838,1,0
0,0.8201242936575593,1,1
0,0.408775049862218,0,0
0,0.6589772189261605,1,0
0,0.6183679923227062,1,0
1,0.7152457267233967,1,1
0,0.9010818425031488,1,1
0,0.5832221876372852,1,0
1,0.43456204800270676,0,0
0,0.6441900740312677,1,0
0,0.3194306694510998,0,0
0,0.8325608357610905,1,1
1,0.9063363945883828,1,1
0,0.8890360310235629,1,1
0,0.4811421086415277,0,0
0,0.365840947378729,0,0
0,0.7825928426228929,1,1
0,0.9089326806920113,1,1
0,0.2651402228533024,0,0
1,0.8818077523500361,1,1
0,0.33112448896841307,0,0
0,0.6992348335160838,1,1
0,0.503004105242382,1,0
1,0.8630878032787379,1,1
1,0.8277874242623867,1,1
0,0.771809699879752,1,1
1,0.6745682309320163,1,0
1,0.6755602750270683,1,0
0,0.47506858602983315,0,0
0,0.6124470181151248,1,0
1,0.6602889537952317,1,0
1,0.906889019248818,1,1
0,0.605524329059016,1,0
0,0.47574316206533446,0,0
1,0.9431998223045982,1,1
0,0.2789752644616651,0,0
0,0.37279513980429885,0,0
0,0.23285888994189868,0,0
1,0.9497240815517792,1,1
0,0.4940605245454956,0,0
0,0.524210496072546,1,0
0,0.659219709826114,1,0
0,0.8804535633348443,1,1
0,0.43368055923489984,0,0
1,0.5252440582437568,1,0
1,0.952636155486355,1,1
1,0.9131889869815808,1,1
1,0.8927252812810448,1,1
0,0.30317014864693964,0,0
0,0.1685472083792091,0,0
1,0.2781575166564458,0,0
0,0.4953409932003435,0,0
1,0.763370361691173,1,1
0,0.7158512962504229,1,1
0,0.7894958023344908,1,1
0,0.0947120338063857,0,0
0,0.618020626937726,1,0
1,0.7896928361116146,1,1
1,0.6287273339794314,1,0
0,0.31931182239303896,0,0
0,0.5436782599409723,1,0
0,0.711210445673922,1,1
1,0.8074259111572695,1,1
0,0.43933226168435907,0,0
0,0.6026050818192071,1,0
0,0.7958438645907896,1,1
1,0.8805413117320773,1,1
0,0.733870241542687,1,1
0,0.3200508804857786,0,0
0,0.8223352179851012,1,1
0,0.26495424113747107,0,0
0,0.8198115216858618,1,1
0,0.407935426753648,0,0
0,0.40498072793959333,0,0
1,0.7179450753597414,1,1
0,0.29841855188728955,0,0
0,0.14989897217790063,0,0
0,0.6283517041426376,1,0
1,0.8268835413988627,1,1
1,0.7168426817530841,1,1
1,0.710437426942559,1,1
0,0.5806841837732268,1,0
0,0.8967899836855686,1,1
0,0.47517224441788414,0,0
0,0.8568880033829372,1,1
0,0.6253459641495897,1,0
0,0.22540945244215718,0,0
0,0.23869889755985185,0,0
0,0.2538599691095224,0,0
0,0.8274264733149659,1,1
1,0.806497906863502,1,1
0,0.8100027393598086,1,1
1,0.9109643138824681,1,1
0,0.5055583892208707,1,0
1,0.7903463762371787,1,1
0,0.8641335690392027,1,1
0,0.6691296139727665,1,0
0,0.688858001062945,1,0
1,0.540993469758071,1,0
0,0.8757651848671487,1,1
0,0.3940838209236498,0,0
1,0.7110488789204669,1,1
1,0.8382873583274193,1,1
0,0.6238595279784652,1,0
1,0.9136902768245195,1,1
1,0.6299766945984804,1,0
0,0.6030040147221362,1,0
0,0.6754507173946998,1,0
1,0.7669410874740248,1,1
1,0.7851985003134693,1,1
0,0.21567256476987592,0,0
1,0.6921257302941121,1,1
1,0.9376651218759313,1,1
1,0.7033234712306263,1,1
1,0.6445420295240744,1,0
0,0.17317216293275875,0,0
1,0.39566142699348256,0,0
1,0.754975820310633,1,1
0,0.26815371090078344,0,0
0,0.7243174122303867,1,1
0,0.2505863384691053,0,0
0,0.15698135515049333,0,0
0,0.5332183910168268,1,0
0,0.3974623353701774,0,0
0,0.7143548654103286,1,1
0,0.15563167682434487,0,0
0,0.6640423394147024,1,0
1,0.9160723498413839,1,1
0,0.7463060559526615,1,1
1,0.8286024481154544,1,1
0,0.7844700575627289,1,1
1,0.6494847608914517,1,0
0,0.8005727468687821,1,1
0,0.8531861877130575,1,1
0,0.4079050468125608,0,0
0,0.5453307929336154,1,0
0,0.2213808795446185,0,0
1,0.6293587805760646,1,0
0,0.751720835502972,1,1
1,0.668838776939384,1,0
0,0.4039654146935983,0,0
0,0.6697588818296888,1,0
0,0.5340185756375097,1,0
0,0.49049783884062215,0,0
1,0.25744098064010973,0,0
1,0.9118212966484776,1,1
0,0.5445284907014574,1,0
0,0.3869754971453911,0,0
0,0.2271636328459494,0,0
0,0.22639624284119278,0,0
1,0.7992379462569449,1,1
0,0.2075200525788881,0,0
0,0.17322145716592427,0,0
0,0.10707321782371394,0,0
1,0.8767581843618939,1,1
0,0.5460607499201224,1,0
1,0.9433822742223843,1,1
0,0.889967812763581,1,1
0,0.2401060844197411,0,0
1,0.9174125784571964,1,1
0,0.4367013743467486,0,0
0,0.22801296992211614,0,0
1,0.8124604586850482,1,1
0,0.48545893755060504,0,0
0,0.10196244948592428,0,0
0,0.5136409409031204,1,0
1,0.5679035358338851,1,0
0,0.4523138170331827,0,0
0,0.1510587298459033,0,0
1,0.9196672464160546,1,1
1,0.7682685376812363,1,1
0,0.5998630560836588,1,0
0,0.47355860280827167,0,0
1,0.6442467789029419,1,0
0,0.25247698909145505,0,0
0,0.5106628528240406,1,0
1,0.9238874575233134,1,1
1,0.83238205288508,1,1
0,0.46313853846436853,0,0
0,0.34372385680950035,0,0
1,0.41396258244164363,0,0
0,0.6907059088244364,1,1
0,0.48022514425183294,0,0
1,0.9383039983331611,1,1
0,0.17088730258545354,0,0
1,0.8116231096469663,1,1
0,0.8371281744882234,1,1
1,0.7933660074506412,1,1
1,0.7204772133477091,1,1
0,0.8487491721795618,1,1
0,0.49645212448038445,0,0
0,0.6801629644417031,1,0
1,0.9506912747842544,1,1
1,0.5955002974291579,1,0
0,0.2531944206936964,0,0
0,0.09940922746423612,0,0
0,0.16291195138491288,0,0
1,0.8785031824620367,1,1
0,0.43794660646238137,0,0
0,0.8028875966444267,1,1
0,0.26690703697990115,0,0
0,0.10603827156397493,0,0
1,0.9206629823969439,1,1
1,0.8996823156578566,1,1
0,0.8916097774473312,1,1
1,0.48703336140654196,0,0
1,0.8382032423561473,1,1
0,0.42537358728212715,0,0
0,0.6255103340014477,1,0
1,0.9305587380785042,1,1
0,0.20428322584300404,0,0
1,0.8392874610817893,1,1
0,0.2118545292784368,0,0
1,0.7353148136854917,1,1
0,0.6177507574697891,1,0
0,0.5411896985158069,1,0
1,0.7801223643352072,1,1
0,0.9302646660666019,1,1
1,0.9169493222408369,1,1
1,0.75160169344048,1,1
0,0.44336827488990943,0,0
0,0.7778481160337699,1,1
0,0.5416421095889357,1,0
0,0.6079896112100914,1,0
0,0.8426552250969885,1,1
0,0.822397358642364,1,1
0,0.8225889860076486,1,1
0,0.2972798698226544,0,0
0,0.8127350396574112,1,1
0,0.3970843462688392,0,0
0,0.16188109429984546,0,0
0,0.37121109547134556,0,0
0,0.36947625421772434,0,0
0,0.5711626363097128,1,0
0,0.649449371945668,1,0
0,0.1491929320688216,0,0
0,0.22240467269371844,0,0
0,0.5356162629870077,1,0
0,0.2726011935288286,0,0
0,0.6244465965490018,1,0
0,0.5344219167049699,1,0
0,0.8188292388661661,1,1
0,0.18772344238219768,0,0
0,0.4725180474873027,0,0
1,0.9597068838151013,1,1
0,0.47803057514327507,0,0
0,0.24570456411268235,0,0
1,0.7389112869337507,1,1
0,0.5499313519082273,1,0
1,0.7831986652901624,1,1
0,0.4270919098766037,0,0
0,0.20133596573763568,0,0
1,0.4131629109608096,0,0
0,0.2232786365445868,0,0
0,0.3171327737957168,0,0
0,0.4631114702618856,0,0
0,0.8411691189538061,1,1
0,0.7477428728118719,1,1
1,0.3790480931923344,0,0
1,0.9107377557550334,1,1
1,0.9448838010092613,1,1
1,0.9736383871381951,1,1
0,0.2142508499298315,0,0
1,0.9330935540652212,1,1
1,0.6001804054672985,1,0
1,0.8479381294456545,1,1
1,0.8259214793626724,1,1
0,0.45669894285258766,0,0
1,0.22266878877358964,0,0
0,0.6152106930303723,1,0
0,0.7919550126591705,1,1
1,0.6996158163226011,1,1
0,0.883839182323384,1,1
1,0.6581867459253813,1,0
1,0.6830619788682004,1,0
1,0.6803484955657914,1,0
0,0.5512824435717326,1,0
1,0.5416974740933015,1,0
0,0.6938056119850888,1,1
1,0.8517824207856612,1,1
0,0.8947704617279,1,1
0,0.49045445247212205,0,0
1,0.9207940134627437,1,1
0,0.31776630016295765,0,0
0,0.5766450584587244,1,0
0,0.6284916098642389,1,0
0,0.7454736997155228,1,1
0,0.4310779001249951,0,0
0,0.8002734462369724,1,1
0,0.6282341206670891,1,0
1,0.8496181952300076,1,1
0,0.14410867454549978,0,0
1,0.8161547245653359,1,1
1,0.9621457464969622,1,1
1,0.7571450788748927,1,1
0,0.37252903431988155,0,0
0,0.4345930511902505,0,0
1,0.3748841931255489,0,0
0,0.8795864042463364,1,1
0,0.9384952680907844,1,1
0,0.21906785604217796,0,0
0,0.4583949700454612,0,0
1,0.9349129485177037,1,1
1,0.8787678258988562,1,1
1,0.8833541301795138,1,1
0,0.22852288618024957,0,0
0,0.5224496346847252,1,0
1,0.910127086313558,1,1
0,0.8406679237588179,1,1
0,0.6170963306395021,1,0
0,0.8573829032110659,1,1
1,0.8445910230100638,1,1
0,0.40578641512476393,0,0
1,0.10504440971142366,0,0
0,0.44921710461282377,0,0
0,0.41293452750271975,0,0
1,0.753887329092124,1,1
0,0.32209255297193207,0,0
1,0.9302415848081339,1,1
0,0.6791468598247402,1,0
1,0.539494733364241,1,0
0,0.5214499426124038,1,0
1,0.869974823773866,1,1
1,0.5906519896012131,1,0
1,0.9143965941584719,1,1
0,0.7567453982097102,1,1
0,0.5965642862855504,1,0
0,0.4015650947289301,0,0
1,0.8548037680135425,1,1
0,0.2100561524067735,0,0
0,0.38020036377381433,0,0
0,0.6390313661261239,1,0
0,0.7471005484353354,1,1
1,0.8014606310155982,1,1
1,0.657320355933371,1,0
0,0.3287272371573994,0,0
1,0.7371623687082327,1,1
0,0.65458299512614,1,0
0,0.6809251528636792,1,0
0,0.6634005905544414,1,0
0,0.498165805280841,0,0
1,0.9092146979571218,1,1
0,0.6517131962296374,1,0
1,0.8970325711633318,1,1
0,0.14291152142103603,0,0
0,0.6068902377954817,1,0
0,0.2655494018985807,0,0
1,0.9103973124463434,1,1
0,0.6337331436797737,1,0
0,0.6802983531814909,1,0
1,0.6795197127203609,1,0
0,0.5662043609960364,1,0
0,0.3400019842218685,0,0
0,0.29800535192589434,0,0
1,0.8193906443057537,1,1
1,0.9335344898237513,1,1
0,0.3578401252910682,0,0
0,0.22527574640589407,0,0
0,0.21042776726630757,0,0
0,0.28439167585721153,0,0
0,0.2178173413471717,0,0
1,0.5605090800400602,1,0
1,0.535114176173034,1,0
1,0.7638678568585576,1,1
1,0.6928091341284992,1,1
0,0.5908921177822459,1,0
1,0.4208600045031543,0,0
1,0.5760242555442018,1,0
1,0.941895096670414,1,1
1,0.48983368952581147,0,0
0,0.34271781571088994,0,0
0,0.21874196547348063,0,0
0,0.8080618898670807,1,1
0,0.626723429053572,1,0
0,0.7313893869357564,1,1
0,0.9304837003794814,1,1
0,0.5046800695669704,1,0
0,0.15537228846440232,0,0
1,0.8850715260838445,1,1
0,0.8356090694563854,1,1
0,0.5845353714184073,1,0
1,0.623093687426065,1,0
0,0.37780695022356026,0,0
0,0.27947351512851565,0,0
1,0.6952055761358275,1,1
1,0.9452523352267914,1,1
0,0.8633495122247112,1,1
0,0.24647902647342573,0,0
0,0.500810294785382,1,0
0,0.6564591433275961,1,0
0,0.5845468456492742,1,0
1,0.5724625482620426,1,0
1,0.7149775806813612,1,1
0,0.34615112799470427,0,0
1,0.900110415761393,1,1
0,0.33445317538595926,0,0
1,0.8582824302340126,1,1
0,0.21429331416599376,0,0
0,0.2953443549819171,0,0
1,0.8134884142989698,1,1
0,0.2979336529809997,0,0
1,0.8785548743012566,1,1
1,0.9175392529496778,1,1
0,0.6651406757850493,1,0
1,0.6520719579899722,1,0
1,0.8501492515411717,1,1
0,0.6293327211447551,1,0
0,0.4425515865653424,0,0
0,0.21234448566842612,0,0
1,0.8907114821724293,1,1
0,0.5711713282647728,1,0
0,0.14195920188749003,0,0
0,0.36033907487604366,0,0
0,0.8651305828626062,1,1
0,0.686455608130301,1,0
1,0.890497569350965,1,1
1,0.5745439432388838,1,0
0,0.4096186417731172,0,0
1,0.6496458605864137,1,0
1,0.5502647829986279,1,0
0,0.42028342217208053,0,0
0,0.39171480832173067,0,0
1,0.9212855310366318,1,1
0,0.9036029439210984,1,1
0,0.84887530992308,1,1
0,0.1909375611607994,0,0
0,0.46294658531928823,0,0
0,0.8549617958259543,1,1
1,0.917047568990355,1,1
0,0.8462664827635294,1,1
0,0.5530755928288265,1,0
0,0.8766845123355209,1,1
1,0.6401037514209496,1,0
0,0.6315891897457362,1,0
1,0.510859912253349,1,0
0,0.7401975132817031,1,1
0,0.27441334308304516,0,0
1,0.7229566105524358,1,1
1,0.8401194985963946,1,1
0,0.5225552406860152,1,0
1,0.9073038509676125,1,1
0,0.31841013138623253,0,0
0,0.8617565586987721,1,1
0,0.3214839978199679,0,0
1,0.7319595402691926,1,1
0,0.16506131454846382,0,0
0,0.20902435760835492,0,0
1,0.6863529175571799,1,0
0,0.45051330667153877,0,0
0,0.6345690701387334,1,0
0,0.9142446151400695,1,1
1,0.6614796481730489,1,0
1,0.7796040855517143,1,1
1,0.9372738224986604,1,1
0,0.5240931703004943,1,0
0,0.35954939975531536,0,0
0,0.8183333156793746,1,1
1,0.629539026149614,1,0
0,0.8130040731013598,1,1
0,0.25432414032316764,0,0
0,0.09537445331251511,0,0
1,0.7777170612477384,1,1
1,0.5186426519435118,1,0
0,0.9594322307130683,1,1
0,0.7337487203845314,1,1
0,0.6258122203872643,1,0
0,0.9123439566574347,1,1
1,0.746963079071842,1,1
0,0.39535775899407755,0,0
0,0.33817677074643804,0,0
0,0.8162123159472808,1,1
0,0.9443184228879753,1,1
0,0.7074401687550433,1,1
0,0.41675072534508845,0,0
1,0.6341006735681999,1,0
0,0.8539199157729714,1,1
0,0.583100135326656,1,0
0,0.48518058516843027,0,0
0,0.715688428270023,1,1
1,0.7963157080020309,1,1
0,0.7346686005683848,1,1
0,0.31736798295618934,0,0
0,0.22239052032935142,0,0
0,0.89972391424064,1,1
0,0.1267867787992493,0,0
0,0.5316382491915819,1,0
1,0.9178165963193459,1,1
0,0.5421205070941522,1,0
0,0.6351184110305081,1,0
1,0.9043503914891912,1,1
0,0.16361617562577543,0,0
1,0.7526531394856472,1,1
1,0.9071193567971968,1,1
1,0.831352156983081,1,1
0,0.39040063648844425,0,0
0,0.21265073202003595,0,0
1,0.8255344465857888,1,1
0,0.15940208392141356,0,0
0,0.8024255337024537,1,1
1,0.6803121051405542,1,0
1,0.6205732092115049,1,0
1,0.720162709477373,1,1
0,0.6186631811537391,1,0
0,0.1707115285176321,0,0
1,0.9223713491020148,1,1
0,0.401405261302403,0,0
1,0.9249386297892254,1,1
0,0.42760844911028495,0,0
0,0.28570148764921954,0,0
1,0.9165535165239564,1,1
0,0.25565179084498557,0,0
0,0.6675001811333584,1,0
0,0.47159901732562914,0,0
0,0.5752399666492077,1,0
0,0.534351113315766,1,0
0,0.6861301313014058,1,0
0,0.4395023784085628,0,0
0,0.7322739547942306,1,1
0,0.464827608770077,0,0
0,0.5060417403679509,1,0
0,0.38275207333712225,0,0
1,0.8994401389722912,1,1
0,0.34167097144279784,0,0
0,0.6858679203200416,1,0
0,0.9063987030753854,1,1
0,0.8605992741741947,1,1
1,0.7460750476165597,1,1
0,0.19766092732053564,0,0
0,0.9528046448053475,1,1
0,0.752467216927062,1,1
0,0.590073871005049,1,0
0,0.7544801304397406,1,1
0,0.5656703171472368,1,0
0,0.7463489044403914,1,1
0,0.8276678090917813,1,1
0,0.35977119160663057,0,0
0,0.6759564660919157,1,0
1,0.8796402567060744,1,1
0,0.9125743517604804,1,1
1,0.9461836948055853,1,1
0,0.9093240140097391,1,1
1,0.8639516146205385,1,1
0,0.22140755269475398,0,0
0,0.39061350863077776,0,0
1,0.7254979903110029,1,1
1,0.40124164301161247,0,0
1,0.7770913036419318,1,1
0,0.2321119461534132,0,0
0,0.18727966152678452,0,0
0,0.9086456197518311,1,1
1,0.9234258013943568,1,1
0,0.17765735231731808,0,0
0,0.42380396548748467,0,0
1,0.850778309015599,1,1
0,0.8132310776742642,1,1
1,0.8185892536988282,1,1
1,0.6947537422039871,1,1
0,0.6910504857138356,1,1
0,0.4117280040762308,0,0
0,0.3389062141019969,0,0
0,0.19494961356531734,0,0
0,0.5679763284775231,1,0
1,0.8551312921266644,1,1
1,0.5892257513127317,1,0
1,0.9007600458975473,1,1
0,0.23387156245943774,0,0
0,0.3719683550666542,0,0
0,0.39658025635436295,0,0
0,0.25559115261048854,0,0
0,0.7172417232427079,1,1
1,0.9142087220389293,1,1
0,0.5979913409055323,1,0
0,0.5411294898499321,1,0
0,0.832255949345701,1,1
1,0.8766528095647793,1,1
0,0.4783839818352699,0,0
0,0.7565793185744143,1,1
0,0.718814742120545,1,1
1,0.7386179700586278,1,1
1,0.7056803845924425,1,1
0,0.2954788637815617,0,0
0,0.6010523634454997,1,0
1,0.8313351566320237,1,1
0,0.48617667517642466,0,0
0,0.5330181339590274,1,0
0,0.6184145094319484,1,0
0,0.7094329469537038,1,1
1,0.7925848827202877,1,1
1,0.950512920339704,1,1
1,0.875256438879399,1,1
1,0.8823116013824427,1,1
0,0.6752489213698636,1,0
1,0.8487097081691622,1,1
1,0.8602929738298192,1,1
0,0.10927421418062676,0,0
0,0.7930929828998665,1,1
0,0.10447338889456356,0,0
1,0.7357848534825263,1,1
0,0.6460150625695275,1,0
0,0.909136664026338,1,1
0,0.2192283792468612,0,0
0,0.6285652371804016,1,0
0,0.8254145006227042,1,1
0,0.7928375027398432,1,1
1,0.7959692711325247,1,1
0,0.486464073671063,0,0
1,0.910859986578098,1,1
0,0.4789908985140451,0,0
1,0.8816062927529729,1,1
1,0.8747715716684158,1,1
0,0.522088539760441,1,0
0,0.9014872004372795,1,1
1,0.8606862151547033,1,1
1,0.8319265716969916,1,1
0,0.6053291874670896,1,0
0,0.38830801499577594,0,0
1,0.7580095736899923,1,1
1,0.7035009263363053,1,1
1,0.9496927604648656,1,1
0,0.8118467741095465,1,1
0,0.6182661988914818,1,0
1,0.9590430193074915,1,1
0,0.7220124578870311,1,1
0,0.6289838562263793,1,0
0,0.7265521924272811,1,1
0,0.8877171315904857,1,1
1,0.8999749955635513,1,1
1,0.749488814443161,1,1
0,0.800825175903859,1,1
0,0.30267631695309594,0,0
1,0.8965331035332078,1,1
0,0.2113276978701768,0,0
1,0.9327884331114156,1,1
1,0.9282769935171389,1,1
0,0.7248093638908649,1,1
0,0.7823687403346337,1,1
1,0.6175445705817758,1,0
0,0.26515629084081954,0,0
0,0.5590545887606349,1,0
0,0.40288303479195847,0,0
0,0.19602888283557698,0,0
1,0.9164462233109625,1,1
0,0.27088130693470636,0,0
1,0.6685513996660098,1,0
0,0.5530765085387519,1,0
0,0.7495483130531718,1,1
0,0.6229325559420166,1,0
0,0.3390442903420909,0,0
1,0.8822434400183621,1,1
0,0.3560604844853124,0,0
1,0.8447521506453013,1,1
0,0.5398002434494897,1,0
1,0.8885958550290745,1,1
0,0.9496516541508336,1,1
0,0.5271952724769577,1,0
0,0.6691632922164185,1,0
0,0.26145936560612526,0,0
0,0.5089268775757444,1,0
0,0.14659012583901673,0,0
0,0.20850995919345083,0,0
1,0.8951227504195695,1,1
0,0.5553701019809516,1,0
1,0.934322653913496,1,1
0,0.27164587245608207,0,0
0,0.3139361047445285,0,0
0,0.7237826679525373,1,1
1,0.8612195972674455,1,1
1,0.8062531151567531,1,1
0,0.589321243127946,1,0
0,0.3594585988788246,0,0
0,0.8439727495006467,1,1
0,0.8838392024118485,1,1
1,0.9120836167487353,1,1
1,0.8051900026252411,1,1
1,0.8244717028930695,1,1
0,0.425548944775875,0,0
0,0.4514472428597799,0,0
0,0.744523501118139,1,1
1,0.3722699362171739,0,0
1,0.7917461632317566,1,1
0,0.7125996902162569,1,1
1,0.12644842958221553,0,0
1,0.8432886620209832,1,1
1,0.8942859328987836,1,1
0,0.6487610884947363,1,0
0,0.2074465075365364,0,0
1,0.6042043632342118,1,0
0,0.3030023166782268,0,0
1,0.9156289432026892,1,1
0,0.5263383689385784,1,0
0,0.2863231984641718,0,0
0,0.6438375577007516,1,0
0,0.7358224916775501,1,1
0,0.6413920039502077,1,0
0,0.6744256471198242,1,0
0,0.18327030532968955,0,0
0,0.14702083944822286,0,0
1,0.511650343191186,1,0
1,0.8690646047869951,1,1
0,0.4616379729706554,0,0
1,0.7141402843567137,1,1
0,0.1766755161650144,0,0
0,0.11402040269405717,0,0
1,0.8398021444795298,1,1
0,0.8986318280975943,1,1
0,0.9261160915800626,1,1
0,0.8557950716089252,1,1
0,0.2851050118291999,0,0
0,0.42684196660925017,0,0
0,0.6316556421817254,1,0
1,0.8912561540936821,1,1
0,0.1617133004175741,0,0
0,0.42935530437594405,0,0
0,0.6340292447322201,1,0
1,0.49321642460482923,0,0
1,0.8225950572396129,1,1
1,0.847262787810369,1,1
0,0.876087899986491,1,1
1,0.6299479178668139,1,0
1,0.9250298707132801,1,1
1,0.9238202007822758,1,1
1,0.8317692863768417,1,1
1,0.9268255375098645,1,1
0,0.691789039151127,1,1
0,0.6110275797297504,1,0
0,0.6548621347278605,1,0
0,0.5334446765796684,1,0
0,0.5535640140974001,1,0
0,0.46436462995660027,0,0
1,0.762492000014741,1,1
0,0.25939613810207485,0,0
1,0.5711874406306435,1,0
1,0.7112527940447215,1,1
0,0.5000769224183793,1,0
1,0.6107278850062482,1,0
1,0.6125425703399502,1,0
1,0.8235054005452469,1,1
0,0.38777944563515326,0,0
1,0.7887716966812002,1,1
1,0.9308108885019261,1,1
0,0.5321621496771176,1,0
0,0.38088057409921955,0,0
0,0.8285411135034777,1,1
0,0.536074431481049,1,0
1,0.9289394776451423,1,1
1,0.8881511074286432,1,1
0,0.9046503698321724,1,1
0,0.8002191342207655,1,1
1,0.4117830055654543,0,0
0,0.5492387250105555,1,0
0,0.40210730694932845,0,0
0,0.3630298785277993,0,0
1,0.7982448622765909,1,1
0,0.1874095345181829,0,0
0,0.6673519589257086,1,0
0,0.2610438146201219,0,0
0,0.31675651458500464,0,0
0,0.8102246593393915,1,1
0,0.7088374098953382,1,1
0,0.6606972900570747,1,0
1,0.8573434764855572,1,1
0,0.34229113800910305,0,0
1,0.8658356990256078,1,1
1,0.7189756280314079,1,1
0,0.10889908032546129,0,0
0,0.5776347371922891,1,0
1,0.8040379870982463,1,1
0,0.8513755115111735,1,1
0,0.4332152189061134,0,0
0,0.929049400100028,1,1
1,0.9240417955203795,1,1
0,0.7212467913061581,1,1
1,0.9005610037543622,1,1
0,0.6107808262227084,1,0
1,0.7676992538278422,1,1
0,0.264432385556179,0,0
0,0.3967886026243216,0,0
1,0.5083724999081256,1,0
1,0.8591672854263499,1,1
1,0.942721879490672,1,1
1,0.8561378302356479,1,1
0,0.3593336033089613,0,0
0,0.5743877643494522,1,0
0,0.5466407730604406,1,0
1,0.8628119709060624,1,1
0,0.6123080870903268,1,0
1,0.8740447951345771,1,1
0,0.800905985648681,1,1
0,0.5508801355408905,1,0
0,0.26103657844528366,0,0
0,0.6754709655658873,1,0
0,0.8271980264148052,1,1
0,0.30812571387552246,0,0
0,0.6983238827014081,1,1
0,0.23923143054529195,0,0
1,0.9179961533056908,1,1
0,0.6477324279520761,1,0
0,0.595367306893604,1,0
1,0.6646323462584319,1,0
1,0.9101537049274075,1,1
1,0.9555424896090193,1,1
0,0.7977774435098999,1,1
0,0.8063383459139762,1,1
0,0.3210165234003109,0,0
1,0.8968895625635658,1,1
0,0.7144181413141593,1,1
0,0.5222031876399721,1,0
0,0.2500856020086857,0,0
1,0.9393131050735444,1,1
1,0.5858462828186973,1,0
0,0.6989011252626021,1,1
1,0.4864438676615275,0,0
0,0.48235175223253623,0,0
0,0.8659481708278617,1,1
0,0.4591389586552655,0,0
0,0.7135743746482154,1,1
0,0.2444564974532543,0,0
0,0.19429696293425378,0,0
0,0.7643923078374599,1,1
1,0.8206906957911714,1,1
0,0.5207708447731754,1,0
0,0.5111310562713409,1,0
1,0.5271161875201814,1,0
0,0.3072332577900117,0,0
0,0.6444143723610324,1,0
1,0.579158592244268,1,0
1,0.42539576114926275,0,0
1,0.8965965346902315,1,1
0,0.871322479275415,1,1
0,0.3209377067681242,0,0
0,0.7698338485992001,1,1
0,0.5875246955907786,1,0
1,0.8369298204844338,1,1
0,0.5420625109648467,1,0
1,0.8404831491989815,1,1
0,0.15085077272235772,0,0
0,0.21898903880675363,0,0
1,0.6651944301593293,1,0
1,0.8343075794761441,1,1
0,0.3966136549146715,0,0
0,0.5787674009753133,1,0
0,0.6325393377868337,1,0
1,0.8841128992836929,1,1
1,0.8031897853677442,1,1
1,0.8472451563991947,1,1
0,0.7234129504189062,1,1
0,0.19165694966835353,0,0
1,0.8371222568255942,1,1
0,0.8435501493456711,1,1
0,0.9350715741232908,1,1
0,0.7233682248839328,1,1
0,0.18178069154069923,0,0
0,0.15795918760300837,0,0
1,0.7966581482466901,1,1
1,0.6986603587180847,1,1
0,0.8243913661419711,1,1
0,0.2719020668288137,0,0
1,0.8703047383988066,1,1
0,0.9131946454599541,1,1
0,0.3988662643299767,0,0
1,0.8373260404903997,1,1
1,0.6617386862427326,1,0
0,0.5998816502843975,1,0
0,0.10933366779572408,0,0
1,0.672276185164595,1,0
0,0.5308497556561442,1,0
0,0.613379164960752,1,0
1,0.8601244013200092,1,1
0,0.5930529046122177,1,0
1,0.6082765590424843,1,0
0,0.3033278777675691,0,0
0,0.5226658800269448,1,0
1,0.7545761838954933,1,1
1,0.9487441003830083,1,1
0,0.17630522622837191,0,0
1,0.9484308914214286,1,1
0,0.7651941717580155,1,1
0,0.9100951612526275,1,1
0,0.24472133460034715,0,0
0,0.4342718935575959,0,0
0,0.4254740910030498,0,0
1,0.7712225370662652,1,1
0,0.5606407138106753,1,0
1,0.616540849444671,1,0
0,0.48653098486288077,0,0
0,0.5514479767797152,1,0
1,0.5507661014517351,1,0
0,0.654668581252977,1,0
0,0.8214313650187423,1,1
1,0.48875992082259684,0,0
1,0.8369831587180642,1,1
0,0.7151453660655919,1,1
0,0.9013475319183225,1,1
1,0.8092086543258452,1,1
0,0.5056421879036421,1,0
0,0.1339676616586211,0,0
0,0.27166342235831464,0,0
0,0.3285977352796227,0,0
0,0.5067563983536024,1,0
0,0.4212155164803765,0,0
0,0.722163617173964,1,1
1,0.9077751126526473,1,1
1,0.3148082632079295,0,0
0,0.5636907552747267,1,0
1,0.9241795237651623,1,1
0,0.4122238370130252,0,0
1,0.8968150914147658,1,1
1,0.8511083882740017,1,1
0,0.2556960323693652,0,0
0,0.7638289295091865,1,1
1,0.641398252698646,1,0
0,0.2901328549298504,0,0
0,0.26832444455096954,0,0
1,0.959773388761561,1,1
0,0.587589360046534,1,0
0,0.710394861757934,1,1
0,0.8732189916106786,1,1
0,0.15122366780320937,0,0
0,0.205418205502028,0,0
0,0.43593480437087817,0,0
0,0.5137480996637082,1,0
0,0.558074535428345,1,0
1,0.8557458963339221,1,1
0,0.35479211694698026,0,0
1,0.801056644877024,1,1
0,0.09268801123417474,0,0
0,0.27916234679911517,0,0
0,0.29482688160925785,0,0
0,0.3349066042592883,0,0
1,0.565111366578908,1,0
0,0.6972317023630181,1,1
0,0.619559221196731,1,0
1,0.7215867745703708,1,1
0,0.11531319705299742,0,0
0,0.19396435330272158,0,0
0,0.7111305101260221,1,1
0,0.5698763822013472,1,0
0,0.40829450185117633,0,0
0,0.7681340398849881,1,1
0,0.5458347059038059,1,0
0,0.8678708524625695,1,1
0,0.8748309547976402,1,1
1,0.9626933020169138,1,1
0,0.2615407794053312,0,0
0,0.16993791148217866,0,0
0,0.2860465084629227,0,0
1,0.9289085443293408,1,1
0,0.2016703914462073,0,0
0,0.6197468726781364,1,0
0,0.7809945853956828,1,1
1,0.9096496209415184,1,1
0,0.6855772391306428,1,0
1,0.7243987060981408,1,1
0,0.5357348217902677,1,0
0,0.4075965715037433,0,0
0,0.36258691229700346,0,0
1,0.5069046507088566,1,0
1,0.8730984454302119,1,1
1,0.40876742314785963,0,0
0,0.6974238143657719,1,1
0,0.9406455275527392,1,1
0,0.35736197471832526,0,0
0,0.8000985809207313,1,1
0,0.9343227768307187,1,1
0,0.5595088995930755,1,0
0,0.5091567803460407,1,0
0,0.4138233599289601,0,0
0,0.6835234569558472,1,0
0,0.570360753697644,1,0
1,0.8284921883206168,1,1
0,0.45310691865565805,0,0
1,0.7726600446708375,1,1
1,0.8114177331723869,1,1
1,0.8007780613748867,1,1
0,0.5345283150829626,1,0
0,0.23797681551446698,0,0
0,0.8880213828323944,1,1
0,0.8398569289332088,1,1
0,0.23676665840277797,0,0
1,0.8352943699821961,1,1
0,0.24404146808643074,0,0
0,0.5448927732132257,1,0
1,0.9106969927280529,1,1
1,0.9606799051946705,1,1
1,0.9230187683245566,1,1
0,0.7634728155712892,1,1
1,0.8604076028255354,1,1
0,0.6862967038268755,1,0
0,0.6582961693248067,1,0
0,0.7524015749761763,1,1
0,0.7848116945012551,1,1
1,0.8611711401330445,1,1
0,0.671514690673232,1,0
0,0.2833368170185263,0,0
0,0.5660591974847254,1,0
0,0.6799030357357526,1,0
0,0.9091789098028719,1,1
1,0.7501199937490737,1,1
1,0.761081736280909,1,1
0,0.6209957833822998,1,0
0,0.7205661909095362,1,1
1,0.8416455299904382,1,1
1,0.9319845409908882,1,1
0,0.8565119758259442,1,1
1,0.777311087293444,1,1
0,0.35011982801180286,0,0
1,0.9352666868159892,1,1
1,0.4882582169440605,0,0
0,0.518023486822526,1,0
0,0.6922955800859529,1,1
0,0.2150521287670787,0,0
1,0.6657179824857361,1,0
1,0.9300589857870185,1,1
1,0.9071446735075515,1,1
1,0.644719988477925,1,0
1,0.2475024298438602,0,0
1,0.8022673486556197,1,1
0,0.8092657150543184,1,1
1,0.8072948642929418,1,1
0,0.4148654602231,0,0
1,0.9155521400455325,1,1
1,0.5005368112465909,1,0
0,0.5440999744501549,1,0
0,0.4559395750854689,0,0
0,0.71373605036389,1,1
0,0.10650397040158838,0,0
1,0.7603362493506381,1,1
1,0.9257911860494596,1,1
0,0.6851364806831398,1,0
0,0.8101859633917624,1,1
1,0.3819819792326291,0,0
1,0.5991302294122116,1,0
1,0.45188883823682297,0,0
0,0.4983046479201348,0,0
1,0.6869828964974839,1,0
0,0.7294176715950504,1,1
0,0.8686059125803607,1,1
1,0.5882882125599779,1,0
1,0.7691780774700019,1,1
1,0.6677216868808985,1,0
1,0.6094445523513102,1,0
0,0.7183298113542342,1,1
1,0.6019922910570525,1,0
1,0.8399358688625677,1,1
1,0.6449294578056386,1,0
1,0.7930732332268311,1,1
1,0.8571867102228204,1,1
0,0.30617714424586223,0,0
1,0.8441181615548787,1,1
0,0.3944603325729536,0,0
0,0.7708370348885255,1,1
1,0.939000653906016,1,1
0,0.7943149604813163,1,1
0,0.3983566277485923,0,0
0,0.9436004123374242,1,1
0,0.6332960311909046,1,0
1,0.8991468942419296,1,1
0,0.42730153830897355,0,0
1,0.8646345629925047,1,1
0,0.8403895775501532,1,1
0,0.287738309098115,0,0
0,0.6540187129300135,1,0
1,0.7556949795261844,1,1
1,0.7365333721415228,1,1
0,0.3057458087620081,0,0
0,0.15395659704809714,0,0
0,0.34919470892236415,0,0
1,0.8731437736147781,1,1
1,0.8761626762807797,1,1
1,0.6144713653153526,1,0
0,0.34409674835717474,0,0
0,0.8661019574293238,1,1
0,0.26629310163794945,0,0
0,0.6300567258490906,1,0
1,0.9139633453564625,1,1
0,0.4736269905807177,0,0
0,0.5238147220667874,1,0
0,0.44814928678862276,0,0
0,0.8171321987680792,1,1
0,0.3063607865198719,0,0
1,0.9505522710785291,1,1
0,0.2848563228992925,0,0
0,0.9618736314085417,1,1
1,0.9018756896137415,1,1
1,0.4689790481416168,0,0
1,0.8817865899865707,1,1
1,0.7195132103402142,1,1
0,0.39863425519357704,0,0
0,0.491531387504455,0,0
1,0.899924926358474,1,1
0,0.10517500763808126,0,0
0,0.5401387282235758,1,0
0,0.5661552438100359,1,0
0,0.7242007073850559,1,1
1,0.8026149172159607,1,1
0,0.8714052268514764,1,1
0,0.13161163260173975,0,0
1,0.23385680021868369,0,0
1,0.6737086499336304,1,0
1,0.874326799753646,1,1
0,0.6781327859167622,1,0
1,0.6101175428980362,1,0
1,0.4266093479851429,0,0
1,0.9391274335156562,1,1
1,0.9133698586441421,1,1
0,0.22861775324183267,0,0
1,0.4920405135641396,0,0
0,0.8425635541795713,1,1
1,0.5368211562108338,1,0
1,0.5380597946623333,1,0
1,0.7281550588218878,1,1
1,0.8930363844202457,1,1
1,0.7350800834149671,1,1
0,0.6009809487705768,1,0
1,0.2385165869713537,0,0
0,0.6487450709513586,1,0
0,0.4235250434422473,0,0
0,0.24028932879801285,0,0
0,0.2707716328809569,0,0
0,0.42822528509415625,0,0
1,0.3465157159041934,0,0
1,0.9470640890357742,1,1
0,0.8426280425826149,1,1
1,0.6719196273477367,1,0
0,0.44723689566969915,0,0
0,0.506727753218493,1,0
1,0.43954431795548937,0,0
0,0.41705224608249997,0,0
1,0.9157293734794166,1,1
0,0.6462458058427877,1,0
0,0.6252457579828781,1,0
0,0.5581465406104382,1,0
0,0.798976311506319,1,1
0,0.7524067413739745,1,1
0,0.5977076054995787,1,0
0,0.43680676054175677,0,0
0,0.3997091969196905,0,0
0,0.27222378705544004,0,0
0,0.7515164944409767,1,1
0,0.8510111270207139,1,1
1,0.41464824504791664,0,0
1,0.9198985329242819,1,1
0,0.38058024213613145,0,0
1,0.5480899716101338,1,0
1,0.8853803660686334,1,1
0,0.11806022488712979,0,0
0,0.36139101571329796,0,0
1,0.7295019741959572,1,1
0,0.3903859282951678,0,0
0,0.7315882322656693,1,1
1,0.8551580521686322,1,1
1,0.9516160390867456,1,1
0,0.29646966263178737,0,0
1,0.7461654371094881,1,1
0,0.7492506549194616,1,1
0,0.6460219405252549,1,0
0,0.24856095211389206,0,0
1,0.9105434757359969,1,1
1,0.9083862384569341,1,1
0,0.6853824917153558,1,0
0,0.9046366107867626,1,1
0,0.9597107438676292,1,1
0,0.9528837265156951,1,1
1,0.49634391352033,0,0
0,0.25780697614651144,0,0
0,0.30891415443459774,0,0
0,0.3638601125455161,0,0
1,0.6362960610449597,1,0
1,0.8226192505367935,1,1
1,0.7653964709543281,1,1
0,0.1994311322825183,0,0
1,0.9053798558404242,1,1
1,0.9033491037190474,1,1
1,0.8677265315333854,1,1
1,0.6314818043431991,1,0
0,0.4287905224435715,0,0
0,0.6360174581355047,1,0
1,0.8674307665023842,1,1
0,0.48227425174722066,0,0
0,0.8197901503607418,1,1
0,0.6719769713186058,1,0
0,0.5649758741795239,1,0
1,0.9301169632342965,1,1
0,0.7819499288428645,1,1
0,0.43427886663380594,0,0
1,0.7418657491112047,1,1
0,0.930123628751172,1,1
1,0.8096604881397783,1,1
1,0.915117668059931,1,1
0,0.24526422848716087,0,0
0,0.7333860381827225,1,1
0,0.18353331773034273,0,0
0,0.5691849954413664,1,0
0,0.6214976536089909,1,0
0,0.4945456091543826,0,0
1,0.8431301661054528,1,1
0,0.44852396367692837,0,0
0,0.8547384781234695,1,1
0,0.3659313753494326,0,0
0,0.6514978572639738,1,0
1,0.8440068928661522,1,1
0,0.6877886163842972,1,0
0,0.24034293067666654,0,0
1,0.888154035632687,1,1
0,0.7187635609318299,1,1
0,0.1992393508557515,0,0
0,0.7623637644337532,1,1
0,0.6486404027249227,1,0
0,0.41344025354866043,0,0
1,0.9542100067823843,1,1
1,0.7239713127564147,1,1
0,0.7797914604157296,1,1
0,0.4805734404122229,0,0
0,0.5463296686054983,1,0
1,0.8367672535336556,1,1
1,0.8412029645695019,1,1
0,0.836815070850118,1,1
0,0.8750547716593808,1,1
1,0.917406588689474,1,1
0,0.3747220186728423,0,0
1,0.8374901999138792,1,1
0,0.5584434945657759,1,0
1,0.7960297436120795,1,1
0,0.6175047380506632,1,0
0,0.05953521773821408,0,0
0,0.6606824684531911,1,0
0,0.835641294430195,1,1
1,0.8471728377386781,1,1
1,0.8634719033066874,1,1
0,0.8765707191417732,1,1
1,0.8665552850900204,1,1
0,0.8093345149468689,1,1
0,0.11523344597875317,0,0
0,0.5690525497821021,1,0
0,0.3218821481254114,0,0
0,0.346385845305338,0,0
0,0.6819426258037141,1,0
0,0.834234179228543,1,1
0,0.7697654167244583,1,1
0,0.8131186152422916,1,1
0,0.3919076214392832,0,0
1,0.7477934837543224,1,1
0,0.5545266290180398,1,0
0,0.7450050489649918,1,1
1,0.934251168626204,1,1
0,0.6513648055893139,1,0
1,0.886126938554709,1,1
0,0.5403859069888967,1,0
0,0.1563456163132952,0,0
1,0.44035190752832304,0,0
0,0.7758579785376997,1,1
0,0.7758285116432306,1,1
1,0.33072459265452336,0,0
0,0.3612555352172457,0,0
0,0.25866790510958776,0,0
1,0.8456383651667917,1,1
0,0.7668924877575162,1,1
1,0.2661123276970011,0,0
0,0.8989503774458891,1,1
1,0.938454299230128,1,1
0,0.4620035666854243,0,0
0,0.8299480481217443,1,1
1,0.8130041894990165,1,1
1,0.9015228588663302,1,1
0,0.9241018941219794,1,1
0,0.4530182431894037,0,0
1,0.2035018445301486,0,0
0,0.24461228031028562,0,0
1,0.8880525759352831,1,1
1,0.9592310628393471,1,1
1,0.8771472416391048,1,1
0,0.36079056500870643,0,0
0,0.7292951369055457,1,1
0,0.3020640972736064,0,0
1,0.8722334584363168,1,1
1,0.8428091886167396,1,1
0,0.7814910318046433,1,1
0,0.18625773237367502,0,0
0,0.20780647160065097,0,0
0,0.8407482101058064,1,1
0,0.6334084165384283,1,0
0,0.251948740337174,0,0
1,0.9574088792526342,1,1
1,0.8099898810299205,1,1
1,0.7682469576734099,1,1
0,0.4230158365903418,0,0
1,0.9046689507846993,1,1
1,0.8638305859133399,1,1
0,0.5546862308999692,1,0
1,0.8825697171466728,1,1
1,0.4973695154161763,0,0
0,0.5040535275671506,1,0
1,0.8628884405016012,1,1
0,0.5323365129485206,1,0
0,0.6966660461091008,1,1
1,0.7601097244625047,1,1
0,0.39692906359730634,0,0
0,0.5718680731033463,1,0
0,0.6134661516286588,1,0
0,0.3621681732624256,0,0
0,0.40628457210266117,0,0
0,0.5037087073629894,1,0
0,0.9310641646724064,1,1
1,0.5545514096054377,1,0
0,0.4571721907242017,0,0
1,0.9266715270142974,1,1
0,0.7638194605775227,1,1
0,0.749196887969925,1,1
0,0.4376752762751695,0,0
0,0.8875731009690625,1,1
0,0.6357126718806076,1,0
1,0.8764917842368314,1,1
0,0.6583640432972325,1,0
1,0.264993617798604,0,0
0,0.46620303761790677,0,0
0,0.35107963005196774,0,0
0,0.40550318838304755,0,0
0,0.18119437151023465,0,0
1,0.9218547417692384,1,1
1,0.6897162914557671,1,0
0,0.17012016991120926,0,0
0,0.8025752467049392,1,1
0,0.36997392678110186,0,0
0,0.6690914639991073,1,0
0,0.19149588979957122,0,0
0,0.6847135107264005,1,0
1,0.8598358867913835,1,1
0,0.652753249106949,1,0
0,0.845258606139149,1,1
1,0.8900671140071358,1,1
0,0.6183970736902406,1,0
0,0.27275338921859166,0,0
0,0.8639120268277714,1,1
0,0.6616864342832022,1,0
1,0.8056503774746316,1,1
0,0.4987013948618817,0,0
0,0.43685512184117686,0,0
0,0.30504431077879224,0,0
0,0.2832649058260119,0,0
0,0.7850655154205965,1,1
0,0.23421039488266074,0,0
1,0.7176508760436237,1,1
0,0.15304590690439202,0,0
1,0.2765677091690357,0,0
0,0.7834162893263684,1,1
0,0.7974591409559223,1,1
1,0.8128878721105297,1,1
1,0.7786881730470676,1,1
0,0.5441161492365683,1,0
1,0.9115069647022924,1,1
0,0.33221220496316656,0,0
1,0.9201499041792917,1,1
1,0.7463246004776652,1,1
1,0.9234472555744209,1,1
1,0.9834862209246352,1,1
0,0.4609312450192228,0,0
0,0.5269668404179316,1,0
1,0.7990724100994121,1,1
0,0.7025132940579571,1,1
0,0.2913592309700261,0,0
0,0.25785321067808975,0,0
1,0.6803170331994803,1,0
0,0.31909022316018104,0,0
1,0.6422621690941064,1,0
1,0.8986512778603549,1,1
1,0.8888937696910854,1,1
1,0.9057457725390042,1,1
1,0.9324668920616419,1,1
0,0.47636416823935185,0,0
0,0.17687961616798412,0,0
1,0.5905522079123042,1,0
0,0.31970025304459443,0,0
0,0.9084034823982063,1,1
0,0.6194270535085316,1,0
0,0.7523163444909199,1,1
1,0.9104903973720093,1,1
1,0.9278486977478732,1,1
0,0.6266420546889261,1,0
1,0.8322472186375884,1,1
1,0.8668347073197062,1,1
0,0.33985205839357235,0,0
0,0.39885137889682254,0,0
0,0.8771636988807924,1,1
0,0.7530849869447654,1,1
0,0.7042170348943689,1,1
0,0.2876438114625874,0,0
0,0.33141020339701044,0,0
0,0.22204053717012384,0,0
1,0.9005913381814813,1,1
0,0.3904561843442226,0,0
0,0.39746466788702844,0,0
0,0.6123056233946386,1,0
1,0.7493707982851555,1,1
1,0.1808780790219713,0,0
1,0.8711725961421163,1,1
0,0.8388488362496723,1,1
1,0.6466936558764372,1,0
0,0.5833651341465738,1,0
0,0.34487142177255825,0,0
1,0.9103100615718651,1,1
0,0.28813338464029176,0,0
0,0.725580394763308,1,1
0,0.480492695229629,0,0
0,0.27809205704349593,0,0
1,0.7631665483282336,1,1
0,0.6064528751167988,1,0
0,0.6777138772710016,1,0
0,0.40525432494031743,0,0
1,0.8902050324086989,1,1
0,0.6746014642224001,1,0
1,0.6219839408284137,1,0
0,0.3057822676674743,0,0
0,0.2739512696822213,0,0
1,0.5584513932842141,1,0
1,0.9076202887970861,1,1
0,0.5020750414288068,1,0
0,0.7942657908488067,1,1
0,0.8142808966612083,1,1
0,0.5293538333807454,1,0
0,0.5618480690288292,1,0
0,0.15849608601935683,0,0
0,0.6137169797651921,1,0
1,0.8932660173573511,1,1
0,0.4793469530155191,0,0
0,0.9144598814816725,1,1
0,0.9427571368397591,1,1
0,0.6439535895225226,1,0
0,0.865837339906386,1,1
0,0.6142738974210153,1,0
1,0.7546174231471158,1,1
0,0.8567171395767226,1,1
0,0.4345914141644083,0,0
1,0.4600985963668037,0,0
0,0.5362330306350706,1,0
0,0.32343746165801884,0,0
0,0.9034778724585897,1,1
0,0.4019716884840398,0,0
1,0.8126912876863516,1,1
1,0.8920536788603497,1,1
0,0.2812756632483499,0,0
1,0.6479534573322567,1,0
1,0.7014650753910497,1,1
0,0.6752452605855966,1,0
0,0.3017498296578919,0,0
1,0.6866724328887123,1,0
0,0.9026328173222754,1,1
1,0.8831658045167183,1,1
1,0.8677897798340382,1,1
0,0.7749010766782013,1,1
1,0.8646303057359025,1,1
0,0.370011313414766,0,0
1,0.9241109868209909,1,1
1,0.8099101337545352,1,1
1,0.9340154400739413,1,1
0,0.4592862047874706,0,0
1,0.8403288036988538,1,1
0,0.9393114952512255,1,1
0,0.5702907752449267,1,0
0,0.21016928539503923,0,0
0,0.6947524704907937,1,1
0,0.4768785345459699,0,0
1,0.9182661420459366,1,1
1,0.752425476449329,1,1
0,0.7939070552878845,1,1
0,0.6448281746379302,1,0
0,0.4879674652959161,0,0
1,0.7775071101658907,1,1
1,0.8331067828824924,1,1
0,0.6504345236415559,1,0
1,0.937108279602596,1,1
0,0.7504375232605136,1,1
1,0.5310563789070343,1,0
0,0.5722850762308402,1,0
0,0.4572438099835375,0,0
1,0.828264011017066,1,1
1,0.857930978848228,1,1
0,0.793597216537454,1,1
1,0.8214470599485103,1,1
0,0.5591935078333712,1,0
0,0.5559637343840007,1,0
0,0.5500281783376352,1,0
0,0.6145616689025355,1,0
0,0.8270253325128555,1,1
0,0.34366636548266993,0,0
0,0.42112556532711126,0,0
1,0.6717436309060151,1,0
1,0.885261346715618,1,1
0,0.5828266624698281,1,0
0,0.370146715622543,0,0
0,0.4433978959169082,0,0
0,0.9099504096786188,1,1
1,0.7658597223678675,1,1
0,0.17189688194448943,0,0
0,0.5233173541147885,1,0
0,0.28803503016803317,0,0
1,0.8838699795209431,1,1
0,0.3887767743656772,0,0
0,0.4523909004057637,0,0
1,0.899421045788056,1,1
0,0.7664226868231727,1,1
0,0.7475131923865399,1,1
0,0.1689097822082952,0,0
0,0.5709481941203818,1,0
0,0.8621097808315108,1,1
0,0.4135381899004259,0,0
1,0.9583851671864156,1,1
0,0.4650497523537881,0,0
0,0.46845469403947637,0,0
0,0.34236239771288274,0,0
0,0.28804309258635946,0,0
0,0.6448568400337138,1,0
0,0.8321610826577304,1,1
0,0.44356492204062326,0,0
0,0.4666816943827157,0,0
1,0.9322965403604285,1,1
0,0.6148626614635733,1,0
0,0.4086509530107334,0,0
1,0.9163529604811201,1,1
1,0.7659225761588163,1,1
0,0.17603641473014833,0,0
0,0.36879110488818284,0,0
0,0.2407172278360773,0,0
1,0.8474437526609031,1,1
0,0.4932019025085333,0,0
1,0.7583097072994714,1,1
1,0.3863977630176955,0,0
1,0.691653660391757,1,1
0,0.3374665374713701,0,0
0,0.6596795726607481,1,0
0,0.41064547603820256,0,0
1,0.879638771811333,1,1
1,0.879448450759476,1,1
0,0.1631852906969894,0,0
0,0.3823500070095271,0,0
0,0.7028716155973709,1,1
0,0.8991878569765802,1,1
1,0.8532774995365409,1,1
1,0.7631283384675873,1,1
0,0.6649181885006574,1,0
1,0.724648582395623,1,1
0,0.34682215675930217,0,0
0,0.5067090735947923,1,0
0,0.7811377132934988,1,1
0,0.2731426678010831,0,0
1,0.9441149083064097,1,1
1,0.7954804659055296,1,1
0,0.37218042596291045,0,0
1,0.7644895068083981,1,1
0,0.6783691034065341,1,0
0,0.17146284865042904,0,0
0,0.08957121163606159,0,0
0,0.5783031884866646,1,0
0,0.386381907735142,0,0
0,0.7816416899679056,1,1
0,0.5133801957334194,1,0
0,0.22746639960748108,0,0
1,0.7026821825563355,1,1
1,0.6389588541759021,1,0
0,0.8088465651857685,1,1
0,0.30313798478195025,0,0
0,0.6649904530262127,1,0
1,0.8799455653489034,1,1
0,0.2199392717302007,0,0
0,0.5943624679034729,1,0
0,0.6774703349285549,1,0
0,0.6939304964947899,1,1
1,0.905486183904945,1,1
0,0.6812850431187994,1,0
0,0.6271741455812752,1,0
1,0.8099746641065879,1,1
0,0.29978705354646323,0,0
0,0.36035827239292845,0,0
0,0.6026029572950872,1,0
0,0.8238808076083498,1,1
0,0.7762495081598294,1,1
1,0.8935371139682515,1,1
1,0.7385870382860832,1,1
0,0.5228179624686163,1,0
0,0.6753503720466111,1,0
0,0.4473857638978375,0,0
0,0.6330359814151681,1,0
1,0.8403611829526082,1,1
0,0.412152451551676,0,0
1,0.6865794097176863,1,0
1,0.7927511113012656,1,1
1,0.8237249017845217,1,1
0,0.36672124304170817,0,0
0,0.5602337995574812,1,0
1,0.6277329775177496,1,0
0,0.49898608889578766,0,0
1,0.7918870976912274,1,1
0,0.28809784035272784,0,0
0,0.7760523315109444,1,1
0,0.5829945580999595,1,0
0,0.43653908433722877,0,0
0,0.3128172821392864,0,0
0,0.32830151728050994,0,0
0,0.2304991118868638,0,0
0,0.6285395648112921,1,0
1,0.5613657026329092,1,0
0,0.10109886705629216,0,0
1,0.8013780728127374,1,1
0,0.7186012407591592,1,1
1,0.9417038566046901,1,1
0,0.721920176211477,1,1
1,0.5957665358487326,1,0
1,0.8565029671935492,1,1
1,0.9038561126645362,1,1
1,0.9697168701948788,1,1
1,0.8290946221414193,1,1
1,0.940947356999002,1,1
0,0.5984908981716205,1,0
0,0.9129639345289153,1,1
0,0.6544813995597343,1,0
1,0.6813466915434149,1,0
1,0.899968899249288,1,1
0,0.640624212754489,1,0
1,0.873768228708452,1,1
0,0.2445878089682683,0,0
1,0.7469611503611169,1,1
0,0.7456605599311991,1,1
0,0.8772917358025194,1,1
1,0.8996378452584741,1,1
0,0.24545388184034342,0,0
1,0.7283117900892178,1,1
0,0.327722201438135,0,0
1,0.8906330439784236,1,1
1,0.7763116131322393,1,1
1,0.933254091059909,1,1
1,0.840278020838037,1,1
0,0.2601837874544892,0,0
0,0.8069964697304364,1,1
0,0.26856483740242076,0,0
1,0.9179515506200137,1,1
0,0.19359517058927148,0,0
0,0.7707946349141892,1,1
0,0.40134728249003626,0,0
0,0.30021929417842974,0,0
0,0.6963313471409956,1,1
0,0.2882819010304893,0,0
0,0.4398258769955111,0,0
0,0.14440981867737826,0,0
0,0.9402179695469254,1,1
0,0.3045093061874371,0,0
0,0.3456151106645028,0,0
0,0.6438618468977273,1,0
0,0.5372000617301026,1,0
0,0.7374559151781348,1,1
1,0.8513967141610755,1,1
0,0.13225269522839156,0,0
0,0.34413516486107304,0,0
1,0.15664343755781251,0,0
0,0.4827376983660086,0,0
0,0.4074141793730561,0,0
0,0.24352164572361987,0,0
0,0.47575843194664424,0,0
1,0.949820993299928,1,1
0,0.1521608285756089,0,0
1,0.8219486751184675,1,1
0,0.37052075918338195,0,0
1,0.9355155951602763,1,1
0,0.8788015834994457,1,1
0,0.8881274712876018,1,1
1,0.9079745439494019,1,1
0,0.7498426402931663,1,1
0,0.175055485793899,0,0
0,0.5900720186084816,1,0
0,0.10506416146351026,0,0
0,0.47647611572612786,0,0
0,0.4175994322097171,0,0
0,0.4033482893558182,0,0
0,0.8009724183911584,1,1
0,0.24976147483474911,0,0
1,0.9404124915001644,1,1
0,0.30274227006167087,0,0
0,0.349360098415833,0,0
1,0.897031302858829,1,1
0,0.8503289473217982,1,1
1,0.9178860355208431,1,1
1,0.6764670216067785,1,0
0,0.34821279521466436,0,0
0,0.5123490302555387,1,0
1,0.6580177166871336,1,0
1,0.9184231620344933,1,1
1,0.8995517447258886,1,1
0,0.7798485490501557,1,1
0,0.6453211611746011,1,0
1,0.865465788096703,1,1
1,0.8708929511042186,1,1
1,0.5831945020589575,1,0
0,0.9292455440338213,1,1
0,0.3331728608446627,0,0
0,0.6000615846168991,1,0
0,0.36454781662667995,0,0
0,0.4699316191754349,0,0
1,0.9178661610489142,1,1
0,0.6085281917312668,1,0
0,0.3253857552586036,0,0
0,0.4566594768148854,0,0
0,0.5741356415211746,1,0
0,0.4075062888842657,0,0
1,0.6778733179512252,1,0
0,0.9364925269737107,1,1
1,0.6899851632955916,1,0
0,0.8873392594284129,1,1
1,0.7632869742763753,1,1
1,0.8422797879492333,1,1
1,0.7352458549799037,1,1
0,0.2724051152144009,0,0
0,0.8550575408496448,1,1
0,0.23046099177018176,0,0
1,0.664117848511467,1,0
1,0.923970084421593,1,1
0,0.3550753776919848,0,0
0,0.19622044742801834,0,0
1,0.6107023530601878,1,0
1,0.902153966322898,1,1
0,0.4233944240879618,0,0
1,0.8709897720807752,1,1
0,0.7634153901434418,1,1
0,0.5822106857954709,1,0
0,0.2314632929432946,0,0
1,0.9318808881253107,1,1
0,0.8351566927516535,1,1
0,0.5162003789558585,1,0
1,0.9163327969138979,1,1
0,0.28751416547464326,0,0
1,0.9537324010929259,1,1
0,0.5080654877289513,1,0
0,0.1701020159699308,0,0
1,0.8717455851308339,1,1
0,0.36216223697483957,0,0
0,0.7511583939563596,1,1
0,0.27163812622324246,0,0
0,0.19816473098562928,0,0
0,0.3500081028381376,0,0
0,0.7507339247678152,1,1
1,0.8267044677838515,1,1
0,0.3922343796877787,0,0
0,0.876269916146653,1,1
0,0.6479767856853434,1,0
0,0.3303995462994516,0,0
0,0.23721707220949145,0,0
1,0.8913497045425266,1,1
1,0.904645936120561,1,1
0,0.23486369569833615,0,0
1,0.4440943937498905,0,0
1,0.8389247120542672,1,1
0,0.26364587555144076,0,0
0,0.37026901154174197,0,0
0,0.7787323306982737,1,1
1,0.7514452041153217,1,1
1,0.33417330047835164,0,0
1,0.8971030409149732,1,1
0,0.14100269743433075,0,0
0,0.6769211214754004,1,0
0,0.3734246739325892,0,0
0,0.48030069045050033,0,0
0,0.5221537430658991,1,0
0,0.5771428638156207,1,0
0,0.4716145368665815,0,0
0,0.678568583928753,1,0
0,0.49114388260069036,0,0
0,0.5596189534416162,1,0
1,0.9125796235146717,1,1
0,0.2229627612081935,0,0
1,0.27319421645522957,0,0
1,0.9038175422398034,1,1
0,0.15584412250828425,0,0
0,0.8805202805676055,1,1
0,0.30222702586068473,0,0
0,0.67449258846028,1,0
0,0.1525713870203099,0,0
0,0.34144907478061476,0,0
0,0.43766815994376373,0,0
0,0.38152101923661524,0,0
1,0.930928716418136,1,1
1,0.7636224880706104,1,1
0,0.8208570903417296,1,1
1,0.9443261921850906,1,1
0,0.31638790410427947,0,0
0,0.6281727102331801,1,0
0,0.8641552357955032,1,1
1,0.8917268150853659,1,1
0,0.2353677111681533,0,0
1,0.864151286866528,1,1
1,0.914844236145176,1,1
0,0.4325978513730599,0,0
1,0.8534791876787219,1,1
0,0.6895809693760918,1,0
0,0.4251074650629934,0,0
1,0.8853665955580861,1,1
0,0.6449937151642177,1,0
1,0.7715308644286841,1,1
0,0.5040203027524184,1,0
0,0.5005532749561206,1,0
1,0.4385509429689149,0,0
1,0.9531237864772523,1,1
0,0.5025851427256826,1,0
0,0.5365387832951798,1,0
0,0.1626487069178748,0,0
1,0.8618099772727932,1,1
0,0.5109373471327592,1,0
0,0.8238114273398127,1,1
0,0.40066656500813935,0,0
0,0.906209253403382,1,1
0,0.7266614398313532,1,1
0,0.8604026231408716,1,1
0,0.2510124325846366,0,0
0,0.2172843912824998,0,0
1,0.940921013409315,1,1
0,0.7101248611801821,1,1
0,0.2682167489592806,0,0
0,0.5380452831822186,1,0
0,0.39105501403465726,0,0
0,0.303503235645656,0,0
1,0.7323530388341208,1,1
0,0.8174090719468148,1,1
1,0.5450440318570696,1,0
0,0.5417848081079452,1,0
1,0.9059088917446997,1,1
0,0.5691184683590934,1,0
1,0.8728460533808324,1,1
0,0.501492795246448,1,0
0,0.9514537815814198,1,1
0,0.30013551967586266,0,0
0,0.6621878008066328,1,0
1,0.37242625511006805,0,0
0,0.7352140526034111,1,1
1,0.8976841663926456,1,1
1,0.9430187501514188,1,1
0,0.2588704035386462,0,0
0,0.9031249244691875,1,1
0,0.13555321446702265,0,0
1,0.9389046037030655,1,1
0,0.4185262747571826,0,0
0,0.7408016521184178,1,1
0,0.8617236191745407,1,1
0,0.45337358872784717,0,0
0,0.4071495107431519,0,0
0,0.4278831090320208,0,0
1,0.7268025755426151,1,1
0,0.9113865217986483,1,1
0,0.7962373897940803,1,1
1,0.9196043927851137,1,1
1,0.5092430166880042,1,0
1,0.6486343794681108,1,0
0,0.5773946141581024,1,0
0,0.8675454102881449,1,1
0,0.7896663318113831,1,1
0,0.1838080885521694,0,0
1,0.9107012996884163,1,1
0,0.5146098849469667,1,0
0,0.2934249722481072,0,0
1,0.8296064808740901,1,1
0,0.46616322456571835,0,0
0,0.6647542421879475,1,0
1,0.5429072321097391,1,0
1,0.8842834575273264,1,1
0,0.8786050825203071,1,1
0,0.6853684927610298,1,0
0,0.8558575840604218,1,1
1,0.7935259991518431,1,1
0,0.6141470958629167,1,0
0,0.5349184962600343,1,0
0,0.43304944838112985,0,0
1,0.923572534547782,1,1
0,0.4637896929089464,0,0
0,0.5194083694226864,1,0
0,0.3300186673030875,0,0
0,0.6981781260884732,1,1
0,0.3243611547656364,0,0
0,0.22306128084851848,0,0
0,0.8656765700376102,1,1
0,0.6990001137058026,1,1
0,0.22653702816031637,0,0
0,0.7047020410678271,1,1
0,0.3119946727460256,0,0
0,0.6964530059729108,1,1
0,0.890428627320987,1,1
0,0.8480636111301522,1,1
0,0.8984847973369114,1,1
0,0.5898451361592519,1,0
0,0.6444683595690573,1,0
0,0.18302509750960458,0,0
0,0.8847636014047564,1,1
0,0.3747592685047867,0,0
0,0.6841495751388148,1,0
1,0.8914868928140953,1,1
0,0.47642438320752806,0,0
1,0.8617652355142197,1,1
0,0.5894867523082209,1,0
1,0.8198357643614023,1,1
1,0.5914601310033472,1,0
1,0.957375976249751,1,1
0,0.5307973331046724,1,0
0,0.20682787990206875,0,0
1,0.5884223079432734,1,0
0,0.5753459988299746,1,0
0,0.43682842562981977,0,0
0,0.3905956633388057,0,0
1,0.7222994729091735,1,1
1,0.8824303044341969,1,1
0,0.2791250626330835,0,0
1,0.7960375440219392,1,1
0,0.31180104455135893,0,0
1,0.8591694691422846,1,1
0,0.34247206599761904,0,0
0,0.8785344907822966,1,1
0,0.8267767150666973,1,1
0,0.6983351904444262,1,1
1,0.7807743770590395,1,1
0,0.6808998311934431,1,0
0,0.17684275340722258,0,0
0,0.7718020353681923,1,1
0,0.7524864159887416,1,1
0,0.22672223708602823,0,0
0,0.6785765703129603,1,0
0,0.32294705187702544,0,0
1,0.6451966024462172,1,0
0,0.4292775931807217,0,0
1,0.7317816085564696,1,1
0,0.5216179390734266,1,0
1,0.4559184698019019,0,0
0,0.23462203147594002,0,0
0,0.6441899033990058,1,0
0,0.7366328117305101,1,1
1,0.8996650099449595,1,1
0,0.5775579010406393,1,0
0,0.8303172252149872,1,1
1,0.6245854810843564,1,0
1,0.8620068993775636,1,1
0,0.7277576475448377,1,1
0,0.6501861405180356,1,0
0,0.5035542344289102,1,0
0,0.409218881388752,0,0
0,0.3881514181163937,0,0
0,0.7856743671642773,1,1
0,0.4125042580015899,0,0
0,0.2157392065037361,0,0
1,0.34988446185385336,0,0
0,0.26584949760544796,0,0
1,0.5624779506791443,1,0
1,0.7958255272841585,1,1
0,0.4007915051687574,0,0
0,0.7454206014202891,1,1
1,0.5164675792315521,1,0
1,0.6766835670288156,1,0
0,0.24649524582575455,0,0
0,0.8242919276666197,1,1
1,0.7043817649214298,1,1
0,0.6856513699310207,1,0
1,0.8571750772671106,1,1
1,0.7546120286463814,1,1
1,0.9407475789920726,1,1
1,0.9502454410657488,1,1
0,0.7639205302253709,1,1
1,0.9215985490061489,1,1
0,0.8683532107373454,1,1
1,0.940947206771048,1,1
0,0.46533695236521727,0,0
0,0.33990164531759837,0,0
0,0.5991709772342014,1,0
1,0.8409570616685814,1,1
0,0.48847341944327416,0,0
1,0.8685111897458583,1,1
1,0.5438917476403909,1,0
1,0.9619113605493742,1,1
0,0.22076680761353829,0,0
1,0.8506134637747598,1,1
1,0.8261761057713634,1,1
1,0.2266150537396456,0,0
0,0.3532180357967663,0,0
0,0.5297232835834101,1,0
0,0.5656894696776603,1,0
0,0.9029006220931455,1,1
0,0.7130084170971509,1,1
0,0.6408127559719597,1,0
1,0.8939566996223507,1,1
1,0.9315801679402628,1,1
0,0.2403148364824007,0,0
0,0.854672268353644,1,1
0,0.5962483228611237,1,0
0,0.11256797266350911,0,0
1,0.445395723291595,0,0
0,0.7919422359720418,1,1
0,0.3184838934112123,0,0
0,0.3293716375289856,0,0
0,0.6360951833123699,1,0
0,0.21766183680195136,0,0
1,0.9415895258973876,1,1
0,0.9073682326233156,1,1
1,0.8964101758693332,1,1
0,0.1455275788265933,0,0
1,0.3379620093011277,0,0
0,0.36278890408736225,0,0
1,0.7105423539947424,1,1
0,0.2967862862720444,0,0
1,0.7889179254897777,1,1
0,0.8970627125020332,1,1
0,0.3077912587931217,0,0
0,0.7624439224582492,1,1
1,0.45762468818746466,0,0
0,0.627581163242868,1,0
0,0.9208530139000087,1,1
0,0.80344779100531,1,1
0,0.2532035479208112,0,0
1,0.8616621430056443,1,1
0,0.3319719178274008,0,0
1,0.5890935362589209,1,0
0,0.5518150600475792,1,0
1,0.7376148961420786,1,1
0,0.5896104489448112,1,0
0,0.31018137545673286,0,0
0,0.7977328007524548,1,1
1,0.9416799194328271,1,1
0,0.6067369153879817,1,0
1,0.7431169298089155,1,1
0,0.8390554185190641,1,1
1,0.8944815526266471,1,1
0,0.21367071879271943,0,0
0,0.6080281092441887,1,0
0,0.7678805302135949,1,1
0,0.2692141008177768,0,0
0,0.6778941606300479,1,0
0,0.6371061321195985,1,0
1,0.841668875824919,1,1
1,0.30061949235200924,0,0
0,0.9461187303140528,1,1
0,0.758709855004374,1,1
0,0.46066888416026086,0,0
0,0.2768751328806373,0,0
0,0.37992101240622905,0,0
1,0.5201334235275641,1,0
0,0.5812004473068834,1,0
0,0.8816256894109993,1,1
0,0.5458731360893861,1,0
1,0.6525752087697596,1,0
0,0.2941000977746966,0,0
1,0.8310169950586814,1,1
0,0.8111238521152359,1,1
0,0.8423557614874736,1,1
1,0.4887994344919948,0,0
1,0.5628794464248225,1,0
0,0.4506549646047336,0,0
0,0.21684410377040064,0,0
0,0.519549895484047,1,0
0,0.6829394383646744,1,0
0,0.9511735703303827,1,1
0,0.45474160335566616,0,0
1,0.8570099810197651,1,1
1,0.7082850064357544,1,1
0,0.4692581504738385,0,0
0,0.7419573752427249,1,1
1,0.9191081274766103,1,1
0,0.5164835559270249,1,0
0,0.6775369640045864,1,0
0,0.6192615543098469,1,0
1,0.9428263205698206,1,1
1,0.8587508015693349,1,1
1,0.6783711585862923,1,0
1,0.7979471002161437,1,1
1,0.6014439722460424,1,0
1,0.6206401218225597,1,0
0,0.3361817902591883,0,0
0,0.7618277457192191,1,1
1,0.5281061766887667,1,0
0,0.4181668937110921,0,0
0,0.1799764413009677,0,0
1,0.8605202645363065,1,1
0,0.6763842954548485,1,0
0,0.5646667914278395,1,0
0,0.9221600270581145,1,1
0,0.30231956024864703,0,0
1,0.8791396103942454,1,1
0,0.6110017245751531,1,0
0,0.7540123558284719,1,1
1,0.8838347091730038,1,1
0,0.6428041122916296,1,0
0,0.8137128940830064,1,1
0,0.8400940705565156,1,1
0,0.44393746104830484,0,0
0,0.15386224395867693,0,0
0,0.8298704187338601,1,1
1,0.9089406273643611,1,1
1,0.9502573277611303,1,1
0,0.09458592528154203,0,0
0,0.47218638423994796,0,0
0,0.40713939744003746,0,0
0,0.4585584921464926,0,0
0,0.5308477490827649,1,0
1,0.35219641454532247,0,0
0,0.3260178907919239,0,0
1,0.9390901846159245,1,1
0,0.2506275252700259,0,0
0,0.5096533394951122,1,0
1,0.8147034646696747,1,1
0,0.6255321687130317,1,0
0,0.8261274378372438,1,1
0,0.45708218499567826,0,0
1,0.8768227719168731,1,1
0,0.36981191654282797,0,0
0,0.3363581274739817,0,0
1,0.9542635787542133,1,1
0,0.5001708842048245,1,0
1,0.9061056561435933,1,1
0,0.5026480011492144,1,0
0,0.2639122460416978,0,0
0,0.17901815556398304,0,0
0,0.1474882538469093,0,0
0,0.2680044080016433,0,0
0,0.28172542163657155,0,0
1,0.9126692806122734,1,1
0,0.22701585791670123,0,0
1,0.8327861359301131,1,1
0,0.9056793232601477,1,1
0,0.21145004629121267,0,0
1,0.8922441424027121,1,1
0,0.5139975560297797,1,0
0,0.625229254185268,1,0
0,0.2791261626785965,0,0
1,0.9016495533241211,1,1
0,0.6229210805011403,1,0
0,0.5334721136753121,1,0
0,0.33809736423427345,0,0
1,0.7967521550257533,1,1
0,0.6453824712706473,1,0
0,0.24685111697422482,0,0
1,0.29824704871955215,0,0
1,0.6516449395613022,1,0
0,0.6848144454399507,1,0
0,0.3223835578010859,0,0
0,0.21497969837100722,0,0
0,0.2465904146084901,0,0
0,0.5011530117206866,1,0
0,0.355980559503232,0,0
0,0.13828983864032512,0,0
0,0.2105418454098165,0,0
1,0.8505797356325578,1,1
0,0.9510664489408753,1,1
0,0.3194052606013786,0,0
0,0.671274416420387,1,0
0,0.18580200771385494,0,0
1,0.8375645057475237,1,1
1,0.7609884483445364,1,1
1,0.9372968236565434,1,1
0,0.6161239248732416,1,0
1,0.9192705071441851,1,1
1,0.380668399443123,0,0
0,0.1555305247093667,0,0
0,0.5906991545464974,1,0
1,0.6442321225781373,1,0
0,0.19176981276868102,0,0
0,0.5525560992609573,1,0
0,0.37863806114895354,0,0
0,0.6139843253107414,1,0
0,0.26352456805481556,0,0
1,0.8105596548667279,1,1
0,0.4798754180123107,0,0
1,0.750824348788647,1,1
0,0.7047991829775059,1,1
0,0.5917397533935935,1,0
0,0.9233115255860014,1,1
1,0.8808734374139304,1,1
0,0.6506690795211286,1,0
0,0.6807089125665673,1,0
0,0.2847525529621424,0,0
1,0.9293657338801865,1,1
0,0.23535491856556257,0,0
1,0.8843241612554519,1,1
0,0.8627001821702549,1,1
0,0.5281089438177805,1,0
0,0.47726469495714396,0,0
0,0.21227764091337648,0,0
0,0.5362644785172969,1,0
0,0.9104345968493708,1,1
0,0.8880028407845917,1,1
0,0.2135523327565665,0,0
0,0.8242355675316632,1,1
1,0.6705961569214771,1,0
1,0.6812997396745535,1,0
0,0.5958362097839502,1,0
1,0.671772542242934,1,0
0,0.6178403237186993,1,0
0,0.3098416333680301,0,0
0,0.6188957809868522,1,0
0,0.4870788476213171,0,0
0,0.23636192874213285,0,0
0,0.31931036620471187,0,0
1,0.7661103434706779,1,1
1,0.6300741128951342,1,0
1,0.6704618899769706,1,0
0,0.4455322143398663,0,0
1,0.8589822834193191,1,1
1,0.9284208613916873,1,1
1,0.22157706852383785,0,0
1,0.9134907185348808,1,1
0,0.6107704949820936,1,0
1,0.7596405581846724,1,1
0,0.14751534441794995,0,0
0,0.5021241447569784,1,0
0,0.2933793314657051,0,0
0,0.5852709356996616,1,0
1,0.5440605745348862,1,0
0,0.16635313500974283,0,0
0,0.48050205836450105,0,0
1,0.8767482734466477,1,1
0,0.35826703956599476,0,0
0,0.6393432459221945,1,0
0,0.516934326648806,1,0
1,0.7958644060763422,1,1
0,0.24401702417077759,0,0
0,0.9397375815615446,1,1
0,0.659175424995786,1,0
0,0.8883314214093119,1,1
0,0.2835925284340839,0,0
1,0.9344054379890614,1,1
0,0.5871193837125458,1,0
0,0.6337400573845637,1,0
0,0.5454658083591887,1,0
1,0.8898547498524664,1,1
1,0.42216533900747366,0,0
1,0.8087332117605347,1,1
0,0.5424031705591422,1,0
0,0.5212762197845218,1,0
0,0.7482160570057981,1,1
0,0.5903646648907748,1,0
0,0.5774751952023643,1,0
0,0.8898295126538637,1,1
0,0.1736094741837601,0,0
1,0.6776447059488462,1,0
0,0.1605372215897868,0,0
0,0.6922611021568656,1,1
0,0.23198766213165758,0,0
0,0.9098688450492566,1,1
0,0.8587008201502184,1,1
0,0.8029384479792314,1,1
1,0.5393691651973765,1,0
0,0.2509147577861732,0,0
1,0.4666324964571707,0,0
1,0.8764871779140948,1,1
0,0.3583292579233467,0,0
0,0.6539732168565648,1,0
0,0.6431052348788879,1,0
1,0.9350402651849213,1,1
1,0.7189908531020031,1,1
1,0.8692542547840503,1,1
0,0.6599668124020656,1,0
1,0.7265065565019401,1,1
0,0.25902388745000005,0,0
1,0.8022530020672857,1,1
1,0.6129949606688695,1,0
0,0.6123631297260419,1,0
0,0.6626419287082825,1,0
1,0.6311677160825052,1,0
1,0.8396562315429569,1,1
0,0.2929417198110081,0,0
0,0.9215910609871125,1,1
0,0.1445457701279695,0,0
0,0.5682215113552684,1,0
0,0.9025069362367085,1,1
0,0.18082485329934048,0,0
1,0.8605101877938482,1,1
0,0.8727326640823259,1,1
1,0.6012945600468411,1,0
0,0.34552076720613895,0,0
1,0.7738176891238531,1,1
0,0.5575182145439466,1,0
0,0.6427315644346029,1,0
0,0.9190795599039133,1,1
1,0.8196592562098001,1,1
0,0.3470822268459643,0,0
1,0.9161899515421772,1,1
0,0.43739640037206656,0,0
1,0.8787099727353891,1,1
0,0.8748681474757164,1,1
0,0.501018504679636,1,0
0,0.5839024572942355,1,0
0,0.7591387864005246,1,1
1,0.706226138489634,1,1
1,0.6835174203007219,1,0
0,0.18079844841234588,0,0
0,0.22102661660201098,0,0
0,0.24978391736352165,0,0
1,0.8647234091787609,1,1
1,0.7254418098389455,1,1
0,0.2083666819645577,0,0
1,0.8897023862403326,1,1
1,0.839981747740545,1,1
0,0.5464070163713342,1,0
0,0.7900573413424177,1,1
0,0.9315166655913906,1,1
0,0.1337505979578127,0,0
0,0.38899494735400436,0,0
1,0.92123770426804,1,1
0,0.18638863878362588,0,0
0,0.5654140731501336,1,0
0,0.611581250562834,1,0
0,0.41176312638215984,0,0
0,0.5097963818340052,1,0
1,0.6435865049691306,1,0
1,0.7824297718089359,1,1
1,0.648370175936987,1,0
0,0.6135622310255674,1,0
0,0.567780468714009,1,0
0,0.34186683265128864,0,0
1,0.9215910609871125,1,1
0,0.6642944963114684,1,0
0,0.9210781055436312,1,1
0,0.5300415744168466,1,0
0,0.5496829450160822,1,0
1,0.8337589250592522,1,1
0,0.7339556640654228,1,1
1,0.5113272689175677,1,0
0,0.6302224674028754,1,0
0,0.41683955730020184,0,0
0,0.15763319563891526,0,0
0,0.49363124616530096,0,0
0,0.806176498608294,1,1
1,0.8535557503340823,1,1
0,0.5040994279314799,1,0
0,0.556201873191367,1,0
1,0.9006269107492773,1,1
0,0.22198082747666242,0,0
0,0.5577467871983336,1,0
0,0.37461360554151185,0,0
0,0.7044939153630452,1,1
0,0.46783182203778656,0,0
1,0.8839207235409845,1,1
0,0.4460270170054194,0,0
0,0.6894343158028813,1,0
1,0.39626689690711,0,0
0,0.8583973776203109,1,1
0,0.5460729370021374,1,0
0,0.6621104978463159,1,0
0,0.387664491614727,0,0
0,0.4543050237830447,0,0
1,0.6081478848058349,1,0
1,0.904556158329174,1,1
0,0.37150167295855696,0,0
0,0.541594035650907,1,0
1,0.8996021302401743,1,1
1,0.6387567327022587,1,0
0,0.8181615560002231,1,1
0,0.18161332576954967,0,0
1,0.8889030133029474,1,1
0,0.6584988348027512,1,0
0,0.4528774917038152,0,0
0,0.6832834757625236,1,0
1,0.8125807544419555,1,1
1,0.8929899082554841,1,1
0,0.802570919286767,1,1
0,0.22689354322183974,0,0
1,0.6402261266082678,1,0
0,0.5930376210480324,1,0
0,0.8099748492967974,1,1
1,0.7708676140035289,1,1
0,0.23283161812124523,0,0
0,0.26143438408447256,0,0
0,0.9469309421743787,1,1
0,0.8743139974524854,1,1
0,0.4527168551006804,0,0
0,0.7019148255631285,1,1
0,0.5983117574513146,1,0
0,0.14407757320855147,0,0
0,0.61089159381214,1,0
0,0.7218066020093814,1,1
0,0.4900686642207127,0,0
0,0.27567110616382884,0,0
1,0.9540018574405278,1,1
0,0.8712745396768617,1,1
0,0.37352302863698106,0,0
1,0.8070616179150617,1,1
0,0.6477669831577698,1,0
0,0.15362153968939732,0,0
1,0.8486725750045755,1,1
1,0.9306860016995447,1,1
1,0.8803962280958362,1,1
0,0.6907084284468853,1,1
0,0.6313000066109785,1,0
0,0.8937336073471855,1,1
0,0.8860449280119008,1,1
1,0.2795652804693982,0,0
1,0.7674177914356571,1,1
1,0.607195098909556,1,0
0,0.4396801730312585,0,0
1,0.688200724973057,1,0
0,0.6620338713747373,1,0
1,0.6217058133949854,1,0
0,0.7924967739526732,1,1
0,0.456821496065111,0,0
1,0.8998246439235404,1,1
0,0.45827605197565147,0,0
0,0.4399241626089407,0,0
0,0.4882244475367931,0,0
0,0.3091831614823087,0,0
0,0.8874706663451719,1,1
0,0.6627247449278896,1,0
0,0.9217624542112122,1,1
1,0.2714048669917142,0,0
0,0.3496796741513467,0,0
0,0.5303830762376627,1,0
0,0.472813033016743,0,0
1,0.9474053837763916,1,1
0,0.21942727305222567,0,0
0,0.4273825897134202,0,0
1,0.36334647274320486,0,0
0,0.30266357624837015,0,0
0,0.4717707634261708,0,0
1,0.8984563027786254,1,1
0,0.6577794350281325,1,0
1,0.8048479632041693,1,1
0,0.19774855141442427,0,0
1,0.9010667634066055,1,1
0,0.7554839454160484,1,1
1,0.8845375906242561,1,1
0,0.1781352425848743,0,0
0,0.33015285090378915,0,0
0,0.8896330074503804,1,1
1,0.9486795035097983,1,1
0,0.6673257589813526,1,0
0,0.9106144882569726,1,1
0,0.5890781196770642,1,0
1,0.9196269584812093,1,1
1,0.6963059052874921,1,1
0,0.9152122329302165,1,1
0,0.38366686763000657,0,0
1,0.969709509042916,1,1
0,0.8652540070153076,1,1
0,0.7917935177744069,1,1
1,0.2928200788931936,0,0
0,0.48025433055638156,0,0
0,0.8518316468764843,1,1
1,0.35291463815402535,0,0
0,0.19352376339044597,0,0
1,0.6370812397597392,1,0
0,0.9565395722803087,1,1
0,0.734950905022161,1,1
0,0.5406118544945651,1,0
0,0.3423128618479696,0,0
0,0.40104827429740003,0,0
1,0.7331487449086908,1,1
0,0.7560849493640966,1,1
0,0.9214801081125912,1,1
0,0.2365659298899011,0,0
0,0.6394405135316582,1,0
0,0.6978503878198766,1,1
0,0.3040572993933126,0,0
0,0.7067731499100774,1,1
0,0.4124406992361311,0,0
1,0.9508375464033556,1,1
0,0.8687575935447479,1,1
0,0.7617778821847827,1,1
1,0.5484404883644792,1,0
0,0.5911290674071316,1,0
1,0.6731635972968829,1,0
1,0.9372229885443676,1,1
1,0.5174951804520733,1,0
1,0.6966660348102682,1,1
0,0.27839530864394546,0,0
0,0.12712112856253274,0,0
0,0.58025759428631,1,0
1,0.9548531279322509,1,1
1,0.8585600449518936,1,1
0,0.658064061261246,1,0
0,0.18307352229318166,0,0
1,0.8490115174661952,1,1
0,0.5345865920993849,1,0
1,0.7840529415830335,1,1
0,0.8265089726684013,1,1
0,0.4281551529368644,0,0
1,0.21755616833048638,0,0
1,0.8152317911672821,1,1
0,0.44965303656038935,0,0
0,0.4601846844807727,0,0
1,0.7223731033624462,1,1
0,0.18342720288819475,0,0
0,0.3733767937606901,0,0
1,0.9394531522598148,1,1
1,0.8943840301453125,1,1
1,0.9226291886034059,1,1
1,0.5933713273776245,1,0
0,0.21652207047127256,0,0
1,0.8481933120687868,1,1
0,0.2407990616594224,0,0
0,0.8363653297550607,1,1
0,0.3415069455550533,0,0
0,0.5775176033500633,1,0
1,0.6130095870720655,1,0
0,0.3092843623130112,0,0
1,0.9331427408185113,1,1
1,0.7159345761955894,1,1
0,0.5869215648413889,1,0
0,0.40827298031439857,0,0
0,0.7322166154606394,1,1
0,0.49028425806014553,0,0
1,0.49470506965983635,0,0
1,0.5938633848390836,1,0
0,0.6463882928905712,1,0
0,0.8147694089763734,1,1
1,0.9281722268868969,1,1
0,0.33916349163774384,0,0
1,0.8350691157497667,1,1
0,0.6718577709123766,1,0
1,0.8168661234576284,1,1
1,0.8768529050054802,1,1
0,0.16035391366399443,0,0
0,0.6914986127560563,1,1
0,0.33449441601161073,0,0
0,0.6171163287150959,1,0
0,0.7867160872583766,1,1
0,0.6438535789824738,1,0
0,0.535522887787886,1,0
1,0.9570802956346236,1,1
0,0.12991865749672424,0,0
0,0.5648071519018041,1,0
1,0.8840535669673946,1,1
0,0.19386710579768313,0,0
0,0.2939943180634381,0,0
0,0.36071342115068544,0,0
0,0.5890224805359375,1,0
1,0.7207330615439168,1,1
0,0.17559603031066706,0,0
0,0.7485572837277479,1,1
1,0.27053681773172833,0,0
0,0.33796492141431894,0,0
0,0.39340442150879595,0,0
1,0.8050850949885848,1,1
1,0.6491897544852788,1,0
0,0.1160915925970137,0,0
0,0.7144392173873748,1,1
0,0.42726897578582096,0,0
0,0.2939631000909921,0,0
0,0.32681143103007715,0,0
1,0.9119421440192955,1,1
0,0.19295470508225337,0,0
1,0.8002861457402604,1,1
1,0.8486162725430354,1,1
1,0.5587215175961429,1,0
0,0.37062056815846756,0,0
0,0.1938990355464532,0,0
0,0.5838129318171993,1,0
1,0.6257099380136552,1,0
0,0.5943407249182833,1,0
1,0.9284562823320562,1,1
0,0.3544760489876312,0,0
1,0.20982288849208233,0,0
0,0.2648174711668659,0,0
0,0.9263039240027597,1,1
0,0.8499571431281856,1,1
1,0.8873029962604807,1,1
1,0.6368506623077272,1,0
0,0.3177084007871042,0,0
0,0.4719881083453164,0,0
0,0.4628144340596155,0,0
0,0.3700009942784839,0,0
1,0.9039511463967969,1,1
0,0.558504408391613,1,0
0,0.5270540873703166,1,0
0,0.7820854020290436,1,1
0,0.34058333894120235,0,0
1,0.8775897945011938,1,1
0,0.6292553454175461,1,0
1,0.8572557468031614,1,1
0,0.7751128490830058,1,1
0,0.6180326581430512,1,0
1,0.9481275507374068,1,1
0,0.93464398784847,1,1
1,0.8308985287627616,1,1
0,0.2961479701245419,0,0
1,0.9660719119704536,1,1
0,0.5318659838946381,1,0
1,0.9367339200951968,1,1
1,0.7828113817425307,1,1
0,0.7694828940635757,1,1
1,0.7847179894013171,1,1
0,0.1988418832514056,0,0
0,0.6225972072570405,1,0
0,0.9571089880008916,1,1
0,0.9257981275524381,1,1
0,0.45841138441888424,0,0
0,0.3182816210323101,0,0
0,0.3176555569713508,0,0
0,0.6845282188301711,1,0
0,0.3471153623307391,0,0
0,0.848324442047322,1,1
0,0.49087922844372694,0,0
0,0.13445680524556392,0,0
0,0.2957468907573597,0,0
1,0.8234333199620275,1,1
1,0.8828085670693036,1,1
0,0.6448921956421201,1,0
1,0.9594121983016958,1,1
0,0.5893245671628712,1,0
0,0.2286250668352235,0,0
1,0.7162151795536633,1,1
0,0.6588418842978782,1,0
1,0.5687663464927447,1,0
0,0.47484577993544225,0,0
0,0.14273067545978904,0,0
0,0.9500684774972972,1,1
0,0.520715985670911,1,0
1,0.4879181017393564,0,0
0,0.5970822618370291,1,0
0,0.8368142264036804,1,1
1,0.6159819441586774,1,0
0,0.20422271878850232,0,0
1,0.8629196721339458,1,1
0,0.7311803598041242,1,1
0,0.9076212901527838,1,1
0,0.18508670685462394,0,0
1,0.7590142259559505,1,1
0,0.21709955913269166,0,0
0,0.4943226041216587,0,0
0,0.6456614171554271,1,0
0,0.3619243447602807,0,0
0,0.481209990417264,0,0
1,0.8407814300999873,1,1
0,0.5524806967160628,1,0
0,0.5196129515593649,1,0
0,0.6629239208431253,1,0
0,0.6577429254116809,1,0
0,0.6553800143841243,1,0
0,0.7013168060098594,1,1
0,0.6414368183741509,1,0
0,0.4261388312583799,0,0
0,0.7288727507327389,1,1
0,0.6607569694017108,1,0
1,0.9113301634935462,1,1
1,0.8552868587321114,1,1
1,0.8414346228084137,1,1
0,0.6290663346010489,1,0
1,0.5698026902244663,1,0
0,0.24320094078928892,0,0
1,0.7013899042072166,1,1
1,0.7441764358271712,1,1
0,0.9420167003177072,1,1
0,0.1345998028594022,0,0
0,0.8454813400320508,1,1
1,0.7564408593485313,1,1
0,0.9365529452326097,1,1
1,0.7832406045226331,1,1
0,0.6268440058131057,1,0
0,0.9024115320302726,1,1
0,0.6640119014889938,1,0
1,0.7659185865399497,1,1
1,0.9114544270175421,1,1
0,0.18195691508868012,0,0
0,0.7053065364624981,1,1
0,0.6847065892345082,1,0
0,0.7686816509248507,1,1
1,0.8931552064889245,1,1
1,0.8433668752622743,1,1
1,0.6755830057658767,1,0
0,0.24735737055954937,0,0
0,0.8276562759806357,1,1
1,0.8278854925485779,1,1
1,0.9265696470479958,1,1
0,0.4447376910363066,0,0
0,0.9173179526805819,1,1
0,0.47297406295458594,0,0
0,0.7120423991196355,1,1
0,0.24847103935799464,0,0
1,0.9191083729913235,1,1
1,0.9289460410449656,1,1
1,0.681303207824689,1,0
0,0.6355165054981331,1,0
0,0.5061906592487264,1,0
1,0.8620517548916103,1,1
1,0.8976552192334696,1,1
0,0.20854776718492546,0,0
1,0.13827460391206936,0,0
0,0.2866203675705766,0,0
0,0.40303170091052465,0,0
1,0.7193074007610974,1,1
1,0.8037727547339131,1,1
0,0.771780773696487,1,1
1,0.7857080100358337,1,1
0,0.16182674030078215,0,0
1,0.7027219158167851,1,1
1,0.7002638791903134,1,1
0,0.502721458150362,1,0
0,0.5519254875679632,1,0
0,0.9262847862792754,1,1
0,0.5473691747347046,1,0
0,0.7497998989816096,1,1
0,0.34271025499017516,0,0
0,0.3089532839727866,0,0
1,0.8097156642252574,1,1
0,0.6417254296119594,1,0
1,0.880664660113596,1,1
0,0.5462296100798933,1,0
0,0.6386154448915196,1,0
0,0.4308285833747897,0,0
0,0.18188824276341253,0,0
0,0.45792403225973166,0,0
1,0.8792043593654824,1,1
0,0.3976702157843593,0,0
1,0.7653091806290846,1,1
0,0.3400283518857733,0,0
1,0.94945499106663,1,1
0,0.7100461057668325,1,1
1,0.8550195230832504,1,1
1,0.15666319785604887,0,0
0,0.4653911203012898,0,0
1,0.807786326747789,1,1
0,0.6165221892427606,1,0
0,0.21065509311174785,0,0
0,0.43306696941072215,0,0
1,0.6348377108646074,1,0
1,0.9419145987455719,1,1
0,0.34572228672137845,0,0
0,0.9362357343186934,1,1
0,0.4867244105583099,0,0
0,0.3710908521932753,0,0
0,0.25601182590355837,0,0
0,0.18244053815407918,0,0
1,0.7707338049929482,1,1
1,0.774903300421332,1,1
0,0.6060795416697466,1,0
0,0.6399914642150851,1,0
1,0.9263772192960122,1,1
0,0.26268074611815245,0,0
1,0.8827570455744433,1,1
1,0.7188202409882477,1,1
1,0.8802270885789016,1,1
0,0.18141631006485945,0,0
0,0.20425521327657742,0,0
0,0.3028819008407104,0,0
1,0.5003927001843131,1,0
0,0.6200827306729841,1,0
0,0.40538675313895123,0,0
0,0.44406034300134883,0,0
1,0.95541319841548,1,1
0,0.6455270209808759,1,0
0,0.7953362348779728,1,1
0,0.2496475686279283,0,0
1,0.7980362318565503,1,1
0,0.9025745998299695,1,1
0,0.39605920870147426,0,0
0,0.25340306245060695,0,0
0,0.5467675826216307,1,0
0,0.3108538555968605,0,0
0,0.6822791734219448,1,0
0,0.6632527312995925,1,0
1,0.9084470284064204,1,1
1,0.12207853896803321,0,0
0,0.8127029226501662,1,1
0,0.3345129638408015,0,0
1,0.7834124864600843,1,1
1,0.7322211351441057,1,1
0,0.493127208909112,0,0
0,0.714645213112101,1,1
0,0.4827046895873939,0,0
1,0.8234004918925671,1,1
1,0.6009853950692763,1,0
0,0.2254666721690557,0,0
0,0.6068386536550993,1,0
1,0.8668202930145172,1,1
0,0.6213684754965623,1,0
1,0.9484130518006428,1,1
0,0.49034790426389974,0,0
1,0.43884358061731665,0,0
0,0.1864855902927145,0,0
1,0.8410726916477533,1,1
0,0.2489852565926185,0,0
1,0.9388229767594507,1,1
0,0.6840371464122087,1,0
1,0.3017023465168458,0,0
0,0.6926822343861105,1,1
1,0.7804388864323601,1,1
0,0.20598641805730247,0,0
0,0.7575981604007205,1,1
0,0.1307114974238527,0,0
0,0.2856667125726546,0,0
1,0.8328811696913537,1,1
0,0.7294633289676684,1,1
0,0.749725774008761,1,1
0,0.5722970921758672,1,0
1,0.711457187696732,1,1
1,0.8090921855594508,1,1
0,0.4340424175494333,0,0
1,0.9399280006336147,1,1
1,0.8140128632026854,1,1
0,0.6417203578429628,1,0
0,0.7313951501948368,1,1
1,0.6480187595568792,1,0
1,0.7829259922960501,1,1
0,0.785079877304298,1,1
0,0.21719594656554603,0,0
1,0.7550939532049761,1,1
0,0.35829743100306255,0,0
0,0.6809340828592293,1,0
0,0.540787343146894,1,0
1,0.6048625710793536,1,0
0,0.5674329384227529,1,0
0,0.2546240801300211,0,0
0,0.7019852280809834,1,1
0,0.5366133890065261,1,0
1,0.9632606174631879,1,1
1,0.9298503593626913,1,1
1,0.5950100516203126,1,0
0,0.5810417399883212,1,0
0,0.13467784833283777,0,0
1,0.9135835034827425,1,1
0,0.397359284085033,0,0
0,0.4700145228331623,0,0
0,0.39699490097939405,0,0
0,0.8719462339971004,1,1
1,0.952778669902642,1,1
0,0.3182748615861249,0,0
1,0.32213198546015825,0,0
0,0.6206049568568831,1,0
0,0.2223670676736257,0,0
0,0.8593824475895929,1,1
0,0.34712049948598156,0,0
0,0.1430138237140955,0,0
0,0.5728729612400978,1,0
0,0.8316241678726992,1,1
1,0.9068865380135361,1,1
0,0.3581493687700039,0,0
1,0.8541040205233714,1,1
0,0.3628836123733392,0,0
0,0.7852532175895572,1,1
0,0.6736768438134867,1,0
0,0.7461272556427088,1,1
1,0.9074453743153457,1,1
0,0.7929121245613443,1,1
1,0.9022198826476763,1,1
0,0.9245632140487483,1,1
0,0.45812596551422213,0,0
1,0.6996714415821689,1,1
0,0.34707609313094906,0,0
1,0.9224119439945949,1,1
1,0.9060874832886161,1,1
0,0.29798409702525647,0,0
0,0.7748223500498604,1,1
0,0.923317189534479,1,1
0,0.7578451111089515,1,1
0,0.5811696117731227,1,0
1,0.8985884642384395,1,1
0,0.569078183578303,1,0
1,0.6096958855751942,1,0
0,0.49563939378787275,0,0
1,0.8210787700910327,1,1
0,0.6439231034557733,1,0
0,0.5717798122698018,1,0
0,0.10749870771900767,0,0
0,0.6222246793757228,1,0
1,0.9491258231585032,1,1
0,0.9577691910367949,1,1
0,0.8335664158087662,1,1
0,0.36140789847886384,0,0
0,0.47587258909379654,0,0
1,0.5158068977439794,1,0
1,0.5242493057293056,1,0
0,0.20629052452064597,0,0
0,0.312173837836688,0,0
0,0.33088130469791316,0,0
0,0.3248279432150398,0,0
0,0.6288015455543251,1,0
1,0.837685497063834,1,1
0,0.4572501766861858,0,0
1,0.6731481338108681,1,0
1,0.8762415451036254,1,1
0,0.14945018836614132,0,0
0,0.7943781516350514,1,1
1,0.7006610175955706,1,1
0,0.8408548403779026,1,1
0,0.5938405539316858,1,0
1,0.8809927974848035,1,1
0,0.6488075957661936,1,0
0,0.842162793297442,1,1
1,0.8853712541362249,1,1
1,0.6799573854373584,1,0
0,0.2297984092496653,0,0
0,0.6506317504846152,1,0
0,0.18102061029373578,0,0
0,0.7756387206670922,1,1
0,0.39885997527334377,0,0
0,0.6845044862923096,1,0
0,0.19519421479636986,0,0
0,0.43446590650235695,0,0
0,0.5900863676224901,1,0
0,0.4117306281062847,0,0
0,0.7838273045048241,1,1
1,0.35141656615234906,0,0
0,0.8398598110055091,1,1
1,0.8656799844659133,1,1
0,0.13136366094658666,0,0
1,0.9246375606653713,1,1
0,0.40301397555822194,0,0
1,0.7054234368366985,1,1
1,0.9105638117001824,1,1
0,0.18210778653280663,0,0
0,0.4603417106459525,0,0
0,0.6882138344946958,1,0
0,0.5702564973460283,1,0
1,0.9013002842937327,1,1
0,0.7110676740074091,1,1
1,0.5513877036857808,1,0
0,0.4402268151591669,0,0
0,0.49163931415487205,0,0
1,0.48972095143863054,0,0
1,0.3635812790799973,0,0
0,0.39968949873864873,0,0
0,0.589503624358835,1,0
0,0.5833992942580049,1,0
0,0.48832992534130854,0,0
0,0.10940107582929523,0,0
0,0.8099019757871332,1,1
0,0.19485048437939567,0,0
1,0.6707901319046782,1,0
0,0.27132225528336357,0,0
1,0.9664855935096375,1,1
1,0.7037893053753994,1,1
0,0.16553003691495471,0,0
1,0.9107294970936664,1,1
0,0.29037659155154294,0,0
0,0.4901837675093038,0,0
0,0.30183338829218664,0,0
0,0.27536197633829607,0,0
1,0.6654346586803129,1,0
0,0.5572043335400757,1,0
0,0.7730369607010042,1,1
0,0.690708298966013,1,1
1,0.6462257982467361,1,0
1,0.5320480386146874,1,0
0,0.47221714684546945,0,0
0,0.782673267207653,1,1
1,0.739813002457471,1,1
0,0.8500447501315459,1,1
1,0.7194496969230714,1,1
0,0.4536199319148388,0,0
0,0.8769051342447901,1,1
0,0.4906865120513322,0,0
0,0.25334498276757095,0,0
1,0.23558838576799812,0,0
1,0.2783155284388314,0,0
0,0.5895193092036445,1,0
0,0.7642737368449544,1,1
0,0.31651710936160077,0,0
1,0.8515107438175791,1,1
0,0.32698420757956187,0,0
0,0.37266403721850955,0,0
0,0.3365925473284222,0,0
0,0.6184809616803565,1,0
0,0.5440495795867892,1,0
1,0.6639189756074584,1,0
0,0.5837509315755232,1,0
0,0.3366335514589214,0,0
1,0.9229133566705903,1,1
0,0.4285435819618341,0,0
0,0.6423609598622706,1,0
0,0.5595495105734066,1,0
1,0.9449276562083936,1,1
1,0.39337607252539775,0,0
0,0.48182704386000624,0,0
0,0.5094634677452355,1,0
0,0.37573684325862416,0,0
1,0.4764805096876561,0,0
0,0.6289269911110708,1,0
0,0.23890454165812666,0,0
0,0.8717771954279806,1,1
0,0.23109129549947,0,0
0,0.5862816849017554,1,0
1,0.9036517233873755,1,1
0,0.6014523004559829,1,0
0,0.8226066034169557,1,1
1,0.19795590888350614,0,0
1,0.8859252251155122,1,1
0,0.22063153591278226,0,0
1,0.6476344796593749,1,0
0,0.7749766435817824,1,1
0,0.670858889609068,1,0
1,0.7935077627715876,1,1
0,0.8794937073403226,1,1
1,0.9170742011088934,1,1
1,0.864305356387697,1,1
0,0.43186946382872726,0,0
0,0.36787814977897876,0,0
0,0.9180204636760785,1,1
0,0.3422355775409476,0,0
0,0.3527100100464392,0,0
0,0.6909540218656124,1,1
0,0.6541671378589912,1,0
0,0.8642077384585606,1,1
0,0.7401969379616337,1,1
0,0.5070823059958279,1,0
0,0.5970927151036509,1,0
0,0.6156655114995743,1,0
0,0.5185042825210888,1,0
0,0.1582336280063035,0,0
1,0.8766459050687304,1,1
1,0.9393683520467633,1,1
0,0.1566597774803464,0,0
1,0.5212027267137128,1,0
0,0.6679349110985986,1,0
0,0.24638589466522612,0,0
0,0.7811167739665854,1,1
1,0.6781389163053672,1,0
1,0.7956610824051329,1,1
0,0.8848734779369829,1,1
0,0.755152698639135,1,1
0,0.34539823088168403,0,0
0,0.46552395663932106,0,0
0,0.5959832571705884,1,0
0,0.46267915903217804,0,0
0,0.9225480826190227,1,1
1,0.7888398269234171,1,1
0,0.7534572382678895,1,1
0,0.33138632464656453,0,0
0,0.741064304085425,1,1
0,0.1865603906396952,0,0
0,0.5765528074179643,1,0
0,0.6887642312581103,1,0
1,0.781111257830557,1,1
1,0.8274599605826158,1,1
0,0.2882016262359192,0,0
0,0.9653217734478936,1,1
0,0.8142026651837632,1,1
0,0.695090195979358,1,1
1,0.951146987300178,1,1
0,0.6035399728982429,1,0
0,0.8867322860011817,1,1
0,0.7375191755031895,1,1
1,0.7094092627555363,1,1
1,0.8846194718314306,1,1
1,0.836464673567531,1,1
0,0.3594071477877633,0,0
0,0.6081106114836946,1,0
1,0.8753230890884038,1,1
0,0.4721354234789064,0,0
0,0.3637278447046445,0,0
0,0.7082952043129892,1,1
0,0.6316297046069119,1,0
0,0.3048199498551927,0,0
0,0.42291808564658717,0,0
0,0.5742453619594797,1,0
0,0.5684160088773608,1,0
0,0.7531314653854745,1,1
1,0.8161767578004198,1,1
0,0.5121265969375207,1,0
0,0.5518261860324717,1,0
0,0.8305571323469084,1,1
0,0.3055513466724444,0,0
0,0.5988792514934522,1,0
0,0.13824415356957584,0,0
1,0.1983790460621028,0,0
0,0.39456051368574635,0,0
1,0.5328407342086691,1,0
1,0.7590879356256833,1,1
1,0.8536618681142631,1,1
1,0.7704131897722188,1,1
1,0.7909308618694516,1,1
1,0.28927575545335715,0,0
1,0.855274988518547,1,1
0,0.25512551729402777,0,0
1,0.8660142182705702,1,1
0,0.25416916074828644,0,0
0,0.22029827924377285,0,0
0,0.5407729429548787,1,0
0,0.5195871785316679,1,0
1,0.824904877476944,1,1
1,0.9435246934496295,1,1
0,0.695147964580633,1,1
1,0.3612503515145408,0,0
1,0.5305971301764235,1,0
0,0.527633481001196,1,0
0,0.18689300558816438,0,0
0,0.2382547078699379,0,0
0,0.7774095956053977,1,1
1,0.9431960021214071,1,1
1,0.7166860665839077,1,1
1,0.18437899729082116,0,0
0,0.5480717852224165,1,0
0,0.501852195875443,1,0
0,0.3298829890924588,0,0
1,0.9416863798033112,1,1
0,0.3652061563453955,0,0
0,0.22296145806480044,0,0
1,0.7682816981424005,1,1
0,0.6574026722217994,1,0
1,0.6722910719977299,1,0
0,0.6709741331645696,1,0
1,0.7886080077557952,1,1
0,0.2513244424752573,0,0
0,0.6345808405376238,1,0
0,0.2625231835313508,0,0
0,0.2932755118162263,0,0
0,0.6690681488390664,1,0
1,0.8773127224974304,1,1
0,0.9107416553466781,1,1
0,0.8342137985934974,1,1
1,0.7888474067524952,1,1
1,0.8216029141094287,1,1
0,0.31108065551942204,0,0
1,0.844147702637748,1,1
0,0.21334295129195904,0,0
0,0.8790061449496472,1,1
0,0.7288058228079565,1,1
0,0.6023606911629223,1,0
0,0.5590612661603046,1,0
0,0.32055822906067005,0,0
0,0.6134965699603586,1,0
1,0.9077964060291677,1,1
1,0.7375450329649452,1,1
0,0.339704458224034,0,0
0,0.43059210909885404,0,0
0,0.4252477017054007,0,0
1,0.44104299217327736,0,0
0,0.47337536709898603,0,0
0,0.6067016928149808,1,0
0,0.7188456876377642,1,1
0,0.43990108530653754,0,0
0,0.4765833849833605,0,0
0,0.22166741710400015,0,0
0,0.24218121631578626,0,0
0,0.4077730081275147,0,0
0,0.3660901044018563,0,0
1,0.8451820915883711,1,1
1,0.8610290597766433,1,1
1,0.7145831593068324,1,1
1,0.8824158570095946,1,1
0,0.7804887078568726,1,1
0,0.8854918089625287,1,1
0,0.4519868811581023,0,0
0,0.43857100067383914,0,0
0,0.9571706114225553,1,1
0,0.9364925269737107,1,1
0,0.351736434473585,0,0
1,0.6142869002580884,1,0
1,0.8565318107546243,1,1
0,0.623684909698172,1,0
0,0.28769980357759434,0,0
0,0.1565509517612822,0,0
1,0.3891623422132082,0,0
1,0.7750165469784238,1,1
0,0.7319686793643044,1,1
0,0.661589045479412,1,0
0,0.7089261880831192,1,1
0,0.8268313016668579,1,1
0,0.2812343736712196,0,0
0,0.3505956977722354,0,0
0,0.4898489733608251,0,0
1,0.6816302372974873,1,0
0,0.5960654649189335,1,0
0,0.5878490387268829,1,0
0,0.2151446087408838,0,0
0,0.5146225801448533,1,0
0,0.3041187255896311,0,0
0,0.11981614693134267,0,0
0,0.29713916856918304,0,0
0,0.31466516708247905,0,0
1,0.857890900815787,1,1
1,0.677832925056471,1,0
1,0.6572070205547831,1,0
0,0.3609502061399003,0,0
1,0.8076287071548991,1,1
1,0.6503372063738139,1,0
1,0.7446579210496264,1,1
0,0.6976353402151529,1,1
1,0.5025525787922306,1,0
0,0.17383436229773494,0,0
0,0.12631466679698528,0,0
1,0.9018514712527022,1,1
0,0.8850136581813222,1,1
0,0.491337032934559,0,0
1,0.792143230216739,1,1
1,0.5274104556731698,1,0
0,0.557523130408874,1,0
0,0.16403585901766224,0,0
0,0.5168924133985071,1,0
0,0.5705241885472104,1,0
0,0.35310175157476936,0,0
0,0.6440177717783263,1,0
0,0.9275820727481638,1,1
0,0.6061274306589413,1,0
0,0.3793854207858604,0,0
0,0.5719903833750762,1,0
0,0.3750982353660047,0,0
0,0.8961618159561785,1,1
0,0.747968728800549,1,1
0,0.7624610591600273,1,1
0,0.20973835013660133,0,0
0,0.25704992752887473,0,0
1,0.9412895573017351,1,1
1,0.8933111436200926,1,1
0,0.5255611801351618,1,0
0,0.607988790323831,1,0
0,0.4870036170168482,0,0
0,0.2674126992814871,0,0
1,0.7861836743734634,1,1
0,0.38807451998497433,0,0
0,0.45511576031344475,0,0
0,0.7526442315797743,1,1
0,0.35247890522525943,0,0
0,0.6706299206553406,1,0
0,0.43584242997637196,0,0
1,0.6707699142467175,1,0
0,0.5836275495330977,1,0
0,0.8406188530842355,1,1
1,0.3857286853202875,0,0
0,0.6788889292501599,1,0
0,0.8319157408483201,1,1
0,0.7837751926102855,1,1
0,0.3640205528665144,0,0
0,0.16644160541963826,0,0
0,0.6222622572213338,1,0
1,0.9399005147969822,1,1
0,0.7517927302640822,1,1
1,0.7933494562921481,1,1
1,0.9313372540794385,1,1
0,0.6607242951723423,1,0
0,0.5782252952075431,1,0
0,0.43914540424443044,0,0
0,0.4824248017020173,0,0
0,0.4146889971321251,0,0
0,0.2996641482287759,0,0
0,0.5823106063983886,1,0
0,0.661202270931451,1,0
0,0.2861598684896071,0,0
1,0.9167161910677653,1,1
0,0.8118293566783675,1,1
1,0.8575828374627112,1,1
1,0.8864342931582614,1,1
1,0.936080548208598,1,1
0,0.44338901489638394,0,0
0,0.33514365305714605,0,0
1,0.8777168181319663,1,1
0,0.9042453999548044,1,1
0,0.7321299703228116,1,1
0,0.2671875746195389,0,0
0,0.35766316468314896,0,0
0,0.5291743373648167,1,0
1,0.38695908896816056,0,0
1,0.9297039536453274,1,1
1,0.5411121616309279,1,0
1,0.9418132344718839,1,1
1,0.8808063459057169,1,1
0,0.38152101923661524,0,0
0,0.568920897438216,1,0
1,0.7718921583726581,1,1
1,0.7621712689806293,1,1
0,0.539140271101273,1,0
0,0.13202037222181398,0,0
0,0.2516583566852367,0,0
1,0.9360085150242434,1,1
0,0.15341998276246768,0,0
0,0.46188688389171184,0,0
1,0.7533935744405806,1,1
1,0.9270063464791045,1,1
0,0.7245834217400139,1,1
0,0.40789845863835766,0,0
1,0.3907106048822923,0,0
0,0.30832997112553245,0,0
1,0.9616937610216933,1,1
0,0.5535187809010723,1,0
0,0.33913856949374227,0,0
0,0.31842389309675107,0,0
0,0.8033954473770656,1,1
0,0.35584324218365637,0,0
1,0.8712194487789218,1,1
0,0.18483304460304745,0,0
1,0.7687050213740835,1,1
0,0.3789895767678473,0,0
0,0.44677093622734737,0,0
0,0.21634188954785752,0,0
0,0.926000681836962,1,1
0,0.5377365599270929,1,0
0,0.21810468284172016,0,0
1,0.9361507467045324,1,1
0,0.2579356798818304,0,0
1,0.7482333501829456,1,1
0,0.7093548033830851,1,1
1,0.2941596835867989,0,0
0,0.5836392393064899,1,0
0,0.682554636904261,1,0
1,0.9069223202612036,1,1
0,0.8806909440816745,1,1
1,0.7845757357287095,1,1
0,0.644860135276535,1,0
1,0.8483466132388063,1,1
0,0.8261757930845808,1,1
1,0.6875850144266136,1,0
0,0.8797789908994006,1,1
0,0.4303375871631603,0,0
1,0.6814656174019237,1,0
1,0.8423984440707488,1,1
0,0.2685305114298185,0,0
1,0.3818457821502247,0,0
0,0.4012972919121989,0,0
0,0.17300814844912912,0,0
0,0.39809701151647287,0,0
0,0.625005352415967,1,0
1,0.9178200669811305,1,1
0,0.6421216113922704,1,0
0,0.4355118866124828,0,0
0,0.766382933756542,1,1
1,0.5935524841298924,1,0
0,0.835008081692664,1,1
0,0.6638399008332574,1,0
1,0.6215363718532848,1,0
1,0.6129350216714196,1,0
1,0.8869257859068644,1,1
1,0.8469592481526433,1,1
0,0.7588033431216745,1,1
0,0.29231440905486183,0,0
1,0.7243520379936756,1,1
0,0.2997198165973518,0,0
1,0.811266724484234,1,1
0,0.7978632381640425,1,1
0,0.8284098056777768,1,1
0,0.8347096499060795,1,1
0,0.5024666058558185,1,0
1,0.9311119253190416,1,1
0,0.24798265614977819,0,0
0,0.5517792717748305,1,0
0,0.803600796722766,1,1
1,0.731713720245532,1,1
0,0.8345062488891083,1,1
1,0.23764173485011547,0,0
0,0.7546943652270391,1,1
1,0.5999222484372632,1,0
0,0.5002954537281402,1,0
0,0.473952844757771,0,0
1,0.7657381810632861,1,1
0,0.14828524686068795,0,0
0,0.7221853977655399,1,1
0,0.25653308657642426,0,0
0,0.5971218608766073,1,0
1,0.4865838363592707,0,0
0,0.8655530528456065,1,1
0,0.7639819698321222,1,1
1,0.8891176639866634,1,1
0,0.6197007493910208,1,0
0,0.290151638816536,0,0
0,0.48274006192433444,0,0
0,0.13968194625748437,0,0
1,0.33221429575536054,0,0
0,0.1757895820052094,0,0
0,0.13777130635617796,0,0
0,0.8162540979557531,1,1
0,0.90501323698863,1,1
0,0.7852897403938672,1,1
1,0.5408154302498712,1,0
0,0.6690757731121957,1,0
0,0.8698141982500495,1,1
0,0.21309280538145178,0,0
0,0.5281054965919,1,0
0,0.5428343538807511,1,0
1,0.7487182982250353,1,1
1,0.32445649536418736,0,0
1,0.6205228447142728,1,0
0,0.5618617770197204,1,0
1,0.6872922664509039,1,0
1,0.8973925426611394,1,1
1,0.8484232225918908,1,1
0,0.30128353672465463,0,0
0,0.45471786827950705,0,0
0,0.16932158014906196,0,0
0,0.3611913129474604,0,0
0,0.6134565673515582,1,0
0,0.13660718755588216,0,0
0,0.3025821728121927,0,0
0,0.5507861401903015,1,0
0,0.5277265133288869,1,0
0,0.8620646669648762,1,1
1,0.867790462280676,1,1
0,0.6384302885657814,1,0
0,0.7954014360427757,1,1
0,0.21793201633546647,0,0
0,0.16761403920100712,0,0
1,0.5905782192087174,1,0
0,0.43411381223348844,0,0
0,0.5456186457092032,1,0
1,0.915146060691312,1,1
1,0.8808679813075122,1,1
1,0.7201364095200494,1,1
0,0.2726585609497114,0,0
0,0.4725344579912271,0,0
0,0.8670623947804634,1,1
0,0.23462248746675396,0,0
0,0.5072084210075288,1,0
0,0.7678575595351097,1,1
0,0.12193029422379299,0,0
0,0.4676198950468354,0,0
0,0.34800532502502884,0,0
0,0.6215643229030869,1,0
1,0.8632991780748027,1,1
0,0.263232820241166,0,0
0,0.6662740343057343,1,0
0,0.5602751646893339,1,0
0,0.8661770433284632,1,1
1,0.7171893278301481,1,1
0,0.5264332277294188,1,0
0,0.5456002796508905,1,0
1,0.5529499464584902,1,0
1,0.46486105756158413,0,0
0,0.6900509216987585,1,1
0,0.6813040717730908,1,0
0,0.40218622875557536,0,0
0,0.6825565015014302,1,0
0,0.8228516472161607,1,1
0,0.2591126001099673,0,0
1,0.5499083454278046,1,0
0,0.8458900479496598,1,1
0,0.17906175704479532,0,0
0,0.4651634179423459,0,0
1,0.8240161129061014,1,1
0,0.2342114632575968,0,0
1,0.8699210965381045,1,1
1,0.9242905251516494,1,1
0,0.2792179559618964,0,0
0,0.4811156527653943,0,0
0,0.3374648978940841,0,0
0,0.49586035488338887,0,0
0,0.9500104791183943,1,1
0,0.26834533458721654,0,0
0,0.18735196398185006,0,0
1,0.9103307826765188,1,1
0,0.6810173566254918,1,0
0,0.6367483416464946,1,0
1,0.8848135539150577,1,1
0,0.7890536168295756,1,1
0,0.1331526452953229,0,0
1,0.8005604344837988,1,1
0,0.8393927337774495,1,1
0,0.5145257849724704,1,0
1,0.5210538520542662,1,0
0,0.9553757280597047,1,1
0,0.629154835676164,1,0
0,0.6618564032729315,1,0
0,0.15081292500740734,0,0
0,0.37114784357086616,0,0
1,0.873194766754387,1,1
1,0.7732918743112421,1,1
1,0.8826372778542838,1,1
0,0.48929161612893507,0,0
0,0.6490143315858935,1,0
1,0.8545325387922172,1,1
0,0.48167141854081086,0,0
0,0.626739715339635,1,0
0,0.6847614055666776,1,0
0,0.942804993732915,1,1
0,0.6223095207974987,1,0
0,0.5214421468466156,1,0
0,0.14371524426078366,0,0
0,0.6618764521520467,1,0
0,0.7872942512697366,1,1
0,0.7318699950253544,1,1
1,0.9365796521449629,1,1
1,0.6528710963000395,1,0
0,0.7926527823392698,1,1
1,0.29805772070059083,0,0
0,0.34450331925193783,0,0
0,0.4943206908217273,0,0
0,0.8277761455870033,1,1
1,0.8541741623081254,1,1
0,0.8072390035313362,1,1
0,0.5992579737089573,1,0
1,0.2773298329951783,0,0
0,0.6026012818429578,1,0
0,0.0934056399290061,0,0
0,0.22497267948002714,0,0
0,0.4909824770507536,0,0
0,0.6871822582619479,1,0
1,0.9230821600347512,1,1
1,0.6161946306851827,1,0
0,0.47411447300842435,0,0
0,0.37074904989834373,0,0
1,0.8492261761428176,1,1
0,0.2187928382136766,0,0
0,0.5736928258779205,1,0
1,0.8798887888408801,1,1
1,0.929004397131003,1,1
1,0.7229063828597883,1,1
0,0.2565838880973113,0,0
0,0.5996088306024,1,0
0,0.3782253273982919,0,0
1,0.8154176843708085,1,1
1,0.541985206511195,1,0
1,0.8692548121758994,1,1
1,0.43303611437885725,0,0
0,0.6226283651716792,1,0
1,0.8924277786540676,1,1
0,0.4869711754728909,0,0
1,0.6361091869020866,1,0
0,0.2533398427194233,0,0
0,0.43461397052776146,0,0
0,0.3537386254247533,0,0
0,0.43175408768761897,0,0
1,0.8455207957133455,1,1
0,0.25816835284549927,0,0
1,0.554845679709952,1,0
0,0.6493554982681627,1,0
0,0.6168963063667112,1,0
0,0.3200202643778414,0,0
1,0.9485051438899725,1,1
1,0.7015316718617466,1,1
0,0.2639169235922546,0,0
0,0.2698709984412795,0,0
0,0.5533995184692533,1,0
0,0.8665392064779235,1,1
0,0.6655884432376085,1,0
1,0.9287137839600648,1,1
1,0.4690607947473321,0,0
0,0.2668813556405522,0,0
1,0.8767798955937458,1,1
0,0.5814216908591432,1,0
0,0.3143079999424854,0,0
0,0.4795880160905601,0,0
0,0.8130430744774059,1,1
0,0.38678486012139573,0,0
0,0.352303611361485,0,0
0,0.39056110679109024,0,0
1,0.9057981821684877,1,1
0,0.2307111660312215,0,0
1,0.8350863329361059,1,1
0,0.246486537544417,0,0
1,0.8802342262622527,1,1
0,0.1275197764318624,0,0
0,0.6330742183562158,1,0
0,0.9252433160770392,1,1
1,0.5251044239346333,1,0
0,0.4093564322199815,0,0
1,0.8892566618429545,1,1
0,0.1795556710517657,0,0
0,0.5781917886564857,1,0
1,0.560867294114947,1,0
1,0.9116798262546724,1,1
1,0.9138115496038074,1,1
0,0.730257392389553,1,1
0,0.4408455918423262,0,0
1,0.8614490028131228,1,1
1,0.79172763133612,1,1
1,0.9203536784365043,1,1
0,0.8033225013258872,1,1
0,0.5687323371102346,1,0
0,0.45826547671706297,0,0
0,0.22585396903393304,0,0
0,0.48952534745711596,0,0
0,0.3332293920823671,0,0
0,0.8145288635339101,1,1
1,0.918789848168821,1,1
0,0.22083064029215937,0,0
0,0.8151197054862208,1,1
0,0.6093357188415652,1,0
0,0.49691347126009366,0,0
1,0.9081762037107324,1,1
0,0.18359981953516044,0,0
0,0.38940402488053816,0,0
0,0.15587626831558624,0,0
0,0.7458030611172831,1,1
0,0.37973757794661905,0,0
0,0.6284693481759351,1,0
1,0.9551766329547676,1,1
0,0.3314533465054415,0,0
0,0.3238308420908734,0,0
0,0.5336787123994764,1,0
1,0.8973632871611603,1,1
0,0.5133703698183514,1,0
0,0.1503878670548966,0,0
0,0.3339957350382898,0,0
1,0.8545651073964063,1,1
0,0.7023261731808342,1,1
0,0.5388680359889643,1,0
0,0.19123672891963053,0,0
0,0.6163506942348077,1,0
1,0.9310269719598453,1,1
0,0.20762567713315538,0,0
0,0.19949620618291414,0,0
1,0.8310646822388024,1,1
0,0.4783402008983258,0,0
1,0.9349625247453083,1,1
1,0.8777628223410036,1,1
0,0.20952826877563363,0,0
1,0.5688828795027516,1,0
0,0.8523828727116309,1,1
0,0.8118877590807414,1,1
0,0.48124732267160786,0,0
0,0.2523748340425676,0,0
0,0.5132685033962552,1,0
0,0.35681094578078904,0,0
1,0.8623966089413828,1,1
0,0.5484580007555734,1,0
1,0.17260751622238632,0,0
0,0.3440559546327461,0,0
1,0.9472154131620173,1,1
1,0.5780902420159292,1,0
0,0.16506131454846382,0,0
0,0.8817183347496749,1,1
0,0.5948903896670041,1,0
0,0.5417017205585097,1,0
0,0.42922081688567426,0,0
0,0.8774025124316035,1,1
0,0.20727844241730098,0,0
1,0.4558494037693759,0,0
1,0.444800313264985,0,0
1,0.9120911224982201,1,1
0,0.1555305247093667,0,0
1,0.8510952246678977,1,1
0,0.24981094408768728,0,0
0,0.6519047442025879,1,0
0,0.6792390990428079,1,0
0,0.19545124270629344,0,0
0,0.5199384962253957,1,0
0,0.7226226496907239,1,1
1,0.4795405005630107,0,0
0,0.604407680561097,1,0
0,0.42287638558941404,0,0
1,0.5057172579381995,1,0
1,0.910488597480895,1,1
1,0.8661688884347271,1,1
0,0.14688480829221104,0,0
0,0.5818031522845617,1,0
1,0.8730076659625168,1,1
0,0.4185589723726122,0,0
1,0.9215910609871125,1,1
0,0.7688151030679388,1,1
1,0.9402851370228664,1,1
0,0.5818801264179349,1,0
1,0.4687138731554058,0,0
0,0.8317778515649191,1,1
1,0.928474324104035,1,1
0,0.87719109174744,1,1
0,0.32556063425082843,0,0
0,0.7989035162478859,1,1
1,0.47114472714014716,0,0
1,0.8800240288152318,1,1
0,0.21945216267280834,0,0
0,0.7071340355897728,1,1
0,0.8307820073395364,1,1
1,0.9138995770470895,1,1
1,0.8612142808659055,1,1
0,0.4943239553872262,0,0
1,0.5742107065226023,1,0
1,0.9027426148417435,1,1
0,0.5486097765335777,1,0
1,0.6793155651495186,1,0
0,0.7930543008406357,1,1
0,0.5649782866388093,1,0
0,0.37809648658202977,0,0
0,0.6700563006894209,1,0
1,0.9185684882930901,1,1
0,0.5727694646306439,1,0
0,0.3844061048735882,0,0
0,0.17828723730507434,0,0
0,0.35460317091338883,0,0
0,0.7034406696101316,1,1
0,0.41755764068188334,0,0
1,0.5685994940507584,1,0
0,0.5908086787244745,1,0
1,0.526691593241639,1,0
0,0.5929787193460931,1,0
1,0.4570575483333442,0,0
0,0.5480484190172732,1,0
0,0.6376482503595251,1,0
0,0.9610397477300553,1,1
0,0.1946183103174317,0,0
0,0.6151857334414924,1,0
1,0.9559238589932759,1,1
0,0.36582834636392214,0,0
1,0.5826031200448791,1,0
0,0.834071344674557,1,1
0,0.5565826831379146,1,0
0,0.5448952623311609,1,0
1,0.7328692475153707,1,1
0,0.8960620932929318,1,1
1,0.6004060572519042,1,0
0,0.6490381329542894,1,0
1,0.4833705198237101,0,0
0,0.5506827163305142,1,0
0,0.3545186423642932,0,0
0,0.6610823655213326,1,0
0,0.17432900281603603,0,0
1,0.8600976044795476,1,1
1,0.9557683995460767,1,1
0,0.7696873802024288,1,1
1,0.9033824461856903,1,1
1,0.8377793637807347,1,1
0,0.7732453900433441,1,1
1,0.5111436512455332,1,0
0,0.4006900680423177,0,0
1,0.9160491704778596,1,1
0,0.6576225957012628,1,0
0,0.23304187040848218,0,0
0,0.7751636694764288,1,1
1,0.9211113888832683,1,1
1,0.5685396687068555,1,0
0,0.933545488434146,1,1
1,0.5588330717471124,1,0
0,0.2667141013228678,0,0
0,0.7178671392219068,1,1
0,0.7617072396200649,1,1
0,0.2155828631512381,0,0
1,0.7627659087974259,1,1
0,0.7642781099237423,1,1
0,0.5523508459624606,1,0
1,0.8684931479128187,1,1
1,0.9379781425461,1,1
0,0.28084253990934893,0,0
0,0.31045973678558697,0,0
0,0.7184987581096133,1,1
0,0.6988301032539078,1,1
0,0.5399910674168295,1,0
0,0.6822836739516912,1,0
0,0.3396986567424558,0,0
0,0.16244265634642976,0,0
0,0.6020562111154253,1,0
0,0.7290673994778466,1,1
0,0.28316226504797704,0,0
0,0.6325751457037817,1,0
0,0.5162211428327853,1,0
0,0.28982340235225473,0,0
0,0.7855724758526648,1,1
0,0.9279712215930562,1,1
0,0.1962471280040778,0,0
1,0.8358361373898012,1,1
0,0.13319154157864893,0,0
1,0.5611382803326873,1,0
1,0.8353503193659206,1,1
0,0.6650780265234452,1,0
1,0.9140878715519921,1,1
0,0.28887840554293387,0,0
1,0.9046737847598729,1,1
0,0.9514903496447121,1,1
0,0.4244216932840379,0,0
1,0.8592362900329173,1,1
0,0.7134382642062634,1,1
0,0.9350180295864787,1,1
1,0.47129462595057947,0,0
1,0.8984325185415426,1,1
0,0.8553455070397623,1,1
0,0.9018193745743008,1,1
0,0.3294146296931079,0,0
1,0.9728636496561891,1,1
1,0.47971796294707686,0,0
0,0.5955812113860949,1,0
0,0.31993398795739686,0,0
1,0.7609352253408221,1,1
0,0.3738551296000456,0,0
0,0.44278784705909346,0,0
1,0.5822105963466662,1,0
1,0.48449052551152855,0,0
0,0.810547978745109,1,1
1,0.5895646379039752,1,0
0,0.39185828727896266,0,0
1,0.6867158096992784,1,0
0,0.4562285785393018,0,0
1,0.9684135092587721,1,1
1,0.4108539250287812,0,0
1,0.7097122674470538,1,1
0,0.536634125057816,1,0
0,0.6802285669345051,1,0
0,0.5803020175006033,1,0
1,0.8014595068628861,1,1
1,0.9113455072512017,1,1
0,0.25720996614713665,0,0
1,0.8644563149047774,1,1
1,0.8585059070859665,1,1
1,0.7410791382523909,1,1
0,0.3573370396716352,0,0
1,0.8075859086515251,1,1
1,0.7613484556137442,1,1
0,0.8501495498553556,1,1
0,0.6431696938399224,1,0
0,0.31044488187479374,0,0
0,0.30181046189586574,0,0
0,0.18475075020670678,0,0
0,0.34558968016974956,0,0
0,0.6400203841628517,1,0
0,0.19841021874613063,0,0
0,0.5819478041513195,1,0
0,0.19695607113247887,0,0
0,0.1810542594593627,0,0
0,0.5528612056555533,1,0
1,0.667594474102622,1,0
1,0.6947194383292372,1,1
0,0.3240468207595306,0,0
0,0.41648656745861795,0,0
0,0.5853852850837742,1,0
0,0.6205441241292619,1,0
1,0.9238413357619285,1,1
0,0.2509453853996995,0,0
1,0.9301707683647241,1,1
0,0.24256834365500166,0,0
0,0.47860849216430346,0,0
0,0.5770465750656659,1,0
0,0.41633099869212464,0,0
0,0.6914158796790312,1,1
0,0.534885936897516,1,0
0,0.6904489644927021,1,1
0,0.24916619724511524,0,0
1,0.9630023648291915,1,1
0,0.8112302426855701,1,1
0,0.35556140509232664,0,0
1,0.7511803688326741,1,1
1,0.8487639939353,1,1
0,0.22223206902141754,0,0
1,0.8686357326510475,1,1
0,0.5414079287305449,1,0
1,0.8216192973523163,1,1
1,0.3438445174465013,0,0
0,0.5900924442408049,1,0
1,0.9396195015639467,1,1
1,0.881823812744121,1,1
1,0.5916695412744659,1,0
0,0.8651568206788613,1,1
1,0.905814510742473,1,1
0,0.19599363901877967,0,0
0,0.23035210151205296,0,0
1,0.696406750671243,1,1
1,0.8777402382822879,1,1
0,0.39440470090551166,0,0
0,0.7115733873041501,1,1
1,0.7540559598394849,1,1
0,0.16948598686133762,0,0
1,0.8335325004244208,1,1
0,0.2793353755600677,0,0
1,0.7163603953401533,1,1
1,0.9010032496660535,1,1
0,0.7225011449722798,1,1
1,0.43679106744503227,0,0
0,0.49000633300240093,0,0
1,0.7509580008957271,1,1
0,0.6796161841258865,1,0
0,0.20974676671522888,0,0
0,0.4108789740200848,0,0
0,0.4449485241033185,0,0
0,0.5580888039162762,1,0
1,0.9429684827705723,1,1
0,0.6187362114683109,1,0
1,0.9342218268241488,1,1
1,0.8643116190075548,1,1
0,0.24567257842595133,0,0
0,0.48555854678486193,0,0
1,0.7536006805919397,1,1
1,0.5131926902947112,1,0
0,0.33464882910702987,0,0
0,0.526065321441273,1,0
0,0.4509170184402532,0,0
0,0.40909083798323703,0,0
1,0.9075356665074145,1,1
0,0.46514382441826885,0,0
0,0.17106323996155157,0,0
0,0.28523595511422056,0,0
1,0.8820738047676745,1,1
1,0.13446815924472424,0,0
1,0.8095198480051806,1,1
1,0.8860801324970609,1,1
0,0.6785729505629956,1,0
1,0.5169887639268951,1,0
0,0.634918166280347,1,0
0,0.5233747657401556,1,0
0,0.29208554924133945,0,0
0,0.3730483173887206,0,0
0,0.661790540385331,1,0
0,0.4716457374248857,0,0
1,0.8549048278088387,1,1
0,0.43619788680869553,0,0
0,0.9133443406220322,1,1
0,0.8700691160241739,1,1
0,0.395207065904418,0,0
0,0.43325055486073727,0,0
0,0.5463786119037234,1,0
1,0.9428242362500568,1,1
0,0.21087475079991516,0,0
1,0.7871227647456985,1,1
0,0.5653627476290685,1,0
0,0.46592518625826146,0,0
1,0.952950332961958,1,1
1,0.9112048571746909,1,1
0,0.1766598187438378,0,0
0,0.5571908806775919,1,0
0,0.5592610371776792,1,0
0,0.5506085938344605,1,0
0,0.8677042425821663,1,1
1,0.3065986616483195,0,0
0,0.8952687599752804,1,1
0,0.37303453438840617,0,0
0,0.5181124486316256,1,0
0,0.4605451326553871,0,0
0,0.5702672717653406,1,0
0,0.2237042949840448,0,0
0,0.4483035986600402,0,0
1,0.6260232077525861,1,0
0,0.6168398374249516,1,0
0,0.6669417639168725,1,0
0,0.17397269901863774,0,0
0,0.4948731439100968,0,0
0,0.8717337550680496,1,1
0,0.18763710755503368,0,0
1,0.5143151921297165,1,0
0,0.19062753263599194,0,0
0,0.38218301935558885,0,0
0,0.9182118172448047,1,1
0,0.6445597810687848,1,0
1,0.9000522867290024,1,1
0,0.7904406970264956,1,1
0,0.21003437838521868,0,0
1,0.8669588272409855,1,1
0,0.4288961557966,0,0
0,0.25340400669218044,0,0
0,0.30218890791933734,0,0
0,0.7713880010114312,1,1
0,0.5891827378999268,1,0
1,0.8046760747086624,1,1
1,0.7723574885024646,1,1
1,0.5172124660216757,1,0
0,0.35430681112076357,0,0
0,0.5218798020437361,1,0
1,0.8017760476423801,1,1
0,0.8073733529890936,1,1
0,0.43872002163713936,0,0
0,0.27722276914258465,0,0
0,0.1909047416435808,0,0
0,0.4899216515530419,0,0
0,0.37503890434786724,0,0
0,0.6746427360614817,1,0
0,0.3155821138088923,0,0
1,0.7934438748640003,1,1
0,0.8558361940226116,1,1
0,0.6594942844542723,1,0
0,0.6051438044248705,1,0
1,0.9068247380273043,1,1
1,0.8375182761015054,1,1
0,0.37545848264782705,0,0
1,0.5899997794252408,1,0
0,0.3848643052924139,0,0
1,0.7903817316646646,1,1
1,0.4394296352738517,0,0
0,0.7336037116499307,1,1
1,0.9116621928215215,1,1
1,0.8966912076167977,1,1
0,0.6780958609211194,1,0
1,0.7983056896893082,1,1
0,0.7637351434633868,1,1
1,0.8188838008718976,1,1
1,0.7756761082381427,1,1
1,0.7173918933462329,1,1
1,0.8756887397053404,1,1
0,0.7260847595677977,1,1
0,0.4665964004266327,0,0
0,0.6227586543000585,1,0
0,0.7031127486251605,1,1
1,0.8382873583274193,1,1
0,0.8246560749256334,1,1
0,0.32979147952602006,0,0
0,0.4978455059845002,0,0
1,0.7027785519360402,1,1
1,0.898749191942275,1,1
1,0.672839492164538,1,0
0,0.5083259671930371,1,0
1,0.5258429898519509,1,0
0,0.49897318374882976,0,0
0,0.5441585451365224,1,0
1,0.9751358717670326,1,1
0,0.9164733949056767,1,1
0,0.21918929364573547,0,0
0,0.5933053186673863,1,0
0,0.11903086862341991,0,0
0,0.7227188127192452,1,1
0,0.707102165310578,1,1
0,0.7296495954049312,1,1
0,0.6886841280306055,1,0
0,0.5221579988276427,1,0
0,0.5941853002608934,1,0
1,0.9112877829307761,1,1
1,0.6470979291252947,1,0
1,0.688027325706385,1,0
0,0.4466364475729279,0,0
0,0.6706206262405787,1,0
0,0.19378365585802057,0,0
0,0.35742638648860614,0,0
0,0.22780856039141337,0,0
1,0.682051347445051,1,0
0,0.47749646067612966,0,0
0,0.14182976079345347,0,0
1,0.8882667145903959,1,1
0,0.8344400348968685,1,1
0,0.6027336389346849,1,0
0,0.8295480535998456,1,1
1,0.7036706826821276,1,1
0,0.252081434649128,0,0
1,0.8667066514792261,1,1
0,0.5150895305493943,1,0
0,0.7595846978487613,1,1
1,0.8638573771736732,1,1
0,0.43173004940873094,0,0
0,0.4575801414791045,0,0
1,0.8366358936135693,1,1
1,0.9346928668837465,1,1
0,0.3626544586368285,0,0
0,0.6471362092437528,1,0
0,0.2860624477036552,0,0
1,0.9026459796669429,1,1
0,0.43249909505574047,0,0
1,0.9014223036966013,1,1
0,0.6397854532282324,1,0
1,0.7660300314237359,1,1
0,0.2394991819004549,0,0
1,0.8260318522730247,1,1
1,0.8875592431049785,1,1
1,0.5901938308009236,1,0
0,0.44579798687688366,0,0
1,0.8938163969175515,1,1
1,0.589404057329481,1,0
0,0.5891829685679284,1,0
0,0.280765216229946,0,0
0,0.6274841806006513,1,0
0,0.540160976975287,1,0
0,0.23093138368847804,0,0
0,0.1517819475785015,0,0
1,0.6498974178268561,1,0
1,0.8913996216898681,1,1
1,0.9579739707101392,1,1
0,0.40884561170330913,0,0
0,0.40314798851456995,0,0
0,0.6388090118577111,1,0
0,0.4084355620142031,0,0
0,0.7987245144367954,1,1
1,0.7157503972608408,1,1
1,0.9173993837863279,1,1
0,0.48765288397777723,0,0
0,0.8567574527179779,1,1
0,0.8343273008586461,1,1
0,0.5195062417895695,1,0
1,0.9460129063079291,1,1
1,0.5801995155192857,1,0
0,0.4331782417263635,0,0
1,0.9291910435414004,1,1
0,0.41920819348556476,0,0
0,0.4634844724000827,0,0
1,0.5822593694058384,1,0
0,0.32004472960487207,0,0
0,0.746172448394888,1,1
0,0.9292043911845683,1,1
1,0.7000864652935801,1,1
1,0.8602927812884257,1,1
0,0.5733854477013077,1,0
0,0.3700847882670843,0,0
1,0.5114120767397884,1,0
1,0.6601833513908935,1,0
0,0.43609607706013204,0,0
1,0.9040052814813347,1,1
0,0.6180775079063606,1,0
0,0.6179301469625177,1,0
0,0.5531922532105128,1,0
1,0.8661763394746351,1,1
0,0.6279035573373194,1,0
1,0.7443209863872943,1,1
0,0.6418181175298872,1,0
0,0.4522062102816403,0,0
0,0.43881747094696993,0,0
0,0.9231022422527277,1,1
0,0.37254782920588175,0,0
1,0.6714337581110721,1,0
0,0.3984673338190253,0,0
0,0.5162015650768229,1,0
0,0.42787691559006885,0,0
1,0.9582516479693548,1,1
0,0.42316040247255193,0,0
0,0.12058598404517919,0,0
0,0.2285634774002728,0,0
1,0.8028974891065243,1,1
1,0.9347450970213553,1,1
1,0.8973930381942956,1,1
1,0.7663176194377284,1,1
1,0.9112252210251004,1,1
0,0.6845044862923096,1,0
1,0.8218829542232917,1,1
1,0.8641830658850825,1,1
0,0.6941948091694137,1,1
0,0.21545464170050835,0,0
1,0.5097481474224095,1,0
0,0.667843924339918,1,0
0,0.444548824308099,0,0
0,0.9406071358268498,1,1
0,0.6865765581064255,1,0
0,0.37599615817198,0,0
0,0.8585445286514077,1,1
0,0.6906666936725275,1,1
0,0.21704247071031083,0,0
0,0.8498012731971334,1,1
1,0.7768397923509082,1,1
1,0.908006545570302,1,1
0,0.6577415752370035,1,0
1,0.9622744358571993,1,1
0,0.2721742871681166,0,0
0,0.1739922828781719,0,0
0,0.6754888978806338,1,0
1,0.7809176353040828,1,1
0,0.7024076050612512,1,1
0,0.5614791537436669,1,0
0,0.26593338302627517,0,0
1,0.8298532607508937,1,1
0,0.6954497606254098,1,1
0,0.1896585510053537,0,0
0,0.7558245906015805,1,1
1,0.8689415777813186,1,1
1,0.9021189453756743,1,1
0,0.54097100575302,1,0
0,0.24220105674938608,0,0
0,0.3578472373192102,0,0
1,0.3327531351695111,0,0
0,0.19712487179604873,0,0
1,0.9127304528283287,1,1
0,0.4002989758626528,0,0
0,0.7030691582277333,1,1
1,0.8394573856008677,1,1
0,0.46300484417042714,0,0
1,0.8498247535525963,1,1
0,0.2954904110225804,0,0
1,0.8835492248249295,1,1
0,0.38548752807492964,0,0
0,0.7656665310157448,1,1
1,0.6149286021403129,1,0
1,0.49397775478797307,0,0
0,0.5242457403879753,1,0
1,0.93736138201349,1,1
1,0.9215910609871125,1,1
1,0.8666796071855983,1,1
0,0.8566154628341516,1,1
0,0.6883373650594136,1,0
1,0.8945152033791856,1,1
1,0.9369431482071724,1,1
1,0.17431118804932597,0,0
0,0.7771411423594905,1,1
0,0.4266024801184536,0,0
1,0.8088671696618769,1,1
0,0.20240754335452726,0,0
1,0.9261001084002329,1,1
1,0.9049780256011598,1,1
1,0.7357601402266124,1,1
0,0.1798298241057872,0,0
1,0.6830679653276691,1,0
0,0.5105381638335027,1,0
0,0.5748799226521052,1,0
1,0.7887789494957899,1,1
0,0.6897440786198569,1,0
1,0.7018955011015652,1,1
0,0.09002354978726158,0,0
0,0.6931608396522895,1,1
0,0.4250144876104286,0,0
0,0.326474443865542,0,0
1,0.8108963431149194,1,1
0,0.18073693813042765,0,0
1,0.6478247975007715,1,0
1,0.7647801864467388,1,1
0,0.7238088648326418,1,1
0,0.6170841421672035,1,0
1,0.8988627168867447,1,1
0,0.13013442199735542,0,0
0,0.27766945410671584,0,0
1,0.3008626020107881,0,0
1,0.7964979769606425,1,1
0,0.7627853124379065,1,1
0,0.39105087851825115,0,0
1,0.8620419835443226,1,1
1,0.8128054721547036,1,1
0,0.8128199449615882,1,1
0,0.2516317623525088,0,0
1,0.856933336866706,1,1
0,0.11111867156685427,0,0
1,0.8402666239077184,1,1
0,0.7608206514804389,1,1
0,0.5532831104175099,1,0
1,0.9119178025415918,1,1
0,0.5317216589135166,1,0
0,0.31629097364831477,0,0
0,0.8948485009192882,1,1
0,0.31852771771910005,0,0
1,0.9372846598299962,1,1
1,0.6004896286140585,1,0
0,0.5369410098179075,1,0
1,0.8853676517439502,1,1
0,0.9380804132062776,1,1
1,0.7627719864434541,1,1
1,0.5183557329759937,1,0
1,0.7499316118598413,1,1
1,0.6112612050384023,1,0
1,0.9464048814856384,1,1
0,0.6399722485937154,1,0
1,0.7674818497835431,1,1
0,0.14085353079399657,0,0
0,0.32225702837900033,0,0
0,0.9207425738787539,1,1
1,0.6693622012070942,1,0
0,0.624953959658719,1,0
0,0.6315963188900247,1,0
1,0.5230332428542908,1,0
1,0.8262661614083558,1,1
0,0.42713760715969096,0,0
0,0.3004025451270668,0,0
1,0.8945191433974085,1,1
0,0.895458752716179,1,1
1,0.732604900691961,1,1
0,0.38779282144029614,0,0
0,0.9073256361883675,1,1
0,0.5143808956773606,1,0
0,0.1265973840894511,0,0
0,0.3816747865203844,0,0
1,0.9081010592117349,1,1
0,0.567704589165302,1,0
0,0.7099225819412207,1,1
0,0.589436066336632,1,0
0,0.8049454072829606,1,1
0,0.22175252623622962,0,0
0,0.6569185351443021,1,0
1,0.7413017127713499,1,1
0,0.6430791599476162,1,0
0,0.8621642447988063,1,1
0,0.27152090585168254,0,0
1,0.8576948550415687,1,1
1,0.6145585162921235,1,0
1,0.678526220020838,1,0
0,0.23010941917511205,0,0
0,0.5852709668369575,1,0
1,0.8940997608448057,1,1
0,0.23979552167295884,0,0
1,0.4938558551785939,0,0
0,0.5459931601185145,1,0
0,0.21379969729501458,0,0
0,0.7716542171857882,1,1
0,0.5841386877010221,1,0
0,0.37906331182909253,0,0
0,0.1858986965164914,0,0
0,0.6214680574258767,1,0
0,0.3828206837249625,0,0
0,0.8568565717691868,1,1
0,0.6106184827141318,1,0
0,0.3285011628369622,0,0
0,0.8787348680722029,1,1
0,0.8142079892651076,1,1
1,0.9423523060631804,1,1
1,0.12946803841319082,0,0
0,0.6207866361630613,1,0
0,0.2888679643021359,0,0
0,0.3457143669732352,0,0
1,0.856419389316428,1,1
1,0.8599586410120038,1,1
0,0.2290615230808584,0,0
1,0.8772294251965947,1,1
1,0.7223615984502576,1,1
0,0.5655080306726978,1,0
1,0.6084522343404423,1,0
0,0.22269991448279652,0,0
0,0.634049026290113,1,0
1,0.8870011584048457,1,1
0,0.27175268355054816,0,0
0,0.7882941977734984,1,1
0,0.38302733137928646,0,0
1,0.6089047878151842,1,0
0,0.3351421437726236,0,0
0,0.18441115239873818,0,0
0,0.21681169480084897,0,0
0,0.766942104701011,1,1
0,0.41963020497677594,0,0
0,0.5760577298727954,1,0
0,0.587917679949869,1,0
0,0.5385555111711626,1,0
0,0.5101132289398115,1,0
1,0.9487866563249056,1,1
1,0.8650789930248326,1,1
0,0.5675360821027161,1,0
0,0.17366471303958284,0,0
0,0.4868582102390385,0,0
0,0.40443617892872025,0,0
0,0.23835828390364008,0,0
1,0.9163761081391231,1,1
0,0.44612096240821775,0,0
0,0.19665876326198614,0,0
0,0.6451280480335105,1,0
0,0.2587621200969335,0,0
1,0.7325557697334721,1,1
0,0.3547932713882785,0,0
1,0.7852897756558749,1,1
0,0.8432619213528105,1,1
0,0.8634801401218674,1,1
0,0.8102019152118095,1,1
0,0.4130980671740791,0,0
1,0.9227025421915859,1,1
1,0.8985970913121731,1,1
0,0.7831145715905219,1,1
0,0.7691887227475456,1,1
0,0.4155050568215869,0,0
1,0.7538701505052411,1,1
0,0.7754008862968484,1,1
0,0.5427843298696872,1,0
0,0.30501947630017573,0,0
0,0.46424621110975584,0,0
0,0.7552476835411974,1,1
0,0.5775580628027952,1,0
0,0.4920578891616375,0,0
1,0.8947875804498012,1,1
0,0.30062054298646745,0,0
0,0.4141990418925347,0,0
0,0.490846123736421,0,0
0,0.46594552677452034,0,0
0,0.3345082763415738,0,0
1,0.8597689932831312,1,1
1,0.7061679977091981,1,1
0,0.9481726061836919,1,1
0,0.9414195956899161,1,1
0,0.401217156408272,0,0
1,0.9223904691358493,1,1
1,0.5742859912305007,1,0
0,0.6866242803596361,1,0
0,0.5860440969395625,1,0
0,0.5102837872666216,1,0
0,0.33768808817653356,0,0
1,0.6126092942479361,1,0
0,0.4189615825742057,0,0
0,0.40072594029480746,0,0
0,0.6245452847860543,1,0
0,0.8378977888019828,1,1
1,0.9396932176539832,1,1
0,0.8676325354732183,1,1
0,0.33747140783641566,0,0
0,0.5328177055099064,1,0
0,0.8274454912461682,1,1
0,0.2206247417200772,0,0
0,0.8200017334997854,1,1
0,0.7216956864061945,1,1
0,0.1935094057191792,0,0
1,0.9193494971219446,1,1
0,0.6054103471325798,1,0
0,0.2695190872662369,0,0
1,0.6226459485875617,1,0
1,0.8761178467544144,1,1
0,0.8986332259221466,1,1
0,0.7873442276924059,1,1
0,0.27130023120374425,0,0
1,0.7440455809706621,1,1
0,0.4528056770800824,0,0
1,0.9685825059106411,1,1
0,0.45979338945457626,0,0
1,0.7926732508952495,1,1
0,0.37357789469054836,0,0
0,0.3101835339634944,0,0
1,0.9334610912596735,1,1
0,0.48381034476323653,0,0
1,0.9133390743803851,1,1
1,0.8900697445834225,1,1
0,0.4442251350165996,0,0
1,0.9493190899470152,1,1
1,0.43707872498173495,0,0
0,0.14470002177596805,0,0
1,0.679801701553229,1,0
0,0.6587349852620633,1,0
0,0.3882437937049999,0,0
0,0.560013204348948,1,0
0,0.8062117069326994,1,1
0,0.28570345596346997,0,0
1,0.6578646253247326,1,0
1,0.9601503661282405,1,1
0,0.6143948068091498,1,0
0,0.43773118680999856,0,0
0,0.32455784902026086,0,0
1,0.9006993367058889,1,1
1,0.5985469524344668,1,0
0,0.40827298031439857,0,0
0,0.2265821824066162,0,0
1,0.9471580358373396,1,1
1,0.9437108593268139,1,1
1,0.5517855214357115,1,0
0,0.10252826132647666,0,0
0,0.6140734169390226,1,0
1,0.7190531461891846,1,1
0,0.6041559003984317,1,0
0,0.17514889882014756,0,0
0,0.37411058145431475,0,0
1,0.376145928428777,0,0
0,0.34098449022113236,0,0
0,0.5298024441772224,1,0
0,0.4379931405505793,0,0
1,0.5594004303066764,1,0
0,0.7591882103141736,1,1
1,0.9227696384444924,1,1
0,0.785869864930792,1,1
0,0.5458251198943522,1,0
0,0.5193233807411212,1,0
0,0.5776403392610798,1,0
0,0.770274354574771,1,1
1,0.7776062104320819,1,1
0,0.8412392313531867,1,1
0,0.5577661638709668,1,0
1,0.8981088240103718,1,1
1,0.6611511635579157,1,0
0,0.35118024340741383,0,0
1,0.6823465342145524,1,0
0,0.33950341278207535,0,0
1,0.4056954095104197,0,0
0,0.6727060912254458,1,0
0,0.5112064796775169,1,0
0,0.44217931679881906,0,0
0,0.5286504499551242,1,0
0,0.539307691923783,1,0
1,0.7853104841167414,1,1
1,0.7748193450799269,1,1
1,0.9386847925310845,1,1
0,0.8134427768605668,1,1
0,0.5495797533826698,1,0
0,0.7853497064356733,1,1
1,0.7414554431592848,1,1
1,0.6101667114867362,1,0
0,0.434623028690369,0,0
1,0.7091227304529067,1,1
0,0.500836375596314,1,0
1,0.9160661723653408,1,1
1,0.9429569695468181,1,1
0,0.09987964987163767,0,0
1,0.7443992834385827,1,1
0,0.6248551944709215,1,0
0,0.344506566533322,0,0
1,0.8560372838854092,1,1
0,0.6422104840830489,1,0
0,0.9333973087920038,1,1
0,0.7136798456643763,1,1
0,0.42324963508954166,0,0
0,0.6758375941649326,1,0
0,0.25194148153614465,0,0
1,0.9312653890752651,1,1
1,0.7585338558419475,1,1
0,0.5846130589738272,1,0
0,0.6443667531542702,1,0
1,0.4762889339760297,0,0
1,0.9253582468526241,1,1
0,0.4873816614550451,0,0
0,0.5748068136710791,1,0
0,0.6258446938382505,1,0
0,0.6319230751267754,1,0
0,0.4506867578018612,0,0
0,0.8299660171687349,1,1
0,0.9297950866372281,1,1
0,0.09079236050289852,0,0
0,0.7351421505050766,1,1
1,0.9151187894614826,1,1
0,0.5986206719929468,1,0
0,0.7348747390052637,1,1
1,0.9106986956279526,1,1
1,0.8452818456371678,1,1
0,0.4540779766948349,0,0
0,0.3219132167812369,0,0
0,0.25640358752730114,0,0
0,0.6608498486897674,1,0
0,0.2178173413471717,0,0
0,0.47884715882608686,0,0
0,0.46350047174567177,0,0
0,0.44441318221850046,0,0
1,0.8584635804633055,1,1
0,0.1955460718179108,0,0
0,0.2278234915097035,0,0
0,0.9104088619618358,1,1
1,0.7595490523932963,1,1
0,0.6190521458437019,1,0
0,0.1514304546208447,0,0
0,0.3642170735376615,0,0
0,0.6690644932611418,1,0
0,0.12090731227723132,0,0
0,0.34790513471627554,0,0
0,0.49195883959569897,0,0
0,0.3833179059608749,0,0
0,0.5030814835080683,1,0
0,0.7607695453529759,1,1
0,0.5508127418224681,1,0
0,0.9123322701713538,1,1
0,0.9008106629325908,1,1
0,0.8817065908391455,1,1
1,0.6174940388173911,1,0
1,0.6697773664400382,1,0
0,0.6790036656789626,1,0
1,0.5744076236215484,1,0
1,0.8575591018829374,1,1
1,0.8377091022788291,1,1
1,0.9237964056953247,1,1
0,0.9061917202043265,1,1
0,0.5758244802239165,1,0
0,0.8609479445535182,1,1
1,0.8774611630354966,1,1
0,0.39948781884197615,0,0
1,0.3132296056544032,0,0
0,0.8055075602852512,1,1
1,0.7291311969650427,1,1
1,0.7976753756067058,1,1
0,0.9347011936341423,1,1
0,0.1792946915868672,0,0
0,0.5428398007995987,1,0
0,0.5500465680061334,1,0
0,0.7766608095123813,1,1
1,0.704796690988785,1,1
0,0.3381350779313453,0,0
1,0.7935983970052027,1,1
0,0.7463118246434517,1,1
0,0.24106818177777617,0,0
0,0.43127522684924785,0,0
1,0.9499101422667457,1,1
0,0.16747652291323908,0,0
0,0.8557067225332592,1,1
0,0.4862398881842512,0,0
0,0.22812622726393597,0,0
0,0.5990264858675023,1,0
1,0.1761239101029271,0,0
0,0.4458255779663104,0,0
0,0.8490834628043976,1,1
1,0.864470814521038,1,1
1,0.7752535251676158,1,1
0,0.4373390340087868,0,0
0,0.7961914147869421,1,1
0,0.43644463891616736,0,0
0,0.18186215605600015,0,0
1,0.5616364777015966,1,0
0,0.6400051669979799,1,0
0,0.665343094701701,1,0
0,0.4372258776521886,0,0
0,0.4415519775659765,0,0
1,0.5470239328946442,1,0
0,0.7667178697639933,1,1
0,0.47507019692327873,0,0
0,0.638399447518542,1,0
0,0.44012382225114616,0,0
0,0.7281242938938205,1,1
0,0.5623121695677362,1,0
0,0.5704043446918519,1,0
1,0.3278146882640387,0,0
0,0.3916158851338155,0,0
0,0.7599203170774951,1,1
1,0.7837037414591296,1,1
0,0.20766383387328893,0,0
0,0.33152661264351957,0,0
0,0.24720189198254272,0,0
0,0.17062310364384978,0,0
0,0.745630337366782,1,1
0,0.2588417006556038,0,0
1,0.9371443075752537,1,1
0,0.34226483263465396,0,0
1,0.4508796150348368,0,0
0,0.3735761387005437,0,0
0,0.8575548890724203,1,1
1,0.9119016721281649,1,1
0,0.16839142743647398,0,0
1,0.7525933186764894,1,1
1,0.8918829121242121,1,1
0,0.7532308827450125,1,1
1,0.9194082602392365,1,1
0,0.26665381982711606,0,0
0,0.8016404145264088,1,1
0,0.5146129167787508,1,0
1,0.8799694807413098,1,1
0,0.704308723556383,1,1
0,0.2899111930309999,0,0
1,0.2936295566074076,0,0
1,0.8851553789728864,1,1
0,0.27315272159925225,0,0
0,0.5889466298005227,1,0
0,0.12323549525745145,0,0
0,0.6318951997185426,1,0
0,0.2146665687012195,0,0
1,0.5880974464258039,1,0
0,0.3382371128181636,0,0
1,0.886939500864087,1,1
0,0.6456998966398259,1,0
1,0.793500594267115,1,1
0,0.5102925298046889,1,0
1,0.8675235388160211,1,1
0,0.8534525898375647,1,1
0,0.8402972951657602,1,1
1,0.8354716616655554,1,1
1,0.8753455324372363,1,1
0,0.9345551644060263,1,1
1,0.6038359860463555,1,0
0,0.8368032066307688,1,1
1,0.9519233144788887,1,1
0,0.2970572048443547,0,0
0,0.5044380544629254,1,0
0,0.669436703083154,1,0
1,0.7326785099774137,1,1
1,0.9096850821170239,1,1
0,0.4456667710074582,0,0
1,0.8687554726581487,1,1
1,0.5714495433669398,1,0
1,0.6743196159076438,1,0
1,0.9056349476700654,1,1
0,0.625072320779707,1,0
0,0.21117388491880396,0,0
0,0.6471427947863154,1,0
0,0.5243263456870947,1,0
1,0.7084994320995759,1,1
0,0.1376878674515838,0,0
1,0.7827276098576648,1,1
0,0.6142868639948954,1,0
0,0.5974652878982797,1,0
0,0.37528034232079266,0,0
1,0.8447067890178024,1,1
0,0.32128558482366654,0,0
1,0.9279898777336533,1,1
0,0.19957505688322602,0,0
0,0.5021490600988957,1,0
1,0.5066940632684503,1,0
1,0.8217445600446286,1,1
1,0.6336354830910558,1,0
0,0.47899474011074267,0,0
0,0.3668257142140204,0,0
0,0.4899902302028652,0,0
0,0.37280124687048966,0,0
1,0.824940873507897,1,1
1,0.6807642016182922,1,0
0,0.7534452534561034,1,1
0,0.7170288645666185,1,1
0,0.23508884616265868,0,0
1,0.9529443112120536,1,1
0,0.740434486801987,1,1
0,0.6935350726557167,1,1
1,0.8795484732154636,1,1
0,0.8363173669075362,1,1
0,0.6381693571875346,1,0
0,0.7558473108029646,1,1
1,0.345352695906113,0,0
1,0.8511611463288875,1,1
0,0.5287517426326759,1,0
0,0.3430109072100063,0,0
0,0.41441044999813165,0,0
0,0.30971972695316163,0,0
1,0.6507427757634202,1,0
1,0.9241162710497391,1,1
0,0.17379571113759965,0,0
0,0.8907575727044335,1,1
0,0.8909286860334344,1,1
0,0.426504955310572,0,0
1,0.8796278581662959,1,1
0,0.8825837389208971,1,1
0,0.6317929527433396,1,0
0,0.5861258745255966,1,0
1,0.6285695141655544,1,0
0,0.27791855236351914,0,0
0,0.8037819167610598,1,1
1,0.6608698806688348,1,0
1,0.6290227187120908,1,0
1,0.7253835010841453,1,1
0,0.8623051540734396,1,1
0,0.8283059442918372,1,1
0,0.7266986918008731,1,1
1,0.594424104615647,1,0
0,0.615952008873354,1,0
0,0.7331763780607455,1,1
1,0.8299286649827367,1,1
1,0.8592725442942416,1,1
0,0.2728502820384848,0,0
0,0.9512766128055945,1,1
0,0.5065182934067742,1,0
1,0.8887163704971466,1,1
0,0.7370580646075193,1,1
1,0.9213827510117445,1,1
0,0.41621513007439137,0,0
0,0.813244754826129,1,1
1,0.8632854373316619,1,1
1,0.7836733134821324,1,1
1,0.8391838195140472,1,1
0,0.6357329832477892,1,0
0,0.6295890707460768,1,0
0,0.2903615531457636,0,0
1,0.6686064763355402,1,0
0,0.6849146240491284,1,0
0,0.726718342077908,1,1
0,0.8013358859762627,1,1
0,0.5242434279965699,1,0
0,0.6729149984070951,1,0
0,0.40682224898056785,0,0
0,0.6250015349943443,1,0
0,0.667241103246754,1,0
0,0.921060550141038,1,1
1,0.818591820009804,1,1
0,0.26712530748961977,0,0
0,0.9228521634191884,1,1
0,0.5793584184372399,1,0
0,0.41151173157094495,0,0
0,0.3372900432830143,0,0
0,0.4807451759652582,0,0
0,0.6980637743931708,1,1
1,0.8349152729729005,1,1
0,0.7205903417385576,1,1
0,0.5917422784081013,1,0
0,0.3945819160803938,0,0
0,0.8642993075394718,1,1
0,0.5639017922630664,1,0
0,0.2382465975084275,0,0
1,0.35494398194848964,0,0
1,0.7488644749354602,1,1
0,0.5815361402649103,1,0
1,0.8400767383527425,1,1
0,0.4060313422331857,0,0
1,0.9439036264445716,1,1
0,0.4101102058387709,0,0
0,0.725646900627872,1,1
1,0.800706475135564,1,1
1,0.9339056728379057,1,1
0,0.270149288158313,0,0
0,0.6879033701524937,1,0
0,0.2865196945079642,0,0
0,0.9279463656890761,1,1
0,0.44133866473274297,0,0
1,0.8884095282566847,1,1
0,0.6891938039525846,1,0
0,0.44012951602357536,0,0
0,0.6027026674257082,1,0
0,0.7663433989245423,1,1
0,0.8766904634782827,1,1
0,0.13281621724711834,0,0
1,0.6524636239906043,1,0
0,0.4453424090361554,0,0
0,0.5071608036113536,1,0
0,0.4941054670234332,0,0
1,0.6703007181761829,1,0
1,0.8444355949591037,1,1
0,0.5455975028898004,1,0
1,0.6912169066756662,1,1
1,0.9130668856723445,1,1
0,0.9102067945272385,1,1
1,0.9168032899530372,1,1
0,0.1796604878694758,0,0
1,0.9015873004313871,1,1
0,0.8257986592470532,1,1
0,0.4469979184389965,0,0
1,0.8389810557815732,1,1
0,0.4657270622635848,0,0
1,0.9657781785193611,1,1
1,0.9366709692898646,1,1
0,0.14621847218569636,0,0
1,0.5512760258799739,1,0
1,0.8902688099238031,1,1
0,0.6250043750497934,1,0
1,0.8884990345365713,1,1
0,0.4926382053063585,0,0
1,0.5557554462442746,1,0
0,0.7686151667485762,1,1
0,0.8545949120029305,1,1
1,0.8445084312568034,1,1
0,0.5430227676611494,1,0
1,0.8664281900774771,1,1
1,0.9247964215423178,1,1
1,0.8674765808835851,1,1
0,0.2838349465636912,0,0
1,0.9080013158129754,1,1
0,0.7941770978697955,1,1
0,0.8361362084548234,1,1
1,0.9092893270347654,1,1
0,0.5214439705083228,1,0
1,0.9342364030156594,1,1
0,0.691582893855325,1,1
0,0.4594972623379349,0,0
0,0.7707869658818904,1,1
1,0.9549073591092679,1,1
0,0.1815834759866869,0,0
1,0.9123811421786602,1,1
1,0.9177670318374482,1,1
0,0.40652750375357116,0,0
0,0.6857878328530727,1,0
0,0.4572490152761687,0,0
0,0.9259988205192023,1,1
0,0.3419576279218669,0,0
1,0.7434088868752229,1,1
1,0.7458495366125364,1,1
0,0.21704247071031083,0,0
0,0.4357542060583019,0,0
1,0.48082086907839033,0,0
0,0.34312333287040325,0,0
0,0.8623510509803406,1,1
0,0.24607379304081084,0,0
0,0.22141599160643352,0,0
1,0.883888826742306,1,1
1,0.3342381441619766,0,0
1,0.4910804792543878,0,0
0,0.4620312261248859,0,0
0,0.5088485937601791,1,0
0,0.5261036630123832,1,0
0,0.16723051750582696,0,0
1,0.9082156028331292,1,1
1,0.5138598123108233,1,0
0,0.9493896903491496,1,1
0,0.2254770475403154,0,0
0,0.3698710607467111,0,0
1,0.8362519807462534,1,1
0,0.4678402569126417,0,0
1,0.9363043090120574,1,1
1,0.3042649001506262,0,0
0,0.6181495061469275,1,0
0,0.7400764546144216,1,1
0,0.6782374758061364,1,0
0,0.8826375992666835,1,1
1,0.47613798271509433,0,0
1,0.42739154964255116,0,0
0,0.27584566791374904,0,0
1,0.769544371733652,1,1
0,0.21283892946055125,0,0
0,0.3776174619625002,0,0
0,0.40741585653453716,0,0
1,0.949040752619766,1,1
1,0.830519749121708,1,1
1,0.15916767443328741,0,0
1,0.8056273406336919,1,1
0,0.539185738795257,1,0
0,0.4755059005806883,0,0
0,0.8335209187282804,1,1
0,0.5594024832244583,1,0
0,0.8315022359248289,1,1
0,0.1689438185812954,0,0
0,0.5811165742515442,1,0
0,0.5742539929600295,1,0
0,0.3257892507145713,0,0
1,0.8642336602762315,1,1
1,0.8505121892024434,1,1
0,0.5806772587952617,1,0
1,0.8965824657568869,1,1
1,0.8622392084435937,1,1
0,0.5615728424111079,1,0
1,0.9191019508366374,1,1
0,0.24858697208550307,0,0
1,0.6979906515937755,1,1
0,0.8918545998127109,1,1
0,0.5514791160900014,1,0
0,0.5836255729733117,1,0
0,0.8086367493507145,1,1
0,0.5226515242205853,1,0
0,0.3079422126825074,0,0
0,0.44741767919964115,0,0
1,0.4605440551854968,0,0
0,0.8099625100482479,1,1
1,0.27553772528394044,0,0
0,0.40249909373059817,0,0
0,0.6247093938206866,1,0
0,0.8069166326949853,1,1
1,0.7379066636380809,1,1
0,0.22558037341244858,0,0
1,0.7450096611907583,1,1
1,0.5775844319099718,1,0
0,0.6915911418100988,1,1
0,0.5195076365995773,1,0
0,0.319746846271405,0,0
0,0.5260920733352267,1,0
0,0.39232899822555056,0,0
1,0.8407455456786199,1,1
0,0.5485911022115957,1,0
1,0.8360721670716005,1,1
1,0.9318614179768512,1,1
0,0.3758089464468261,0,0
0,0.3327352541299343,0,0
1,0.8409099658967201,1,1
0,0.6438957368530599,1,0
0,0.3880675230619388,0,0
1,0.9243415930175805,1,1
0,0.1694307180927896,0,0
0,0.5872347011168374,1,0
0,0.24183923994550052,0,0
0,0.6922733507353444,1,1
0,0.6061015662648862,1,0
0,0.5089924778500063,1,0
0,0.8041343367713802,1,1
0,0.7827028350073494,1,1
1,0.8203100480281637,1,1
1,0.920119484697692,1,1
0,0.6857461514570473,1,0
0,0.8759912929510377,1,1
0,0.3042574761105349,0,0
1,0.9138400155556325,1,1
0,0.23858150151631727,0,0
0,0.7242177847397946,1,1
1,0.7904077528596485,1,1
0,0.5739571903200255,1,0
0,0.6685586956563158,1,0
0,0.29349916640810775,0,0
0,0.3598069147923822,0,0
0,0.1480754512596809,0,0
1,0.9152132918542801,1,1
0,0.7987299540754769,1,1
0,0.5986662004204121,1,0
0,0.7265490465629884,1,1
1,0.5775535327968258,1,0
0,0.35387467430275543,0,0
0,0.8350341310658195,1,1
1,0.9540809909854981,1,1
0,0.7202690000702138,1,1
1,0.9176715659358536,1,1
0,0.35998697812877906,0,0
0,0.599760176548928,1,0
0,0.659016721323874,1,0
0,0.958685737740977,1,1
1,0.7425030593653474,1,1
0,0.3382971963317566,0,0
0,0.8443815091926115,1,1
0,0.23917985488701402,0,0
1,0.7486234784240882,1,1
1,0.7755895958481753,1,1
0,0.9199596384235026,1,1
1,0.8297424632460253,1,1
0,0.8536769207708426,1,1
0,0.6089010185625339,1,0
0,0.443932915465104,0,0
0,0.11990463370087034,0,0
0,0.271835622972366,0,0
0,0.8646303057359025,1,1
1,0.7447862076834902,1,1
1,0.8263619305406886,1,1
0,0.6594906026811309,1,0
1,0.8501815941553693,1,1
0,0.5786828950815549,1,0
0,0.7059705067400995,1,1
0,0.6450072506401636,1,0
0,0.30739314793854133,0,0
1,0.47500541864986223,0,0
0,0.36391466531292915,0,0
0,0.6865971961382624,1,0
0,0.38294809135556823,0,0
1,0.913604398576695,1,1
1,0.8619406718264014,1,1
0,0.3827338234335765,0,0
1,0.9214218439653583,1,1
0,0.6250064917422041,1,0
1,0.9137629509775108,1,1
1,0.9182177029333166,1,1
0,0.2905738610240936,0,0
0,0.40221676911888904,0,0
0,0.682171872353985,1,0
0,0.16435742296257005,0,0
0,0.3332911797775732,0,0
1,0.9350837965751047,1,1
0,0.4869631266613889,0,0
0,0.27628076023114195,0,0
0,0.2107255515427321,0,0
0,0.2737501995749974,0,0
0,0.17752257089051426,0,0
0,0.14393389395872416,0,0
1,0.9345353150116273,1,1
1,0.8990408929548345,1,1
0,0.8269439704807381,1,1
1,0.8600410182097289,1,1
0,0.7405865996303136,1,1
0,0.7698026535817281,1,1
1,0.4966081776865307,0,0
0,0.7387295481056131,1,1
0,0.9198144240818412,1,1
0,0.697639256869488,1,1
0,0.7560776210444009,1,1
0,0.3109555512015997,0,0
0,0.7408315826016111,1,1
0,0.9345673785126405,1,1
0,0.7042171306895577,1,1
0,0.4160766107191048,0,0
1,0.7598333268333992,1,1
1,0.6493382814053443,1,0
0,0.8463882216993477,1,1
0,0.45202743917536703,0,0
0,0.31127496387688874,0,0
0,0.6768694577599871,1,0
0,0.4160608666506357,0,0
0,0.6772619649433278,1,0
1,0.21647874858595187,0,0
0,0.4937349566874871,0,0
1,0.7321767399691764,1,1
1,0.8712823347849931,1,1
0,0.1951028452592905,0,0
1,0.8426734616984275,1,1
0,0.6436233875793967,1,0
0,0.38644277834928464,0,0
1,0.9236803830962589,1,1
0,0.44615148445419833,0,0
0,0.7492097477052093,1,1
0,0.8346690568629771,1,1
1,0.7776557835963692,1,1
1,0.5663537061247631,1,0
0,0.4608309843332963,0,0
1,0.893568131575891,1,1
0,0.6203461231379612,1,0
0,0.6165686810755387,1,0
0,0.5088720037108998,1,0
0,0.36040139808474014,0,0
0,0.6662435548697238,1,0
1,0.8651310194608156,1,1
1,0.8992724965115729,1,1
0,0.9069287627155107,1,1
0,0.2767793216031453,0,0
0,0.9217924098838306,1,1
1,0.8808550805823296,1,1
0,0.7187281550034123,1,1
1,0.7330516489124297,1,1
0,0.16599343651269044,0,0
1,0.8227156018276011,1,1
1,0.14368840656717183,0,0
0,0.44677092171220334,0,0
0,0.7537791324589227,1,1
1,0.7055735647344431,1,1
0,0.512614758341085,1,0
0,0.40899391531338963,0,0
0,0.45334189361634314,0,0
0,0.16232558058169172,0,0
0,0.41163563276664183,0,0
0,0.400121465102188,0,0
1,0.7806542915339595,1,1
1,0.861145524346013,1,1
0,0.6305081909243955,1,0
0,0.6724487514236681,1,0
0,0.5520298129882887,1,0
0,0.7050820753639624,1,1
0,0.5388139418208175,1,0
0,0.4277036312876476,0,0
1,0.728849351936851,1,1
0,0.6898202243190072,1,0
0,0.24700333650479597,0,0
1,0.6578866178958539,1,0
0,0.5403032419168533,1,0
0,0.4927041205177884,0,0
0,0.7479366608647374,1,1
1,0.7667261830715341,1,1
0,0.5028584210292538,1,0
0,0.12879066909474554,0,0
0,0.6332792072907137,1,0
1,0.6289949070387342,1,0
0,0.9562305969521443,1,1
0,0.28554601313265815,0,0
0,0.3686637454525881,0,0
0,0.22024100298766788,0,0
0,0.6867043624169991,1,0
0,0.7573786093038767,1,1
1,0.8103008185435653,1,1
0,0.5882281217894005,1,0
1,0.6302374936955377,1,0
1,0.9414285857497914,1,1
1,0.2662925574211788,0,0
1,0.8797298041842022,1,1
0,0.7203026813670844,1,1
0,0.4951256453825518,0,0
0,0.7946800084273289,1,1
0,0.2186701376825215,0,0
0,0.42311065865338887,0,0
0,0.3365039074960761,0,0
1,0.4785348272874267,0,0
0,0.7759689097404818,1,1
1,0.7817407882845006,1,1
0,0.7076883639392668,1,1
0,0.19890486742079672,0,0
1,0.7989865198353455,1,1
1,0.7655837514589332,1,1
0,0.3945924772615757,0,0
0,0.9187883787120976,1,1
0,0.5827949177160794,1,0
0,0.5993876713068552,1,0
0,0.4436223190553953,0,0
1,0.8633274438536443,1,1
0,0.45448245357889444,0,0
0,0.5986811830223386,1,0
1,0.8160999572444001,1,1
1,0.4677019066174323,0,0
0,0.30202456407208134,0,0
0,0.37653382053080564,0,0
0,0.4018569355284398,0,0
1,0.8955148163260344,1,1
1,0.5354347665920597,1,0
1,0.8788103796666271,1,1
0,0.6859008258092063,1,0
0,0.8204390877909515,1,1
0,0.3140948716659176,0,0
0,0.6146792796880876,1,0
1,0.6385948628072664,1,0
1,0.560682471248224,1,0
0,0.6691698691102882,1,0
0,0.3534811102599541,0,0
0,0.7531685891144698,1,1
0,0.6578323226728817,1,0
0,0.6804108852109945,1,0
1,0.9328114911526002,1,1
1,0.6272498500728306,1,0
0,0.3183617908594951,0,0
1,0.9130336761168725,1,1
0,0.6842345238429577,1,0
1,0.4369295649285457,0,0
0,0.2972298193589345,0,0
1,0.7570798563121448,1,1
0,0.6708295879973574,1,0
1,0.811841282974693,1,1
0,0.616249054923657,1,0
0,0.4301318725094139,0,0
1,0.9171210270954172,1,1
1,0.7553651312265339,1,1
1,0.8767581843618939,1,1
0,0.14573321032489317,0,0
0,0.1784892417199602,0,0
0,0.41536683679191466,0,0
0,0.5223001665759234,1,0
0,0.3985631390263994,0,0
1,0.9002718047652978,1,1
0,0.3360403951562071,0,0
0,0.5572917614952191,1,0
0,0.7841552228575471,1,1
0,0.2610471807286639,0,0
1,0.9323385575048615,1,1
1,0.7312570033511545,1,1
0,0.3542922394134682,0,0
0,0.761409649684697,1,1
0,0.8794762989060391,1,1
1,0.8068965920183419,1,1
0,0.38822171674235934,0,0
0,0.6731971310912126,1,0
1,0.7284513933789567,1,1
0,0.6266639339084822,1,0
0,0.09945648835979304,0,0
1,0.6240646183834921,1,0
0,0.6571465919671904,1,0
0,0.3675957259726585,0,0
0,0.42280692000354364,0,0
1,0.8342984718692305,1,1
0,0.4261526348147496,0,0
1,0.48115512364444296,0,0
1,0.9612722979382878,1,1
0,0.4995134089400354,0,0
0,0.8385301006336431,1,1
1,0.909456869340215,1,1
1,0.9727195709151459,1,1
0,0.8217686267278241,1,1
0,0.4003334073237317,0,0
0,0.6472357227814831,1,0
0,0.7040163176254607,1,1
1,0.9180938264698363,1,1
0,0.5486251149557971,1,0
0,0.22060504470732664,0,0
0,0.46813474935875804,0,0
0,0.6133989852702822,1,0
1,0.9036835069594729,1,1
0,0.4945214551358916,0,0
0,0.7717737371209528,1,1
0,0.630297147369449,1,0
0,0.33025047220338966,0,0
1,0.9090384477502715,1,1
0,0.5045994990218355,1,0
1,0.903558128396145,1,1
0,0.22069824029271584,0,0
1,0.8374293956975294,1,1
0,0.8079226254625531,1,1
0,0.49480032176669414,0,0
0,0.6488034871596549,1,0
0,0.31755546179481436,0,0
0,0.46409426577940427,0,0
1,0.7078606784822337,1,1
1,0.6871481692450752,1,0
1,0.6974375031362974,1,1
1,0.9318158517712688,1,1
1,0.8224383824967305,1,1
0,0.5412036891181917,1,0
1,0.6788697854181727,1,0
0,0.5954977405628689,1,0
1,0.9174876710336798,1,1
0,0.2776823981769375,0,0
0,0.46963962078083343,0,0
0,0.8173239262339383,1,1
1,0.6706700925806073,1,0
0,0.2994383164528994,0,0
0,0.876891054812523,1,1
0,0.34703095045525495,0,0
0,0.04300183755643947,0,0
1,0.3787950354686888,0,0
1,0.8671278692286769,1,1
0,0.45494966092165207,0,0
0,0.814081457030561,1,1
0,0.43895111581370605,0,0
1,0.9329207379839266,1,1
1,0.8251191914617388,1,1
1,0.9226963326014191,1,1
0,0.3531463869415326,0,0
1,0.8644795272898476,1,1
1,0.8234599153678038,1,1
1,0.9433309049605553,1,1
0,0.6618320483628551,1,0
0,0.7347293229189866,1,1
0,0.5366929936751714,1,0
0,0.7452200791147469,1,1
0,0.5940486912393959,1,0
0,0.3358465296629596,0,0
0,0.8865315872085077,1,1
0,0.38597538774613227,0,0
0,0.31911441921179545,0,0
0,0.6880214179470645,1,0
0,0.6317642843361274,1,0
1,0.8601160030916419,1,1
0,0.33520833807560546,0,0
0,0.903333092489957,1,1
1,0.629636751847879,1,0
0,0.8233583910544368,1,1
0,0.5595730984696987,1,0
0,0.46120445962291773,0,0
1,0.8287029967952241,1,1
1,0.9410319844708894,1,1
0,0.7438656250684224,1,1
0,0.32891946752047746,0,0
0,0.8168541647341735,1,1
1,0.3547432823401126,0,0
0,0.3579704205063596,0,0
1,0.8214832652127212,1,1
0,0.8965654059425825,1,1
0,0.7550982697376816,1,1
0,0.4845788723013327,0,0
1,0.4687774069172873,0,0
1,0.8815001638781711,1,1
1,0.9644938882357993,1,1
1,0.6409672170240033,1,0
0,0.7117562773955384,1,1
1,0.5102491497164678,1,0
0,0.5232654020099891,1,0
0,0.1541278940289146,0,0
0,0.5661117719781286,1,0
0,0.641180435980813,1,0
0,0.6087693830420238,1,0
1,0.689728112561719,1,0
0,0.3282549039954651,0,0
1,0.8634116110187772,1,1
0,0.8299753537485149,1,1
1,0.6339483373471804,1,0
0,0.6147199010706829,1,0
1,0.9291587118356299,1,1
0,0.24233235208844375,0,0
0,0.3327304948524557,0,0
0,0.7729408111497177,1,1
1,0.4730404182756817,0,0
0,0.4562962929602099,0,0
0,0.5668182184327846,1,0
1,0.4398775554358909,0,0
1,0.7659763665694588,1,1
1,0.854580420731902,1,1
0,0.5650170414165345,1,0
0,0.6821920253543149,1,0
1,0.6385755425724837,1,0
0,0.5188465310641253,1,0
0,0.29859078253887933,0,0
0,0.2585804686808895,0,0
0,0.19931534845638918,0,0
1,0.7707807817019219,1,1
0,0.25860923606473724,0,0
0,0.9443667388762945,1,1
1,0.9130250614582843,1,1
1,0.8811175208632059,1,1
0,0.4646387845005665,0,0
0,0.44434727190498763,0,0
0,0.300592443414989,0,0
1,0.8655426867395575,1,1
1,0.7855681739239602,1,1
0,0.7813933914474814,1,1
0,0.6609586294789006,1,0
0,0.6797830643021797,1,0
1,0.9010098919458621,1,1
1,0.503731555662942,1,0
0,0.566949887862752,1,0
0,0.6748308213630427,1,0
0,0.2497570690308548,0,0
0,0.9332921701217062,1,1
1,0.4972915622904518,0,0
1,0.44030110400790373,0,0
1,0.5389376740402514,1,0
0,0.5984160160590913,1,0
1,0.8265861177604504,1,1
0,0.4074216785214435,0,0
0,0.1984111895160636,0,0
0,0.6938013005408437,1,1
1,0.5694905571828064,1,0
1,0.839169695669726,1,1
1,0.8406264183517903,1,1
1,0.7554871983124349,1,1
0,0.8766450132704778,1,1
0,0.4430823624877732,0,0
1,0.29567569513442143,0,0
0,0.5928436193357336,1,0
0,0.2128649585770953,0,0
1,0.9448868350930849,1,1
0,0.5756488498256109,1,0
0,0.19468872718300032,0,0
0,0.6508328380829403,1,0
1,0.9710902331140523,1,1
0,0.7528008988643861,1,1
1,0.9549576649173233,1,1
0,0.2990919068043561,0,0
1,0.7014905016960715,1,1
1,0.9077938211503392,1,1
0,0.5558555832994334,1,0
1,0.6939084988111774,1,1
0,0.6244917466380646,1,0
0,0.4155598501937227,0,0
0,0.4331123146503078,0,0
0,0.7123209739739451,1,1
0,0.5303026523048634,1,0
0,0.8283549638821565,1,1
0,0.8923796891598161,1,1
1,0.9127644014734748,1,1
1,0.7864207297536976,1,1
1,0.9285100549355538,1,1
0,0.6025239815809827,1,0
0,0.21138724257062155,0,0
1,0.9260289139438705,1,1
0,0.3868723172964548,0,0
0,0.47130370862490434,0,0
0,0.46285391330180586,0,0
1,0.8370580265888441,1,1
1,0.9097638995626827,1,1
0,0.793959360006185,1,1
0,0.316466276710679,0,0
0,0.6225834137172478,1,0
0,0.19965905408441795,0,0
0,0.6508817446147263,1,0
1,0.83697893238556,1,1
1,0.547417159702757,1,0
0,0.22422524119463613,0,0
0,0.4391947415979641,0,0
0,0.43033244078565974,0,0
1,0.8955467291697654,1,1
1,0.7510446156742097,1,1
0,0.5600030000183904,1,0
0,0.2847120160284999,0,0
1,0.8802804771674028,1,1
0,0.7311039086382551,1,1
0,0.6369448854847517,1,0
0,0.290516341928691,0,0
1,0.9166674937618662,1,1
1,0.7962267825642583,1,1
0,0.6286421370148426,1,0
0,0.9535338761151577,1,1
0,0.3066219018915488,0,0
0,0.6908675311568234,1,1
0,0.6868642078132113,1,0
0,0.7801962672627121,1,1
1,0.613444551608453,1,0
1,0.8399565299504542,1,1
0,0.2206681963105297,0,0
1,0.44593743188461954,0,0
1,0.9080215940814688,1,1
0,0.3052431921396567,0,0
0,0.577000272750546,1,0
0,0.21690569379595429,0,0
0,0.27191590138348143,0,0
0,0.20285954460866276,0,0
1,0.8714712098700371,1,1
1,0.5867111691743009,1,0
1,0.8412941836917442,1,1
0,0.4560066095199908,0,0
0,0.5833402029375662,1,0
0,0.7504588760035962,1,1
0,0.15434736347134795,0,0
0,0.45091752176505595,0,0
1,0.9324607790323061,1,1
0,0.49855811705868214,0,0
0,0.6752709541038076,1,0
1,0.8721729706964519,1,1
0,0.5128317657274389,1,0
1,0.6180359625406289,1,0
0,0.8144064249985615,1,1
0,0.6753877961998733,1,0
0,0.5637941963272816,1,0
1,0.907484589519324,1,1
0,0.630845006035825,1,0
0,0.28720086142751644,0,0
1,0.9144166662639831,1,1
1,0.4901729692788787,0,0
1,0.9331546299605131,1,1
0,0.6592145479904169,1,0
0,0.3112347901873627,0,0
0,0.16620660546018676,0,0
1,0.9174805665201738,1,1
1,0.49884139252456344,0,0
1,0.899711524710439,1,1
0,0.16672545659469812,0,0
0,0.1338576631850046,0,0
1,0.9077135403493052,1,1
1,0.45692856211520294,0,0
0,0.7216901442643487,1,1
1,0.8237213918033495,1,1
1,0.8629002448599181,1,1
0,0.1636766184341984,0,0
0,0.4232981795036193,0,0
0,0.6684937221740116,1,0
1,0.625290897188951,1,0
0,0.27870293488687453,0,0
1,0.9159884007059451,1,1
0,0.8113872132106904,1,1
1,0.9036240431669632,1,1
0,0.4670017736096911,0,0
0,0.5389542064457092,1,0
0,0.2916198326235272,0,0
0,0.13796482892114756,0,0
0,0.2350820680600792,0,0
0,0.3135058084728513,0,0
0,0.9201815060782259,1,1
0,0.7850589610305049,1,1
0,0.5689235031149549,1,0
1,0.7764590030453221,1,1
0,0.2775517848710641,0,0
0,0.16378659542964785,0,0
1,0.4250412973503943,0,0
1,0.9486377450712752,1,1
0,0.49918233564083986,0,0
0,0.5621234560822995,1,0
1,0.9088716215373961,1,1
1,0.8959046263974677,1,1
0,0.39377266080297024,0,0
0,0.8414437935013854,1,1
1,0.9147088020353745,1,1
0,0.11028134826118556,0,0
1,0.7907538194126121,1,1
0,0.5916014212072495,1,0
1,0.6531681948199134,1,0
0,0.5876115105168488,1,0
0,0.445658140922441,0,0
0,0.5363961318465943,1,0
1,0.18408171384477745,0,0
0,0.17583571545627547,0,0
1,0.19746707264231486,0,0
0,0.46947991850123455,0,0
0,0.5596680664105896,1,0
0,0.4912920370872639,0,0
1,0.16098177934442584,0,0
0,0.28911384722701067,0,0
0,0.9092627160337917,1,1
1,0.9446697250233653,1,1
1,0.6373087718212634,1,0
0,0.31105616648606677,0,0
0,0.5755437969557117,1,0
0,0.28985366081841124,0,0
0,0.6993614972580355,1,1
0,0.47049739504654475,0,0
0,0.8672191305557129,1,1
0,0.3059404464272189,0,0
0,0.12152535631052311,0,0
0,0.26049215122258235,0,0
0,0.38210786590716694,0,0
0,0.2502415030528684,0,0
0,0.2854092636404665,0,0
0,0.8595690995822903,1,1
0,0.20435896779752383,0,0
0,0.8917276606206389,1,1
0,0.2531228328661714,0,0
0,0.5441389874892014,1,0
0,0.7718592765670466,1,1
1,0.9292490616055181,1,1
0,0.8384202771924696,1,1
1,0.9128611705184896,1,1
0,0.3565746569442257,0,0
0,0.1690673514853555,0,0
1,0.7440249866958454,1,1
1,0.8318108599190362,1,1
1,0.9104421762244165,1,1
0,0.18082868814694955,0,0
1,0.9458667522232144,1,1
0,0.5412767312882353,1,0
0,0.44409778968278557,0,0
1,0.6440744040991686,1,0
1,0.8690518037332662,1,1
1,0.8698083057000846,1,1
1,0.6559719527285285,1,0
0,0.17287397518258824,0,0
1,0.9016823631363595,1,1
0,0.29489352418990245,0,0
0,0.3473231900264096,0,0
0,0.7463661282604814,1,1
0,0.6287020333022466,1,0
1,0.9254373942476354,1,1
0,0.4798617993303187,0,0
1,0.9085763994721506,1,1
0,0.6311830111445044,1,0
0,0.3000646154543512,0,0
0,0.34811988369276303,0,0
0,0.2563936348890344,0,0
0,0.19652982405404126,0,0
1,0.9218651236392533,1,1
0,0.6751438447916592,1,0
1,0.8457777691660008,1,1
1,0.9201350605447531,1,1
0,0.6011833834672822,1,0
0,0.3340708262080282,0,0
0,0.3935489231997595,0,0
0,0.25271370415224265,0,0
0,0.25669592531510155,0,0
1,0.8981722654137171,1,1
1,0.5825614102781936,1,0
1,0.8837137489630945,1,1
0,0.29363038374842165,0,0
1,0.9443638699131247,1,1
0,0.42944188514648785,0,0
0,0.42345634903975904,0,0
0,0.5135060515143303,1,0
0,0.6788016592816458,1,0
1,0.9283714956333363,1,1
1,0.9221519504011999,1,1
1,0.9434719361380172,1,1
1,0.8237294380107159,1,1
1,0.6471803489750155,1,0
0,0.36250928220421935,0,0
0,0.6415804907850379,1,0
1,0.5997020591286665,1,0
0,0.7791927826857481,1,1
1,0.7002829998245276,1,1
0,0.6524438138440426,1,0
0,0.13898818634851196,0,0
1,0.9442445514654543,1,1
1,0.802418876554796,1,1
1,0.8034411214504279,1,1
0,0.2683792862566609,0,0
1,0.44013692159342127,0,0
0,0.4841248028644677,0,0
1,0.923589476610879,1,1
0,0.5048871210245975,1,0
0,0.1899431519908807,0,0
0,0.6632045665724774,1,0
0,0.7589625160015661,1,1
0,0.670587519609181,1,0
0,0.7338960995438137,1,1
0,0.39534163954115736,0,0
0,0.5126926525878969,1,0
0,0.7181919175412487,1,1
0,0.7549041255697532,1,1
0,0.5730613055540427,1,0
0,0.5303639192715462,1,0
0,0.7806537904973202,1,1
1,0.5704546848977486,1,0
0,0.8663106555413795,1,1
1,0.3635136891187003,0,0
0,0.48654301287991336,0,0
0,0.2051607081469074,0,0
1,0.5218642431027721,1,0
0,0.3793993570196315,0,0
0,0.6376640621379559,1,0
1,0.9090092149362415,1,1
0,0.26016862062135504,0,0
0,0.5955583414303324,1,0
0,0.3765904784166154,0,0
0,0.6483105410294381,1,0
1,0.701840937371973,1,1
0,0.6077535620573032,1,0
1,0.754731370430533,1,1
1,0.6216883515886197,1,0
1,0.6182088782588065,1,0
0,0.6601806725229336,1,0
1,0.8914826257415656,1,1
0,0.23708347081742173,0,0
0,0.8183958987246791,1,1
0,0.8535367287314257,1,1
0,0.834574081823035,1,1
0,0.6614714587543684,1,0
1,0.7373331132662336,1,1
0,0.7497482221662214,1,1
1,0.9443667388762945,1,1
0,0.6768196784194512,1,0
0,0.6702426892147657,1,0
0,0.3364013260221411,0,0
0,0.16996957899488715,0,0
0,0.2167998043093783,0,0
1,0.8751290254170121,1,1
0,0.6524392216935894,1,0
0,0.15985087361520497,0,0
0,0.5493749147040691,1,0
0,0.5244948624043836,1,0
0,0.6334869753565381,1,0
1,0.8005572123258919,1,1
0,0.4166330158795337,0,0
1,0.7888138898050229,1,1
0,0.5752816226079681,1,0
1,0.5383286659378894,1,0
1,0.5126105697274252,1,0
1,0.8309385009649148,1,1
1,0.9286960254731441,1,1
1,0.29856798194859907,0,0
0,0.11053311688973048,0,0
0,0.5865232212338705,1,0
0,0.636295698658719,1,0
1,0.8389337008120432,1,1
0,0.4567625510221056,0,0
1,0.9204640863087583,1,1
1,0.8278450925962699,1,1
0,0.39757036407610385,0,0
0,0.7835142169822717,1,1
1,0.8693338432736332,1,1
0,0.5339301446791851,1,0
0,0.9316091653562703,1,1
1,0.8132502577218756,1,1
0,0.7585320900164427,1,1
1,0.5539705032431188,1,0
1,0.9115740268258405,1,1
1,0.937576165069729,1,1
1,0.6849286622501823,1,0
0,0.49082255430183364,0,0
0,0.34862375278674995,0,0
0,0.19956435637266406,0,0
1,0.8398015452213775,1,1
0,0.8372697825457863,1,1
1,0.44027454037167174,0,0
1,0.6981261298936147,1,1
1,0.5896703238657258,1,0
1,0.7726260180621904,1,1
1,0.8866542105402534,1,1
1,0.9044373100509769,1,1
0,0.8821912803984769,1,1
0,0.31883388511187744,0,0
0,0.24376999627919063,0,0
0,0.31043869447961797,0,0
0,0.679354829241775,1,0
1,0.5460964495434282,1,0
1,0.9416232996607115,1,1
1,0.7466578788548801,1,1
0,0.7532136408157875,1,1
1,0.711258378807964,1,1
0,0.5653399064929303,1,0
1,0.6761488436572007,1,0
0,0.5855117372687745,1,0
0,0.3092052733691011,0,0
1,0.9211331635542248,1,1
1,0.8974901592912372,1,1
0,0.24410094590032017,0,0
1,0.7816959679620982,1,1
1,0.8405479026584787,1,1
0,0.23750885221227938,0,0
1,0.7977686990974664,1,1
0,0.7127840284072882,1,1
1,0.8083459185337972,1,1
0,0.2929738381180708,0,0
1,0.8614602667738273,1,1
0,0.831373108153959,1,1
0,0.18632047271741337,0,0
1,0.9000073467799422,1,1
1,0.6145364978165118,1,0
1,0.8511578206153413,1,1
1,0.8975922543956448,1,1
0,0.710652188927954,1,1
0,0.3545409891421072,0,0
1,0.7852871605366091,1,1
0,0.8704886156268923,1,1
0,0.43027672224879165,0,0
0,0.6628754957663137,1,0
0,0.752101908293961,1,1
0,0.394893992036721,0,0
0,0.6518107320745964,1,0
1,0.8000361181266604,1,1
0,0.16088652666851277,0,0
0,0.47452860619015325,0,0
0,0.5470939551030344,1,0
1,0.8166206702985348,1,1
0,0.1703306221981213,0,0
1,0.7871899614245156,1,1
0,0.5971707372542768,1,0
0,0.4941260079364503,0,0
0,0.5337225747303537,1,0
1,0.9174952150519939,1,1
0,0.45235071673166893,0,0
0,0.8960566027642455,1,1
0,0.25857270242229285,0,0
0,0.7458078768550814,1,1
0,0.870857548118938,1,1
1,0.9082946207608096,1,1
0,0.5882943126547009,1,0
0,0.739419921669938,1,1
0,0.6523379270107627,1,0
0,0.898727282251464,1,1
0,0.6485056171942949,1,0
1,0.882500832523001,1,1
1,0.7765118649025481,1,1
1,0.7888548308845305,1,1
0,0.22877958248217928,0,0
0,0.32981514627376646,0,0
0,0.3859940235736924,0,0
0,0.6727245455740727,1,0
1,0.9143674823956293,1,1
1,0.7238684675109578,1,1
1,0.9044175826529198,1,1
0,0.3544538206742347,0,0
0,0.5334758629747851,1,0
1,0.8281595064617898,1,1
1,0.937355593494969,1,1
0,0.29392207237711304,0,0
0,0.22348608253510296,0,0
0,0.34449993874177254,0,0
0,0.6811378396516306,1,0
0,0.596922212934133,1,0
0,0.18768351758972038,0,0
1,0.419961953728928,0,0
0,0.9056049443313764,1,1
0,0.4658705261986194,0,0
0,0.11671628758987732,0,0
0,0.462653987368815,0,0
0,0.5809902500349313,1,0
0,0.4165104149895107,0,0
0,0.7282721266999249,1,1
1,0.9246237695993342,1,1
1,0.83294165005771,1,1
0,0.24707283293811033,0,0
0,0.6246766789167485,1,0
0,0.10681902401715297,0,0
0,0.49153307335341057,0,0
0,0.3405205083252943,0,0
0,0.4345362005218147,0,0
0,0.37616173431415995,0,0
0,0.5241113368682456,1,0
1,0.691555328287704,1,1
0,0.47846278457336233,0,0
1,0.9332130981519208,1,1
1,0.7444396888887647,1,1
0,0.14503426828634663,0,0
0,0.3387311278343115,0,0
0,0.28652986729939206,0,0
1,0.9570121761343957,1,1
0,0.5829077106930339,1,0
0,0.22119422134993885,0,0
0,0.5409264224135728,1,0
0,0.18751695705338603,0,0
1,0.771258407720139,1,1
1,0.9200863186042284,1,1
0,0.6082736035097074,1,0
0,0.5190330336188479,1,0
0,0.45834492524412296,0,0
0,0.22568359340053584,0,0
1,0.504037452169571,1,0
0,0.2158322736643018,0,0
0,0.7541559756827991,1,1
0,0.7193909368503024,1,1
1,0.6011455904064217,1,0
0,0.24515227879459903,0,0
0,0.3788144119336703,0,0
1,0.8457176522543078,1,1
1,0.8902813846608073,1,1
1,0.15661993018024029,0,0
0,0.9005604337900642,1,1
0,0.1938617514352244,0,0
0,0.7527658492246765,1,1
1,0.589849067854955,1,0
0,0.18419103470698656,0,0
1,0.8015888292568732,1,1
0,0.7182700852260095,1,1
1,0.759335275564383,1,1
1,0.7447048559285109,1,1
0,0.22905936271476832,0,0
1,0.7491478617803554,1,1
0,0.6229210805011403,1,0
1,0.8747937610813762,1,1
1,0.9019199719882195,1,1
1,0.9426565980330747,1,1
0,0.5517805203804993,1,0
0,0.6152475861081832,1,0
1,0.8615230001473562,1,1
0,0.9213840790867244,1,1
0,0.5692990472166243,1,0
0,0.24800961978347674,0,0
1,0.8493120728829664,1,1
1,0.9155362519469983,1,1
0,0.4916472034706539,0,0
1,0.9222111530708089,1,1
0,0.5349031551245845,1,0
1,0.6363632714670635,1,0
1,0.6997466967616757,1,1
0,0.4056347865245354,0,0
1,0.9049285777159631,1,1
1,0.8288811377236398,1,1
1,0.8349301722834735,1,1
1,0.8172606636502391,1,1
0,0.24539525009020233,0,0
0,0.6681808345726284,1,0
1,0.8569330062935465,1,1
0,0.3486092364617289,0,0
1,0.8127892749322456,1,1
0,0.14164696507278474,0,0
0,0.5295812498684612,1,0
0,0.2884669774479758,0,0
0,0.6713418457224233,1,0
0,0.8437565530402675,1,1
0,0.19667169454895223,0,0
0,0.38267386312232793,0,0
0,0.49630224305277565,0,0
0,0.5414189423191276,1,0
0,0.4726595208272575,0,0
0,0.554728864533369,1,0
0,0.8365738445470072,1,1
1,0.9213260081416715,1,1
1,0.9236320983027323,1,1
0,0.3470118082366196,0,0
1,0.36156793193415837,0,0
0,0.20095521158694102,0,0
0,0.5018463065477263,1,0
0,0.7810713558031982,1,1
0,0.14194071493506838,0,0
1,0.7985518586262594,1,1
0,0.8166934463287217,1,1
1,0.8849473065879452,1,1
0,0.5780166824888441,1,0
0,0.8218134306923026,1,1
0,0.8466016238165764,1,1
0,0.4046628867292417,0,0
0,0.5345444983815857,1,0
1,0.9463434006781453,1,1
0,0.23568425517019773,0,0
0,0.8258655693406239,1,1
0,0.7009337320403244,1,1
0,0.8179978521944968,1,1
1,0.8878248643972338,1,1
1,0.8417977266626573,1,1
1,0.512151340141047,1,0
0,0.6160291093730074,1,0
1,0.9114729827722543,1,1
0,0.8314252035027183,1,1
0,0.451657841251153,0,0
1,0.9364572835978621,1,1
0,0.7655394376125976,1,1
0,0.7632530937562503,1,1
0,0.6430093895711808,1,0
0,0.3639557012087357,0,0
0,0.28275941513193525,0,0
0,0.38625060563404573,0,0
1,0.823987705322425,1,1
0,0.7178241573772562,1,1
0,0.2724761421644515,0,0
0,0.389013800904379,0,0
0,0.8826916507865676,1,1
0,0.3196795084377545,0,0
0,0.8540990724559091,1,1
0,0.7164466164947454,1,1
0,0.8912991650709517,1,1
0,0.31874272615784704,0,0
0,0.11284571174050217,0,0
0,0.33269494823220497,0,0
0,0.7869511108348224,1,1
0,0.8256343115786217,1,1
0,0.2499335688261203,0,0
0,0.17125833567029333,0,0
0,0.5606992058487904,1,0
0,0.8395337081799553,1,1
0,0.35755103866734994,0,0
1,0.6903644638192711,1,1
0,0.3293600846587266,0,0
0,0.8103630597174707,1,1
0,0.3822176792270686,0,0
0,0.2656298838026828,0,0
0,0.9270940031414922,1,1
0,0.4499306092479943,0,0
0,0.8753546203081238,1,1
0,0.2541117989077088,0,0
0,0.4174741395126365,0,0
0,0.4927949642566811,0,0
0,0.5301440548203192,1,0
0,0.6546747966846632,1,0
1,0.8168501383204441,1,1
0,0.4828702558420216,0,0
1,0.6543708654301496,1,0
1,0.4518654361796907,0,0
1,0.9006567460598696,1,1
1,0.6076607178187353,1,0
1,0.9256983126804377,1,1
0,0.8322294081517381,1,1
1,0.9586124024649764,1,1
0,0.643793592792793,1,0
0,0.43457284617563685,0,0
0,0.9336097559510691,1,1
0,0.49218211275909707,0,0
1,0.7814889306597053,1,1
1,0.6200529430954579,1,0
1,0.9333819317124005,1,1
0,0.8047761830225154,1,1
0,0.8118945588620229,1,1
1,0.8601587106825366,1,1
1,0.8810104406381801,1,1
0,0.27477482824226457,0,0
1,0.49696309304254865,0,0
0,0.5997785421411058,1,0
1,0.7611441318484136,1,1
0,0.8427383018144564,1,1
0,0.7065086101857215,1,1
1,0.8161503977815756,1,1
0,0.15144520302907208,0,0
0,0.45296958520926683,0,0
0,0.7684250966502146,1,1
0,0.19629157806680672,0,0
1,0.8662514540768936,1,1
0,0.7786789361549273,1,1
1,0.8043545698647312,1,1
0,0.4440122486829008,0,0
0,0.7107388293900518,1,1
1,0.8803416528063108,1,1
1,0.87725522866966,1,1
1,0.9496643703217063,1,1
0,0.9035853556969223,1,1
0,0.5231136479465989,1,0
0,0.6495314579180919,1,0
1,0.7234751840898104,1,1
1,0.8577925003746952,1,1
0,0.2074953819180452,0,0
1,0.7223061850650982,1,1
0,0.3719470231285315,0,0
0,0.7684160227287425,1,1
0,0.6837672511372128,1,0
0,0.8205636710240821,1,1
0,0.33518955687143004,0,0
1,0.5910570817669897,1,0
1,0.8165836048348797,1,1
0,0.8732195696794784,1,1
1,0.2510244456539628,0,0
0,0.6073182077630599,1,0
0,0.3268051347223372,0,0
1,0.6731026162797875,1,0
0,0.30255562205091047,0,0
1,0.9171674979700862,1,1
0,0.23186249151010727,0,0
1,0.7691071317045733,1,1
1,0.9125571421272374,1,1
0,0.49159712072777684,0,0
0,0.6884340114367238,1,0
1,0.8814048259119484,1,1
0,0.5123847017051681,1,0
1,0.9104622073883879,1,1
1,0.7142673737726254,1,1
0,0.8452861341303379,1,1
0,0.5494046512584626,1,0
0,0.7542069723232013,1,1
1,0.8083072283806776,1,1
1,0.6878833686006988,1,0
0,0.7266749229249808,1,1
0,0.4058855498897632,0,0
0,0.21169137635816002,0,0
0,0.5882278752096082,1,0
1,0.9183536566000822,1,1
1,0.9084966552219891,1,1
1,0.6960104548288928,1,1
1,0.8017645728042253,1,1
1,0.883620270711967,1,1
1,0.7972348413754479,1,1
0,0.4511513780980411,0,0
1,0.5535824227164725,1,0
1,0.7543008925067034,1,1
1,0.8974623411834304,1,1
0,0.7311436911732264,1,1
0,0.6871569574811289,1,0
1,0.8848853283839869,1,1
1,0.4094524839895743,0,0
0,0.26768630254456105,0,0
0,0.5628597572720422,1,0
1,0.7759374507775172,1,1
0,0.14109127137149,0,0
1,0.5619887154533394,1,0
0,0.5214380149525846,1,0
1,0.17814586342068148,0,0
1,0.7498694172577082,1,1
0,0.40345878340574587,0,0
1,0.5364866306434821,1,0
0,0.8794888453012674,1,1
0,0.40234221319629127,0,0
1,0.816016569060337,1,1
0,0.618477448161681,1,0
0,0.5296802766342741,1,0
0,0.8361414758098086,1,1
1,0.9049754403174682,1,1
0,0.5514663723338553,1,0
0,0.6929559846674439,1,1
1,0.7502851320986362,1,1
0,0.4630968984114902,0,0
0,0.485581843174813,0,0
0,0.4385882724948699,0,0
0,0.750919602756132,1,1
0,0.5108228266854614,1,0
0,0.6361604880285802,1,0
0,0.4382777898664433,0,0
0,0.7373603689836096,1,1
0,0.46335712864497397,0,0
0,0.7097510861998959,1,1
0,0.6258992064827271,1,0
0,0.7058234002760655,1,1
0,0.785065346033446,1,1
0,0.39535846662607543,0,0
0,0.29079477683792915,0,0
0,0.8496747678593367,1,1
0,0.8184280706034885,1,1
0,0.7040467889923189,1,1
1,0.7909983295589662,1,1
0,0.7206059005394316,1,1
0,0.35637777782905067,0,0
0,0.6993859670782608,1,1
0,0.5073696949181136,1,0
1,0.3270920156271844,0,0
0,0.35018684537771677,0,0
1,0.2459048742693289,0,0
0,0.8579032272887228,1,1
0,0.45211101912866697,0,0
0,0.9474727433223071,1,1
0,0.22369545813514663,0,0
1,0.368628467369728,0,0
1,0.9021950569475544,1,1
0,0.829862125713858,1,1
0,0.522451212297738,1,0
0,0.6266760365380101,1,0
0,0.7621444479081261,1,1
1,0.9504577419573973,1,1
1,0.9414766787582913,1,1
0,0.41560884652713415,0,0
1,0.9324758750068884,1,1
0,0.5820697552865787,1,0
1,0.6739325029050655,1,0
0,0.8051252246168831,1,1
1,0.9288934294653886,1,1
0,0.5623790929871126,1,0
1,0.5894689041835525,1,0
0,0.852611137639042,1,1
0,0.6110681987999975,1,0
0,0.5844999846802561,1,0
0,0.18246848776538205,0,0
1,0.7336095365928705,1,1
1,0.9144723725049168,1,1
0,0.4434964084446202,0,0
0,0.26978827154082263,0,0
0,0.11368032185547017,0,0
0,0.34696204077754506,0,0
0,0.6869172563743511,1,0
0,0.824311206983571,1,1
0,0.2839932633867617,0,0
1,0.8498862821416079,1,1
1,0.9314083817649571,1,1
0,0.672705754407073,1,0
0,0.8666940569366447,1,1
0,0.8498171433755665,1,1
1,0.8610990979568045,1,1
0,0.6053801549317657,1,0
0,0.7433462344799838,1,1
1,0.9523015020113331,1,1
0,0.7242030497625682,1,1
0,0.2410437064504679,0,0
0,0.5422208842560566,1,0
1,0.8896241910539631,1,1
0,0.26715262046496635,0,0
0,0.47012125121376624,0,0
1,0.33406782036446014,0,0
0,0.8711731603992355,1,1
1,0.8019323730049073,1,1
1,0.47017414033935784,0,0
1,0.6662655965706782,1,0
0,0.5988876877309809,1,0
1,0.7878572358443595,1,1
0,0.28393339782825616,0,0
1,0.9268561842619002,1,1
0,0.4388733097909995,0,0
0,0.3922201083344634,0,0
1,0.736077228924995,1,1
1,0.8554565966469327,1,1
0,0.8369803872584677,1,1
0,0.4867705057913413,0,0
0,0.6377745028870191,1,0
1,0.6862670913972713,1,0
0,0.3758480831263312,0,0
0,0.37673238255094216,0,0
1,0.42292941382049687,0,0
0,0.5444802849186202,1,0
0,0.17280996079831792,0,0
0,0.6150115530061562,1,0
0,0.47566661754767825,0,0
0,0.7559804158494495,1,1
0,0.2359586972832269,0,0
0,0.5940013365859289,1,0
0,0.5830378366733857,1,0
1,0.9340058321642667,1,1
1,0.7676028070377282,1,1
0,0.5265129321415072,1,0
0,0.3043128100883962,0,0
0,0.8803137378260846,1,1
0,0.5627397700911669,1,0
1,0.8411438695981963,1,1
1,0.8626119286353817,1,1
0,0.17297408336571368,0,0
0,0.4407075226592068,0,0
1,0.7238962705102395,1,1
1,0.8610566128761749,1,1
0,0.37080475074115715,0,0
0,0.3206915670014389,0,0
0,0.3213501493219887,0,0
0,0.3530407765148418,0,0
0,0.5640138185356046,1,0
0,0.5403295312902747,1,0
1,0.7236243320545824,1,1
1,0.5139370554400455,1,0
0,0.9029321573604994,1,1
0,0.6423158686481041,1,0
0,0.5831383800530278,1,0
1,0.9153061980862724,1,1
0,0.8664284458484312,1,1
1,0.841027170858862,1,1
0,0.8346726755348058,1,1
0,0.6026972846262093,1,0
1,0.9019144804036063,1,1
0,0.8267364404486254,1,1
1,0.8102941102544203,1,1
1,0.9353929357759664,1,1
0,0.33243487679079153,0,0
0,0.8975107375218725,1,1
1,0.8309149183955004,1,1
0,0.3381723117471267,0,0
0,0.35403293468146296,0,0
0,0.3752878580572265,0,0
0,0.4902647609913942,0,0
0,0.27412227223568214,0,0
0,0.4186194662722945,0,0
1,0.5111928769562538,1,0
0,0.3827160113390473,0,0
1,0.9093790344142564,1,1
0,0.6538440238448592,1,0
0,0.7279023806622715,1,1
0,0.43243413744754733,0,0
1,0.8084921518291289,1,1
1,0.8026070449632852,1,1
0,0.6721035937151729,1,0
0,0.2287975408599176,0,0
0,0.6227342169315908,1,0
1,0.797186574229769,1,1
0,0.6258386879616131,1,0
1,0.6160241819001352,1,0
0,0.5145490034454483,1,0
0,0.8364859633374613,1,1
0,0.18384865847210685,0,0
0,0.6324465343470572,1,0
0,0.7655102843968195,1,1
0,0.6981383296011584,1,1
0,0.3935795781895384,0,0
0,0.495312755169723,0,0
0,0.2218196574314996,0,0
1,0.6916555414833566,1,1
0,0.8386571977444234,1,1
0,0.49634642819775426,0,0
0,0.7845051760799497,1,1
0,0.28673780736912347,0,0
0,0.2619446761523929,0,0
0,0.785655573157498,1,1
1,0.8674535050460029,1,1
1,0.9162740811358062,1,1
0,0.40899772458148237,0,0
0,0.2459412371911419,0,0
1,0.8632300053320727,1,1
0,0.6183602934997029,1,0
1,0.7372349971711387,1,1
0,0.3947281698132923,0,0
0,0.11694405510023534,0,0
0,0.234836421416042,0,0
1,0.9452543895133567,1,1
0,0.1769076240249297,0,0
1,0.8694242470173282,1,1
0,0.4711677798575254,0,0
0,0.5438864609793845,1,0
0,0.7698259652129753,1,1
0,0.6796927772104453,1,0
0,0.9185908337370197,1,1
0,0.7107610030439827,1,1
0,0.36963373544614153,0,0
0,0.24188181456766025,0,0
0,0.8122691887739973,1,1
0,0.8417530932270592,1,1
1,0.7759537751914934,1,1
0,0.2568118000255329,0,0
0,0.35639172013307735,0,0
1,0.7425397407379115,1,1
0,0.15839186024556293,0,0
0,0.3285016532436287,0,0
1,0.8197926195324182,1,1
0,0.15532041325462695,0,0
0,0.44530224967856163,0,0
0,0.7910184301523623,1,1
0,0.17768799034767768,0,0
0,0.4906901068450757,0,0
0,0.8512778948807793,1,1
1,0.8524515179316182,1,1
0,0.6739987823000548,1,0
1,0.4007317231433685,0,0
1,0.9171892808775749,1,1
0,0.4475058857625525,0,0
0,0.4772896285888701,0,0
1,0.8709269325685481,1,1
1,0.6078688137839413,1,0
0,0.27668520180041734,0,0
0,0.28850918139332393,0,0
0,0.21948043056967706,0,0
1,0.7641949784876119,1,1
0,0.7430467602169121,1,1
0,0.394233537142822,0,0
0,0.207831733887348,0,0
0,0.20972406880387381,0,0
1,0.5564743781117774,1,0
0,0.5542178511892056,1,0
0,0.19604003453860025,0,0
1,0.8203632198240209,1,1
0,0.15585379838385477,0,0
0,0.704524153147857,1,1
0,0.7744669304545205,1,1
0,0.3998416835046925,0,0
0,0.4025193550700215,0,0
0,0.8614646539618747,1,1
0,0.5676537694501372,1,0
1,0.4173127564066419,0,0
0,0.7114153515941637,1,1
0,0.7171256973017848,1,1
1,0.918150913126099,1,1
0,0.6639710947734158,1,0
1,0.6542270534549934,1,0
0,0.8073643081888325,1,1
0,0.2834554512214339,0,0
0,0.5471252176832369,1,0
0,0.5237772139139656,1,0
1,0.7298851914068022,1,1
0,0.20250020260338503,0,0
0,0.9107005370483654,1,1
1,0.4436662616744207,0,0
0,0.7965822928181916,1,1
0,0.7363496584534123,1,1
0,0.5504252329558996,1,0
0,0.38408126557017797,0,0
0,0.25375964070493107,0,0
0,0.12837965323507247,0,0
1,0.9288292708921277,1,1
1,0.6617001605897509,1,0
0,0.5013892748099932,1,0
1,0.7169378737358044,1,1
0,0.45466894070028824,0,0
1,0.7987499954943197,1,1
0,0.3759822875617398,0,0
0,0.22060360511174815,0,0
1,0.8115871264603046,1,1
0,0.18963933610106193,0,0
0,0.41390210815268813,0,0
0,0.5636324213809046,1,0
1,0.9362290523563109,1,1
0,0.8952210176133213,1,1
0,0.8426846765163746,1,1
1,0.7208921984319099,1,1
0,0.2503445926618577,0,0
0,0.39392594300378025,0,0
0,0.28535101544228136,0,0
0,0.45370187535802553,0,0
1,0.9381802499008165,1,1
0,0.6331751282985414,1,0
1,0.8572909254341778,1,1
0,0.31840111704507446,0,0
1,0.8296633094346052,1,1
0,0.6524969839851117,1,0
1,0.8586968679323017,1,1
0,0.16946606006844944,0,0
0,0.5626966166307769,1,0
1,0.7616493244466913,1,1
1,0.8780337753221789,1,1
0,0.7205934423062129,1,1
0,0.33099710779199654,0,0
0,0.685548246484741,1,0
0,0.4751073038200692,0,0
1,0.9525304253702086,1,1
1,0.898073745243152,1,1
1,0.603973403405592,1,0
0,0.5749353247399895,1,0
0,0.39882488603413263,0,0
1,0.9061482112573566,1,1
0,0.7106862906251953,1,1
0,0.3496128814918176,0,0
0,0.49311682490122233,0,0
0,0.45880653122014536,0,0
1,0.7678285188415757,1,1
1,0.8213164180529491,1,1
0,0.8242269838634588,1,1
1,0.6439043148972527,1,0
0,0.27911873454442326,0,0
1,0.9467703243340839,1,1
0,0.44444400453483957,0,0
0,0.6275631941631964,1,0
0,0.803612332975321,1,1
0,0.6562390778406421,1,0
1,0.9512068566803229,1,1
0,0.582051218855077,1,0
1,0.961807423464117,1,1
0,0.8961835189045672,1,1
1,0.6104400510170758,1,0
1,0.7871432108468059,1,1
0,0.756106299358532,1,1
0,0.12453760743814604,0,0
0,0.47317143051414146,0,0
1,0.9296730360829055,1,1
1,0.9159787673047427,1,1
1,0.8479949600118336,1,1
1,0.8487447073514435,1,1
0,0.29803425911443,0,0
0,0.32161352925008835,0,0
0,0.707216428267057,1,1
1,0.7215735446935959,1,1
0,0.5286838915323455,1,0
0,0.3752549502174392,0,0
0,0.31255008093636505,0,0
0,0.15270810548683295,0,0
0,0.34248844207925083,0,0
0,0.6975567266688143,1,1
1,0.836404858249274,1,1
0,0.5132554513339409,1,0
0,0.27053420264956507,0,0
1,0.5185168158888366,1,0
1,0.9240066903817055,1,1
0,0.26270656050148994,0,0
1,0.8270610456689677,1,1
0,0.7825090418000972,1,1
1,0.9196718003950433,1,1
1,0.9451872672807798,1,1
0,0.5469768126004677,1,0
1,0.5273723356123261,1,0
1,0.9307761769780419,1,1
1,0.8300044086768167,1,1
0,0.7183994702101233,1,1
1,0.8756240309474967,1,1
1,0.7137435848053194,1,1
0,0.5275881339725065,1,0
1,0.6448501302304899,1,0
1,0.5786852655346274,1,0
0,0.5508195098866351,1,0
0,0.8139930500017446,1,1
0,0.6983920891661288,1,1
1,0.9698829289246974,1,1
1,0.8799008045612837,1,1
1,0.695100840199825,1,1
0,0.6199680284233465,1,0
1,0.670456392383829,1,0
1,0.7605995196390136,1,1
1,0.7516275460040648,1,1
1,0.8150054601327082,1,1
0,0.18963044676112342,0,0
1,0.5850969977765877,1,0
0,0.3440865615039724,0,0
0,0.6665609615219314,1,0
0,0.4949808935494462,0,0
0,0.7607362430287867,1,1
1,0.8365377047402925,1,1
0,0.1963872678211403,0,0
1,0.9354770398954474,1,1
0,0.8524709015003042,1,1
0,0.5484077339954542,1,0
0,0.35038699812894536,0,0
1,0.44167202202388867,0,0
1,0.9109973592489774,1,1
1,0.95171969937311,1,1
0,0.5975389930530672,1,0
1,0.814107743371196,1,1
1,0.9391402030046901,1,1
0,0.4488496280912809,0,0
0,0.41421154109218866,0,0
1,0.8742330516557448,1,1
0,0.8448037126335767,1,1
1,0.9200863186042284,1,1
0,0.3162412078342286,0,0
1,0.8188895240206807,1,1
1,0.6895048066395133,1,0
0,0.6984515405014722,1,1
1,0.9366080544654211,1,1
1,0.6871641912419498,1,0
1,0.9173291639439358,1,1
0,0.5242303864941942,1,0
1,0.8199209744194347,1,1
1,0.5951237591669769,1,0
0,0.8408048488486312,1,1
0,0.19356292393531527,0,0
1,0.8951398853277558,1,1
1,0.6397591088895369,1,0
1,0.6875049954424332,1,0
0,0.18604955256921296,0,0
0,0.22522022930834912,0,0
1,0.8011418813328894,1,1
0,0.794511660406478,1,1
1,0.8666639210683832,1,1
1,0.43820887618792864,0,0
0,0.6718004738028195,1,0
0,0.8923699479181393,1,1
0,0.14070801454110388,0,0
1,0.8672081590221988,1,1
0,0.8064323329900924,1,1
0,0.44711589628480697,0,0
1,0.9102419396652954,1,1
0,0.6541099550018964,1,0
0,0.5203364308544618,1,0
0,0.6438240781504174,1,0
0,0.53806966072047,1,0
1,0.5595814275951657,1,0
0,0.7014798605338695,1,1
0,0.269133952211983,0,0
0,0.3342918052438078,0,0
0,0.2400567969427338,0,0
0,0.8740897556140431,1,1
0,0.343790591998077,0,0
1,0.6481763074683689,1,0
1,0.9493235619224476,1,1
0,0.679630860745685,1,0
0,0.24621683475682934,0,0
0,0.2509934263444492,0,0
1,0.8856523000598273,1,1
0,0.20361351995465904,0,0
0,0.8155794531104452,1,1
1,0.3499589300895773,0,0
0,0.29880084210068536,0,0
0,0.4450723441125042,0,0
1,0.7567524621948337,1,1
0,0.8239490459518299,1,1
0,0.4899887732840217,0,0
0,0.5174110307446664,1,0
1,0.6306463481080281,1,0
1,0.7968443068799901,1,1
1,0.7503017358436402,1,1
0,0.5536433408986725,1,0
0,0.14650050661138408,0,0
0,0.41016741890184005,0,0
0,0.5463683455667395,1,0
1,0.9354199675217707,1,1
0,0.6170047048920254,1,0
0,0.7702854611410285,1,1
0,0.9425710192485682,1,1
0,0.698785781961616,1,1
0,0.17147806537725252,0,0
0,0.3514042895745527,0,0
1,0.9319828623259475,1,1
1,0.7150471023175076,1,1
0,0.8789124596037844,1,1
0,0.9122313898308406,1,1
0,0.8845011597112794,1,1
0,0.7789701782456572,1,1
0,0.474760829340439,0,0
1,0.842496439125342,1,1
1,0.634958122977886,1,0
0,0.8918992852369441,1,1
0,0.8975525181213403,1,1
0,0.7854034024699971,1,1
0,0.29429115495489133,0,0
1,0.8146896717505011,1,1
0,0.4753756975798666,0,0
0,0.39617818671721095,0,0
0,0.5031708324424538,1,0
0,0.6597506968282719,1,0
0,0.36883529512489743,0,0
0,0.5353281624163113,1,0
1,0.6649027054965901,1,0
1,0.9057492941944938,1,1
1,0.647574830854053,1,0
0,0.1379223611321863,0,0
0,0.593439247321506,1,0
0,0.3696924403398871,0,0
1,0.8048362694757671,1,1
0,0.4946028171646902,0,0
0,0.13377905591542305,0,0
0,0.9067772792327249,1,1
0,0.5010953231506446,1,0
0,0.4763522322068465,0,0
0,0.16604245941423473,0,0
0,0.2671087744656872,0,0
0,0.49849125515885845,0,0
0,0.9371317321746837,1,1
1,0.753907293731503,1,1
1,0.9234083349717321,1,1
0,0.550980103092055,1,0
0,0.5851168983174417,1,0
0,0.6648294639206507,1,0
1,0.9334260011183388,1,1
0,0.6044236815326581,1,0
0,0.2516286665713497,0,0
0,0.7012616946093436,1,1
1,0.7178309921611916,1,1
0,0.5028289802277053,1,0
0,0.7090880388710223,1,1
0,0.24219695845117536,0,0
0,0.23662588039686472,0,0
1,0.8866794448177173,1,1
1,0.7238157292999162,1,1
0,0.436041859889173,0,0
1,0.8555927747608856,1,1
1,0.8102691544372361,1,1
0,0.7984559905782872,1,1
1,0.6856184561999717,1,0
0,0.27709260146746534,0,0
0,0.7496760637138555,1,1
1,0.8952010631016437,1,1
0,0.3463450055934117,0,0
0,0.46545643069194487,0,0
1,0.6973640565462325,1,1
0,0.23577156109403388,0,0
0,0.7761025335601557,1,1
1,0.5329279793341406,1,0
0,0.6583837845974028,1,0
0,0.6202946558878203,1,0
1,0.853295585911644,1,1
0,0.7593802285973306,1,1
0,0.6754796801985722,1,0
0,0.251209152479676,0,0
0,0.7870349497239479,1,1
0,0.7401993386066563,1,1
0,0.29047214004879324,0,0
0,0.2481533978823683,0,0
0,0.3978100942467072,0,0
0,0.922322044547962,1,1
0,0.6187129414272238,1,0
1,0.7635642356679659,1,1
1,0.8693438167996194,1,1
0,0.1364499105630303,0,0
0,0.19290139819932964,0,0
0,0.47418348791770193,0,0
0,0.6999418789384287,1,1
1,0.8979660033979123,1,1
1,0.8532580385683698,1,1
1,0.9598581656654711,1,1
1,0.9220700880782001,1,1
0,0.7715321035043937,1,1
0,0.3942460484384769,0,0
0,0.2786515706048671,0,0
1,0.8991053712980029,1,1
0,0.34117044912528255,0,0
0,0.2954253560561161,0,0
0,0.3572744563619011,0,0
0,0.6159421204403931,1,0
1,0.7325188721101322,1,1
0,0.551918637124382,1,0
0,0.5271882855871316,1,0
0,0.3173775530722598,0,0
0,0.47868891877451814,0,0
0,0.5173285985693746,1,0
1,0.21935409943607215,0,0
0,0.21118577852561843,0,0
1,0.8342253149410205,1,1
0,0.6991406303350046,1,1
0,0.40642942224183265,0,0
0,0.7824996517044999,1,1
1,0.9044674591370339,1,1
0,0.24891785650030532,0,0
1,0.757520729171957,1,1
0,0.4420186567482794,0,0
0,0.8095681086985337,1,1
0,0.6550107480094784,1,0
1,0.9309676745094078,1,1
1,0.8599709571741757,1,1
0,0.7725202328262941,1,1
0,0.7027714410284732,1,1
0,0.46204635192485083,0,0
0,0.48862581611998374,0,0
0,0.21328876171632508,0,0
0,0.6189019558968917,1,0
0,0.37280319924475036,0,0
1,0.7817221551263749,1,1
1,0.49830125710594325,0,0
0,0.3805835026994147,0,0
0,0.6439842214048502,1,0
0,0.25085216965901497,0,0
0,0.9532301383482056,1,1
1,0.9243583602064217,1,1
0,0.7052513503193432,1,1
0,0.5994198444664882,1,0
0,0.23057066475271867,0,0
0,0.6302835083996041,1,0
1,0.9133527085371297,1,1
0,0.17970790231474254,0,0
1,0.8778351339416127,1,1
1,0.8409360124657882,1,1
0,0.11557796008207005,0,0
0,0.27020398805598267,0,0
1,0.8771384731277246,1,1
0,0.7516544168362659,1,1
0,0.6488349936779336,1,0
0,0.6405287938016643,1,0
0,0.33117159241057603,0,0
1,0.9176726298153028,1,1
0,0.6534396428546393,1,0
0,0.7244283987791339,1,1
1,0.8558312847021915,1,1
1,0.6607690085980442,1,0
0,0.7499953021947651,1,1
0,0.9009534777177006,1,1
1,0.8284367785374571,1,1
0,0.14411346543857867,0,0
1,0.9122595538061684,1,1
1,0.37431362033291277,0,0
0,0.4946984197803395,0,0
0,0.4426828526683048,0,0
0,0.24898772166756505,0,0
0,0.3623836092342586,0,0
0,0.8162860785146455,1,1
0,0.7936965963985271,1,1
1,0.2368742138334915,0,0
1,0.6868847139729719,1,0
0,0.9518340231343959,1,1
1,0.7977420092089432,1,1
0,0.8418314336094346,1,1
0,0.1262316752289677,0,0
0,0.7098610617572542,1,1
0,0.5265120480952072,1,0
0,0.4909254252766257,0,0
0,0.7178775286225453,1,1
1,0.3394971652684042,0,0
0,0.5762227121495301,1,0
1,0.8854918089625287,1,1
0,0.7366367176523824,1,1
1,0.6139907574754639,1,0
0,0.49214798924843356,0,0
1,0.9564619812601678,1,1
1,0.6668524368909842,1,0
0,0.5580768512651149,1,0
1,0.8729425385230243,1,1
0,0.5794020193655489,1,0
0,0.6591101942176494,1,0
1,0.6526752542991523,1,0
1,0.43581307177007084,0,0
1,0.7470449591479057,1,1
0,0.9074210490550422,1,1
1,0.7842793921199299,1,1
1,0.9186217783449746,1,1
0,0.3359666207169912,0,0
1,0.8912706235539128,1,1
0,0.6180850391114335,1,0
1,0.7587575365755712,1,1
0,0.8539799047714747,1,1
1,0.9536496688665376,1,1
1,0.8631735592816676,1,1
0,0.24604756589932458,0,0
1,0.9185948898657607,1,1
1,0.9077602373622443,1,1
0,0.20067380012406671,0,0
0,0.6224910734757219,1,0
1,0.8909263851385025,1,1
0,0.8246220654998204,1,1
0,0.37664553877009643,0,0
0,0.692938441618906,1,1
1,0.36935347909932703,0,0
0,0.18724466599421155,0,0
1,0.8102180219978135,1,1
0,0.8527296291448428,1,1
0,0.8404664503563101,1,1
0,0.461652602992251,0,0
0,0.2528131785827766,0,0
0,0.5338319398141577,1,0
0,0.19071155850902544,0,0
0,0.6447373763373566,1,0
1,0.8774336659138983,1,1
0,0.9431204333350462,1,1
1,0.9224699964391619,1,1
0,0.7311479157569184,1,1
0,0.4684297183271223,0,0
0,0.8118051644143585,1,1
1,0.43106243909396785,0,0
0,0.3462561257259066,0,0
0,0.6951726912638134,1,1
0,0.7514629663336237,1,1
1,0.7751597631160633,1,1
0,0.5448317862671489,1,0
1,0.9014094386051205,1,1
0,0.6238643221914937,1,0
1,0.9179413385732788,1,1
1,0.6638954040598032,1,0
0,0.2529141280286374,0,0
0,0.2347482519807289,0,0
0,0.3007961068971742,0,0
0,0.6049104546691078,1,0
0,0.501336889082718,1,0
0,0.5068891995365872,1,0
0,0.7968958950636454,1,1
0,0.3697448709166949,0,0
0,0.44722037209811494,0,0
1,0.5775918719887307,1,0
0,0.6549581899622938,1,0
1,0.3090856208621135,0,0
0,0.23013600229104628,0,0
0,0.6604893746651908,1,0
1,0.9104088619618358,1,1
0,0.5527920074797399,1,0
0,0.3581443475433306,0,0
1,0.686763454885973,1,0
0,0.18234217561939556,0,0
0,0.6837595794712893,1,0
1,0.9151833066089489,1,1
1,0.9114951654157257,1,1
0,0.6540778304191748,1,0
1,0.7940885488428224,1,1
0,0.26957679401418216,0,0
0,0.3166313834914018,0,0
0,0.5368375435635758,1,0
0,0.8877974508559765,1,1
0,0.3433564187189471,0,0
0,0.5797951101532237,1,0
0,0.26220113991008664,0,0
1,0.6384286362526145,1,0
0,0.9331925693162634,1,1
1,0.866149479638585,1,1
0,0.7234520283122697,1,1
0,0.7355920235238501,1,1
1,0.909003652646176,1,1
1,0.9049733486287371,1,1
1,0.6647739432062721,1,0
0,0.7800271656670874,1,1
0,0.3413218787384185,0,0
1,0.7354236950807348,1,1
1,0.6800761763870292,1,0
1,0.697792659896144,1,1
0,0.7836168287252068,1,1
0,0.7758870535004508,1,1
0,0.414642464533523,0,0
1,0.8929712644162916,1,1
0,0.8074871439962007,1,1
0,0.24542452199872278,0,0
0,0.2848824729792152,0,0
1,0.8394550856506036,1,1
0,0.43731248702613623,0,0
1,0.3225214654089753,0,0
0,0.48511142024210696,0,0
0,0.7103348438147753,1,1
0,0.8214532969334657,1,1
0,0.6179184330496684,1,0
0,0.46929717085395817,0,0
1,0.7924805505900361,1,1
0,0.09307800751219293,0,0
1,0.9555211680233527,1,1
1,0.8636461972331392,1,1
0,0.40216502388871533,0,0
0,0.7451704049048753,1,1
0,0.21133753209723716,0,0
0,0.21176740347900808,0,0
1,0.9137165361413441,1,1
1,0.9182766215018712,1,1
1,0.8139337152999281,1,1
1,0.8351397511224768,1,1
0,0.5528836123999368,1,0
0,0.35666740362296867,0,0
0,0.919709423866232,1,1
0,0.7012685423106593,1,1
0,0.4152268050662473,0,0
0,0.774417587323057,1,1
0,0.28817275248833896,0,0
0,0.9151113462733146,1,1
0,0.44735708239020283,0,0
1,0.7756072585808268,1,1
0,0.8917471074924751,1,1
0,0.4030822453990823,0,0
1,0.7742608434160684,1,1
1,0.8992069189558929,1,1
0,0.6560974709096079,1,0
1,0.9223512169339512,1,1
0,0.3688959242951878,0,0
0,0.4740368139266155,0,0
0,0.6686508762348943,1,0
0,0.3592093643217377,0,0
0,0.19405395261785488,0,0
0,0.9356670878856804,1,1
1,0.8950455019988838,1,1
1,0.5842985899218331,1,0
0,0.6320381579735761,1,0
0,0.5553112668018654,1,0
1,0.6581522997559787,1,0
1,0.8297172042120928,1,1
0,0.2573788636798613,0,0
1,0.8539266233613738,1,1
0,0.2634716216397585,0,0
0,0.7602106412312277,1,1
0,0.4567041878984732,0,0
1,0.8531816229177847,1,1
1,0.7394752830876135,1,1
0,0.7622942769917465,1,1
0,0.4919640340166654,0,0
0,0.333216043868937,0,0
0,0.30317014864693964,0,0
1,0.6601601481093718,1,0
1,0.697251324237396,1,1
0,0.6901911335564006,1,1
0,0.5020169808058315,1,0
0,0.6869671461754706,1,0
1,0.6893729856825361,1,0
1,0.7839601679992869,1,1
1,0.6609469548893079,1,0
0,0.8528777639368821,1,1
0,0.33711923403566646,0,0
0,0.6495170207132837,1,0
0,0.8314919572818201,1,1
1,0.9463512171136594,1,1
0,0.19151028159811692,0,0
0,0.8369605835233883,1,1
1,0.9038304256796731,1,1
0,0.5436479689537794,1,0
1,0.8748147584860984,1,1
1,0.769559326439687,1,1
0,0.3501881442208708,0,0
0,0.48012647359698624,0,0
0,0.9390928036525257,1,1
0,0.35373350283241267,0,0
1,0.7619956582643903,1,1
1,0.8636033621688624,1,1
1,0.8419099094485173,1,1
0,0.17452465838800157,0,0
0,0.5775454752464202,1,0
0,0.6705643237623998,1,0
1,0.9240738586717308,1,1
0,0.341984087488236,0,0
0,0.3614251467692443,0,0
0,0.3548774522054521,0,0
1,0.5015383915970308,1,0
1,0.81349798340952,1,1
1,0.8142717515849474,1,1
1,0.8529247173869868,1,1
1,0.7496240640490849,1,1
0,0.24150425133862255,0,0
0,0.1643266914105783,0,0
0,0.29475585354033984,0,0
1,0.4799141823466984,0,0
1,0.5240577989820678,1,0
0,0.27930148876496336,0,0
0,0.2856667125726546,0,0
0,0.3476519662447848,0,0
1,0.9248923953130024,1,1
1,0.5638906904328129,1,0
0,0.1030916819116441,0,0
0,0.8615048486253698,1,1
1,0.7856225584336115,1,1
0,0.7272436549292183,1,1
0,0.17814777538272722,0,0
0,0.5310431264675031,1,0
1,0.13959833935171145,0,0
0,0.6621941137172181,1,0
0,0.41859435963181624,0,0
1,0.7658610289239886,1,1
0,0.2636898776757889,0,0
0,0.6599894132276131,1,0
0,0.3770920899742654,0,0
0,0.890988409649118,1,1
0,0.35630332747585164,0,0
0,0.20964776741379798,0,0
1,0.6377780203829941,1,0
1,0.7098798590060919,1,1
1,0.7199745761893176,1,1
0,0.36939789673371387,0,0
1,0.8322065600717236,1,1
1,0.621875327375315,1,0
0,0.4285784587890646,0,0
0,0.8837581059885254,1,1
1,0.6226956084419315,1,0
1,0.9666243649908574,1,1
0,0.3634921405756471,0,0
0,0.4253879864954717,0,0
1,0.754198325257242,1,1
0,0.37338402292219325,0,0
1,0.7752565989579704,1,1
0,0.5882785098709242,1,0
1,0.4391018329683038,0,0
0,0.8948941711640755,1,1
0,0.527824885084882,1,0
0,0.5630150814533535,1,0
0,0.22541088898421774,0,0
0,0.8542361371572879,1,1
0,0.4254837235806171,0,0
0,0.7644737158562381,1,1
0,0.7759102152320974,1,1
0,0.5194290295919332,1,0
0,0.24726756341074216,0,0
1,0.8650761343774573,1,1
0,0.14493751404320626,0,0
0,0.5401602611139673,1,0
1,0.7767257095901579,1,1
1,0.7414607634189541,1,1
0,0.45752750891732014,0,0
0,0.6154557867096514,1,0
0,0.4505270852871398,0,0
1,0.7123981115260958,1,1
0,0.7214063886505462,1,1
0,0.6556176981367107,1,0
0,0.8489145370898833,1,1
0,0.3206792127557468,0,0
1,0.9042450435261783,1,1
0,0.6534207769636134,1,0
1,0.7649312670768892,1,1
0,0.7840144672828767,1,1
1,0.518636577060553,1,0
0,0.14970704869419055,0,0
0,0.8082194080509105,1,1
0,0.6237571769775059,1,0
0,0.29865571892987797,0,0
0,0.8350439208735997,1,1
0,0.32057080649777797,0,0
0,0.8154654621742936,1,1
1,0.5114409932779298,1,0
0,0.8258321655309533,1,1
1,0.9091216164704391,1,1
1,0.946123002666402,1,1
0,0.7838191428166781,1,1
1,0.8911393194935335,1,1
0,0.42344693421212193,0,0
0,0.3908649802230541,0,0
0,0.5271473902987213,1,0
1,0.9053422912473885,1,1
1,0.9044455295855179,1,1
1,0.9487557166354931,1,1
1,0.8855574303019731,1,1
1,0.5936111512237668,1,0
0,0.9035542047909405,1,1
1,0.9059676081264229,1,1
0,0.6606605851229604,1,0
0,0.40611248142628315,0,0
0,0.19380028921656967,0,0
1,0.7850052689912205,1,1
0,0.5645034524968621,1,0
0,0.48509849513891345,0,0
0,0.40901169937732074,0,0
0,0.6463318519521764,1,0
0,0.4518560309656123,0,0
0,0.7642770981351785,1,1
1,0.9658051622212263,1,1
0,0.7589955110331973,1,1
1,0.4832160022390944,0,0
0,0.23650966503695328,0,0
0,0.33108860153974906,0,0
0,0.6020338335823772,1,0
0,0.18835503074965404,0,0
1,0.7891468067633328,1,1
0,0.5125530106759086,1,0
0,0.6906305602676817,1,1
0,0.19756085664684125,0,0
1,0.915798864534793,1,1
0,0.3263032240100624,0,0
0,0.7001829746411604,1,1
1,0.9218247629369816,1,1
0,0.4773177462093912,0,0
0,0.5758873832911477,1,0
1,0.7777651452474594,1,1
0,0.6723871608614025,1,0
0,0.4822628485707759,0,0
0,0.23566751138534908,0,0
0,0.94347525608654,1,1
1,0.8898898662324416,1,1
0,0.33110440450394907,0,0
0,0.4675340902557283,0,0
0,0.21828512121216295,0,0
1,0.8543388079772374,1,1
0,0.601737854099983,1,0
0,0.22873962670996145,0,0
0,0.5420934919831663,1,0
0,0.726379699323207,1,1
0,0.39374678977828065,0,0
0,0.7210477442574093,1,1
0,0.4053596194390675,0,0
0,0.16228004065522708,0,0
0,0.37999561097851087,0,0
1,0.9352794992282392,1,1
0,0.8701341981124067,1,1
1,0.9201586856437848,1,1
0,0.5952799501549739,1,0
0,0.19069421835624475,0,0
0,0.7217879315046065,1,1
0,0.7028238931386984,1,1
0,0.6299708737413859,1,0
0,0.8675957975914278,1,1
1,0.9005754105648889,1,1
0,0.5791371954903597,1,0
0,0.7668150143096416,1,1
0,0.1402687175448794,0,0
1,0.42988450517851357,0,0
1,0.8907026649482571,1,1
0,0.3885155249072535,0,0
0,0.5321186006713952,1,0
1,0.7613849081875361,1,1
0,0.2088047712142935,0,0
0,0.5429379766786334,1,0
0,0.8208046285512809,1,1
1,0.8614602667738273,1,1
0,0.9545800442385012,1,1
0,0.7096718187696498,1,1
1,0.885598335677159,1,1
0,0.7288781909333958,1,1
0,0.4431049472486897,0,0
1,0.8376684836089444,1,1
0,0.6357041656966887,1,0
0,0.5476874403648366,1,0
1,0.7869781925002326,1,1
0,0.7951105487647636,1,1
0,0.47642632092828696,0,0
0,0.7762355695881271,1,1
0,0.6902622476704807,1,1
0,0.9056550469057061,1,1
0,0.9090024376693103,1,1
1,0.9159102717062013,1,1
0,0.8316994614961976,1,1
1,0.9758146482720023,1,1
0,0.8428550505806132,1,1
0,0.7000172701403438,1,1
1,0.9232459559435913,1,1
0,0.5879324185786833,1,0
1,0.7708450444537345,1,1
0,0.9446903658731666,1,1
0,0.311984345141382,0,0
1,0.6934272025068011,1,1
1,0.9364409665442642,1,1
1,0.9301753253814189,1,1
0,0.34410879264710414,0,0
0,0.7823298137887511,1,1
0,0.17636766008338833,0,0
0,0.18559822362614292,0,0
0,0.6692630723339473,1,0
1,0.7543273982940607,1,1
0,0.873693783832089,1,1
0,0.5719723613807381,1,0
0,0.4024977600819933,0,0
1,0.9386267074123714,1,1
0,0.1824912518057278,0,0
0,0.7752822759819253,1,1
0,0.3914456723590622,0,0
1,0.6807457474169276,1,0
1,0.2176125042478634,0,0
1,0.8797062995428099,1,1
0,0.32086612999447073,0,0
0,0.7670671067932171,1,1
0,0.38496982882022784,0,0
0,0.4426827465386135,0,0
0,0.24361873011913107,0,0
0,0.8219623787740273,1,1
0,0.838277828078998,1,1
0,0.41732138127140256,0,0
0,0.5031412643838993,1,0
1,0.8274398960527363,1,1
1,0.9345363719181727,1,1
1,0.7261822108230914,1,1
0,0.37309710688850567,0,0
0,0.4607000647641663,0,0
0,0.6907288292242105,1,1
1,0.8652399876343865,1,1
0,0.2118944513410865,0,0
0,0.5563611477009104,1,0
0,0.6549297918938194,1,0
0,0.7096557540629584,1,1
0,0.4763146902461383,0,0
1,0.9321878191750567,1,1
0,0.5571066029841073,1,0
0,0.41640313549022856,0,0
0,0.6889205331129198,1,0
1,0.7495064652505424,1,1
0,0.7096750480051967,1,1
1,0.881224283220211,1,1
0,0.6738744060068939,1,0
0,0.41853798227522454,0,0
0,0.654700479206026,1,0
0,0.6087389728600786,1,0
1,0.8300742389078223,1,1
1,0.2520022740823592,0,0
0,0.39358997765850656,0,0
0,0.7358323325489944,1,1
0,0.6543551077541686,1,0
0,0.6307641569079802,1,0
0,0.7717044360722523,1,1
1,0.8032167490548807,1,1
1,0.7384636961018011,1,1
0,0.33808401753738404,0,0
1,0.7366391758594398,1,1
1,0.7419554945316013,1,1
1,0.5372971317254038,1,0
0,0.4966372087673259,0,0
0,0.7315554452022346,1,1
0,0.6689463014066935,1,0
0,0.7108801414873155,1,1
0,0.28491197455424594,0,0
1,0.9110987053200903,1,1
0,0.737399662096318,1,1
1,0.7646054564678598,1,1
1,0.8723620581780666,1,1
0,0.20502805726819037,0,0
1,0.8162292887455491,1,1
1,0.8804788513754723,1,1
1,0.9367162745276306,1,1
0,0.7510477021709804,1,1
1,0.7270012651518964,1,1
1,0.9255732455673275,1,1
0,0.5228750039652862,1,0
1,0.895223256202241,1,1
0,0.8551729663487532,1,1
0,0.6722242767425763,1,0
0,0.7417988140831252,1,1
1,0.6830138826876647,1,0
1,0.9014131564630389,1,1
1,0.6865036073235531,1,0
1,0.4383120236053343,0,0
0,0.358296599277727,0,0
1,0.7431201518658928,1,1
0,0.9133931814991325,1,1
0,0.40289788234040336,0,0
1,0.9063380444935455,1,1
0,0.7877342715014528,1,1
1,0.674865873737188,1,0
0,0.34922640389819204,0,0
0,0.4767257735182682,0,0
0,0.30177963651495154,0,0
0,0.44309434750948085,0,0
0,0.6853218352648479,1,0
0,0.13929605002023968,0,0
1,0.8303313211045285,1,1
0,0.5641617603105541,1,0
1,0.7030957617511667,1,1
0,0.5813800996089518,1,0
1,0.9664553084055443,1,1
0,0.8537957703065592,1,1
1,0.7923376172108545,1,1
0,0.6546804152980463,1,0
0,0.8130518469111324,1,1
1,0.5004773399630729,1,0
0,0.4189243363084212,0,0
0,0.9193413040003598,1,1
1,0.8536667123803937,1,1
1,0.9595869486702343,1,1
0,0.765143827556015,1,1
1,0.8377102402782352,1,1
1,0.5750144147130645,1,0
1,0.8301567437987789,1,1
0,0.5400736338868553,1,0
1,0.9202864461340505,1,1
1,0.6407759573625645,1,0
1,0.7182498010077747,1,1
0,0.5044888437872812,1,0
1,0.9319023262825162,1,1
1,0.6687430649127862,1,0
0,0.16560102407632485,0,0
0,0.5851677086638909,1,0
0,0.819393083264216,1,1
0,0.7751546510632376,1,1
0,0.5209256873898912,1,0
0,0.46545876826344207,0,0
1,0.7644032528918472,1,1
0,0.16207344790813677,0,0
1,0.7417588581645803,1,1
0,0.7489225618386123,1,1
1,0.9141233810076553,1,1
0,0.3217260013740823,0,0
1,0.8816606043001205,1,1
0,0.745978348236227,1,1
0,0.5035834080825013,1,0
0,0.30806825580794334,0,0
0,0.4553604576743773,0,0
0,0.4887682305220523,0,0
1,0.7176424858775967,1,1
1,0.5791254707363951,1,0
0,0.1633382608264428,0,0
0,0.9094203731040523,1,1
0,0.6644103014363644,1,0
1,0.7429332555921908,1,1
1,0.7698097075889706,1,1
0,0.6408429283550238,1,0
1,0.894374958202215,1,1
1,0.9523570310892305,1,1
1,0.8937302139734379,1,1
0,0.16775500088822878,0,0
0,0.30109719930546164,0,0
1,0.8922818488948039,1,1
1,0.8597466790513264,1,1
0,0.4183543675721067,0,0
1,0.6843605131355505,1,0
0,0.6893684208264784,1,0
1,0.8646827602280763,1,1
1,0.8776355171031692,1,1
0,0.7058856077524989,1,1
0,0.5013755496194146,1,0
1,0.7856095686017999,1,1
0,0.319923564216636,0,0
0,0.20426778045924956,0,0
0,0.683569393271889,1,0
0,0.9304744321462444,1,1
1,0.8761748171604333,1,1
0,0.8165416098716651,1,1
0,0.8610616628789205,1,1
0,0.35122396813527773,0,0
1,0.49275326805921454,0,0
0,0.5805119437643176,1,0
1,0.8998669783223375,1,1
0,0.8763004311667327,1,1
0,0.5503154022144351,1,0
0,0.6832508848317211,1,0
0,0.22973274383114928,0,0
1,0.71060382975169,1,1
0,0.9497902278299185,1,1
1,0.7554615709334236,1,1
0,0.48325679920212844,0,0
0,0.3805105033301664,0,0
1,0.8299730075126059,1,1
0,0.7345720652105233,1,1
0,0.7738784939360265,1,1
0,0.3146024185003799,0,0
1,0.7369751330255276,1,1
0,0.16850022196840544,0,0
0,0.7090024169089778,1,1
0,0.7989934934192762,1,1
0,0.8234895323522106,1,1
1,0.7396739339353265,1,1
0,0.6875105834344102,1,0
0,0.3645800715781111,0,0
0,0.3026293228716191,0,0
0,0.5576813003800302,1,0
1,0.8478169132281882,1,1
0,0.5470229822065817,1,0
0,0.781016915362224,1,1
0,0.6395845657458046,1,0
1,0.6535094445947058,1,0
1,0.9302198178101747,1,1
1,0.8399388224689347,1,1
0,0.6998088611599269,1,1
0,0.3193991043884127,0,0
0,0.30812077640820246,0,0
0,0.4712594711897093,0,0
1,0.9590234300792742,1,1
0,0.4851393486344925,0,0
0,0.21580602107136734,0,0
0,0.7617603349775192,1,1
1,0.8925891311800315,1,1
0,0.6050585707065745,1,0
0,0.603609452569727,1,0
0,0.663848548111477,1,0
0,0.5796996092988933,1,0
0,0.5560047553583247,1,0
1,0.9620747868733501,1,1
0,0.6676900302420347,1,0
0,0.4066811342607907,0,0
0,0.4552135063420221,0,0
0,0.8719576753620225,1,1
1,0.7715912404367931,1,1
0,0.43326079834528,0,0
0,0.5300183564548755,1,0
1,0.6321202920448558,1,0
1,0.9185941480352482,1,1
1,0.83136185739377,1,1
0,0.6600141187279766,1,0
1,0.585037606668759,1,0
1,0.3976218075944439,0,0
0,0.8666883454818934,1,1
0,0.7727725437454186,1,1
0,0.7026655895082041,1,1
0,0.8589080388396125,1,1
1,0.5942139272052895,1,0
0,0.2656816521248388,0,0
0,0.8124654857337067,1,1
0,0.6776459087168727,1,0
0,0.15532678022430735,0,0
0,0.6124347507308209,1,0
1,0.9015509561038864,1,1
0,0.9004867607716326,1,1
0,0.3287098962747204,0,0
1,0.8151132325056459,1,1
1,0.8272230853336336,1,1
0,0.2992138055871744,0,0
1,0.7252479148225017,1,1
0,0.6942362690460594,1,1
0,0.12508344608011507,0,0
1,0.7678632615574222,1,1
1,0.5016982330442452,1,0
0,0.2804630086191699,0,0
0,0.5532026830582006,1,0
1,0.8387487488597486,1,1
1,0.8557793827713247,1,1
0,0.32508415666032414,0,0
1,0.7354019636216168,1,1
1,0.8742702585494628,1,1
0,0.3403747879920532,0,0
0,0.7197750077029998,1,1
1,0.8005153545188977,1,1
0,0.4977531948602293,0,0
0,0.5593733216059219,1,0
1,0.9604851184964742,1,1
1,0.5914316209437777,1,0
1,0.2551555400929628,0,0
0,0.864644326323269,1,1
0,0.4937131193672398,0,0
0,0.6074980979563993,1,0
0,0.9061171495196201,1,1
1,0.8956696402344899,1,1
1,0.9355504506882347,1,1
0,0.8257160561205107,1,1
1,0.5172952487663817,1,0
0,0.7111116803282302,1,1
0,0.28872472608892835,0,0
0,0.5830149355280304,1,0
1,0.35936183714548775,0,0
0,0.7706723786295557,1,1
0,0.23903505372918057,0,0
0,0.6700897840371562,1,0
1,0.9325690932464402,1,1
0,0.5191433269518604,1,0
1,0.8353969571061245,1,1
0,0.42534735971234466,0,0
0,0.518738769883538,1,0
0,0.9220249124169333,1,1
0,0.8737766884767043,1,1
1,0.7285297028604871,1,1
1,0.520391203374865,1,0
1,0.45022295026267045,0,0
1,0.8491422037095039,1,1
0,0.4026601652655849,0,0
1,0.7957749083995468,1,1
1,0.9553183348949794,1,1
0,0.20759772546128505,0,0
0,0.7554014505556194,1,1
1,0.8643016070376206,1,1
1,0.6548621347278605,1,0
0,0.653034726778688,1,0
0,0.28476824125172867,0,0
1,0.5876072392505401,1,0
0,0.2536764963480899,0,0
1,0.8577826750278489,1,1
1,0.24528429998156384,0,0
1,0.5195116537643769,1,0
0,0.9328068334286316,1,1
0,0.1655386986864592,0,0
0,0.4919442937911629,0,0
0,0.30759136044393404,0,0
0,0.16755652976550234,0,0
0,0.83118432043064,1,1
1,0.9340479833633729,1,1
1,0.5862264649461209,1,0
1,0.8868687596067826,1,1
0,0.9303431330688835,1,1
0,0.5105969315281645,1,0
1,0.7229051581239577,1,1
1,0.8457156591631223,1,1
1,0.870252640688707,1,1
1,0.8824598265131831,1,1
1,0.9364727208389415,1,1
0,0.27711797426347284,0,0
0,0.5828208329928879,1,0
1,0.8995575208495618,1,1
0,0.6268087154884978,1,0
0,0.6632814574599295,1,0
0,0.7836796903158789,1,1
1,0.6933859145255697,1,1
0,0.39364694827804875,0,0
1,0.9463091707043313,1,1
0,0.7735124004126847,1,1
0,0.664946631080811,1,0
0,0.8977121367550406,1,1
1,0.7094796768282943,1,1
0,0.644243109351589,1,0
1,0.2727982291678695,0,0
1,0.8473938654899676,1,1
0,0.6800520922118719,1,0
1,0.41415157163741745,0,0
0,0.6315774428025414,1,0
0,0.1858338185792736,0,0
0,0.12319453766072415,0,0
1,0.8721111976119174,1,1
1,0.9044002636396151,1,1
0,0.6868381061851427,1,0
0,0.6058952183463041,1,0
0,0.45789369850967787,0,0
0,0.7886210167775921,1,1
1,0.41689187502395636,0,0
0,0.6101428611815373,1,0
0,0.6014740995497253,1,0
0,0.3990640403741074,0,0
0,0.47419538439770736,0,0
1,0.8618116875758439,1,1
1,0.710317301739816,1,1
1,0.6011169915957862,1,0
0,0.6105601940727554,1,0
0,0.6074980979563993,1,0
1,0.46693564381429786,0,0
1,0.7650730337054457,1,1
0,0.2403553133572026,0,0
0,0.7955929397948975,1,1
1,0.8174701628733513,1,1
1,0.8104876814522245,1,1
0,0.8255816718510027,1,1
0,0.586573238127183,1,0
0,0.5582931307080581,1,0
0,0.4520615382359655,0,0
0,0.3088930536867128,0,0
0,0.4584460378449735,0,0
0,0.6251827811678429,1,0
0,0.6233982989363568,1,0
0,0.8617920420462722,1,1
1,0.6188029687467398,1,0
1,0.9342317195052511,1,1
1,0.6657418408976445,1,0
0,0.5278497022970317,1,0
1,0.6639453132042809,1,0
1,0.23011043764246536,0,0
0,0.27025470975522703,0,0
0,0.6973070497504434,1,1
1,0.7962227369933725,1,1
0,0.7343448715019135,1,1
0,0.43312687360973817,0,0
0,0.54587630209513,1,0
0,0.7293865661042411,1,1
0,0.3803249382473214,0,0
0,0.20165564943260544,0,0
0,0.699025651101493,1,1
1,0.8308116327358082,1,1
0,0.6767927222197136,1,0
0,0.3713853468672066,0,0
1,0.6975367490218729,1,1
0,0.7103725994558627,1,1
1,0.934149774715319,1,1
0,0.649678891909962,1,0
0,0.459359114381914,0,0
0,0.32212469296745766,0,0
1,0.8135853087729704,1,1
0,0.7593093926536876,1,1
0,0.83560798360304,1,1
1,0.799662674183557,1,1
0,0.5242709709710939,1,0
1,0.8585755457560872,1,1
0,0.42868226618221705,0,0
0,0.5956329573067657,1,0
1,0.9421954765095598,1,1
1,0.8366812947871726,1,1
0,0.22946216294661118,0,0
1,0.8870139539423176,1,1
1,0.6835855635121865,1,0
1,0.8105485711540245,1,1
0,0.2769186441047292,0,0
0,0.20664897622719663,0,0
0,0.8347416686284987,1,1
0,0.5465242010884275,1,0
1,0.8990217278260496,1,1
0,0.7654375812677225,1,1
1,0.9722632695758175,1,1
1,0.7372365118802694,1,1
1,0.7676140957421531,1,1
1,0.8628297474558557,1,1
0,0.43233993252421654,0,0
0,0.7611530091780918,1,1
0,0.5474300118770622,1,0
0,0.23807859869598683,0,0
0,0.6213641102491465,1,0
0,0.841176846401285,1,1
0,0.5482023620437678,1,0
0,0.5410939713430946,1,0
1,0.824177645888063,1,1
0,0.24751547371877658,0,0
0,0.40505197727434494,0,0
0,0.7049928690046511,1,1
0,0.5844630623816501,1,0
0,0.8424803151556896,1,1
1,0.9192999273463942,1,1
0,0.7211640341853536,1,1
1,0.4541814157658634,0,0
1,0.9375387898362619,1,1
0,0.7376775238940302,1,1
1,0.8682040466314591,1,1
1,0.9362994805517156,1,1
0,0.6978185979654256,1,1
1,0.7773631820522428,1,1
0,0.3376807411125759,0,0
0,0.4925029216857047,0,0
1,0.8441061723202515,1,1
0,0.9391769615380886,1,1
0,0.7007367374626865,1,1
0,0.7902088976159518,1,1
0,0.6587747006026803,1,0
0,0.25831779312565,0,0
1,0.8181008850488337,1,1
0,0.36995253202050377,0,0
0,0.49030746567519107,0,0
1,0.8222917115872161,1,1
0,0.6668691842126145,1,0
1,0.6715975873115266,1,0
0,0.15761830521681572,0,0
1,0.9245624315994402,1,1
1,0.8604497767827916,1,1
0,0.7817090177454692,1,1
1,0.6464660051306825,1,0
0,0.9268721887233737,1,1
0,0.2045364744222391,0,0
0,0.21908721245142998,0,0
0,0.3346777187745614,0,0
0,0.38417410748673014,0,0
1,0.8286641427134391,1,1
1,0.8616099840529741,1,1
0,0.8237752472889783,1,1
1,0.40095930973886984,0,0
1,0.8694180245106156,1,1
1,0.7771599849523498,1,1
0,0.9192068132094825,1,1
1,0.727788119129744,1,1
0,0.5299133790880011,1,0
0,0.8731707931375249,1,1
1,0.6574162896233106,1,0
0,0.6938549521666328,1,1
1,0.6051494644026054,1,0
0,0.715324253265494,1,1
0,0.34995587132486555,0,0
0,0.33043843579610055,0,0
0,0.3579971685753657,0,0
0,0.6558548892552453,1,0
1,0.8236263629803287,1,1
0,0.916286668560199,1,1
0,0.8310344751557476,1,1
0,0.7275450239784395,1,1
0,0.6653817904589586,1,0
0,0.6905257787159533,1,1
1,0.8893083724013907,1,1
0,0.5146694857987935,1,0
0,0.28685753224186294,0,0
1,0.7982378924551644,1,1
0,0.6878396009836049,1,0
0,0.45004474684508955,0,0
0,0.2693452247169288,0,0
0,0.8774368021497817,1,1
0,0.43549709863660696,0,0
1,0.7860684951620869,1,1
0,0.6459354352628321,1,0
1,0.7832940154188001,1,1
0,0.15788101037542043,0,0
0,0.6517027883143002,1,0
1,0.8548483648766325,1,1
1,0.8864517926520386,1,1
0,0.474179033520001,0,0
0,0.6130264918031831,1,0
1,0.9394207045411248,1,1
0,0.7426480636505055,1,1
0,0.6795230289427199,1,0
0,0.6950554562547566,1,1
0,0.2585804686808895,0,0
0,0.5080280846519782,1,0
0,0.19629157806680672,0,0
0,0.5264020330967205,1,0
0,0.7269516457287981,1,1
1,0.8924923071764841,1,1
0,0.5385560538718558,1,0
1,0.6815177302916543,1,0
0,0.5950374864803095,1,0
1,0.7172931301451019,1,1
1,0.8959344592505873,1,1
0,0.4396355617010117,0,0
1,0.37498924455114124,0,0
1,0.9092508282942223,1,1
0,0.8134527860707305,1,1
1,0.9299733772160471,1,1
0,0.5977816561655943,1,0
1,0.7938559028209918,1,1
1,0.8967351237923129,1,1
0,0.36812431462014966,0,0
0,0.2387445898138344,0,0
0,0.628627986272947,1,0
1,0.802791748860763,1,1
0,0.7616135597275452,1,1
1,0.9500640930265843,1,1
0,0.47941660694314453,0,0
0,0.6920881360267658,1,1
0,0.15500729732943164,0,0
1,0.8840195011552278,1,1
0,0.2258276249684379,0,0
0,0.6092856382254587,1,0
0,0.7349746862691138,1,1
0,0.6218544036833221,1,0
1,0.5190311053139703,1,0
0,0.6626251886181675,1,0
0,0.9336734737145219,1,1
1,0.9563902173812624,1,1
1,0.7560234987622435,1,1
0,0.5891143612076971,1,0
0,0.7638870660055446,1,1
0,0.241610593530812,0,0
0,0.5883272860692246,1,0
1,0.8139598148279357,1,1
0,0.27427069133359866,0,0
0,0.38449312182574963,0,0
0,0.20343221937550252,0,0
0,0.16679066117218092,0,0
0,0.6522381249291302,1,0
1,0.6979591655816069,1,1
1,0.5962531191406396,1,0
1,0.7424249742968453,1,1
0,0.5943875693022571,1,0
0,0.1994088865288726,0,0
0,0.31400738240802967,0,0
0,0.8141221137811229,1,1
0,0.3034397366650586,0,0
1,0.768924192581976,1,1
0,0.5493493426458165,1,0
0,0.7414429773664736,1,1
0,0.3419245669497691,0,0
0,0.2471704533959377,0,0
1,0.8687224043917458,1,1
0,0.5781810310292808,1,0
0,0.870600738380887,1,1
0,0.5346504521421398,1,0
1,0.78241592454777,1,1
0,0.6767387555459922,1,0
1,0.6968721096807372,1,1
0,0.2276558536319666,0,0
0,0.22158479329914993,0,0
0,0.9254817403846983,1,1
0,0.2858879852248306,0,0
0,0.5212414421759457,1,0
1,0.784860068650965,1,1
1,0.7129118674086518,1,1
1,0.8147807901007972,1,1
0,0.4827524894618879,0,0
0,0.5701234146008404,1,0
0,0.3516946807820363,0,0
0,0.15277607643246166,0,0
0,0.5805334327982089,1,0
0,0.3686451886393494,0,0
0,0.3469642794755029,0,0
1,0.35607963562110784,0,0
1,0.78712094591246,1,1
0,0.7354937882737858,1,1
1,0.9402117696109241,1,1
0,0.40923081862134375,0,0
1,0.6234131511887842,1,0
1,0.887298686844062,1,1
0,0.414121734726861,0,0
0,0.7839067026475612,1,1
0,0.28453317361137404,0,0
0,0.45743192076890765,0,0
1,0.4215710046205437,0,0
1,0.8587907786354306,1,1
0,0.2175200215231548,0,0
0,0.8706485272761035,1,1
0,0.29103930046831417,0,0
1,0.6907173229117214,1,1
0,0.7395682192690626,1,1
0,0.6949591109408334,1,1
0,0.5704506639833301,1,0
0,0.25094876511232417,0,0
0,0.44194397213681996,0,0
1,0.695958016177618,1,1
0,0.7718425204161422,1,1
0,0.7759300656616476,1,1
0,0.4245374047249293,0,0
0,0.5162292176040902,1,0
0,0.1759575941286944,0,0
0,0.46973018603840044,0,0
0,0.25728134106429223,0,0
1,0.6180963075035781,1,0
1,0.9095893028518901,1,1
0,0.4967973461014314,0,0
0,0.6090329974289544,1,0
0,0.6721144888207415,1,0
0,0.5276319222023395,1,0
0,0.25806324733090735,0,0
0,0.1759257095080737,0,0
0,0.3452962334013994,0,0
1,0.8067233839197196,1,1
1,0.22029827924377285,0,0
0,0.3033724228201898,0,0
1,0.9296664182414279,1,1
1,0.8921655872259896,1,1
0,0.5369700137992354,1,0
0,0.6539664270487983,1,0
0,0.46935947126771543,0,0
1,0.726885619998098,1,1
1,0.6939084988111774,1,1
1,0.6450473660748737,1,0
1,0.9203499229333637,1,1
0,0.9592799067226088,1,1
0,0.3896057610776174,0,0
1,0.7587645916416631,1,1
0,0.6746517450159463,1,0
1,0.9070484684111162,1,1
1,0.8968935052881307,1,1
0,0.6682860223765572,1,0
0,0.7162825717048864,1,1
1,0.8091620368288747,1,1
0,0.6267053499001582,1,0
0,0.7543174334305616,1,1
0,0.8384294611537565,1,1
1,0.9608521677550023,1,1
1,0.7454262873706089,1,1
1,0.6678759841149112,1,0
0,0.3526153854373653,0,0
0,0.54358939173652,1,0
0,0.6257219459251969,1,0
1,0.7331597758477311,1,1
1,0.6146005713598576,1,0
0,0.4981868886247267,0,0
0,0.5805486615473193,1,0
0,0.5058685351066946,1,0
0,0.7095065248475437,1,1
0,0.49328663744252976,0,0
0,0.7521730763482338,1,1
0,0.9563418941248742,1,1
1,0.7053773761685121,1,1
1,0.8355980090374134,1,1
0,0.5721295985714083,1,0
0,0.4703308266676771,0,0
0,0.5742130901148699,1,0
1,0.8827518358589737,1,1
0,0.5900526815641951,1,0
0,0.6480837000984881,1,0
0,0.15011603493730175,0,0
1,0.831094545205218,1,1
0,0.3996790875477701,0,0
1,0.920326247202749,1,1
0,0.637199019322619,1,0
0,0.8590615392848153,1,1
0,0.4215899282874832,0,0
0,0.6461276144496403,1,0
0,0.6751567093025402,1,0
0,0.7900686367396569,1,1
0,0.4501707678904367,0,0
0,0.3251595302073881,0,0
0,0.2567885696958805,0,0
0,0.395920965535358,0,0
1,0.6649998466638748,1,0
0,0.3385414662289485,0,0
0,0.826464329213347,1,1
1,0.7594041155301698,1,1
0,0.6271955861446904,1,0
0,0.2931956428298903,0,0
0,0.4803481404511611,0,0
0,0.2978845602659012,0,0
1,0.9128851461189678,1,1
1,0.9816848484888573,1,1
0,0.2279707479093752,0,0
0,0.702146577864319,1,1
0,0.11526677519441407,0,0
0,0.40950897531737696,0,0
0,0.5726138403513227,1,0
0,0.48201750746417155,0,0
0,0.5426538589875091,1,0
0,0.5823631119553379,1,0
0,0.9075104080785606,1,1
0,0.16670114725953503,0,0
1,0.6616849144681373,1,0
0,0.6501257957068681,1,0
0,0.7787337673911062,1,1
0,0.7406292257106215,1,1
1,0.9187032227059916,1,1
0,0.5954399678416223,1,0
0,0.7051232382907813,1,1
0,0.7212863054962037,1,1
0,0.5834429062732465,1,0
1,0.9107581551834804,1,1
0,0.5208355385265857,1,0
0,0.3225668108011567,0,0
0,0.3082356955064945,0,0
0,0.5683528773168365,1,0
1,0.8920347191595188,1,1
0,0.911786943478547,1,1
1,0.7152128684211462,1,1
0,0.19271322530249677,0,0
0,0.629227439139891,1,0
0,0.5261889846945907,1,0
0,0.11610415792307865,0,0
0,0.3284938889586479,0,0
1,0.5595524860878819,1,0
0,0.4066528524822707,0,0
1,0.6688660464293442,1,0
0,0.21897299755642444,0,0
0,0.2719485838872401,0,0
0,0.3864452334748797,0,0
0,0.1737334741372539,0,0
0,0.8933492504809447,1,1
0,0.5009726479465944,1,0
0,0.8250353252227186,1,1
0,0.515130808141563,1,0
0,0.9009155120973413,1,1
1,0.7851614711122135,1,1
0,0.8446948405214965,1,1
0,0.5136053710552438,1,0
0,0.31575710955281805,0,0
0,0.4170627454897623,0,0
1,0.4033066459069846,0,0
0,0.9309399108035271,1,1
0,0.650231938138625,1,0
0,0.1841244683607017,0,0
1,0.8213487696702015,1,1
0,0.4808000089937911,0,0
1,0.9377560515052534,1,1
0,0.8538523178104855,1,1
0,0.32051549839481236,0,0
1,0.8109263356908586,1,1
1,0.8679596557541329,1,1
0,0.6609195446395739,1,0
0,0.23130546218517142,0,0
0,0.8849701010436694,1,1
1,0.6952946915710634,1,1
1,0.6712218208582509,1,0
0,0.3578416981129551,0,0
0,0.9068453394506385,1,1
0,0.579684638565084,1,0
0,0.24000428848236974,0,0
0,0.21216890701937202,0,0
0,0.22737640777478174,0,0
1,0.9176724256409027,1,1
0,0.6777804827688069,1,0
0,0.3634830304900724,0,0
0,0.749959468426814,1,1
0,0.34772756514326925,0,0
0,0.9185237111937172,1,1
0,0.722301659976127,1,1
1,0.8606847252808425,1,1
1,0.6946521023963149,1,1
0,0.7408161228816699,1,1
0,0.3297753335094014,0,0
1,0.6523093434928926,1,0
0,0.7486399589392606,1,1
0,0.7203145874147088,1,1
0,0.5133011427195703,1,0
1,0.7611141993414582,1,1
0,0.46452382159640765,0,0
0,0.46512520429288823,0,0
1,0.7501803370119536,1,1
1,0.8203975998012002,1,1
1,0.7096009480568356,1,1
1,0.4479788457098787,0,0
0,0.8351855187994534,1,1
0,0.5107067928285672,1,0
0,0.9164416346479156,1,1
0,0.15337998222695987,0,0
0,0.4855648464749669,0,0
0,0.1960936864539152,0,0
1,0.9152347539024535,1,1
1,0.8682449378767894,1,1
1,0.6933403833171925,1,1
0,0.928208830350207,1,1
0,0.7488314735667763,1,1
0,0.23861205577211125,0,0
0,0.6253175580363914,1,0
0,0.45423255493330233,0,0
0,0.4112869012619658,0,0
0,0.35399823597213936,0,0
1,0.8288107225080006,1,1
0,0.234445296315292,0,0
1,0.6358387730725382,1,0
0,0.19701455501850107,0,0
0,0.796009235686874,1,1
0,0.7134160358611511,1,1
0,0.45651448176148746,0,0
1,0.8305158709491489,1,1
1,0.6941073609563716,1,1
0,0.4711917505754015,0,0
0,0.7708149919429812,1,1
1,0.8379949503571219,1,1
0,0.9547947328757098,1,1
1,0.7915839542441421,1,1
1,0.9178585078670171,1,1
0,0.18608791112465206,0,0
1,0.18552005343128172,0,0
1,0.9258979050850691,1,1
1,0.8057085235325344,1,1
1,0.9582216482897058,1,1
1,0.8957891187591376,1,1
0,0.918998632126237,1,1
0,0.3269516417636554,0,0
1,0.9371449841441776,1,1
0,0.723191710813836,1,1
0,0.6959101079232048,1,1
1,0.5104964085216048,1,0
0,0.32380456592081,0,0
1,0.9366636299941744,1,1
0,0.42376870696108215,0,0
1,0.8875892056991882,1,1
0,0.9252435890212648,1,1
1,0.9514999214366839,1,1
0,0.8779730359180411,1,1
0,0.7874786814985809,1,1
0,0.2012691936869235,0,0
1,0.443283142133291,0,0
0,0.468402928184229,0,0
0,0.39596109980631206,0,0
1,0.8969432357525915,1,1
1,0.7829870667643863,1,1
0,0.31754882385297434,0,0
0,0.1578824971047764,0,0
0,0.458980836541554,0,0
0,0.7356428527707859,1,1
0,0.7924558905987847,1,1
1,0.9312460972520444,1,1
1,0.6902360523224219,1,1
0,0.401381273616484,0,0
0,0.790028355887561,1,1
0,0.6161108238091225,1,0
0,0.4902775382780935,0,0
0,0.6119758775627911,1,0
0,0.7359391480138825,1,1
1,0.9092398953843563,1,1
0,0.755849678536485,1,1
0,0.5732632095660525,1,0
0,0.736327781180335,1,1
1,0.9682871669183651,1,1
1,0.9652999497418782,1,1
1,0.8998950300757486,1,1
0,0.8513773805743798,1,1
0,0.21898903880675363,0,0
1,0.9213077979378909,1,1
1,0.5794374732754431,1,0
0,0.8280731642191529,1,1
0,0.33703867708996915,0,0
1,0.943938875060405,1,1
1,0.8717066004922343,1,1
1,0.9172814766782746,1,1
0,0.5983976078705339,1,0
0,0.8751627585505514,1,1
0,0.7372632356703278,1,1
0,0.911110924756496,1,1
1,0.7723395440389306,1,1
0,0.6619427214761899,1,0
1,0.9096444233410808,1,1
1,0.7802951723807549,1,1
1,0.6106308648178981,1,0
0,0.4654114478188962,0,0
1,0.8973362526524821,1,1
0,0.7084077978361457,1,1
1,0.8789078232867317,1,1
1,0.4968229108629937,0,0
0,0.8464844358460054,1,1
1,0.6170015949561601,1,0
0,0.7196747188968403,1,1
1,0.868761179240612,1,1
1,0.6293273723617757,1,0
1,0.570926057159552,1,0
0,0.886950316698941,1,1
0,0.7572783321830715,1,1
0,0.39587141598801645,0,0
0,0.8549894780490619,1,1
1,0.9091791287645725,1,1
0,0.7707671094467411,1,1
0,0.6732096698420337,1,0
0,0.6824731915446025,1,0
0,0.5291655111944187,1,0
0,0.8244012743348259,1,1
1,0.8748579482966014,1,1
1,0.5165864452280682,1,0
1,0.7253445495427133,1,1
0,0.8842600056071642,1,1
0,0.38986114000854205,0,0
1,0.5478225338910034,1,0
0,0.45438178099763465,0,0
0,0.7329889315291213,1,1
1,0.9284381368591561,1,1
0,0.7656291909618813,1,1
1,0.5791100739635061,1,0
1,0.7297417246902588,1,1
0,0.6770862206880915,1,0
0,0.6286265719824591,1,0
0,0.6805407317622003,1,0
0,0.4934117685597176,0,0
0,0.43018623238320125,0,0
0,0.7304834264715525,1,1
0,0.40268017031816505,0,0
1,0.4272422333048982,0,0
0,0.8342960708243039,1,1
1,0.8005735570765447,1,1
0,0.4058534077147021,0,0
0,0.7847549505198718,1,1
1,0.4018915817517348,0,0
0,0.9092263391624562,1,1
0,0.6131726709143083,1,0
1,0.8209902842554567,1,1
1,0.8328160716199599,1,1
1,0.8341833630347998,1,1
0,0.8586983096270224,1,1
0,0.6185077590958333,1,0
0,0.7818522868775548,1,1
1,0.9500343458129809,1,1
0,0.5170267373447348,1,0
1,0.9224062930707538,1,1
1,0.849705414752525,1,1
1,0.45703964886635146,0,0
1,0.584226718531085,1,0
1,0.8721235688488795,1,1
0,0.5144666048951715,1,0
0,0.4247043071326928,0,0
1,0.8256120752818189,1,1
0,0.131580033471225,0,0
0,0.44125583310898214,0,0
0,0.4693563248320657,0,0
0,0.8876749100402826,1,1
0,0.9694475123121595,1,1
0,0.8273073770931919,1,1
0,0.8253820844805081,1,1
0,0.4100729561726877,0,0
0,0.17268275493645333,0,0
0,0.8621953546209437,1,1
0,0.401526348900819,0,0
0,0.8672595427546567,1,1
1,0.9535318130065453,1,1
0,0.3184443117682034,0,0
0,0.9335038569278625,1,1
0,0.6305155768128897,1,0
0,0.7586870356595242,1,1
0,0.7834042895681994,1,1
1,0.9033471204108081,1,1
0,0.3095034533217524,0,0
0,0.4862930039518708,0,0
0,0.4985501116393069,0,0
1,0.7062237249009851,1,1
0,0.4733704794299126,0,0
1,0.7597525548280057,1,1
0,0.7157238410566968,1,1
0,0.40338307841605553,0,0
0,0.6679641270257325,1,0
1,0.9060077295941229,1,1
1,0.6169358771167315,1,0
0,0.9146171753136515,1,1
0,0.8277287149866593,1,1
0,0.2287250557717669,0,0
0,0.4211614885106248,0,0
1,0.5490549199510185,1,0
0,0.26696951009448394,0,0
0,0.4459302410832228,0,0
0,0.529946290252811,1,0
0,0.33553395973912215,0,0
1,0.7896402941996815,1,1
1,0.4659749552744089,0,0
0,0.2590450473671298,0,0
0,0.6826598692003273,1,0
1,0.529457888091179,1,0
0,0.538077495397198,1,0
1,0.5962665186238546,1,0
0,0.6636522066783663,1,0
0,0.6290948046856574,1,0
1,0.8668641000146816,1,1
0,0.8280847523375064,1,1
1,0.9242222661836886,1,1
0,0.18265015029425305,0,0
1,0.9231246751845354,1,1
0,0.7780138248624568,1,1
1,0.7992588596280819,1,1
0,0.13292838332894677,0,0
0,0.7066641979327666,1,1
0,0.4739963239201455,0,0
1,0.8602547116753335,1,1
1,0.7154608957649375,1,1
0,0.15453218302933025,0,0
0,0.9454310858375009,1,1
0,0.6650186268863519,1,0
0,0.23464270366814802,0,0
0,0.2712894786073068,0,0
0,0.593753108913657,1,0
1,0.5299167365267045,1,0
1,0.7125163518295111,1,1
0,0.37530266322241634,0,0
1,0.9160125469873148,1,1
1,0.8796437963937962,1,1
1,0.8330575820926563,1,1
1,0.9286120099159996,1,1
0,0.5246139910758908,1,0
0,0.192405390625199,0,0
0,0.2739117961529198,0,0
0,0.6277152875703834,1,0
0,0.8858299738114945,1,1
0,0.601898315018947,1,0
1,0.26642300163538,0,0
0,0.12782597157410333,0,0
0,0.7587073134154769,1,1
1,0.8851111101629234,1,1
1,0.8734214852135055,1,1
0,0.4968882515152716,0,0
1,0.8418482302442271,1,1
0,0.3047459552659932,0,0
1,0.6242169106925262,1,0
1,0.8828631301225821,1,1
0,0.5321508425849317,1,0
0,0.3376479037609814,0,0
1,0.5519097079327824,1,0
0,0.3339850891515036,0,0
0,0.1706743409330612,0,0
1,0.6077281146587749,1,0
0,0.6626526476465768,1,0
0,0.6817638960746732,1,0
1,0.8484374231100535,1,1
0,0.8811157714635764,1,1
0,0.39385308049563444,0,0
1,0.8515550536282561,1,1
0,0.3825649197673405,0,0
1,0.9392718462153798,1,1
0,0.20752110905692403,0,0
0,0.3917406972742239,0,0
0,0.29429043591580806,0,0
0,0.5079145812490679,1,0
0,0.2684566845671635,0,0
1,0.948974901289085,1,1
0,0.4543978674210941,0,0
1,0.919713948253964,1,1
0,0.3569714760645612,0,0
0,0.7348029120499363,1,1
0,0.28217938367129003,0,0
1,0.6241295213552575,1,0
0,0.6841841338871197,1,0
0,0.7270584055239407,1,1
1,0.6496655446167621,1,0
0,0.8545822509187007,1,1
0,0.42265735018222267,0,0
0,0.8241739265145855,1,1
0,0.7518538053962633,1,1
0,0.14795997790615242,0,0
0,0.18334310668546042,0,0
0,0.4954235711946985,0,0
1,0.866283033475264,1,1
0,0.8838154170014038,1,1
1,0.4382888729984345,0,0
0,0.6369057823901512,1,0
1,0.5845406653224965,1,0
0,0.4080782366283113,0,0
1,0.8459861696556447,1,1
1,0.9187164879546138,1,1
1,0.9254396686555039,1,1
0,0.17205570515402913,0,0
1,0.6655958434819993,1,0
0,0.3527330104545212,0,0
0,0.11475231576668142,0,0
1,0.94625273192603,1,1
0,0.5591670663531831,1,0
1,0.21865644846235427,0,0
1,0.5165895513349816,1,0
0,0.4567683113773976,0,0
1,0.9027066709725766,1,1
0,0.9362233935576155,1,1
1,0.860874521308156,1,1
0,0.421942978561151,0,0
0,0.25872270357712096,0,0
1,0.8011681621793844,1,1
1,0.22882980261924643,0,0
1,0.8819733356981594,1,1
1,0.9194678548742086,1,1
0,0.6707720101876959,1,0
1,0.7837112176975094,1,1
1,0.9066745219901976,1,1
0,0.5974604837635014,1,0
1,0.2016569369616825,0,0
1,0.8604043413885458,1,1
1,0.7377737984997617,1,1
1,0.6817655099429509,1,0
1,0.9475312283426132,1,1
0,0.3459869053014228,0,0
1,0.9050643726250011,1,1
0,0.8753124875658002,1,1
0,0.29713602605541095,0,0
0,0.24287127410522416,0,0
0,0.40550116713846174,0,0
0,0.8298234021427626,1,1
0,0.6346569769761241,1,0
0,0.7461520908258119,1,1
1,0.37443919912847023,0,0
0,0.7478960021529464,1,1
1,0.5051103339349483,1,0
0,0.433597198573447,0,0
1,0.8588003819852373,1,1
1,0.8524584251952527,1,1
1,0.9262010623743322,1,1
0,0.2310687398440121,0,0
0,0.5939805626742711,1,0
0,0.42133294127675747,0,0
0,0.20870796536447814,0,0
0,0.7325641217394194,1,1
1,0.7414498382315445,1,1
1,0.8768843538213464,1,1
0,0.43521471755896185,0,0
0,0.8766497114395299,1,1
0,0.3897458399227524,0,0
0,0.5770352552235783,1,0
0,0.6901197593498714,1,1
1,0.8390265671350794,1,1
0,0.7409117946056665,1,1
1,0.8546504584762127,1,1
0,0.9091175247370004,1,1
1,0.8664906753775999,1,1
1,0.9740265151130669,1,1
1,0.8694834682680745,1,1
1,0.7464004855319477,1,1
0,0.7589253100676127,1,1
0,0.4555365238990992,0,0
0,0.8906890834702684,1,1
0,0.6710829389210313,1,0
1,0.8927208964914691,1,1
0,0.8970451347405275,1,1
1,0.9257448268839528,1,1
1,0.9001512027989809,1,1
0,0.715499594261283,1,1
1,0.7455264259101122,1,1
0,0.41751102627268943,0,0
0,0.39863622885756206,0,0
0,0.0798465477005014,0,0
0,0.5086777074491449,1,0
0,0.20548764108371256,0,0
1,0.9496900801278362,1,1
0,0.444653594470016,0,0
0,0.4049178046613641,0,0
0,0.29578078598586444,0,0
0,0.5555393084629723,1,0
1,0.5936913200698165,1,0
1,0.7985997620720807,1,1
0,0.3128491132394342,0,0
1,0.9421242849040292,1,1
0,0.6686395690513806,1,0
1,0.7248929244080258,1,1
1,0.8826771945808353,1,1
0,0.8956078528706767,1,1
1,0.6944895934283281,1,1
0,0.5606486184137278,1,0
0,0.7545421061797882,1,1
0,0.587343520399683,1,0
1,0.9092427585124963,1,1
1,0.8586010097860801,1,1
1,0.9490136507080972,1,1
1,0.9215910609871125,1,1
1,0.860125991426096,1,1
0,0.5021935787188626,1,0
0,0.34822266006053604,0,0
1,0.8299218513374993,1,1
1,0.8828828423776127,1,1
1,0.5101075665066762,1,0
0,0.682341962015499,1,0
0,0.952451244111447,1,1
1,0.5045392146577693,1,0
0,0.4248475261229487,0,0
1,0.7145504878800969,1,1
0,0.43927533187030315,0,0
0,0.3672819977875214,0,0
0,0.32548150352343946,0,0
0,0.8646517427838103,1,1
1,0.7294575603154692,1,1
0,0.2951731432872923,0,0
0,0.22354710265840902,0,0
0,0.31624872153152506,0,0
0,0.40827298031439857,0,0
0,0.23508884616265868,0,0
0,0.7455053361099352,1,1
0,0.5261070503978413,1,0
0,0.3737064102985493,0,0
1,0.8371362665660871,1,1
0,0.7360588798420067,1,1
0,0.6439557185061173,1,0
1,0.8007118190757779,1,1
0,0.5453421041156439,1,0
1,0.7389665286541302,1,1
0,0.11523518575883865,0,0
1,0.5432963793345926,1,0
0,0.29850577726698424,0,0
0,0.8189458071868121,1,1
0,0.5291098948135645,1,0
0,0.5819192228384972,1,0
0,0.7367090905090395,1,1
0,0.73900253616948,1,1
1,0.6545288222588711,1,0
1,0.958118970064711,1,1
0,0.34915813313421806,0,0
1,0.9032459703722856,1,1
0,0.22551544489879558,0,0
0,0.18792998401219158,0,0
1,0.9178037149472565,1,1
1,0.8439778313124404,1,1
1,0.46620222712978,0,0
1,0.8627206492475715,1,1
0,0.3573598153235994,0,0
0,0.4325786077040365,0,0
1,0.941125128478811,1,1
0,0.5552055989707285,1,0
0,0.6481228651305411,1,0
1,0.8493497891249548,1,1
0,0.19181399374410013,0,0
0,0.27740644662117375,0,0
0,0.31350967903970006,0,0
0,0.5315173765900566,1,0
0,0.3091920027467632,0,0
1,0.8247360285773351,1,1
0,0.8292436802637594,1,1
1,0.5490611498198945,1,0
0,0.9136609687537155,1,1
0,0.8861414626440791,1,1
0,0.4016405288600101,0,0
0,0.612087271194685,1,0
0,0.584427995837922,1,0
0,0.3807185471513983,0,0
1,0.9316687179544801,1,1
0,0.6929424077709737,1,1
1,0.8994991757615978,1,1
1,0.8975596887409614,1,1
1,0.7354948969892059,1,1
0,0.8230377320393959,1,1
0,0.5230231339055463,1,0
1,0.9335658299140221,1,1
1,0.7395792743062062,1,1
1,0.739931420945496,1,1
0,0.606027239172532,1,0
0,0.37374370779290267,0,0
0,0.45908936340950496,0,0
1,0.8673506166545119,1,1
0,0.4835768469340843,0,0
1,0.6659014491790208,1,0
1,0.23386488322232316,0,0
0,0.6366141708757238,1,0
1,0.8808361154620276,1,1
0,0.1778746712905399,0,0
1,0.710456783935678,1,1
0,0.5289534796082259,1,0
0,0.6330028635501173,1,0
0,0.5291863817055898,1,0
1,0.9758168418923273,1,1
0,0.24325516719787535,0,0
0,0.37441313547242056,0,0
1,0.7235961908829633,1,1
0,0.9091570689172751,1,1
1,0.7341520740540016,1,1
0,0.3436658420953942,0,0
0,0.3806995019772785,0,0
0,0.7585637795084994,1,1
1,0.879041106204602,1,1
1,0.5362045173235176,1,0
0,0.47572715008943206,0,0
0,0.24874482375379964,0,0
1,0.6536922611327781,1,0
0,0.5827744504365074,1,0
1,0.9163222445914022,1,1
0,0.9110211775290173,1,1
0,0.1903666451363893,0,0
0,0.6668953239999815,1,0
0,0.3782559431688431,0,0
0,0.3081984815013815,0,0
1,0.8074787901041556,1,1
0,0.7080119845957894,1,1
0,0.9146808905659207,1,1
0,0.6159512273205453,1,0
0,0.499582197296094,0,0
1,0.800254545941631,1,1
0,0.6149825395588427,1,0
0,0.24018362032456692,0,0
0,0.45255760962968583,0,0
1,0.8538378148453136,1,1
0,0.7680433978962757,1,1
1,0.7164145245389336,1,1
0,0.6840761506948223,1,0
1,0.8154553700959791,1,1
0,0.18373942887734954,0,0
1,0.7111455531762967,1,1
0,0.6736725546570409,1,0
0,0.41101820031738345,0,0
0,0.5957141261285591,1,0
0,0.6406773697623458,1,0
0,0.3468504017402933,0,0
1,0.7167317262033894,1,1
0,0.5531799202448701,1,0
0,0.5842342551467389,1,0
0,0.4181861109330019,0,0
0,0.8774544509598315,1,1
0,0.23375171147840396,0,0
0,0.5076400694522771,1,0
0,0.922864509874501,1,1
0,0.615805226720252,1,0
0,0.9384324369463195,1,1
0,0.34175714829306286,0,0
0,0.7707926985183294,1,1
1,0.789172206159742,1,1
0,0.531282514351368,1,0
0,0.34829396430080417,0,0
1,0.8661104011738765,1,1
1,0.8261738228573114,1,1
1,0.8048114057071354,1,1
1,0.8126372000667536,1,1
0,0.0804932256107267,0,0
0,0.5608727027312921,1,0
1,0.5846836995560819,1,0
0,0.5555305394207816,1,0
1,0.7419403211077977,1,1
1,0.876892762186911,1,1
0,0.28452031501436614,0,0
0,0.7620612935884432,1,1
0,0.17920373886476706,0,0
0,0.5627152992958343,1,0
0,0.3103670290915977,0,0
0,0.23993893126461216,0,0
1,0.9058983714451889,1,1
1,0.8698843881844479,1,1
1,0.8673615614810875,1,1
1,0.9053093671648976,1,1
0,0.20494002400849243,0,0
0,0.44154451986715954,0,0
0,0.5945731695778754,1,0
1,0.5092426862031717,1,0
1,0.895269973956358,1,1
1,0.8382470135450828,1,1
0,0.3019719308351463,0,0
0,0.9087853802437794,1,1
0,0.8549088904427692,1,1
1,0.9008550218493736,1,1
1,0.5471911772582442,1,0
1,0.874897273382649,1,1
0,0.6001265604839797,1,0
0,0.58296667701398,1,0
1,0.5767943202298772,1,0
0,0.5201801314259179,1,0
0,0.6504093239075694,1,0
0,0.237301172400172,0,0
1,0.9039935506568051,1,1
1,0.9595813789626183,1,1
0,0.785887808723475,1,1
0,0.7204795898240208,1,1
0,0.870468919284299,1,1
0,0.47674673332242024,0,0
1,0.24411999851086813,0,0
0,0.594710936459855,1,0
0,0.2675290957464704,0,0
0,0.2782682349949123,0,0
1,0.3486971149811198,0,0
0,0.5794219330852051,1,0
0,0.39600704831418326,0,0
1,0.5366899975858925,1,0
1,0.8636148730359747,1,1
0,0.4095142455694355,0,0
0,0.7144132458623251,1,1
0,0.8407260565921795,1,1
0,0.41456732951975733,0,0
0,0.17434148217976708,0,0
1,0.7453142328820501,1,1
0,0.7377767329135837,1,1
0,0.15644908717738001,0,0
1,0.5424694590147577,1,0
0,0.7316440714275485,1,1
1,0.9072641256193615,1,1
0,0.9144189938254766,1,1
0,0.6425621792055479,1,0
1,0.8215263679497092,1,1
0,0.6117081535686062,1,0
1,0.8130700750935473,1,1
0,0.26819159755625066,0,0
0,0.17022266879676284,0,0
0,0.2947896099877912,0,0
0,0.26502023622894444,0,0
1,0.5936909300084934,1,0
0,0.08277567421111559,0,0
1,0.8922818488948039,1,1
1,0.6796109343113423,1,0
1,0.9496726287817192,1,1
0,0.6736319467284347,1,0
1,0.886126938554709,1,1
0,0.21822914811979327,0,0
0,0.6570557577970932,1,0
1,0.9607151739383637,1,1
0,0.8721327201483621,1,1
1,0.7128714254861611,1,1
0,0.6212096449227843,1,0
1,0.7554497634656091,1,1
1,0.8327556552575689,1,1
1,0.812000025098239,1,1
0,0.5778305376215593,1,0
0,0.3434676924011064,0,0
0,0.7965526316439125,1,1
0,0.21924371926819913,0,0
0,0.21282288629821494,0,0
1,0.9403362366746931,1,1
0,0.5466402143713514,1,0
1,0.6198237219239263,1,0
1,0.947276329333887,1,1
0,0.37986746451338976,0,0
0,0.1875054571823871,0,0
1,0.6988376574029478,1,1
0,0.6350332398506836,1,0
1,0.8716853029941688,1,1
1,0.8370130258782826,1,1
1,0.5319777924914297,1,0
0,0.5618282193710066,1,0
0,0.40232874510219563,0,0
0,0.7705058397768031,1,1
1,0.6512732324804016,1,0
1,0.549135298735536,1,0
0,0.5029730638536246,1,0
1,0.9175814145250448,1,1
0,0.4281663405726252,0,0
1,0.4730328302263209,0,0
0,0.6628116646857614,1,0
1,0.6821225972763667,1,0
0,0.6951273022848143,1,1
1,0.6517992533749571,1,0
0,0.36547608698471007,0,0
0,0.6203646543100693,1,0
0,0.619340593785282,1,0
0,0.6739536968443417,1,0
0,0.10568936346536777,0,0
0,0.5465828400292408,1,0
1,0.72811625252815,1,1
0,0.42009108453219834,0,0
0,0.7421448780817946,1,1
1,0.5668953797599597,1,0
1,0.9046461426200223,1,1
0,0.6277357251030098,1,0
1,0.965247811473907,1,1
1,0.8643437626839316,1,1
0,0.7167642954309815,1,1
0,0.8328753571460772,1,1
1,0.8816693451801667,1,1
0,0.3632432762335938,0,0
0,0.5794376651771095,1,0
1,0.8075071526186225,1,1
1,0.4923954004346093,0,0
1,0.7441910879041642,1,1
1,0.9325091236194055,1,1
0,0.5735631633514399,1,0
1,0.7129487461222103,1,1
0,0.1935328005937164,0,0
1,0.8100743444462708,1,1
0,0.606264057183051,1,0
0,0.2348539943435187,0,0
0,0.7933475464847991,1,1
0,0.80200042669629,1,1
0,0.5314911612846124,1,0
0,0.6125056587531564,1,0
0,0.43831114041492714,0,0
0,0.36927940563493605,0,0
0,0.6888819800013993,1,0
1,0.8438514023042749,1,1
0,0.29197947859133977,0,0
0,0.5635057268998495,1,0
0,0.7185847665636141,1,1
1,0.8248675181880644,1,1
1,0.581493758718139,1,0
0,0.7666425408338623,1,1
0,0.7313870249065535,1,1
1,0.8447273188384748,1,1
0,0.24815059520672522,0,0
0,0.7908219191450615,1,1
0,0.22544333221747498,0,0
0,0.06747045593706248,0,0
0,0.24440833824152325,0,0
1,0.8368350295375054,1,1
0,0.6922426043466828,1,1
1,0.9054551196964306,1,1
0,0.4263461572068155,0,0
0,0.6550013220633083,1,0
0,0.24666081867802517,0,0
0,0.36976883870849586,0,0
0,0.7694075374922899,1,1
0,0.1754419823161381,0,0
0,0.6245018705584883,1,0
0,0.6224190190986592,1,0
0,0.40654969074151615,0,0
0,0.3622589927873327,0,0
0,0.4262493210063502,0,0
0,0.8246021382789656,1,1
0,0.2266196391857352,0,0
1,0.5730323418791382,1,0
1,0.9466640800574508,1,1
0,0.23736529375098467,0,0
1,0.7893531554028956,1,1
0,0.1415221483161391,0,0
1,0.9446966999600498,1,1
1,0.8772411158022368,1,1
1,0.9190793077792164,1,1
1,0.9170242619567653,1,1
1,0.8407196505594785,1,1
0,0.48249848609951684,0,0
0,0.7610794963668301,1,1
0,0.153161543709993,0,0
1,0.7914044013796948,1,1
0,0.39231319962268835,0,0
0,0.9227232540841093,1,1
0,0.16701870018444964,0,0
0,0.5601940253868856,1,0
0,0.46158007427469566,0,0
0,0.3420136567965288,0,0
0,0.28201161588437196,0,0
0,0.3901288169854069,0,0
0,0.833829310432267,1,1
1,0.8759791208114956,1,1
0,0.3170177872341392,0,0
0,0.4822934405096949,0,0
1,0.6021560746275793,1,0
0,0.5430624401664486,1,0
0,0.6464589700931093,1,0
1,0.8389867750461865,1,1
0,0.49504979257770815,0,0
0,0.2152008970797899,0,0
0,0.49225640281104416,0,0
0,0.3160827339829923,0,0
0,0.7050335903513867,1,1
0,0.4732110285706919,0,0
0,0.6159025716061548,1,0
0,0.6140511301168785,1,0
1,0.8696583916752564,1,1
0,0.17225054211593419,0,0
0,0.4061828739685538,0,0
1,0.2455989125922048,0,0
0,0.733380257701415,1,1
1,0.9371213405534834,1,1
1,0.8810504517798969,1,1
0,0.2993378196514882,0,0
0,0.5805714596200888,1,0
1,0.9102673423122916,1,1
1,0.7712814267202587,1,1
0,0.14658252562335006,0,0
0,0.42170415190611793,0,0
0,0.5094694256389765,1,0
0,0.9358243372625114,1,1
0,0.2525095296792141,0,0
0,0.1789267816894077,0,0
0,0.3534280699688656,0,0
0,0.272535211518761,0,0
0,0.6647121039645119,1,0
1,0.778815272151824,1,1
1,0.35616300514459387,0,0
0,0.5491454806425188,1,0
0,0.6260705502955966,1,0
0,0.3580471000937419,0,0
1,0.48163817265937636,0,0
0,0.5514800855195974,1,0
0,0.8614895480317736,1,1
1,0.7536182118402066,1,1
0,0.4056304232008273,0,0
1,0.7174750149313195,1,1
1,0.9123622997312021,1,1
1,0.15912984046911546,0,0
0,0.6255861740565605,1,0
0,0.6529217925188603,1,0
1,0.7758983878322593,1,1
0,0.3057903600871508,0,0
0,0.5144227025318338,1,0
0,0.15041090193228357,0,0
0,0.8775223356976846,1,1
0,0.25337349062955483,0,0
1,0.80064714009369,1,1
1,0.937598560419817,1,1
0,0.3781437211594286,0,0
0,0.7340387757798044,1,1
0,0.5913370130971027,1,0
1,0.8718131509916199,1,1
0,0.5785279889149297,1,0
0,0.6600908463845316,1,0
1,0.14666529724608804,0,0
0,0.7629856863042117,1,1
0,0.903819048571456,1,1
0,0.8042219420622468,1,1
1,0.851443989727146,1,1
0,0.43888263539975475,0,0
1,0.7403315101519475,1,1
0,0.7708233326772761,1,1
1,0.7687491419908484,1,1
1,0.7596813156804482,1,1
0,0.7683713469662111,1,1
0,0.47014929813682577,0,0
0,0.7956450768174912,1,1
0,0.3558996184252697,0,0
0,0.7972884468500703,1,1
0,0.8712035426456702,1,1
0,0.6564750243652416,1,0
0,0.7858331539781824,1,1
1,0.2747971404755988,0,0
1,0.7068170106362126,1,1
1,0.7524593916986663,1,1
1,0.8124944749280614,1,1
0,0.7125086781431187,1,1
0,0.2271636328459494,0,0
1,0.6589039393622634,1,0
0,0.85533013705579,1,1
0,0.378319529832965,0,0
0,0.13848777442314758,0,0
1,0.5848577618874748,1,0
0,0.32376390723171333,0,0
0,0.7735307864326831,1,1
0,0.5447194508406454,1,0
1,0.6966755452965001,1,1
0,0.5947970923752194,1,0
0,0.4988027629443932,0,0
0,0.1206797582470578,0,0
0,0.37032586385827887,0,0
1,0.8924083585390115,1,1
0,0.8730899464993599,1,1
0,0.4970426019943264,0,0
0,0.3659614294777144,0,0
0,0.32336465048775853,0,0
0,0.11715021980739845,0,0
1,0.7665312001876562,1,1
0,0.15993111631265994,0,0
1,0.627456692841445,1,0
1,0.8423366473322809,1,1
0,0.7351313320286775,1,1
0,0.3466298815186646,0,0
1,0.7462100297706753,1,1
0,0.42437749057196444,0,0
0,0.39864277725989333,0,0
1,0.5968644293709864,1,0
0,0.69782778360654,1,1
1,0.8024484243136384,1,1
1,0.36053020718858175,0,0
0,0.2551447585831481,0,0
0,0.647081752437054,1,0
0,0.9344436674219416,1,1
1,0.6649503239906315,1,0
1,0.6983686098842488,1,1
0,0.2741223962809947,0,0
1,0.8076751502693664,1,1
1,0.7553512072909117,1,1
0,0.38956753969381436,0,0
0,0.3353214000454743,0,0
0,0.23544059527114214,0,0
1,0.9283219321650762,1,1
1,0.9522520338061078,1,1
0,0.7843692898892928,1,1
0,0.9350958700914018,1,1
0,0.2551560500014732,0,0
1,0.6616949536108713,1,0
0,0.5324008570682438,1,0
0,0.3383123907325845,0,0
1,0.9298759601056885,1,1
1,0.7069890468957654,1,1
1,0.527380528370533,1,0
1,0.7228474068417176,1,1
0,0.7003543719666478,1,1
1,0.8056297442824631,1,1
0,0.17663476376978587,0,0
0,0.31239474836378567,0,0
0,0.8420992927467656,1,1
0,0.3016781422470152,0,0
1,0.9591567898496082,1,1
1,0.6041884767416541,1,0
0,0.5955905254842137,1,0
1,0.4129522466362151,0,0
0,0.29190230990526234,0,0
1,0.6473027690576801,1,0
1,0.41570488443916215,0,0
0,0.40517281506934183,0,0
1,0.2644713455030507,0,0
1,0.9355668659656462,1,1
0,0.40681889274840893,0,0
0,0.7356760364061391,1,1
0,0.638885954364715,1,0
0,0.3121315685899766,0,0
0,0.2613070158218289,0,0
1,0.7642658268674567,1,1
0,0.5034667923074593,1,0
0,0.29197205456294617,0,0
1,0.6415776807809762,1,0
1,0.9237714074364094,1,1
1,0.9318244116377876,1,1
1,0.8882106916167255,1,1
1,0.8671173178348598,1,1
0,0.6471619173865267,1,0
1,0.9330622036099762,1,1
0,0.4758187265081357,0,0
1,0.890136598596053,1,1
0,0.2597140754190151,0,0
0,0.32846888750222936,0,0
1,0.6401735591062234,1,0
0,0.4160209949935398,0,0
0,0.47972455327618824,0,0
0,0.2639411036141858,0,0
0,0.7581645976940606,1,1
0,0.4746291738520735,0,0
1,0.7573739790674984,1,1
0,0.745795309104949,1,1
0,0.3687607398965518,0,0
0,0.712574812567149,1,1
0,0.4251820177598088,0,0
1,0.7982395054229388,1,1
1,0.8500108012345347,1,1
1,0.8975837249873061,1,1
0,0.9358625993757801,1,1
0,0.5477781211202787,1,0
0,0.2782935003889784,0,0
0,0.5933917593433291,1,0
1,0.679902144659909,1,0
0,0.3080884134381955,0,0
1,0.898251967977762,1,1
0,0.836572425271465,1,1
0,0.13813650705303196,0,0
0,0.6818209757863337,1,0
0,0.6925451479915382,1,1
0,0.392372768807547,0,0
1,0.8852915857259762,1,1
0,0.8495159131218096,1,1
0,0.8653020175813668,1,1
0,0.711490832520473,1,1
1,0.1510908327810179,0,0
0,0.676980484526941,1,0
0,0.9000153041861229,1,1
0,0.8878527878977367,1,1
0,0.22721884138792006,0,0
1,0.941660520986299,1,1
0,0.6298065010544338,1,0
1,0.8912749505074873,1,1
1,0.7499341632887684,1,1
0,0.8675752614988081,1,1
0,0.77328535621884,1,1
0,0.3270794398480658,0,0
0,0.6524086433739015,1,0
0,0.7161496287829883,1,1
0,0.1847563406234883,0,0
0,0.1608499078255207,0,0
0,0.3245092447537485,0,0
0,0.2594735759809341,0,0
0,0.5962652239267529,1,0
0,0.2414829168729507,0,0
1,0.8661560251991693,1,1
1,0.3719032309663732,0,0
1,0.5870256674048975,1,0
0,0.6642913572603855,1,0
1,0.6535996409631142,1,0
0,0.56395443170057,1,0
1,0.5792561578299631,1,0
0,0.4168946947199884,0,0
0,0.5224298035360101,1,0
0,0.3778338951169981,0,0
0,0.7155731938030431,1,1
0,0.4452088691391749,0,0
1,0.29445729535031556,0,0
0,0.7455793242605501,1,1
0,0.3288690384055926,0,0
0,0.7154386647403579,1,1
1,0.9079242528135203,1,1
1,0.4663519511451199,0,0
1,0.7407491216561414,1,1
0,0.25370334568689984,0,0
0,0.7446060660902581,1,1
0,0.5106242414822305,1,0
1,0.9021893748404362,1,1
0,0.7287583780813273,1,1
0,0.5848728975563164,1,0
1,0.8256786732967661,1,1
0,0.9175280406603297,1,1
0,0.780556488343668,1,1
0,0.3236429883638141,0,0
0,0.7235812038296132,1,1
1,0.7440262458615094,1,1
1,0.7497682397621036,1,1
0,0.8698927694416146,1,1
1,0.8937456311585171,1,1
0,0.21851033347990775,0,0
0,0.6024470888690177,1,0
0,0.6832934646153916,1,0
0,0.1878201789064628,0,0
0,0.30838338833886536,0,0
0,0.5496923243570225,1,0
0,0.43350844319840814,0,0
1,0.8972646711019524,1,1
1,0.8951382321938519,1,1
0,0.49873782988552123,0,0
0,0.30060800391822207,0,0
1,0.47918050068157636,0,0
0,0.8126580654820544,1,1
0,0.397215471615183,0,0
0,0.671290884617623,1,0
0,0.41095303424007473,0,0
0,0.43580630180242946,0,0
0,0.15964974865138476,0,0
1,0.7200901125766601,1,1
0,0.5359889773039174,1,0
1,0.8869548228417244,1,1
1,0.9521028607699483,1,1
1,0.5452434745246283,1,0
0,0.5511656308232816,1,0
1,0.9156161252015034,1,1
0,0.8116301578522523,1,1
0,0.5655016900247934,1,0
0,0.5837393345288134,1,0
0,0.15049315835594593,0,0
1,0.8055025963518422,1,1
1,0.8653973926170205,1,1
0,0.5139427534785593,1,0
0,0.90378996197381,1,1
1,0.8834207206174528,1,1
0,0.29615426717935267,0,0
1,0.6363217252986466,1,0
1,0.5643314837495245,1,0
0,0.8418974447929125,1,1
0,0.5361028603284496,1,0
1,0.4164206998651143,0,0
0,0.6073182077630599,1,0
0,0.3277585427673116,0,0
0,0.2510207992475007,0,0
0,0.9467851741386971,1,1
0,0.49539946052906436,0,0
0,0.7265672007449593,1,1
0,0.7862642069674055,1,1
1,0.570128299395608,1,0
0,0.6381047424389258,1,0
1,0.9420748917539492,1,1
1,0.9525216845190985,1,1
0,0.14666560226388067,0,0
1,0.8922051390716781,1,1
0,0.5722537346844268,1,0
1,0.9375817906978033,1,1
0,0.4572076498219662,0,0
0,0.22995440023995642,0,0
0,0.8190674856539018,1,1
1,0.7553625295822028,1,1
1,0.9170342566923032,1,1
0,0.5302130195121352,1,0
1,0.9246160675720582,1,1
0,0.36292366618733457,0,0
0,0.39392050478127444,0,0
1,0.9077101240208474,1,1
0,0.24650682580998784,0,0
1,0.8659956686896182,1,1
0,0.4269324747027452,0,0
0,0.389839034029726,0,0
0,0.7363805269044582,1,1
0,0.6715632084909847,1,0
0,0.559081437682838,1,0
1,0.6422958212323275,1,0
0,0.5766427209558211,1,0
0,0.14306302444610466,0,0
0,0.35616666703215666,0,0
1,0.5497231166828043,1,0
0,0.6752466170821533,1,0
0,0.7653889620376826,1,1
1,0.5810683641319155,1,0
0,0.5459455601783177,1,0
0,0.31843856066227144,0,0
0,0.2500849882725557,0,0
0,0.228167398882865,0,0
0,0.3624816411727637,0,0
1,0.5359922802272297,1,0
0,0.30471022549159615,0,0
0,0.23436327065856635,0,0
1,0.8826810222541467,1,1
1,0.9143095769280731,1,1
1,0.9050310322932789,1,1
1,0.28324819907135884,0,0
0,0.5451255022310901,1,0
1,0.8430341072517972,1,1
0,0.23282404800884457,0,0
1,0.8765948658288956,1,1
0,0.585168608719274,1,0
0,0.5986246808342025,1,0
0,0.9035881077069376,1,1
0,0.802453174233228,1,1
0,0.8377263124416937,1,1
0,0.5012780436239749,1,0
0,0.3482412662105181,0,0
1,0.8697108949535799,1,1
0,0.5569853188351767,1,0
1,0.7989327438771825,1,1
0,0.5241052705070268,1,0
0,0.5585369950818593,1,0
1,0.6488691096441586,1,0
1,0.6614049013994904,1,0
0,0.8239478201436035,1,1
1,0.8805956220140224,1,1
0,0.20711857619655277,0,0
0,0.7057335176744354,1,1
0,0.5804577006053805,1,0
1,0.7239427551233504,1,1
0,0.8702851379314109,1,1
1,0.48002754253302876,0,0
0,0.66517455345274,1,0
0,0.6741414419647801,1,0
0,0.2444063931675129,0,0
0,0.7241639520693492,1,1
1,0.8965340982583366,1,1
0,0.9288629027560423,1,1
0,0.4105030969644817,0,0
0,0.7367250098812484,1,1
1,0.7873303439155213,1,1
0,0.9375345944073508,1,1
1,0.8881894791941595,1,1
1,0.7623585226942406,1,1
1,0.8756197897740067,1,1
1,0.7588364503884214,1,1
0,0.8638974241113475,1,1
0,0.5592814451203729,1,0
0,0.17678432020263943,0,0
0,0.6984497816568289,1,1
0,0.5279360052834122,1,0
0,0.16871822746094495,0,0
0,0.6378376147888036,1,0
1,0.7556571405273285,1,1
0,0.32854491660158364,0,0
0,0.6657331311139075,1,0
0,0.7922556457602542,1,1
0,0.35488817273175655,0,0
0,0.4803284608762826,0,0
1,0.8664382420101152,1,1
0,0.651627264668513,1,0
0,0.8702470360939335,1,1
0,0.35030854263777017,0,0
0,0.7081693299820515,1,1
0,0.33023699669658363,0,0
1,0.478036988330573,0,0
1,0.6346630998552172,1,0
0,0.4187300661435493,0,0
0,0.1854021153819629,0,0
0,0.3330939953281071,0,0
0,0.5487729346711293,1,0
1,0.8767482734466477,1,1
0,0.4051493543549995,0,0
1,0.8803313630955845,1,1
0,0.41651698972265994,0,0
0,0.2919795615837535,0,0
0,0.6811757993508716,1,0
1,0.5042742730238745,1,0
1,0.9274369452302058,1,1
1,0.9143585223006565,1,1
0,0.6295386976677431,1,0
0,0.6502838114738935,1,0
0,0.5093283631354794,1,0
1,0.8988476577295005,1,1
1,0.795439852529962,1,1
0,0.9273146524896789,1,1
0,0.3147000203696994,0,0
1,0.8743462492787063,1,1
1,0.6906247644219727,1,1
0,0.924914347535424,1,1
1,0.850268206500686,1,1
0,0.2275475714275637,0,0
0,0.5092760191004374,1,0
0,0.2026406308420571,0,0
0,0.22685494426261452,0,0
1,0.7947951326908761,1,1
1,0.46015519330334226,0,0
1,0.789990278303181,1,1
0,0.27814313821153036,0,0
1,0.6043905154058012,1,0
0,0.2426831682356328,0,0
0,0.20799803249917168,0,0
0,0.41772846168139205,0,0
0,0.6170403092501335,1,0
1,0.7192897737452533,1,1
1,0.5806447390143328,1,0
1,0.7217794308687273,1,1
1,0.6840651558632268,1,0
1,0.8682740833719165,1,1
0,0.48439694231416913,0,0
0,0.9239855204747387,1,1
0,0.33500009097180145,0,0
1,0.9369912007768433,1,1
0,0.14399692050910148,0,0
0,0.2322038482450923,0,0
0,0.6552474028047887,1,0
0,0.6552457701779378,1,0
1,0.5979093519960489,1,0
0,0.4235958532796384,0,0
1,0.7322978789345816,1,1
0,0.8995483684990059,1,1
0,0.5482028497374636,1,0
0,0.15765039834436484,0,0
0,0.41866984230646326,0,0
1,0.7524156758169338,1,1
0,0.40154275747264984,0,0
1,0.9355794253600439,1,1
0,0.6960375945972335,1,1
0,0.8736004954567561,1,1
0,0.8635930233275031,1,1
0,0.495600471540918,0,0
0,0.20454807572241088,0,0
0,0.9334577705901543,1,1
1,0.8750056095588629,1,1
0,0.15065028682318055,0,0
1,0.908648129328174,1,1
0,0.5437265518308113,1,0
0,0.5543092683753097,1,0
0,0.5937223725683826,1,0
0,0.7228714477169966,1,1
0,0.8663998756546414,1,1
1,0.8717074227768289,1,1
0,0.38737483228269703,0,0
1,0.47575812272474055,0,0
0,0.22096049428408426,0,0
1,0.7497396430343082,1,1
1,0.8626131358347586,1,1
1,0.5595099613032585,1,0
1,0.8166395994719994,1,1
0,0.37496536605621444,0,0
0,0.6802325774306599,1,0
0,0.3590742345309436,0,0
0,0.5532502022716048,1,0
1,0.9182845895271784,1,1
0,0.6027026674257082,1,0
0,0.28201161588437196,0,0
1,0.7455219276552508,1,1
0,0.5943845674102943,1,0
0,0.8140945237439893,1,1
0,0.43707225002779443,0,0
1,0.5114768265764864,1,0
1,0.3945287484837194,0,0
0,0.3726441466261175,0,0
0,0.7722615126129981,1,1
0,0.679924091735918,1,0
1,0.8373721999588951,1,1
0,0.3037145245146963,0,0
1,0.9103697401733188,1,1
0,0.2794354263172195,0,0
1,0.9315364889246597,1,1
1,0.8434192035646729,1,1
0,0.18777033211141783,0,0
1,0.8819876426047004,1,1
0,0.7854372546413086,1,1
0,0.7081514577085265,1,1
0,0.4316143325658524,0,0
0,0.31268616596375615,0,0
0,0.8249132821245451,1,1
1,0.9065713236527969,1,1
0,0.4764080244688977,0,0
0,0.24515227879459903,0,0
1,0.4381176158656163,0,0
0,0.3717698227350274,0,0
0,0.493851793249033,0,0
0,0.5989060970836145,1,0
0,0.5949793066141427,1,0
0,0.3980198800776314,0,0
0,0.7573660401182114,1,1
0,0.5254165959483335,1,0
0,0.9260747315359232,1,1
1,0.9075408920064333,1,1
0,0.13481353835226165,0,0
0,0.6430836468272841,1,0
0,0.3667296306164794,0,0
0,0.5695515686579984,1,0
1,0.8158420212223828,1,1
0,0.8155930880687939,1,1
1,0.8793929398741926,1,1
1,0.545081354700449,1,0
0,0.2473400658466624,0,0
0,0.14470089824739332,0,0
0,0.28921530254556194,0,0
0,0.22535619937571535,0,0
0,0.7614694640555106,1,1
1,0.5816924718235833,1,0
0,0.3188008325214061,0,0
1,0.660717992990126,1,0
0,0.26374542465519063,0,0
0,0.3851200252947115,0,0
1,0.9493752583275121,1,1
0,0.8523080927386911,1,1
0,0.6789360785324932,1,0
1,0.6310816571555192,1,0
1,0.7544075144732801,1,1
0,0.2859007946017586,0,0
0,0.7855343360988134,1,1
1,0.8366175140237284,1,1
1,0.6638660414185235,1,0
0,0.24974049537658075,0,0
0,0.8451600405172006,1,1
0,0.34040874205619603,0,0
0,0.7042558480892265,1,1
0,0.8160229965841765,1,1
0,0.19363275240098618,0,0
1,0.8139287329105693,1,1
0,0.7498206817622575,1,1
0,0.2411740812477093,0,0
1,0.8569126892993065,1,1
0,0.31820513037897935,0,0
1,0.7513729567235662,1,1
0,0.595137681821133,1,0
0,0.7592399775885161,1,1
0,0.5344445499971231,1,0
0,0.5430257993793473,1,0
0,0.8979844854729677,1,1
0,0.5309765172359956,1,0
0,0.5451164664186282,1,0
0,0.5916896858551827,1,0
0,0.26712530748961977,0,0
0,0.341505594777982,0,0
0,0.145312251027394,0,0
0,0.29264850989252056,0,0
1,0.7776930078620586,1,1
0,0.7127398899447239,1,1
1,0.9451261140707254,1,1
0,0.6904301346123851,1,1
1,0.8913686963680739,1,1
1,0.8635656206510405,1,1
1,0.9629033905997132,1,1
0,0.587942876747848,1,0
1,0.865894106917816,1,1
0,0.5032460831022314,1,0
1,0.8292460662081942,1,1
0,0.36104131388385474,0,0
0,0.7933223051304038,1,1
0,0.27792654655489946,0,0
1,0.5457686325602537,1,0
1,0.8219252841141296,1,1
0,0.5972418253681321,1,0
0,0.14299063434800754,0,0
1,0.9091415702986614,1,1
0,0.8520187618059644,1,1
1,0.9362267726737977,1,1
0,0.7787436202491309,1,1
0,0.6794867208718541,1,0
0,0.20664341561447877,0,0
0,0.6648238324646754,1,0
0,0.7978166476341171,1,1
1,0.7266747223172663,1,1
1,0.7146625780447579,1,1
0,0.4063562584328174,0,0
0,0.6110015338814629,1,0
0,0.25168499984833265,0,0
0,0.6785831221938472,1,0
1,0.8664545599108108,1,1
1,0.8761775277665116,1,1
0,0.5650630340208966,1,0
1,0.9415909532779859,1,1
1,0.6620194139883222,1,0
0,0.8652140512180906,1,1
0,0.9126991513225429,1,1
1,0.9449291708818879,1,1
0,0.8710133002164666,1,1
0,0.23561520236360106,0,0
1,0.8971056839812973,1,1
0,0.4414532771804318,0,0
0,0.47047056427300726,0,0
1,0.8582704998741629,1,1
0,0.2948610315727584,0,0
1,0.792318938293462,1,1
1,0.7405737912634126,1,1
0,0.8464648937122169,1,1
1,0.9011703766318592,1,1
0,0.7677214366195463,1,1
0,0.39864130856768365,0,0
0,0.1745293533616975,0,0
1,0.8770978007619766,1,1
0,0.4854113616899558,0,0
0,0.6326670524912716,1,0
1,0.8700221853500222,1,1
1,0.31181594783276695,0,0
0,0.23996626209750416,0,0
0,0.3088489973001273,0,0
1,0.836205833321516,1,1
0,0.7535297023303613,1,1
0,0.9077572290045084,1,1
0,0.20757186366653949,0,0
0,0.6179376983423301,1,0
0,0.6752866634003822,1,0
0,0.4983153015691406,0,0
1,0.8066416712875175,1,1
0,0.6609140709651722,1,0
0,0.2810360248114582,0,0
0,0.606027239172532,1,0
0,0.7718355084152709,1,1
0,0.3096116174141753,0,0
0,0.6372485602111087,1,0
0,0.6224051928126317,1,0
0,0.25350447500093454,0,0
1,0.7312197228006359,1,1
1,0.7464372854611401,1,1
1,0.611535977983968,1,0
1,0.7982994142970993,1,1
0,0.5281051895641021,1,0
0,0.20787865340804437,0,0
1,0.8715397922166419,1,1
0,0.8982681106835978,1,1
0,0.4473867223098926,0,0
0,0.8007216994023125,1,1
0,0.3845873248723856,0,0
0,0.585092395246249,1,0
0,0.8418253186664555,1,1
0,0.48378799105631143,0,0
0,0.8643078816061656,1,1
0,0.613280378613424,1,0
1,0.9298040694055957,1,1
0,0.5968043584444239,1,0
1,0.2854137681884218,0,0
0,0.9147461108568377,1,1
0,0.5505385382021597,1,0
0,0.6258481505706432,1,0
1,0.8776702157559025,1,1
0,0.23812343167643468,0,0
0,0.7154410693680465,1,1
0,0.15476616574650065,0,0
1,0.5654260779903474,1,0
0,0.7063843791485317,1,1
1,0.8583671426134978,1,1
0,0.7068027828741102,1,1
0,0.23873129429435858,0,0
0,0.9381213036033736,1,1
0,0.37257113654295654,0,0
0,0.6937942065608999,1,1
0,0.17031166277577026,0,0
1,0.7782236790604816,1,1
0,0.5535329190531274,1,0
1,0.33524993994005114,0,0
0,0.3086793961495898,0,0
0,0.5192182417359847,1,0
1,0.540119645935146,1,0
0,0.16225795485100775,0,0
1,0.6030509703655539,1,0
0,0.42497210521399414,0,0
0,0.8393055575355614,1,1
0,0.9203995358963042,1,1
0,0.3083431665833158,0,0
0,0.2524280497646244,0,0
0,0.5997003230780975,1,0
0,0.560688027610764,1,0
0,0.8183209060950921,1,1
1,0.787611813297383,1,1
1,0.41001792078138016,0,0
1,0.9423169093310592,1,1
0,0.757551066780481,1,1
0,0.7825741380722815,1,1
0,0.7478689221263651,1,1
1,0.9668544690668919,1,1
0,0.505830075242108,1,0
1,0.8120069160581737,1,1
0,0.6096325191513864,1,0
0,0.4499111252717077,0,0
1,0.9772849983722054,1,1
0,0.4964350011272165,0,0
1,0.856673187524101,1,1
1,0.914102732291811,1,1
1,0.7912094062360696,1,1
1,0.8966562126105004,1,1
0,0.4625274412536394,0,0
0,0.366027979904963,0,0
1,0.8029121987097156,1,1
0,0.7691853373150339,1,1
0,0.532438867947967,1,0
0,0.23979382500213026,0,0
1,0.5738696335594216,1,0
0,0.33044857554946766,0,0
0,0.5334727638775411,1,0
0,0.3841644754418104,0,0
0,0.6659365697448097,1,0
1,0.7040394603001096,1,1
1,0.36754903733429706,0,0
1,0.8059127006123964,1,1
0,0.7586673880763367,1,1
1,0.7951952939886919,1,1
1,0.6500239735251203,1,0
0,0.28746296578955505,0,0
0,0.2504881826757539,0,0
0,0.4530573014300039,0,0
0,0.5151061459227814,1,0
0,0.6769747666866665,1,0
0,0.6917912430239711,1,1
0,0.8956435988394325,1,1
0,0.9091418690070396,1,1
0,0.5375267911348894,1,0
0,0.37667461289412724,0,0
0,0.8881695477085324,1,1
0,0.5416920970041018,1,0
0,0.5341811362770678,1,0
0,0.8438901057699225,1,1
0,0.6461721555109312,1,0
0,0.3083837990411685,0,0
0,0.8233031110688358,1,1
0,0.9229867037988112,1,1
0,0.37591470473469124,0,0
0,0.30390952394041476,0,0
0,0.8290849145740604,1,1
1,0.8753874411463518,1,1
1,0.8965517891918254,1,1
1,0.8970877527054191,1,1
1,0.682579252944362,1,0
0,0.7618642057403933,1,1
1,0.93141394747509,1,1
0,0.7432244130169223,1,1
0,0.19478586170498724,0,0
1,0.5612578411651032,1,0
0,0.44994901974031654,0,0
0,0.48609757152750094,0,0
0,0.4066337562257,0,0
0,0.43601023345238343,0,0
0,0.18875091288466406,0,0
0,0.8064860267790486,1,1
1,0.7345906887646593,1,1
0,0.1991703061058877,0,0
0,0.8994892898706626,1,1
1,0.6702154162138468,1,0
0,0.6196639097122445,1,0
0,0.4563967378922391,0,0
0,0.587228371682976,1,0
0,0.4614192102432116,0,0
1,0.8967526333157436,1,1
1,0.9416549294299239,1,1
1,0.6961421982878484,1,1
0,0.7400801372666354,1,1
0,0.1858204939442444,0,0
1,0.5518084665451414,1,0
1,0.9401888482446431,1,1
0,0.6556312801197696,1,0
0,0.1687441660428392,0,0
1,0.6213638284398887,1,0
1,0.2559210980615182,0,0
0,0.3678590459848383,0,0
0,0.3131520488759715,0,0
1,0.5414748992323637,1,0
1,0.7754093874845417,1,1
0,0.4758776574752401,0,0
1,0.5138470278201184,1,0
0,0.3087728961982554,0,0
0,0.8433096012747382,1,1
0,0.40060475674613644,0,0
0,0.30873799268010244,0,0
0,0.19126420396642918,0,0
1,0.742492218071268,1,1
0,0.7792413126692609,1,1
0,0.6721550089416615,1,0
0,0.584684801963486,1,0
0,0.7182554516626082,1,1
1,0.8285896750534599,1,1
1,0.35853656855148314,0,0
1,0.8483917041078753,1,1
0,0.32837995644625245,0,0
0,0.5880506769867562,1,0
0,0.505668473312308,1,0
0,0.2852221361386267,0,0
1,0.9243487696723498,1,1
1,0.9083293064682905,1,1
1,0.3261586434578162,0,0
1,0.8412033005617762,1,1
0,0.586573238127183,1,0
1,0.8928813552055543,1,1
0,0.5562475230146312,1,0
1,0.6541412285522498,1,0
0,0.5803415335793628,1,0
0,0.5307737543251521,1,0
0,0.8775672371950584,1,1
0,0.8382856322175013,1,1
1,0.9186717941536497,1,1
1,0.43925918409370207,0,0
1,0.9245796961891669,1,1
1,0.9096531389896556,1,1
1,0.567392721297722,1,0
1,0.5897975989560268,1,0
0,0.12446356438452538,0,0
0,0.4816255085978682,0,0
0,0.7534580742213538,1,1
0,0.6252148701476011,1,0
0,0.6867079257143607,1,0
1,0.8745460132014274,1,1
1,0.6943452480591371,1,1
1,0.8196126633912678,1,1
0,0.2825227684056678,0,0
0,0.1275279674608336,0,0
0,0.4573901913694573,0,0
1,0.8730756141420589,1,1
1,0.8560915657231732,1,1
0,0.9053709940512388,1,1
0,0.7038702358003662,1,1
1,0.7008913189212973,1,1
0,0.415961776884108,0,0
1,0.7543452962362079,1,1
1,0.9185944068050811,1,1
0,0.35110002423736575,0,0
1,0.9233030345377764,1,1
0,0.4165433832252474,0,0
0,0.3236396640280372,0,0
0,0.722189645800608,1,1
1,0.9087166081619487,1,1
1,0.8347602604473745,1,1
1,0.44127021674170164,0,0
1,0.8670216256114021,1,1
0,0.9283448352045548,1,1
0,0.5679172015706274,1,0
0,0.24401577591142226,0,0
0,0.42504870327803235,0,0
0,0.39942137709199943,0,0
1,0.6660028908635108,1,0
1,0.8576418141656333,1,1
0,0.22052339169858637,0,0
0,0.4798880953534634,0,0
1,0.7680326335208819,1,1
0,0.7708717727171682,1,1
0,0.6260660104658902,1,0
1,0.8773227200757872,1,1
0,0.9143482505962188,1,1
1,0.8988710336828277,1,1
0,0.45276795593019437,0,0
1,0.9522589318944917,1,1
1,0.9155030633236217,1,1
0,0.7189238176771372,1,1
0,0.6736579843095387,1,0
1,0.1801268675132759,0,0
0,0.5447487385533027,1,0
0,0.8924811413245264,1,1
0,0.4890834963129135,0,0
0,0.9458849235064963,1,1
1,0.9323209581040456,1,1
0,0.7402636489576959,1,1
0,0.3566302796117819,0,0
1,0.9522239574012642,1,1
1,0.6781603745385192,1,0
1,0.924928821857995,1,1
1,0.8837106897292074,1,1
0,0.13569325086190645,0,0
0,0.7450545511520569,1,1
0,0.7876911841046108,1,1
0,0.3533831579694447,0,0
0,0.3207622917971115,0,0
0,0.2236117533262391,0,0
0,0.18029377006759356,0,0
0,0.8642808778739911,1,1
1,0.9124562642235056,1,1
1,0.4693611398784994,0,0
1,0.8756821541083087,1,1
0,0.5680754171406404,1,0
1,0.8656758934164541,1,1
1,0.8582267360261175,1,1
0,0.248737378160362,0,0
0,0.3166104156415162,0,0
1,0.4190870038477111,0,0
0,0.7262130697862021,1,1
0,0.3807670310656403,0,0
0,0.3147623202093426,0,0
1,0.7368401318207307,1,1
1,0.7382252565397415,1,1
1,0.3464120640121949,0,0
0,0.4677054287910548,0,0
0,0.5494032692913898,1,0
0,0.3367006797071318,0,0
1,0.6494716596606008,1,0
1,0.9169397664299163,1,1
1,0.9321090931045304,1,1
1,0.6688899205326742,1,0
0,0.3866385717841515,0,0
1,0.6502887267434917,1,0
1,0.7655747575034539,1,1
0,0.32455365670416836,0,0
0,0.5378005986967712,1,0
0,0.7573842175566022,1,1
0,0.3447808778350795,0,0
0,0.18631762061329868,0,0
1,0.9582878068456794,1,1
0,0.45635497481489257,0,0
0,0.3399554008691896,0,0
0,0.43405859344974534,0,0
1,0.7351673269428107,1,1
1,0.8556898368609056,1,1
0,0.7212225292665068,1,1
0,0.8612001376951536,1,1
0,0.8610625380713665,1,1
0,0.6642824600335947,1,0
0,0.13958178868524782,0,0
0,0.6293069247559361,1,0
1,0.7536377580379551,1,1
0,0.7946069071708813,1,1
1,0.9570502941974597,1,1
1,0.9420097852103273,1,1
0,0.5061723471102701,1,0
0,0.6186905025747014,1,0
0,0.15714954760988986,0,0
0,0.9042930261990285,1,1
1,0.9001940411326447,1,1
0,0.6328297259122186,1,0
0,0.7222832457383599,1,1
1,0.8988291144431171,1,1
0,0.2172922355228296,0,0
1,0.8198888325350009,1,1
0,0.7041311477979325,1,1
1,0.5762749403575865,1,0
0,0.4446983689433232,0,0
0,0.5249239039502781,1,0
0,0.5332323082676147,1,0
0,0.4967057318627337,0,0
0,0.8982746448658528,1,1
1,0.6218524355448911,1,0
1,0.7753291270146165,1,1
0,0.3578132094134223,0,0
1,0.8630474904998547,1,1
1,0.9176925391484422,1,1
0,0.17392855646036426,0,0
0,0.4135092497616521,0,0
1,0.6654705140251245,1,0
1,0.9530193317509877,1,1
1,0.7243486556702438,1,1
0,0.1875054571823871,0,0
0,0.09634316008329485,0,0
1,0.7989314058668713,1,1
0,0.2223404533111351,0,0
1,0.9048924875187528,1,1
1,0.9030793046471145,1,1
0,0.6305861740862748,1,0
1,0.7717188549396127,1,1
0,0.6292377143559461,1,0
0,0.3267209707272464,0,0
1,0.9736345191183317,1,1
0,0.22276231330427027,0,0
1,0.7298024827876237,1,1
1,0.7629801427050802,1,1
0,0.3089422756553957,0,0
0,0.18026189169601584,0,0
0,0.46738200243078626,0,0
1,0.5451286257413256,1,0
1,0.38681682904074777,0,0
0,0.19454542570616284,0,0
0,0.3883322302329994,0,0
1,0.6090009864773753,1,0
0,0.38607291226617035,0,0
1,0.4999165464438473,0,0
0,0.25134487676071393,0,0
0,0.8853964514275265,1,1
0,0.18273955007105072,0,0
1,0.8140280085906471,1,1
1,0.9317630544108967,1,1
0,0.2752638559631979,0,0
0,0.30216833130831916,0,0
0,0.4300175036239835,0,0
1,0.6332777152703548,1,0
0,0.22754513397906767,0,0
0,0.3313098512829538,0,0
0,0.8494109736317884,1,1
1,0.8946251649258745,1,1
1,0.8673281863087717,1,1
0,0.8368234215082107,1,1
0,0.6285612995527204,1,0
0,0.3095600390466254,0,0
1,0.7647571571040725,1,1
0,0.7132300581721043,1,1
0,0.3603589337677054,0,0
0,0.16122608590155585,0,0
0,0.41984093865858285,0,0
1,0.8595292281621986,1,1
1,0.8308068065748245,1,1
0,0.7327988158716436,1,1
0,0.2876435224720812,0,0
0,0.8130825587625292,1,1
0,0.46207750286841864,0,0
0,0.37504977464039607,0,0
0,0.673281303030301,1,0
0,0.21986735637601681,0,0
0,0.2372898347333309,0,0
0,0.18218002491074958,0,0
1,0.7637275563326842,1,1
1,0.9173472277670843,1,1
0,0.5639635156374225,1,0
0,0.3309517952036975,0,0
0,0.7284715061058744,1,1
0,0.5779682323686688,1,0
0,0.9040117294198748,1,1
0,0.23181956281531477,0,0
0,0.5081190831604223,1,0
0,0.37796321885518325,0,0
0,0.6534101328732984,1,0
0,0.2299050382400122,0,0
1,0.37392459455231614,0,0
0,0.4893209768510927,0,0
1,0.8641711495183524,1,1
1,0.2980159286316352,0,0
1,0.9197590374551011,1,1
0,0.7082402304422247,1,1
1,0.8043001647938585,1,1
0,0.8558461246508213,1,1
1,0.29329660990660267,0,0
0,0.05500633211475348,0,0
0,0.881303254165165,1,1
0,0.582528770069288,1,0
0,0.6107780132948101,1,0
0,0.6801643788206991,1,0
0,0.1910920324176412,0,0
1,0.9009395929633153,1,1
0,0.6076932163625641,1,0
1,0.9062950750306257,1,1
0,0.25946293364900863,0,0
0,0.5285408707689608,1,0
0,0.8527753473650489,1,1
1,0.6703257366757968,1,0
0,0.5291716415116512,1,0
1,0.30962480764084127,0,0
0,0.2857192030471617,0,0
0,0.5178622405638447,1,0
0,0.5402665303025428,1,0
1,0.8733719975187807,1,1
1,0.7164120987199809,1,1
1,0.9700118136211592,1,1
0,0.7387944264840504,1,1
0,0.8078343074657037,1,1
0,0.20112752510167975,0,0
1,0.9006887847078662,1,1
0,0.8154770757743447,1,1
0,0.31150193261863773,0,0
1,0.8315882504318088,1,1
0,0.6549893373000155,1,0
0,0.4184784885835198,0,0
1,0.1080622308097368,0,0
0,0.2019183459230054,0,0
0,0.7027791369827724,1,1
0,0.2161833836008019,0,0
0,0.058694164028435365,0,0
1,0.8610438173785602,1,1
1,0.8471870311451896,1,1
0,0.5757232662638899,1,0
0,0.7974392604479946,1,1
1,0.9641088974616412,1,1
0,0.543566013741394,1,0
0,0.8816927503208838,1,1
0,0.4534290011656396,0,0
0,0.3618896070430251,0,0
0,0.19993888151252573,0,0
0,0.610101879912196,1,0
0,0.5362151796589736,1,0
1,0.9458025074646633,1,1
0,0.3976087835026197,0,0
0,0.4804665835865702,0,0
0,0.8951648073033776,1,1
0,0.4977674919731849,0,0
1,0.734432438928904,1,1
0,0.6885651090882325,1,0
1,0.8495716153288476,1,1
1,0.9372715340089172,1,1
0,0.7489657876905271,1,1
0,0.6208755246785626,1,0
0,0.7818294882410031,1,1
1,0.6681165485950787,1,0
1,0.40166791010888453,0,0
0,0.7514751776637065,1,1
0,0.3796158400281949,0,0
0,0.48026273898031774,0,0
0,0.6232921100468489,1,0
0,0.6052910104157374,1,0
1,0.8196617654445579,1,1
1,0.41643173726801397,0,0
0,0.6186082118115975,1,0
1,0.7566723907538982,1,1
0,0.9244787583396108,1,1
1,0.17023125744606032,0,0
0,0.378949517840494,0,0
0,0.622612442313936,1,0
1,0.8670003840759823,1,1
1,0.7962817433312176,1,1
0,0.5557217719807802,1,0
0,0.3226319127746792,0,0
0,0.16271892117782616,0,0
0,0.26886047422456805,0,0
1,0.6153797876231472,1,0
1,0.9578538536749984,1,1
0,0.6079695711801506,1,0
0,0.8418376063943476,1,1
0,0.6324359415998576,1,0
1,0.9107018431621202,1,1
0,0.6726121432407567,1,0
0,0.4691112897389348,0,0
0,0.25691955346374173,0,0
0,0.7021726206713593,1,1
0,0.5653403858841068,1,0
0,0.5928793204991414,1,0
0,0.2747816726161956,0,0
0,0.2534954774526883,0,0
0,0.2679282627113554,0,0
1,0.8015798429258412,1,1
0,0.8953119791426437,1,1
0,0.3377085073494475,0,0
0,0.32897190888708566,0,0
0,0.4280898662434129,0,0
0,0.7689034526496078,1,1
0,0.7922152391565762,1,1
0,0.2907972811755465,0,0
0,0.6657324445814298,1,0
0,0.5019817080363055,1,0
0,0.6600035293895826,1,0
0,0.6510144968819237,1,0
0,0.5316241991396434,1,0
0,0.8450508317987726,1,1
1,0.8139277058710128,1,1
0,0.4223939611872556,0,0
1,0.9256811235140083,1,1
1,0.867539791893796,1,1
0,0.27340238740873113,0,0
0,0.2346115615036985,0,0
0,0.40897404341500687,0,0
1,0.8466507865296286,1,1
1,0.8825919220259738,1,1
1,0.5191742300951314,1,0
1,0.9224102050487964,1,1
1,0.3935347952948076,0,0
0,0.8279249990283343,1,1
1,0.8123689623931419,1,1
0,0.23110112544079864,0,0
1,0.9260352705861775,1,1
0,0.5982476160364011,1,0
1,0.22585396903393304,0,0
0,0.6807841804495642,1,0
0,0.2523763367223289,0,0
0,0.5702897753908983,1,0
0,0.4326646756654197,0,0
1,0.9038618488730261,1,1
0,0.2739734084441019,0,0
0,0.9045618731460018,1,1
0,0.6228525089263914,1,0
0,0.771930295180499,1,1
0,0.9237643858890097,1,1
1,0.8837760083736388,1,1
1,0.6920891665153506,1,1
0,0.6627422522617616,1,0
0,0.41145299617910575,0,0
0,0.46427128799400397,0,0
0,0.6791027834628297,1,0
0,0.8203395653815614,1,1
0,0.9202189608531168,1,1
0,0.7078672490881958,1,1
0,0.8528965910206157,1,1
0,0.7692741827369256,1,1
0,0.21049950974233686,0,0
1,0.8810240817764932,1,1
1,0.31834328968245396,0,0
0,0.6177104975647305,1,0
0,0.6300361651326194,1,0
1,0.8389428161854912,1,1
0,0.908837924560796,1,1
1,0.9236665084146226,1,1
0,0.42441499862817234,0,0
1,0.5518728180418396,1,0
0,0.4863256706719322,0,0
1,0.787831563778778,1,1
0,0.7962399937826733,1,1
0,0.8298501449765736,1,1
1,0.9216283087871338,1,1
1,0.8149594893370546,1,1
0,0.8807793775324979,1,1
0,0.2670613009450962,0,0
0,0.34969647468226767,0,0
0,0.5570645940925184,1,0
1,0.9365822076324776,1,1
0,0.11358220324011539,0,0
0,0.8813547729688609,1,1
1,0.15143867867701097,0,0
1,0.9290300564468037,1,1
0,0.16035215541304976,0,0
0,0.6393112451222284,1,0
1,0.763631144994258,1,1
0,0.7750161736558275,1,1
1,0.9582008366886998,1,1
0,0.5837293869490761,1,0
0,0.5978051306594289,1,0
1,0.8657040698076908,1,1
0,0.71313126029225,1,1
1,0.7975467811299062,1,1
0,0.4901246960606588,0,0
0,0.4344248102638878,0,0
0,0.09018082640299675,0,0
0,0.787691672553018,1,1
1,0.9058519185073494,1,1
0,0.9153297583387109,1,1
0,0.22350112448587467,0,0
1,0.8930151368659287,1,1
0,0.7523911208899967,1,1
0,0.40585110262524576,0,0
0,0.35371803631385307,0,0
1,0.6406924348868334,1,0
0,0.8251922949783131,1,1
1,0.8709576122669969,1,1
1,0.76126332808631,1,1
1,0.8844153440481225,1,1
0,0.5919454215478248,1,0
0,0.46686683604437734,0,0
1,0.7043544376668048,1,1
1,0.889010967099072,1,1
0,0.5099485961712126,1,0
0,0.22686278788715594,0,0
1,0.9073147333806622,1,1
1,0.917316162885595,1,1
0,0.2907831358253956,0,0
1,0.9321209545020495,1,1
0,0.17388295265612316,0,0
0,0.35278917465451964,0,0
1,0.6514221441692912,1,0
0,0.8835447956052737,1,1
1,0.42177101751994384,0,0
0,0.7481213274705493,1,1
0,0.5436419663320212,1,0
1,0.8242328757739429,1,1
0,0.38950986825162753,0,0
0,0.49719727919613893,0,0
1,0.9353352115321102,1,1
1,0.7826870418665796,1,1
1,0.6552828376859431,1,0
1,0.9328015988839442,1,1
0,0.34005675301322924,0,0
0,0.41901718871071947,0,0
1,0.7530327705970349,1,1
0,0.6396485580280341,1,0
0,0.8516483746670461,1,1
0,0.9392845781496187,1,1
1,0.6576496765854671,1,0
0,0.6957930381781267,1,1
0,0.9083501595011096,1,1
0,0.6791580317541036,1,0
0,0.9663458866267933,1,1
0,0.332067884114034,0,0
0,0.33199730629544183,0,0
0,0.8706731426709928,1,1
1,0.6642010223997116,1,0
0,0.2886628853765214,0,0
1,0.8912512567944498,1,1
0,0.838859279351939,1,1
0,0.40062812909602596,0,0
1,0.853927610982865,1,1
0,0.4372836627575578,0,0
0,0.35508049438436556,0,0
1,0.7086125903029763,1,1
0,0.8609979923498542,1,1
0,0.43612807414817883,0,0
0,0.5067181857927634,1,0
1,0.8751450118388455,1,1
0,0.45492788901419773,0,0
1,0.6776236422189819,1,0
1,0.6136523402423848,1,0
1,0.9351118835514877,1,1
1,0.9147572764477172,1,1
0,0.7486486519684364,1,1
1,0.8699057590051196,1,1
0,0.2926356466090279,0,0
1,0.45925280929547374,0,0
0,0.3873141927354886,0,0
0,0.7865259080266254,1,1
0,0.23659580115363393,0,0
0,0.9272868307433471,1,1
0,0.6565183772680523,1,0
0,0.40443617892872025,0,0
0,0.28172542163657155,0,0
0,0.7861596564995432,1,1
1,0.9558507779140418,1,1
1,0.5998011173837264,1,0
0,0.16380343235613468,0,0
0,0.49617000633248215,0,0
1,0.4088930945669616,0,0
0,0.18766941802615697,0,0
1,0.9411897260370561,1,1
1,0.7705801236019887,1,1
1,0.9475129343497923,1,1
0,0.8927505320591786,1,1
1,0.7473457389412855,1,1
1,0.8638947846743016,1,1
0,0.4351645266776223,0,0
0,0.359208816789228,0,0
0,0.38321578741084694,0,0
0,0.5595211129374517,1,0
0,0.3522550788882931,0,0
1,0.8628894554912386,1,1
0,0.5651198631864589,1,0
1,0.6026289628702235,1,0
0,0.3340034086761195,0,0
0,0.5761841061706321,1,0
0,0.4634021983226356,0,0
0,0.5517894930351199,1,0
0,0.4872401542620454,0,0
0,0.5966527361526454,1,0
1,0.3871177260146033,0,0
0,0.9230250503195423,1,1
1,0.7222732248168519,1,1
1,0.7331076852363982,1,1
1,0.9147131397108366,1,1
0,0.566513374552654,1,0
1,0.531580091481621,1,0
1,0.7481034481133463,1,1
1,0.9254188071494863,1,1
0,0.27909220604308693,0,0
0,0.26865146812100904,0,0
0,0.5072418037887118,1,0
1,0.8296310469933,1,1
0,0.7262381525385728,1,1
0,0.24441541077434337,0,0
0,0.35626066850450905,0,0
0,0.23200086030929803,0,0
0,0.8679956516429905,1,1
1,0.9356311339480028,1,1
0,0.4432593212155115,0,0
1,0.6635288643490236,1,0
1,0.7822393913563801,1,1
0,0.2757665185624719,0,0
0,0.2095614987309194,0,0
0,0.47118718476626653,0,0
0,0.6094301568967021,1,0
0,0.8878510122955002,1,1
1,0.9195368196996362,1,1
1,0.891981724947617,1,1
1,0.7058585542812608,1,1
1,0.3459470293906611,0,0
0,0.47222307134839003,0,0
1,0.7297698619836136,1,1
0,0.26783483508115774,0,0
1,0.9635006493323671,1,1
0,0.43156887162656693,0,0
0,0.9237122209713224,1,1
0,0.5748843540351204,1,0
0,0.32820991455112125,0,0
0,0.7914254959623083,1,1
0,0.47620103888465626,0,0
0,0.23043993798692095,0,0
0,0.545084920503879,1,0
0,0.6684481862738915,1,0
1,0.7831489637984563,1,1
0,0.27766375463160436,0,0
0,0.6385403055885237,1,0
0,0.45817689595967703,0,0
1,0.8175525310818396,1,1
0,0.3727799137100402,0,0
1,0.9059091312984712,1,1
1,0.7939171777277351,1,1
1,0.8988478733267694,1,1
0,0.7176109536519036,1,1
1,0.7790788860364205,1,1
0,0.7781669007939799,1,1
0,0.8159692793101989,1,1
1,0.7432124922460218,1,1
0,0.4788265387701278,0,0
1,0.7185027612442053,1,1
0,0.7520080794714172,1,1
1,0.8353598567331355,1,1
1,0.8921467635191282,1,1
0,0.6616880836807769,1,0
1,0.9048118289037728,1,1
1,0.45278313520037977,0,0
0,0.4761363651158129,0,0
1,0.5422566340194516,1,0
1,0.9126309355922375,1,1
0,0.7103428970519601,1,1
0,0.8008001762626545,1,1
0,0.20629052452064597,0,0
0,0.7722074896836421,1,1
1,0.7953599788143582,1,1
0,0.2282623086139764,0,0
0,0.1769076240249297,0,0
0,0.3158191970894427,0,0
0,0.48866033374862666,0,0
1,0.5507343419570678,1,0
1,0.8526089182381159,1,1
0,0.32027037287892435,0,0
0,0.8677644142896972,1,1
0,0.2676880123481502,0,0
0,0.537306651574367,1,0
1,0.8800617071547363,1,1
0,0.6170394737631149,1,0
1,0.708136946579551,1,1
1,0.7053757097820293,1,1
0,0.37943790971374186,0,0
0,0.7668749975861645,1,1
0,0.5531602634738312,1,0
1,0.7343367816697797,1,1
0,0.24709860719384155,0,0
0,0.5810967365294611,1,0
1,0.7130910354127892,1,1
1,0.9255393555987461,1,1
0,0.8165297064946023,1,1
1,0.7327065504153161,1,1
0,0.5389619558211994,1,0
1,0.7728306636299375,1,1
0,0.5500516041702119,1,0
0,0.15357642666544744,0,0
0,0.465945842968103,0,0
0,0.17380555951596538,0,0
0,0.193819696454108,0,0
0,0.2661596957349625,0,0
1,0.8623155637466788,1,1
0,0.9328700677839122,1,1
1,0.6496930294176256,1,0
1,0.9198817682338503,1,1
0,0.3735814036258795,0,0
1,0.697845330087212,1,1
0,0.4354343573330269,0,0
0,0.8929978672494707,1,1
0,0.6862377830114045,1,0
0,0.23725393413364804,0,0
1,0.7571173037253093,1,1
0,0.8643655183680642,1,1
0,0.7200131839061477,1,1
0,0.21681169480084897,0,0
0,0.6587250431439763,1,0
1,0.8587506669476229,1,1
0,0.43655201631375695,0,0
0,0.6733550144006825,1,0
0,0.16669134913284098,0,0
0,0.44407637176904163,0,0
0,0.6606239479968039,1,0
0,0.6804495502704601,1,0
0,0.7756020817827861,1,1
0,0.2657944189260408,0,0
0,0.4887396769929082,0,0
0,0.4887288298184938,0,0
0,0.4364556956254307,0,0
1,0.9448847650309361,1,1
0,0.7180117716363841,1,1
0,0.4513619358161461,0,0
1,0.8463403022296361,1,1
0,0.776869682491376,1,1
0,0.5508728629698139,1,0
0,0.5293337399519399,1,0
0,0.8414241172965431,1,1
0,0.7242046397345226,1,1
0,0.31882998406975455,0,0
1,0.7145043415571342,1,1
1,0.6188031575255545,1,0
0,0.5431779626820584,1,0
0,0.885896642636771,1,1
0,0.5665030464749912,1,0
1,0.6523874110171608,1,0
0,0.24872284794435787,0,0
0,0.1345520164541625,0,0
1,0.7826670075551657,1,1
1,0.9450397228550722,1,1
0,0.45879961253255974,0,0
0,0.8067056608465374,1,1
1,0.8644262060444474,1,1
0,0.49437447965593917,0,0
0,0.506545113683105,1,0
0,0.7836214913628281,1,1
0,0.5102140716872126,1,0
1,0.5386284694568124,1,0
0,0.5552434106864265,1,0
0,0.5456969162295339,1,0
0,0.5104127883851735,1,0
1,0.9344704201691558,1,1
1,0.6154746710901163,1,0
0,0.5447721058170033,1,0
0,0.1975216935598242,0,0
0,0.5332856639859371,1,0
0,0.8280004491240148,1,1
0,0.616396764691691,1,0
0,0.4622999363203306,0,0
0,0.1994044679936916,0,0
0,0.13811485508043486,0,0
0,0.37993704405174605,0,0
0,0.7977528275452536,1,1
1,0.67968924567479,1,0
0,0.581418968879055,1,0
1,0.9002578372696579,1,1
1,0.9338364182990144,1,1
0,0.8101278808760011,1,1
0,0.33289629030927387,0,0
0,0.06810279547885659,0,0
1,0.8747948433845832,1,1
0,0.19042615583549377,0,0
0,0.8162419358790545,1,1
0,0.5922097426599054,1,0
0,0.890169974518288,1,1
1,0.9332716184104841,1,1
1,0.9077559518163655,1,1
1,0.6824248100894748,1,0
1,0.8168583495792036,1,1
0,0.2852968513392523,0,0
0,0.6459455842582504,1,0
1,0.9589811499227733,1,1
1,0.6970190581975814,1,1
0,0.5797695690726778,1,0
0,0.24537855471382333,0,0
0,0.6095141752140997,1,0
0,0.8952532609215713,1,1
1,0.9448538345202322,1,1
0,0.20307657394363604,0,0
0,0.4135922794693699,0,0
0,0.33078597197135756,0,0
1,0.6819141913869908,1,0
0,0.422180649747859,0,0
0,0.12286650609567572,0,0
0,0.3532456870538387,0,0
1,0.7164259822203363,1,1
0,0.9403882504108533,1,1
1,0.8949576885890705,1,1
1,0.8238708033677221,1,1
0,0.2826384923575763,0,0
1,0.913478343737954,1,1
1,0.6741059250337804,1,0
0,0.24550635670410714,0,0
0,0.18146599252236115,0,0
1,0.922189223913108,1,1
0,0.8753545321389195,1,1
0,0.4600537875177198,0,0
0,0.8757826205341073,1,1
0,0.4095494650627033,0,0
1,0.8808540422980206,1,1
1,0.8557465421523406,1,1
1,0.5625685312728882,1,0
1,0.9739398039505279,1,1
0,0.4977574996020645,0,0
0,0.26737266426951506,0,0
0,0.5334224858987494,1,0
0,0.3133155180447744,0,0
0,0.7179336764302892,1,1
0,0.8817000585320468,1,1
1,0.9201276170970636,1,1
1,0.9323346207046634,1,1
0,0.3511496547137111,0,0
0,0.6484420929995786,1,0
1,0.7553016173136229,1,1
0,0.21160777794044172,0,0
0,0.5382714894754822,1,0
0,0.8293103907227857,1,1
1,0.8434226536184529,1,1
1,0.6401037514209496,1,0
1,0.8444771936590905,1,1
1,0.901258879943044,1,1
0,0.8701023058224834,1,1
1,0.8375960151404243,1,1
0,0.4388431064899333,0,0
1,0.3143324780142652,0,0
0,0.7206685240969675,1,1
0,0.6749973498170511,1,0
0,0.6466818333449685,1,0
1,0.8108788960870008,1,1
0,0.27716827794968074,0,0
0,0.5352521591300273,1,0
1,0.8998642774645239,1,1
1,0.959208891986322,1,1
0,0.9543515312043541,1,1
0,0.30034056587542624,0,0
0,0.6950229966087871,1,1
0,0.47371151995931043,0,0
1,0.5358876864499708,1,0
0,0.30812571387552246,0,0
0,0.3543357517595631,0,0
0,0.6168563854708101,1,0
0,0.8959880854521025,1,1
0,0.6137952964688324,1,0
0,0.8348555160550158,1,1
0,0.6984362902131089,1,1
0,0.8708075183736463,1,1
1,0.660733660910752,1,0
0,0.534100329443864,1,0
1,0.8558921081589209,1,1
1,0.605760964592029,1,0
0,0.6450948343142197,1,0
0,0.3993316300104564,0,0
1,0.816975582237916,1,1
0,0.6137484348091007,1,0
1,0.7351419993543329,1,1
1,0.902861886408027,1,1
1,0.6419691218624242,1,0
0,0.19091239771730306,0,0
0,0.6343423576329525,1,0
1,0.7430901940205629,1,1
0,0.48124569973534514,0,0
0,0.25887937195064703,0,0
1,0.7318289267493931,1,1
0,0.4400442238126141,0,0
0,0.5521573636002515,1,0
0,0.29088043808859465,0,0
0,0.9526860474602065,1,1
0,0.1480994116940669,0,0
1,0.8693784481489303,1,1
0,0.4984534701577905,0,0
0,0.776459489120314,1,1
0,0.8749292406476333,1,1
1,0.8524590656441707,1,1
0,0.6684683881135841,1,0
1,0.9069371889573402,1,1
1,0.8522305574674913,1,1
1,0.9693127746821303,1,1
0,0.12365656850018968,0,0
0,0.33223045256772704,0,0
0,0.8316852876091625,1,1
1,0.7637488408540726,1,1
0,0.2693796123399945,0,0
0,0.6482470959483208,1,0
0,0.6135527834739029,1,0
0,0.2827982796119917,0,0
0,0.6478653699450236,1,0
0,0.2867286119015418,0,0
1,0.8632845512195793,1,1
0,0.5524638238132391,1,0
1,0.5954400929293073,1,0
0,0.6722783548306218,1,0
0,0.4424697257594192,0,0
0,0.7476044912593769,1,1
1,0.9518972384795477,1,1
0,0.3958288764049685,0,0
1,0.9272887690206486,1,1
0,0.6545891244788234,1,0
1,0.9077400771703057,1,1
1,0.8332674004428184,1,1
0,0.2517852270846829,0,0
0,0.2754164337440823,0,0
0,0.6631790325396969,1,0
0,0.1901889744569637,0,0
0,0.26856483740242076,0,0
0,0.3586559530348801,0,0
1,0.76273741055395,1,1
1,0.5900892556452274,1,0
0,0.37797468109673577,0,0
1,0.7852437032939381,1,1
0,0.8283772896372273,1,1
1,0.7732491212217136,1,1
0,0.27451930096438076,0,0
0,0.23557138939317063,0,0
0,0.6122811667116046,1,0
1,0.8046931405167728,1,1
1,0.8476852639126935,1,1
0,0.39091669640287985,0,0
0,0.20982288849208233,0,0
0,0.6654789156372888,1,0
0,0.5167076809042461,1,0
0,0.5965042121779365,1,0
1,0.8652540653929206,1,1
1,0.9476739008752938,1,1
1,0.893331798924837,1,1
0,0.6057614111149385,1,0
1,0.6437860270975329,1,0
1,0.5951146969192683,1,0
0,0.44322161884141376,0,0
0,0.7612176014441566,1,1
0,0.5205087748002009,1,0
0,0.5098168633750747,1,0
1,0.7419884746386821,1,1
0,0.48708113403878267,0,0
0,0.6553668679414875,1,0
0,0.8710222896326291,1,1
1,0.9239495049110872,1,1
0,0.6722586576524693,1,0
0,0.1270357420317812,0,0
0,0.30694196869444895,0,0
0,0.5656500477418203,1,0
1,0.797376071679961,1,1
0,0.8216681939070727,1,1
0,0.4863908963543797,0,0
0,0.26107708396423596,0,0
0,0.20816122459826877,0,0
0,0.1422958915996749,0,0
1,0.8545022837981188,1,1
1,0.77742239244855,1,1
0,0.5382080670669998,1,0
0,0.8801363533761025,1,1
0,0.5894284882701039,1,0
1,0.692159319818705,1,1
1,0.6391246360861873,1,0
1,0.639001435931188,1,0
1,0.6246103756384249,1,0
0,0.6568736466580947,1,0
0,0.18997883994382123,0,0
0,0.5600747556283111,1,0
1,0.8749666874468731,1,1
0,0.299778783494644,0,0
0,0.6081499876064281,1,0
1,0.9038614090548902,1,1
0,0.4053642311717972,0,0
0,0.13777130635617796,0,0
0,0.7321832344622423,1,1
0,0.5489191041580734,1,0
1,0.745921163080618,1,1
1,0.7858071847492838,1,1
0,0.5236211929088975,1,0
1,0.49633914672714075,0,0
0,0.5868643671630691,1,0
0,0.304120018055255,0,0
0,0.6664275588493109,1,0
1,0.554873567858682,1,0
0,0.7834517585239887,1,1
1,0.9094279576439338,1,1
1,0.7206458879311676,1,1
1,0.3066038389304984,0,0
0,0.894365852115255,1,1
0,0.588157250546626,1,0
0,0.926142598994299,1,1
0,0.6301404234308075,1,0
0,0.42383437845726646,0,0
0,0.31496642002030395,0,0
1,0.96252010777228,1,1
0,0.28461212016816856,0,0
1,0.5973439144493086,1,0
1,0.6628838559587636,1,0
0,0.5939260334078499,1,0
1,0.9619594956840076,1,1
1,0.47179060995620375,0,0
1,0.7171817296966696,1,1
1,0.9289434854521282,1,1
0,0.8108213337878849,1,1
0,0.8236263629803287,1,1
0,0.25223802113458005,0,0
0,0.24212336527845663,0,0
0,0.5654002689485099,1,0
1,0.9710002878817174,1,1
1,0.8080284740372763,1,1
1,0.9614057255095138,1,1
0,0.37816963339497073,0,0
0,0.5909719766508645,1,0
1,0.8035520007591975,1,1
1,0.29740325491572617,0,0
0,0.6718038863351642,1,0
0,0.4509300249586471,0,0
0,0.866694745504756,1,1
0,0.33927189777774325,0,0
1,0.4769846488852968,0,0
1,0.8092195391790223,1,1
0,0.28398230923154444,0,0
1,0.4733535970939982,0,0
0,0.49127621853011627,0,0
0,0.5742968627195322,1,0
0,0.5723196506351423,1,0
0,0.26229345368798185,0,0
1,0.9408328342939819,1,1
0,0.9181038659797903,1,1
0,0.3699407041267866,0,0
0,0.2982539849995986,0,0
1,0.925356820993178,1,1
0,0.4479337164446583,0,0
0,0.6755315100392452,1,0
0,0.589613296503789,1,0
0,0.23421468852609656,0,0
1,0.8546266257998281,1,1
0,0.5885559352738516,1,0
0,0.25656409149618176,0,0
1,0.5315750358929265,1,0
1,0.8318563080694187,1,1
1,0.694924666148607,1,1
0,0.9408869109378196,1,1
1,0.49430057946111966,0,0
0,0.31047135506347845,0,0
1,0.7442362668403658,1,1
0,0.6746843379310083,1,0
0,0.26459961997708237,0,0
0,0.9296814196157839,1,1
0,0.5213181319218357,1,0
0,0.37350891135100395,0,0
0,0.5189505558047497,1,0
0,0.3369460128746175,0,0
0,0.9352363112181038,1,1
1,0.6455159965422216,1,0
0,0.7976701661692639,1,1
1,0.8773706334742549,1,1
0,0.5541922215944872,1,0
1,0.9259167292542345,1,1
1,0.34930300040814144,0,0
0,0.6204833868291054,1,0
0,0.567683291930067,1,0
0,0.343365932431347,0,0
1,0.39525354775849564,0,0
0,0.6496120769513664,1,0
1,0.8772980410451603,1,1
0,0.45061565782793156,0,0
0,0.47062544887806407,0,0
1,0.8446506073942532,1,1
1,0.9391986600541044,1,1
0,0.8046208667147753,1,1
1,0.8624202516431008,1,1
1,0.25216468071279,0,0
0,0.8665727710986664,1,1
1,0.7736049175967429,1,1
0,0.6163524549327981,1,0
1,0.5962034836046635,1,0
1,0.6913293721845816,1,1
0,0.7973163810457891,1,1
0,0.44739080883611404,0,0
1,0.8299365366223741,1,1
0,0.4490770984289545,0,0
0,0.21463505545830433,0,0
0,0.6114499633285114,1,0
1,0.6124624513327832,1,0
0,0.2392161529007181,0,0
1,0.7797363435125901,1,1
0,0.47567353808818424,0,0
1,0.8024184473626492,1,1
0,0.7083663549670566,1,1
0,0.9324128695212417,1,1
1,0.8824285611559729,1,1
1,0.8950346163697783,1,1
1,0.9538366320289823,1,1
0,0.49196093542899794,0,0
0,0.8205589866028615,1,1
0,0.12189144550467708,0,0
0,0.7462884976593975,1,1
1,0.6975266744342595,1,1
0,0.7032805659175171,1,1
0,0.32773821150866106,0,0
0,0.5711666420815255,1,0
1,0.8521228067572596,1,1
0,0.7794235095250502,1,1
1,0.7060602722128839,1,1
0,0.5579424064055486,1,0
0,0.6078628983879857,1,0
0,0.39266903275359455,0,0
1,0.9007709215031825,1,1
1,0.8296568353938669,1,1
0,0.6554040041533382,1,0
0,0.16924058980745407,0,0
0,0.854490597834435,1,1
0,0.2845013931982539,0,0
0,0.5559316489754909,1,0
1,0.7387369480355652,1,1
1,0.8822144671090534,1,1
1,0.8221880142678937,1,1
1,0.688784194098091,1,0
0,0.6582204557509995,1,0
1,0.9395521016040035,1,1
1,0.7784869050706305,1,1
0,0.8284708267798425,1,1
0,0.5573331293048075,1,0
0,0.4652918010096515,0,0
0,0.6562531141221238,1,0
1,0.8262701025138882,1,1
0,0.2750807574369384,0,0
1,0.5654490003682979,1,0
0,0.2609580865411432,0,0
0,0.5362458104825278,1,0
1,0.472051023618072,0,0
0,0.7117361296408226,1,1
0,0.4227662020011774,0,0
0,0.5983529367181991,1,0
1,0.8543984123858669,1,1
0,0.8865367883656224,1,1
0,0.6504676614846338,1,0
1,0.9083298789857314,1,1
1,0.592918131790527,1,0
0,0.20637351701160903,0,0
1,0.8408101472583064,1,1
1,0.7977672224736744,1,1
1,0.609809416999955,1,0
0,0.5799523162080795,1,0
0,0.8458187766180425,1,1
0,0.6047170992605507,1,0
0,0.35457589177946863,0,0
0,0.3045128485155473,0,0
1,0.6536405719710418,1,0
1,0.906319376646449,1,1
1,0.8038312393097806,1,1
0,0.24340250945037223,0,0
1,0.8881896381760452,1,1
0,0.3243013677702346,0,0
1,0.8143973797805933,1,1
0,0.631247515710319,1,0
0,0.5255590885392945,1,0
0,0.6029776109855435,1,0
0,0.8316336095859759,1,1
1,0.8411067262235328,1,1
1,0.8680589601825253,1,1
1,0.9455751452391805,1,1
0,0.6837510536549471,1,0
1,0.48928161853846175,0,0
1,0.7799170163698106,1,1
0,0.5397645687000797,1,0
0,0.9287591293918515,1,1
0,0.5371806932011399,1,0
1,0.7656696867620293,1,1
0,0.2423943692964547,0,0
0,0.21943568415022516,0,0
1,0.786443004797086,1,1
1,0.8586331428684493,1,1
1,0.7552416574349412,1,1
1,0.937529150566035,1,1
1,0.2758480131950095,0,0
0,0.6009073146289462,1,0
0,0.6705083046904357,1,0
0,0.5698756624517883,1,0
0,0.4651748189032334,0,0
1,0.40406253094918093,0,0
0,0.618072992677932,1,0
0,0.22369643743987555,0,0
0,0.4714884435964873,0,0
0,0.6071969489000598,1,0
1,0.858397606901573,1,1
0,0.3204090548971701,0,0
1,0.8331041839317379,1,1
0,0.5543912543019197,1,0
1,0.8586308519331465,1,1
0,0.5879783108687874,1,0
1,0.3437582526232897,0,0
0,0.36394282100116604,0,0
0,0.31109248800191386,0,0
0,0.24260900130878524,0,0
0,0.563397403533942,1,0
1,0.9180221029993166,1,1
1,0.22562269521938938,0,0
0,0.33956436405377266,0,0
0,0.2420444086264651,0,0
1,0.8760865953246798,1,1
0,0.21423462951644434,0,0
1,0.8916097774473312,1,1
0,0.292239202852899,0,0
0,0.15493352111113726,0,0
0,0.8122540706969483,1,1
0,0.3156198973342992,0,0
1,0.8895174527753295,1,1
0,0.4480834208135395,0,0
0,0.32448562896011757,0,0
0,0.6962949332284012,1,1
0,0.41968893194884904,0,0
0,0.8794092492762203,1,1
0,0.41726513097372875,0,0
0,0.7074655997875426,1,1
1,0.8277739495399894,1,1
0,0.6462745725728131,1,0
0,0.26061862582472867,0,0
1,0.3809949204111052,0,0
0,0.7234343405077608,1,1
0,0.41304170216569747,0,0
0,0.5466428337710209,1,0
1,0.8946534568379879,1,1
0,0.3404900716681329,0,0
0,0.6437390696713753,1,0
0,0.31819159949374015,0,0
1,0.8000543065047829,1,1
0,0.29726105933193925,0,0
0,0.8453025328982723,1,1
0,0.37087482348628026,0,0
1,0.2708938834109459,0,0
0,0.17781753398169955,0,0
1,0.7609233326545195,1,1
0,0.8535147325848004,1,1
0,0.11159474072645043,0,0
1,0.8817369613951618,1,1
0,0.6032008700041356,1,0
0,0.3408224132379225,0,0
1,0.917021623339226,1,1
0,0.8166850994274275,1,1
1,0.8999159313596949,1,1
1,0.7641943418595186,1,1
0,0.773899166974837,1,1
1,0.4607197309912793,0,0
0,0.5891632633616458,1,0
0,0.7637114321180544,1,1
1,0.8616822431581328,1,1
0,0.6124814480699098,1,0
0,0.8346705607604358,1,1
1,0.901901993418763,1,1
0,0.5850480766248,1,0
0,0.41412666740264786,0,0
1,0.28081289288032457,0,0
1,0.9656681602100602,1,1
0,0.5529976630357922,1,0
1,0.9090150881533329,1,1
0,0.3601300471270891,0,0
0,0.3192915994520499,0,0
0,0.8367691609705918,1,1
1,0.8961676177197142,1,1
0,0.7763732020833547,1,1
1,0.8154349225102874,1,1
0,0.5489468310168897,1,0
0,0.6208256813254892,1,0
0,0.40237896182152993,0,0
0,0.4382486932460772,0,0
0,0.670544356941998,1,0
1,0.654109949080397,1,0
1,0.8636124562671571,1,1
0,0.5873146095693568,1,0
0,0.349798928509173,0,0
0,0.7367959628232135,1,1
1,0.7729143944249762,1,1
0,0.9060997258556207,1,1
0,0.7985964707181656,1,1
0,0.49015120118698935,0,0
0,0.26453195669953977,0,0
0,0.1505406528819058,0,0
0,0.23664482936290476,0,0
0,0.7037328708864069,1,1
0,0.42234245353179434,0,0
1,0.36893557371502694,0,0
1,0.8690759488592735,1,1
1,0.49688907138706495,0,0
0,0.5418108035129819,1,0
0,0.3762992258297988,0,0
0,0.7679755355549478,1,1
0,0.8362600952689275,1,1
1,0.6970278660682657,1,1
1,0.5956125724146136,1,0
1,0.808314976813333,1,1
1,0.8637288476135682,1,1
0,0.3845999154629408,0,0
0,0.7756042658473634,1,1
0,0.31065008079988676,0,0
0,0.6088633418880323,1,0
0,0.5421984115622147,1,0
0,0.3755271532481319,0,0
0,0.6753754948991226,1,0
0,0.6369334032026391,1,0
1,0.28414427485169785,0,0
1,0.7356722423264915,1,1
1,0.9447451586902504,1,1
0,0.3777795039452492,0,0
1,0.8065435877262076,1,1
0,0.9050423085747206,1,1
0,0.22350221392609318,0,0
0,0.7099080119363704,1,1
0,0.2954773683941783,0,0
0,0.6789119562117304,1,0
1,0.8352221850314897,1,1
1,0.748427848726733,1,1
0,0.619003206559667,1,0
1,0.8784048873131278,1,1
0,0.5285088469603283,1,0
1,0.857495025273028,1,1
1,0.48484396469356794,0,0
1,0.9058661076725073,1,1
0,0.6744686868399916,1,0
0,0.6742610519149248,1,0
0,0.9164829255209705,1,1
0,0.3113006502599635,0,0
0,0.8521117999508251,1,1
0,0.23656188270850606,0,0
0,0.19571548377592835,0,0
1,0.9504751926708889,1,1
1,0.9502281064611188,1,1
0,0.14783425234974523,0,0
0,0.8380947274951831,1,1
0,0.3165052020513823,0,0
0,0.246905598346887,0,0
0,0.5857325662094874,1,0
1,0.6688525119502261,1,0
0,0.7727843580862183,1,1
1,0.9497768787888415,1,1
0,0.8179891404645074,1,1
1,0.8781271771949049,1,1
1,0.9171601963904421,1,1
0,0.2682739541837571,0,0
1,0.8858574851573227,1,1
0,0.7567042940373669,1,1
0,0.6829805740257586,1,0
0,0.653866864136071,1,0
1,0.8543286560541632,1,1
0,0.9265954031168322,1,1
0,0.363220372041375,0,0
1,0.7766669193698995,1,1
1,0.8518469889228414,1,1
0,0.7471422902038095,1,1
1,0.8509982107980734,1,1
0,0.9397056380416953,1,1
1,0.6708985454578521,1,0
0,0.27386849309105527,0,0
0,0.5751324778028865,1,0
1,0.8028091388840984,1,1
0,0.4184862837173395,0,0
1,0.716349652241549,1,1
0,0.7707917738577209,1,1
0,0.3235565906968255,0,0
1,0.8889084194908922,1,1
0,0.14140490585017826,0,0
0,0.7074812585620096,1,1
0,0.4883609534199464,0,0
0,0.7019979117919556,1,1
0,0.31408368909914763,0,0
0,0.42256888941573706,0,0
1,0.5792677951184605,1,0
0,0.43411780404301525,0,0
0,0.21117388491880396,0,0
1,0.9279425784999485,1,1
1,0.6130795768785706,1,0
1,0.4755595335466727,0,0
0,0.7570134344339965,1,1
1,0.9419754027882326,1,1
1,0.9269304252704155,1,1
1,0.3968879450304396,0,0
0,0.8995064859250949,1,1
0,0.6964388513338252,1,1
1,0.3205690165895322,0,0
0,0.7682136039335398,1,1
0,0.359148795481876,0,0
1,0.7622711615186167,1,1
0,0.6196173263674534,1,0
0,0.1686802818350418,0,0
1,0.5454277010606426,1,0
0,0.6178031781534176,1,0
1,0.6545790050696314,1,0
1,0.9523056667188814,1,1
1,0.768122090632082,1,1
0,0.9450601052048121,1,1
1,0.9609354869963526,1,1
0,0.7092244218004194,1,1
0,0.856348363778446,1,1
0,0.6189849174529539,1,0
0,0.5022607801688095,1,0
1,0.8815303638664356,1,1
0,0.2656461877899059,0,0
1,0.6763893011793234,1,0
0,0.799824179378186,1,1
1,0.7681506581434517,1,1
1,0.9612794669493896,1,1
1,0.9446331961237758,1,1
1,0.8626825809565868,1,1
0,0.6010508354540964,1,0
0,0.472919920225674,0,0
1,0.6846789595161776,1,0
0,0.4847060776724139,0,0
1,0.345765949909577,0,0
1,0.9176478254470912,1,1
0,0.45956333483955925,0,0
0,0.921567787487395,1,1
1,0.8673500674806234,1,1
0,0.2811393115857542,0,0
0,0.5395441179744608,1,0
0,0.15537482570170905,0,0
1,0.6659589545113098,1,0
1,0.7901091214282199,1,1
0,0.5843712184358011,1,0
0,0.18298157820951808,0,0
0,0.7684938448352359,1,1
0,0.3175359148160736,0,0
0,0.40408363417605875,0,0
1,0.8391052909587686,1,1
0,0.5485555872137362,1,0
0,0.4755608110716474,0,0
1,0.5895856428319511,1,0
1,0.8630280461695833,1,1
1,0.7311356528009094,1,1
0,0.7626154625684716,1,1
0,0.35955209596637283,0,0
1,0.3179311280372778,0,0
1,0.6923305440062365,1,1
1,0.7703005498938031,1,1
1,0.8850805144489475,1,1
0,0.4577695976225603,0,0
1,0.8070269700532832,1,1
0,0.4423208155216174,0,0
1,0.8372363772475254,1,1
0,0.7788723136897626,1,1
0,0.887663048285775,1,1
1,0.9421833233321762,1,1
1,0.589162663745387,1,0
1,0.6111841162084268,1,0
1,0.8327119591666783,1,1
0,0.6265887225247441,1,0
1,0.710762131710441,1,1
0,0.7398399210765659,1,1
0,0.7136374210762649,1,1
1,0.7146988264464494,1,1
1,0.8605401582161635,1,1
1,0.7881908426827426,1,1
0,0.2854027800583247,0,0
1,0.8237219717083828,1,1
0,0.6146366190345093,1,0
0,0.5723602466896077,1,0
1,0.8025264376413415,1,1
1,0.6801618326065892,1,0
1,0.5680994836916633,1,0
0,0.24265105757636032,0,0
0,0.29881615894164826,0,0
1,0.6995495803000357,1,1
0,0.5687589033063634,1,0
0,0.7392647432891623,1,1
0,0.5680146902562357,1,0
0,0.7378623704670229,1,1
0,0.6092892999735371,1,0
0,0.6850622011926154,1,0
1,0.9204147986391065,1,1
1,0.8542975362818924,1,1
1,0.8985962641658326,1,1
1,0.34583729318157874,0,0
0,0.13772413857771376,0,0
0,0.4646564951202462,0,0
1,0.8491927822755762,1,1
1,0.8147095807210933,1,1
0,0.2982468571279927,0,0
0,0.7311881870726017,1,1
0,0.8204248144705047,1,1
1,0.8484830997978452,1,1
0,0.4676076096544223,0,0
1,0.5140298199403653,1,0
0,0.46666516569475935,0,0
0,0.43820217587997556,0,0
0,0.290317040225086,0,0
0,0.7308867200805257,1,1
1,0.3231191808445753,0,0
0,0.712091994643724,1,1
0,0.4205963917322047,0,0
0,0.5038070018518869,1,0
0,0.23166381797677973,0,0
0,0.2294168328889332,0,0
1,0.4994151858773891,0,0
0,0.18209607357803334,0,0
0,0.4793396635564268,0,0
1,0.6984233164194258,1,1
1,0.9035126491051316,1,1
0,0.6136002875616526,1,0
1,0.8363732503338517,1,1
1,0.7466000167388674,1,1
1,0.7486538927052744,1,1
1,0.6901340392716867,1,1
0,0.8688880869187627,1,1
1,0.8555000453234619,1,1
0,0.427898108162168,0,0
1,0.7773529925129051,1,1
1,0.8150135276342858,1,1
0,0.35701239732111656,0,0
0,0.36483118008346893,0,0
1,0.8609491862451185,1,1
0,0.36175882755394495,0,0
1,0.8982426487240336,1,1
1,0.9416086138982761,1,1
1,0.9089614526126352,1,1
0,0.8540846950561836,1,1
1,0.9041843556903205,1,1
1,0.8873994089396708,1,1
0,0.8971652673055104,1,1
0,0.787054492157705,1,1
0,0.4661951572015972,0,0
1,0.7326741040185949,1,1
0,0.21981517032946443,0,0
1,0.9179054989960834,1,1
0,0.6044877333044284,1,0
1,0.9141509722858481,1,1
1,0.8060981708127594,1,1
0,0.7067205964797514,1,1
0,0.08633486080932745,0,0
0,0.6546374111540882,1,0
1,0.6749897140932133,1,0
0,0.8646775224674548,1,1
1,0.5039476822571599,1,0
0,0.7728179944118969,1,1
0,0.8207038978043438,1,1
0,0.6338418545148804,1,0
0,0.951534979767466,1,1
1,0.8381009367968126,1,1
0,0.32331362194419333,0,0
0,0.7080911957857806,1,1
1,0.87404894401815,1,1
0,0.19165694966835353,0,0
0,0.17583271619300242,0,0
0,0.8063265792586584,1,1
0,0.17011564170975987,0,0
1,0.4253697225383032,0,0
0,0.31201541117704346,0,0
0,0.7093579620532122,1,1
1,0.9383870682053405,1,1
0,0.522523932122666,1,0
0,0.7888081728661238,1,1
0,0.5763823708411595,1,0
0,0.6641059132857514,1,0
1,0.9100677713070361,1,1
0,0.8330726918451609,1,1
0,0.5353433820863608,1,0
0,0.3226708949031056,0,0
1,0.891619400749589,1,1
1,0.9388560645534973,1,1
0,0.7738114211072915,1,1
0,0.340322838744421,0,0
1,0.6628025698708571,1,0
0,0.5598859091701873,1,0
0,0.2852269935458316,0,0
1,0.9036988694972181,1,1
0,0.8954639493284522,1,1
0,0.5002992164616209,1,0
0,0.80321853507244,1,1
0,0.379828822870699,0,0
1,0.9441013392641262,1,1
0,0.6201729583548219,1,0
0,0.5132263482010248,1,0
1,0.8755802604154009,1,1
0,0.6895808198751785,1,0
1,0.7437368996307967,1,1
1,0.7347115242163754,1,1
1,0.9173483605002637,1,1
1,0.7437173847160433,1,1
0,0.6130616956536556,1,0
0,0.24571721920345624,0,0
0,0.661336023920141,1,0
0,0.30112118382730085,0,0
1,0.8131919098825647,1,1
0,0.7685043414306102,1,1
0,0.2074295608420772,0,0
0,0.6663920722893454,1,0
0,0.175682634950707,0,0
0,0.37229665279594015,0,0
0,0.6021366410662605,1,0
0,0.5670881558915104,1,0
1,0.7486483444340092,1,1
0,0.7719856675046899,1,1
1,0.3799065780332941,0,0
0,0.9110436936534229,1,1
1,0.5713002350467593,1,0
1,0.7927657546537352,1,1
1,0.8837780625143289,1,1
1,0.8064427936277977,1,1
0,0.5114257274679335,1,0
1,0.42694882734482853,0,0
0,0.5813922736483538,1,0
0,0.42475021598098966,0,0
0,0.7082827931527823,1,1
0,0.22852237109443863,0,0
0,0.8504755069055144,1,1
0,0.6654492784552672,1,0
0,0.5816239172804512,1,0
1,0.47739668549107483,0,0
0,0.3693080206008433,0,0
0,0.8672927023909266,1,1
1,0.877825045597801,1,1
0,0.752500115791652,1,1
1,0.5130206333439024,1,0
0,0.6654745767644423,1,0
1,0.5851812528553185,1,0
1,0.8425772546525689,1,1
0,0.4740154959342162,0,0
1,0.8286178300134626,1,1
0,0.6405028158094136,1,0
0,0.8335401763294114,1,1
0,0.33909245727869297,0,0
0,0.7378886667376828,1,1
0,0.2730189473925068,0,0
0,0.3684285960456576,0,0
0,0.41188822729939656,0,0
1,0.8345081140168452,1,1
1,0.9400461076767851,1,1
1,0.9051587188262401,1,1
1,0.9543805205745581,1,1
1,0.7911177554195945,1,1
0,0.7282711079109304,1,1
1,0.7741434994908636,1,1
1,0.9145900435988903,1,1
0,0.8479064016992113,1,1
0,0.2556772763386764,0,0
0,0.21129650317634668,0,0
0,0.4695779618064911,0,0
0,0.3855017450805582,0,0
0,0.26683977362845823,0,0
1,0.6338153179937397,1,0
0,0.45655298203897837,0,0
0,0.16303093234564967,0,0
0,0.8113805462810976,1,1
0,0.57735433208376,1,0
0,0.35640756480682445,0,0
1,0.8205721772154787,1,1
0,0.7212353756637331,1,1
0,0.7454279961372094,1,1
0,0.6955036628725533,1,1
0,0.4443097512234535,0,0
0,0.3903083450126413,0,0
0,0.631766501743237,1,0
0,0.661954200565353,1,0
0,0.28368624659843666,0,0
1,0.9160240201870564,1,1
0,0.21811898728037063,0,0
0,0.7431201518658928,1,1
0,0.3944506460972132,0,0
1,0.7378791529723016,1,1
0,0.6936668886046565,1,1
1,0.8443880485714897,1,1
0,0.19309728510899765,0,0
0,0.7915360821138838,1,1
1,0.9223652587824347,1,1
1,0.7463246004776652,1,1
0,0.15851702660385067,0,0
1,0.891780531783399,1,1
1,0.8094801490406921,1,1
1,0.6039884545345999,1,0
0,0.7234215025850409,1,1
0,0.8252682386150928,1,1
0,0.8137304212588471,1,1
0,0.7497270308809468,1,1
0,0.7687017488621748,1,1
0,0.11814111576667177,0,0
0,0.440199239630107,0,0
0,0.8261545615318264,1,1
0,0.26930561394943686,0,0
0,0.9254048296127024,1,1
0,0.2863607703775244,0,0
1,0.8655115254969699,1,1
0,0.8277337651291022,1,1
0,0.3515996617170785,0,0
1,0.9519297616439963,1,1
0,0.7181741499214139,1,1
1,0.8954018902348231,1,1
0,0.8493558105224549,1,1
1,0.970980166746162,1,1
1,0.9262093250240154,1,1
0,0.3121172105880058,0,0
1,0.8368118709037697,1,1
0,0.27800432533511543,0,0
1,0.6721080100905169,1,0
1,0.8907647698196332,1,1
1,0.6930421701037883,1,1
0,0.4603417106459525,0,0
0,0.2436180934836827,0,0
0,0.6052897689970704,1,0
1,0.7291297398519386,1,1
0,0.5354312818479812,1,0
1,0.7971241864467925,1,1
0,0.679234314434576,1,0
0,0.4411547601108517,0,0
0,0.39437441286735103,0,0
1,0.590025619578061,1,0
0,0.35114902052595814,0,0
1,0.6035974059402983,1,0
1,0.9320341545790374,1,1
1,0.925457657466931,1,1
1,0.9202832381718877,1,1
0,0.1871775995566077,0,0
0,0.516826105703279,1,0
0,0.1345622843202218,0,0
0,0.163285337320729,0,0
1,0.680953620737389,1,0
0,0.918715847849634,1,1
0,0.4012771133826871,0,0
0,0.46997258799787234,0,0
1,0.44983693890385035,0,0
0,0.31346551795215616,0,0
1,0.6420534997380026,1,0
1,0.8334458221614215,1,1
0,0.3837429926198758,0,0
0,0.4798617993303187,0,0
0,0.5514983326879282,1,0
1,0.13388261087583334,0,0
1,0.7693491945250842,1,1
0,0.3674464559068653,0,0
1,0.8345087637079253,1,1
1,0.8086085237230096,1,1
1,0.9567368183749454,1,1
0,0.7867549545263779,1,1
1,0.9210568748199414,1,1
0,0.6120197238483263,1,0
1,0.735197541272035,1,1
0,0.6856869755366105,1,0
0,0.6979156989771583,1,1
0,0.4406401263796397,0,0
1,0.9145047120604676,1,1
1,0.5124026326388479,1,0
1,0.867698646132357,1,1
1,0.8880291697775514,1,1
0,0.5824011146304225,1,0
1,0.7492366579361756,1,1
0,0.5903845925704996,1,0
0,0.6459753738542929,1,0
1,0.8963185844150502,1,1
1,0.6451849694836087,1,0
1,0.6590326439294085,1,0
0,0.661251051841066,1,0
0,0.3998166877954782,0,0
1,0.7733045997095644,1,1
1,0.8700319428344451,1,1
0,0.8461640028898891,1,1
1,0.5044732882584428,1,0
0,0.7222559783640842,1,1
1,0.8344528813656896,1,1
0,0.5763665133185014,1,0
0,0.7648244406814413,1,1
0,0.853844847479718,1,1
0,0.47058953296263684,0,0
1,0.9170294066538496,1,1
1,0.812362176497671,1,1
0,0.12999338236469019,0,0
0,0.4560656033010254,0,0
0,0.6433407706038022,1,0
1,0.5625879099281914,1,0
0,0.517340118540216,1,0
0,0.5205111981101666,1,0
0,0.1832822009574603,0,0
1,0.6926786606075391,1,1
0,0.6898589485234744,1,0
0,0.4935092172673954,0,0
1,0.8425686286565207,1,1
1,0.8751726648990619,1,1
1,0.7042497016958643,1,1
0,0.8507202801812601,1,1
0,0.584883552532169,1,0
0,0.17161160166389436,0,0
1,0.6916700026867203,1,1
0,0.8533531450592798,1,1
0,0.22976764139143852,0,0
1,0.9062530649641438,1,1
1,0.7563915623273666,1,1
0,0.43296772915664933,0,0
0,0.6357638007592976,1,0
0,0.5532557297061684,1,0
1,0.4323676177282485,0,0
1,0.9376631976813482,1,1
0,0.5549707940066363,1,0
1,0.8919269899858395,1,1
1,0.7171594893434932,1,1
1,0.6580922812376955,1,0
1,0.9606469385747992,1,1
1,0.8763028995999256,1,1
1,0.7470439969692356,1,1
1,0.728216265444655,1,1
0,0.3351806920540425,0,0
0,0.33063994798107,0,0
1,0.8050161896501887,1,1
0,0.4547543658513447,0,0
0,0.7546358156363983,1,1
0,0.3917299813551371,0,0
0,0.46151557649007274,0,0
1,0.9022277263814441,1,1
0,0.8331237238923929,1,1
1,0.8584906648977135,1,1
1,0.8776093904150625,1,1
1,0.8399316170376107,1,1
0,0.646699377956874,1,0
0,0.664608150162855,1,0
0,0.8450843472924776,1,1
1,0.9485039907366576,1,1
1,0.9534662713820471,1,1
0,0.37791497965564336,0,0
1,0.8059823041272411,1,1
0,0.6149832878487175,1,0
1,0.6008681298137143,1,0
1,0.9240061678324376,1,1
0,0.9155232672826916,1,1
0,0.7051520144885911,1,1
0,0.27416648529188115,0,0
1,0.6640774917929856,1,0
0,0.9170692992028279,1,1
0,0.20824562368216223,0,0
0,0.9113413974786183,1,1
1,0.9225382475883467,1,1
0,0.5451361339511335,1,0
0,0.3044738444772158,0,0
1,0.9020398348310784,1,1
0,0.49683080918342687,0,0
1,0.8181545415785817,1,1
0,0.5734648891428084,1,0
0,0.6657701108743417,1,0
0,0.61498178111457,1,0
0,0.5082641789826524,1,0
1,0.9216523571932486,1,1
1,0.9286053257755231,1,1
0,0.6503552395530396,1,0
0,0.536625231628228,1,0
1,0.4065326937886308,0,0
1,0.6976099447578272,1,1
0,0.4554868364107618,0,0
1,0.8776377669093403,1,1
0,0.8474842414857345,1,1
0,0.7354338305829626,1,1
1,0.5133195638186672,1,0
0,0.4159198420297425,0,0
1,0.8850664261674807,1,1
1,0.7706611001199298,1,1
0,0.8960719509474864,1,1
0,0.38152101923661524,0,0
1,0.925453696082291,1,1
1,0.3887279972613903,0,0
0,0.6794500109418805,1,0
0,0.8255003087259782,1,1
1,0.6008458695495629,1,0
1,0.72307061172047,1,1
1,0.6630975703675148,1,0
0,0.13821033915311615,0,0
0,0.9224661892118736,1,1
1,0.9342261935945081,1,1
0,0.9151551479210486,1,1
0,0.41173229932894667,0,0
1,0.6363416856313764,1,0
0,0.6601657964228542,1,0
1,0.8701811536531319,1,1
1,0.6754486653317998,1,0
0,0.5121805635845542,1,0
0,0.37849148814984535,0,0
1,0.589503624358835,1,0
0,0.4336870201882216,0,0
0,0.5693219413001067,1,0
1,0.6797493038201151,1,0
1,0.4080959322401677,0,0
1,0.8182106460012096,1,1
0,0.3027873958664576,0,0
1,0.5682644764319527,1,0
0,0.8139391473970925,1,1
0,0.23872181586765182,0,0
1,0.8487525499616082,1,1
0,0.5600903254893406,1,0
0,0.5653399064929303,1,0
1,0.7669909051638905,1,1
0,0.7734705262189681,1,1
0,0.9185996445977587,1,1
0,0.48454690086538194,0,0
0,0.22891920516963624,0,0
0,0.5307527352514224,1,0
1,0.9220266900613044,1,1
1,0.539007777263083,1,0
0,0.2627742925745587,0,0
0,0.6077725445376253,1,0
0,0.733626636875525,1,1
0,0.4272001490436566,0,0
0,0.3410948948239606,0,0
0,0.4539270935377498,0,0
0,0.767840905527036,1,1
1,0.8474546777655211,1,1
1,0.5430512402810198,1,0
1,0.9419754027882326,1,1
0,0.2278440193396763,0,0
0,0.7656089761304604,1,1
0,0.7431454417902043,1,1
0,0.7339051192492491,1,1
0,0.21805322973380908,0,0
1,0.6935968525809888,1,1
0,0.43004304345463285,0,0
1,0.7554192864245995,1,1
0,0.7826070246250761,1,1
0,0.37779669095575535,0,0
0,0.38753576169471393,0,0
1,0.8904083505166625,1,1
0,0.5814064450246114,1,0
1,0.8037256199098972,1,1
0,0.3077527387339773,0,0
1,0.8251970473402852,1,1
0,0.34555871437431457,0,0
1,0.8935172404090489,1,1
1,0.9165135567588475,1,1
1,0.31992338268216725,0,0
0,0.20301733421504872,0,0
1,0.9555668531391515,1,1
1,0.8358311923014881,1,1
0,0.23650966503695328,0,0
0,0.26569367500157914,0,0
0,0.7058651175751031,1,1
0,0.8084286246733003,1,1
0,0.43165534915555753,0,0
1,0.7094537418785246,1,1
0,0.5530604467647163,1,0
0,0.1593918379544595,0,0
1,0.9301281124510852,1,1
0,0.36096199662584366,0,0
1,0.5600236528187047,1,0
1,0.5219157891398114,1,0
1,0.6569588565354487,1,0
0,0.4981811439973619,0,0
1,0.7974017667424423,1,1
0,0.8002534334461471,1,1
1,0.6851944134797859,1,0
0,0.6970061899144852,1,1
0,0.5755425699464455,1,0
0,0.517511525096421,1,0
0,0.17379648410950146,0,0
1,0.9499381958385634,1,1
0,0.8415547167988302,1,1
1,0.8074327325829117,1,1
0,0.70896251915084,1,1
0,0.896638096098731,1,1
0,0.5253583368769742,1,0
1,0.6923303139805436,1,1
0,0.620539108999919,1,0
0,0.3599531777211432,0,0
0,0.714406602341824,1,1
1,0.721573314469213,1,1
0,0.9124750146682902,1,1
0,0.7263110458450006,1,1
0,0.8308798455922825,1,1
0,0.2528211309582902,0,0
1,0.9533646616665037,1,1
1,0.9352364361444896,1,1
0,0.6427584926388985,1,0
0,0.5034361946960495,1,0
1,0.7757781719084861,1,1
0,0.521574791859713,1,0
1,0.8449625171334928,1,1
1,0.7410221905228808,1,1
0,0.39989238209868466,0,0
0,0.6511811905191709,1,0
1,0.17078932107705122,0,0
0,0.802953155275876,1,1
0,0.2407544524462066,0,0
0,0.587951768362608,1,0
0,0.2370852445399745,0,0
0,0.6104790149586001,1,0
0,0.8903176220328066,1,1
1,0.7267377815716797,1,1
0,0.576796963693582,1,0
1,0.813653290627792,1,1
0,0.19143059889906086,0,0
1,0.5892338478549527,1,0
1,0.9046843452748426,1,1
0,0.37899372526931085,0,0
1,0.8971319374376121,1,1
0,0.499005112748483,0,0
0,0.3560018483954615,0,0
1,0.8942344960188274,1,1
1,0.6920236373062018,1,1
0,0.650054129223118,1,0
0,0.31672747081465447,0,0
1,0.7973862467897719,1,1
0,0.7730847950098686,1,1
1,0.8118769045093945,1,1
1,0.4986850484465694,0,0
1,0.8012548282685872,1,1
1,0.6107333967493258,1,0
0,0.6774524834696033,1,0
0,0.8019529066449097,1,1
0,0.45427896628799735,0,0
1,0.5318576706764458,1,0
1,0.9038338137425672,1,1
1,0.9101857137441486,1,1
0,0.5926738623427709,1,0
0,0.41208134224582393,0,0
1,0.8358665676931903,1,1
0,0.21037334166696137,0,0
1,0.8663201562918023,1,1
0,0.7809990571909571,1,1
1,0.9202732884930175,1,1
0,0.6655535568434435,1,0
0,0.5718969929683556,1,0
0,0.5133151628060595,1,0
0,0.14076144583451283,0,0
1,0.928030130130266,1,1
0,0.624599894249023,1,0
1,0.7283334890617402,1,1
1,0.49476635699931154,0,0
0,0.9094446812643714,1,1
0,0.24231349770466912,0,0
0,0.8522961544101018,1,1
1,0.7116052987215808,1,1
1,0.5480701613810105,1,0
0,0.5443955713252286,1,0
0,0.6447700260798338,1,0
0,0.8423893642699359,1,1
0,0.7470048740936861,1,1
1,0.7022847419951965,1,1
0,0.7244485288697997,1,1
1,0.7541842451891746,1,1
1,0.880348711350632,1,1
1,0.24922914865368628,0,0
0,0.6099802631946257,1,0
1,0.8837486786311726,1,1
0,0.36069463091134324,0,0
0,0.8558361940226116,1,1
0,0.7357636921361556,1,1
1,0.3923455736246024,0,0
1,0.773841382662347,1,1
0,0.8468898573765082,1,1
0,0.28067719625414167,0,0
0,0.20097242087510492,0,0
0,0.8006564415208803,1,1
1,0.9105772482758298,1,1
0,0.23702564546586094,0,0
0,0.7123491316273528,1,1
0,0.4190631504018502,0,0
0,0.7240719379909764,1,1
1,0.8625233046357025,1,1
1,0.9242560288687686,1,1
0,0.31233605931013037,0,0
1,0.836824005441989,1,1
1,0.27089292632031753,0,0
1,0.8959637640902024,1,1
0,0.3881740830835554,0,0
0,0.8572524654204763,1,1
1,0.6827224095878843,1,0
0,0.1973603059073351,0,0
0,0.42954592866727376,0,0
1,0.7125852402286053,1,1
0,0.4405743804133456,0,0
0,0.5444731021204398,1,0
0,0.40303292895786225,0,0
0,0.6104657130306683,1,0
1,0.7408141896457213,1,1
0,0.2641272068420378,0,0
0,0.27793365184965535,0,0
0,0.45686012327066905,0,0
1,0.881227004734271,1,1
1,0.9374974723884901,1,1
0,0.7718843091574387,1,1
1,0.6609410179401776,1,0
0,0.539847960019414,1,0
0,0.3064180644020527,0,0
1,0.893032164432092,1,1
0,0.6648222332286821,1,0
1,0.9086661432593429,1,1
1,0.9502055078395749,1,1
1,0.7855608580355707,1,1
0,0.19144683758086387,0,0
1,0.21152857384942605,0,0
0,0.1488882014325179,0,0
1,0.8220256943054287,1,1
1,0.46720331147765526,0,0
0,0.40648784396625476,0,0
1,0.9159245790358098,1,1
0,0.6958975405364021,1,1
1,0.9172794652477164,1,1
0,0.35352181616688183,0,0
1,0.7045445100505756,1,1
0,0.8526237950719051,1,1
0,0.9481382143764745,1,1
0,0.3773306083408178,0,0
1,0.7392515334072457,1,1
0,0.35270668433046354,0,0
1,0.9132641855296079,1,1
0,0.4009984398963286,0,0
1,0.7725733877992179,1,1
0,0.1046621642525439,0,0
0,0.3296262267088183,0,0
0,0.2850441986424683,0,0
0,0.5455278229759861,1,0
0,0.675893572186918,1,0
0,0.12896037197662966,0,0
0,0.576437176495959,1,0
0,0.7212513430691276,1,1
0,0.6999035749352646,1,1
1,0.8056139178781994,1,1
1,0.9619483384267706,1,1
0,0.3918445972534633,0,0
1,0.8901447675935912,1,1
0,0.5644148823424544,1,0
1,0.9025934328312649,1,1
0,0.7931394296864515,1,1
0,0.6653022262180904,1,0
1,0.8225109636017277,1,1
0,0.7679634303688696,1,1
0,0.7689826354889342,1,1
1,0.9544932958719214,1,1
1,0.8654312756127696,1,1
1,0.8155855836492567,1,1
0,0.6267194721521002,1,0
0,0.48896446708969477,0,0
0,0.2698538427491888,0,0
0,0.8185496797994538,1,1
1,0.699322093331143,1,1
0,0.560686591085282,1,0
0,0.2714609116087752,0,0
1,0.49620751179522266,0,0
0,0.13849734633107863,0,0
0,0.15657751698651245,0,0
1,0.8469223819221997,1,1
0,0.3914518385384131,0,0
0,0.7322016475603921,1,1
0,0.6880250950276667,1,0
0,0.7488941105479398,1,1
0,0.6862697469263147,1,0
0,0.8333442504358493,1,1
1,0.9529279851516234,1,1
1,0.593502420429462,1,0
0,0.6291812835101903,1,0
0,0.727544320725712,1,1
1,0.8147719853449468,1,1
0,0.20743856455529336,0,0
0,0.7518799609873098,1,1
1,0.9313615940451488,1,1
0,0.5080786375145118,1,0
1,0.8071405263434516,1,1
0,0.17977132411665467,0,0
0,0.673591247787607,1,0
0,0.816121054470454,1,1
1,0.6875752371459176,1,0
0,0.7903873537477784,1,1
0,0.5647003798537582,1,0
0,0.8156193942266701,1,1
0,0.581018490655879,1,0
0,0.22228256239840857,0,0
1,0.905403176388499,1,1
1,0.8563312194592144,1,1
0,0.8983594325132834,1,1
0,0.8134253902437362,1,1
1,0.9226962350880046,1,1
0,0.6776712611597439,1,0
1,0.961784483654363,1,1
0,0.6280150796908776,1,0
0,0.6206164817158184,1,0
1,0.7003543719666478,1,1
1,0.831763849024248,1,1
1,0.3145892294854401,0,0
1,0.7724816780817453,1,1
1,0.5973482708954212,1,0
1,0.6836248110081306,1,0
0,0.24267660317599218,0,0
1,0.8946124414312308,1,1
1,0.7801474122425619,1,1
0,0.9370434378147237,1,1
0,0.45516372522567605,0,0
0,0.281581282397629,0,0
1,0.34423098870357144,0,0
1,0.8823675721390783,1,1
1,0.8780083684389179,1,1
1,0.8608730045030564,1,1
0,0.720270706669553,1,1
1,0.9173466346923131,1,1
1,0.7822071078562731,1,1
0,0.6677642278714212,1,0
0,0.6005996396486202,1,0
0,0.5225378621440222,1,0
0,0.8509626287609698,1,1
0,0.6525292382107277,1,0
0,0.20828912732462446,0,0
0,0.42953769354715876,0,0
0,0.7339656868750839,1,1
1,0.8002261088079238,1,1
0,0.4391621684559251,0,0
0,0.3965750747323136,0,0
1,0.9220853822988073,1,1
1,0.7328047576530412,1,1
0,0.6673808935641193,1,0
0,0.5361241950434034,1,0
0,0.917139130281668,1,1
1,0.7645654413393685,1,1
0,0.18206697474264816,0,0
0,0.41193542299760977,0,0
1,0.547494481724671,1,0
0,0.8862427517617378,1,1
1,0.9042868405139166,1,1
0,0.6488494549346518,1,0
0,0.7456260645126928,1,1
0,0.9148665977264551,1,1
0,0.657397684128607,1,0
0,0.48656589299517305,0,0
0,0.8956291007144983,1,1
1,0.7175295488223116,1,1
0,0.20149829159716154,0,0
0,0.3174552556674286,0,0
1,0.6951558692184902,1,1
0,0.6030980763856297,1,0
0,0.09544727535595796,0,0
0,0.5029928233446624,1,0
0,0.6550606800954784,1,0
0,0.4573662443786679,0,0
0,0.8561552753319306,1,1
0,0.33123043927752743,0,0
1,0.5840894138603655,1,0
1,0.8125731798848423,1,1
1,0.9150274728255561,1,1
0,0.5131368778557629,1,0
0,0.1836328270457625,0,0
0,0.5552699307181539,1,0
0,0.8037342925896812,1,1
1,0.8465170781018673,1,1
0,0.399737693533001,0,0
0,0.776561318367075,1,1
0,0.7849243104277072,1,1
0,0.6213821707519551,1,0
0,0.41069944165612,0,0
1,0.6277679223760136,1,0
0,0.20413695933586176,0,0
0,0.8436508216171132,1,1
0,0.3030918733634196,0,0
1,0.9217973025302528,1,1
1,0.9128707170513364,1,1
0,0.186594922045771,0,0
1,0.8152394151817859,1,1
1,0.4906863645182952,0,0
1,0.9114266550825684,1,1
0,0.7517493436945617,1,1
1,0.9319919840566082,1,1
1,0.8090513104094436,1,1
0,0.5768300251712256,1,0
1,0.47897123206577025,0,0
0,0.25290550469759887,0,0
1,0.9349484916166001,1,1
1,0.8517400749849253,1,1
0,0.18024040750449716,0,0
0,0.5521850771120328,1,0
0,0.7851036041479559,1,1
0,0.8976033262658322,1,1
1,0.8005839316475396,1,1
0,0.47295553342006963,0,0
1,0.8848405935214915,1,1
0,0.6783951917298949,1,0
1,0.9314148125388653,1,1
0,0.6067974963632308,1,0
1,0.8474997788415118,1,1
1,0.928526680037801,1,1
0,0.36099051644885377,0,0
0,0.6997526085130287,1,1
0,0.5023077892528891,1,0
0,0.19455716669791395,0,0
0,0.5385682814794067,1,0
0,0.9262114891972215,1,1
0,0.5882627512037558,1,0
0,0.5161797127538916,1,0
0,0.7413281112930572,1,1
1,0.8218675655948865,1,1
0,0.7681756386092341,1,1
0,0.7002324269752,1,1
1,0.8520486814994355,1,1
1,0.8800053770494511,1,1
0,0.9357284990845833,1,1
0,0.7465902410981703,1,1
1,0.7812277716491688,1,1
1,0.8952765842427937,1,1
0,0.7987952253966442,1,1
0,0.8076383916369897,1,1
0,0.3652918042942128,0,0
0,0.6867248249471838,1,0
1,0.6982050737775392,1,1
0,0.5985780035633043,1,0
1,0.8507274214077231,1,1
0,0.28698465260365175,0,0
1,0.8052469177452717,1,1
1,0.27961630305893476,0,0
0,0.3002388227085888,0,0
1,0.9163842918138663,1,1
0,0.7188154781067889,1,1
1,0.7515322140505986,1,1
1,0.8680953369455188,1,1
1,0.7294279611378235,1,1
1,0.9755000991319233,1,1
0,0.33770324537933527,0,0
1,0.9571973729365206,1,1
0,0.2853993607061656,0,0
0,0.8055901689439887,1,1
1,0.8161555016656632,1,1
0,0.16611440731046065,0,0
0,0.2144908310640197,0,0
0,0.8471170348516863,1,1
1,0.8861194340082909,1,1
1,0.8378153454544467,1,1
0,0.9154015524771362,1,1
0,0.4125259902733199,0,0
0,0.8702247813723042,1,1
0,0.8850031352102542,1,1
0,0.45736611636371166,0,0
1,0.9233771168552979,1,1
1,0.8525228235107101,1,1
0,0.5156247711580025,1,0
0,0.17479412696881486,0,0
0,0.8505279075132165,1,1
0,0.5925035528041336,1,0
0,0.8906877515212923,1,1
1,0.8257257467210591,1,1
0,0.5735349892639452,1,0
0,0.8075506397374436,1,1
1,0.9159410196319012,1,1
0,0.8251532572116532,1,1
0,0.30809356513831926,0,0
1,0.9268129042531801,1,1
1,0.8414451010876053,1,1
1,0.7826951153735323,1,1
1,0.7772970092342253,1,1
0,0.3151854311034706,0,0
0,0.9365721241579018,1,1
0,0.39480617731288065,0,0
0,0.45071261612796126,0,0
0,0.4031787685753048,0,0
1,0.6472377683586968,1,0
0,0.39644609009180243,0,0
0,0.639244371362775,1,0
1,0.8290227355108242,1,1
0,0.5601130792637273,1,0
0,0.2013242843851569,0,0
1,0.7885862062405045,1,1
0,0.4405719179723286,0,0
0,0.6171814110902623,1,0
0,0.7331210082193316,1,1
0,0.8657796398099836,1,1
1,0.5022337651126402,1,0
0,0.3795517610516665,0,0
1,0.8881698119845449,1,1
0,0.29588092802400734,0,0
0,0.7573880961989539,1,1
1,0.8488742830716169,1,1
0,0.36120359756132864,0,0
0,0.4953266839691678,0,0
0,0.6011524222569948,1,0
1,0.3621688159585738,0,0
1,0.8947635617129752,1,1
1,0.9288218725519483,1,1
0,0.516296808048202,1,0
0,0.3033507994910805,0,0
0,0.614368239126806,1,0
1,0.9042090508370166,1,1
0,0.6440066177390293,1,0
0,0.2983316295939434,0,0
1,0.5239716939992946,1,0
0,0.38784862050330854,0,0
1,0.6600862260322814,1,0
0,0.5713476406524367,1,0
0,0.12601767675742195,0,0
1,0.8158646585664464,1,1
0,0.8093952594223425,1,1
0,0.22228419702110314,0,0
0,0.14135721057738396,0,0
1,0.7609757089258561,1,1
1,0.8326434742177098,1,1
0,0.28977887056036283,0,0
0,0.59287102575766,1,0
1,0.812604196830965,1,1
1,0.8308462565769147,1,1
1,0.6572070205547831,1,0
0,0.11106878886650563,0,0
1,0.9062381802176157,1,1
1,0.46802105278366674,0,0
1,0.8613683668375529,1,1
0,0.3384776477191578,0,0
1,0.26687282946324953,0,0
0,0.6507105417724179,1,0
0,0.4581725093022334,0,0
0,0.3803472261878987,0,0
1,0.6872836207764812,1,0
0,0.7048727332328163,1,1
1,0.5606440636640904,1,0
0,0.7108432067173002,1,1
0,0.8477838883544945,1,1
0,0.3007631424622046,0,0
1,0.6434842522782365,1,0
0,0.5441585451365224,1,0
1,0.7981794791698226,1,1
0,0.5874545396230002,1,0
0,0.6490084286252972,1,0
0,0.8929239193851838,1,1
0,0.5600669958540726,1,0
0,0.6442456932436912,1,0
0,0.6993565187697741,1,1
0,0.33974694836098457,0,0
1,0.6932429954475289,1,1
1,0.6071028588290177,1,0
0,0.3082236819140494,0,0
0,0.31406672974167865,0,0
0,0.5370138624993825,1,0
0,0.4585147624113662,0,0
0,0.2103400153581094,0,0
1,0.7914947889824504,1,1
0,0.76479457564682,1,1
0,0.8141833581963515,1,1
0,0.7459582903291009,1,1
1,0.9025840254715115,1,1
0,0.7883759132131917,1,1
0,0.6548448757932391,1,0
1,0.6704199465549149,1,0
0,0.7957689771467926,1,1
0,0.6255419942689852,1,0
1,0.9175183427164193,1,1
0,0.5305454119969616,1,0
1,0.7810608841740122,1,1
0,0.32121203117656577,0,0
1,0.9087813202492966,1,1
0,0.4933890663946494,0,0
0,0.7261779889233705,1,1
1,0.8938490028587746,1,1
0,0.6835174203007219,1,0
0,0.7798689556364828,1,1
0,0.20639336549296028,0,0
0,0.45687084173659753,0,0
1,0.8365148247340856,1,1
0,0.6211406670500185,1,0
1,0.4617420512671919,0,0
1,0.8748379771204944,1,1
0,0.5137951779601775,1,0
0,0.6094123962217598,1,0
0,0.6539286752497427,1,0
1,0.8574863244514108,1,1
0,0.8740320834113762,1,1
0,0.6149917073394892,1,0
0,0.21042776726630757,0,0
0,0.3082988126007581,0,0
1,0.8400192859961618,1,1
0,0.7729859654386307,1,1
0,0.463853645237419,0,0
1,0.9415778565320557,1,1
1,0.7468541385746501,1,1
0,0.8648440375426384,1,1
0,0.2615985381287179,0,0
0,0.14145562351683066,0,0
0,0.9439582020123728,1,1
0,0.7337208856796283,1,1
1,0.941122830927919,1,1
1,0.903685679131471,1,1
0,0.5396371495809855,1,0
0,0.35508646114406445,0,0
0,0.4637550347908071,0,0
0,0.20557120617674313,0,0
1,0.9252260765916968,1,1
0,0.20154682991853945,0,0
0,0.20489516408745287,0,0
1,0.5176516611950694,1,0
0,0.43524125493444665,0,0
0,0.3034909597986006,0,0
1,0.5815086428623174,1,0
1,0.9160902382451362,1,1
0,0.4574874103517627,0,0
0,0.8528642443137698,1,1
0,0.4942139968503959,0,0
1,0.8987995472957816,1,1
0,0.6708417414998327,1,0
0,0.45015056753792404,0,0
1,0.8115238922472678,1,1
1,0.8603857608975178,1,1
0,0.49236409637978046,0,0
0,0.6585332819632289,1,0
0,0.270649402692727,0,0
0,0.2058253208019382,0,0
0,0.30008839075357535,0,0
1,0.7471105332051905,1,1
0,0.6705583287024086,1,0
1,0.9581548513921156,1,1
0,0.4695608228543517,0,0
0,0.912216847047309,1,1
0,0.22124133068312504,0,0
1,0.9305282775021125,1,1
0,0.5281528668106769,1,0
0,0.1264874015977732,0,0
0,0.4261701221505466,0,0
0,0.7613557488422648,1,1
0,0.6785141007334438,1,0
1,0.8831924308612408,1,1
0,0.6770820908867151,1,0
1,0.7839617657587638,1,1
0,0.30407766958718396,0,0
0,0.25604901598690855,0,0
1,0.7841690427224817,1,1
0,0.28534102990698873,0,0
0,0.8641772431663662,1,1
1,0.6558326461194314,1,0
1,0.7723803744021893,1,1
1,0.24907611174908934,0,0
1,0.44063616563196684,0,0
1,0.5554621609958748,1,0
0,0.37333119377793894,0,0
0,0.529490149817217,1,0
0,0.19568866022150022,0,0
0,0.5661960306013617,1,0
0,0.9444386007218547,1,1
0,0.5402480804995156,1,0
0,0.46214498786166974,0,0
0,0.9111979941339615,1,1
0,0.2175177679747976,0,0
1,0.9282785833547699,1,1
1,0.8872336166089071,1,1
0,0.2667038121268657,0,0
0,0.5364193218429567,1,0
1,0.8971381370481983,1,1
1,0.79006708444173,1,1
0,0.4566028437984496,0,0
0,0.14349280533174347,0,0
0,0.6749479929411447,1,0
1,0.8984015010676072,1,1
1,0.903764693022788,1,1
0,0.7453883329660973,1,1
0,0.6156895833037099,1,0
1,0.803632966109959,1,1
0,0.3030596428776462,0,0
0,0.5247559765106464,1,0
0,0.3836454004111895,0,0
0,0.3227343670501845,0,0
0,0.909386545832403,1,1
0,0.3926252253799012,0,0
0,0.7646048157021287,1,1
0,0.9565042166363794,1,1
0,0.13357257662928002,0,0
1,0.849996381742818,1,1
1,0.749133104306563,1,1
1,0.9350142412902894,1,1
0,0.41730464524031047,0,0
1,0.9470241815646971,1,1
1,0.8973183089637116,1,1
0,0.5016762004774074,1,0
0,0.4109508827328832,0,0
0,0.4939163281457571,0,0
0,0.8439761497055678,1,1
0,0.38107234228610704,0,0
0,0.69131545392194,1,1
0,0.5688159640550725,1,0
1,0.2752624219530481,0,0
0,0.7613511646126225,1,1
1,0.7623472404205169,1,1
1,0.9458940933388945,1,1
0,0.13089186869613373,0,0
1,0.7153736992803512,1,1
0,0.44482653941730416,0,0
1,0.8194893565487645,1,1
0,0.6959973815589297,1,1
0,0.42855074360582246,0,0
0,0.30106816123094055,0,0
0,0.4811655778155433,0,0
0,0.19733014204124483,0,0
0,0.656566447737282,1,0
1,0.3317360472204626,0,0
0,0.4111212671619349,0,0
0,0.5447330831698655,1,0
1,0.9425155554173394,1,1
1,0.7801429775016884,1,1
0,0.7054839642017996,1,1
0,0.6762174066055111,1,0
0,0.5179036784780651,1,0
0,0.44456209456186924,0,0
1,0.724114897032953,1,1
1,0.8169669633014519,1,1
0,0.843451939627103,1,1
1,0.8269476887049116,1,1
0,0.40702256004208204,0,0
0,0.1566021930595242,0,0
0,0.25456373996477405,0,0
1,0.49704291037722664,0,0
0,0.23030192396558058,0,0
1,0.8420917900276476,1,1
1,0.3076661898582919,0,0
0,0.34200686925433965,0,0
1,0.871914954856267,1,1
1,0.9529001276474866,1,1
1,0.6080198900302468,1,0
0,0.7315025377747478,1,1
0,0.3209502246546998,0,0
0,0.4397857610141829,0,0
0,0.7427848395319593,1,1
1,0.6091684241148472,1,0
1,0.5779752185840124,1,0
1,0.8763140607855241,1,1
0,0.593036211095889,1,0
1,0.8970406785464029,1,1
1,0.2579584389314701,0,0
1,0.9063364554393454,1,1
1,0.8504098263924419,1,1
1,0.7252308234218793,1,1
0,0.5990140128774699,1,0
1,0.6142596690919928,1,0
0,0.7209497426090414,1,1
0,0.8465627823304452,1,1
1,0.8622079475653154,1,1
0,0.9304905042386561,1,1
0,0.361919695959877,0,0
0,0.3991718569370519,0,0
1,0.8604814931367178,1,1
0,0.31764824017133575,0,0
0,0.7407677852941716,1,1
1,0.8559034579959606,1,1
0,0.6850732747354885,1,0
0,0.9095206867746953,1,1
1,0.6978847343502074,1,1
0,0.1908261692243137,0,0
0,0.8882070009981567,1,1
1,0.8698315792435122,1,1
1,0.5971554418823385,1,0
0,0.7011872047312182,1,1
0,0.48857708081098455,0,0
0,0.2844288883500349,0,0
0,0.8102548641584282,1,1
0,0.40304342618392386,0,0
0,0.8290365099050704,1,1
1,0.6396059252129934,1,0
1,0.9614827710678379,1,1
0,0.48578227031490784,0,0
1,0.6085411448368147,1,0
0,0.9531320259365627,1,1
0,0.227817717678079,0,0
0,0.868435349942497,1,1
0,0.18314745557364473,0,0
1,0.8598658691217994,1,1
0,0.6059884368619254,1,0
1,0.9277803078841439,1,1
0,0.760789227587289,1,1
1,0.7688842652886387,1,1
0,0.40763570922865017,0,0
0,0.42462931495401646,0,0
0,0.2998902850102442,0,0
0,0.9401468432154305,1,1
0,0.29449530201958707,0,0
0,0.3674102464148592,0,0
0,0.1420182412083763,0,0
0,0.584680177399166,1,0
0,0.7132483478589486,1,1
1,0.7312807852060884,1,1
0,0.22544333221747498,0,0
1,0.9346906209008237,1,1
1,0.8816346270768761,1,1
1,0.8903582510569304,1,1
0,0.9294654086172865,1,1
1,0.9295987140386517,1,1
0,0.8889295199957666,1,1
0,0.34644023006309255,0,0
1,0.8926138620712315,1,1
0,0.4639520151079042,0,0
0,0.36491157943394464,0,0
1,0.773711156055212,1,1
0,0.25136091135569355,0,0
0,0.6703274019802008,1,0
0,0.5740680070620662,1,0
1,0.5556951756712346,1,0
0,0.3269674918103839,0,0
1,0.7912521152534018,1,1
0,0.6018119472138405,1,0
1,0.6323727643122345,1,0
0,0.5031468396619886,1,0
1,0.8654341585608577,1,1
0,0.2603299991383154,0,0
0,0.5838859936882621,1,0
0,0.8638529567421607,1,1
0,0.5641189737903152,1,0
0,0.8779574100619364,1,1
0,0.5275891262976923,1,0
1,0.9189070850219649,1,1
0,0.3243013677702346,0,0
1,0.863256874486381,1,1
0,0.5924916928683411,1,0
0,0.40759683836091315,0,0
1,0.8622729863189491,1,1
1,0.8182768390834109,1,1
0,0.5648679925271322,1,0
0,0.22457729277067776,0,0
0,0.20987119611035165,0,0
0,0.49027467766718696,0,0
0,0.431207915465053,0,0
1,0.8990808045173196,1,1
0,0.6009707366474177,1,0
0,0.6187985791007132,1,0
1,0.8775863635658345,1,1
0,0.2066558779284194,0,0
1,0.8994516951778411,1,1
1,0.8819625795431628,1,1
0,0.20407282250504877,0,0
1,0.7897478579490926,1,1
1,0.79573394272476,1,1
0,0.1835412477409179,0,0
1,0.9112091476369384,1,1
1,0.5100757827480319,1,0
1,0.20488947944456493,0,0
0,0.7999446496383944,1,1
1,0.890534398991942,1,1
0,0.7064492297072279,1,1
1,0.7735043751556933,1,1
0,0.9290860292574761,1,1
0,0.817644698751532,1,1
0,0.9095917599313518,1,1
0,0.8196642512847637,1,1
1,0.8760701319820172,1,1
1,0.8576414251078779,1,1
0,0.1779566440973238,0,0
0,0.6258303162698592,1,0
1,0.9323522976660562,1,1
1,0.9280786152953193,1,1
0,0.3583440140468253,0,0
1,0.5147443550586656,1,0
1,0.7224292510465319,1,1
0,0.7116491118875629,1,1
0,0.3904994213542597,0,0
0,0.6394561672871129,1,0
0,0.19750050709359657,0,0
0,0.781289241321914,1,1
1,0.7551148785283686,1,1
1,0.8295486317611118,1,1
0,0.19715340416074856,0,0
0,0.47903592434919473,0,0
0,0.7017049395656252,1,1
0,0.27564853893986446,0,0
0,0.8413718258029923,1,1
0,0.2669847589880673,0,0
0,0.2714432448679536,0,0
1,0.8867000003940376,1,1
0,0.7663827637822497,1,1
0,0.8949657060983756,1,1
1,0.8282740438583074,1,1
1,0.8641343283397723,1,1
1,0.5316255383097928,1,0
0,0.7543033191315475,1,1
0,0.4452385930911312,0,0
1,0.857382089491073,1,1
0,0.5343266391414961,1,0
1,0.7011719349209229,1,1
0,0.8211363954923186,1,1
0,0.7455358680195789,1,1
1,0.6084076315184483,1,0
0,0.5465461171071159,1,0
0,0.4832666954736245,0,0
0,0.6477230450869097,1,0
0,0.3959970314464412,0,0
0,0.7369377948751656,1,1
0,0.8010224293154468,1,1
1,0.9072765424404571,1,1
0,0.18314745557364473,0,0
1,0.7091403675293242,1,1
1,0.8717415431497454,1,1
0,0.601832399254801,1,0
0,0.9086283834941927,1,1
0,0.4350915036095572,0,0
0,0.8181139162186252,1,1
1,0.9245489334119946,1,1
1,0.8199054347694965,1,1
1,0.8172026219455364,1,1
0,0.5088258634060081,1,0
1,0.9333814869550726,1,1
1,0.889970414911516,1,1
0,0.5777068615076145,1,0
1,0.6714379742326959,1,0
0,0.5061432664433594,1,0
0,0.4136077234438771,0,0
1,0.7935647758523429,1,1
1,0.6389474823372239,1,0
0,0.15504766082935378,0,0
0,0.8456460779291096,1,1
1,0.841821663969644,1,1
1,0.8967954495588488,1,1
0,0.42966582958037336,0,0
0,0.9069659331037468,1,1
0,0.9273122947396207,1,1
1,0.386478122505073,0,0
0,0.1690352500377356,0,0
0,0.8428074799873432,1,1
0,0.19818521312429374,0,0
0,0.6939084988111774,1,1
0,0.19946620691408537,0,0
1,0.6248980967087931,1,0
1,0.611822136210246,1,0
0,0.37402079469408284,0,0
0,0.8713251040861657,1,1
0,0.4956696810971103,0,0
0,0.20616712280477417,0,0
1,0.6690342557406886,1,0
1,0.8786800454404794,1,1
0,0.1297885918857204,0,0
0,0.7067082343367969,1,1
0,0.3185456630625326,0,0
1,0.6529094949072688,1,0
1,0.6986316607801987,1,1
0,0.7356079860304782,1,1
0,0.6038699760300047,1,0
1,0.7128697803532025,1,1
0,0.776061770358399,1,1
0,0.5817729046496181,1,0
0,0.5529590036420501,1,0
1,0.8162473964347743,1,1
0,0.25455618901897054,0,0
0,0.7224294640252935,1,1
1,0.24923340421861728,0,0
0,0.8961415398038695,1,1
1,0.7362281519342556,1,1
0,0.3433978400798952,0,0
0,0.5663886116030303,1,0
1,0.5115082496411313,1,0
0,0.5914407344810687,1,0
0,0.5711303555625643,1,0
0,0.9109812226225665,1,1
0,0.6607236992669856,1,0
0,0.7888734829167017,1,1
0,0.7194012314237378,1,1
1,0.750291542454716,1,1
1,0.8504197893942751,1,1
0,0.48852561901155045,0,0
1,0.6690325333915573,1,0
0,0.9307873656692907,1,1
0,0.6261614827250839,1,0
0,0.30270608707288393,0,0
1,0.6345524527289244,1,0
1,0.8689851998096406,1,1
1,0.9196407670625657,1,1
1,0.8684101471066126,1,1
1,0.7212478532511487,1,1
0,0.24686087712111873,0,0
0,0.5262750610181389,1,0
1,0.9145725383225225,1,1
0,0.4603417106459525,0,0
1,0.44606993041216386,0,0
1,0.909005287806665,1,1
1,0.8595564704862018,1,1
0,0.17510577138218003,0,0
0,0.23398789531622063,0,0
0,0.8719441287384099,1,1
0,0.44203594327945495,0,0
0,0.3429859773923597,0,0
1,0.8741100601200283,1,1
0,0.5815650978453462,1,0
1,0.8219246423999989,1,1
0,0.46622910716142046,0,0
1,0.8739744671169012,1,1
0,0.6191051315797903,1,0
0,0.23988796250809807,0,0
1,0.9198232370937371,1,1
1,0.5410313712562337,1,0
1,0.6377976129485425,1,0
0,0.9145337970696998,1,1
1,0.9216481129396262,1,1
1,0.8581655888880101,1,1
0,0.7713033441973721,1,1
1,0.7892392088288449,1,1
0,0.8679389374106451,1,1
1,0.8195677761602868,1,1
0,0.5877930703584311,1,0
0,0.7070263844859667,1,1
1,0.5855699570861064,1,0
1,0.9487216248332799,1,1
1,0.816950282336318,1,1
1,0.6684869913678209,1,0
0,0.3214590937535306,0,0
0,0.7787495827043367,1,1
0,0.5348685042932944,1,0
0,0.5758977131618473,1,0
0,0.19712678138629444,0,0
1,0.8885100709178975,1,1
1,0.7006782773697428,1,1
1,0.9201416555928138,1,1
0,0.38864199306193287,0,0
1,0.8588322721420438,1,1
1,0.8945836449149587,1,1
1,0.869858524726829,1,1
0,0.8675101783496991,1,1
0,0.8760224278936535,1,1
0,0.13566774015378577,0,0
0,0.7232136043729903,1,1
1,0.7238988138507279,1,1
1,0.4834042672738304,0,0
0,0.5039885961885806,1,0
0,0.6889918511216048,1,0
1,0.49445608790972156,0,0
1,0.10414025955771532,0,0
0,0.7200239588600302,1,1
0,0.5207100394561694,1,0
0,0.39016478926910764,0,0
1,0.9479324684741429,1,1
0,0.5906654177849009,1,0
1,0.7830404512024859,1,1
1,0.7967971079682105,1,1
0,0.47705749663867447,0,0
0,0.7362562042768265,1,1
0,0.6394574765847001,1,0
0,0.7834518174660834,1,1
0,0.5901755536770169,1,0
1,0.9145466051427854,1,1
1,0.8609143491757669,1,1
0,0.7239859112113262,1,1
1,0.9203909974898872,1,1
0,0.6279237796487839,1,0
1,0.675506416417385,1,0
0,0.2622374455461798,0,0
1,0.8907903358973793,1,1
1,0.8601753454971778,1,1
0,0.3360323496289231,0,0
1,0.9032483488303192,1,1
0,0.3332705252997569,0,0
1,0.6296707586843848,1,0
1,0.6693185576629956,1,0
0,0.6030093495994074,1,0
1,0.6930365176590336,1,1
1,0.8651559768664631,1,1
0,0.3625782200364221,0,0
0,0.8425997512526459,1,1
0,0.4867463582074369,0,0
1,0.6437520580752238,1,0
1,0.704202089060426,1,1
0,0.5585982113962195,1,0
0,0.38176974599305147,0,0
1,0.6980966262264403,1,1
0,0.5453943077020242,1,0
0,0.28438661541476323,0,0
1,0.8128729812193716,1,1
1,0.8621984288599448,1,1
0,0.60792348724022,1,0
1,0.7884880182321559,1,1
1,0.8285697799795614,1,1
0,0.404389728987131,0,0
0,0.49316724479029544,0,0
1,0.8789160015418525,1,1
0,0.2903725325755756,0,0
0,0.4158438473534124,0,0
0,0.7968665491440251,1,1
1,0.9357595895283808,1,1
1,0.44726893190795464,0,0
0,0.5050088054198709,1,0
1,0.8532020941055427,1,1
1,0.9296019485717434,1,1
0,0.8520145650050465,1,1
0,0.33850682333293236,0,0
1,0.43130140866244177,0,0
0,0.15168965377146706,0,0
1,0.9059376266756294,1,1
0,0.4964834010064923,0,0
0,0.3759854592824198,0,0
1,0.7469039279515202,1,1
0,0.7361959384796255,1,1
0,0.5904912549973839,1,0
0,0.5432193851516538,1,0
0,0.3551078856662186,0,0
1,0.3347486914129823,0,0
1,0.6769009014921729,1,0
1,0.6771949612410735,1,0
0,0.619949690734732,1,0
0,0.8245017302326695,1,1
0,0.7333710590113801,1,1
0,0.3251082480191345,0,0
1,0.9185592829260143,1,1
1,0.8947805286188956,1,1
0,0.5390993239051506,1,0
0,0.22532639182140127,0,0
1,0.876974771702526,1,1
1,0.789888786827261,1,1
0,0.37586433576690853,0,0
0,0.7028971634186129,1,1
0,0.6970779772846273,1,1
0,0.8541517725850641,1,1
0,0.14229144274844,0,0
1,0.8393470401673495,1,1
0,0.25727880778275986,0,0
1,0.32528044255022465,0,0
1,0.6410621571143009,1,0
1,0.9090649935406866,1,1
0,0.46123383210827845,0,0
0,0.6755460119198174,1,0
1,0.9177846546994699,1,1
0,0.24670391718777665,0,0
1,0.22538666908149585,0,0
0,0.14947325061769007,0,0
1,0.745191868102412,1,1
0,0.383149091479734,0,0
0,0.8000965434392147,1,1
0,0.3960916094519126,0,0
1,0.8686824856077742,1,1
0,0.48716783128960756,0,0
0,0.794798073146093,1,1
1,0.6810947854082149,1,0
1,0.6279229549366809,1,0
1,0.6540442705358361,1,0
0,0.42858266080261187,0,0
0,0.613638550348723,1,0
0,0.12118316225375579,0,0
0,0.45445599183384955,0,0
1,0.7262546814868293,1,1
0,0.6905709739875606,1,1
0,0.6133219421303023,1,0
1,0.8129611459600256,1,1
1,0.8364583284765836,1,1
0,0.7510976236570396,1,1
0,0.9498743398401335,1,1
0,0.6206010610265417,1,0
0,0.2409434074365139,0,0
1,0.9444698451436309,1,1
1,0.8464814218521898,1,1
0,0.41053833580912313,0,0
1,0.8611153474796429,1,1
1,0.9400812646887349,1,1
0,0.7218434936605813,1,1
1,0.7417616299985798,1,1
1,0.8933490976372266,1,1
1,0.8431352316652383,1,1
0,0.13306082434273145,0,0
0,0.5003674964465892,1,0
1,0.6525259904091212,1,0
1,0.6231169030379726,1,0
1,0.7402494552727343,1,1
0,0.7300211925983291,1,1
0,0.27877742911738956,0,0
0,0.843213649400229,1,1
0,0.6029239395053699,1,0
1,0.6614191212351826,1,0
0,0.4377268169599366,0,0
1,0.7339067645131817,1,1
0,0.3996723193104158,0,0
1,0.9332295964935516,1,1
1,0.7531485766766858,1,1
0,0.3791668697598144,0,0
0,0.23945247250400473,0,0
1,0.8830921706835547,1,1
0,0.5494071367690924,1,0
1,0.7645738261737505,1,1
1,0.584228884771452,1,0
0,0.6328136458174223,1,0
0,0.2353333621332042,0,0
0,0.22316612020268706,0,0
0,0.7103620160432764,1,1
0,0.44175281181624454,0,0
0,0.5077961986916159,1,0
0,0.2631429805792508,0,0
1,0.9025709266530622,1,1
0,0.8718806199449843,1,1
1,0.9134444378248034,1,1
0,0.7401157480962859,1,1
0,0.8184742530492337,1,1
0,0.22819998865437943,0,0
0,0.24872439591748555,0,0
0,0.6415399320860009,1,0
0,0.5416629050896019,1,0
1,0.8960449792674148,1,1
1,0.8626843378486481,1,1
0,0.8611544063079625,1,1
0,0.6158030893133056,1,0
0,0.9301229732030658,1,1
0,0.2069455016381142,0,0
0,0.8234385950142795,1,1
0,0.3907789546453468,0,0
1,0.9152485609559026,1,1
1,0.7567687245066255,1,1
1,0.4955154678791695,0,0
0,0.2717372023033402,0,0
0,0.3196050021649314,0,0
0,0.816311579988648,1,1
0,0.8735363593801805,1,1
0,0.3807432928700567,0,0
0,0.2119368363407401,0,0
1,0.8624002801428177,1,1
0,0.2556902301203542,0,0
0,0.5192468973772965,1,0
0,0.3236320132951277,0,0
0,0.500899923528761,1,0
0,0.28015334807296594,0,0
0,0.3466957472401294,0,0
0,0.6886169352359114,1,0
0,0.8392806821894522,1,1
1,0.7835216340003386,1,1
0,0.6163853111278209,1,0
0,0.17136189181075018,0,0
1,0.8536235203438576,1,1
0,0.6867430568910776,1,0
0,0.5328482234708359,1,0
1,0.806934300976273,1,1
1,0.6526349686329782,1,0
1,0.8747798569361596,1,1
1,0.8667850391462532,1,1
1,0.5809403445037628,1,0
1,0.9067372429184075,1,1
0,0.14052273493621903,0,0
0,0.931617580977563,1,1
0,0.71181738432285,1,1
1,0.9134364344212983,1,1
0,0.7760463108177131,1,1
0,0.7929515093221743,1,1
1,0.812820768125825,1,1
0,0.45524860337443723,0,0
0,0.11016902255530132,0,0
0,0.6896227443785276,1,0
1,0.837707096530053,1,1
1,0.9174236898165774,1,1
0,0.3815763490322434,0,0
0,0.17947651455245148,0,0
1,0.9350034177929898,1,1
0,0.8879010004525804,1,1
0,0.6943237194950265,1,1
0,0.20546787694224472,0,0
1,0.9171390515844142,1,1
0,0.8421095839151798,1,1
0,0.3217449451692794,0,0
0,0.40583022624459436,0,0
0,0.20145781285766018,0,0
0,0.8966879730718017,1,1
0,0.6993915180546302,1,1
0,0.6230164549967285,1,0
1,0.8582237589276355,1,1
1,0.5726341974266264,1,0
0,0.1913685739831515,0,0
1,0.7021734642302528,1,1
1,0.9567146902978724,1,1
0,0.91776794446303,1,1
0,0.35000735953172635,0,0
0,0.437034455491832,0,0
0,0.6793755360685656,1,0
0,0.42224525973661975,0,0
1,0.8603836218528492,1,1
1,0.8781955263446479,1,1
0,0.30401786513498213,0,0
1,0.9407683076190946,1,1
0,0.49774087444460835,0,0
0,0.8969503568122498,1,1
0,0.5992414253632166,1,0
1,0.8816389488107438,1,1
0,0.32223216170412283,0,0
1,0.9488599241482991,1,1
1,0.9154149357767235,1,1
1,0.7089643238075127,1,1
0,0.7827062401909792,1,1
1,0.8600474790113366,1,1
0,0.6208085179127261,1,0
0,0.8956612299295786,1,1
0,0.5969744388287108,1,0
0,0.40578169405930153,0,0
1,0.7970716231159966,1,1
0,0.1700876949216066,0,0
0,0.4459307273277648,0,0
0,0.7582193927914151,1,1
0,0.703036548756247,1,1
0,0.4514623526205588,0,0
0,0.6385559740909926,1,0
0,0.8658625999372371,1,1
0,0.5009560092967186,1,0
0,0.46674609304607984,0,0
0,0.7341249499670253,1,1
1,0.9291534749350132,1,1
1,0.9218729322832527,1,1
1,0.7718109980596864,1,1
1,0.9536544001933597,1,1
1,0.803774578426728,1,1
0,0.7858672418161378,1,1
0,0.44280418856143267,0,0
0,0.4316259225742999,0,0
0,0.8991514622466145,1,1
0,0.1796407656886413,0,0
0,0.681613876999705,1,0
0,0.5264335717663133,1,0
1,0.8863835986751365,1,1
0,0.5201125786516964,1,0
1,0.9154265087058145,1,1
1,0.30753570742004394,0,0
0,0.3383649934709765,0,0
1,0.8238286739950956,1,1
0,0.5154427624410498,1,0
0,0.2857543133797443,0,0
1,0.7291739278381788,1,1
1,0.7273319636118792,1,1
0,0.4703009418199672,0,0
0,0.3325930830847012,0,0
0,0.4286382620823203,0,0
1,0.4878133023955348,0,0
1,0.9277217012330725,1,1
0,0.17932229859841223,0,0
1,0.7365543876426935,1,1
0,0.27475425703624023,0,0
0,0.7845894014197903,1,1
0,0.5221297501424967,1,0
1,0.8224986164763572,1,1
1,0.7754569868236934,1,1
0,0.753894645769192,1,1
0,0.6410703896738355,1,0
0,0.4254377882557977,0,0
1,0.8632036974179003,1,1
0,0.32419855059066177,0,0
1,0.9079169418799121,1,1
0,0.9401881417718463,1,1
1,0.8941836139800557,1,1
1,0.3291144121862482,0,0
1,0.8958846639782604,1,1
1,0.9456943506187745,1,1
1,0.8356230895013247,1,1
1,0.5999176688370893,1,0
0,0.4270967388444083,0,0
1,0.5695741803433506,1,0
0,0.9141503788992026,1,1
0,0.2614395327272919,0,0
1,0.939857818565834,1,1
0,0.8240418272935109,1,1
0,0.8346422848580373,1,1
1,0.940975073010843,1,1
0,0.5693322905572005,1,0
0,0.41532659362709284,0,0
1,0.7870933526620457,1,1
1,0.9127476838284735,1,1
1,0.7635733194986214,1,1
0,0.5392567191261299,1,0
1,0.42675468697079305,0,0
1,0.7855178222102474,1,1
0,0.8293035646501995,1,1
0,0.5168708533811698,1,0
0,0.5724726199276435,1,0
1,0.7155456029147418,1,1
0,0.6500502381831665,1,0
0,0.670653618396259,1,0
0,0.35232455910900556,0,0
0,0.7078691661116259,1,1
0,0.2705651048667402,0,0
0,0.8334416528448845,1,1
1,0.854520709986094,1,1
1,0.7791797879076537,1,1
1,0.7254172898315366,1,1
0,0.6693550830430812,1,0
1,0.8508989190107352,1,1
0,0.6882368638381047,1,0
0,0.5952263733629357,1,0
1,0.8360873183750862,1,1
0,0.4830228226325797,0,0
0,0.5547454814139575,1,0
0,0.32428395468919596,0,0
0,0.5038893128776293,1,0
0,0.7169841104657018,1,1
1,0.9414118043982802,1,1
0,0.7184052795977202,1,1
1,0.7070821168518819,1,1
0,0.9237700171578039,1,1
0,0.6972198099809118,1,1
0,0.9279712215930562,1,1
0,0.8433984719896938,1,1
1,0.8216568840984787,1,1
1,0.7195182855775737,1,1
0,0.5155885901694323,1,0
0,0.3749674593194036,0,0
0,0.49870191042701256,0,0
1,0.46579724603198275,0,0
0,0.42726955359818575,0,0
0,0.6152315809848768,1,0
0,0.77654157402182,1,1
0,0.31747612789512225,0,0
1,0.8442714068600937,1,1
1,0.7196748967576966,1,1
0,0.16503654347675317,0,0
0,0.5352252793003908,1,0
1,0.8171510333826444,1,1
0,0.6048941336497233,1,0
1,0.9211142548558077,1,1
0,0.35302653107140575,0,0
1,0.9286085518757135,1,1
0,0.16791151447486227,0,0
0,0.8980148628780698,1,1
0,0.6813286254178413,1,0
0,0.19723988635113207,0,0
0,0.5943317022539991,1,0
1,0.8987337473728519,1,1
0,0.6388973276081644,1,0
0,0.4892763429368336,0,0
0,0.41306580852487557,0,0
0,0.5816614773519632,1,0
1,0.8922391254888076,1,1
1,0.7397924195349059,1,1
0,0.3450031881272647,0,0
0,0.6191677838067015,1,0
0,0.6672119673090957,1,0
0,0.6047381904326818,1,0
1,0.4535223242651325,0,0
0,0.5259922723197425,1,0
0,0.26626339665696935,0,0
0,0.6514918914784891,1,0
0,0.5971047231575656,1,0
1,0.6622551067573927,1,0
1,0.889747675145042,1,1
1,0.6212181481025678,1,0
1,0.9152233183691784,1,1
0,0.7268445590396351,1,1
0,0.32026411697674384,0,0
0,0.9098133267299603,1,1
0,0.4914597970949073,0,0
1,0.7475051605008044,1,1
0,0.5091583271515394,1,0
0,0.4943577182920879,0,0
0,0.436874409939712,0,0
0,0.682348981439289,1,0
1,0.8775788028335925,1,1
1,0.8887587303252771,1,1
1,0.9378421103266587,1,1
0,0.639806388353705,1,0
0,0.7427517506002929,1,1
1,0.8819528372000358,1,1
1,0.899579525203984,1,1
0,0.5884384868350083,1,0
0,0.9141697287177335,1,1
1,0.667509476803778,1,0
0,0.5668803279869579,1,0
0,0.45412247826209884,0,0
0,0.7986589264570514,1,1
1,0.8963361878573942,1,1
1,0.7373478329393951,1,1
1,0.950626609424894,1,1
1,0.9176392968508221,1,1
0,0.3783194504953022,0,0
0,0.55028412582537,1,0
0,0.3392162340050316,0,0
1,0.2618978042100834,0,0
1,0.8906575085477745,1,1
0,0.2838754345953179,0,0
0,0.672901160552532,1,0
0,0.6374794113588195,1,0
0,0.7420223728827195,1,1
1,0.7252621869485129,1,1
0,0.9311617942309333,1,1
0,0.9171892808775749,1,1
1,0.8356931582195316,1,1
0,0.7147213248967788,1,1
0,0.5801236877109549,1,0
0,0.2063434264399874,0,0
1,0.5408878068216235,1,0
0,0.15161827795293856,0,0
1,0.9532301383482056,1,1
1,0.89531715327046,1,1
0,0.49466484443034675,0,0
0,0.5523067213837004,1,0
0,0.5964513782459907,1,0
0,0.3859891573157053,0,0
0,0.4054718340295591,0,0
1,0.9162665691144656,1,1
1,0.7130233630893242,1,1
1,0.7917571222305834,1,1
0,0.912398849941711,1,1
0,0.3837418613458637,0,0
1,0.8701568176002228,1,1
1,0.9470395248402451,1,1
0,0.6965359994766008,1,1
0,0.7314837882565631,1,1
0,0.3590028233157716,0,0
1,0.863878643099735,1,1
0,0.46913504437194253,0,0
0,0.39925867699300677,0,0
0,0.2658497638279732,0,0
0,0.9040275630909862,1,1
0,0.586074100650237,1,0
1,0.41321966129111803,0,0
1,0.21836880015156468,0,0
0,0.3209719563313815,0,0
1,0.6978574376057498,1,1
1,0.8634510367840187,1,1
0,0.8003184670760345,1,1
0,0.6942559999215037,1,1
0,0.7840295304807453,1,1
1,0.9136192903579483,1,1
0,0.765089296858879,1,1
0,0.3012642214897844,0,0
1,0.7788091571202238,1,1
1,0.8616277281499641,1,1
0,0.65421719857808,1,0
0,0.2054390269241585,0,0
0,0.2708912252928903,0,0
0,0.5574870058453013,1,0
0,0.8477434194601257,1,1
1,0.8084331143438145,1,1
0,0.8797203440224617,1,1
0,0.6985858817347111,1,1
0,0.3983161895786989,0,0
0,0.40400637108790616,0,0
0,0.29970788241305074,0,0
0,0.2669679182093894,0,0
0,0.8194292575276786,1,1
1,0.9183862209249734,1,1
1,0.8931475466293913,1,1
0,0.8602701193910971,1,1
0,0.19207351808349465,0,0
0,0.32775624400035025,0,0
0,0.9352237055797568,1,1
1,0.9406945400920551,1,1
1,0.835736025409576,1,1
0,0.5440550182387975,1,0
1,0.9403705212210048,1,1
0,0.6485242257879581,1,0
1,0.8312255524115705,1,1
1,0.9072457158526289,1,1
0,0.5496135131538539,1,0
0,0.7874790347816277,1,1
1,0.8679253572076686,1,1
0,0.6479668242244185,1,0
1,0.9479675688468886,1,1
0,0.7426667727864633,1,1
0,0.5790512415529374,1,0
0,0.6620590136148856,1,0
1,0.8025074240389762,1,1
0,0.6828787696346609,1,0
0,0.34572314055990727,0,0
0,0.7744966816832312,1,1
1,0.901803258961501,1,1
1,0.9492222579004026,1,1
0,0.12538269416715872,0,0
0,0.786864664150585,1,1
1,0.9599908692346618,1,1
0,0.7857472495803127,1,1
0,0.2206677591065504,0,0
0,0.751089477626503,1,1
0,0.24761725493785838,0,0
0,0.3561490492173043,0,0
0,0.3862069361579268,0,0
0,0.6956948634454254,1,1
0,0.08148188669678953,0,0
0,0.240782068975037,0,0
0,0.3722066493294615,0,0
1,0.8552441129858863,1,1
0,0.3343360409210553,0,0
0,0.8144563769553662,1,1
0,0.7710872742081781,1,1
0,0.7573294230562022,1,1
1,0.8162800408341085,1,1
0,0.24425693394241318,0,0
0,0.49168157671540247,0,0
1,0.8968388763711912,1,1
0,0.08015844221526228,0,0
0,0.304967856899978,0,0
1,0.5759287458837385,1,0
0,0.46475594668467296,0,0
0,0.535763210750741,1,0
1,0.8306931979887179,1,1
0,0.4164139264989139,0,0
0,0.39443062102064413,0,0
0,0.7577629916989609,1,1
1,0.6803365281865001,1,0
0,0.3920849373552231,0,0
0,0.3509694575632301,0,0
0,0.637484806101144,1,0
0,0.19318896648613385,0,0
0,0.6363060347640399,1,0
0,0.5750183971319393,1,0
1,0.5625441682464336,1,0
0,0.38642755860203554,0,0
0,0.5857990829775923,1,0
0,0.7928946840980061,1,1
0,0.6029715565971654,1,0
1,0.8886913297517072,1,1
0,0.7317963012662301,1,1
0,0.41229918176735214,0,0
0,0.15563499483053955,0,0
0,0.6303097396189437,1,0
1,0.9606216227481484,1,1
0,0.9335690504045606,1,1
0,0.6854015247465912,1,0
1,0.6503821091485785,1,0
1,0.944667927232682,1,1
1,0.8064362811805851,1,1
0,0.7432952444297677,1,1
1,0.5472069601015949,1,0
0,0.2962683616883977,0,0
0,0.5952335798682722,1,0
0,0.5156609839053067,1,0
0,0.18190320085742903,0,0
0,0.48917033970952756,0,0
0,0.5224205153864222,1,0
1,0.49874285907075827,0,0
0,0.5151398133102265,1,0
0,0.6574218996464658,1,0
0,0.5749734497648704,1,0
0,0.502539552747479,1,0
0,0.9018370346226573,1,1
0,0.6171592261546794,1,0
0,0.491709265810182,0,0
1,0.7614241497221234,1,1
1,0.8775291339510342,1,1
0,0.7744496155354392,1,1
0,0.769973650921305,1,1
0,0.2680310371302496,0,0
1,0.6248917084941813,1,0
1,0.7410950129856348,1,1
1,0.7702773579381132,1,1
1,0.1681700558656507,0,0
0,0.6543301501313519,1,0
0,0.4971793002865649,0,0
0,0.6032159835214531,1,0
1,0.7479409521412115,1,1
1,0.724617744976544,1,1
0,0.8355913524056581,1,1
0,0.4958939898487874,0,0
0,0.5907837021230581,1,0
0,0.7869027552309497,1,1
0,0.5075836256619604,1,0
0,0.20487034714047436,0,0
0,0.22392633681940002,0,0
0,0.4250243234912751,0,0
1,0.8511598690224009,1,1
0,0.8028353364281571,1,1
0,0.629625099787224,1,0
0,0.5811515878605759,1,0
1,0.9362881030813537,1,1
0,0.5693150369185354,1,0
1,0.9413049825322399,1,1
1,0.6493438937579968,1,0
1,0.7340964003460516,1,1
1,0.9349214804126449,1,1
1,0.8384872167518026,1,1
1,0.8399460895444777,1,1
0,0.5309593987939614,1,0
1,0.5230431901508431,1,0
0,0.4452045022455904,0,0
0,0.5725819945519394,1,0
0,0.6268014589596095,1,0
0,0.8481852995838679,1,1
0,0.6774077076918312,1,0
1,0.47838255885286296,0,0
0,0.8696315922635979,1,1
0,0.20161760117337194,0,0
1,0.8243138832315468,1,1
0,0.6976273447615985,1,1
0,0.6743509025274419,1,0
0,0.341681862696513,0,0
0,0.529677998744405,1,0
1,0.271551997966991,0,0
0,0.8038349726184115,1,1
1,0.7239365300438622,1,1
0,0.23849940800773295,0,0
1,0.46541565298341336,0,0
0,0.22149294846903922,0,0
1,0.9149066138405249,1,1
0,0.8223643081018944,1,1
0,0.6085361612392117,1,0
0,0.777247476268418,1,1
0,0.5579847448032106,1,0
0,0.5286688697890342,1,0
0,0.5568014041015392,1,0
1,0.9172983046797456,1,1
0,0.4313707257006888,0,0
0,0.45837966291115795,0,0
1,0.9284790321297243,1,1
0,0.6571695093800929,1,0
0,0.4465908663519738,0,0
0,0.9241541538663686,1,1
1,0.893853305966543,1,1
1,0.8889022058243671,1,1
1,0.9378134020551088,1,1
1,0.6024919969188187,1,0
0,0.6107849575740331,1,0
0,0.5866913001965595,1,0
0,0.35974959911846216,0,0
1,0.8878837581207085,1,1
0,0.8299577965692799,1,1
0,0.544823956868391,1,0
1,0.7635478603035505,1,1
0,0.17170489717235815,0,0
0,0.15237601278922955,0,0
0,0.7048360926928315,1,1
0,0.7581985616427591,1,1
1,0.7945969320764192,1,1
0,0.924874518970211,1,1
1,0.8855665859551323,1,1
1,0.8394102991365039,1,1
0,0.5649057637239985,1,0
1,0.8161999362004085,1,1
1,0.8529717472055025,1,1
1,0.8403388046800331,1,1
0,0.7163732357561158,1,1
0,0.5609741107610972,1,0
1,0.584612340692601,1,0
1,0.7051121243190959,1,1
0,0.3871315377119616,0,0
1,0.7052540258392154,1,1
0,0.37644952304527135,0,0
0,0.645697406300861,1,0
0,0.37320381437905553,0,0
1,0.9130235431276876,1,1
0,0.8739075075165887,1,1
0,0.22337430381394974,0,0
1,0.6235868169210778,1,0
1,0.6551022445888255,1,0
0,0.28189067403279117,0,0
0,0.8248720223571537,1,1
0,0.22837128969067147,0,0
0,0.7111157534727066,1,1
0,0.5544926443433924,1,0
0,0.9176921320062827,1,1
0,0.6944582477414969,1,1
0,0.7297554844219529,1,1
1,0.8339145555076769,1,1
0,0.8198565332935996,1,1
1,0.9612394145664522,1,1
0,0.2539335835366679,0,0
1,0.26580137278738375,0,0
1,0.8795799492390693,1,1
0,0.9473748175977165,1,1
1,0.6667978552568892,1,0
0,0.8221874507437581,1,1
0,0.35281120350746836,0,0
0,0.6560627359962292,1,0
0,0.6268619393735771,1,0
0,0.5514945374794451,1,0
1,0.8509111705337921,1,1
1,0.7648194677101225,1,1
1,0.5592523439007269,1,0
0,0.822946255377421,1,1
0,0.18307608119585825,0,0
0,0.6364027929387844,1,0
0,0.31989009085566456,0,0
0,0.19979641575559476,0,0
0,0.3819793595163401,0,0
1,0.8058794543130382,1,1
1,0.9348801286336976,1,1
0,0.6117842144234216,1,0
1,0.6291228818104562,1,0
0,0.6486041592928401,1,0
0,0.7723276883169855,1,1
0,0.37809551193538266,0,0
1,0.7373950582954956,1,1
0,0.7542315086940145,1,1
0,0.33949510840446506,0,0
1,0.6592839305758492,1,0
0,0.5710604501406326,1,0
0,0.27944097748564095,0,0
0,0.5641347849147782,1,0
0,0.6949675040762228,1,1
0,0.8454650554070675,1,1
0,0.6659519378489265,1,0
0,0.6466093606833655,1,0
0,0.2749109138639701,0,0
1,0.9234863775498106,1,1
0,0.3523523355911672,0,0
1,0.6742303786312005,1,0
0,0.1640114798271417,0,0
0,0.42346996464797687,0,0
1,0.9402684928829252,1,1
1,0.9081762037107324,1,1
0,0.4582889664184174,0,0
1,0.8846795008154986,1,1
0,0.6336729902893593,1,0
1,0.9430289688456069,1,1
1,0.8900077702626902,1,1
1,0.9307163041984156,1,1
0,0.8793440831068,1,1
0,0.28418974962780386,0,0
0,0.9136946569762158,1,1
0,0.6515812260729675,1,0
0,0.6243928295579524,1,0
1,0.7588000105128182,1,1
1,0.5877408961684614,1,0
1,0.6896957902083627,1,0
1,0.9032141859553774,1,1
0,0.8985647454093463,1,1
1,0.8773032932007854,1,1
1,0.6215428672062059,1,0
0,0.43882690338603353,0,0
0,0.5692786939538631,1,0
0,0.7306737064266513,1,1
0,0.7083477842264582,1,1
0,0.7640585162991048,1,1
1,0.9375368407618228,1,1
1,0.49078310841492345,0,0
0,0.7436236969042125,1,1
0,0.5413626819385198,1,0
0,0.22724430713150034,0,0
0,0.897653684317709,1,1
1,0.9253332452553514,1,1
0,0.6272948845961984,1,0
0,0.6591582873727436,1,0
0,0.9153720949903238,1,1
0,0.5531515827648847,1,0
0,0.701237556404443,1,1
1,0.9498078550097485,1,1
0,0.26423907585006035,0,0
0,0.15669845186385137,0,0
0,0.8625693221594537,1,1
0,0.4378246285729151,0,0
0,0.4615576771784951,0,0
0,0.892820613123489,1,1
1,0.7598538847543516,1,1
1,0.9222583766478024,1,1
1,0.9350715741232908,1,1
1,0.7021993276917711,1,1
1,0.9019833745387945,1,1
0,0.5576259938663618,1,0
1,0.7916868143418158,1,1
0,0.09308879924730504,0,0
0,0.9443580241954421,1,1
0,0.16760591944906592,0,0
0,0.8131012974703994,1,1
1,0.9190797850989885,1,1
0,0.33265308495886203,0,0
0,0.594849939027505,1,0
0,0.4305044419426443,0,0
1,0.7661484065455912,1,1
0,0.49979513071124854,0,0
0,0.5151726005618641,1,0
0,0.2050421938112193,0,0
1,0.42161920610522685,0,0
0,0.7467568800145571,1,1
0,0.16337224374909312,0,0
0,0.8037501983478303,1,1
0,0.6637028143536452,1,0
1,0.833930858711125,1,1
0,0.500042912780994,1,0
0,0.40530302015470315,0,0
0,0.16990352069488746,0,0
1,0.15663178702901193,0,0
0,0.9115600060177856,1,1
1,0.29310057924334415,0,0
0,0.43266507186109854,0,0
1,0.5286092299540808,1,0
0,0.41988467167664933,0,0
1,0.7582895057187561,1,1
0,0.261229558516111,0,0
0,0.4291550439030595,0,0
1,0.745650862059392,1,1
0,0.5915889805765419,1,0
0,0.3315236643111052,0,0
1,0.774680087657648,1,1
0,0.5342696048399748,1,0
1,0.7397417179071282,1,1
1,0.7512439057541811,1,1
0,0.7417484274418554,1,1
1,0.9199199781542324,1,1
0,0.44309888062894126,0,0
0,0.4649515095989227,0,0
1,0.9158240406879214,1,1
1,0.7181133998002436,1,1
0,0.7454856954045332,1,1
1,0.8382172497686174,1,1
0,0.7564746082551239,1,1
0,0.6374404565822525,1,0
0,0.5456445361746964,1,0
1,0.8642293650112186,1,1
1,0.777096167047534,1,1
0,0.8311691591625909,1,1
0,0.19727782314379752,0,0
0,0.6414523304729336,1,0
0,0.09815542043828028,0,0
0,0.14232128763830856,0,0
1,0.786677990416675,1,1
1,0.6898565645984404,1,0
0,0.9069147664117309,1,1
0,0.34328388905769236,0,0
1,0.7903559140714923,1,1
1,0.7830640615325782,1,1
0,0.4668524327149221,0,0
1,0.791818491080492,1,1
0,0.23756132034827573,0,0
1,0.5963224231281302,1,0
0,0.5420670268738698,1,0
0,0.7403090824555684,1,1
0,0.5966370361151127,1,0
1,0.8317841251225573,1,1
1,0.7030094762405067,1,1
0,0.5933625905306712,1,0
0,0.7324505943417485,1,1
1,0.5864930617619086,1,0
1,0.3197016095347347,0,0
0,0.35734197237529264,0,0
1,0.8702965794787543,1,1
1,0.5715380456206155,1,0
1,0.8491322574623683,1,1
0,0.7588108126090488,1,1
1,0.6775600483888479,1,0
0,0.1811306718540946,0,0
1,0.5768892695954594,1,0
1,0.8147749270925705,1,1
0,0.9118423337452041,1,1
0,0.834634003371115,1,1
0,0.1819609901373145,0,0
0,0.8669432169765273,1,1
0,0.2737396534644446,0,0
0,0.5723890577959805,1,0
0,0.5194467464741169,1,0
1,0.47543434966303866,0,0
0,0.7443209863872943,1,1
0,0.26151040241869433,0,0
1,0.7325735637672801,1,1
1,0.6585565406185983,1,0
1,0.8828131992335959,1,1
0,0.5458032403959449,1,0
0,0.5277891304993761,1,0
0,0.3304724970684319,0,0
1,0.9140826723642511,1,1
0,0.8672742447754822,1,1
0,0.566701141814165,1,0
0,0.5655785535759499,1,0
0,0.49910115781517006,0,0
0,0.6403033862857973,1,0
0,0.8080277764356237,1,1
0,0.9248074420094984,1,1
0,0.3525685502491583,0,0
1,0.7836189663343827,1,1
0,0.29909141449953924,0,0
1,0.8727429879888955,1,1
1,0.8766454271422633,1,1
0,0.3722763415453285,0,0
1,0.8179715502925404,1,1
1,0.9553108025052787,1,1
0,0.733621186102479,1,1
0,0.751223601442373,1,1
0,0.7833606566391259,1,1
0,0.81533049287157,1,1
1,0.826418077060228,1,1
0,0.6992067401072285,1,1
0,0.10306486957202303,0,0
0,0.5712115672607732,1,0
1,0.8498947668406476,1,1
0,0.34759891643129004,0,0
0,0.5035416543734531,1,0
1,0.6104679040219759,1,0
1,0.7751655904376415,1,1
0,0.6548746171087707,1,0
1,0.41533644947684295,0,0
0,0.4543429048445412,0,0
1,0.8895351282755816,1,1
1,0.662277171905824,1,0
0,0.547981814220676,1,0
0,0.5284991794852825,1,0
1,0.7832107008333334,1,1
1,0.6600438257967598,1,0
1,0.913005326874407,1,1
1,0.8423506100452112,1,1
1,0.9373676810684858,1,1
1,0.7192153459214486,1,1
0,0.30249596817409663,0,0
0,0.23714513197759263,0,0
0,0.7574880102007882,1,1
0,0.8061033191201804,1,1
1,0.4094068432249611,0,0
0,0.38535848309693804,0,0
1,0.811989580657511,1,1
1,0.8482350010046049,1,1
0,0.43617724695326754,0,0
0,0.28006643361723227,0,0
1,0.5717302054729752,1,0
0,0.6150218882288364,1,0
0,0.5211529050271665,1,0
0,0.5411309373114854,1,0
1,0.869137913568435,1,1
0,0.8128677231268758,1,1
1,0.332711596594314,0,0
0,0.23262189067229924,0,0
0,0.28533822805938447,0,0
0,0.7648479689465822,1,1
0,0.7536448486660877,1,1
1,0.8634777332942383,1,1
0,0.32135721717433646,0,0
0,0.9108144889326169,1,1
1,0.5250933619170909,1,0
0,0.2358781732162568,0,0
0,0.5257075851342955,1,0
1,0.5358694621559374,1,0
0,0.3191208300143923,0,0
0,0.5072275848995458,1,0
0,0.19532185782586767,0,0
0,0.19282839228319687,0,0
0,0.8786854839413978,1,1
0,0.3201253858063076,0,0
0,0.7485721672286813,1,1
1,0.740271589038747,1,1
1,0.8958086626718496,1,1
1,0.9439550643274573,1,1
0,0.9362331391895735,1,1
1,0.9343724629883067,1,1
0,0.38625922781019656,0,0
1,0.9217624298263061,1,1
0,0.5851793182724986,1,0
0,0.1480015062812617,0,0
0,0.7442018771966405,1,1
1,0.8913050204912252,1,1
1,0.8951521392525968,1,1
0,0.8897512309880223,1,1
0,0.8306846360398458,1,1
0,0.8463107413051478,1,1
1,0.754010518783755,1,1
0,0.6954050268491861,1,1
1,0.903061688844019,1,1
0,0.19675766446566959,0,0
0,0.8703271020058064,1,1
0,0.8219416450867291,1,1
0,0.3156527859036668,0,0
0,0.16006015906473645,0,0
1,0.8990967892691172,1,1
0,0.6188071606031981,1,0
0,0.73264300225448,1,1
0,0.45593221889194524,0,0
0,0.6012270165616259,1,0
0,0.7074135234065669,1,1
0,0.8604358321611659,1,1
0,0.7407397718586528,1,1
1,0.8322055141153556,1,1
0,0.5162190063346588,1,0
0,0.8457357606790322,1,1
1,0.5691715133168068,1,0
0,0.35743156462934966,0,0
0,0.19026240382223072,0,0
1,0.884357360720044,1,1
0,0.2781813228506744,0,0
1,0.7964471978777491,1,1
1,0.9471154176540162,1,1
0,0.257759862016816,0,0
0,0.2719146392688712,0,0
0,0.4109585580594243,0,0
0,0.3423165808004368,0,0
0,0.632142959352443,1,0
0,0.38087790360768276,0,0
0,0.6339837839733775,1,0
0,0.476103596365745,0,0
0,0.43851217321084407,0,0
1,0.5541036307849553,1,0
0,0.3216795496606352,0,0
0,0.6342538343801863,1,0
0,0.25308309272144897,0,0
0,0.8539457261609906,1,1
0,0.6417721378070538,1,0
1,0.919833929370201,1,1
1,0.8185023684857775,1,1
0,0.36341865865580725,0,0
0,0.3872617157324744,0,0
0,0.5792833293194795,1,0
1,0.8000866287324144,1,1
1,0.4258407743003799,0,0
1,0.7982143061235707,1,1
0,0.24872284794435787,0,0
0,0.2881536855966396,0,0
0,0.8886579669526403,1,1
0,0.3075544076523712,0,0
0,0.6123080870903268,1,0
0,0.3231934918146682,0,0
0,0.21704247071031083,0,0
1,0.4059723111440938,0,0
0,0.21293409437410327,0,0
1,0.7516574972174924,1,1
0,0.8035889746971242,1,1
1,0.6641124509197552,1,0
0,0.870286721205328,1,1
0,0.4175767653812218,0,0
0,0.7571865577896616,1,1
0,0.77438683644137,1,1
0,0.9039852632926403,1,1
0,0.23989458474469455,0,0
1,0.7496912517118257,1,1
0,0.8360790974685458,1,1
0,0.757332775128486,1,1
0,0.4531165432698889,0,0
1,0.21117388491880396,0,0
0,0.7328881925821138,1,1
0,0.6280520472291832,1,0
1,0.676080987227022,1,0
0,0.1012836208150553,0,0
0,0.4944986655227871,0,0
1,0.6213950613407933,1,0
0,0.5860950449071034,1,0
1,0.6148893401895857,1,0
0,0.9125356262355975,1,1
0,0.5322658470183717,1,0
0,0.23749206875956985,0,0
1,0.8468667692415235,1,1
0,0.4431522448674596,0,0
1,0.8771093245428875,1,1
0,0.18812213110322923,0,0
0,0.800785095663006,1,1
1,0.8863797567131131,1,1
1,0.9619469758319688,1,1
0,0.7723506197963165,1,1
0,0.6278878697632436,1,0
1,0.9291870891596354,1,1
1,0.8866480804320418,1,1
0,0.6497219446523543,1,0
1,0.5078214824950991,1,0
0,0.18304075402482278,0,0
0,0.8374830949825317,1,1
0,0.23596933919458754,0,0
1,0.7547442644385388,1,1
0,0.6924686155914189,1,1
1,0.7076725027524235,1,1
0,0.5428637863727708,1,0
0,0.6384419826229102,1,0
1,0.7053989144487661,1,1
1,0.8073130191820866,1,1
0,0.5298306305387572,1,0
0,0.6401631620812476,1,0
1,0.9410315112708947,1,1
0,0.1579140559127512,0,0
0,0.5564950944402411,1,0
1,0.9263628332389122,1,1
1,0.3822292696331346,0,0
0,0.5741644698830497,1,0
0,0.3887944276187084,0,0
0,0.7165189876576256,1,1
0,0.4211457891186825,0,0
1,0.7084838882246983,1,1
0,0.7150959452088391,1,1
1,0.840823936070442,1,1
1,0.5234019650486793,1,0
1,0.832777737811272,1,1
0,0.6452350988997758,1,0
0,0.6873772111401957,1,0
0,0.4654360694199955,0,0
1,0.7100880203878345,1,1
0,0.15275059275013267,0,0
1,0.8962062747404036,1,1
1,0.91527707929051,1,1
1,0.908605471769181,1,1
0,0.6452982876138366,1,0
0,0.18590662975231828,0,0
0,0.7402575594367454,1,1
0,0.4134846273182937,0,0
0,0.43323210634113424,0,0
0,0.47469107284468554,0,0
0,0.667667368518134,1,0
0,0.31982174585484724,0,0
1,0.7393328924537335,1,1
0,0.0946559488030975,0,0
1,0.8856441667776803,1,1
0,0.7502625247429966,1,1
0,0.3004547899691593,0,0
0,0.6906341975295129,1,1
1,0.7753347422691741,1,1
0,0.8428335048052258,1,1
0,0.5082646363482779,1,0
0,0.7038945332126063,1,1
0,0.7904821222297088,1,1
0,0.7934123119376562,1,1
0,0.23443669586320504,0,0
0,0.9498686524552563,1,1
1,0.7586189514516969,1,1
0,0.29234496858265774,0,0
1,0.8681858879784891,1,1
0,0.563073725688091,1,0
0,0.39439838233040253,0,0
0,0.33948035710377256,0,0
1,0.9274256005394222,1,1
1,0.8406088711968431,1,1
1,0.863480004323083,1,1
1,0.4745367442794674,0,0
0,0.671409770579903,1,0
0,0.304670143401955,0,0
0,0.7393610981605976,1,1
0,0.4801645909629412,0,0
1,0.8184644256580437,1,1
0,0.775957437829974,1,1
0,0.5447295065447655,1,0
0,0.6267101595606168,1,0
0,0.48413907425286484,0,0
1,0.545492454602395,1,0
1,0.8872465466722826,1,1
0,0.6323949545027135,1,0
1,0.9221736761954366,1,1
0,0.7462641392548236,1,1
0,0.6168139095689776,1,0
1,0.8953460047977715,1,1
1,0.6327802404548816,1,0
1,0.47612977662101463,0,0
1,0.7275494852776152,1,1
0,0.92395641456987,1,1
1,0.9533841088294113,1,1
0,0.5876920491669555,1,0
0,0.5302237544784718,1,0
1,0.9173793027081477,1,1
1,0.9454797406429596,1,1
1,0.9345325207204496,1,1
0,0.341398855329046,0,0
0,0.39482571388427457,0,0
1,0.905364032994347,1,1
1,0.6033674653817486,1,0
0,0.7781626969640512,1,1
0,0.3453947178337687,0,0
0,0.5760977788022313,1,0
1,0.9177450446514145,1,1
0,0.2428759357524314,0,0
0,0.2338852963694022,0,0
0,0.43657899105290526,0,0
1,0.7486104494861188,1,1
1,0.9022369917023235,1,1
1,0.600111841012947,1,0
1,0.8744561714385641,1,1
0,0.6411047971494034,1,0
0,0.42259058080679507,0,0
1,0.9247507564191753,1,1
0,0.6630559017190869,1,0
0,0.7157144152005104,1,1
1,0.7720064256265055,1,1
1,0.8901105776665822,1,1
1,0.9669371346149889,1,1
1,0.6259883615498146,1,0
0,0.60818066674999,1,0
0,0.24403292345438557,0,0
1,0.8370113314870355,1,1
0,0.5269359804570479,1,0
0,0.6764995570636372,1,0
0,0.18986400585505586,0,0
1,0.9279475416252536,1,1
1,0.7935151258542481,1,1
1,0.7568025023343942,1,1
1,0.96485237941241,1,1
1,0.4354846112959289,0,0
1,0.8993622656227721,1,1
1,0.7022339302690027,1,1
1,0.7280417860008714,1,1
1,0.9212772984853659,1,1
0,0.9061281753077981,1,1
0,0.6449968941012452,1,0
1,0.8204786510214807,1,1
0,0.32573975354254503,0,0
0,0.28124732485576287,0,0
0,0.7394938225686152,1,1
0,0.8245814693319967,1,1
0,0.5313589353077283,1,0
0,0.5539773776553574,1,0
0,0.625439695694842,1,0
0,0.8863680128381038,1,1
1,0.9246297505126746,1,1
0,0.40862965141057817,0,0
0,0.3643301128840984,0,0
1,0.29792193892270324,0,0
0,0.5579945339414941,1,0
0,0.38930285157049976,0,0
0,0.5165274992387743,1,0
0,0.5241357752319366,1,0
0,0.6438328921295561,1,0
0,0.7395833562234287,1,1
0,0.29151168269657896,0,0
0,0.14168794412642427,0,0
1,0.9088764837779991,1,1
0,0.13451112054776582,0,0
0,0.6936680021305429,1,1
1,0.9392194814583917,1,1
0,0.7360701027547025,1,1
1,0.9596107762078593,1,1
1,0.8488691201947964,1,1
0,0.3347728425280746,0,0
0,0.18984939239703125,0,0
0,0.8046582482945807,1,1
0,0.31065706809819094,0,0
0,0.3568217505909462,0,0
0,0.8585844240213146,1,1
0,0.17290467339826476,0,0
0,0.8211247332971988,1,1
0,0.6045685229226996,1,0
1,0.684219013951547,1,0
1,0.9314770619694616,1,1
0,0.120562611339017,0,0
0,0.7430249687348454,1,1
0,0.6072751467234812,1,0
0,0.5102323761549755,1,0
0,0.597293115085148,1,0
0,0.6831376139641029,1,0
1,0.5702048713855326,1,0
1,0.5434344633612481,1,0
1,0.6316878477370373,1,0
1,0.8298993232669202,1,1
1,0.7351816183879495,1,1
0,0.7489673696468933,1,1
1,0.7721017964789668,1,1
0,0.2857079849785065,0,0
0,0.4050355305734769,0,0
1,0.7816814328109178,1,1
0,0.49588475958985995,0,0
1,0.8514883235650891,1,1
0,0.6235094406546531,1,0
0,0.33254570975675285,0,0
0,0.43375814116238076,0,0
1,0.746283712412925,1,1
1,0.9219490698111086,1,1
1,0.7018505685855851,1,1
0,0.4277209175602932,0,0
0,0.7295715911497244,1,1
1,0.42057184569780376,0,0
1,0.8970260288665174,1,1
0,0.3112245585883262,0,0
0,0.1651625785454669,0,0
0,0.9463434006781453,1,1
1,0.8003972856803829,1,1
0,0.20659919802056886,0,0
0,0.18448454000442127,0,0
0,0.4833000648911766,0,0
0,0.2514899870645486,0,0
0,0.8308760129713562,1,1
0,0.3067841950802755,0,0
1,0.9458327501322081,1,1
0,0.6546387933378175,1,0
1,0.29984497610695693,0,0
1,0.9280896306129465,1,1
1,0.8869295293431932,1,1
0,0.3809300308859893,0,0
0,0.7587271595552745,1,1
0,0.42470995884065454,0,0
0,0.34711717611333825,0,0
0,0.8418158179604008,1,1
0,0.2569147206032028,0,0
1,0.9330867393798943,1,1
0,0.5790507037012769,1,0
1,0.8045512155087498,1,1
1,0.38095347671580854,0,0
1,0.6815199697981399,1,0
0,0.26090929625396014,0,0
0,0.8404482544230867,1,1
0,0.5744411410063883,1,0
1,0.8440846020280429,1,1
1,0.4878637187539877,0,0
1,0.44576555289676156,0,0
0,0.5805304561120588,1,0
1,0.8025700545762295,1,1
1,0.8816647398223533,1,1
0,0.7589114273678771,1,1
1,0.8649637113321282,1,1
1,0.8475325822725198,1,1
1,0.6073155700149934,1,0
0,0.6179245579028059,1,0
1,0.8557447210375893,1,1
0,0.6637854060899723,1,0
0,0.4223376891439118,0,0
1,0.8888051452735842,1,1
0,0.9568523721202379,1,1
0,0.2073466584779015,0,0
0,0.3667697591595395,0,0
1,0.9001659596273432,1,1
0,0.4651942891379761,0,0
1,0.9384276376702596,1,1
0,0.48623368052055443,0,0
0,0.4430513213725573,0,0
1,0.6387413140944568,1,0
0,0.4242194105841398,0,0
0,0.17768683269203303,0,0
0,0.8180150812873513,1,1
1,0.9020992394838782,1,1
1,0.3184660189081744,0,0
1,0.3151639633113148,0,0
1,0.6957803481388384,1,1
0,0.31408368909914763,0,0
0,0.5938195332266449,1,0
1,0.9226061722279065,1,1
0,0.5435782547857075,1,0
0,0.28044310614284007,0,0
0,0.21061502551601993,0,0
0,0.18421644478431637,0,0
1,0.7937124621553889,1,1
1,0.9433916636335548,1,1
0,0.22993527607131783,0,0
0,0.4097545138686571,0,0
0,0.7666923360876597,1,1
0,0.23623092996775039,0,0
0,0.4115236834284568,0,0
0,0.8668268016806752,1,1
1,0.41176743523397263,0,0
0,0.4248038335947895,0,0
0,0.1923745112985321,0,0
0,0.19873123478782598,0,0
0,0.21921874097004979,0,0
0,0.18726141884183362,0,0
1,0.9541594774020027,1,1
1,0.920089653199874,1,1
0,0.7242731921966932,1,1
0,0.7083850106618858,1,1
0,0.8997277676972868,1,1
0,0.46727521285851426,0,0
1,0.4753468357000977,0,0
0,0.6118674954967528,1,0
0,0.28936863001222307,0,0
0,0.5780676567420425,1,0
0,0.5030402566968131,1,0
0,0.5366585368591308,1,0
0,0.14331074701418142,0,0
0,0.6580324535097956,1,0
1,0.6507786364807432,1,0
1,0.8149372241579312,1,1
1,0.9423756672368528,1,1
0,0.5161721087906663,1,0
1,0.6778836902620745,1,0
1,0.8904336516840351,1,1
0,0.32390536172100093,0,0
0,0.3882960853759683,0,0
0,0.9366948370292493,1,1
0,0.6604095578938346,1,0
1,0.9469431561572982,1,1
0,0.4175035769465759,0,0
1,0.9240568792471681,1,1
0,0.29123400508586167,0,0
0,0.7542247745646484,1,1
0,0.28057486927938374,0,0
0,0.9113363091889306,1,1
0,0.8421311962558898,1,1
0,0.34332201496205184,0,0
1,0.9556005241953752,1,1
0,0.8768538102192399,1,1
0,0.23810295688863747,0,0
0,0.8332154039067133,1,1
0,0.6169509653480221,1,0
1,0.541317202907588,1,0
0,0.22390482693216635,0,0
0,0.4690218853643012,0,0
0,0.7939837742105695,1,1
0,0.10897323103199713,0,0
1,0.8640013605076013,1,1
0,0.851924366869094,1,1
0,0.6364260396116839,1,0
0,0.33399669090046274,0,0
0,0.5139922482829569,1,0
1,0.848731822887347,1,1
0,0.2542854897882457,0,0
1,0.8335179305667845,1,1
0,0.4312870538663971,0,0
0,0.5034301249800237,1,0
0,0.5304106056071324,1,0
1,0.9432841801815313,1,1
1,0.41465687539957524,0,0
0,0.9364925269737107,1,1
1,0.9111758737723299,1,1
0,0.7686730390742822,1,1
0,0.7689433560510676,1,1
0,0.6898595799305491,1,0
0,0.3363331179931055,0,0
0,0.5797385553944496,1,0
1,0.6073147269453592,1,0
0,0.46191355355489505,0,0
0,0.820187915357526,1,1
1,0.6953278491641369,1,1
1,0.7771227467042705,1,1
1,0.647979195983355,1,0
0,0.9354489584661295,1,1
0,0.8648323834801113,1,1
0,0.2258799599701431,0,0
1,0.8886324421059317,1,1
0,0.9437297972758455,1,1
0,0.8156916044571526,1,1
0,0.850271677734165,1,1
0,0.5952628238834983,1,0
0,0.34951337703962243,0,0
1,0.8536077537183124,1,1
0,0.8008634326624009,1,1
0,0.5646525941921352,1,0
0,0.41813804475977556,0,0
0,0.5134549511706833,1,0
0,0.8288682090431475,1,1
0,0.3529946325890822,0,0
1,0.848202180328544,1,1
0,0.4713544707641466,0,0
0,0.6320838035578191,1,0
0,0.15455084324762464,0,0
1,0.7884822329103237,1,1
0,0.6375592975476654,1,0
0,0.6328915080861683,1,0
1,0.6183164213524099,1,0
0,0.8626744475771695,1,1
0,0.3256032441654214,0,0
0,0.30450415695947125,0,0
0,0.6291013716153232,1,0
0,0.12058598404517919,0,0
0,0.3441690453580712,0,0
0,0.41412690249514084,0,0
1,0.9368961470744153,1,1
0,0.4256958353654108,0,0
0,0.608504563829968,1,0
1,0.5651593796446456,1,0
0,0.3007235235040061,0,0
1,0.8412043875464844,1,1
0,0.5842128714769791,1,0
1,0.774047744606524,1,1
1,0.5659132221309606,1,0
0,0.8951038541093739,1,1
0,0.7111439134547064,1,1
0,0.38557995976142273,0,0
0,0.8141440643974384,1,1
0,0.4098538153007467,0,0
0,0.6024650914765943,1,0
0,0.8327770697958852,1,1
0,0.5151693238504876,1,0
1,0.9610297149096514,1,1
1,0.759515554519099,1,1
1,0.8461254385768306,1,1
1,0.907838092792064,1,1
0,0.47971483814718313,0,0
1,0.8836281360543528,1,1
0,0.6245603208134894,1,0
0,0.4892707497661305,0,0
1,0.9502853635521641,1,1
0,0.7715122913738149,1,1
0,0.31739773498873897,0,0
1,0.9303362782817065,1,1
0,0.5498622756623304,1,0
1,0.9196692889835018,1,1
0,0.22252760891433163,0,0
1,0.8894187177396559,1,1
1,0.8369419552505376,1,1
0,0.2843991643745641,0,0
1,0.806053616712118,1,1
0,0.6462496220329814,1,0
1,0.8372402264683237,1,1
1,0.7788347086569174,1,1
0,0.21516210545820189,0,0
1,0.8209698558574857,1,1
1,0.8079757543801166,1,1
0,0.6232453816630407,1,0
1,0.9191272413191682,1,1
1,0.5886030538037219,1,0
0,0.3362730644869783,0,0
0,0.35672457413470154,0,0
0,0.8932053372245105,1,1
1,0.6970967744817409,1,1
0,0.5153062832240304,1,0
0,0.8896462573063432,1,1
0,0.7296776737017368,1,1
0,0.8695481980282592,1,1
0,0.2065215841027678,0,0
1,0.3294167777018607,0,0
0,0.35187639780305674,0,0
0,0.7817202424473536,1,1
1,0.8750629333143928,1,1
0,0.5143108974498919,1,0
0,0.7404061311717879,1,1
0,0.6269712162823212,1,0
1,0.9267198472826698,1,1
1,0.8992947137975755,1,1
1,0.4695791281640252,0,0
0,0.42853397263030213,0,0
0,0.2633528822770255,0,0
1,0.8969034561043608,1,1
0,0.7294220773945795,1,1
0,0.5682078776475887,1,0
1,0.852010272210231,1,1
1,0.8497403307295497,1,1
1,0.737718226778979,1,1
0,0.37420373245580607,0,0
1,0.8698558636982718,1,1
0,0.7239627354862976,1,1
0,0.3506854416060977,0,0
0,0.2871773272721024,0,0
1,0.8014045018964028,1,1
1,0.8948081839399571,1,1
1,0.9182957441783799,1,1
0,0.8064299568395884,1,1
0,0.4442319593948027,0,0
0,0.44985447194412087,0,0
0,0.6182605267871841,1,0
0,0.8645786902080925,1,1
1,0.8140988972253222,1,1
1,0.6236029663422618,1,0
0,0.2209609055902166,0,0
1,0.9384071966680567,1,1
0,0.7953136342281066,1,1
1,0.9147668746951277,1,1
0,0.32270832893760076,0,0
0,0.8024363711386321,1,1
1,0.6846205930497877,1,0
0,0.7600202402030664,1,1
0,0.5501462968822518,1,0
0,0.4336001837927578,0,0
0,0.5240802427309497,1,0
0,0.6211667986575845,1,0
0,0.6654837011666304,1,0
0,0.2453611627330793,0,0
1,0.4696833221111905,0,0
0,0.35175748305562865,0,0
0,0.34278283796511905,0,0
0,0.4095626329145615,0,0
0,0.6671576571832174,1,0
1,0.8159301320623682,1,1
0,0.3834348311320342,0,0
1,0.9492717950269158,1,1
0,0.7556989280027367,1,1
1,0.6847500515133249,1,0
0,0.41183183271032164,0,0
0,0.41617798543682444,0,0
0,0.7543573736598636,1,1
0,0.6461159072416023,1,0
1,0.9386410918800095,1,1
1,0.711644374217767,1,1
0,0.820056630917424,1,1
0,0.4414635303384167,0,0
0,0.4677296228752183,0,0
1,0.8235051335373961,1,1
1,0.641775628486272,1,0
0,0.3192934754145203,0,0
0,0.7288881357510225,1,1
0,0.5146058472164639,1,0
1,0.8012585411599549,1,1
0,0.5026993341996359,1,0
1,0.8106139561509759,1,1
1,0.883898471929035,1,1
0,0.8753282106819944,1,1
1,0.6775611263080449,1,0
0,0.4288732740512564,0,0
0,0.6899289636694439,1,0
0,0.25934293215148885,0,0
0,0.3985799685233059,0,0
1,0.8447083332908417,1,1
0,0.7108519077064911,1,1
1,0.6047471915418238,1,0
0,0.7692785193547194,1,1
0,0.16193702373902916,0,0
0,0.8690275459819677,1,1
0,0.33151044256939177,0,0
0,0.5017730383947332,1,0
0,0.5396168539020249,1,0
0,0.4752052055659106,0,0
0,0.3835548435916696,0,0
0,0.7748169218060118,1,1
1,0.9483857546624468,1,1
0,0.5184663312194971,1,0
0,0.3858914525406364,0,0
0,0.2084770436770086,0,0
1,0.9183588630754665,1,1
1,0.7796971761636835,1,1
0,0.786608402560531,1,1
1,0.9129676918754974,1,1
0,0.6429199276696383,1,0
1,0.9235230361407949,1,1
1,0.7572910631208135,1,1
1,0.8017190479587568,1,1
0,0.5138613558315507,1,0
0,0.08276245890334917,0,0
0,0.3777765071805743,0,0
0,0.3407713825081917,0,0
0,0.1956410610410898,0,0
0,0.5415805279016563,1,0
0,0.19660346613852273,0,0
1,0.49433376958769254,0,0
0,0.3632390647082705,0,0
1,0.8477092102674038,1,1
0,0.2073577337864522,0,0
0,0.8369511519237994,1,1
0,0.12366447807431179,0,0
1,0.9462762312360515,1,1
1,0.8779783378252182,1,1
0,0.9478566159019954,1,1
1,0.7108615834318849,1,1
1,0.5862741834678841,1,0
0,0.4954492779935397,0,0
0,0.9018189577421385,1,1
1,0.7905269645034916,1,1
0,0.27235983420023646,0,0
0,0.1897288647859875,0,0
0,0.8545971963330644,1,1
0,0.7446835718439229,1,1
0,0.5960553896916158,1,0
0,0.4243885518606982,0,0
1,0.8527956645309739,1,1
0,0.7439319847631273,1,1
0,0.7428198170387833,1,1
0,0.4519338524247069,0,0
0,0.7947686661863437,1,1
0,0.3149371607146111,0,0
1,0.7131761586030908,1,1
0,0.9150479567810017,1,1
1,0.9300428352693997,1,1
0,0.25857811142381265,0,0
0,0.6945510665013781,1,1
0,0.28306266459349044,0,0
1,0.8184247203692571,1,1
0,0.7609035860151104,1,1
0,0.5246833712864667,1,0
1,0.7732550116841377,1,1
0,0.41481174246196395,0,0
0,0.5199340455327774,1,0
0,0.41363237629830907,0,0
1,0.7230915381236798,1,1
1,0.8964894460695697,1,1
1,0.7697545538697385,1,1
0,0.6275041080239796,1,0
0,0.6541241180078392,1,0
0,0.7043479024765048,1,1
0,0.5933677835742969,1,0
1,0.45300813024118647,0,0
0,0.26397208066388106,0,0
0,0.3932443682060135,0,0
0,0.9203957139618786,1,1
1,0.7658706630664194,1,1
0,0.4974892181349834,0,0
1,0.8213202279172893,1,1
1,0.6329627899736505,1,0
0,0.3972076507367914,0,0
0,0.7712814416272614,1,1
1,0.842465797771542,1,1
0,0.8035971818919637,1,1
1,0.6766083593355419,1,0
0,0.33220952682156973,0,0
1,0.7778249446308514,1,1
1,0.8144873530702728,1,1
1,0.8552855564535458,1,1
0,0.7950811795433972,1,1
0,0.3400960976233213,0,0
0,0.9153323287874099,1,1
1,0.8385764714715342,1,1
0,0.8190022778138154,1,1
1,0.9221154813011722,1,1
0,0.6906846692177189,1,1
0,0.28855728008447007,0,0
0,0.3648286337328837,0,0
0,0.18497415772012232,0,0
1,0.9317959243737732,1,1
1,0.7861980334753325,1,1
0,0.5814078102355335,1,0
0,0.6389563554574881,1,0
1,0.7686482979229997,1,1
0,0.5036141291843077,1,0
0,0.6558367186356443,1,0
0,0.19162921903156604,0,0
1,0.7576427741225653,1,1
1,0.6743856835840205,1,0
0,0.5880293604988569,1,0
0,0.49573581691834395,0,0
0,0.6796088059335098,1,0
0,0.895560692701784,1,1
1,0.8193428298805026,1,1
0,0.5359459438821171,1,0
0,0.3553184710973149,0,0
0,0.6691647523938223,1,0
1,0.8956398531660078,1,1
1,0.7231892555621044,1,1
1,0.9284321538784728,1,1
1,0.8580229486835598,1,1
0,0.3900804680021599,0,0
1,0.8392492267803564,1,1
0,0.637564211646116,1,0
0,0.9470720995996227,1,1
0,0.8258678893866521,1,1
1,0.8700947725028653,1,1
0,0.35471092281176414,0,0
0,0.28908240789507034,0,0
0,0.45999625252517634,0,0
0,0.6221366035848607,1,0
0,0.21427435072323409,0,0
1,0.9277737188691649,1,1
1,0.9553008302794939,1,1
0,0.5427566111146792,1,0
0,0.5415329214280864,1,0
1,0.694607407973255,1,1
1,0.9349801006082873,1,1
0,0.5915790498668269,1,0
0,0.5395095582194471,1,0
1,0.8105384014441768,1,1
0,0.781234713265655,1,1
0,0.4635894487867961,0,0
1,0.46486551772476936,0,0
1,0.7609796994542793,1,1
0,0.3903520714421894,0,0
0,0.7529685020479115,1,1
1,0.9409906130378383,1,1
0,0.6766519730619525,1,0
0,0.5452883855901652,1,0
1,0.720247782162377,1,1
0,0.42364587780933566,0,0
0,0.5758087693634198,1,0
0,0.8021288305656878,1,1
1,0.898338023969411,1,1
0,0.8683293238225868,1,1
0,0.4861361059245756,0,0
0,0.8801095320067674,1,1
1,0.9037352119458794,1,1
1,0.7346468639362493,1,1
0,0.5712660793494887,1,0
1,0.8676362513191521,1,1
0,0.7413916356759535,1,1
0,0.3412768383279557,0,0
0,0.44096764379371844,0,0
0,0.809801771859067,1,1
1,0.49739198567508075,0,0
0,0.671930723336956,1,0
1,0.3450580291338421,0,0
1,0.9314944933969699,1,1
0,0.5563150305004574,1,0
1,0.8008131462583087,1,1
1,0.5451197731722542,1,0
1,0.7877287942990071,1,1
0,0.6678695878390023,1,0
1,0.44010989154916996,0,0
1,0.8753363449265996,1,1
1,0.3187327954853892,0,0
1,0.8256608708109268,1,1
1,0.8881369401745282,1,1
1,0.6607485079171691,1,0
1,0.936598132394984,1,1
0,0.15632726770111913,0,0
1,0.5908769776517816,1,0
0,0.34750676272355197,0,0
0,0.8241239211552104,1,1
1,0.6581157679690901,1,0
0,0.9474321542816408,1,1
0,0.35652222717719323,0,0
0,0.16618573030551162,0,0
0,0.2970149858221986,0,0
1,0.777061094228986,1,1
0,0.45953143301586424,0,0
0,0.9186736964523525,1,1
1,0.818829749886046,1,1
1,0.8590313090672594,1,1
1,0.5399396253542457,1,0
0,0.9432076684086089,1,1
0,0.7524299813279706,1,1
1,0.6308817753610403,1,0
0,0.5699583531878111,1,0
0,0.2576798236320602,0,0
0,0.2345390078655955,0,0
1,0.8652513505697456,1,1
0,0.4403261469351649,0,0
0,0.22640015292342655,0,0
0,0.7356031461545004,1,1
0,0.4981039196320437,0,0
1,0.8708481912282512,1,1
0,0.5491259946292252,1,0
1,0.6446164630593333,1,0
0,0.6844257198412728,1,0
1,0.9459260886421726,1,1
1,0.8101571387706473,1,1
1,0.9207761399750737,1,1
0,0.31340108902856134,0,0
0,0.6060386325041595,1,0
0,0.5626277071651394,1,0
1,0.5192368527734422,1,0
0,0.3509136315904514,0,0
0,0.4818567299871876,0,0
0,0.44679258404976174,0,0
0,0.34955475873888736,0,0
0,0.14111856786982624,0,0
1,0.8891707559573365,1,1
1,0.916328892324815,1,1
0,0.6062499084955472,1,0
1,0.7846428177152395,1,1
0,0.7709612016965384,1,1
1,0.9518958522395888,1,1
1,0.39326578278998453,0,0
0,0.766801330836462,1,1
0,0.3823563351048699,0,0
1,0.7466191894130934,1,1
0,0.49166492290169206,0,0
0,0.3180411668795713,0,0
1,0.917815677980066,1,1
0,0.7531068123440622,1,1
1,0.8062557450816368,1,1
0,0.33049358777663834,0,0
1,0.6082846121515579,1,0
0,0.5064081526635154,1,0
1,0.9534626862453945,1,1
0,0.532042595491744,1,0
0,0.4526256636057144,0,0
0,0.7189285875860133,1,1
1,0.8132585801263011,1,1
0,0.6866722113842678,1,0
0,0.858985165386148,1,1
0,0.7403709339070879,1,1
1,0.7272609309884696,1,1
1,0.7797210715553781,1,1
0,0.7878292912423669,1,1
0,0.8802913097274272,1,1
0,0.3265692473414494,0,0
1,0.8826042175226163,1,1
0,0.813681581163111,1,1
1,0.2974695342938083,0,0
0,0.4471013540240255,0,0
0,0.792214724185744,1,1
0,0.6108734499288279,1,0
1,0.9150561379141999,1,1
0,0.22350478062160198,0,0
1,0.777571827521002,1,1
0,0.8726073938957734,1,1
1,0.7100308567800673,1,1
1,0.9622011071515784,1,1
0,0.20162500639470166,0,0
0,0.21012901949169902,0,0
1,0.9571089069475379,1,1
1,0.4627546571087467,0,0
0,0.5772234266852128,1,0
0,0.11266724127539847,0,0
0,0.6078045146740183,1,0
0,0.21852880058675486,0,0
0,0.7806752417706821,1,1
0,0.5972349231122768,1,0
0,0.5749675090710517,1,0
0,0.27427069133359866,0,0
0,0.7647881976945707,1,1
0,0.6081770000778898,1,0
0,0.7349739684820226,1,1
1,0.9510597552748236,1,1
1,0.9020097504573147,1,1
0,0.569918224797872,1,0
0,0.3138143068036147,0,0
1,0.7210947891093332,1,1
0,0.6950869537396723,1,1
1,0.4606316110938766,0,0
0,0.10404880992244783,0,0
1,0.5118850849270313,1,0
0,0.2201378219094259,0,0
0,0.2226236245686545,0,0
0,0.504532751629158,1,0
1,0.8785983113719485,1,1
1,0.7162968889820106,1,1
0,0.6931825471573544,1,1
0,0.540187960612765,1,0
1,0.8890895242475557,1,1
0,0.9257471187579299,1,1
0,0.605400312916471,1,0
0,0.7262278241519926,1,1
0,0.23159204617695822,0,0
0,0.743212670840407,1,1
0,0.21075138633066243,0,0
0,0.8093470710023006,1,1
0,0.7582006587110417,1,1
0,0.7713386494335508,1,1
0,0.40941139088702566,0,0
0,0.5890243170863341,1,0
0,0.6925717405490653,1,1
1,0.7747591247399775,1,1
1,0.6039740886042837,1,0
1,0.8746587396690911,1,1
1,0.7757160603667165,1,1
0,0.44519669745193835,0,0
0,0.32834242508789224,0,0
1,0.645174612869867,1,0
0,0.7818405014895289,1,1
1,0.6838940168229618,1,0
1,0.5867952466864595,1,0
0,0.19591105723162955,0,0
1,0.8748777903459259,1,1
0,0.21882363327225587,0,0
0,0.530568491981905,1,0
1,0.7211747422407103,1,1
0,0.3918354553638247,0,0
0,0.5204522464638999,1,0
0,0.6318571543331594,1,0
0,0.4399517353542451,0,0
1,0.8118770048636534,1,1
1,0.9261347367384835,1,1
0,0.6473214232460844,1,0
0,0.7565931847197175,1,1
0,0.5583608897280815,1,0
1,0.8433492273838035,1,1
0,0.6969129043210811,1,1
1,0.7960819987876305,1,1
0,0.8388013915913534,1,1
1,0.8611814094907868,1,1
1,0.9614236547089023,1,1
0,0.2928895289864798,0,0
1,0.928716059997707,1,1
0,0.5120457304131503,1,0
0,0.691573326872917,1,1
1,0.5381401177260995,1,0
0,0.9014049270286336,1,1
0,0.22082408655591326,0,0
0,0.5645383742212158,1,0
1,0.6908004482693428,1,1
0,0.486106467231258,0,0
0,0.84885037261269,1,1
0,0.7038891944054106,1,1
0,0.7798434705594391,1,1
0,0.3532707039143977,0,0
0,0.6620767781982357,1,0
0,0.7047020410678271,1,1
0,0.3628852358829789,0,0
0,0.7106714912305172,1,1
0,0.393991927352707,0,0
1,0.8476068939264122,1,1
1,0.6662862128847205,1,0
0,0.9085873073871886,1,1
1,0.9153777508773038,1,1
1,0.34659774682070316,0,0
0,0.274501522404347,0,0
1,0.8983303313947463,1,1
0,0.4688115355550407,0,0
0,0.7533509640263207,1,1
1,0.31605193098760254,0,0
0,0.9055132389249512,1,1
0,0.6725358488875731,1,0
1,0.6625460373006059,1,0
1,0.9082755205047109,1,1
0,0.4378518467960862,0,0
1,0.9493190899470152,1,1
1,0.7616568844459427,1,1
1,0.4174741395126365,0,0
0,0.3861726731575695,0,0
1,0.7729928843227198,1,1
0,0.4929263123266508,0,0
0,0.5216717359327478,1,0
1,0.8772413451994272,1,1
0,0.7112674705819233,1,1
1,0.9245030218872407,1,1
1,0.8403477098217709,1,1
1,0.689347735925987,1,0
1,0.6476344796593749,1,0
0,0.7554301553084244,1,1
0,0.6771634752677002,1,0
0,0.3882137267496819,0,0
0,0.7098320082524564,1,1
1,0.8193680725708322,1,1
1,0.9292517514702001,1,1
0,0.1791604497182171,0,0
1,0.6344465654997815,1,0
0,0.3666638755139249,0,0
1,0.9215410543920394,1,1
0,0.4273229267702876,0,0
0,0.4967261719720486,0,0
0,0.19711810312646164,0,0
1,0.6348174632163832,1,0
0,0.42151610620141233,0,0
1,0.9170790805223084,1,1
0,0.16940651594833622,0,0
1,0.9130280756763555,1,1
0,0.6937660092440289,1,1
1,0.8702597354511488,1,1
0,0.8837657529825603,1,1
0,0.3259898131457124,0,0
1,0.5557442773614637,1,0
1,0.9335706084969767,1,1
1,0.9087372351550449,1,1
1,0.7722776908768484,1,1
0,0.7413183212898616,1,1
1,0.560818049779629,1,0
0,0.7939699315458202,1,1
0,0.6098288762075468,1,0
1,0.9270014525470831,1,1
1,0.843440155022641,1,1
0,0.4544180248417843,0,0
0,0.5928411128096189,1,0
0,0.1473634847052427,0,0
1,0.739484128460859,1,1
0,0.750208119445601,1,1
0,0.3268091188091002,0,0
0,0.6661666329886444,1,0
0,0.7809092179891538,1,1
0,0.2294938817551998,0,0
1,0.8975986756146366,1,1
0,0.422869580863586,0,0
0,0.8432919802749894,1,1
0,0.1276539703216707,0,0
0,0.3723131811926797,0,0
1,0.7999609558910009,1,1
0,0.5596373842812135,1,0
1,0.8186864742049411,1,1
0,0.7686739239777209,1,1
0,0.36559767047795205,0,0
0,0.5313469690624937,1,0
1,0.8576028623358205,1,1
0,0.4448634480097771,0,0
0,0.783686746445924,1,1
0,0.25853484999419396,0,0
1,0.8581934724087045,1,1
0,0.25783088768402157,0,0
1,0.7011183032135162,1,1
0,0.5863693135051595,1,0
1,0.8941465077437388,1,1
0,0.6388604280770831,1,0
1,0.8262195952120761,1,1
0,0.18102616567998103,0,0
0,0.5050717514652636,1,0
1,0.743459150223766,1,1
1,0.9348820341121048,1,1
0,0.9063470945732416,1,1
0,0.6091145553193147,1,0
0,0.24649629067418186,0,0
0,0.4659489353097136,0,0
0,0.5662560593300527,1,0
0,0.46975871407494607,0,0
0,0.858242786491259,1,1
0,0.2872999516282517,0,0
0,0.7282256513412265,1,1
1,0.7160466451480854,1,1
0,0.27587099036197826,0,0
1,0.867638826746583,1,1
0,0.5482269154380836,1,0
0,0.42058788273313474,0,0
1,0.8547566939114651,1,1
1,0.621350516799056,1,0
1,0.8694964989416969,1,1
0,0.33078697271197693,0,0
1,0.7236417237646079,1,1
1,0.8878201808987415,1,1
0,0.9043384225295318,1,1
0,0.5324111427535118,1,0
1,0.9058360109717263,1,1
0,0.8830290415209596,1,1
0,0.5032065314578634,1,0
0,0.7127890499117172,1,1
0,0.5445548162022048,1,0
0,0.8195185453712325,1,1
1,0.8443919565668766,1,1
0,0.297248210351142,0,0
0,0.5956227425093382,1,0
1,0.9199456681859429,1,1
0,0.41064165193256735,0,0
1,0.8289204453115588,1,1
0,0.48849900025207993,0,0
1,0.9516714287169392,1,1
0,0.4127687659173301,0,0
0,0.9548292641976303,1,1
1,0.7497373512676613,1,1
0,0.7035185905100829,1,1
0,0.5385229603865197,1,0
1,0.4886160016497684,0,0
0,0.29759655122843387,0,0
0,0.3230156349234447,0,0
1,0.7185244284238919,1,1
1,0.6062314053018749,1,0
0,0.4275694368128971,0,0
0,0.31177587140769314,0,0
1,0.8931629499692444,1,1
0,0.5101158949101778,1,0
1,0.6390640716446873,1,0
0,0.7392194382044441,1,1
0,0.5649124944087991,1,0
1,0.7150548014830075,1,1
0,0.8036892827851319,1,1
1,0.9139481891156758,1,1
0,0.6178226085333703,1,0
1,0.900382551303262,1,1
0,0.5369405304710195,1,0
0,0.8982540600274485,1,1
1,0.5304838182741287,1,0
1,0.6933879880493956,1,1
0,0.38820148677463956,0,0
0,0.656081869615198,1,0
0,0.24697995350911636,0,0
1,0.8790056928389233,1,1
0,0.4509786412032354,0,0
0,0.22436575216056745,0,0
1,0.6003368815933372,1,0
0,0.7655889909970022,1,1
0,0.75229954350519,1,1
0,0.34820781757955555,0,0
1,0.265490346261266,0,0
1,0.9283791220392479,1,1
0,0.5287461333531163,1,0
0,0.4727431024580683,0,0
0,0.4191917983551535,0,0
0,0.4791361989098052,0,0
1,0.8563347481920258,1,1
0,0.17432672331653817,0,0
1,0.8858446002922317,1,1
0,0.8111358499626525,1,1
0,0.4477142196657906,0,0
0,0.3501682290849248,0,0
0,0.6758557952238141,1,0
1,0.6864287560700567,1,0
1,0.8851295733700543,1,1
0,0.4611431963362591,0,0
0,0.30588249673211876,0,0
1,0.5994504390084284,1,0
0,0.7308572124870778,1,1
0,0.626277910624985,1,0
0,0.7504274060250538,1,1
1,0.5941534961102325,1,0
0,0.573027438234326,1,0
0,0.5302449497263855,1,0
0,0.5215759503951523,1,0
1,0.8581068896865393,1,1
1,0.9250169545388021,1,1
1,0.8330407143986469,1,1
0,0.23347947744899983,0,0
1,0.6682577287481709,1,0
0,0.15161806455023263,0,0
0,0.6921472414074615,1,1
0,0.3264795702695275,0,0
0,0.3968415156892462,0,0
1,0.809295097783917,1,1
0,0.6786987707661375,1,0
0,0.5440659545956923,1,0
0,0.36995030531423995,0,0
1,0.49081685571167794,0,0
0,0.8310713576431996,1,1
0,0.8641111700725093,1,1
1,0.6218315694499817,1,0
1,0.9091975139198677,1,1
0,0.640341388680123,1,0
0,0.45265658717018914,0,0
0,0.18573728289916616,0,0
1,0.8723569605038027,1,1
0,0.7585663189409694,1,1
0,0.5671646770274289,1,0
0,0.26845585884269163,0,0
0,0.4060427027573871,0,0
1,0.7839288237353133,1,1
0,0.871687790025135,1,1
0,0.4947398288376645,0,0
0,0.33524993994005114,0,0
0,0.1018208360488474,0,0
1,0.8871401978975425,1,1
1,0.9550004836501791,1,1
0,0.7747223466090606,1,1
0,0.7970278082554457,1,1
0,0.8095544662503548,1,1
0,0.6398742152627642,1,0
0,0.5301160395919867,1,0
0,0.6166765582887245,1,0
0,0.7678448725822237,1,1
1,0.9163628910098472,1,1
0,0.9085776301864166,1,1
0,0.5231267690305992,1,0
0,0.9569695038265184,1,1
0,0.16175421188017935,0,0
0,0.8958785812769504,1,1
0,0.13173159739884846,0,0
0,0.8755239335828302,1,1
0,0.5064418917154024,1,0
0,0.7055510942911266,1,1
1,0.41204169242364785,0,0
0,0.4879421181175586,0,0
0,0.570554167258656,1,0
1,0.8697167654642877,1,1
1,0.6671820789087611,1,0
0,0.5264100545026621,1,0
0,0.9194508254366447,1,1
1,0.9412740715348549,1,1
1,0.623642814005346,1,0
1,0.7437390848357318,1,1
0,0.5272308011313377,1,0
0,0.6593815044740637,1,0
0,0.706266956744133,1,1
0,0.8674624597503169,1,1
0,0.5560809237206511,1,0
0,0.21255885405488073,0,0
1,0.8710614727514185,1,1
1,0.7293108091327402,1,1
1,0.3967788143955855,0,0
1,0.7925005599065458,1,1
1,0.7438367469313296,1,1
1,0.6166100190961689,1,0
0,0.407320892476284,0,0
0,0.327203232931797,0,0
1,0.9353302406012606,1,1
1,0.7357383638038062,1,1
0,0.7251884901762654,1,1
0,0.5270340487396458,1,0
0,0.26256316239222305,0,0
0,0.7511063057752227,1,1
0,0.28723904660111765,0,0
1,0.5816852428513322,1,0
1,0.6848355135417308,1,0
0,0.5446983230551333,1,0
1,0.9126455007005158,1,1
0,0.6018617555418446,1,0
1,0.8916325429179134,1,1
0,0.7409811805276113,1,1
0,0.713306372400821,1,1
0,0.5812329057808099,1,0
0,0.4273525692191761,0,0
1,0.6988336110224903,1,1
1,0.5729342439430894,1,0
1,0.8772637489398272,1,1
1,0.6607407133307882,1,0
0,0.6893338434458057,1,0
1,0.7048229579974382,1,1
0,0.673350864303581,1,0
0,0.2018571121127036,0,0
1,0.7136765700321664,1,1
1,0.7044287919453711,1,1
1,0.9149066138405249,1,1
0,0.7077876597788776,1,1
1,0.6878536974918623,1,0
0,0.8401103956464794,1,1
0,0.4094834602528152,0,0
0,0.23197477860860874,0,0
1,0.5933071501314254,1,0
1,0.5956538362704983,1,0
0,0.32414549809124865,0,0
1,0.7801982883940186,1,1
0,0.36624484549786657,0,0
1,0.9080552401191188,1,1
0,0.5609421157267203,1,0
0,0.55649139911697,1,0
0,0.5041826717407952,1,0
0,0.7878016111232096,1,1
0,0.2788750154684952,0,0
0,0.6411061460961347,1,0
1,0.8404107376700242,1,1
0,0.5517753396447147,1,0
0,0.8997634773110105,1,1
0,0.8396134349685359,1,1
0,0.6119907338728919,1,0
0,0.5218880968622873,1,0
0,0.681311675010787,1,0
0,0.6604914275869246,1,0
0,0.8213579233486175,1,1
0,0.7708314601053315,1,1
0,0.5176418087149461,1,0
0,0.9140112785545851,1,1
0,0.4491258220192357,0,0
0,0.5573866193415675,1,0
1,0.7574825543115363,1,1
1,0.9162190432917099,1,1
0,0.7142285382521747,1,1
0,0.6258036602292959,1,0
1,0.8450700319567693,1,1
0,0.4437059935457009,0,0
1,0.9016860240941356,1,1
0,0.4510104592953108,0,0
0,0.6855897448192765,1,0
1,0.8789874774131098,1,1
1,0.75364199789847,1,1
0,0.9291146448398773,1,1
1,0.737597373071515,1,1
0,0.5318101546251011,1,0
1,0.9335134997071144,1,1
0,0.32479336221023253,0,0
0,0.4537524504538155,0,0
1,0.6540508871197932,1,0
0,0.7809187756780381,1,1
0,0.44470918737330734,0,0
0,0.26007164558352386,0,0
1,0.566105392088276,1,0
0,0.8231027121612968,1,1
0,0.5498170247349448,1,0
1,0.5009903237331038,1,0
1,0.342218899309351,0,0
0,0.5280005352565521,1,0
1,0.6869366151807643,1,0
0,0.19405950804866426,0,0
1,0.8508821606082319,1,1
0,0.5288802308599043,1,0
0,0.7464975982760784,1,1
1,0.8234919233079414,1,1
1,0.9487213809663186,1,1
0,0.3843649791830112,0,0
0,0.2018078313557344,0,0
1,0.9363000507143783,1,1
0,0.4894546259228232,0,0
0,0.7429238217336159,1,1
0,0.2202052461382206,0,0
0,0.9035876478701955,1,1
1,0.33993964404130234,0,0
0,0.5985018429431542,1,0
0,0.8347039669570784,1,1
1,0.8337568933954398,1,1
1,0.8400909922745465,1,1
0,0.6836599822626173,1,0
0,0.7406428407387305,1,1
0,0.6408143938307873,1,0
1,0.942097143949175,1,1
1,0.8703129694298677,1,1
1,0.6541938980353944,1,0
0,0.30079906577977383,0,0
0,0.26907592465729013,0,0
1,0.9330121758476494,1,1
0,0.4117073255991489,0,0
0,0.6662929634601048,1,0
0,0.37335323515050106,0,0
0,0.23346554378887344,0,0
0,0.774047744606524,1,1
0,0.882437879663584,1,1
0,0.780789519181133,1,1
1,0.9386089497359088,1,1
1,0.7699885536097616,1,1
1,0.47751626146751863,0,0
1,0.7825783441914802,1,1
1,0.8874701770051773,1,1
0,0.7145761396604895,1,1
0,0.8345367431780408,1,1
0,0.501018504679636,1,0
1,0.8896989393543194,1,1
1,0.8479213550455598,1,1
1,0.9408821605881132,1,1
1,0.9446892877604233,1,1
0,0.1311645269867609,0,0
1,0.4549807547421397,0,0
0,0.22639624284119278,0,0
0,0.19848147300232943,0,0
0,0.20454087874260146,0,0
0,0.3035456362129302,0,0
0,0.32557013262605494,0,0
0,0.6337325328399882,1,0
0,0.7108956130567168,1,1
0,0.6228309978339608,1,0
0,0.31035147388004797,0,0
0,0.3610296218011122,0,0
1,0.8662555424208179,1,1
0,0.3354581777451511,0,0
0,0.5875021829193761,1,0
0,0.2952941850292881,0,0
1,0.8250217241861646,1,1
0,0.5450455653778361,1,0
0,0.7364939874788548,1,1
0,0.8835816081628026,1,1
0,0.9294552937216516,1,1
1,0.8706513712240779,1,1
1,0.7821769495494532,1,1
0,0.7076598609529423,1,1
1,0.7562228744810631,1,1
1,0.8967141418010042,1,1
0,0.8700620997227774,1,1
1,0.9521027983024022,1,1
0,0.7793347773716887,1,1
1,0.13161704852508962,0,0
1,0.9495058088119417,1,1
1,0.654653495168008,1,0
0,0.5965305633791301,1,0
1,0.6145446798383849,1,0
0,0.3335710089857309,0,0
0,0.4661281199433958,0,0
1,0.9121090782190627,1,1
1,0.7272163973583403,1,1
0,0.18324409888131635,0,0
0,0.6163131001154549,1,0
1,0.7080573534290813,1,1
0,0.9284746405805092,1,1
0,0.7524208397664878,1,1
0,0.6140996989747843,1,0
1,0.8749424556672157,1,1
1,0.7638722359633596,1,1
0,0.6565454307541084,1,0
0,0.7047031326584712,1,1
1,0.8175976822621206,1,1
0,0.45773401484113213,0,0
1,0.9347233750482762,1,1
0,0.7894452724689783,1,1
1,0.5047385642234832,1,0
0,0.5941759100186659,1,0
0,0.7797299151433903,1,1
1,0.7677688974751607,1,1
1,0.8295480535998456,1,1
1,0.6736518440387226,1,0
0,0.9187555090340073,1,1
0,0.8393117301869564,1,1
0,0.25239364661412117,0,0
0,0.8331773676275173,1,1
0,0.5740216053158077,1,0
0,0.6192335308935834,1,0
0,0.30424983619277585,0,0
0,0.6162855884097691,1,0
0,0.8770167282690854,1,1
1,0.9204872164910568,1,1
0,0.519872343576627,1,0
1,0.7355952133371051,1,1
1,0.9243731487451369,1,1
0,0.5394282389505025,1,0
1,0.7950175900533136,1,1
0,0.8949914733687676,1,1
0,0.5269090562587377,1,0
0,0.14147998620473565,0,0
0,0.6867837994861983,1,0
0,0.6889277642776505,1,0
1,0.626995884424071,1,0
0,0.5896082537632361,1,0
0,0.7755914404764235,1,1
0,0.6033709977284941,1,0
1,0.8824064148944609,1,1
1,0.20102079954891242,0,0
1,0.8838943173247563,1,1
1,0.9026446250120763,1,1
1,0.43228937878783047,0,0
1,0.6110769693196155,1,0
0,0.540453968218818,1,0
0,0.17013920019962592,0,0
0,0.654487111936144,1,0
0,0.8603240977941647,1,1
0,0.19805628742151002,0,0
1,0.7023098138258891,1,1
0,0.4634843996511964,0,0
0,0.37467301211671955,0,0
0,0.9350075297959509,1,1
0,0.3143486684234295,0,0
0,0.5692633806609626,1,0
0,0.9087705257407233,1,1
0,0.5670618470247093,1,0
0,0.3396453273037338,0,0
0,0.35105976810343403,0,0
1,0.6558397802614306,1,0
0,0.21562685066976645,0,0
0,0.19788032959488655,0,0
0,0.6400944800365309,1,0
0,0.23766437473307347,0,0
0,0.5456009973293465,1,0
1,0.7283415962369942,1,1
1,0.9169493222408369,1,1
0,0.5351749509678198,1,0
0,0.4584426788016384,0,0
0,0.6472428876041835,1,0
1,0.9580450325843922,1,1
0,0.9315602054932822,1,1
0,0.4859542634519364,0,0
1,0.353518337860274,0,0
0,0.19957505688322602,0,0
1,0.9262358953943621,1,1
0,0.7985504273982846,1,1
0,0.11246218383041867,0,0
0,0.6902691782517203,1,1
1,0.8588847296756823,1,1
0,0.7778209118750847,1,1
0,0.5003636032503357,1,0
1,0.890258556969146,1,1
1,0.9012715976279014,1,1
0,0.6130026785813971,1,0
1,0.5089132657886899,1,0
0,0.8894082341648393,1,1
0,0.6561917239463381,1,0
0,0.6763461995840081,1,0
0,0.42961281756257846,0,0
0,0.9087642544394552,1,1
0,0.6654254371567001,1,0
0,0.17921175838358694,0,0
0,0.7562947384809774,1,1
1,0.842111946371898,1,1
0,0.16835377877165006,0,0
0,0.8013147814828505,1,1
1,0.7991134060100843,1,1
0,0.4612815635482038,0,0
0,0.5567073062309896,1,0
1,0.8648955453865614,1,1
0,0.5886161333498163,1,0
1,0.8602576709174624,1,1
0,0.8974668598286428,1,1
1,0.7824316510125063,1,1
0,0.31870062937592836,0,0
1,0.4834306145134479,0,0
0,0.8657333919546893,1,1
1,0.788851894417255,1,1
0,0.5525492920206282,1,0
1,0.6525489529944783,1,0
1,0.8931183626139497,1,1
0,0.537157583501979,1,0
0,0.698369837700362,1,1
0,0.7553213727048583,1,1
0,0.7006769050062253,1,1
0,0.6640474317229167,1,0
0,0.8662924532155238,1,1
0,0.6423053523826895,1,0
0,0.12464831770802162,0,0
0,0.25504331393735585,0,0
1,0.8380120851070736,1,1
1,0.8912523039530997,1,1
0,0.5352517106608146,1,0
0,0.7409756208890051,1,1
0,0.8488355655825112,1,1
0,0.6973964301449959,1,1
0,0.9549828990799583,1,1
1,0.9565890488203423,1,1
1,0.8395743674309464,1,1
0,0.8044276826925443,1,1
0,0.5073874128160033,1,0
1,0.7511999292050489,1,1
0,0.5428009857108622,1,0
1,0.9192502070937008,1,1
0,0.8034613405677689,1,1
0,0.19093227138942506,0,0
1,0.769849324047165,1,1
0,0.3750870602296297,0,0
1,0.7966820718740394,1,1
0,0.27492905169919624,0,0
0,0.17560428989802848,0,0
0,0.5546228384290012,1,0
0,0.2514484767652617,0,0
1,0.7484145337847156,1,1
0,0.5539949736586808,1,0
0,0.4673102524482468,0,0
0,0.6277731005023833,1,0
0,0.9327029351693495,1,1
0,0.4892265988397465,0,0
1,0.9309117728543287,1,1
0,0.18148687383609724,0,0
0,0.8162997630557471,1,1
0,0.41983893597746474,0,0
0,0.31749752835527933,0,0
1,0.8058956382873761,1,1
0,0.8372590821137436,1,1
0,0.4508443009888799,0,0
1,0.857123194766475,1,1
1,0.8091478073477855,1,1
0,0.8584945588072171,1,1
0,0.4645879436797541,0,0
1,0.8853661139990503,1,1
1,0.8006540219431816,1,1
0,0.4671096763730366,0,0
1,0.346051603239997,0,0
1,0.8834460301671075,1,1
0,0.5486730890037641,1,0
0,0.5219486637179093,1,0
0,0.8872904699539781,1,1
1,0.6378204784694843,1,0
0,0.20060015491336752,0,0
0,0.1925010802527625,0,0
1,0.6069618626503113,1,0
0,0.7218253985404566,1,1
0,0.3324737840988664,0,0
0,0.5272098888640728,1,0
1,0.7469668576123202,1,1
0,0.2743294548381297,0,0
0,0.4177956801665705,0,0
1,0.8028337236459082,1,1
0,0.8304994091766856,1,1
0,0.47892855885519325,0,0
1,0.8019903422920307,1,1
1,0.7720497881901297,1,1
1,0.22397523466354016,0,0
0,0.37306526027145204,0,0
0,0.2981598636037266,0,0
0,0.3031472943391758,0,0
1,0.9038549431985673,1,1
0,0.3179051300062053,0,0
0,0.8134366812311286,1,1
1,0.8446603352699671,1,1
1,0.9417579357624972,1,1
0,0.23504457441956342,0,0
1,0.841761380164292,1,1
1,0.7998296246093303,1,1
0,0.8938239528713624,1,1
0,0.8896977451092017,1,1
1,0.20893113694346171,0,0
0,0.5934215051306336,1,0
0,0.3932514229897013,0,0
0,0.5611654606745865,1,0
1,0.8128946959729553,1,1
0,0.3093871741539125,0,0
0,0.6502778568699626,1,0
0,0.2500856020086857,0,0
1,0.8944826147652838,1,1
0,0.2269818968611082,0,0
0,0.7051418624698107,1,1
0,0.6079545176775233,1,0
0,0.5603351624816244,1,0
0,0.4406458156139671,0,0
1,0.9015956508024984,1,1
1,0.83980048928796,1,1
0,0.27346221271676824,0,0
0,0.8526434003769418,1,1
1,0.8611295559992161,1,1
0,0.7099116705659475,1,1
0,0.41685733260918023,0,0
0,0.25790738778550093,0,0
1,0.8182190579848672,1,1
1,0.9031149105128304,1,1
1,0.8407750739806766,1,1
0,0.13525856409923598,0,0
1,0.5629676396543034,1,0
0,0.5893254304269265,1,0
0,0.511715080893485,1,0
1,0.9417151628281735,1,1
1,0.6151139633184699,1,0
0,0.591294850808136,1,0
1,0.8211654492490126,1,1
0,0.33551108457022527,0,0
0,0.42264081370275014,0,0
1,0.6423956070848706,1,0
1,0.35714764273830046,0,0
0,0.757912469695337,1,1
1,0.8995004436323029,1,1
0,0.8473061434766218,1,1
0,0.5209910045972872,1,0
0,0.7632005867998918,1,1
0,0.16137011874112397,0,0
0,0.6769150670404476,1,0
0,0.5536704649433067,1,0
0,0.42596887405349676,0,0
1,0.3357991522929972,0,0
0,0.5731543222621914,1,0
1,0.9231022422527277,1,1
0,0.7660190736304412,1,1
0,0.29885783440137154,0,0
1,0.5500980606754954,1,0
0,0.70672518372168,1,1
1,0.6651057898055752,1,0
0,0.545436865152297,1,0
0,0.6489333262877771,1,0
1,0.4288505767452459,0,0
0,0.6564198498954353,1,0
1,0.8476505727344791,1,1
0,0.5715479684793237,1,0
0,0.7612134989860013,1,1
0,0.45840641284781775,0,0
1,0.7752008307732002,1,1
0,0.9426371525750235,1,1
1,0.9264489936044837,1,1
0,0.6491352067868157,1,0
0,0.8977284079131637,1,1
0,0.9515098312661662,1,1
0,0.7388431408043461,1,1
1,0.8483411733558132,1,1
1,0.29274511491044897,0,0
1,0.878056542521994,1,1
1,0.8439981350600929,1,1
1,0.6897414617582834,1,0
1,0.8336377854455695,1,1
0,0.5391825538968129,1,0
0,0.47643371358576947,0,0
0,0.5030330728127896,1,0
1,0.8999749955635513,1,1
0,0.588349798813388,1,0
1,0.9653962384672953,1,1
1,0.7641911802973522,1,1
0,0.8191957369801104,1,1
1,0.8515599273000258,1,1
0,0.48971107289212923,0,0
1,0.5075530738767332,1,0
0,0.40526656099357933,0,0
0,0.33221227257064645,0,0
0,0.8916941025461875,1,1
1,0.6929966268851548,1,1
1,0.9265315330720338,1,1
0,0.5464029716266067,1,0
0,0.5096931540497762,1,0
0,0.5911525719113366,1,0
1,0.9411143194233903,1,1
0,0.2678483812772291,0,0
0,0.2757842208615373,0,0
1,0.878616926642165,1,1
1,0.9425389173474263,1,1
0,0.314946719998527,0,0
0,0.2660431813786103,0,0
1,0.9139449931035101,1,1
0,0.9424298345300113,1,1
1,0.6672184401377875,1,0
0,0.9487215570664008,1,1
0,0.3759314447818143,0,0
0,0.40642103883068886,0,0
1,0.8826917641483765,1,1
1,0.6120789325140451,1,0
0,0.24651553073081128,0,0
0,0.8395118697761468,1,1
0,0.39609969000285017,0,0
1,0.9317147207364221,1,1
1,0.720300012140202,1,1
1,0.11840400373192478,0,0
1,0.8300206450907389,1,1
0,0.2231516616864204,0,0
1,0.8913219456630667,1,1
1,0.5986742656593738,1,0
1,0.8643380412920538,1,1
0,0.2745749101285999,0,0
0,0.589176674381673,1,0
0,0.23826227459885138,0,0
0,0.4993077802152788,0,0
0,0.7723700217907346,1,1
0,0.3392593908867095,0,0
0,0.7379121764332425,1,1
0,0.26612732525350563,0,0
0,0.6995962816711228,1,1
0,0.1758241625162914,0,0
1,0.8517173583054741,1,1
0,0.1628838742629686,0,0
0,0.5452787877294886,1,0
0,0.4536918699278113,0,0
0,0.6071086713402426,1,0
0,0.32648240037843457,0,0
0,0.5006177289722519,1,0
0,0.4356544134049903,0,0
1,0.9055597948918434,1,1
0,0.8277802402493328,1,1
0,0.8736606986957368,1,1
0,0.31754131808077213,0,0
1,0.8534734572473799,1,1
1,0.7258980459223571,1,1
1,0.8916236092410118,1,1
0,0.6100206849978346,1,0
0,0.6194419776210454,1,0
0,0.7334263769183612,1,1
1,0.8637698020299184,1,1
1,0.826944868675968,1,1
0,0.3524282869522318,0,0
0,0.210982751875494,0,0
0,0.5610411891215588,1,0
0,0.6655981126860079,1,0
1,0.8534390239287464,1,1
1,0.8752464790406634,1,1
1,0.782028338057731,1,1
1,0.9666730098762539,1,1
0,0.756561885601959,1,1
1,0.9492915317523569,1,1
0,0.5191144418015037,1,0
1,0.7593146777262606,1,1
0,0.6666397292385726,1,0
0,0.8650102593753664,1,1
1,0.8562814174701486,1,1
1,0.730900290787635,1,1
1,0.5021034877102044,1,0
1,0.8557983748779303,1,1
1,0.9006502588607281,1,1
1,0.8215397864459693,1,1
1,0.9671032179372225,1,1
0,0.4024824332354266,0,0
0,0.9058176481887992,1,1
0,0.914261895909587,1,1
0,0.3649299733930709,0,0
1,0.7200210093641335,1,1
0,0.6333987661948317,1,0
0,0.3613966366952362,0,0
0,0.9171934070315113,1,1
1,0.39827390739233426,0,0
0,0.6725554529185164,1,0
0,0.7505880110070461,1,1
0,0.2911192797268077,0,0
1,0.9135989516951206,1,1
0,0.8940646552709386,1,1
1,0.9142379523290466,1,1
0,0.46254713833907385,0,0
1,0.8402666570987207,1,1
0,0.813358157761467,1,1
0,0.28408071696930676,0,0
0,0.7942838243642923,1,1
0,0.39606910210973484,0,0
0,0.42176721072983864,0,0
1,0.8275991706903674,1,1
0,0.7830630047780324,1,1
0,0.4338548664641815,0,0
1,0.7189136569107594,1,1
0,0.8372655215053354,1,1
0,0.5311684714450885,1,0
0,0.29396261599221896,0,0
1,0.6124461933308243,1,0
1,0.5366831975482889,1,0
0,0.27110937380558225,0,0
1,0.8538383654633397,1,1
0,0.14850196432223536,0,0
1,0.6994744859923165,1,1
0,0.8476781206430241,1,1
1,0.8714394545652572,1,1
1,0.5503940617735642,1,0
1,0.9700783654324818,1,1
0,0.4454226526877591,0,0
0,0.6933003849517567,1,1
1,0.3536121784771064,0,0
0,0.4278254338252734,0,0
0,0.5396548460980216,1,0
0,0.2757842208615373,0,0
0,0.12483320827561718,0,0
1,0.9306521969333243,1,1
0,0.5841947393740567,1,0
0,0.45553380852695746,0,0
0,0.2677470752382685,0,0
1,0.7465580728013341,1,1
0,0.8985822277074659,1,1
1,0.8158425757090959,1,1
1,0.9010072353694935,1,1
1,0.8765510220216648,1,1
0,0.3028642520547797,0,0
0,0.4436541646236281,0,0
0,0.4661686235882506,0,0
1,0.37621141007816294,0,0
1,0.9580307264782858,1,1
0,0.7279984912950382,1,1
0,0.8593846430583082,1,1
1,0.8077055826538608,1,1
0,0.2177152726974334,0,0
0,0.23010313001053123,0,0
0,0.29689885050308307,0,0
0,0.20501998254333761,0,0
0,0.12739282147906866,0,0
0,0.40330800619415036,0,0
0,0.7568658093945309,1,1
1,0.925038095056098,1,1
0,0.733450285297296,1,1
0,0.5779681756277468,1,0
1,0.48062018224624675,0,0
0,0.48685492730109947,0,0
0,0.25511830692904625,0,0
1,0.6292828359570258,1,0
1,0.942529334521679,1,1
0,0.5233722644116614,1,0
1,0.5953902673766861,1,0
0,0.15413345649552762,0,0
0,0.5016670618826973,1,0
0,0.23810184253322259,0,0
1,0.8297715411597381,1,1
0,0.363141338750247,0,0
0,0.6606841450537854,1,0
1,0.7708784800470229,1,1
1,0.670535538836042,1,0
0,0.8637683593037734,1,1
1,0.15298676502598002,0,0
1,0.6927114999679895,1,1
0,0.21450010976816153,0,0
1,0.8617144268796241,1,1
1,0.7403555078904932,1,1
0,0.6275041080239796,1,0
1,0.2941681479861579,0,0
1,0.39374416252127503,0,0
0,0.4025496861014836,0,0
0,0.3389192785370043,0,0
0,0.9020964746268283,1,1
0,0.7056605060751923,1,1
1,0.6649058525686403,1,0
1,0.7916327637299273,1,1
0,0.5553467007120193,1,0
0,0.7581818616261721,1,1
1,0.7615051474948412,1,1
0,0.5254763390214429,1,0
0,0.49815979839957497,0,0
1,0.175784573277655,0,0
1,0.928607440406776,1,1
1,0.8724289772050985,1,1
0,0.1274263471201299,0,0
1,0.8069047562451982,1,1
1,0.5884280744561846,1,0
1,0.7902752067242821,1,1
0,0.779888032445225,1,1
0,0.8515797283835118,1,1
0,0.20098084313846987,0,0
0,0.7348084464125076,1,1
0,0.6622053081158087,1,0
0,0.3632078655999597,0,0
0,0.20286896017365255,0,0
0,0.5085244072339098,1,0
1,0.717593701370209,1,1
1,0.9553936545446553,1,1
1,0.8121921923549797,1,1
0,0.8734702830380846,1,1
0,0.6165229050509445,1,0
0,0.6468433941100553,1,0
0,0.4571288578199463,0,0
0,0.23505972976388284,0,0
0,0.3851149676777454,0,0
1,0.909732288534945,1,1
0,0.15807396307625715,0,0
0,0.9138680347044704,1,1
1,0.6236166418510454,1,0
0,0.8132838700616216,1,1
1,0.43865494257662285,0,0
1,0.9010214247973256,1,1
0,0.8638947846743016,1,1
0,0.40501209447668296,0,0
0,0.3718014121346078,0,0
0,0.46070462178056987,0,0
0,0.5456666678894289,1,0
1,0.39597310019845144,0,0
1,0.6270646928008743,1,0
0,0.9182059252259565,1,1
0,0.36411104209041795,0,0
0,0.32569089610002677,0,0
0,0.6064120498411558,1,0
0,0.8275680327564775,1,1
1,0.8700248378315634,1,1
1,0.9608646300469138,1,1
0,0.8197644276317393,1,1
1,0.7238333381438928,1,1
0,0.6812966179534684,1,0
0,0.5766241665790898,1,0
1,0.8516867632139858,1,1
0,0.5028126107491655,1,0
0,0.5425311522140187,1,0
0,0.5616277977338004,1,0
1,0.9372002665997536,1,1
0,0.2110876307597855,0,0
0,0.23213028154016646,0,0
1,0.8136510713840404,1,1
0,0.7661476851161652,1,1
0,0.18592957899122586,0,0
0,0.33494828133375054,0,0
1,0.9146287138344688,1,1
0,0.26912622497870003,0,0
1,0.8484828160279801,1,1
0,0.2982687782116297,0,0
0,0.803403281703087,1,1
0,0.5160091920771787,1,0
0,0.8358437564451565,1,1
0,0.6929332970719888,1,1
1,0.9601299200070382,1,1
1,0.7924111125798187,1,1
0,0.39516763965238677,0,0
1,0.7451539462463638,1,1
0,0.7146094256893174,1,1
0,0.8072522493717434,1,1
1,0.8487763815538061,1,1
0,0.6951785710444391,1,1
1,0.2565479359424899,0,0
0,0.8880322702241324,1,1
0,0.13440709973910217,0,0
0,0.48253588578904566,0,0
0,0.6020510610038767,1,0
1,0.8108894653001174,1,1
1,0.8324998797765131,1,1
1,0.8639260333459946,1,1
1,0.8486485134923235,1,1
0,0.4896074097207038,0,0
0,0.4087030863228712,0,0
0,0.36110884849763675,0,0
0,0.9093581109719693,1,1
0,0.5971391699699057,1,0
1,0.5776724328785696,1,0
0,0.6502428627468249,1,0
0,0.2665906063017359,0,0
0,0.2713519649709135,0,0
0,0.834220824196143,1,1
1,0.6410787882181327,1,0
0,0.16393844995089366,0,0
1,0.7849709972994132,1,1
1,0.8311919102730874,1,1
0,0.29446257486516786,0,0
1,0.9234278721241909,1,1
1,0.7956499908769763,1,1
0,0.45735444343101905,0,0
1,0.6501252590663871,1,0
0,0.16234112369349601,0,0
0,0.8828811337043733,1,1
0,0.69322882184531,1,1
1,0.46782644018940295,0,0
0,0.7718419657606285,1,1
0,0.5801220243643679,1,0
1,0.5606840331292613,1,0
0,0.6029607038300102,1,0
1,0.8669819053168643,1,1
0,0.11622534355996166,0,0
0,0.8183167153828108,1,1
0,0.7510682620658287,1,1
1,0.7465527347856268,1,1
1,0.8472992358239825,1,1
1,0.8324923172773839,1,1
0,0.32859763299518546,0,0
1,0.8623348675263451,1,1
0,0.503030279305673,1,0
0,0.7250885341103075,1,1
1,0.9331067956474766,1,1
0,0.7479760426941019,1,1
0,0.7260809372504236,1,1
1,0.8698499238106341,1,1
0,0.9119862852726459,1,1
1,0.7690713260509114,1,1
0,0.42871537852287395,0,0
0,0.5247485103869961,1,0
1,0.891277020839435,1,1
0,0.23378340470774814,0,0
1,0.8800327969034681,1,1
0,0.8798512395023533,1,1
1,0.8490038052026159,1,1
1,0.7385784643758068,1,1
0,0.9548142333236761,1,1
1,0.9728101146930267,1,1
1,0.5061310358814065,1,0
0,0.7724150136805815,1,1
0,0.6275919781522468,1,0
0,0.3000427635979805,0,0
1,0.7714631903575994,1,1
0,0.5717064428270994,1,0
1,0.6631401210253093,1,0
0,0.7029557840046794,1,1
0,0.4783173487351806,0,0
1,0.3180404619244999,0,0
0,0.29781154429559215,0,0
1,0.6068713613017356,1,0
1,0.9620875869399744,1,1
0,0.9538366320289823,1,1
0,0.27008941506115863,0,0
0,0.4228225862708801,0,0
0,0.5485114619947657,1,0
1,0.7325923695137277,1,1
0,0.46832992880664653,0,0
0,0.5440840737613012,1,0
0,0.2071225919611692,0,0
1,0.5701756431039668,1,0
0,0.2558124306841649,0,0
0,0.24116337386011374,0,0
1,0.6710181576056284,1,0
1,0.8867245918470577,1,1
0,0.7193254603196707,1,1
1,0.684645306027222,1,0
0,0.5320764269240238,1,0
0,0.1585699853266449,0,0
0,0.6045362394464453,1,0
0,0.45217757633885763,0,0
1,0.27875867389766384,0,0
0,0.7653415067646828,1,1
0,0.827904040415844,1,1
1,0.9102648902400255,1,1
0,0.4540334925275037,0,0
1,0.8092080010842088,1,1
1,0.6973165239826223,1,1
0,0.3296843400607139,0,0
0,0.6057413813129914,1,0
1,0.5773949867218369,1,0
0,0.5668129284210083,1,0
0,0.4651552258625187,0,0
0,0.4409087481093277,0,0
1,0.751205123053458,1,1
0,0.3926252253799012,0,0
0,0.7045488981724441,1,1
1,0.8363923098556448,1,1
0,0.4447801464228578,0,0
1,0.9435400610426522,1,1
1,0.7972157811263925,1,1
1,0.9452872245399134,1,1
0,0.8557145024259135,1,1
0,0.6157426663246931,1,0
1,0.8513564347252167,1,1
0,0.36974217786184665,0,0
1,0.5067580585040514,1,0
1,0.8891721294089148,1,1
0,0.49973952052760384,0,0
0,0.5851871819463339,1,0
1,0.8291485334160016,1,1
1,0.8860680063007184,1,1
1,0.6951029973549455,1,1
1,0.8518854444668393,1,1
0,0.2498887302945575,0,0
1,0.599761805957838,1,0
1,0.6944763900366364,1,1
0,0.7437931493010589,1,1
0,0.3568489092397893,0,0
0,0.8788725279052035,1,1
0,0.7416274313544338,1,1
0,0.7782313423410784,1,1
1,0.8430986768239653,1,1
0,0.6490218523456677,1,0
0,0.4801900097731576,0,0
1,0.8369605835233883,1,1
0,0.6838563026258367,1,0
1,0.8620116880927979,1,1
1,0.9362456174867151,1,1
1,0.9357361239800773,1,1
0,0.6165803003396919,1,0
0,0.778733549344285,1,1
0,0.37920293918201586,0,0
1,0.7372857430606579,1,1
0,0.214564736534049,0,0
0,0.29889527376729436,0,0
1,0.9488838556731413,1,1
0,0.5270447211645343,1,0
1,0.7336042065821343,1,1
0,0.8202215954595317,1,1
1,0.29842511460491206,0,0
0,0.27145305185477586,0,0
0,0.19502170871325814,0,0
0,0.42644405769962096,0,0
1,0.7989692512366443,1,1
0,0.37951294582741085,0,0
0,0.22508497146632067,0,0
0,0.5137527026611559,1,0
0,0.6731781545764337,1,0
1,0.9385670829358749,1,1
0,0.5017209542462576,1,0
1,0.6421076969992366,1,0
0,0.511957329310784,1,0
1,0.7765493900704573,1,1
0,0.6661242004461676,1,0
0,0.16784295915799946,0,0
1,0.8183672027135253,1,1
0,0.8452195925494413,1,1
0,0.3607991244319676,0,0
0,0.9278143081233688,1,1
1,0.6472787382028228,1,0
1,0.7696791885248758,1,1
0,0.24485394288567622,0,0
0,0.8476841994188277,1,1
0,0.6884514033144389,1,0
1,0.7090010570004138,1,1
1,0.9051295269389956,1,1
0,0.5648558378038129,1,0
0,0.8014220220862946,1,1
0,0.6297570737539018,1,0
0,0.6943777897346604,1,1
0,0.21248089903930786,0,0
0,0.31378649288145855,0,0
0,0.9294193834485072,1,1
1,0.5712096492136287,1,0
0,0.3463284978197759,0,0
1,0.8718134526380337,1,1
0,0.5539250179877984,1,0
0,0.7639820935252294,1,1
0,0.8762795013116029,1,1
0,0.6407742058153184,1,0
1,0.8881715065339568,1,1
1,0.8622283180031565,1,1
1,0.7046119712487101,1,1
0,0.585726406701318,1,0
1,0.8478119302098152,1,1
1,0.7930214808958599,1,1
0,0.22936696685756186,0,0
0,0.510209420472534,1,0
1,0.9066594119134739,1,1
0,0.524756531327939,1,0
0,0.7024328583792554,1,1
1,0.5064985186262276,1,0
0,0.3621704019072281,0,0
0,0.23996946307254263,0,0
1,0.7532931030486639,1,1
0,0.24159008099479926,0,0
0,0.49549904283220425,0,0
1,0.9250084000607122,1,1
0,0.9109932491195277,1,1
0,0.4144120995980339,0,0
1,0.8928883132817962,1,1
0,0.6345552849457616,1,0
0,0.688127760665234,1,0
0,0.563822941086014,1,0
1,0.943484740820055,1,1
0,0.39385308049563444,0,0
1,0.9499746560853733,1,1
1,0.9283038513738606,1,1
1,0.9238886334793933,1,1
0,0.20997126464632831,0,0
0,0.5755215032942672,1,0
0,0.7951780505132798,1,1
0,0.8411511784450922,1,1
1,0.9621613048895319,1,1
0,0.3544216060062928,0,0
0,0.412292630159458,0,0
0,0.6941863867664605,1,1
0,0.13741246886084738,0,0
0,0.9265401734514367,1,1
0,0.2709786389059794,0,0
0,0.2501771166951725,0,0
1,0.9697589208624751,1,1
1,0.6080359942155593,1,0
0,0.4196607281382553,0,0
0,0.5783542019310024,1,0
1,0.9188988248761847,1,1
0,0.6927606931916851,1,1
0,0.5094756958938732,1,0
0,0.5303870658268671,1,0
0,0.6810444774771878,1,0
1,0.6033725445417508,1,0
1,0.6763863555791791,1,0
0,0.40039095467079977,0,0
0,0.8765906914967715,1,1
0,0.7266194938404081,1,1
1,0.9297700896130092,1,1
0,0.8607828945459524,1,1
1,0.962205440892692,1,1
0,0.7838901273848994,1,1
0,0.31900576948387827,0,0
0,0.6331462831253719,1,0
1,0.7022951688708545,1,1
0,0.4124913012820988,0,0
0,0.8904737014025442,1,1
0,0.4279543926979484,0,0
0,0.4380294025217887,0,0
0,0.4347546729409263,0,0
0,0.572465757432696,1,0
0,0.3541117148472439,0,0
0,0.24716489509814604,0,0
1,0.636968673113498,1,0
1,0.4502943515983778,0,0
1,0.6326805731565572,1,0
0,0.40202048606407464,0,0
0,0.7004501645022302,1,1
0,0.6984280577211742,1,1
0,0.7463885697321281,1,1
0,0.7280879842576802,1,1
0,0.6879517540609479,1,0
0,0.7039380008377129,1,1
0,0.15570041507281024,0,0
0,0.38950201788256056,0,0
0,0.3591078407907655,0,0
1,0.8349349736314502,1,1
0,0.665887472777678,1,0
1,0.7663170772207119,1,1
1,0.9105043742780832,1,1
0,0.6548625506895835,1,0
1,0.6542326029708996,1,0
1,0.9120148733407736,1,1
1,0.6980966262264403,1,1
0,0.1954034146745982,0,0
1,0.9073192061615569,1,1
0,0.9305489669200101,1,1
0,0.16762973248026777,0,0
0,0.25328274416933433,0,0
0,0.338322938731094,0,0
1,0.7011538345507645,1,1
1,0.8895592127751999,1,1
0,0.4973894008714342,0,0
0,0.42370822322614426,0,0
0,0.4615795917023856,0,0
1,0.7438468161308868,1,1
1,0.8638786231180897,1,1
1,0.6152881379861826,1,0
1,0.8758694411432543,1,1
1,0.6381882456881175,1,0
0,0.5808245018431312,1,0
1,0.801743713409948,1,1
0,0.3834568065013309,0,0
0,0.21152428514230937,0,0
0,0.5368789768316962,1,0
0,0.5681387652451059,1,0
0,0.4266589921133503,0,0
1,0.9093856303519948,1,1
0,0.46739047341200446,0,0
0,0.5124844465108521,1,0
0,0.17151023383692826,0,0
1,0.6871361640424211,1,0
0,0.5514549465304333,1,0
0,0.5968325088346124,1,0
0,0.3193097277291051,0,0
0,0.6318739402441581,1,0
1,0.9118009105953297,1,1
1,0.8765291860542542,1,1
1,0.9591182652841493,1,1
0,0.2285352190654818,0,0
0,0.6029365249898236,1,0
0,0.880018834302501,1,1
0,0.14321003076274683,0,0
1,0.6624406701005416,1,0
1,0.7364987119847332,1,1
0,0.9435312479557006,1,1
0,0.39837532802926545,0,0
1,0.2919332898870836,0,0
1,0.6034371633665859,1,0
0,0.1280088149990444,0,0
1,0.9288245156176762,1,1
0,0.23580454409107854,0,0
1,0.8730836231835477,1,1
0,0.5673971787547939,1,0
0,0.35714537690971204,0,0
1,0.3325461549978499,0,0
0,0.8986140451665265,1,1
1,0.657207047049676,1,0
1,0.7650649561119236,1,1
0,0.747736734438205,1,1
1,0.8940407058205555,1,1
0,0.575590574946268,1,0
0,0.24084047588799423,0,0
1,0.8975097599994506,1,1
0,0.5484884814697419,1,0
0,0.16837817583377537,0,0
0,0.22454943302775648,0,0
1,0.19629157806680672,0,0
0,0.595740452102973,1,0
1,0.8956496037882902,1,1
0,0.3289563421663802,0,0
0,0.4909796174410286,0,0
1,0.6816773050266111,1,0
1,0.7189859068502128,1,1
0,0.6080447483731167,1,0
0,0.5582674296543476,1,0
0,0.3831180497994669,0,0
0,0.7130499477075497,1,1
1,0.9344169286477847,1,1
1,0.6656911527724589,1,0
0,0.41580429465839297,0,0
0,0.7454937718872789,1,1
0,0.31317250180408823,0,0
0,0.9233768122211612,1,1
1,0.7756531669209569,1,1
0,0.7726299840456928,1,1
1,0.8993143965060953,1,1
1,0.7417588581645803,1,1
1,0.7720831600681376,1,1
0,0.12361023859222403,0,0
0,0.14554712269754083,0,0
0,0.45630905673332234,0,0
0,0.47926664892687393,0,0
0,0.460977354293857,0,0
0,0.3625486786748155,0,0
0,0.44961801608056157,0,0
1,0.5164165241365474,1,0
0,0.20304635763883225,0,0
0,0.3778338951169981,0,0
1,0.8349317890277352,1,1
0,0.6205775748185469,1,0
0,0.630061566446038,1,0
0,0.3063644268615767,0,0
0,0.6388693570684895,1,0
0,0.3713533339762617,0,0
0,0.2832772058055697,0,0
0,0.6693583123141159,1,0
0,0.4228222431189325,0,0
0,0.6375824770229569,1,0
0,0.7997527919055432,1,1
0,0.4218715071607293,0,0
1,0.6944917720733117,1,1
0,0.7158628394085262,1,1
1,0.6289546982695542,1,0
1,0.9167283591814711,1,1
0,0.31743910725510444,0,0
0,0.5008464797641117,1,0
1,0.9446517908937236,1,1
0,0.659149346125305,1,0
0,0.28201161588437196,0,0
0,0.30016394121410456,0,0
0,0.29214448539268095,0,0
1,0.9299510393886441,1,1
0,0.8292505452892279,1,1
0,0.5070557955507794,1,0
0,0.8364547872667673,1,1
0,0.8596592557474965,1,1
0,0.2639899781752198,0,0
0,0.6253241340035938,1,0
1,0.8081652049208162,1,1
1,0.8792440237954167,1,1
1,0.7314726206845342,1,1
0,0.633493143825201,1,0
0,0.12353929463001082,0,0
1,0.5056880373869074,1,0
1,0.9018287731349569,1,1
0,0.6935748918063438,1,1
0,0.7568329655513747,1,1
1,0.8318699785126281,1,1
0,0.5298830000966126,1,0
1,0.7540441797566257,1,1
0,0.5274680917537437,1,0
1,0.7484033963286958,1,1
0,0.42597681857352115,0,0
0,0.15607485962568574,0,0
1,0.9508390314817583,1,1
0,0.541265422313544,1,0
0,0.4685649579327929,0,0
1,0.9501098391506236,1,1
0,0.46184430353025513,0,0
1,0.8100298579493039,1,1
0,0.33163195742942,0,0
0,0.9137623868094821,1,1
1,0.910709021245309,1,1
0,0.469653876852484,0,0
0,0.06802212463468067,0,0
0,0.7391070256945046,1,1
1,0.923547061521004,1,1
0,0.3030341701876772,0,0
0,0.1501777604608013,0,0
1,0.9447554106440496,1,1
0,0.6507509440871266,1,0
1,0.8597183147807259,1,1
1,0.6719482472073197,1,0
1,0.8798114867801142,1,1
0,0.8815736848752636,1,1
0,0.5467509693545205,1,0
1,0.47124621159095653,0,0
0,0.4892544740291161,0,0
1,0.7897015224447143,1,1
0,0.22898439215524988,0,0
1,0.7629159550555706,1,1
0,0.6204377317557082,1,0
1,0.9674326918527258,1,1
1,0.8856971948138495,1,1
0,0.40483505691436616,0,0
0,0.82666708894319,1,1
0,0.5933957735646751,1,0
0,0.8315647611712975,1,1
1,0.6444003716437434,1,0
0,0.15232605386123957,0,0
0,0.49692675684112225,0,0
1,0.796391936436128,1,1
1,0.9092119753056119,1,1
0,0.33895727365899647,0,0
1,0.6799914344230776,1,0
0,0.16319854091977506,0,0
1,0.7761790861616396,1,1
1,0.8936521197401478,1,1
0,0.744869638945453,1,1
0,0.4160201489574693,0,0
1,0.9127682792666194,1,1
0,0.40246456510810513,0,0
0,0.7359011127823902,1,1
0,0.23074714127515716,0,0
0,0.5690732663950093,1,0
0,0.48603125769723315,0,0
0,0.46236710505386486,0,0
0,0.23824988572392677,0,0
0,0.4619282570345276,0,0
1,0.8896620895265358,1,1
0,0.14979581189393734,0,0
0,0.46285148061679443,0,0
0,0.4617522359983222,0,0
0,0.2709256465804629,0,0
1,0.7888485163630524,1,1
0,0.7153055885663746,1,1
0,0.22541170779246011,0,0
0,0.8668199699691828,1,1
0,0.13140975139632233,0,0
1,0.7620147306302315,1,1
0,0.19217238200396064,0,0
0,0.520089316962872,1,0
1,0.4871112108131448,0,0
0,0.146797187914019,0,0
1,0.9502350915367298,1,1
0,0.3381913153110953,0,0
0,0.28392410009314084,0,0
0,0.6185864888082697,1,0
1,0.837112464783929,1,1
1,0.8177583678198057,1,1
0,0.7107143027793503,1,1
0,0.9060187453079726,1,1
0,0.4547715838606256,0,0
0,0.9601992706862341,1,1
1,0.8904015523523445,1,1
0,0.25161737312915033,0,0
1,0.39442329030726053,0,0
0,0.31083895254689564,0,0
1,0.45372273529317203,0,0
1,0.5644200216455161,1,0
0,0.3234774807533491,0,0
1,0.8142095210857264,1,1
1,0.9256242496716567,1,1
1,0.7517511449736218,1,1
0,0.1384579384227594,0,0
0,0.2397362579898081,0,0
0,0.22018213021523877,0,0
0,0.35453322901260736,0,0
0,0.2044588535059245,0,0
0,0.6178919491328114,1,0
0,0.2360025735419641,0,0
0,0.1663003988513757,0,0
0,0.09860710000518222,0,0
0,0.4967622313860261,0,0
0,0.40285864722848796,0,0
1,0.9281699714975602,1,1
0,0.277411746038258,0,0
1,0.8115263237341267,1,1
1,0.8803335054432897,1,1
0,0.18168033693538022,0,0
0,0.2851399458649719,0,0
1,0.601455528150654,1,0
0,0.5078661896684988,1,0
1,0.6729731983827397,1,0
0,0.3789020846014573,0,0
0,0.7888516416541649,1,1
0,0.40609645699536495,0,0
1,0.853821020496657,1,1
0,0.9306660413176002,1,1
0,0.8997742493998508,1,1
1,0.8148144732641073,1,1
1,0.5942112906530737,1,0
1,0.9401956711368024,1,1
0,0.2438314563404843,0,0
1,0.9089672428812484,1,1
0,0.5636417925849438,1,0
0,0.46401813662586233,0,0
0,0.6449159296621694,1,0
0,0.7170466763418114,1,1
0,0.33704464448895577,0,0
1,0.8954829218911179,1,1
0,0.7360938671645575,1,1
0,0.5322662442324081,1,0
1,0.8766416897964032,1,1
0,0.2299517351175193,0,0
0,0.8070164106658558,1,1
0,0.6081097705184507,1,0
0,0.5289399632708636,1,0
0,0.21097571215132785,0,0
0,0.5147775833677471,1,0
0,0.2986148917879212,0,0
1,0.5532678000124255,1,0
0,0.5797063545269302,1,0
1,0.8780654944300077,1,1
1,0.70145217326214,1,1
0,0.4458699421555767,0,0
0,0.7485757012877703,1,1
0,0.28893623471402763,0,0
0,0.6834200462738598,1,0
0,0.839372322209681,1,1
0,0.2291171572307588,0,0
1,0.4917665188782158,0,0
0,0.46474331907570876,0,0
0,0.36903522317002396,0,0
0,0.21462415623871217,0,0
0,0.6038922052727894,1,0
1,0.887880796413011,1,1
0,0.8195014369268065,1,1
0,0.25986293644113984,0,0
0,0.24535640637229603,0,0
0,0.28201161588437196,0,0
0,0.31083126459877436,0,0
1,0.644623462937092,1,0
1,0.4456362658236406,0,0
0,0.7113550542436841,1,1
0,0.3966662744642507,0,0
0,0.589734416943429,1,0
1,0.8887614453771603,1,1
0,0.9153171293583015,1,1
1,0.7576347290199968,1,1
0,0.257309208472608,0,0
0,0.7274230587069623,1,1
0,0.21819723008550834,0,0
0,0.5126356567230054,1,0
1,0.6887784751031553,1,0
1,0.7034435060570663,1,1
1,0.5634623895004556,1,0
0,0.3919446651005678,0,0
0,0.4407194654882046,0,0
0,0.8705109628117333,1,1
0,0.3161341843330452,0,0
0,0.3449888089579178,0,0
1,0.5863547120117604,1,0
1,0.8437991118282334,1,1
0,0.5782235338544758,1,0
0,0.547572582918967,1,0
1,0.8567029137208919,1,1
1,0.751347640300062,1,1
0,0.6628794084710302,1,0
0,0.8754656137182306,1,1
1,0.7805009539148089,1,1
1,0.8491793618484005,1,1
1,0.7234804843285186,1,1
0,0.4254870465336474,0,0
0,0.7510369269516297,1,1
0,0.2875052831163447,0,0
0,0.32626874595996924,0,0
0,0.42825006489160394,0,0
1,0.8335052335921771,1,1
1,0.8811042621391812,1,1
0,0.5636109015940499,1,0
0,0.5220234396488372,1,0
0,0.5665151750633302,1,0
1,0.7447115957681689,1,1
0,0.7544267722673641,1,1
0,0.20725026008036074,0,0
0,0.23842998494131207,0,0
0,0.4965347797048846,0,0
1,0.7351334927801639,1,1
1,0.9475273927813245,1,1
0,0.5955209327879563,1,0
0,0.9505059278066385,1,1
1,0.6911345367628673,1,1
1,0.7640086422543609,1,1
0,0.14687510268911072,0,0
0,0.3145955215816336,0,0
1,0.1574280840709134,0,0
1,0.8932692757231045,1,1
0,0.5075231737250213,1,0
0,0.8500420528146918,1,1
0,0.37216416026062626,0,0
1,0.7370377458989581,1,1
0,0.3816858250191382,0,0
0,0.6955024045732286,1,1
0,0.20335820124258713,0,0
0,0.5897851530675964,1,0
1,0.8559684318125749,1,1
0,0.17809529655335576,0,0
1,0.7712356359228155,1,1
0,0.8295246680904261,1,1
1,0.8407889980043457,1,1
0,0.5075833444806029,1,0
0,0.684955690001016,1,0
0,0.3871849220337289,0,0
1,0.7580608438272302,1,1
1,0.765851515386068,1,1
0,0.3295647430934261,0,0
0,0.804086667544715,1,1
0,0.3685384792015272,0,0
1,0.9198029821229005,1,1
0,0.5247391686758643,1,0
0,0.38151169516045025,0,0
0,0.715881627493379,1,1
0,0.5811435025868876,1,0
0,0.660017337640375,1,0
0,0.9228859560201896,1,1
1,0.9013423485007225,1,1
0,0.8448799327832092,1,1
0,0.7629586917330264,1,1
1,0.3066211384676766,0,0
0,0.21441351036669012,0,0
0,0.6188209608632422,1,0
1,0.909893194090611,1,1
0,0.2784812671114021,0,0
0,0.47081957577943356,0,0
0,0.7349697286361302,1,1
1,0.3071394185135591,0,0
1,0.9503105418973208,1,1
1,0.9749715873955346,1,1
0,0.37109757863537957,0,0
0,0.446483651768087,0,0
1,0.8557530812289216,1,1
0,0.19556861068940443,0,0
0,0.6702991152677029,1,0
0,0.1689559427265857,0,0
0,0.08306039176303903,0,0
1,0.8146679690997499,1,1
0,0.7294531405532941,1,1
1,0.9538981910292661,1,1
0,0.4938946658161685,0,0
0,0.37204831214354134,0,0
0,0.38535909565861853,0,0
0,0.5982183312532707,1,0
0,0.22614915520800133,0,0
1,0.8770273007716535,1,1
1,0.6413133417322407,1,0
0,0.5019447396284777,1,0
1,0.731435754795847,1,1
0,0.31463616111373643,0,0
1,0.6637776592333942,1,0
0,0.39700369450823325,0,0
1,0.6389144240175055,1,0
0,0.3124327244364046,0,0
1,0.5394537944885306,1,0
0,0.6705424440389551,1,0
0,0.45160590848656057,0,0
0,0.3000997011129188,0,0
0,0.5614205135440707,1,0
0,0.4476824271446864,0,0
0,0.3631725568252936,0,0
0,0.5983167712141072,1,0
1,0.863256874486381,1,1
0,0.6232453816630407,1,0
1,0.8006772426355148,1,1
0,0.3260976248271315,0,0
0,0.3411860357154931,0,0
1,0.9160716231360996,1,1
1,0.8934311152219839,1,1
0,0.4829800844046946,0,0
0,0.21864215143316498,0,0
0,0.5365487649480399,1,0
1,0.8109051812439784,1,1
0,0.6752032936189606,1,0
1,0.9579827532848428,1,1
1,0.5647157608027341,1,0
0,0.1869847208337124,0,0
0,0.788603352542532,1,1
0,0.9080071197194671,1,1
0,0.33044733335426574,0,0
0,0.6974718274318641,1,1
1,0.5639118312120922,1,0
0,0.38776718186509923,0,0
1,0.9242965794859357,1,1
0,0.28489979415867406,0,0
0,0.28396720421095994,0,0
0,0.25808712711076187,0,0
0,0.22270595454658518,0,0
0,0.22864884549438683,0,0
0,0.1545506097111507,0,0
0,0.44147653247928476,0,0
0,0.505172675577009,1,0
1,0.7190403169546773,1,1
0,0.3952536134726887,0,0
0,0.9185731064850942,1,1
0,0.8699068644971155,1,1
1,0.8094756214766975,1,1
0,0.9424418846606977,1,1
1,0.7291585402479224,1,1
1,0.8729949914531786,1,1
0,0.2749985841765316,0,0
1,0.6093235115848391,1,0
0,0.7977300262224972,1,1
0,0.35352181616688183,0,0
0,0.3897230826421531,0,0
0,0.3102582720185983,0,0
1,0.9663584925294436,1,1
0,0.41630498974523117,0,0
0,0.5183103315594578,1,0
0,0.7368053208917285,1,1
0,0.5533314155223277,1,0
0,0.5602107516204854,1,0
0,0.21895936278185943,0,0
0,0.5318963048610492,1,0
0,0.5741543718363832,1,0
1,0.9197185168243255,1,1
0,0.7159068281436615,1,1
1,0.8121297295650913,1,1
1,0.8847938509554646,1,1
0,0.2247668449811988,0,0
0,0.5017134528111508,1,0
1,0.5714840756694064,1,0
0,0.38327670144862375,0,0
0,0.9202372874544081,1,1
0,0.42992103334572873,0,0
0,0.421359516587009,0,0
1,0.7154552196173922,1,1
0,0.6811133138280024,1,0
0,0.554554309352693,1,0
0,0.9442998588779146,1,1
0,0.6576016559747487,1,0
1,0.9397186594990851,1,1
1,0.8601529244283878,1,1
0,0.937598560419817,1,1
0,0.34223434824355603,0,0
0,0.7288881357510225,1,1
0,0.311153858605686,0,0
1,0.5780360638206672,1,0
1,0.8969689322083026,1,1
1,0.6818911208310987,1,0
0,0.24224716758822823,0,0
1,0.8713453822327332,1,1
0,0.6852440625248506,1,0
1,0.8683586927024441,1,1
1,0.6958755872936592,1,1
1,0.8748464226461609,1,1
1,0.9269774673163067,1,1
1,0.6396500127632614,1,0
0,0.48501963448938357,0,0
0,0.7327315970987972,1,1
0,0.600373372574781,1,0
1,0.8732175505983503,1,1
1,0.7236769770558134,1,1
0,0.6811488598911138,1,0
0,0.5910871747886791,1,0
0,0.6554211984715067,1,0
1,0.819445136922977,1,1
0,0.8569748232682554,1,1
1,0.8978698696867794,1,1
1,0.8199884883928117,1,1
0,0.19934022585205585,0,0
1,0.9030382419912435,1,1
0,0.4789547482188852,0,0
0,0.4018659682697475,0,0
0,0.5519097079327824,1,0
0,0.7092204132156988,1,1
0,0.40897783064013754,0,0
0,0.70609855127086,1,1
0,0.7761269912845072,1,1
0,0.3791580761553901,0,0
0,0.1132039274909365,0,0
0,0.6778903620675024,1,0
0,0.254670969335076,0,0
0,0.8353437097714661,1,1
1,0.23891645493503455,0,0
0,0.7915150449589561,1,1
0,0.7716038758123351,1,1
0,0.7226693284061931,1,1
0,0.706991119835898,1,1
0,0.30465107205825026,0,0
0,0.576129067879698,1,0
1,0.20204477800122952,0,0
0,0.8906207776781013,1,1
1,0.4160561312395967,0,0
0,0.7848530920532364,1,1
0,0.31866301065397384,0,0
0,0.5975902886475715,1,0
0,0.5746029540414496,1,0
0,0.21250955411405445,0,0
1,0.8977007879942319,1,1
1,0.9325291695600934,1,1
0,0.8582004265152905,1,1
0,0.07142227364150583,0,0
0,0.8187468621253202,1,1
0,0.2538995964046729,0,0
1,0.7968914248636338,1,1
0,0.8268089529575653,1,1
0,0.5630795103341173,1,0
1,0.7495021037583017,1,1
0,0.5802638813288619,1,0
0,0.7179786661677015,1,1
0,0.7127819711541723,1,1
0,0.5783368248359425,1,0
0,0.23502570868848616,0,0
0,0.7133570625137817,1,1
1,0.9145177504653604,1,1
0,0.7443989462823445,1,1
0,0.6795402735612301,1,0
0,0.5598433297233116,1,0
0,0.9019373554500418,1,1
1,0.7245589862817814,1,1
0,0.560087479584414,1,0
0,0.39699819418198967,0,0
0,0.10225140736220092,0,0
0,0.6464659002469827,1,0
0,0.9526301174596618,1,1
0,0.5865045130525314,1,0
1,0.8571982567831367,1,1
0,0.7390460180387889,1,1
0,0.1844546502417079,0,0
0,0.6245607911467619,1,0
0,0.3489740279077214,0,0
0,0.7792679525962665,1,1
0,0.44971757580660404,0,0
1,0.9394006673716946,1,1
1,0.9542005730177652,1,1
0,0.3665723352501053,0,0
1,0.7657009639101585,1,1
0,0.2331520608723568,0,0
0,0.34861726603356563,0,0
0,0.3920275071196207,0,0
1,0.731702449493942,1,1
1,0.8380179511612503,1,1
1,0.658782645756651,1,0
0,0.8575302848272105,1,1
1,0.7254127850603024,1,1
0,0.23058434352019372,0,0
0,0.6080281092441887,1,0
0,0.912702065641993,1,1
0,0.17440538165767033,0,0
0,0.7279881484677433,1,1
0,0.2343193782601015,0,0
0,0.4329825037020364,0,0
1,0.8483306158506203,1,1
1,0.8980995629980727,1,1
0,0.3015446754573425,0,0
0,0.5827572628172341,1,0
0,0.5412850458478725,1,0
0,0.8112708472587257,1,1
1,0.42608836635913266,0,0
0,0.9617488643018377,1,1
1,0.37282981028401707,0,0
1,0.8563563824874347,1,1
0,0.22745548762010154,0,0
0,0.2754551523782991,0,0
0,0.7864767373835336,1,1
1,0.9335454877872995,1,1
0,0.44922326394116385,0,0
1,0.9023096294760353,1,1
0,0.35307848644438405,0,0
0,0.7359794860776276,1,1
0,0.7304575405175324,1,1
1,0.5155427313396483,1,0
0,0.23587275549558157,0,0
1,0.9352437717246311,1,1
0,0.3948537354268228,0,0
1,0.9046002230711626,1,1
0,0.6358886585815602,1,0
0,0.6859315472333152,1,0
0,0.503595417469637,1,0
1,0.9033813450714394,1,1
0,0.2448709142575724,0,0
1,0.8361224670838772,1,1
1,0.9171231066554595,1,1
0,0.5546917997625995,1,0
0,0.17721231715317368,0,0
0,0.5071383737296403,1,0
1,0.5655219104965085,1,0
1,0.2247871183511124,0,0
1,0.5269469548096997,1,0
0,0.6902645775188946,1,1
0,0.5777812258878201,1,0
0,0.6220044957341196,1,0
0,0.1763869163527056,0,0
0,0.940211622272389,1,1
0,0.3372166770436388,0,0
0,0.4542510064952683,0,0
0,0.7191401522687322,1,1
1,0.6148623859729359,1,0
0,0.15967682107591252,0,0
1,0.7838486895969963,1,1
0,0.49186733575831854,0,0
0,0.1891027730841036,0,0
0,0.8278546575715999,1,1
0,0.6200415437784869,1,0
0,0.3392757063708824,0,0
1,0.3128525835020629,0,0
0,0.17614978044567073,0,0
0,0.5108123893441553,1,0
1,0.9505549900707725,1,1
1,0.8753986644110229,1,1
1,0.7931366813015293,1,1
1,0.9567304370250503,1,1
0,0.44985575908584385,0,0
1,0.6934939973104814,1,1
0,0.15299702198345272,0,0
0,0.44079032507228666,0,0
1,0.838578414062714,1,1
1,0.8720785875672634,1,1
1,0.959707149610919,1,1
1,0.7496284744287675,1,1
0,0.10923981877737876,0,0
1,0.8906709232010804,1,1
0,0.5483320339847062,1,0
0,0.6981661191397077,1,1
1,0.8956800973969803,1,1
1,0.7305952546996264,1,1
1,0.8596544806929923,1,1
1,0.7996978359972439,1,1
0,0.6174838468166323,1,0
0,0.5097954402262302,1,0
1,0.6780142679274024,1,0
1,0.6469546973393021,1,0
0,0.506391324611922,1,0
0,0.6164952566931742,1,0
0,0.6938291824022927,1,1
1,0.8867697557553023,1,1
1,0.7688405960467208,1,1
0,0.4377765099852859,0,0
1,0.9065713236527969,1,1
0,0.7483265479869041,1,1
0,0.27420268613917226,0,0
0,0.7380715177968132,1,1
0,0.7684707193084456,1,1
0,0.7404799549384143,1,1
0,0.6720896768829401,1,0
1,0.8112168296987162,1,1
0,0.8476189015430168,1,1
0,0.7843545148980039,1,1
0,0.46949772748714613,0,0
0,0.23009100248704484,0,0
1,0.3425641762469349,0,0
1,0.7203369292107865,1,1
0,0.7823957508533487,1,1
0,0.5816001274657493,1,0
1,0.7434914558612372,1,1
0,0.6151251973157773,1,0
0,0.7418076742387936,1,1
0,0.20938259717229687,0,0
0,0.5313243890537686,1,0
1,0.8027413286431799,1,1
1,0.7601590074016122,1,1
1,0.7517476642611871,1,1
0,0.21221759314389546,0,0
1,0.8821819665184418,1,1
1,0.8737918969979617,1,1
0,0.5055092282984921,1,0
1,0.7980065364663735,1,1
0,0.9221553340861356,1,1
0,0.17161661738445913,0,0
1,0.8625675735933538,1,1
0,0.8331161956878035,1,1
1,0.8564476995178839,1,1
0,0.35011772371550987,0,0
0,0.4888452389599725,0,0
1,0.8998598751482799,1,1
0,0.8126709843125689,1,1
1,0.9388781894799659,1,1
0,0.3922214295375515,0,0
0,0.8940775058010076,1,1
1,0.8522891265965336,1,1
1,0.8878139427324618,1,1
0,0.35867347270011013,0,0
1,0.8658625832408116,1,1
0,0.41671383712099913,0,0
0,0.8414275532624068,1,1
1,0.6913141450167116,1,1
0,0.6343115628640249,1,0
1,0.3873325746994505,0,0
1,0.8532755939357698,1,1
0,0.5936880848503272,1,0
0,0.43477653370812597,0,0
1,0.33235738794089303,0,0
1,0.8375781953676792,1,1
1,0.8539222531749513,1,1
0,0.6089145285655613,1,0
1,0.8529815251998547,1,1
0,0.673866742883886,1,0
1,0.47492345241226624,0,0
0,0.7635352812971716,1,1
0,0.46683150741206453,0,0
1,0.8149101704728812,1,1
1,0.9359054607115195,1,1
0,0.08630921114733249,0,0
0,0.7295915572301649,1,1
0,0.8109040966968806,1,1
1,0.9288933381627108,1,1
0,0.7347841991719483,1,1
1,0.40384899527264395,0,0
0,0.598783256433358,1,0
0,0.6226014574088289,1,0
0,0.9128698411252131,1,1
0,0.6369234541314318,1,0
1,0.6277939924878914,1,0
0,0.38784432910976613,0,0
0,0.4800507925785545,0,0
0,0.4495414756250336,0,0
0,0.17968199817681146,0,0
0,0.7431103553167641,1,1
1,0.6616893056747776,1,0
0,0.17932229859841223,0,0
0,0.8314774104279343,1,1
0,0.6259703229227683,1,0
1,0.7202316024684162,1,1
0,0.24279431833076157,0,0
1,0.5451341598826797,1,0
0,0.7419227214972122,1,1
1,0.5158984164932926,1,0
0,0.14664627798700702,0,0
0,0.34088652731170477,0,0
0,0.32935660073144685,0,0
1,0.7121227008811437,1,1
1,0.5971792160510204,1,0
0,0.2780013685868206,0,0
1,0.8671458253438689,1,1
0,0.4512723865347532,0,0
1,0.6042070588315243,1,0
0,0.665305861591385,1,0
0,0.3899486174342483,0,0
1,0.4744124457196428,0,0
0,0.785025004608152,1,1
0,0.23682682498049296,0,0
0,0.8220210969574497,1,1
1,0.8626904919590468,1,1
0,0.9425761312452808,1,1
1,0.740572415044975,1,1
1,0.947464529839116,1,1
1,0.8200285346600602,1,1
1,0.8518131776322082,1,1
1,0.8439587569992681,1,1
0,0.579038295157668,1,0
0,0.3581569215451036,0,0
0,0.28207618980617577,0,0
1,0.7910011674855805,1,1
0,0.4985393229061465,0,0
1,0.9393390725490736,1,1
1,0.6891237554378782,1,0
1,0.6204600481275307,1,0
0,0.6302304594193436,1,0
1,0.885888059872779,1,1
0,0.2017776554164997,0,0
0,0.5691957121090351,1,0
0,0.9166245887033129,1,1
1,0.6606722253970987,1,0
0,0.30443344538136313,0,0
1,0.7404225967794641,1,1
0,0.8898675578193173,1,1
0,0.49857625803966193,0,0
0,0.6249030846594696,1,0
1,0.907078706377428,1,1
0,0.822818197025186,1,1
0,0.3445252004194268,0,0
1,0.5574698110313662,1,0
0,0.512667190448376,1,0
0,0.5867252226624788,1,0
1,0.40590760607348697,0,0
0,0.1667598030486602,0,0
1,0.7997655723194644,1,1
1,0.8433468767454271,1,1
0,0.5067992628111437,1,0
0,0.9085979318845356,1,1
1,0.7946902300458669,1,1
1,0.8012756518330205,1,1
1,0.8907532042935804,1,1
0,0.37349324859728156,0,0
0,0.21942727305222567,0,0
0,0.9095854461118935,1,1
0,0.4700709214182242,0,0
0,0.2861245588582558,0,0
1,0.5458290490471139,1,0
0,0.6867789351601697,1,0
0,0.28574552341407233,0,0
1,0.9427839504266865,1,1
1,0.8936987037535861,1,1
1,0.7628521748661392,1,1
1,0.9196937904970788,1,1
1,0.33386316674876715,0,0
1,0.9312468590547148,1,1
0,0.5074776095640504,1,0
1,0.5858603949527718,1,0
1,0.7877058460112099,1,1
0,0.23395607783985095,0,0
0,0.8796337416100348,1,1
0,0.17206959307124103,0,0
0,0.467308419029825,0,0
1,0.8670567398785143,1,1
1,0.8785402917498547,1,1
0,0.2803300002599354,0,0
1,0.7000793894944312,1,1
0,0.5735156253870197,1,0
0,0.8898867800069942,1,1
0,0.20983830017089108,0,0
0,0.18162767986965098,0,0
1,0.6766627339651458,1,0
1,0.9196466781811229,1,1
0,0.14031065536726997,0,0
0,0.2014811380413794,0,0
1,0.8509520037905672,1,1
0,0.36630345994413843,0,0
1,0.7016130465926473,1,1
1,0.759631661088894,1,1
0,0.9418124071687168,1,1
0,0.6964833834080697,1,1
0,0.26088825228587303,0,0
0,0.6187248023999696,1,0
0,0.7141479456077059,1,1
1,0.5663197272069058,1,0
0,0.7935598733617725,1,1
0,0.7270972906917343,1,1
0,0.3217260013740823,0,0
1,0.5887874402176763,1,0
0,0.41027432498467015,0,0
0,0.5114905242773632,1,0
1,0.7729342509645823,1,1
1,0.8953689646692422,1,1
0,0.5735479745832164,1,0
0,0.8527517656627682,1,1
1,0.585371777906244,1,0
1,0.891038755730901,1,1
0,0.23943859303027312,0,0
0,0.8078164225557108,1,1
0,0.7097590661188,1,1
1,0.6755387777931434,1,0
1,0.8960634709646537,1,1
1,0.901499160464358,1,1
1,0.950475561612757,1,1
1,0.8978073338737752,1,1
0,0.8275983358031463,1,1
1,0.4902165807444196,0,0
0,0.8172276192948809,1,1
0,0.613650269407518,1,0
0,0.9012434258943031,1,1
0,0.28998075828494474,0,0
0,0.5603330693918923,1,0
1,0.6618539896546994,1,0
0,0.416212293995314,0,0
1,0.7854046246530899,1,1
1,0.7066034811136699,1,1
0,0.5897591510685221,1,0
1,0.8667564948518747,1,1
0,0.45275220295320256,0,0
0,0.2696915501392567,0,0
0,0.6633670225826764,1,0
0,0.7069903329458557,1,1
0,0.6237593919733843,1,0
1,0.7414725598245457,1,1
0,0.48768793055527504,0,0
0,0.647377566924561,1,0
1,0.8772739905588787,1,1
1,0.5811936907197944,1,0
0,0.6279552501854597,1,0
1,0.9126220994342312,1,1
1,0.9409833825023858,1,1
0,0.8861827014412064,1,1
0,0.5059563791634859,1,0
0,0.7102752707905028,1,1
1,0.42764933652225257,0,0
0,0.1607195673687629,0,0
0,0.6664675592227469,1,0
0,0.6525616683783505,1,0
1,0.9064206254738467,1,1
1,0.9582358383064081,1,1
1,0.45500653847409844,0,0
0,0.665921689915621,1,0
0,0.6494246159678341,1,0
0,0.9370703564349732,1,1
0,0.44445913470168064,0,0
0,0.7639458047414598,1,1
0,0.606269598747543,1,0
0,0.3626620162373052,0,0
0,0.558196492578418,1,0
0,0.20942525768852427,0,0
0,0.15083341207152376,0,0
0,0.8473141005013878,1,1
1,0.4663402691676461,0,0
0,0.4754098848721127,0,0
0,0.3549475262813107,0,0
0,0.3426230217272207,0,0
0,0.7257858029541359,1,1
0,0.8267533673805757,1,1
0,0.8154056343946815,1,1
0,0.48329749968293945,0,0
1,0.710584714071619,1,1
1,0.3909297371837635,0,0
0,0.5869626510059459,1,0
0,0.3903083450126413,0,0
0,0.6873140048299605,1,0
0,0.7500055339262136,1,1
1,0.8645014271384998,1,1
0,0.5046177280677988,1,0
1,0.6286641221704063,1,0
1,0.8116026992058217,1,1
0,0.22945054009171695,0,0
0,0.75341878603709,1,1
0,0.5576094294661291,1,0
0,0.45983763474432254,0,0
1,0.8511573878890737,1,1
0,0.6941567903778002,1,1
0,0.4803929683583517,0,0
1,0.8832692406721122,1,1
0,0.5169768070590502,1,0
0,0.7349597285367547,1,1
0,0.33267623673389535,0,0
0,0.7612834676690137,1,1
0,0.40514476301508795,0,0
1,0.7412245469749111,1,1
1,0.3656229226547723,0,0
0,0.9279712215930562,1,1
1,0.7771000840297849,1,1
0,0.19971449248203357,0,0
0,0.8585474639319431,1,1
1,0.6320239736497396,1,0
1,0.8231276568389914,1,1
1,0.9469570900961782,1,1
1,0.47015672677805953,0,0
0,0.49951394456367154,0,0
0,0.42692236419766316,0,0
1,0.7802984666951387,1,1
1,0.955269843425753,1,1
1,0.7609766430868966,1,1
1,0.8469457560977708,1,1
0,0.4698872044341555,0,0
1,0.841902363752661,1,1
1,0.8490837274534457,1,1
1,0.925604078050631,1,1
1,0.8719280354468006,1,1
0,0.8035836962196481,1,1
0,0.8620470968871452,1,1
1,0.8890590208038315,1,1
1,0.7924638296266932,1,1
1,0.8713566747277794,1,1
0,0.9584806329453962,1,1
0,0.439647624853733,0,0
0,0.3197204698018321,0,0
1,0.8628028130485501,1,1
1,0.8493709984878721,1,1
0,0.7924493629178938,1,1
1,0.8039364160482682,1,1
0,0.69189112042532,1,1
1,0.4813917786042246,0,0
0,0.3576527480056401,0,0
0,0.2918769768769783,0,0
1,0.841021056208331,1,1
0,0.1558227756976002,0,0
0,0.22269933754496551,0,0
1,0.8003833334721533,1,1
1,0.7370675930159983,1,1
0,0.8537113887902154,1,1
0,0.6032793022534069,1,0
0,0.7272879584854882,1,1
1,0.9303381567199962,1,1
0,0.48741223416617935,0,0
0,0.21109119179342023,0,0
0,0.5837793293792193,1,0
0,0.18415093408261415,0,0
1,0.6410646531823196,1,0
0,0.35528165101541903,0,0
0,0.8702356653099917,1,1
1,0.6729544446301852,1,0
0,0.1526648573608462,0,0
0,0.7394130404205616,1,1
0,0.49817922418625427,0,0
1,0.8918987078263234,1,1
0,0.11786259418419998,0,0
0,0.4101573713883049,0,0
1,0.7545935050471058,1,1
1,0.7387399306473899,1,1
0,0.529160151589533,1,0
0,0.7655980903005178,1,1
0,0.7329937176098157,1,1
0,0.44784171928874,0,0
0,0.7222231730688141,1,1
1,0.8399403273967108,1,1
1,0.9574077431506443,1,1
0,0.20378976005843638,0,0
0,0.42293609246241415,0,0
1,0.851981118691432,1,1
1,0.8106616184635883,1,1
0,0.6626849517379031,1,0
0,0.6375536658884806,1,0
0,0.33914158846753195,0,0
0,0.47566322161583374,0,0
0,0.48013313058498847,0,0
0,0.5764673213735155,1,0
0,0.22550995391486534,0,0
1,0.9157287485836029,1,1
0,0.49623736302464605,0,0
0,0.7224674810505486,1,1
1,0.7559650847194862,1,1
0,0.24820918244557433,0,0
0,0.6218480811183139,1,0
0,0.3029891291185924,0,0
0,0.3757919749452413,0,0
0,0.1499563006531264,0,0
1,0.9531026981420526,1,1
0,0.7818187170501442,1,1
1,0.8297055733309269,1,1
0,0.9066327798657895,1,1
0,0.5191988390836144,1,0
0,0.16860732728665961,0,0
1,0.7383897498438862,1,1
0,0.4136228737361505,0,0
0,0.3108797660440995,0,0
0,0.42452344122818425,0,0
1,0.862067766516382,1,1
0,0.4496159845455713,0,0
0,0.8525305309885747,1,1
1,0.8937490190295395,1,1
0,0.23304187040848218,0,0
0,0.8870741497620838,1,1
0,0.2814953247353476,0,0
0,0.464076576349126,0,0
0,0.3680238259598635,0,0
1,0.9573346621012974,1,1
0,0.6343780123208783,1,0
1,0.9122968843819654,1,1
0,0.668432223900784,1,0
0,0.3207298048675817,0,0
1,0.721906516742405,1,1
0,0.33701200382158625,0,0
1,0.9425180102282457,1,1
0,0.28638445763367054,0,0
0,0.6373771915069434,1,0
0,0.28158658966523753,0,0
0,0.896550992301316,1,1
0,0.6762141744191027,1,0
1,0.6054368479858898,1,0
0,0.49555809052239885,0,0
0,0.8077487805451165,1,1
0,0.5428038484804865,1,0
0,0.42169430287703574,0,0
0,0.8644648325576125,1,1
0,0.18924718679632713,0,0
1,0.9281427978265359,1,1
0,0.14247058533303752,0,0
1,0.9350034372552203,1,1
0,0.7120380622776162,1,1
0,0.8322854475045783,1,1
0,0.7696159268014499,1,1
0,0.6628149744825124,1,0
1,0.9164620522638542,1,1
1,0.9618738724791502,1,1
1,0.874705668705952,1,1
1,0.8442626980594222,1,1
1,0.6834384335983776,1,0
0,0.7576241760239624,1,1
0,0.6462727185353269,1,0
0,0.9238887067448801,1,1
0,0.49950764366270656,0,0
1,0.917177658205461,1,1
1,0.6765164796138075,1,0
0,0.47546549843338165,0,0
1,0.8843233824726676,1,1
1,0.17647375885098868,0,0
0,0.5412015392376598,1,0
0,0.4077320752461435,0,0
1,0.7261535697024089,1,1
0,0.9498397528233389,1,1
0,0.288448667722452,0,0
0,0.6209199810219923,1,0
0,0.307902034871381,0,0
1,0.9467880833763568,1,1
0,0.5872711729120704,1,0
0,0.22770282193127542,0,0
1,0.8180387742735851,1,1
0,0.14890330132230556,0,0
1,0.8240733071253502,1,1
0,0.5861226024964686,1,0
0,0.783500739485479,1,1
0,0.5710399824096833,1,0
0,0.16424554533020372,0,0
0,0.6454841519146526,1,0
1,0.9235855549846093,1,1
0,0.3784898299683282,0,0
0,0.9036645199431965,1,1
0,0.5361506967786621,1,0
0,0.847609232062317,1,1
0,0.8225001263780974,1,1
0,0.799338639494633,1,1
0,0.47713156293528497,0,0
1,0.8198708642092385,1,1
1,0.27594960353703124,0,0
1,0.7588332110229187,1,1
1,0.9370630409108268,1,1
0,0.5050459892888585,1,0
1,0.8264083975414714,1,1
0,0.452018048350989,0,0
1,0.8236312621293941,1,1
1,0.7595549630389742,1,1
0,0.26069321319873906,0,0
0,0.2314022434546368,0,0
0,0.1890641481360269,0,0
0,0.8113229042358056,1,1
1,0.9035941247802067,1,1
0,0.7516449503036258,1,1
0,0.42157967321801293,0,0
0,0.5814950694511523,1,0
0,0.5595011528155243,1,0
0,0.4279960550952642,0,0
0,0.3431336358240503,0,0
0,0.6099474180084494,1,0
0,0.3775646329708077,0,0
0,0.15724048417168252,0,0
1,0.5450375361552984,1,0
0,0.6126003088189823,1,0
0,0.7036556007749556,1,1
0,0.7899921083324483,1,1
0,0.21469568169728845,0,0
0,0.21672837517149865,0,0
0,0.40196872336516326,0,0
1,0.8706735431172002,1,1
0,0.24096660644025897,0,0
1,0.06787203991108667,0,0
0,0.4620957899548356,0,0
0,0.5235158367556859,1,0
0,0.1866087905960371,0,0
0,0.7487875050738502,1,1
0,0.6058514776357938,1,0
0,0.5808779954544117,1,0
1,0.5622495290406894,1,0
0,0.8059588284154512,1,1
0,0.23436603746004653,0,0
0,0.40182121407556437,0,0
0,0.4078782372061318,0,0
1,0.7550323378481499,1,1
0,0.7327994628299365,1,1
0,0.33306801399447244,0,0
1,0.4627979090251722,0,0
0,0.37088353717695266,0,0
1,0.8528365905697236,1,1
0,0.17780584479673398,0,0
0,0.2036406039070515,0,0
0,0.4198986308084321,0,0
0,0.21449544187372313,0,0
0,0.25480396025591073,0,0
0,0.31238472151488145,0,0
0,0.37244738637895886,0,0
0,0.27414623011485206,0,0
0,0.5806576838193722,1,0
1,0.8460123331625337,1,1
0,0.5337365807263954,1,0
0,0.43672496559307317,0,0
1,0.791698608358611,1,1
1,0.777511523453428,1,1
1,0.8654083336056787,1,1
0,0.6218962773475517,1,0
1,0.7246406593677738,1,1
0,0.4643927397638772,0,0
0,0.709420555561181,1,1
1,0.945071172372186,1,1
0,0.41373275736878373,0,0
1,0.690844902582259,1,1
1,0.8394877241045419,1,1
0,0.5707837216437901,1,0
1,0.49648836080333997,0,0
0,0.6793957503190878,1,0
0,0.6919637249997699,1,1
0,0.2979161803763613,0,0
0,0.9355952148192261,1,1
0,0.7832365830210388,1,1
1,0.8533677060818254,1,1
1,0.8267074326308216,1,1
0,0.28296444570078194,0,0
0,0.5088716717375747,1,0
0,0.8415453848586214,1,1
0,0.5013057771438836,1,0
0,0.4602094154294374,0,0
1,0.40959282812911,0,0
1,0.7985584121733071,1,1
0,0.6941474864114041,1,1
0,0.5490508122137766,1,0
0,0.5720150961648867,1,0
0,0.39931315585614935,0,0
0,0.7893688128506735,1,1
0,0.4883388984624796,0,0
0,0.2632739205757022,0,0
0,0.8896178796983841,1,1
0,0.5933053186673863,1,0
1,0.8587992660423144,1,1
0,0.3894872139516648,0,0
1,0.9084386930776134,1,1
0,0.386174424677016,0,0
0,0.14526250700456658,0,0
0,0.4876024923047078,0,0
0,0.6462952551086003,1,0
0,0.8837018310911187,1,1
0,0.3874262162743007,0,0
0,0.20361969052320622,0,0
0,0.3980372533298986,0,0
0,0.9358229209549164,1,1
0,0.6206270782822562,1,0
1,0.894100819404279,1,1
0,0.5895643227320523,1,0
0,0.8004978173931699,1,1
0,0.415284093623044,0,0
1,0.581402921807442,1,0
1,0.9294708858667213,1,1
0,0.24196978895178545,0,0
0,0.5785185078412093,1,0
1,0.3835047154343035,0,0
0,0.7948462634148478,1,1
0,0.33227962883371287,0,0
0,0.802757247489253,1,1
0,0.3778834679998561,0,0
0,0.4602970864030104,0,0
1,0.9193951994479526,1,1
1,0.5907792621129834,1,0
0,0.8759254166962168,1,1
0,0.6159945115366874,1,0
0,0.5295985478300039,1,0
0,0.47451344913009547,0,0
1,0.7285740592401995,1,1
1,0.7612086322480498,1,1
0,0.324305167840051,0,0
0,0.3106522907229541,0,0
0,0.748389826852071,1,1
1,0.7517348410091035,1,1
0,0.5232122564762469,1,0
0,0.6477554574207927,1,0
1,0.5357421844743514,1,0
0,0.6886669950371684,1,0
1,0.9101715050653367,1,1
0,0.4878128857436062,0,0
0,0.3639951789661782,0,0
0,0.2812851698295148,0,0
0,0.16605648088924257,0,0
0,0.16091157840953532,0,0
0,0.2945141577011853,0,0
1,0.9708075851505951,1,1
1,0.9092459548400532,1,1
1,0.38477902538701403,0,0
0,0.5684278281887516,1,0
0,0.246694709944774,0,0
0,0.5053792367098437,1,0
0,0.7924706374959893,1,1
0,0.7527290372007888,1,1
0,0.5975744029346484,1,0
0,0.5416743852269149,1,0
0,0.7287274413883252,1,1
0,0.41105964127397665,0,0
0,0.5096761136619464,1,0
0,0.5633602282818907,1,0
0,0.7975597572052932,1,1
0,0.6231713816867499,1,0
0,0.6268641993195014,1,0
0,0.7528880889282139,1,1
0,0.7058451715801811,1,1
1,0.8738080685656413,1,1
0,0.2935570801779953,0,0
0,0.36850531705856465,0,0
0,0.29979446135738375,0,0
1,0.6366525484653226,1,0
0,0.6071916351651122,1,0
1,0.6897732557407017,1,0
0,0.5494992045953573,1,0
1,0.9306748136072395,1,1
0,0.9316882385971433,1,1
0,0.542714552041179,1,0
1,0.8412397254100981,1,1
1,0.7424120366169562,1,1
0,0.5254835450868822,1,0
0,0.38447368749499405,0,0
0,0.8382055645850834,1,1
0,0.19947631918447115,0,0
0,0.36834492931705537,0,0
0,0.8869283943416333,1,1
1,0.5212218002319292,1,0
0,0.9058413544281558,1,1
0,0.8164883601791261,1,1
1,0.3798788638866068,0,0
0,0.29639046440352446,0,0
0,0.2114648524761768,0,0
0,0.7187741632085213,1,1
0,0.4885960745784379,0,0
0,0.6994043468171052,1,1
1,0.6996011088805364,1,1
0,0.3406549623169459,0,0
0,0.1863468221403291,0,0
1,0.89831198571536,1,1
1,0.5955524001595451,1,0
0,0.6148690528185583,1,0
1,0.8361814571679821,1,1
1,0.7991719934968617,1,1
1,0.5974944279772,1,0
0,0.5159294415253323,1,0
0,0.3457143669732352,0,0
1,0.9220665184805455,1,1
0,0.37980008949899874,0,0
0,0.5873123563170546,1,0
1,0.7829933722931427,1,1
1,0.8628164613120329,1,1
1,0.6800835182277787,1,0
1,0.7480044113510742,1,1
0,0.2901968770903237,0,0
0,0.17924257451008574,0,0
0,0.27416434055136363,0,0
0,0.3115451980118397,0,0
0,0.19945403997382974,0,0
0,0.7242470173061756,1,1
0,0.42395916440891834,0,0
0,0.12617626351929664,0,0
1,0.8203847350537182,1,1
0,0.38594033281299683,0,0
0,0.49817533478150394,0,0
0,0.4240289427562599,0,0
1,0.3257193384096221,0,0
1,0.28698196769265527,0,0
1,0.9645841457305295,1,1
1,0.645559369195514,1,0
0,0.7003437804593283,1,1
1,0.7995818597676194,1,1
1,0.5343755467216303,1,0
1,0.7221033443150298,1,1
0,0.5907058450136239,1,0
1,0.819605548712704,1,1
1,0.8189825044784697,1,1
1,0.9324680108479929,1,1
0,0.653479379102144,1,0
0,0.42737371244471134,0,0
0,0.44667362902005947,0,0
1,0.8964846297510467,1,1
0,0.1502247617421646,0,0
0,0.40953868557900536,0,0
0,0.8101649934397536,1,1
1,0.9154070459854184,1,1
0,0.11189156552008729,0,0
1,0.8554947890859445,1,1
0,0.295637849040888,0,0
0,0.8229984039128483,1,1
0,0.34973773597093527,0,0
1,0.8683703835101292,1,1
0,0.44085115866193714,0,0
1,0.8042259099852799,1,1
1,0.8400400867012856,1,1
0,0.9193575556899819,1,1
0,0.5252588259852184,1,0
0,0.25400258837186096,0,0
0,0.5585949488971146,1,0
0,0.8981001075530072,1,1
0,0.22400972531602006,0,0
0,0.3112863638444634,0,0
0,0.5188639123781416,1,0
0,0.6918170742096282,1,1
1,0.6654263758633286,1,0
1,0.9263754106505534,1,1
0,0.41160093229748457,0,0
0,0.7398071815008209,1,1
0,0.1646780012306063,0,0
1,0.8636835042945392,1,1
1,0.8447389539343323,1,1
1,0.9087628190694399,1,1
0,0.5002978091432675,1,0
0,0.5646205442703437,1,0
0,0.40076308848606884,0,0
0,0.4469804488297171,0,0
1,0.909945784878367,1,1
0,0.1911299336774583,0,0
1,0.8698374313281835,1,1
1,0.8938971734120317,1,1
0,0.3805233553787566,0,0
0,0.23567764509823275,0,0
0,0.5862549295302627,1,0
1,0.7317544330812779,1,1
0,0.5563972660349343,1,0
1,0.3994580677084371,0,0
0,0.7923932242267512,1,1
1,0.9330717703139108,1,1
0,0.8860830373227652,1,1
0,0.19824447863600564,0,0
1,0.6742057525564051,1,0
0,0.6494140642448158,1,0
0,0.3271205897421012,0,0
0,0.5194526951359315,1,0
1,0.6213760238742364,1,0
1,0.8297490673537045,1,1
1,0.889018296948131,1,1
1,0.9641820729728161,1,1
0,0.8826421286469712,1,1
1,0.9775039081157799,1,1
0,0.448474745526916,0,0
1,0.5488963074164223,1,0
0,0.29832330092717985,0,0
0,0.13750971811105128,0,0
0,0.47444335567314905,0,0
0,0.35934730962672257,0,0
0,0.716646833058688,1,1
0,0.6263619024175374,1,0
1,0.4494439683297689,0,0
0,0.8184761667526936,1,1
0,0.5392998153095618,1,0
0,0.26054125316987986,0,0
0,0.6055145358909909,1,0
1,0.9056684176279067,1,1
1,0.27025453612229666,0,0
0,0.5467053998606902,1,0
0,0.6590204628834092,1,0
0,0.3626721479101188,0,0
0,0.28412045468477315,0,0
1,0.9323416844380653,1,1
0,0.12892350914444786,0,0
0,0.9060909711472908,1,1
0,0.3298733163941049,0,0
0,0.2978069713573735,0,0
0,0.6026090200209612,1,0
0,0.4955479099203453,0,0
0,0.8196739638082376,1,1
1,0.7588108293344373,1,1
0,0.38826478818431426,0,0
1,0.93110946301495,1,1
0,0.2865150782507721,0,0
1,0.6055779349786873,1,0
0,0.36941908822164266,0,0
0,0.6983674296559214,1,1
0,0.24724261464412814,0,0
0,0.3620106523753645,0,0
0,0.4977343910521099,0,0
0,0.7363569622797097,1,1
0,0.48739716654312476,0,0
0,0.33501647647021154,0,0
1,0.7463109573589581,1,1
1,0.8417682640545989,1,1
0,0.47405336996044606,0,0
0,0.5501418096858205,1,0
0,0.32873435307635446,0,0
0,0.5166963554173598,1,0
1,0.8651106577739448,1,1
1,0.7614615606662162,1,1
0,0.6916526477900006,1,1
1,0.7353027014957387,1,1
1,0.8928499600495077,1,1
1,0.7715077545217822,1,1
0,0.8591531441225873,1,1
0,0.3738258601525686,0,0
0,0.6930224777223233,1,1
1,0.918770719480053,1,1
0,0.4205321969537576,0,0
0,0.3957978634169081,0,0
1,0.500173897485117,1,0
0,0.735667424363804,1,1
1,0.9009647385262389,1,1
1,0.8706479648760594,1,1
0,0.3875017281347863,0,0
0,0.7035941376643773,1,1
1,0.8369825285081137,1,1
1,0.6868852378529569,1,0
1,0.931211657593162,1,1
0,0.19819971300973394,0,0
0,0.4689860934004357,0,0
0,0.34735607857358286,0,0
1,0.748335839856239,1,1
1,0.7509718861416645,1,1
0,0.7081902889246092,1,1
1,0.9187031036630604,1,1
0,0.7290645905829625,1,1
1,0.7381024823249818,1,1
0,0.6375168665930594,1,0
1,0.7219813268091881,1,1
0,0.31844157622959307,0,0
1,0.7044190836526627,1,1
1,0.9265945640046804,1,1
0,0.9583218500200226,1,1
0,0.742551435157261,1,1
0,0.4738464621041651,0,0
1,0.907484589519324,1,1
1,0.8369940763949495,1,1
0,0.7766486605542301,1,1
0,0.6381752924091931,1,0
0,0.3064695641676173,0,0
0,0.6086374691894532,1,0
0,0.6039799677440324,1,0
1,0.7501960882221639,1,1
0,0.6199582380210854,1,0
0,0.3506250722941028,0,0
1,0.7778024160758895,1,1
0,0.5367994147808077,1,0
0,0.3768883809810377,0,0
0,0.9202372874544081,1,1
0,0.752873821875539,1,1
1,0.29322649861116906,0,0
1,0.850233169010866,1,1
1,0.9530798665576192,1,1
1,0.3546021731962704,0,0
1,0.9472120988291352,1,1
0,0.6103077573449143,1,0
0,0.6778188594258605,1,0
1,0.5247176910693006,1,0
1,0.9439570098662656,1,1
0,0.3924901664649561,0,0
0,0.6880930643579062,1,0
1,0.6181089588334399,1,0
0,0.7107155084815161,1,1
1,0.8986799349268092,1,1
0,0.7503291134059894,1,1
0,0.1892784442240905,0,0
1,0.8309895092153988,1,1
0,0.255208788460598,0,0
0,0.5407548140829379,1,0
0,0.8659603193761373,1,1
0,0.2572344203016891,0,0
0,0.13898818634851196,0,0
0,0.4565189847686511,0,0
0,0.4011548204433647,0,0
1,0.934992079465626,1,1
1,0.593613321566293,1,0
0,0.9631305154504899,1,1
1,0.8775151360832271,1,1
0,0.5004106491275017,1,0
1,0.9311916023397419,1,1
1,0.8993576148670258,1,1
1,0.6748408776387684,1,0
0,0.44746309193322575,0,0
1,0.4235643242522048,0,0
0,0.3982193864018077,0,0
0,0.28251963653256085,0,0
1,0.8703964679910143,1,1
1,0.9447949937177595,1,1
0,0.7680831481508645,1,1
1,0.8811520786117095,1,1
1,0.854905299440076,1,1
0,0.6943571249888544,1,1
1,0.6459054510376883,1,0
0,0.25193567470520145,0,0
0,0.8499879737332805,1,1
1,0.8914748389534274,1,1
0,0.36692775215957535,0,0
0,0.7242437713660608,1,1
1,0.9513348139007836,1,1
0,0.7099939824151291,1,1
1,0.7097849419849198,1,1
1,0.5710626436919624,1,0
1,0.9222596176493504,1,1
0,0.5155136464805617,1,0
0,0.6101426832659294,1,0
0,0.4618607637334072,0,0
0,0.7152332969291982,1,1
1,0.924497473946781,1,1
1,0.5243899545030617,1,0
1,0.9298318321940234,1,1
0,0.46033054990836186,0,0
0,0.675454328315949,1,0
0,0.18976854361082074,0,0
1,0.8712137472675758,1,1
0,0.7379275100277696,1,1
0,0.40292150104314456,0,0
0,0.47935982397336474,0,0
0,0.6458774398283226,1,0
1,0.8220928548870617,1,1
1,0.9197639506196814,1,1
0,0.23010941917511205,0,0
0,0.23556167796709634,0,0
0,0.23957210729770606,0,0
1,0.8199263527019408,1,1
0,0.33675987266538104,0,0
1,0.4670003605210099,0,0
0,0.5517462807617657,1,0
1,0.8343680619562617,1,1
0,0.5198307730517048,1,0
0,0.1792211834225264,0,0
0,0.17017351522621157,0,0
0,0.4519412924204194,0,0
1,0.8779811788759357,1,1
1,0.8567557272149001,1,1
1,0.7364951228625937,1,1
1,0.8959382466048509,1,1
0,0.33654916736279805,0,0
1,0.8065231740875984,1,1
1,0.9398448467136613,1,1
0,0.8738521095211513,1,1
0,0.9447275571159524,1,1
1,0.8996964193947694,1,1
0,0.7865184843083121,1,1
0,0.5410968689207123,1,0
1,0.9147490737600934,1,1
0,0.6115114889826133,1,0
0,0.6247093938206866,1,0
0,0.43852162927625893,0,0
1,0.946318317659592,1,1
0,0.4390978975940782,0,0
0,0.3589665042803698,0,0
0,0.318387857372981,0,0
1,0.8385669505016007,1,1
0,0.523571103895486,1,0
0,0.8650281573857722,1,1
0,0.13411748992505118,0,0
0,0.4476752404675842,0,0
1,0.8007570134236048,1,1
0,0.868843206938092,1,1
0,0.5289534796082259,1,0
1,0.7039348384657192,1,1
0,0.765175926282595,1,1
0,0.5609304210456104,1,0
1,0.8438569810327944,1,1
0,0.560897203183943,1,0
0,0.634761820504187,1,0
1,0.6944228576202044,1,1
1,0.5865156920453233,1,0
0,0.46773154896216906,0,0
0,0.19883443036201282,0,0
1,0.8096538865538893,1,1
0,0.5684635327000015,1,0
0,0.8753124875658002,1,1
1,0.9407465677777731,1,1
0,0.7805578072240985,1,1
0,0.5892687145090206,1,0
1,0.9139125831894092,1,1
0,0.13071574386025345,0,0
0,0.2930366955424848,0,0
1,0.8856157665695394,1,1
1,0.888357854044162,1,1
0,0.4686900439787746,0,0
0,0.1618915615392519,0,0
0,0.30350104849140963,0,0
0,0.28047594154551997,0,0
0,0.515368720897982,1,0
0,0.2988729225025727,0,0
1,0.8878956888931551,1,1
0,0.16868385478042874,0,0
0,0.7833684292173635,1,1
0,0.20732439415451487,0,0
1,0.8982430721938102,1,1
1,0.8983059664329777,1,1
1,0.6966154938261496,1,1
0,0.34995217255022665,0,0
0,0.5298834453178539,1,0
1,0.9169043853905957,1,1
0,0.3522752536916493,0,0
0,0.47410967072217314,0,0
0,0.49400227169908806,0,0
0,0.24545174628672276,0,0
1,0.9654441724707722,1,1
1,0.3649117750246633,0,0
1,0.7621033093063269,1,1
0,0.21637252260295028,0,0
1,0.8815264552902916,1,1
1,0.28386883659499473,0,0
0,0.38817565471767124,0,0
0,0.829081983751999,1,1
0,0.5096344559032421,1,0
1,0.9350773837937209,1,1
1,0.8002712872144825,1,1
0,0.6101910104312022,1,0
0,0.4995988401149742,0,0
0,0.559930004256583,1,0
0,0.7720894527298094,1,1
0,0.3294079525471762,0,0
0,0.9187853146484307,1,1
0,0.20851060031766513,0,0
0,0.6943353585222002,1,1
0,0.2902160240594952,0,0
1,0.9011418899624153,1,1
0,0.3959634409349869,0,0
1,0.9057547405082699,1,1
1,0.927718638778614,1,1
0,0.6096161886891375,1,0
1,0.7380290847471119,1,1
1,0.8478444939608022,1,1
0,0.3172510822314794,0,0
0,0.1662525301954853,0,0
0,0.7070550738109703,1,1
0,0.9554103263541038,1,1
0,0.5264052739374565,1,0
0,0.48979412765705105,0,0
1,0.9093261643036888,1,1
1,0.7050186845715583,1,1
0,0.4287988105972764,0,0
1,0.8999548550085396,1,1
0,0.8163536228785123,1,1
0,0.4002989758626528,0,0
0,0.18525549051222862,0,0
0,0.21309791993952748,0,0
0,0.6979700110188493,1,1
0,0.3734248225483779,0,0
1,0.25096147663378754,0,0
0,0.3481975269947732,0,0
0,0.3101685619001988,0,0
1,0.8825723217935015,1,1
1,0.8495667007255173,1,1
0,0.8189444095241198,1,1
0,0.24079004789114222,0,0
1,0.9236024653171943,1,1
0,0.38676259346727626,0,0
1,0.6944972348027293,1,1
0,0.4497414637932448,0,0
0,0.5572041619996886,1,0
1,0.7825060641631826,1,1
0,0.6249916770729711,1,0
0,0.6234730387953114,1,0
0,0.5250328709656024,1,0
0,0.9131991433055819,1,1
1,0.9110910944627352,1,1
0,0.931414909095717,1,1
1,0.872132853677031,1,1
0,0.3607448715066923,0,0
1,0.9358229209549164,1,1
0,0.46465330637704616,0,0
0,0.585817624584267,1,0
0,0.48066939935012526,0,0
0,0.2794375352734631,0,0
1,0.8295252040544245,1,1
1,0.714878823932534,1,1
0,0.2693214313249974,0,0
1,0.7946284281812686,1,1
1,0.7860571790955934,1,1
1,0.5114916788378064,1,0
0,0.32898725149374936,0,0
1,0.4249205854417046,0,0
1,0.9373867358763163,1,1
0,0.5445065500797459,1,0
0,0.9052002485401445,1,1
0,0.3974983293732094,0,0
0,0.3760864631958069,0,0
1,0.44063777640266044,0,0
1,0.9548880191176853,1,1
0,0.102649917955588,0,0
0,0.6790302075149809,1,0
0,0.518331753076126,1,0
1,0.808981123032114,1,1
0,0.6937625105096471,1,1
1,0.7158204773725785,1,1
0,0.8445957928238496,1,1
0,0.2573345920024974,0,0
0,0.1822208510147555,0,0
0,0.9421835638103472,1,1
0,0.9491961301068575,1,1
0,0.49526573840296384,0,0
0,0.8320799931445799,1,1
0,0.18123987928274232,0,0
1,0.8744824420956803,1,1
0,0.23289705250569676,0,0
1,0.8147233787460888,1,1
1,0.46060539185347543,0,0
0,0.8762908088342756,1,1
0,0.6198714938726418,1,0
1,0.7325970234986754,1,1
0,0.3232293274314749,0,0
1,0.9352685039289318,1,1
1,0.9149768808083426,1,1
0,0.28994683021959566,0,0
0,0.20677472765827068,0,0
0,0.7039236661794496,1,1
1,0.800926851054757,1,1
0,0.6047036174408948,1,0
1,0.23246690251346813,0,0
1,0.8880017180462938,1,1
0,0.8699996676829991,1,1
1,0.9484182331698267,1,1
0,0.2629804033536846,0,0
1,0.4395107438450114,0,0
1,0.17764868164888165,0,0
0,0.4115341271789043,0,0
0,0.5641849472351529,1,0
0,0.3532511634034269,0,0
0,0.41308235083845984,0,0
0,0.32557638795105764,0,0
1,0.9303091239884121,1,1
0,0.6974490862226482,1,1
1,0.6080869448131551,1,0
0,0.24724088993252263,0,0
0,0.1527546499834527,0,0
0,0.23729830305434024,0,0
0,0.5564449425950635,1,0
1,0.6753514969156037,1,0
0,0.4540530765831621,0,0
0,0.5729768936714082,1,0
0,0.3766246045731388,0,0
0,0.2740201620079749,0,0
0,0.665793742893128,1,0
0,0.3546021731962704,0,0
1,0.699290410990183,1,1
0,0.3499134320953774,0,0
1,0.8925600155781104,1,1
1,0.8701175233251721,1,1
1,0.5780522736749141,1,0
1,0.9164341330652884,1,1
0,0.8139224205915262,1,1
1,0.9590118524258694,1,1
1,0.6514622090149317,1,0
0,0.8485734783955032,1,1
0,0.8224100992306154,1,1
0,0.841811135041333,1,1
0,0.36586054607962654,0,0
0,0.8293793380568737,1,1
1,0.8875909361511891,1,1
1,0.6712643703880614,1,0
1,0.7942862392264605,1,1
0,0.3419884650899033,0,0
0,0.5289157668264729,1,0
0,0.5127937166367885,1,0
1,0.5024024477436911,1,0
0,0.5795866495889113,1,0
0,0.27492440831275167,0,0
1,0.7853247462436359,1,1
0,0.32216183354002403,0,0
0,0.7601769264674695,1,1
1,0.8086570350940093,1,1
1,0.8672513876060428,1,1
1,0.3328357338778725,0,0
1,0.7642752825426096,1,1
0,0.9116318934472721,1,1
0,0.4205933641629229,0,0
1,0.7180463900839528,1,1
1,0.6335623429648108,1,0
0,0.5956167174171527,1,0
0,0.4268963817191307,0,0
0,0.40769009310475873,0,0
0,0.7208374676408632,1,1
0,0.6587258446384792,1,0
0,0.6985240036249465,1,1
0,0.3654985062299749,0,0
1,0.6277895002875272,1,0
0,0.7911630695546067,1,1
1,0.5610365374368541,1,0
1,0.9379765219118008,1,1
1,0.8981973212091223,1,1
1,0.8967622228154214,1,1
0,0.7321362413139487,1,1
1,0.20675456593120328,0,0
1,0.8462548647385164,1,1
1,0.6913442659586214,1,1
1,0.8434578498919971,1,1
0,0.8321937908113547,1,1
0,0.6799362239067716,1,0
1,0.49277852946893186,0,0
0,0.5673822414501316,1,0
1,0.6327183405413844,1,0
1,0.9272180887566894,1,1
0,0.7309990779280285,1,1
0,0.3961057370679001,0,0
1,0.9357146931828727,1,1
0,0.6491896022212428,1,0
0,0.7665437288929228,1,1
0,0.23449852476176825,0,0
0,0.7989229676481319,1,1
1,0.8695022031805245,1,1
0,0.383106912693492,0,0
0,0.441051062095467,0,0
0,0.5272974460408757,1,0
0,0.260522373259013,0,0
1,0.798211852691863,1,1
0,0.33034553456674537,0,0
0,0.924928821857995,1,1
0,0.5985190142289339,1,0
1,0.6653818317011448,1,0
1,0.897352243566235,1,1
0,0.39481558016280094,0,0
1,0.7396987552737403,1,1
1,0.8207350821197785,1,1
0,0.8046284966774622,1,1
1,0.8734506288218118,1,1
1,0.6444577344162371,1,0
0,0.872999628958267,1,1
0,0.44784073226836096,0,0
1,0.8349450307809659,1,1
0,0.7348600026770667,1,1
0,0.6795865669633961,1,0
1,0.5485079044664593,1,0
0,0.9314967627659247,1,1
0,0.4215612686882019,0,0
1,0.6804944910396326,1,0
1,0.8799926133491903,1,1
1,0.6465035214635073,1,0
0,0.6325864859199647,1,0
0,0.5099138255237402,1,0
0,0.35830104097711096,0,0
0,0.7052723824367196,1,1
1,0.9490930399025952,1,1
0,0.35587465887118896,0,0
0,0.6433081772758803,1,0
0,0.4554474504882736,0,0
0,0.8263324468791509,1,1
0,0.5889512530178974,1,0
0,0.5202347650726559,1,0
0,0.7621397338878632,1,1
1,0.8186747987052264,1,1
1,0.6611160391765943,1,0
0,0.5069750907550393,1,0
1,0.5608676994076754,1,0
0,0.6869146172881142,1,0
0,0.6096734083901683,1,0
0,0.30344736902874536,0,0
0,0.6870852642241553,1,0
0,0.7665049791379901,1,1
1,0.8305805189426978,1,1
0,0.24759014545348484,0,0
0,0.1985722992171332,0,0
0,0.5923055879322686,1,0
1,0.6829666785982216,1,0
0,0.686952744276001,1,0
0,0.7864834781938302,1,1
0,0.7904310020537773,1,1
1,0.9473221319240274,1,1
0,0.09542691240320683,0,0
0,0.40645648451675404,0,0
0,0.9434587040803779,1,1
1,0.915042950431236,1,1
1,0.8966052774728208,1,1
1,0.8171500751168508,1,1
0,0.8130920605813301,1,1
1,0.8853375706092443,1,1
1,0.8372719500993453,1,1
0,0.5198943360394018,1,0
0,0.9321977506711864,1,1
1,0.8502264907392102,1,1
1,0.7082889806413577,1,1
0,0.788886133141645,1,1
1,0.7076207586101114,1,1
0,0.4997256344503727,0,0
0,0.4734592981798828,0,0
0,0.6450645841509139,1,0
1,0.6371556922122247,1,0
1,0.9177383758923245,1,1
0,0.5675354557891091,1,0
0,0.664282120891564,1,0
0,0.26740472208437965,0,0
1,0.7764260190452669,1,1
0,0.4303169958487007,0,0
0,0.38177364366396055,0,0
1,0.7626203941291906,1,1
1,0.954317672436947,1,1
0,0.7121262052015875,1,1
0,0.3534234346123428,0,0
0,0.41388654925464524,0,0
0,0.9245952729006629,1,1
0,0.28611854267800274,0,0
0,0.7895306085268908,1,1
0,0.6476344796593749,1,0
1,0.9260022193567592,1,1
0,0.642664769850858,1,0
1,0.9396155766784309,1,1
0,0.5863693135051595,1,0
0,0.5381546410848722,1,0
0,0.19501509322284946,0,0
1,0.7869908456985397,1,1
0,0.49146338570209047,0,0
0,0.34148437602907555,0,0
0,0.46936007862336804,0,0
1,0.9111853687596726,1,1
1,0.9402995911004421,1,1
0,0.32003268904889953,0,0
0,0.5968451856622572,1,0
0,0.6957375584558649,1,1
1,0.8655016976602884,1,1
0,0.6812226437018469,1,0
0,0.2194738642730369,0,0
0,0.5085492813903938,1,0
0,0.8921990380222811,1,1
0,0.9360906146347752,1,1
0,0.5235643560525206,1,0
0,0.4695517269934431,0,0
0,0.261807960040491,0,0
1,0.7277693587710962,1,1
0,0.7101699171851887,1,1
0,0.664149338867167,1,0
0,0.2695402686494064,0,0
0,0.4254115698331982,0,0
0,0.9579903710107022,1,1
1,0.8516159890608261,1,1
0,0.8795009100444321,1,1
0,0.25056610111511696,0,0
0,0.38283128756430745,0,0
1,0.9488324900476506,1,1
0,0.2157991453005785,0,0
0,0.29072770258448777,0,0
0,0.7807221033144162,1,1
1,0.6333874485568003,1,0
0,0.3512817506370538,0,0
0,0.6285520763286289,1,0
0,0.5934760339513295,1,0
1,0.7040902867152249,1,1
0,0.5750071702521841,1,0
0,0.331413759780014,0,0
0,0.3549557398725491,0,0
1,0.5433298398657506,1,0
1,0.8081691563942311,1,1
0,0.8639265159411396,1,1
0,0.637180701491623,1,0
0,0.40450827236029385,0,0
0,0.18445853576602406,0,0
0,0.6530103822496331,1,0
0,0.31298401864106495,0,0
0,0.26989959377552086,0,0
1,0.7878845798071223,1,1
0,0.2618940298005585,0,0
0,0.5863765111651931,1,0
1,0.8045152712800533,1,1
1,0.8867778409638324,1,1
0,0.5963856852210904,1,0
0,0.6144405552788917,1,0
0,0.7069385020480056,1,1
1,0.8038213777679184,1,1
0,0.8538693493478455,1,1
0,0.3634914761407606,0,0
0,0.4558790855466183,0,0
0,0.2785229379533866,0,0
0,0.3545651107716642,0,0
0,0.7675892024800232,1,1
0,0.32655386085548016,0,0
0,0.5307587257937082,1,0
1,0.7507690417336316,1,1
0,0.6770781654053912,1,0
0,0.5586589975510119,1,0
0,0.2446615623543043,0,0
1,0.7846250050269791,1,1
0,0.8584758859313756,1,1
0,0.8213487366262517,1,1
0,0.3081369757340373,0,0
0,0.70781725855977,1,1
0,0.21056831986337457,0,0
0,0.6972361980395395,1,1
0,0.426722310232834,0,0
0,0.8430882220784011,1,1
1,0.7306512760785052,1,1
1,0.5710017824834828,1,0
1,0.9532747747188207,1,1
0,0.25795514494984223,0,0
0,0.39758233512250546,0,0
0,0.4388225636424608,0,0
1,0.5237406326553423,1,0
1,0.9112159059293875,1,1
0,0.9295708476058548,1,1
0,0.9162494992753198,1,1
0,0.23224515942460847,0,0
1,0.7947195079702456,1,1
0,0.49736998422629475,0,0
0,0.39295925453016306,0,0
0,0.6284500398764642,1,0
1,0.5447790368924912,1,0
1,0.6855780312293761,1,0
0,0.7025130473556508,1,1
0,0.8249003083112723,1,1
0,0.915340430468611,1,1
1,0.9536205202449711,1,1
0,0.8444839308458575,1,1
0,0.3403496979860831,0,0
1,0.9683891078943193,1,1
0,0.32006193313510994,0,0
1,0.7797826848805227,1,1
0,0.3523170574762029,0,0
0,0.41774751583751646,0,0
1,0.8674337114074546,1,1
0,0.518160071011566,1,0
1,0.4194857113159639,0,0
0,0.3660962523347828,0,0
0,0.5730506567763708,1,0
0,0.30541858464919225,0,0
1,0.6696566016670052,1,0
0,0.7152592619226787,1,1
0,0.6809392007086402,1,0
1,0.5698611274647728,1,0
0,0.45721569550506647,0,0
0,0.2306405389736826,0,0
0,0.3929022573719122,0,0
1,0.8766416897964032,1,1
1,0.9487866563249056,1,1
0,0.8492331519977524,1,1
1,0.9445420606627694,1,1
0,0.6186491702852843,1,0
0,0.5592227064778401,1,0
1,0.8563395865449438,1,1
1,0.8148891953723405,1,1
0,0.3605405673961443,0,0
0,0.523844578657405,1,0
0,0.3905210250205222,0,0
1,0.8417093230037449,1,1
1,0.5981299620335114,1,0
0,0.22579265211756325,0,0
0,0.16587961064203235,0,0
1,0.8245429199544203,1,1
0,0.33209084732475386,0,0
1,0.7687257053628034,1,1
0,0.587608321039934,1,0
0,0.8393892720550848,1,1
1,0.8088353921833334,1,1
0,0.7802200714900741,1,1
0,0.4708801988129864,0,0
0,0.9632535226961424,1,1
1,0.8799908191383945,1,1
0,0.3464482782413576,0,0
0,0.5292307588850365,1,0
0,0.3419002556442742,0,0
0,0.4757597974059263,0,0
0,0.46312426472642393,0,0
0,0.40749287798347666,0,0
0,0.6614273477624635,1,0
1,0.822332451665214,1,1
1,0.8108891015457117,1,1
0,0.41123999447993614,0,0
1,0.7879241536365321,1,1
0,0.21690160202490402,0,0
0,0.7894656055715731,1,1
1,0.3764097562195988,0,0
0,0.2855685867666428,0,0
0,0.4169108943455253,0,0
0,0.6719212459522665,1,0
0,0.23497412829682388,0,0
0,0.36749469161117415,0,0
1,0.8978441773868452,1,1
0,0.1760448816805325,0,0
0,0.6242944891796122,1,0
1,0.6338195950711925,1,0
0,0.7687229222467314,1,1
0,0.5567368723089294,1,0
1,0.5925552647934033,1,0
0,0.42106144453148525,0,0
0,0.5935056705291902,1,0
1,0.6804301278859862,1,0
0,0.5015603213746935,1,0
0,0.38667933849710784,0,0
0,0.599621874497702,1,0
0,0.46543030080881004,0,0
1,0.5410632659785342,1,0
0,0.17295259642968658,0,0
0,0.42104114979265567,0,0
1,0.9184388261125995,1,1
0,0.23443669586320504,0,0
1,0.9040298887119597,1,1
1,0.9501460217978049,1,1
0,0.40327280404455323,0,0
0,0.21836880015156468,0,0
1,0.9224620580062431,1,1
0,0.7919392627739529,1,1
0,0.5171425412349933,1,0
1,0.8110087269259724,1,1
1,0.8677592219022631,1,1
0,0.3760637140043626,0,0
0,0.27256694177662816,0,0
1,0.7546580624336248,1,1
0,0.34410756946180304,0,0
0,0.45187987223536114,0,0
0,0.7021739383745751,1,1
1,0.9171884902162962,1,1
1,0.8659592881670415,1,1
0,0.4331915333280723,0,0
1,0.9186291531652905,1,1
0,0.2532295735127159,0,0
1,0.5932162770597615,1,0
0,0.5700327182677731,1,0
1,0.8828886791451726,1,1
0,0.416911694887098,0,0
0,0.21426467938897872,0,0
0,0.5556358194992962,1,0
1,0.733963278501921,1,1
0,0.39306613388304507,0,0
0,0.43124904855593427,0,0
0,0.9050967303369214,1,1
0,0.5683512100080848,1,0
1,0.8088452000485127,1,1
0,0.785718554728003,1,1
0,0.5330263107636591,1,0
0,0.6374165376792628,1,0
0,0.8823852755673512,1,1
1,0.5538609085202759,1,0
0,0.1892982655748506,0,0
0,0.9062530649641438,1,1
1,0.8551942038963195,1,1
0,0.22364672698581026,0,0
0,0.3507446014013908,0,0
0,0.6896532793733371,1,0
1,0.8530657000151632,1,1
0,0.25905433416524604,0,0
1,0.9202059783384093,1,1
0,0.8344307086187014,1,1
0,0.524020101630764,1,0
0,0.4722459766325355,0,0
0,0.8307326982214379,1,1
1,0.8776860957046659,1,1
0,0.36967043124786214,0,0
0,0.5493817350288668,1,0
0,0.6107175663546132,1,0
1,0.8612724887596869,1,1
1,0.8685942981951292,1,1
1,0.7310716218571378,1,1
1,0.8832705912082686,1,1
1,0.8063616880183666,1,1
1,0.7014424800125301,1,1
0,0.7770561923153513,1,1
0,0.38969574531862033,0,0
0,0.5735673456160381,1,0
1,0.7166887324021926,1,1
1,0.7651579182930704,1,1
0,0.595613503416728,1,0
0,0.9230029624994284,1,1
0,0.6296430786336374,1,0
1,0.8946491773370993,1,1
0,0.6403403787879565,1,0
0,0.458726259612776,0,0
0,0.3636369062335004,0,0
1,0.9431292369765611,1,1
1,0.8842225066409711,1,1
0,0.4533310648395555,0,0
1,0.744858851713577,1,1
0,0.9456730275609136,1,1
1,0.9365831078987061,1,1
0,0.6007887331389832,1,0
0,0.7322473627992762,1,1
0,0.22016408698940235,0,0
0,0.4979243923831583,0,0
0,0.372790343015456,0,0
0,0.7734367025803687,1,1
0,0.4790441442072537,0,0
0,0.5167453775465555,1,0
1,0.7601520932506253,1,1
0,0.8803963321513523,1,1
0,0.7000132750916397,1,1
1,0.8719782931074682,1,1
0,0.4637709306804145,0,0
1,0.9164438285206499,1,1
0,0.35794431563202384,0,0
1,0.7599015219524858,1,1
0,0.8234934233494479,1,1
0,0.2738122300589453,0,0
1,0.5907422819442245,1,0
1,0.9418392800809868,1,1
1,0.9391479260251638,1,1
0,0.28069718207361766,0,0
1,0.8653650376444506,1,1
1,0.7143856596316581,1,1
1,0.88348904132348,1,1
1,0.916136197668068,1,1
1,0.7426415700366367,1,1
0,0.9173274496274678,1,1
1,0.6835231781435854,1,0
1,0.9455013817305994,1,1
0,0.42989842785800475,0,0
1,0.9090414066276915,1,1
0,0.26410417501214667,0,0
0,0.8351142339689697,1,1
0,0.25872215153895817,0,0
1,0.8605392630484316,1,1
0,0.699433734736241,1,1
0,0.6010341606087364,1,0
0,0.2891600534047253,0,0
0,0.26800408689366223,0,0
1,0.6064301763816531,1,0
1,0.9539022785747404,1,1
1,0.931658965387641,1,1
1,0.8705974345144925,1,1
0,0.3772699426408827,0,0
0,0.8044000317186283,1,1
1,0.8664739857017014,1,1
0,0.5342764996781276,1,0
0,0.32660684971244125,0,0
0,0.28027119919421706,0,0
1,0.6960997181061283,1,1
1,0.6998387642780288,1,1
1,0.6619870312076025,1,0
1,0.8992713311997905,1,1
1,0.5392059876268629,1,0
0,0.2817980055616422,0,0
0,0.6336335197956513,1,0
0,0.8749781597746505,1,1
1,0.9047193671588971,1,1
0,0.5453485170486141,1,0
1,0.7642313549391061,1,1
0,0.8733463100320964,1,1
1,0.9398101669983918,1,1
1,0.6876525559774703,1,0
0,0.7150882243642271,1,1
0,0.3828064769364965,0,0
0,0.8512698950055273,1,1
1,0.9581862739570999,1,1
0,0.22398926751011503,0,0
1,0.5326278677047074,1,0
1,0.765170761778424,1,1
0,0.7384136585928341,1,1
0,0.7065799072644222,1,1
0,0.3523288408771599,0,0
1,0.9606515936587565,1,1
1,0.8894058952960534,1,1
0,0.5327764639170516,1,0
0,0.2520129907956335,0,0
0,0.7647263810647,1,1
0,0.620129383667551,1,0
0,0.2754206504795122,0,0
1,0.7401700367163613,1,1
0,0.8182812224912522,1,1
0,0.6125982897844708,1,0
1,0.9497201817959984,1,1
0,0.5039879818453239,1,0
0,0.42805847506852246,0,0
1,0.8735610446380442,1,1
0,0.1439453476554538,0,0
1,0.6909616146253271,1,1
0,0.21551115881072205,0,0
0,0.5441153431531539,1,0
0,0.41209107760849273,0,0
0,0.6911293613333768,1,1
0,0.4190098022474883,0,0
1,0.66122038594891,1,0
0,0.8150927362911478,1,1
0,0.693963506764205,1,1
0,0.5123468052347161,1,0
1,0.7837725234787666,1,1
1,0.7407044957023907,1,1
0,0.6108094592087412,1,0
0,0.3536903802812603,0,0
0,0.3233445436745071,0,0
0,0.7220001697357993,1,1
1,0.8923597255770062,1,1
0,0.6149696044466352,1,0
0,0.6303342541728819,1,0
0,0.5294875310307754,1,0
0,0.7886244735135116,1,1
1,0.2561805072120244,0,0
1,0.9285947496019068,1,1
0,0.6947002237968,1,1
1,0.8612355673037347,1,1
0,0.4422780054787318,0,0
0,0.08931551548669682,0,0
0,0.2907844228417797,0,0
0,0.9058268167995818,1,1
1,0.9743563849577028,1,1
0,0.5047276897239777,1,0
1,0.8335827351282329,1,1
0,0.9226618947093759,1,1
1,0.8726826512351565,1,1
0,0.3303388004325267,0,0
0,0.7446191899532285,1,1
0,0.1719299726162178,0,0
1,0.9451473279759095,1,1
0,0.21644887818045186,0,0
0,0.9043388371878731,1,1
1,0.772312136423575,1,1
1,0.7301275399477184,1,1
1,0.9158530392407681,1,1
0,0.393163304698737,0,0
0,0.39901794767514565,0,0
0,0.7694316457830777,1,1
0,0.6541786267479004,1,0
0,0.7939811753727254,1,1
0,0.21191496960699438,0,0
0,0.5737131244336903,1,0
1,0.8685039062461921,1,1
1,0.7886032231893372,1,1
0,0.7752482127027088,1,1
0,0.7690981366378478,1,1
1,0.3309692490841228,0,0
0,0.7695169925208938,1,1
1,0.47447600646748717,0,0
1,0.8217622071327738,1,1
1,0.9200021731931373,1,1
0,0.5800319435847799,1,0
0,0.8847061074257281,1,1
1,0.8842551208292236,1,1
1,0.29259201893095954,0,0
1,0.7078944891496027,1,1
0,0.6946935397704697,1,1
1,0.7282171174409537,1,1
0,0.6139905180406661,1,0
1,0.9016270476539263,1,1
0,0.8847295947100036,1,1
0,0.46203100287644455,0,0
0,0.36431326176655454,0,0
0,0.902421659182892,1,1
0,0.2868096208372819,0,0
1,0.43800387472177665,0,0
0,0.5381684386467845,1,0
1,0.6414773127343258,1,0
0,0.15736455078390288,0,0
1,0.7787450796774377,1,1
0,0.7080573534290813,1,1
0,0.5867252226624788,1,0
0,0.22513171606889817,0,0
1,0.9113044648384145,1,1
1,0.6103536120126806,1,0
0,0.8450507868345908,1,1
1,0.8532141681188686,1,1
1,0.9267830146058802,1,1
1,0.7909565012085678,1,1
0,0.8088088264278208,1,1
0,0.4120361134304185,0,0
0,0.32716607880362863,0,0
0,0.4262527953197279,0,0
0,0.3185129776642669,0,0
0,0.3806297913623432,0,0
1,0.7822397545613176,1,1
0,0.21895695233624843,0,0
0,0.6478735096925907,1,0
0,0.4803706584489756,0,0
0,0.7376166101386706,1,1
0,0.13180709688496497,0,0
1,0.925852865738726,1,1
1,0.7491736936947108,1,1
0,0.3480292233642671,0,0
1,0.7030547830954293,1,1
0,0.5980843467084258,1,0
0,0.7473097772589501,1,1
0,0.3214838432002308,0,0
1,0.9378400808318148,1,1
0,0.5068224966164221,1,0
1,0.7267136162079254,1,1
1,0.762532759316757,1,1
0,0.47906151693494975,0,0
0,0.4812373367706398,0,0
0,0.3817101244107199,0,0
1,0.9402871173415858,1,1
0,0.7220871936994686,1,1
0,0.19279390857606268,0,0
0,0.24034822352004093,0,0
1,0.9244603927865772,1,1
0,0.18494129965756537,0,0
1,0.5976173315002627,1,0
1,0.715113127627239,1,1
0,0.681638813679123,1,0
0,0.623034524395207,1,0
0,0.5374528017569733,1,0
1,0.6546732617007743,1,0
1,0.502006103577889,1,0
0,0.9063982780773266,1,1
0,0.7318457256391904,1,1
0,0.4114810647539246,0,0
0,0.8418702626175352,1,1
0,0.19405198283007905,0,0
0,0.6311142054685185,1,0
1,0.8882298474020264,1,1
0,0.750989852982476,1,1
1,0.8249898202925153,1,1
0,0.6957827234854607,1,1
1,0.6040640240226754,1,0
0,0.37047105471484726,0,0
0,0.42602906131920215,0,0
0,0.18716011873971858,0,0
1,0.5733657014313258,1,0
1,0.5275392096826755,1,0
1,0.56114414582694,1,0
0,0.15103856903091753,0,0
1,0.737495711023236,1,1
1,0.7430725163986093,1,1
1,0.5787877171083845,1,0
1,0.8839598973417434,1,1
0,0.29147822329839806,0,0
0,0.6241520867560008,1,0
0,0.1515856028291095,0,0
0,0.6513982701666963,1,0
0,0.378825838866286,0,0
0,0.36252211463741163,0,0
1,0.9397186594990851,1,1
0,0.3381511221034698,0,0
1,0.7737202375625735,1,1
0,0.539552026837361,1,0
1,0.5667231346052602,1,0
0,0.6536918901627414,1,0
1,0.7156993329811975,1,1
1,0.75593412440087,1,1
0,0.456826802454008,0,0
1,0.5668987933491291,1,0
0,0.46037317250097215,0,0
1,0.8721988025034949,1,1
0,0.8497661976077279,1,1
0,0.26461770768336673,0,0
0,0.27484283324261616,0,0
1,0.8680784057729541,1,1
0,0.8976284170247429,1,1
1,0.46530224723985747,0,0
0,0.29766705281791667,0,0
0,0.543513203804376,1,0
1,0.5285555142456018,1,0
0,0.7262989726467604,1,1
1,0.2092417860539309,0,0
0,0.11309236059310657,0,0
1,0.8731414337719008,1,1
0,0.22169380273322148,0,0
0,0.5033823984620481,1,0
1,0.2943190068742435,0,0
0,0.5227322908119331,1,0
0,0.21657065875551462,0,0
1,0.8460098036147,1,1
0,0.6293651174092728,1,0
1,0.9428809075102413,1,1
0,0.6958704378211799,1,1
0,0.32212386515560726,0,0
0,0.8545252316451454,1,1
0,0.3274470898677441,0,0
0,0.42313766621905735,0,0
0,0.8978410525739449,1,1
1,0.8554715514527932,1,1
0,0.5074926291313577,1,0
0,0.4990057736551469,0,0
0,0.5080500310946671,1,0
0,0.69941178265085,1,1
0,0.6699724921159629,1,0
1,0.8670363245080801,1,1
1,0.34017459934848315,0,0
0,0.7241466701651128,1,1
0,0.539870391684372,1,0
0,0.7170818052269013,1,1
1,0.7698001540492269,1,1
0,0.8484740570219226,1,1
0,0.24735737055954937,0,0
1,0.8330942988617022,1,1
1,0.9465995014400036,1,1
0,0.4418264484659199,0,0
1,0.9346235386447321,1,1
1,0.7389612397920771,1,1
0,0.6325586385749047,1,0
0,0.6990182392354403,1,1
0,0.9397581585418263,1,1
0,0.7710632764771681,1,1
1,0.3648828843689813,0,0
1,0.7050954464456782,1,1
1,0.701015013193295,1,1
1,0.9143996441665799,1,1
1,0.9266230956857119,1,1
1,0.5748697534943106,1,0
0,0.24024346001374677,0,0
1,0.9309408807374029,1,1
0,0.6870686328426778,1,0
0,0.8515718217119275,1,1
0,0.866145321726417,1,1
0,0.4328458801679902,0,0
0,0.7595766963638665,1,1
1,0.927600491626565,1,1
0,0.4361319352750894,0,0
0,0.2727563132249302,0,0
0,0.25943369282179823,0,0
0,0.39326207652115336,0,0
0,0.46394461677912274,0,0
0,0.6526421400951904,1,0
0,0.7517684981956599,1,1
0,0.6280073354324246,1,0
1,0.9085527746357979,1,1
1,0.9223112053419983,1,1
0,0.641292473709262,1,0
1,0.8896925746378708,1,1
0,0.5949171375646489,1,0
1,0.8241468854339353,1,1
1,0.9472601491048925,1,1
0,0.701987619035053,1,1
0,0.633009329019071,1,0
1,0.8741751505655879,1,1
1,0.729609849620591,1,1
0,0.17819754667248608,0,0
1,0.9106986956279526,1,1
0,0.6413201828864095,1,0
0,0.6343450096954512,1,0
0,0.6295166702432935,1,0
1,0.48857753407993393,0,0
0,0.494476358828807,0,0
0,0.24599378255756602,0,0
1,0.9042581683985318,1,1
0,0.22687723857708164,0,0
1,0.8988654881084841,1,1
0,0.4413856211362083,0,0
0,0.31130030343371656,0,0
1,0.8412685661630447,1,1
1,0.9369681014940412,1,1
0,0.1915369515705215,0,0
1,0.4818125820937095,0,0
0,0.3501477968665509,0,0
1,0.9294111430008076,1,1
1,0.8307553339894987,1,1
1,0.8536104889638084,1,1
0,0.5737358573262505,1,0
0,0.5613560634744952,1,0
0,0.5167083069192263,1,0
1,0.7911411830016525,1,1
0,0.6966166784312264,1,1
1,0.9519809635247649,1,1
1,0.8624633647655119,1,1
0,0.34880737047087323,0,0
0,0.7713490405526859,1,1
0,0.21056121429478042,0,0
0,0.7286454857711261,1,1
0,0.12902608981174088,0,0
0,0.4123562890713682,0,0
1,0.8846147525109272,1,1
1,0.8609607051942495,1,1
1,0.9124463046151452,1,1
1,0.8719117104097264,1,1
0,0.35300913766771747,0,0
0,0.6680688209621963,1,0
1,0.8151682695009209,1,1
0,0.9599692636662838,1,1
1,0.48341406356443556,0,0
0,0.7602296992216885,1,1
1,0.7348717970150399,1,1
1,0.8657609935783334,1,1
0,0.37738007750259805,0,0
0,0.7656018710662544,1,1
0,0.8136954839252069,1,1
0,0.7022697729035585,1,1
0,0.6062373059789784,1,0
0,0.7240999430639368,1,1
1,0.9065204955951446,1,1
1,0.9040228138506983,1,1
0,0.788356355689509,1,1
0,0.7981227933623019,1,1
1,0.8704652543496578,1,1
0,0.6861059804279311,1,0
0,0.6620074740966546,1,0
0,0.45452778897516594,0,0
0,0.646900828054635,1,0
1,0.8236689757595776,1,1
1,0.9160443666782954,1,1
0,0.17407710662829176,0,0
0,0.5357818254973945,1,0
0,0.5003337221684272,1,0
0,0.6075230877649943,1,0
0,0.5215671261903663,1,0
1,0.9104611567250217,1,1
0,0.26175267491553467,0,0
0,0.7584759404552063,1,1
1,0.6505004452183067,1,0
1,0.838640296678406,1,1
0,0.5861305701795745,1,0
0,0.9195105385751247,1,1
0,0.1746078941486117,0,0
0,0.9317048063516689,1,1
1,0.9461968007678576,1,1
0,0.8826850591102302,1,1
0,0.8317706982573074,1,1
1,0.9606885086154638,1,1
0,0.2454627485314052,0,0
1,0.5870852062048734,1,0
1,0.8054465280592161,1,1
0,0.8645881680309624,1,1
1,0.8703048956865789,1,1
1,0.957936235203532,1,1
0,0.43474976280901223,0,0
0,0.8830081224988007,1,1
0,0.7676757047882431,1,1
1,0.8924923071764841,1,1
1,0.8456946157258297,1,1
0,0.6024842352468829,1,0
1,0.7628675115963274,1,1
1,0.8958958787000652,1,1
1,0.6357217154630695,1,0
1,0.934173640783214,1,1
0,0.32430456967456894,0,0
0,0.5340476442638431,1,0
0,0.4135135042144102,0,0
0,0.7206633746554966,1,1
0,0.20020635561239367,0,0
1,0.9189167034309046,1,1
0,0.4358954039356515,0,0
1,0.8609095677811008,1,1
0,0.5228613212548442,1,0
0,0.8772468708757397,1,1
1,0.877163153116483,1,1
0,0.6117724013768826,1,0
1,0.8837945648077384,1,1
0,0.539185824784389,1,0
0,0.20731174065753397,0,0
1,0.5011564887768916,1,0
0,0.7332186364079349,1,1
1,0.5582042021899958,1,0
0,0.4582467464133631,0,0
1,0.9003501252538886,1,1
0,0.17563415631259355,0,0
1,0.5478506769872014,1,0
1,0.9246933261423054,1,1
0,0.7887916956364258,1,1
0,0.36680359619779185,0,0
1,0.8742333529451114,1,1
0,0.6177952361894267,1,0
0,0.575500350035072,1,0
0,0.8198600977785852,1,1
1,0.9345174679727809,1,1
1,0.6294893827884407,1,0
1,0.7988511943025712,1,1
0,0.30106401275804257,0,0
1,0.5870181057248891,1,0
0,0.8206886505419874,1,1
1,0.8946454269537559,1,1
1,0.8891485346446113,1,1
0,0.6115360121206639,1,0
0,0.3449888089579178,0,0
0,0.653575804247198,1,0
1,0.7817217090464395,1,1
0,0.5631419843550485,1,0
1,0.8322471952456465,1,1
0,0.5916700341109961,1,0
0,0.6431458059356909,1,0
1,0.935464565697805,1,1
1,0.640633828462855,1,0
0,0.20455090734373696,0,0
1,0.6365286914950044,1,0
0,0.3412879991523503,0,0
0,0.9386915119177193,1,1
0,0.20958184678558456,0,0
0,0.7972329353754505,1,1
0,0.5096497021861286,1,0
0,0.823343820106393,1,1
0,0.3448206382917285,0,0
0,0.6658309221420108,1,0
1,0.7298369991890069,1,1
0,0.8827111513889137,1,1
0,0.8460972497072448,1,1
1,0.46445531571813675,0,0
0,0.5349620681666102,1,0
0,0.1713718863377305,0,0
0,0.6109310377715321,1,0
1,0.5763869508142797,1,0
0,0.7488076243648493,1,1
0,0.4264915356225052,0,0
0,0.44735912560290747,0,0
0,0.4360502293735149,0,0
0,0.720213516771166,1,1
1,0.9193738657730072,1,1
1,0.9553528888120952,1,1
0,0.8137281168486358,1,1
0,0.6366488984304147,1,0
0,0.585125066784671,1,0
1,0.7060029524230417,1,1
0,0.23134965609973773,0,0
1,0.676597507939003,1,0
0,0.6809483813163263,1,0
1,0.9272445184509825,1,1
0,0.7017445777027447,1,1
0,0.2930651485645827,0,0
1,0.4744657119904798,0,0
0,0.44765779372557113,0,0
0,0.7317768590839153,1,1
0,0.5298595189264228,1,0
1,0.42669875284728837,0,0
0,0.4939235857034802,0,0
1,0.9393662843221685,1,1
0,0.5695788378780584,1,0
1,0.7898332034452589,1,1
1,0.6780629178733316,1,0
0,0.49664118572461763,0,0
0,0.4958816237605593,0,0
1,0.8621006985196883,1,1
1,0.8902136408448869,1,1
0,0.2156976791967251,0,0
0,0.8547641552761746,1,1
0,0.42518164536640546,0,0
0,0.7739958409116509,1,1
0,0.6069305683392071,1,0
0,0.603252095142842,1,0
1,0.8034369341927039,1,1
0,0.7738338711077595,1,1
0,0.5870729854318122,1,0
0,0.6176545101136609,1,0
0,0.7028179211173531,1,1
1,0.4397444782716782,0,0
0,0.724874703331043,1,1
0,0.37854436933261626,0,0
0,0.851685430894042,1,1
0,0.8350554200647953,1,1
1,0.9293027607876148,1,1
1,0.8264129867081961,1,1
0,0.47705749663867447,0,0
0,0.4023996742113661,0,0
0,0.8686750755795305,1,1
0,0.6742263943639832,1,0
0,0.550270381554646,1,0
1,0.6468679589336834,1,0
0,0.41738564142354884,0,0
1,0.7455228232212888,1,1
1,0.8939420174421998,1,1
1,0.7964873084649738,1,1
1,0.8330533045333909,1,1
1,0.8132425009073422,1,1
1,0.761485367448375,1,1
0,0.40007014984557154,0,0
1,0.8653743872124807,1,1
1,0.7916781191916678,1,1
0,0.6219032723689318,1,0
0,0.47423339899170647,0,0
1,0.7703581955741174,1,1
1,0.803958657386043,1,1
1,0.5253291112120372,1,0
0,0.2976479151943598,0,0
0,0.511931617363699,1,0
1,0.45602696193367326,0,0
1,0.6687260552272506,1,0
0,0.1675619248855096,0,0
0,0.5839886733413682,1,0
0,0.4956994498426546,0,0
0,0.876207924258355,1,1
0,0.6450952249442213,1,0
0,0.34374030082708296,0,0
0,0.8099734771885474,1,1
1,0.9105782017157171,1,1
1,0.9122050003337647,1,1
0,0.7514148356235226,1,1
0,0.2815994405880698,0,0
0,0.30326935452632253,0,0
1,0.766322354500994,1,1
0,0.28874055361126544,0,0
0,0.6692805693702579,1,0
0,0.1860347308038606,0,0
1,0.8199711598157404,1,1
1,0.9035173689403505,1,1
1,0.9043054111296065,1,1
0,0.925611560880252,1,1
0,0.8206791509102285,1,1
1,0.7672353766717591,1,1
0,0.6684608288351241,1,0
0,0.5753565722444468,1,0
0,0.7110869316081921,1,1
1,0.6741108613583596,1,0
0,0.9362465149550299,1,1
1,0.8467679720102039,1,1
1,0.861890693770769,1,1
0,0.8519015018265168,1,1
1,0.898882296203772,1,1
0,0.5983235412073554,1,0
0,0.5135266135430977,1,0
0,0.2761681253484153,0,0
0,0.8646129196303957,1,1
0,0.26816744504048623,0,0
1,0.7418303616848148,1,1
0,0.8331089222135637,1,1
1,0.7469675574643391,1,1
0,0.6589752923461597,1,0
0,0.2359406446196089,0,0
0,0.8387089200016156,1,1
0,0.8383093054689913,1,1
0,0.8387337097222894,1,1
0,0.7305467758541747,1,1
0,0.3818497403004939,0,0
1,0.8650460681976708,1,1
1,0.9458191599860998,1,1
1,0.5255080079151727,1,0
0,0.5779505487159887,1,0
0,0.6812843092470768,1,0
0,0.47639307080582416,0,0
0,0.33418246343038444,0,0
0,0.9361951886210752,1,1
1,0.9241151307135897,1,1
0,0.19827620804699006,0,0
1,0.8882472671934354,1,1
0,0.16281063911150953,0,0
1,0.5279004317580708,1,0
0,0.8150494189627645,1,1
0,0.3105924507396903,0,0
1,0.8637934960283936,1,1
0,0.14295500769832709,0,0
0,0.6565227902345478,1,0
0,0.19957053723950816,0,0
0,0.595940808626427,1,0
0,0.5218775798556053,1,0
1,0.8557664851511602,1,1
1,0.8226282271039533,1,1
0,0.5862833860543776,1,0
0,0.510837347822198,1,0
0,0.7354236510855447,1,1
0,0.7854087985393164,1,1
0,0.7255971120952184,1,1
1,0.8337902170992514,1,1
0,0.45087827299573885,0,0
0,0.2871283963128603,0,0
0,0.589251949276291,1,0
1,0.815242772057621,1,1
0,0.7481921804002071,1,1
0,0.795203658736024,1,1
0,0.3062733473527261,0,0
0,0.6550649208778492,1,0
0,0.4048580773306721,0,0
0,0.5979329653611639,1,0
0,0.5393452444863505,1,0
0,0.1583960945625358,0,0
0,0.7780898091353899,1,1
0,0.6596968298351349,1,0
0,0.46140606248812543,0,0
1,0.897141591411572,1,1
1,0.9434904373493691,1,1
0,0.2502133237104431,0,0
0,0.2859426898345847,0,0
0,0.4344361068777858,0,0
0,0.6602963352156253,1,0
0,0.48326898125533196,0,0
0,0.6002874992481374,1,0
0,0.48644278451230133,0,0
1,0.8785936514181618,1,1
1,0.9725022573452097,1,1
0,0.8904661684224756,1,1
1,0.8780079967417113,1,1
0,0.35310966915229763,0,0
1,0.7693745930648518,1,1
0,0.4531812875167173,0,0
1,0.43798571256194796,0,0
1,0.8711372304515003,1,1
0,0.39422204483450257,0,0
1,0.8509908753954382,1,1
0,0.8601551806868556,1,1
0,0.23816217088180755,0,0
0,0.658390004462526,1,0
1,0.7137030977734868,1,1
0,0.6801567090214802,1,0
0,0.517966678523431,1,0
1,0.8638387405892688,1,1
1,0.7607468661651489,1,1
0,0.7262734938335411,1,1
1,0.9163801041540729,1,1
0,0.2619520001598747,0,0
1,0.8479820074787682,1,1
0,0.5055594904511966,1,0
1,0.6073293578016952,1,0
0,0.7399934637961,1,1
0,0.5229982971526363,1,0
1,0.945600692361983,1,1
0,0.34732203533786077,0,0
0,0.20938969654620113,0,0
0,0.58204477249098,1,0
1,0.8934154736297518,1,1
1,0.28708404955997097,0,0
0,0.503173010025963,1,0
0,0.41335221696940694,0,0
0,0.8130344306650298,1,1
0,0.28968768464964684,0,0
0,0.5172118839655782,1,0
0,0.48273343072630764,0,0
1,0.9180688830753244,1,1
0,0.5901905404509534,1,0
1,0.9653171219397261,1,1
1,0.896447872055433,1,1
0,0.8061514045299039,1,1
0,0.6505044724502467,1,0
1,0.9217755752462578,1,1
0,0.19319575844177891,0,0
0,0.3188432766610043,0,0
0,0.344244881227209,0,0
0,0.23417202153633418,0,0
0,0.639789517892591,1,0
0,0.5200763596004155,1,0
0,0.11874777411932133,0,0
1,0.7625366700945512,1,1
0,0.5624803205219284,1,0
1,0.8268642756394683,1,1
0,0.47096060085134467,0,0
1,0.928598391649739,1,1
0,0.7642354317003957,1,1
1,0.9501804667167839,1,1
0,0.3280119525494393,0,0
1,0.9044912856004707,1,1
0,0.8054306420554037,1,1
0,0.4670815675405832,0,0
0,0.6175266175914423,1,0
1,0.8412806994068859,1,1
1,0.8844014629318495,1,1
1,0.8551160469331365,1,1
0,0.31352485543878666,0,0
1,0.9651501390524915,1,1
0,0.35329308994469083,0,0
0,0.40969162009258375,0,0
1,0.7206368151063036,1,1
0,0.7657895086721589,1,1
1,0.8389243525087701,1,1
1,0.909893194090611,1,1
1,0.9164888228812634,1,1
1,0.7738427470475531,1,1
0,0.9084725919632545,1,1
0,0.8985565722029126,1,1
0,0.8285633916436806,1,1
0,0.12690973827301796,0,0
0,0.34517110445195837,0,0
0,0.29396491372094774,0,0
0,0.5298165780859145,1,0
0,0.3740100431676585,0,0
1,0.9192273070664141,1,1
1,0.8365517859411992,1,1
0,0.16519759348678045,0,0
0,0.7424824158391297,1,1
1,0.8763844873910173,1,1
1,0.900390702523222,1,1
1,0.8621902135165205,1,1
1,0.8963792688391365,1,1
0,0.6209660853635066,1,0
1,0.6769076469077449,1,0
1,0.9256425405230231,1,1
0,0.6188617888728866,1,0
0,0.21219696527973064,0,0
0,0.48777575428273157,0,0
0,0.5847051591176866,1,0
0,0.7003756599587511,1,1
0,0.4497002879757192,0,0
0,0.19247068530849665,0,0
0,0.3431179319682239,0,0
0,0.3996148875919247,0,0
0,0.5310704742478686,1,0
0,0.7856847832298773,1,1
1,0.9281713071620035,1,1
0,0.6493852168828941,1,0
1,0.9028574231082052,1,1
0,0.43987573801190244,0,0
0,0.19727782314379752,0,0
1,0.944334407724906,1,1
0,0.36899210797416687,0,0
0,0.5117385650914098,1,0
1,0.6639612504309088,1,0
1,0.9444800194900306,1,1
0,0.39213000669112363,0,0
1,0.7166968054290741,1,1
0,0.6910991320597417,1,1
1,0.8989300623609252,1,1
0,0.6684838924852218,1,0
1,0.9675028157335944,1,1
1,0.5221993637905071,1,0
0,0.6934670077410743,1,1
0,0.252894888902617,0,0
0,0.8085012716882456,1,1
0,0.39164560852015695,0,0
0,0.656837439239497,1,0
0,0.9031358765941694,1,1
1,0.9384982711797331,1,1
0,0.23159204617695822,0,0
0,0.20119848521413036,0,0
0,0.25736613582761,0,0
0,0.47909506291876386,0,0
0,0.448706134000044,0,0
0,0.21746410053168896,0,0
0,0.1970791908887598,0,0
0,0.3491285051907316,0,0
0,0.6941303559323854,1,1
0,0.942887103776992,1,1
0,0.38238831851386146,0,0
0,0.8937125513395626,1,1
0,0.5670429268091212,1,0
0,0.5976569980021925,1,0
0,0.11856589216915336,0,0
0,0.3432122922738698,0,0
0,0.7533700906892482,1,1
0,0.7009802630662739,1,1
0,0.5574635453753664,1,0
0,0.6446136540241961,1,0
0,0.6351272820619902,1,0
1,0.8792193050659044,1,1
0,0.8915250773685351,1,1
0,0.6285079624132446,1,0
0,0.5746029540414496,1,0
1,0.8542210316064753,1,1
0,0.6277049294717205,1,0
0,0.4628103822698809,0,0
0,0.8384789710280618,1,1
1,0.8346410080207726,1,1
1,0.6446327882931272,1,0
0,0.5553214244424629,1,0
0,0.13319154157864893,0,0
0,0.4135728759203974,0,0
0,0.589226351580431,1,0
1,0.868199375611984,1,1
0,0.767195582168891,1,1
1,0.9113307772576035,1,1
0,0.4050682669264029,0,0
0,0.7745948515524661,1,1
1,0.9368307121991755,1,1
0,0.2090179379378924,0,0
0,0.6039698566928816,1,0
0,0.3293108438282372,0,0
0,0.7251390603293054,1,1
1,0.8763407493626479,1,1
0,0.5644249478452456,1,0
0,0.8735634530380109,1,1
0,0.8172612288542973,1,1
1,0.767683141012635,1,1
1,0.936087958988883,1,1
0,0.18990733663399906,0,0
1,0.8693072214486409,1,1
0,0.6574249425352093,1,0
0,0.1667092032088518,0,0
0,0.4532427824536264,0,0
1,0.8116727193268475,1,1
1,0.946678533969769,1,1
0,0.42084719380101343,0,0
0,0.35399047425728003,0,0
0,0.1238702253227701,0,0
0,0.3404587198052312,0,0
1,0.356690264405184,0,0
0,0.26154064450078574,0,0
0,0.1824998733223445,0,0
0,0.7975510280426101,1,1
0,0.5287715079294397,1,0
1,0.9014018623623401,1,1
0,0.18314745557364473,0,0
0,0.7543757762416708,1,1
1,0.5728036325007072,1,0
0,0.2118139831669231,0,0
1,0.9136352444897132,1,1
1,0.8539703599233689,1,1
1,0.7732216064240119,1,1
1,0.8869811467922812,1,1
1,0.8676294887256507,1,1
1,0.9259806160613451,1,1
0,0.595851237120199,1,0
0,0.790116719006245,1,1
0,0.535663188360705,1,0
1,0.7936511325671157,1,1
1,0.8561347521491588,1,1
1,0.9128140917338762,1,1
1,0.8940102050041642,1,1
0,0.7549390778216762,1,1
1,0.9307483140246052,1,1
0,0.43477395868136937,0,0
0,0.729078698060056,1,1
1,0.9119010334355413,1,1
0,0.8500830511158491,1,1
0,0.789161559018184,1,1
0,0.5992328320537301,1,0
0,0.7278092496209313,1,1
0,0.6943740326801746,1,1
0,0.7997748471863189,1,1
1,0.5455861571806246,1,0
0,0.4108525912188228,0,0
1,0.9706377776933686,1,1
0,0.8025316731149615,1,1
0,0.42578393999082326,0,0
1,0.8849808912922151,1,1
0,0.5426683680161921,1,0
1,0.7617549657697518,1,1
0,0.15969158270106493,0,0
0,0.4659684454176051,0,0
0,0.921269420856403,1,1
1,0.6137352399579387,1,0
0,0.5248612048059825,1,0
1,0.783033343541919,1,1
0,0.4461216977967915,0,0
1,0.9115633453564996,1,1
0,0.1433064289166054,0,0
0,0.7677812582883868,1,1
1,0.9211005772928925,1,1
1,0.7319690768720128,1,1
1,0.5050306593172252,1,0
0,0.6507401108180011,1,0
0,0.5002000961475008,1,0
0,0.26619419915689213,0,0
0,0.5692356258543327,1,0
0,0.7874786814985809,1,1
0,0.3293923186388228,0,0
0,0.18141631006485945,0,0
0,0.4540711786639702,0,0
0,0.2766133496184197,0,0
1,0.6333832547496241,1,0
0,0.6275093634642311,1,0
1,0.2697430380751207,0,0
0,0.47037936484536585,0,0
0,0.1527514883839106,0,0
0,0.12724878197266504,0,0
0,0.31062951150905976,0,0
0,0.43009316798209013,0,0
0,0.7159286645578997,1,1
0,0.3966715129548588,0,0
0,0.5680355836734335,1,0
1,0.3242431311963689,0,0
0,0.7440680421336332,1,1
0,0.5410318867958923,1,0
0,0.5055024173388948,1,0
0,0.12737516854597766,0,0
0,0.8627691847386236,1,1
0,0.6896979305693677,1,0
1,0.5909238306801339,1,0
0,0.654718915773531,1,0
1,0.5086310675897515,1,0
1,0.7061633737384229,1,1
0,0.31135612833899656,0,0
0,0.29555081501473435,0,0
0,0.2399166076109842,0,0
1,0.8351260523593299,1,1
1,0.8723007103982123,1,1
0,0.39059968437286285,0,0
0,0.7672615306647952,1,1
0,0.3794116800563875,0,0
0,0.6319847431027867,1,0
1,0.7454865120489943,1,1
0,0.4628562278146317,0,0
0,0.5578152400030892,1,0
0,0.3928488676408114,0,0
0,0.3228947865028639,0,0
1,0.8072555905761581,1,1
0,0.38106457718524217,0,0
0,0.3539760665670733,0,0
0,0.7377768121398535,1,1
0,0.8864102492156679,1,1
1,0.7854492469163135,1,1
0,0.1367333070940332,0,0
0,0.5400780900082857,1,0
0,0.31346631792730717,0,0
0,0.3429418810680233,0,0
1,0.950800202165559,1,1
1,0.6765068032380005,1,0
0,0.4072891891032157,0,0
0,0.49301260759299753,0,0
0,0.6437724071095019,1,0
0,0.7049153292662157,1,1
1,0.8675676735871086,1,1
0,0.7678903880965119,1,1
0,0.47563434917559694,0,0
1,0.7469981398956475,1,1
1,0.7705421042225203,1,1
0,0.5787900280575499,1,0
1,0.827637684842481,1,1
0,0.17696092085106058,0,0
0,0.3691058085017113,0,0
0,0.5184280727502442,1,0
0,0.4971345885243295,0,0
0,0.5516833143570435,1,0
1,0.7367647956831342,1,1
1,0.30837538714259227,0,0
0,0.3258161297353268,0,0
1,0.725638295781697,1,1
0,0.8604448203593054,1,1
1,0.5816946683573172,1,0
1,0.9203462711695003,1,1
0,0.41815282463146347,0,0
0,0.5886336056914566,1,0
0,0.5799473095057986,1,0
0,0.4537250474724012,0,0
1,0.7839484619259962,1,1
0,0.36067363407627057,0,0
0,0.15612121914102656,0,0
1,0.574323800750141,1,0
1,0.6816323195106716,1,0
0,0.5765437650080316,1,0
1,0.5049499201879237,1,0
1,0.8962962420020624,1,1
0,0.22852060025676332,0,0
0,0.15817863583276434,0,0
0,0.8988278684292341,1,1
1,0.6081494369730891,1,0
1,0.9073341334021973,1,1
1,0.8380632178630603,1,1
0,0.9097627033093433,1,1
0,0.8277700036727949,1,1
0,0.35975531388388826,0,0
1,0.8685525547797123,1,1
0,0.5064659968612705,1,0
0,0.4540683154945426,0,0
0,0.3615031348538979,0,0
0,0.3099105269386547,0,0
1,0.6246455770674929,1,0
1,0.5598369691504933,1,0
0,0.4204194915650941,0,0
0,0.4630380778037829,0,0
1,0.8747826266706081,1,1
0,0.33524109120438556,0,0
0,0.24076366896052648,0,0
0,0.7161443455956574,1,1
0,0.9109886261040507,1,1
0,0.42460063629082423,0,0
1,0.565832372544229,1,0
0,0.5593805089451888,1,0
0,0.6365681027738664,1,0
1,0.9626807416319502,1,1
0,0.41470293006295883,0,0
0,0.7176861113888562,1,1
0,0.651042849376135,1,0
0,0.5033566897109085,1,0
0,0.39093522955397686,0,0
0,0.12939750848189546,0,0
1,0.792042893642748,1,1
1,0.6881538231591746,1,0
0,0.8896262416609263,1,1
1,0.5323949424816986,1,0
0,0.667947422161355,1,0
1,0.8900275738263874,1,1
0,0.7114441481452028,1,1
0,0.5684741273560767,1,0
0,0.18267688415413047,0,0
1,0.7519544768948174,1,1
1,0.8825859870244142,1,1
0,0.34566250541096316,0,0
0,0.46343427588750946,0,0
1,0.7252001881571695,1,1
0,0.30147569682712866,0,0
1,0.6275364458164521,1,0
1,0.9051611067000637,1,1
0,0.1459659513050647,0,0
0,0.6695258306291718,1,0
0,0.3045993083605715,0,0
0,0.6358474360413159,1,0
1,0.9007985286426909,1,1
0,0.4394285586347478,0,0
0,0.26626339665696935,0,0
0,0.2892599951541313,0,0
1,0.9491879992374377,1,1
0,0.7839443833100068,1,1
1,0.5591426644143223,1,0
0,0.7012478325063048,1,1
1,0.8667241514723913,1,1
0,0.15736776496324542,0,0
0,0.33016003320904336,0,0
0,0.31006915738398855,0,0
0,0.7979077196837344,1,1
0,0.32556933737189153,0,0
1,0.6649493996130633,1,0
0,0.7643161361703615,1,1
0,0.9336473656714703,1,1
0,0.3016380395763171,0,0
1,0.8551785168426344,1,1
0,0.5548277568535336,1,0
1,0.8431436812688542,1,1
0,0.808911917422974,1,1
0,0.6800302189739602,1,0
0,0.6506330844642584,1,0
1,0.28437944205681215,0,0
1,0.8127259003635204,1,1
0,0.7387640693997345,1,1
1,0.8374982266154369,1,1
0,0.18847364763948832,0,0
1,0.8435293155001337,1,1
1,0.9146473850282699,1,1
0,0.7783865674433319,1,1
0,0.5679862288774004,1,0
1,0.9454025119950781,1,1
0,0.7588278315890604,1,1
1,0.8956135012757953,1,1
0,0.6790347710991307,1,0
0,0.24381626559684047,0,0
0,0.8528820971320102,1,1
0,0.13336598275840444,0,0
0,0.6532079240718858,1,0
1,0.8848364737365092,1,1
0,0.35570575003915417,0,0
0,0.5653489196973722,1,0
0,0.13993570239814693,0,0
1,0.9371237879068749,1,1
0,0.6357376086056791,1,0
1,0.7224266033134487,1,1
1,0.7985983763841906,1,1
0,0.8034005478106094,1,1
0,0.6685768223274408,1,0
1,0.9243086271869513,1,1
1,0.8698919702492846,1,1
1,0.961505106400215,1,1
1,0.7257006495075409,1,1
0,0.22122864170530512,0,0
0,0.44393095565926755,0,0
0,0.9119704766232622,1,1
1,0.8779328720930196,1,1
0,0.4064633214904912,0,0
1,0.4173982445059608,0,0
0,0.9249756333657037,1,1
0,0.5401485553491056,1,0
0,0.5879065774189473,1,0
1,0.7113779292422685,1,1
0,0.48340036030510297,0,0
1,0.9267673516010158,1,1
0,0.23993355851961237,0,0
0,0.6237772959542249,1,0
0,0.5380884364607513,1,0
1,0.935492830195228,1,1
0,0.7501971285594585,1,1
0,0.3398680157734443,0,0
1,0.7705825623440867,1,1
0,0.6600709392240771,1,0
1,0.9169213321169636,1,1
0,0.7090177033612287,1,1
0,0.7315474458982533,1,1
0,0.42020331304395936,0,0
0,0.42303350505142856,0,0
0,0.5635326727152764,1,0
0,0.2464097517705191,0,0
0,0.8270361655419805,1,1
0,0.2558731882046318,0,0
0,0.563019906293244,1,0
0,0.6917005403042696,1,1
1,0.8811230410382397,1,1
1,0.6113888320629267,1,0
0,0.29850309396036145,0,0
0,0.937598560419817,1,1
1,0.4234049240715814,0,0
0,0.559878997145734,1,0
0,0.36955953345963993,0,0
0,0.7305925352611422,1,1
0,0.3636201267815047,0,0
0,0.27687568794887,0,0
0,0.2532022696367615,0,0
0,0.6422198848413871,1,0
0,0.14554712269754083,0,0
1,0.7095328749991302,1,1
0,0.7747908305273369,1,1
0,0.6730138524590938,1,0
1,0.8608457289513564,1,1
0,0.7203611492827585,1,1
1,0.9007221571117976,1,1
0,0.4749199343206261,0,0
0,0.8583810182578223,1,1
0,0.7777681849301517,1,1
1,0.774335734205902,1,1
1,0.468287085004683,0,0
0,0.8752818965356783,1,1
0,0.2983814815186864,0,0
0,0.2895382546720289,0,0
0,0.3969846074490486,0,0
0,0.2912864851925571,0,0
0,0.5347159654578514,1,0
0,0.7580124839089659,1,1
1,0.7620054657038847,1,1
0,0.4329976356838896,0,0
1,0.6896784203735493,1,0
0,0.2610033010458258,0,0
1,0.884603742716445,1,1
0,0.9209083010278434,1,1
0,0.712401347951621,1,1
0,0.33945559907515865,0,0
0,0.8652110171910103,1,1
0,0.3469163299211015,0,0
0,0.61774710817273,1,0
0,0.4502096851486742,0,0
0,0.534764794320467,1,0
0,0.14607939024705002,0,0
1,0.896116309101413,1,1
1,0.901583891471416,1,1
0,0.6467166347612141,1,0
1,0.5745471093305093,1,0
0,0.7121208796613768,1,1
0,0.7297978068351771,1,1
1,0.9369681014940412,1,1
0,0.9272027592875662,1,1
0,0.21136139667372605,0,0
1,0.8201582864562499,1,1
1,0.5909507692791973,1,0
0,0.38857939997721186,0,0
0,0.9190486511023338,1,1
0,0.6566283036975941,1,0
0,0.41733111068558393,0,0
1,0.8070269700532832,1,1
1,0.9037585174037622,1,1
1,0.9280558865935907,1,1
0,0.7336334706600057,1,1
1,0.9031474073444963,1,1
0,0.45888776281735527,0,0
0,0.19856078509751895,0,0
0,0.17552947466266106,0,0
0,0.6662690679653316,1,0
0,0.0803207637798211,0,0
1,0.8779990624848348,1,1
1,0.7537022822248152,1,1
0,0.2770951751998519,0,0
1,0.6297435902786832,1,0
0,0.2776581093868617,0,0
0,0.5468056288418153,1,0
1,0.8341845371034944,1,1
1,0.5396137603487111,1,0
0,0.4143629965181627,0,0
0,0.2422290999476993,0,0
0,0.7856180469080347,1,1
0,0.42033342067290536,0,0
1,0.5952251200590442,1,0
1,0.8669064701437894,1,1
0,0.3856385563817069,0,0
0,0.3925199939019317,0,0
1,0.3778037640544604,0,0
1,0.5011432328832384,1,0
0,0.8609294004937692,1,1
1,0.6476475951735794,1,0
1,0.7139511134774125,1,1
1,0.4507547528874308,0,0
0,0.3576140629778904,0,0
0,0.27836580089432855,0,0
0,0.8310890787311882,1,1
1,0.9527653635498713,1,1
0,0.8593161267681564,1,1
0,0.9000040544906062,1,1
0,0.17882649789456606,0,0
0,0.706793664177693,1,1
0,0.8153684323207318,1,1
0,0.6396178447225824,1,0
1,0.7618207838931824,1,1
0,0.6641252016493009,1,0
0,0.17236665909239166,0,0
1,0.9331708327942971,1,1
1,0.9023212379662723,1,1
1,0.6565716592951689,1,0
0,0.443621036912544,0,0
0,0.7677356606562576,1,1
0,0.6468494217149783,1,0
0,0.8039163624521277,1,1
0,0.7699358452903828,1,1
0,0.6026230523377057,1,0
0,0.4511436527944584,0,0
1,0.8334168875765333,1,1
0,0.6437045125921421,1,0
0,0.6503901118011375,1,0
1,0.8164672552907717,1,1
0,0.6577777355950837,1,0
1,0.8477609358902555,1,1
1,0.5145397698889633,1,0
0,0.6831151335500082,1,0
1,0.8325891274619022,1,1
1,0.917611432918793,1,1
0,0.6871180978526911,1,0
0,0.8733650830997818,1,1
0,0.5588968013138629,1,0
1,0.7826023909375087,1,1
0,0.40833647290469444,0,0
0,0.2326314422094445,0,0
1,0.6716621604481855,1,0
1,0.9539162815494098,1,1
0,0.39360421356442843,0,0
0,0.2157603618243727,0,0
0,0.6768226308417656,1,0
0,0.1685454623380083,0,0
0,0.3081455302320309,0,0
0,0.21991382470603468,0,0
1,0.8302988603736065,1,1
0,0.5941133771337096,1,0
0,0.5365611491390244,1,0
1,0.9524259677630089,1,1
0,0.5840712652834895,1,0
1,0.5675234769340468,1,0
0,0.6214291200317994,1,0
0,0.2739146601328341,0,0
0,0.7420923263981585,1,1
1,0.5967459795297716,1,0
1,0.8138313647695633,1,1
0,0.17963048441294355,0,0
1,0.8106505337889088,1,1
1,0.6431583105626572,1,0
0,0.8573321529862304,1,1
0,0.41986580878636864,0,0
1,0.6793391817943574,1,0
1,0.5956355926883625,1,0
1,0.43749745129274936,0,0
1,0.7687761641257436,1,1
1,0.6013349107965412,1,0
0,0.19886988762969374,0,0
1,0.8671934514386369,1,1
1,0.8819435495417218,1,1
0,0.7736245192821951,1,1
1,0.8904838304888688,1,1
1,0.6585965373546461,1,0
1,0.7895264560793366,1,1
0,0.26497171060335056,0,0
0,0.49561910510953894,0,0
1,0.9449737597480908,1,1
0,0.7251423730987875,1,1
1,0.8330962383221278,1,1
1,0.7221848935075893,1,1
1,0.978137157888909,1,1
0,0.8084423764490372,1,1
0,0.6562113924632768,1,0
0,0.45218148288785776,0,0
1,0.827981293342528,1,1
0,0.5566876152399807,1,0
1,0.7931753741014492,1,1
0,0.86356540902328,1,1
0,0.8330387568780853,1,1
1,0.901146780717178,1,1
0,0.6698242755723178,1,0
1,0.7272566557608154,1,1
0,0.5648806822405525,1,0
0,0.24257992452897495,0,0
1,0.8473356360189701,1,1
0,0.7280217085373207,1,1
1,0.7314071965107741,1,1
0,0.7446886861200985,1,1
0,0.7019677069888373,1,1
0,0.6367093857525916,1,0
0,0.9418052343021194,1,1
0,0.2157977884711975,0,0
0,0.2939271096405017,0,0
0,0.6225919149551271,1,0
1,0.8812923544134487,1,1
1,0.42762544755215653,0,0
0,0.5971527010017407,1,0
0,0.6854506325424741,1,0
0,0.8646588255519023,1,1
1,0.9114605658268634,1,1
1,0.777577856553246,1,1
1,0.8583492039961559,1,1
1,0.912716807494524,1,1
0,0.28330128069269933,0,0
0,0.6632659032281623,1,0
0,0.2596428602162559,0,0
1,0.8957755195811327,1,1
1,0.7711106825990517,1,1
1,0.9346363357861082,1,1
1,0.8954957928733587,1,1
0,0.4773153795713301,0,0
0,0.6717826025010484,1,0
0,0.17417278755791377,0,0
1,0.5904084180281806,1,0
0,0.09648299358209514,0,0
0,0.7539470986754563,1,1
1,0.8683846398496131,1,1
0,0.36392630093309214,0,0
1,0.7179933458076971,1,1
0,0.7532882655159406,1,1
1,0.9055725445922328,1,1
0,0.4220651415786138,0,0
1,0.900959286884582,1,1
0,0.7084247419220158,1,1
0,0.5262482567713108,1,0
0,0.6672105844845976,1,0
0,0.29411419535246586,0,0
0,0.2811189943975183,0,0
0,0.865918969336946,1,1
0,0.5508291466691497,1,0
0,0.8795220090894351,1,1
0,0.6514619044819213,1,0
0,0.5316888071663409,1,0
0,0.7803266117387936,1,1
0,0.515850322949571,1,0
0,0.6819767885584928,1,0
0,0.21754439926113403,0,0
1,0.9465854879409059,1,1
0,0.7258865190246464,1,1
0,0.7256637979636633,1,1
0,0.9081534550958545,1,1
0,0.4414210510924296,0,0
1,0.9278166780462681,1,1
0,0.8690276316516506,1,1
0,0.4087410689984564,0,0
1,0.7849145930757637,1,1
0,0.18703481964914917,0,0
0,0.5852609037668556,1,0
0,0.890750791292586,1,1
1,0.7506581477844179,1,1
1,0.6338755906483667,1,0
1,0.8877379348558592,1,1
0,0.6751476838906176,1,0
1,0.7564883719739246,1,1
0,0.539238334106019,1,0
0,0.4305592845118369,0,0
0,0.4785939369182526,0,0
1,0.6445721913667116,1,0
0,0.25913885634734446,0,0
0,0.7644323608490116,1,1
1,0.6260796028854644,1,0
1,0.9107069788286738,1,1
0,0.8615048486253698,1,1
0,0.4369408624112344,0,0
0,0.32708519444364925,0,0
1,0.8666501636057413,1,1
1,0.5340771993415443,1,0
0,0.5941045944826523,1,0
0,0.8689284171757318,1,1
0,0.4846790646259788,0,0
1,0.9456406416143075,1,1
0,0.5249383071204036,1,0
0,0.13107641557468208,0,0
0,0.8955558619261459,1,1
1,0.8791864521229069,1,1
0,0.755933388898977,1,1
1,0.4711011805117252,0,0
1,0.7813920061518304,1,1
0,0.701768633697132,1,1
1,0.7814457307011131,1,1
1,0.7843417757639639,1,1
0,0.8198428045681969,1,1
0,0.18589106846419917,0,0
1,0.874470161122408,1,1
1,0.6917946133323492,1,1
1,0.8821405867690474,1,1
0,0.18009198448786273,0,0
0,0.1481741870995123,0,0
1,0.8077277945897829,1,1
1,0.8196544797044919,1,1
0,0.7043602975184439,1,1
0,0.5192122428566429,1,0
0,0.18106901743552448,0,0
0,0.2914435356577655,0,0
0,0.5364150210620667,1,0
0,0.7577380414347351,1,1
0,0.624185278643027,1,0
1,0.7982457559428323,1,1
0,0.7200687021625055,1,1
0,0.2558327620198348,0,0
1,0.9556397161197556,1,1
0,0.7000100898087377,1,1
1,0.8394935693506778,1,1
0,0.7433637724156684,1,1
0,0.4472037719629103,0,0
1,0.6527266900990034,1,0
0,0.37237886387991165,0,0
0,0.6333351393522589,1,0
0,0.46608236203864917,0,0
0,0.24729193765284915,0,0
0,0.6583666036551287,1,0
1,0.9048892925438512,1,1
1,0.9391315556744226,1,1
1,0.9065918737342636,1,1
1,0.6428807238771029,1,0
0,0.6301299762802646,1,0
0,0.2217378275109969,0,0
1,0.32462323570672275,0,0
1,0.7943378096329444,1,1
0,0.4086828378173062,0,0
1,0.9079856609741236,1,1
0,0.25753721065109686,0,0
1,0.9369525697432153,1,1
0,0.41059260996122776,0,0
1,0.36812954573229656,0,0
0,0.28610573463589417,0,0
0,0.5740794451976737,1,0
1,0.7440739151138361,1,1
1,0.9489352028159369,1,1
1,0.5119733218881943,1,0
0,0.32756367654869023,0,0
0,0.6212425843517434,1,0
0,0.467482306124174,0,0
0,0.4702766245364747,0,0
0,0.1299547463626293,0,0
0,0.5553465902565597,1,0
0,0.27224796814926855,0,0
0,0.49991550320327116,0,0
1,0.7580677389301462,1,1
0,0.832410075360117,1,1
0,0.5499638463123999,1,0
0,0.26618293943292515,0,0
0,0.20056294168175187,0,0
0,0.391558067284032,0,0
1,0.4549967975062485,0,0
0,0.28127588652290825,0,0
1,0.9377771169859261,1,1
0,0.12686796553180846,0,0
1,0.8280504572315643,1,1
0,0.5714676995543398,1,0
0,0.3214850085486421,0,0
0,0.7165385407658137,1,1
0,0.3269812586758736,0,0
1,0.9328901207042988,1,1
1,0.9047091110790125,1,1
0,0.5347404632682702,1,0
0,0.8054663163659743,1,1
0,0.3629337143450011,0,0
1,0.8469151722654317,1,1
0,0.14164459713956573,0,0
0,0.5179652654378052,1,0
0,0.43404815683162606,0,0
0,0.39703614776492446,0,0
1,0.6735507446382675,1,0
0,0.5009878403041594,1,0
0,0.6288331034904878,1,0
0,0.7403510711689788,1,1
0,0.35568325850653565,0,0
0,0.8924851921281202,1,1
0,0.6928942921575035,1,1
1,0.74264260439971,1,1
0,0.7169540947082218,1,1
0,0.2814406562795373,0,0
0,0.10237602996258412,0,0
0,0.52679450817432,1,0
0,0.8495525620763753,1,1
0,0.8264781917784331,1,1
0,0.512614758341085,1,0
0,0.3130650611442944,0,0
1,0.8921087290543867,1,1
0,0.173136893211822,0,0
0,0.8921810278929404,1,1
0,0.5169331706893581,1,0
0,0.2836113186105171,0,0
1,0.8837949979455997,1,1
0,0.11307157327241954,0,0
0,0.6169164119891557,1,0
0,0.8511686520380859,1,1
0,0.8087533457542424,1,1
0,0.34219221222476853,0,0
0,0.7253312494712021,1,1
1,0.6002320048029762,1,0
0,0.29241269675390663,0,0
1,0.7387117669802062,1,1
0,0.9266149175142839,1,1
1,0.5032033751733828,1,0
0,0.2316419381159737,0,0
0,0.7210184562223946,1,1
0,0.40714126057107564,0,0
0,0.3894437782817849,0,0
1,0.9000180294126637,1,1
0,0.37160505731095517,0,0
0,0.10991426504265088,0,0
0,0.419130218026714,0,0
1,0.14977003183116128,0,0
1,0.8568841204494545,1,1
0,0.7973821186732963,1,1
0,0.3035153012611082,0,0
0,0.7667466503716249,1,1
0,0.6755042972086375,1,0
1,0.780636924050842,1,1
1,0.9209586545780138,1,1
0,0.8100804178010416,1,1
1,0.8332570695175777,1,1
0,0.4414703360361814,0,0
1,0.6085020354061551,1,0
0,0.8249872163315826,1,1
0,0.5768071629654424,1,0
1,0.5404480597768823,1,0
1,0.5432457778026326,1,0
1,0.6114567554648023,1,0
0,0.6344016517778938,1,0
1,0.9501782205740265,1,1
0,0.6800082747250072,1,0
0,0.3495727396068282,0,0
1,0.9545870553915679,1,1
1,0.9526835310892264,1,1
0,0.38662107682486946,0,0
0,0.7042262837123512,1,1
1,0.6053527410133652,1,0
0,0.18803667863942813,0,0
0,0.8604737648016028,1,1
0,0.6248909745387455,1,0
1,0.8651324485250728,1,1
1,0.7443028274089267,1,1
1,0.9091643389955539,1,1
0,0.6233862419156885,1,0
1,0.3077232194390663,0,0
0,0.8065379900726788,1,1
1,0.7833198352149131,1,1
1,0.9135743288409485,1,1
0,0.4229863461680684,0,0
1,0.8012533593332726,1,1
0,0.7342176043442286,1,1
0,0.7118342279914419,1,1
0,0.308485273825261,0,0
0,0.41852423235142067,0,0
0,0.446959933221132,0,0
0,0.9082797291864809,1,1
0,0.6423411010237323,1,0
0,0.54440778346925,1,0
0,0.5605862925614964,1,0
0,0.6116293588527629,1,0
0,0.6965119270082193,1,1
0,0.7874385268344817,1,1
0,0.8809988366561652,1,1
0,0.3591028797738546,0,0
0,0.4991366725031251,0,0
0,0.2097430300205029,0,0
0,0.18395250766540025,0,0
0,0.15021523731246425,0,0
0,0.37275635462861517,0,0
0,0.349390460792919,0,0
1,0.5168510475885579,1,0
0,0.17974450735564923,0,0
0,0.8578863523825457,1,1
0,0.5065425596692286,1,0
0,0.6045582192294329,1,0
0,0.4511523132934294,0,0
0,0.542305490246873,1,0
0,0.4640524111936072,0,0
0,0.8432604415987374,1,1
0,0.3151235608702856,0,0
1,0.7970660384767171,1,1
1,0.6029056181301977,1,0
0,0.35321120124980254,0,0
1,0.9170534630377853,1,1
0,0.5705190842556463,1,0
0,0.5411443304826967,1,0
1,0.8884863215412377,1,1
0,0.3011381698413931,0,0
0,0.8659716037266125,1,1
1,0.8857873067249571,1,1
0,0.4842495710496185,0,0
0,0.8039617457370487,1,1
1,0.8122046869911275,1,1
0,0.8819545882856328,1,1
0,0.6534722247380427,1,0
0,0.9001688552967719,1,1
1,0.7491433221948897,1,1
0,0.3072485290554373,0,0
0,0.3220083869838633,0,0
1,0.9333340424231031,1,1
1,0.7855574124655685,1,1
0,0.5862794640907197,1,0
1,0.7472628646175041,1,1
1,0.7427385740162165,1,1
1,0.7148216994148906,1,1
1,0.4358171556320564,0,0
0,0.846178127493264,1,1
0,0.5592793783354564,1,0
0,0.8842346196754446,1,1
0,0.8569312997609767,1,1
1,0.6384579877669614,1,0
1,0.8732307408568016,1,1
1,0.6732725103806951,1,0
1,0.5836980105426827,1,0
0,0.31655165423997594,0,0
0,0.7131942183217678,1,1
1,0.5466449295245842,1,0
1,0.7263737485040325,1,1
0,0.5532777756185825,1,0
0,0.7296312401920205,1,1
0,0.6044792357159392,1,0
1,0.7989568219688437,1,1
0,0.7503811222317578,1,1
1,0.4695947579941371,0,0
1,0.8085717712221316,1,1
1,0.9317406991335594,1,1
1,0.9352312072900776,1,1
1,0.5478771584933135,1,0
1,0.8346137730999362,1,1
1,0.8469154283814881,1,1
1,0.8932098461908895,1,1
0,0.563278460692076,1,0
0,0.3205213300780929,0,0
0,0.7724212915242206,1,1
1,0.9044912856004707,1,1
0,0.25302968707226403,0,0
1,0.9623509542483423,1,1
1,0.9412740715348549,1,1
0,0.3920409169986082,0,0
0,0.6081076747413249,1,0
0,0.3552609775266313,0,0
0,0.6198901964945144,1,0
0,0.4818545751732252,0,0
0,0.6392077602148604,1,0
1,0.8936906723616684,1,1
0,0.4039452202862067,0,0
0,0.9163348644890007,1,1
1,0.7301229926738071,1,1
0,0.560229804936281,1,0
1,0.6721484306616391,1,0
0,0.7045682122371402,1,1
0,0.4511951285482804,0,0
0,0.24587161615442182,0,0
0,0.5772319976552194,1,0
1,0.886208200269487,1,1
0,0.19367002528192698,0,0
1,0.7381276897252317,1,1
0,0.9578827552443913,1,1
1,0.866228447805786,1,1
1,0.6394018908593853,1,0
0,0.7277844004035359,1,1
1,0.8272363701660086,1,1
0,0.3884585090923255,0,0
0,0.7169783877277698,1,1
0,0.6178011035268903,1,0
0,0.4302131105910541,0,0
0,0.8259839733854493,1,1
0,0.7732192814928953,1,1
0,0.11900836886846572,0,0
1,0.8101605058812826,1,1
1,0.41758894452181616,0,0
0,0.6714887467677012,1,0
0,0.3280876299586703,0,0
1,0.8256965411480043,1,1
0,0.9401112761118848,1,1
1,0.4928424866535742,0,0
1,0.90839521104687,1,1
1,0.8545261477365756,1,1
0,0.8969910485165705,1,1
1,0.6981721790843216,1,1
0,0.2920157402203064,0,0
0,0.27785774635946703,0,0
0,0.24121202431252806,0,0
1,0.7220877426980632,1,1
1,0.8617588484633488,1,1
1,0.7053008365788108,1,1
0,0.9469091228012605,1,1
0,0.8013685299634268,1,1
0,0.7887651830288649,1,1
0,0.4396609292577657,0,0
1,0.4830597906029203,0,0
1,0.7065501384901319,1,1
0,0.4793475082670541,0,0
1,0.780755824395015,1,1
0,0.35731983746668583,0,0
0,0.4792156924667505,0,0
0,0.6803600230836586,1,0
0,0.42604868409489055,0,0
1,0.6376857783694896,1,0
0,0.4600789448204154,0,0
1,0.7463732393171713,1,1
0,0.8942894187495813,1,1
0,0.8843403339890579,1,1
1,0.9083507977052103,1,1
0,0.5239407208354223,1,0
0,0.9389071111694934,1,1
1,0.7471649873832851,1,1
1,0.7805731615235652,1,1
0,0.8718453475283018,1,1
0,0.4182551167044701,0,0
1,0.9412511911805287,1,1
0,0.7005600345605032,1,1
1,0.715553261871824,1,1
1,0.8904874930660137,1,1
0,0.623266184593954,1,0
1,0.88614280337772,1,1
1,0.7850880299846347,1,1
1,0.5339116587301659,1,0
1,0.756693372938412,1,1
0,0.5338721570391507,1,0
0,0.8064988190081583,1,1
0,0.5651249132786216,1,0
0,0.34939942785225886,0,0
1,0.9232797396508677,1,1
0,0.4444260042790483,0,0
1,0.8815986440015225,1,1
0,0.20265160234613933,0,0
0,0.4999270342528623,0,0
0,0.710237813573868,1,1
0,0.39291858772572175,0,0
0,0.44064048406040407,0,0
0,0.697160099648286,1,1
1,0.9068280744426277,1,1
1,0.8318733100533308,1,1
0,0.4832302830763637,0,0
1,0.8715751305233839,1,1
0,0.5240742371247529,1,0
0,0.17258706685133698,0,0
0,0.5650402813590066,1,0
1,0.6997261390009104,1,1
1,0.8841782945137386,1,1
0,0.45053200130407645,0,0
1,0.8460153762810001,1,1
1,0.8776968885655076,1,1
1,0.897463577850913,1,1
0,0.4274531815240148,0,0
1,0.8301951638884351,1,1
0,0.35715869934410416,0,0
0,0.7673880992183938,1,1
1,0.781966393450447,1,1
0,0.7449498280338874,1,1
1,0.512925912742132,1,0
0,0.3014013873224596,0,0
1,0.9210546203401394,1,1
1,0.8570918183130546,1,1
1,0.5768394120227125,1,0
0,0.9116440673873024,1,1
0,0.7327361506305765,1,1
0,0.3212092763859361,0,0
0,0.35184364128594897,0,0
0,0.4525937151074,0,0
0,0.8077112665521569,1,1
0,0.23928683909992257,0,0
0,0.1792946915868672,0,0
0,0.6343668752266909,1,0
0,0.4659913742698554,0,0
0,0.7391457229009636,1,1
0,0.4970426019943264,0,0
0,0.3314554127113503,0,0
1,0.6108963318870463,1,0
1,0.9248761040227402,1,1
1,0.625361555334804,1,0
0,0.6602977843241072,1,0
1,0.9565290105578229,1,1
0,0.4738750395859239,0,0
0,0.5777847157595314,1,0
0,0.6889202491081978,1,0
0,0.13464076464898617,0,0
0,0.3414350206571398,0,0
0,0.2147911734029006,0,0
1,0.91811147310267,1,1
0,0.501700583909737,1,0
0,0.4602871644311838,0,0
1,0.6817134865678585,1,0
1,0.35668892650757356,0,0
1,0.5892389030280287,1,0
1,0.48485055564406515,0,0
1,0.8546517720983545,1,1
0,0.7241315630387524,1,1
0,0.7954386911025668,1,1
0,0.8783618759278496,1,1
0,0.5749973784187679,1,0
1,0.9585826144779436,1,1
0,0.501603037394695,1,0
1,0.3230642171546675,0,0
0,0.798379142408036,1,1
1,0.6944272550902825,1,1
1,0.7428886305650699,1,1
0,0.5320951489338868,1,0
1,0.7615305626528043,1,1
1,0.8322202182771187,1,1
0,0.6521720677874664,1,0
0,0.8994991757615978,1,1
0,0.5041823932580566,1,0
0,0.43324237616260497,0,0
1,0.898263200036053,1,1
1,0.9553901914350138,1,1
0,0.82094778729293,1,1
0,0.1354884416401614,0,0
0,0.5495122334454496,1,0
1,0.6900579359526049,1,1
1,0.8902700097581491,1,1
0,0.3504687599639314,0,0
0,0.7365591198584607,1,1
0,0.3706824301449697,0,0
0,0.46265589800062074,0,0
0,0.7442828522912726,1,1
0,0.5135342033110321,1,0
1,0.6734281185634544,1,0
0,0.9180101248758115,1,1
0,0.7419426403700997,1,1
0,0.8780050968565082,1,1
0,0.39285339619029075,0,0
1,0.5240915947202278,1,0
0,0.7816128792740034,1,1
0,0.2165369414258152,0,0
1,0.9142119294322971,1,1
0,0.6457362401048884,1,0
0,0.6635992736296674,1,0
0,0.7330317392211277,1,1
1,0.6635303719324885,1,0
0,0.7920931475818179,1,1
0,0.6425621462822602,1,0
1,0.8225197525379433,1,1
0,0.5578199744081742,1,0
0,0.23237708836217527,0,0
0,0.18470395406999787,0,0
0,0.6151152223204577,1,0
0,0.24051665906841677,0,0
1,0.8478408675604112,1,1
0,0.3965750747323136,0,0
1,0.6518058925349887,1,0
1,0.38179097238131576,0,0
1,0.8694357501457667,1,1
0,0.2877375186195137,0,0
0,0.20789395985295886,0,0
0,0.5777606468097184,1,0
1,0.7779864254247486,1,1
1,0.8930160428703677,1,1
0,0.5703325175921338,1,0
0,0.5733587438216108,1,0
1,0.727563639751832,1,1
1,0.7004142686099036,1,1
1,0.9477497728062382,1,1
1,0.7062696702291655,1,1
1,0.9330817174872715,1,1
1,0.8992127982361403,1,1
0,0.20403860064701207,0,0
1,0.7426165769122426,1,1
0,0.6654564419079326,1,0
0,0.15733940937572624,0,0
0,0.7210319278378488,1,1
0,0.6813302981910954,1,0
0,0.2174452300917931,0,0
0,0.508702594777159,1,0
0,0.5585123427041823,1,0
0,0.6701719778577684,1,0
1,0.808924340125251,1,1
0,0.6111224885844577,1,0
0,0.5307643865870748,1,0
0,0.11060425936507036,0,0
1,0.7614257377507103,1,1
0,0.35352181616688183,0,0
0,0.8853264294476197,1,1
0,0.6182013995802329,1,0
0,0.6634420869965433,1,0
0,0.6922395792901761,1,1
0,0.7525515285195927,1,1
0,0.8960085723515918,1,1
1,0.8807632653662518,1,1
0,0.39823417049160537,0,0
0,0.2926576801708405,0,0
0,0.658959953943719,1,0
0,0.422214413674535,0,0
0,0.5095765349978936,1,0
0,0.36011957356216157,0,0
1,0.625533910416877,1,0
0,0.7168067026095931,1,1
1,0.669310448539315,1,0
1,0.8858093982645503,1,1
0,0.5871324676619478,1,0
0,0.41224549941741556,0,0
1,0.586474750703765,1,0
0,0.770054524505875,1,1
1,0.7890857985682145,1,1
0,0.4513593079953734,0,0
0,0.5201741199767642,1,0
0,0.29955398711352915,0,0
1,0.5154627064904516,1,0
0,0.40945229994969407,0,0
0,0.5151956373521079,1,0
0,0.5278863659232274,1,0
0,0.9264856322799212,1,1
1,0.7117468653651646,1,1
0,0.3834348311320342,0,0
0,0.6344312414469839,1,0
0,0.3369922702495707,0,0
1,0.6960850310493323,1,1
0,0.6707632296421392,1,0
0,0.4730795327463852,0,0
0,0.31412770805535195,0,0
0,0.8080306254785309,1,1
1,0.8923961019891119,1,1
0,0.3452172235657033,0,0
1,0.9342327697777456,1,1
0,0.2650927430631359,0,0
0,0.8002085497639091,1,1
1,0.8687482493828368,1,1
1,0.46440168905003426,0,0
0,0.7575622285543889,1,1
1,0.40984290809000806,0,0
1,0.9655125419244,1,1
0,0.41031739392233213,0,0
0,0.19928799724325466,0,0
1,0.9198619373262692,1,1
0,0.2373492400269957,0,0
0,0.4391429961717028,0,0
0,0.16569158480879054,0,0
0,0.48435351212717676,0,0
0,0.9196513532804168,1,1
1,0.951639630602536,1,1
0,0.5509062470886203,1,0
0,0.7232843358832649,1,1
1,0.9470895218747376,1,1
1,0.7695857635461774,1,1
0,0.9510805988061208,1,1
0,0.81747904750246,1,1
1,0.5885682544376659,1,0
0,0.1861294072862395,0,0
0,0.34298329277888323,0,0
1,0.9403226489972698,1,1
0,0.5554825227411779,1,0
0,0.6045833534087528,1,0
1,0.6332530629338601,1,0
0,0.9501097455600704,1,1
1,0.8445801998530911,1,1
0,0.7086726347230943,1,1
0,0.2750165486721678,0,0
0,0.7450661493607275,1,1
0,0.5386428116442954,1,0
1,0.9282350437976463,1,1
1,0.8917633232154968,1,1
0,0.8408358470760812,1,1
0,0.7125471786026955,1,1
1,0.5556513441926717,1,0
0,0.39981156081809766,0,0
0,0.8755802363517404,1,1
1,0.8516264822144941,1,1
0,0.4768232193785645,0,0
0,0.9460482403184033,1,1
1,0.7849508489407289,1,1
1,0.7604285183112586,1,1
0,0.5851381256834082,1,0
0,0.38751805901582154,0,0
1,0.8486152204984931,1,1
1,0.8691076592374911,1,1
0,0.2560649497090078,0,0
1,0.8127702737575399,1,1
0,0.1749516448879716,0,0
1,0.6626362931992656,1,0
0,0.3728110414152609,0,0
0,0.6608566658297259,1,0
0,0.7552339641501864,1,1
0,0.4127636769661331,0,0
0,0.6909352487288433,1,1
0,0.6326802665119838,1,0
1,0.26922027700167744,0,0
0,0.18792699520385636,0,0
0,0.9531515400843102,1,1
0,0.4464471052381302,0,0
0,0.4869112212742577,0,0
0,0.14089350534026088,0,0
0,0.4305438955655893,0,0
0,0.8636051132972454,1,1
0,0.1843689305228712,0,0
1,0.9445371642254542,1,1
0,0.7566327494264953,1,1
1,0.2506343579966972,0,0
1,0.9051147018673251,1,1
1,0.46869154718839556,0,0
1,0.7614654423225298,1,1
0,0.558181914389783,1,0
0,0.810036010991124,1,1
0,0.6587784623384427,1,0
0,0.3308276116004416,0,0
1,0.24887818139787035,0,0
0,0.5022607801688095,1,0
0,0.2449464565724071,0,0
0,0.6709022540503895,1,0
1,0.8909367837386966,1,1
1,0.798785074446023,1,1
1,0.43941435993396977,0,0
1,0.8540895717402399,1,1
1,0.9002341633296763,1,1
0,0.7892947187856211,1,1
0,0.3728623093931056,0,0
0,0.26784255681240016,0,0
0,0.6448276968020077,1,0
1,0.5674288809323513,1,0
0,0.5708387541864843,1,0
0,0.4506127541288465,0,0
0,0.5850601724315667,1,0
1,0.8762420190228914,1,1
0,0.8335633780614327,1,1
1,0.9466154209427294,1,1
1,0.898764915842704,1,1
0,0.595956670600188,1,0
0,0.6570571768876768,1,0
0,0.3679531819853734,0,0
1,0.6044792357159392,1,0
0,0.8915373199942009,1,1
0,0.18963148827673013,0,0
1,0.7141839206780718,1,1
1,0.7249543939736678,1,1
0,0.27832323850934615,0,0
1,0.5877408961684614,1,0
0,0.8655526544471085,1,1
0,0.34785334076846536,0,0
1,0.5755679451366205,1,0
1,0.6720285394749286,1,0
0,0.7208813350576414,1,1
1,0.930946856408274,1,1
1,0.9082682451053168,1,1
1,0.8240640564282312,1,1
0,0.2786950403453319,0,0
0,0.26301596705168107,0,0
1,0.33524109120438556,0,0
1,0.2542387215247154,0,0
0,0.16193702373902916,0,0
1,0.9250928064452723,1,1
0,0.47613364006990383,0,0
0,0.7904273053650774,1,1
1,0.6444880447838495,1,0
0,0.550920660391117,1,0
0,0.2041419537101168,0,0
0,0.2843963088928873,0,0
1,0.6771973424318748,1,0
0,0.6604013131760915,1,0
0,0.2886657487204288,0,0
1,0.9271096299500736,1,1
1,0.8000813495394679,1,1
0,0.4555359632029612,0,0
1,0.8927034551327201,1,1
0,0.31827943830239047,0,0
0,0.3343842241746918,0,0
0,0.912176103889625,1,1
1,0.6170757879565351,1,0
0,0.6385553766623694,1,0
1,0.49988504382787896,0,0
1,0.8780962571687801,1,1
0,0.762529804601005,1,1
1,0.815173376824318,1,1
0,0.27557827380049366,0,0
0,0.2837846836942352,0,0
0,0.9247089130425487,1,1
0,0.5807307077007584,1,0
0,0.6730860754062296,1,0
1,0.9508629083490663,1,1
0,0.4867494972400261,0,0
0,0.3458503457044348,0,0
0,0.23487377584920943,0,0
0,0.7080439568004651,1,1
0,0.7587141591795152,1,1
1,0.492967681077298,0,0
0,0.2902394801060656,0,0
0,0.6700698807421668,1,0
1,0.39699587738942516,0,0
1,0.9129497198061493,1,1
0,0.7606629911052485,1,1
1,0.8713187160687841,1,1
0,0.7382930669799244,1,1
0,0.6466669022133293,1,0
0,0.8917155644054886,1,1
0,0.7694007728119449,1,1
0,0.8429794298690166,1,1
0,0.5199290313071215,1,0
1,0.8260700386936457,1,1
0,0.33609589953757824,0,0
1,0.7931498246990373,1,1
0,0.47508276330313726,0,0
0,0.22898728565754464,0,0
0,0.34867915440828584,0,0
0,0.5821607665457886,1,0
0,0.33907135230100566,0,0
0,0.5899662038596079,1,0
1,0.6771626857409443,1,0
1,0.6040098337099592,1,0
0,0.6560784252017174,1,0
0,0.5224751555872861,1,0
0,0.8161767578004198,1,1
1,0.93533548642868,1,1
0,0.9566575044832164,1,1
0,0.7754892308027572,1,1
1,0.8330302662068243,1,1
1,0.6773098916591884,1,0
0,0.6460890802004552,1,0
1,0.7344042991610726,1,1
0,0.4545821506271275,0,0
0,0.6784919783891591,1,0
0,0.2582802064254081,0,0
0,0.45361281950714216,0,0
0,0.19878713865714054,0,0
0,0.47649792299131005,0,0
0,0.5447760619005081,1,0
0,0.5314090780441729,1,0
0,0.6899796847064925,1,0
1,0.6714066700886973,1,0
0,0.6352573922048309,1,0
0,0.6160026932959399,1,0
0,0.7259080357266579,1,1
0,0.8193269853620077,1,1
1,0.9268561842619002,1,1
0,0.5358295984456404,1,0
0,0.8172544633025497,1,1
0,0.5900958366760459,1,0
1,0.8377793637807347,1,1
1,0.8605909918036897,1,1
1,0.862455597849006,1,1
0,0.6892728472709504,1,0
0,0.5456891303645663,1,0
1,0.916296021333451,1,1
0,0.27185878534956465,0,0
1,0.8334967486210367,1,1
1,0.9600670206545289,1,1
0,0.4339264461106117,0,0
1,0.7951882144736441,1,1
1,0.9257510156128713,1,1
0,0.7970240427568903,1,1
1,0.7680490267531753,1,1
0,0.4829737594474114,0,0
0,0.8683304544711723,1,1
1,0.9258096035489561,1,1
0,0.7235135445945715,1,1
1,0.919056230601186,1,1
1,0.9020964746268283,1,1
0,0.17273861543210506,0,0
0,0.4539155887315761,0,0
1,0.4737176304391465,0,0
0,0.31612891891330747,0,0
0,0.8180262052547038,1,1
1,0.5269573100084157,1,0
0,0.48692518351409525,0,0
0,0.42187652472935566,0,0
1,0.7671689959902751,1,1
0,0.3584460185465759,0,0
1,0.8784321086251777,1,1
1,0.8190459116857142,1,1
0,0.550271329660612,1,0
0,0.2615395886158603,0,0
0,0.2754891665801164,0,0
0,0.8448342692078938,1,1
1,0.8001156812471908,1,1
0,0.8230672951053956,1,1
0,0.8753738164972771,1,1
0,0.27580795731062185,0,0
0,0.21287978300050658,0,0
0,0.40140676015842836,0,0
0,0.3825659740298897,0,0
1,0.7034921473590139,1,1
0,0.16853713713615093,0,0
1,0.5518314550562672,1,0
1,0.8954967795484635,1,1
0,0.47538608046446607,0,0
1,0.708900650467558,1,1
1,0.8830437454372084,1,1
1,0.9437297972758455,1,1
1,0.8934733941982389,1,1
0,0.7315890970552498,1,1
1,0.9138318518972771,1,1
0,0.40180595461942403,0,0
1,0.895975811133748,1,1
0,0.3934672865864643,0,0
1,0.9302499754539805,1,1
0,0.23277461156833906,0,0
0,0.39885324772612774,0,0
0,0.49874285907075827,0,0
1,0.9220001094749809,1,1
1,0.7571683327054359,1,1
0,0.7597822671420663,1,1
0,0.2997493764828306,0,0
1,0.22871180314008252,0,0
0,0.7393213265118391,1,1
0,0.2122996939080719,0,0
0,0.8916777477868293,1,1
0,0.4497150547296728,0,0
1,0.7925403879360111,1,1
0,0.7880742757203772,1,1
0,0.8295064786507166,1,1
0,0.5254603672791892,1,0
1,0.5799360398459682,1,0
0,0.4801775603652849,0,0
1,0.6888608001706351,1,0
0,0.5431580871081626,1,0
0,0.5620222066456554,1,0
0,0.6793958056368444,1,0
0,0.34522246821259406,0,0
0,0.6832710967269959,1,0
0,0.24565171694264776,0,0
0,0.4692586544574654,0,0
0,0.9477856999461174,1,1
1,0.5820458312667525,1,0
1,0.8416719430039677,1,1
0,0.41513011345351736,0,0
0,0.29518115039540765,0,0
0,0.26209608166734233,0,0
1,0.6034561381462294,1,0
0,0.1875137615231674,0,0
0,0.21423738842587056,0,0
0,0.5368731426193066,1,0
1,0.8771263298925754,1,1
0,0.8843461566553273,1,1
0,0.18073562719845687,0,0
1,0.5598913085235965,1,0
0,0.8895812833142289,1,1
0,0.5260082372184095,1,0
0,0.3575005991887527,0,0
1,0.7668984797795622,1,1
0,0.6024113705772272,1,0
0,0.25306174005361753,0,0
1,0.7252883420236753,1,1
0,0.8642353446734187,1,1
0,0.49048143720242726,0,0
0,0.13995405609338624,0,0
1,0.9490723169489822,1,1
0,0.41782614343467767,0,0
1,0.3302712952583831,0,0
0,0.3998765389014175,0,0
0,0.613920146853858,1,0
1,0.6493291310499091,1,0
1,0.8142120215396375,1,1
0,0.6504870447443499,1,0
1,0.878526458401876,1,1
1,0.6615451075108153,1,0
0,0.36751753900157463,0,0
1,0.9394207045411248,1,1
0,0.7957092820233693,1,1
0,0.558059847227194,1,0
0,0.673347124583668,1,0
0,0.7448503067488147,1,1
0,0.2974792549893294,0,0
1,0.9005756269203337,1,1
0,0.535980744954334,1,0
0,0.41687314080420035,0,0
0,0.3054059625837514,0,0
0,0.1924744361689976,0,0
0,0.24748120757289266,0,0
0,0.6887680202619038,1,0
0,0.39650270528123144,0,0
0,0.3663084479930825,0,0
0,0.47431572658915033,0,0
0,0.4149771256979552,0,0
0,0.4314932151972374,0,0
0,0.5946760019278041,1,0
1,0.9106241792651422,1,1
0,0.2349149352073333,0,0
1,0.776647375832572,1,1
0,0.22818967833779086,0,0
1,0.5861977479996765,1,0
1,0.8911228880067916,1,1
1,0.8480480082805161,1,1
1,0.421409975028229,0,0
0,0.31214026590553146,0,0
0,0.7121168054687479,1,1
0,0.6597087336345231,1,0
1,0.9018526112151182,1,1
0,0.8782801186328084,1,1
0,0.8226107505178709,1,1
0,0.9168338632788214,1,1
0,0.33729224535594077,0,0
1,0.38836097313565004,0,0
1,0.6102194148214805,1,0
1,0.9046234151559307,1,1
0,0.7334922427792432,1,1
0,0.8062214114101884,1,1
0,0.16203556991485926,0,0
1,0.5757444035402421,1,0
0,0.6667379273511462,1,0
1,0.7532364948494928,1,1
0,0.37451752277399714,0,0
0,0.2554486224738043,0,0
1,0.8462219186839146,1,1
1,0.5245361865300541,1,0
0,0.2087088682400007,0,0
1,0.7945101309322739,1,1
0,0.19629157806680672,0,0
0,0.6068878898988784,1,0
1,0.5716838315262671,1,0
1,0.4974703957352792,0,0
1,0.7450639064324099,1,1
0,0.3979807973028774,0,0
0,0.25081878141094865,0,0
1,0.9295642018021277,1,1
0,0.3487672143097257,0,0
0,0.7141799369075625,1,1
0,0.46234056767824494,0,0
0,0.45363739551507043,0,0
0,0.6131710478117042,1,0
0,0.20530947554705742,0,0
1,0.8918734797933533,1,1
0,0.21014031558579327,0,0
1,0.8837846644722879,1,1
1,0.798318035167714,1,1
0,0.7488685150175336,1,1
1,0.9186883152212747,1,1
1,0.9603843837285378,1,1
0,0.8537340143677018,1,1
0,0.4181858013550306,0,0
1,0.9474888034845633,1,1
0,0.47939989310575964,0,0
0,0.5476999615651374,1,0
1,0.7943030433270987,1,1
0,0.46380684850126885,0,0
1,0.8937336428546367,1,1
1,0.8917333654609644,1,1
0,0.488492574081544,0,0
1,0.9271992129757693,1,1
1,0.42514588990901925,0,0
1,0.8848169628303836,1,1
0,0.4631970968156704,0,0
1,0.7830722458844624,1,1
0,0.17512852686945987,0,0
1,0.6951101477340865,1,1
0,0.21302772114761392,0,0
1,0.8690189962049113,1,1
1,0.9389131175850703,1,1
0,0.4773231253367568,0,0
0,0.6960155717057254,1,1
0,0.7460237010074998,1,1
1,0.5606749824516704,1,0
0,0.5789119359642845,1,0
0,0.27740096653673946,0,0
0,0.7770372181103926,1,1
1,0.949110549589304,1,1
0,0.645990151437893,1,0
0,0.5923510425767186,1,0
1,0.9318031680563832,1,1
0,0.7430839513177329,1,1
0,0.21741386556273348,0,0
0,0.5108175856478688,1,0
1,0.9458674798244373,1,1
0,0.5419155672451673,1,0
0,0.5765184182733958,1,0
0,0.411326715820435,0,0
0,0.7683176337395426,1,1
1,0.7629123860868311,1,1
0,0.5530065546201469,1,0
0,0.6839015430208509,1,0
0,0.6574752894020587,1,0
0,0.5894604404527148,1,0
0,0.6386880632264733,1,0
0,0.5908287825300811,1,0
0,0.7773367754032924,1,1
1,0.6292469743093688,1,0
0,0.43555202884155825,0,0
1,0.5273183512429905,1,0
0,0.677737015783335,1,0
0,0.26137258792885726,0,0
1,0.590390884137652,1,0
1,0.9284443121913564,1,1
1,0.7303490299887249,1,1
0,0.820742661213147,1,1
0,0.3195205537447733,0,0
1,0.9331895629079683,1,1
1,0.8577613145854227,1,1
1,0.8725164104438616,1,1
0,0.38658697304092704,0,0
1,0.6762551255113186,1,0
1,0.8087781679642738,1,1
0,0.7864588965376815,1,1
0,0.47016141382746096,0,0
0,0.6891456990961555,1,0
1,0.7822343107804975,1,1
0,0.37217323358934823,0,0
0,0.40667386742117956,0,0
0,0.3915554434237214,0,0
1,0.8919844538951138,1,1
0,0.6418561392735866,1,0
0,0.5270216909548363,1,0
0,0.5513529993949267,1,0
1,0.9052481659299565,1,1
0,0.7214592699480862,1,1
0,0.6175130227345191,1,0
0,0.7251142149637186,1,1
1,0.8022078901033572,1,1
1,0.8655076273134886,1,1
0,0.4477860914255367,0,0
1,0.7849327553257643,1,1
0,0.12367240853141832,0,0
0,0.4785125807751686,0,0
0,0.7047991829775059,1,1
0,0.19496244915212432,0,0
1,0.8797072139757077,1,1
0,0.7757091582734961,1,1
0,0.6864417255024695,1,0
1,0.871834607574238,1,1
0,0.7799134943900754,1,1
0,0.1844985251129672,0,0
1,0.9565417459933497,1,1
0,0.23414145756684956,0,0
1,0.9497325688268313,1,1
1,0.5650339823571716,1,0
1,0.7980069861014167,1,1
0,0.5269865770538446,1,0
0,0.5361241823542751,1,0
1,0.5417380220536131,1,0
1,0.856173165345306,1,1
0,0.30618309537334054,0,0
0,0.7862762276789508,1,1
1,0.7966171765118867,1,1
1,0.7194258337601611,1,1
1,0.9014002721461835,1,1
1,0.7468961109424401,1,1
1,0.83663695409373,1,1
0,0.40338307841605553,0,0
0,0.7160466451480854,1,1
0,0.334486736564396,0,0
1,0.9405441331232958,1,1
0,0.34081274279462387,0,0
0,0.31432047433812993,0,0
0,0.1289747498516496,0,0
0,0.557909883832534,1,0
1,0.8120336973685852,1,1
1,0.728856550368102,1,1
1,0.8394524047157812,1,1
0,0.5216265864999914,1,0
0,0.8339699846463423,1,1
0,0.5499117163496453,1,0
0,0.276525729529054,0,0
0,0.6294975792022308,1,0
0,0.5899263527345148,1,0
1,0.924852674078971,1,1
1,0.9134804673919836,1,1
1,0.9175562224122775,1,1
0,0.5731918936339634,1,0
1,0.7132229132287394,1,1
0,0.43093741201454205,0,0
1,0.8944697361347657,1,1
1,0.41110225853523547,0,0
0,0.3705242452607602,0,0
0,0.86898327282061,1,1
1,0.9333350428941134,1,1
0,0.3934454978591055,0,0
1,0.5989028575605901,1,0
1,0.8947842869940068,1,1
0,0.3419859517080394,0,0
0,0.7746793892875576,1,1
0,0.6612174193915872,1,0
1,0.8032882956488543,1,1
0,0.434825261003412,0,0
0,0.2558071376134775,0,0
0,0.5993333479525667,1,0
0,0.11088882255546867,0,0
0,0.5720172420158771,1,0
0,0.7932697752679899,1,1
0,0.15712110438902133,0,0
1,0.3841539299522527,0,0
1,0.8818996600056203,1,1
0,0.3932197508319538,0,0
0,0.31769029146287103,0,0
1,0.8604881123258544,1,1
1,0.728928412797865,1,1
0,0.9204841523673141,1,1
0,0.573060108404836,1,0
0,0.4196691537341366,0,0
0,0.5478825424202416,1,0
0,0.7624254779018663,1,1
1,0.8604387761411999,1,1
0,0.18265078891035427,0,0
0,0.38701165777578245,0,0
1,0.9434868182029033,1,1
0,0.7516875428315699,1,1
0,0.7569314646079519,1,1
0,0.8935729586156241,1,1
1,0.9278886761578437,1,1
1,0.9378727827203143,1,1
0,0.6261902935363963,1,0
0,0.940166102575783,1,1
0,0.7421308349983621,1,1
0,0.8603056764273176,1,1
0,0.3082593220151384,0,0
0,0.7213380417243197,1,1
0,0.3468647700863883,0,0
1,0.7798491297994217,1,1
1,0.6845650277455294,1,0
0,0.5884345615081877,1,0
0,0.6587897028992915,1,0
1,0.9325659260787148,1,1
0,0.20012887348856423,0,0
1,0.5234666676791174,1,0
0,0.7160762945918089,1,1
0,0.38466661450077855,0,0
1,0.7978908541683893,1,1
1,0.9045880496656756,1,1
1,0.8951817402358099,1,1
0,0.26000656880556394,0,0
0,0.9162865209523606,1,1
0,0.4489975838585743,0,0
1,0.5875027959977099,1,0
0,0.3911544617249358,0,0
0,0.4155218707299873,0,0
0,0.604388582458493,1,0
1,0.9389091989572491,1,1
1,0.8304694174261256,1,1
1,0.9341257672859871,1,1
0,0.570402109337249,1,0
0,0.175712733589167,0,0
0,0.22233622649700183,0,0
1,0.24993287988387375,0,0
1,0.5735132596115141,1,0
0,0.4997738318009553,0,0
0,0.17969893665081152,0,0
0,0.18124157029364665,0,0
0,0.1780056721053412,0,0
1,0.8789757320132277,1,1
1,0.9022278323019693,1,1
0,0.2926873548584551,0,0
0,0.4294542426073748,0,0
1,0.916304812000866,1,1
0,0.7398824538302107,1,1
1,0.9128230919159979,1,1
0,0.443434491333427,0,0
0,0.43286262879854387,0,0
0,0.3741785436180127,0,0
0,0.6325047733414367,1,0
1,0.8587517841613291,1,1
0,0.6152092025527099,1,0
0,0.8057658011785818,1,1
1,0.7298255068170632,1,1
0,0.31320231580712915,0,0
1,0.7303303642838661,1,1
1,0.26050052021154063,0,0
1,0.8075235889378236,1,1
0,0.1950904035547236,0,0
0,0.5026684296323987,1,0
0,0.6133982472365589,1,0
0,0.183738411109737,0,0
0,0.4573950706098645,0,0
1,0.9371410258724869,1,1
0,0.6989192403527007,1,1
1,0.7009691027130125,1,1
1,0.7982544753002188,1,1
1,0.7581182304439115,1,1
0,0.5144267303243005,1,0
1,0.1880383683712558,0,0
1,0.9137571316531907,1,1
0,0.6778351302688613,1,0
1,0.8901414685432528,1,1
0,0.48587929120044887,0,0
1,0.6874976160174607,1,0
0,0.25282866829284145,0,0
1,0.8692316691612095,1,1
1,0.9253737756923814,1,1
0,0.506987378184501,1,0
1,0.696258435222299,1,1
0,0.1860699729276574,0,0
0,0.40529442836467805,0,0
0,0.9409953128671342,1,1
0,0.9161212428577801,1,1
0,0.7586913988223977,1,1
0,0.6470868437443043,1,0
0,0.4990108664574781,0,0
0,0.30669196848849933,0,0
0,0.6257446473922429,1,0
0,0.3490327557585411,0,0
0,0.2419426016662724,0,0
1,0.7106636517308563,1,1
0,0.33483271134929055,0,0
1,0.8455596376175948,1,1
0,0.49125625910920134,0,0
0,0.6871202826653189,1,0
0,0.34587137537557866,0,0
0,0.5828155612317812,1,0
1,0.2791190194028315,0,0
0,0.4231216961253941,0,0
0,0.27746993353466726,0,0
0,0.8712344794211364,1,1
0,0.8038751197059077,1,1
0,0.6611762505156041,1,0
0,0.6910376233839345,1,1
0,0.8393562428543131,1,1
0,0.2571954184987292,0,0
0,0.5154599036175348,1,0
0,0.43927217174437777,0,0
1,0.8887979669754785,1,1
0,0.43632227257776535,0,0
0,0.6230050966373796,1,0
1,0.76347081949669,1,1
0,0.5605284515708232,1,0
0,0.5093546143211348,1,0
0,0.7136490056286129,1,1
1,0.914618766939261,1,1
0,0.609043023168785,1,0
0,0.5234185726179063,1,0
0,0.5373293044590388,1,0
0,0.3118065285212648,0,0
1,0.4231564690413432,0,0
0,0.35951146049431,0,0
0,0.9101825120231354,1,1
0,0.3242452201340413,0,0
1,0.9417538270391926,1,1
1,0.9540848364130535,1,1
1,0.7820223956094687,1,1
0,0.5327197735728906,1,0
0,0.21363188625648946,0,0
0,0.578890041381863,1,0
0,0.25230848017898916,0,0
0,0.36094970282050515,0,0
1,0.9071940266107709,1,1
0,0.08955152415654939,0,0
0,0.38797929652963525,0,0
0,0.7801228155006203,1,1
1,0.6891452970050157,1,0
0,0.8089070332902224,1,1
1,0.8750412359850571,1,1
0,0.6883916976056035,1,0
1,0.8389195464389069,1,1
0,0.6815321112093888,1,0
0,0.918728669505889,1,1
0,0.35076232444168304,0,0
1,0.23796002216282408,0,0
1,0.8621628921988512,1,1
0,0.4605385615338764,0,0
1,0.9242624945555331,1,1
0,0.2680999330118418,0,0
1,0.8633327167066686,1,1
1,0.7699492973199509,1,1
1,0.8174566515016334,1,1
0,0.35535201441303244,0,0
1,0.5178499978403965,1,0
1,0.9132125389804271,1,1
0,0.42251600956806973,0,0
1,0.9136109202620561,1,1
1,0.2734420340640884,0,0
1,0.8064538778289031,1,1
0,0.43317346059624684,0,0
0,0.4961107947867622,0,0
0,0.537898481337004,1,0
1,0.49428429367911797,0,0
0,0.9486895942391421,1,1
0,0.6744223329709723,1,0
0,0.8807962234233949,1,1
0,0.2022488878626698,0,0
0,0.877902855972542,1,1
0,0.5238344673340243,1,0
1,0.8543035043378461,1,1
0,0.2997395541356826,0,0
1,0.8354597042995878,1,1
0,0.27009566405664076,0,0
0,0.7671125011322081,1,1
1,0.40192599633364995,0,0
1,0.8379369854403481,1,1
1,0.7496815170588699,1,1
0,0.4366374737574798,0,0
1,0.4418479407895549,0,0
0,0.31859387118082894,0,0
1,0.8169349387548636,1,1
0,0.7026938538785442,1,1
0,0.38468429360302514,0,0
0,0.18239297115086625,0,0
1,0.840504029023626,1,1
1,0.8127151049293483,1,1
0,0.6593176944119288,1,0
0,0.181899345134795,0,0
1,0.9340308853233467,1,1
0,0.15548910771136212,0,0
1,0.8144801498598926,1,1
1,0.8374959490114572,1,1
1,0.8502753938356785,1,1
0,0.11408413179871127,0,0
1,0.9083709277214072,1,1
1,0.3363968320018199,0,0
1,0.7037193097933256,1,1
0,0.5031739171058852,1,0
0,0.587257662469125,1,0
0,0.17627365431794226,0,0
1,0.7414968210310847,1,1
1,0.5004741400359335,1,0
1,0.7688405570508215,1,1
1,0.7284178298896766,1,1
1,0.8100331888515256,1,1
1,0.8633272701410704,1,1
0,0.1640534730150765,0,0
0,0.6271195698020374,1,0
0,0.23109129549947,0,0
1,0.9014481048406039,1,1
0,0.8552467829936772,1,1
0,0.5264966246869636,1,0
1,0.5622606902975211,1,0
1,0.5702597666992119,1,0
0,0.249090024840868,0,0
1,0.8385838262314268,1,1
0,0.20804749312669818,0,0
0,0.6563492544137669,1,0
1,0.8341573545267446,1,1
0,0.3380247912865407,0,0
0,0.24263053770139517,0,0
1,0.8239812499088842,1,1
1,0.8711725961421163,1,1
1,0.8815544027386832,1,1
1,0.7547042781763994,1,1
0,0.9060721861962715,1,1
0,0.6980626824556839,1,1
0,0.7852182142592532,1,1
1,0.908541052297164,1,1
0,0.54369095467884,1,0
0,0.6351425766776413,1,0
0,0.28816708669849894,0,0
1,0.7585440176764826,1,1
0,0.7155104402985052,1,1
0,0.6411001607495763,1,0
0,0.7818459437549456,1,1
0,0.7350211273465688,1,1
0,0.6455017831102271,1,0
0,0.38246826674943524,0,0
1,0.3314579253779663,0,0
1,0.4090479675473387,0,0
1,0.7631728427747975,1,1
0,0.6447381814438641,1,0
0,0.8199703909548929,1,1
0,0.41704951429964693,0,0
1,0.9347326713287495,1,1
0,0.7010727239679173,1,1
1,0.8288824537025086,1,1
0,0.5795884934593226,1,0
0,0.8083231999366794,1,1
0,0.8858507940402146,1,1
0,0.7405022181439087,1,1
0,0.5219781204467573,1,0
1,0.6568906010978264,1,0
0,0.14241432579987248,0,0
0,0.1851569108475696,0,0
1,0.8692385817360507,1,1
0,0.3378745766885168,0,0
1,0.8612625274831511,1,1
1,0.9165044573139293,1,1
1,0.6283599521266037,1,0
0,0.5160647542445328,1,0
0,0.898271641330823,1,1
0,0.8974544917708124,1,1
1,0.8251464668380964,1,1
0,0.8844511660402137,1,1
1,0.9039156328821442,1,1
0,0.4682585928677592,0,0
0,0.1995011805420664,0,0
1,0.8846644059629439,1,1
0,0.5661116886858909,1,0
1,0.5504743738662463,1,0
0,0.27518019646958514,0,0
1,0.8752023061688162,1,1
0,0.9044205055842706,1,1
0,0.3227460931792275,0,0
1,0.9611098766595859,1,1
1,0.9265994235831485,1,1
1,0.9195991338768776,1,1
1,0.8241373405897985,1,1
1,0.9141909474053245,1,1
1,0.9167928007460188,1,1
1,0.7182893643359439,1,1
0,0.8267233070258329,1,1
0,0.6534322942245323,1,0
0,0.44584668207828226,0,0
0,0.17795956318045023,0,0
0,0.46868174139043506,0,0
0,0.7057303448866074,1,1
1,0.8456307851233515,1,1
1,0.6508253311165666,1,0
1,0.8942532901570632,1,1
0,0.7269858624116724,1,1
0,0.3180657465228602,0,0
0,0.31526073810646954,0,0
0,0.3398966062431057,0,0
1,0.829327207378028,1,1
0,0.25106440529683016,0,0
1,0.6784629716743099,1,0
0,0.5784939455859003,1,0
1,0.8513526813005353,1,1
0,0.39829649252444516,0,0
0,0.24227332054122233,0,0
0,0.4609908302079056,0,0
1,0.7147031658195474,1,1
1,0.627103200865546,1,0
0,0.5614716457625006,1,0
0,0.659271134148113,1,0
0,0.5535233038416273,1,0
1,0.7589160747318081,1,1
1,0.8601028022680555,1,1
0,0.4860980795328695,0,0
0,0.56119050178025,1,0
0,0.8170259362729643,1,1
1,0.9201202398397506,1,1
1,0.8615880838038209,1,1
0,0.8630305901445442,1,1
0,0.15101688561274085,0,0
1,0.784855270365905,1,1
0,0.7204715932047906,1,1
0,0.6447112100741623,1,0
0,0.6913628075164461,1,1
0,0.3743776137106232,0,0
0,0.28409448211492305,0,0
0,0.1780964540419167,0,0
1,0.8974280919456225,1,1
0,0.9118702126690662,1,1
1,0.9195945595551526,1,1
0,0.29576138999441465,0,0
0,0.6899562159868093,1,0
1,0.9508325033634769,1,1
0,0.8499746105117327,1,1
0,0.46613075856747066,0,0
1,0.9335810867609449,1,1
0,0.2092922639730801,0,0
0,0.24748458698001005,0,0
1,0.8087327088408138,1,1
1,0.9449945789357008,1,1
0,0.5164793271777526,1,0
0,0.3223911327562804,0,0
1,0.7141437392463811,1,1
1,0.9514704170203985,1,1
1,0.9368311152027182,1,1
0,0.7477591535131335,1,1
0,0.8672772719971364,1,1
1,0.47701971151943917,0,0
0,0.9582076972049162,1,1
1,0.8864637099845842,1,1
0,0.7876026157614138,1,1
0,0.7611335807365599,1,1
1,0.8702664273321078,1,1
1,0.839927306156747,1,1
0,0.5242655583762441,1,0
1,0.9507876111622021,1,1
1,0.9063835323568826,1,1
1,0.866936683799702,1,1
1,0.9168046392751453,1,1
0,0.3377715574861266,0,0
1,0.48044737351178,0,0
1,0.9256057767685003,1,1
0,0.4998752029819606,0,0
0,0.447725023136278,0,0
1,0.8492288487660982,1,1
1,0.7772446161542489,1,1
1,0.5669811363094891,1,0
0,0.6370545840025243,1,0
0,0.3323629114530433,0,0
0,0.929823953537827,1,1
1,0.8655746379842878,1,1
0,0.5134176450246798,1,0
0,0.20915494863034567,0,0
1,0.8211337329734396,1,1
0,0.7058230845621603,1,1
1,0.819283130281513,1,1
1,0.7689690634912103,1,1
1,0.7289025415616901,1,1
0,0.7060818827433839,1,1
1,0.7212615996733486,1,1
0,0.5079748992353128,1,0
0,0.30944495785597187,0,0
1,0.8555591710376754,1,1
0,0.44017214668213256,0,0
0,0.4126964637885429,0,0
1,0.8118726016158702,1,1
1,0.8857510843163896,1,1
1,0.9183397774937109,1,1
0,0.6708545239443079,1,0
0,0.7237965143179724,1,1
1,0.7849089429028228,1,1
0,0.6935110081142647,1,1
0,0.5205079567217882,1,0
0,0.2204782871999153,0,0
1,0.9193710092249795,1,1
1,0.8532931716740041,1,1
1,0.821231985358672,1,1
1,0.17814586342068148,0,0
1,0.6296468131236185,1,0
0,0.8679285609680986,1,1
1,0.9143058096912181,1,1
0,0.32826239960119624,0,0
1,0.8931648863468014,1,1
0,0.16863214506822738,0,0
0,0.2083001041789094,0,0
0,0.6555991450711762,1,0
1,0.5072074588999125,1,0
1,0.8195103914311419,1,1
0,0.6329320605841366,1,0
0,0.7702508345978054,1,1
0,0.6442732057878312,1,0
0,0.4371232828008047,0,0
0,0.9569651173598946,1,1
0,0.49209340231405424,0,0
1,0.7951163906990861,1,1
0,0.2317223204260722,0,0
0,0.4308236541176899,0,0
1,0.9580013304235292,1,1
0,0.8665060942725376,1,1
1,0.8854422632054736,1,1
1,0.8920842607204814,1,1
0,0.8098979435520233,1,1
1,0.7921148241920429,1,1
1,0.8448540925260972,1,1
1,0.8825398171489903,1,1
0,0.7814223228163268,1,1
0,0.5722512050949514,1,0
0,0.7108218328773998,1,1
0,0.5593888061146691,1,0
0,0.35915991471812686,0,0
0,0.12442471831369215,0,0
1,0.9215910609871125,1,1
1,0.9314202054041324,1,1
0,0.5123228352831157,1,0
0,0.540567063485144,1,0
0,0.3899054428416403,0,0
1,0.9245265613776712,1,1
0,0.4245151488146435,0,0
1,0.2134527432911577,0,0
1,0.9315816215502699,1,1
0,0.8184035608594252,1,1
1,0.8820975978931807,1,1
0,0.6283496754807216,1,0
0,0.27551245449052875,0,0
0,0.34942501034059775,0,0
0,0.47213309150320365,0,0
1,0.16997351594198953,0,0
1,0.9107281476695386,1,1
0,0.4023721690939978,0,0
1,0.6064013175786944,1,0
0,0.45450078444506925,0,0
0,0.39528691601924487,0,0
0,0.4330048963592165,0,0
0,0.8110534908187675,1,1
0,0.14746657489320936,0,0
0,0.9169493222408369,1,1
0,0.5910468911953782,1,0
1,0.6123551358538467,1,0
0,0.3774706009565776,0,0
0,0.4506483449755111,0,0
1,0.41222642430003503,0,0
0,0.8429410832595664,1,1
1,0.9425803146028368,1,1
0,0.6162862859282272,1,0
1,0.9608765439380943,1,1
0,0.4759294743669838,0,0
0,0.7317002627651114,1,1
1,0.8650131263707811,1,1
1,0.8830398585638438,1,1
1,0.5300074775140378,1,0
0,0.6767049003733318,1,0
0,0.8558760415481603,1,1
1,0.9692682163785213,1,1
0,0.6640151833173403,1,0
0,0.48862923532689173,0,0
0,0.28641098410868265,0,0
0,0.5487996094590187,1,0
1,0.5144557774005555,1,0
0,0.9328426752627843,1,1
0,0.3708706724708921,0,0
1,0.9281687129088331,1,1
0,0.6327553357335303,1,0
0,0.7139842480324886,1,1
0,0.49174008797862495,0,0
1,0.8956728634129872,1,1
0,0.4325847715535247,0,0
0,0.39474950767328176,0,0
0,0.9046608607359643,1,1
0,0.18954133898029674,0,0
1,0.8376740093977828,1,1
0,0.8439991318238745,1,1
0,0.3021880393656387,0,0
1,0.9103185440146437,1,1
0,0.2661592742689369,0,0
0,0.7380312206406465,1,1
0,0.6810247522190906,1,0
0,0.6246357134368101,1,0
0,0.5567224380135997,1,0
1,0.8977317953736602,1,1
0,0.7856309223315678,1,1
1,0.540026469941388,1,0
0,0.6821691402879201,1,0
0,0.39041864850294866,0,0
1,0.24318976282377391,0,0
0,0.7576558733307608,1,1
0,0.2596428602162559,0,0
0,0.5946395126264019,1,0
0,0.750534284238655,1,1
0,0.9420947003560219,1,1
1,0.9262946844160079,1,1
0,0.17382992837132102,0,0
0,0.1647841340103057,0,0
0,0.2376845220461157,0,0
1,0.8870728061949504,1,1
0,0.5866423831915821,1,0
1,0.4994700578630941,0,0
0,0.6476021534625296,1,0
1,0.9159015134950742,1,1
0,0.5188422492465097,1,0
0,0.38711031240322397,0,0
1,0.5948642530105118,1,0
0,0.4657870575210164,0,0
1,0.70678295601578,1,1
0,0.49647005119096305,0,0
1,0.7271960172744465,1,1
1,0.9095499926519114,1,1
1,0.8465265849233958,1,1
1,0.9180858983554295,1,1
1,0.8447795995468265,1,1
0,0.7147890787054753,1,1
1,0.9292377954083658,1,1
0,0.2161248578153158,0,0
0,0.6403117296460449,1,0
1,0.85343390308766,1,1
0,0.11822435751026049,0,0
0,0.8568808169494754,1,1
1,0.8918186643185306,1,1
1,0.9162117971554189,1,1
0,0.30146240775893424,0,0
1,0.8185638290556775,1,1
0,0.557942220823242,1,0
0,0.49919860305082636,0,0
0,0.8357244982257322,1,1
1,0.45986636602665415,0,0
0,0.43836708322869433,0,0
1,0.8852452509964832,1,1
1,0.8158463770013471,1,1
0,0.8672166642796186,1,1
0,0.8303489163727712,1,1
0,0.7672997417395341,1,1
0,0.8627176325396991,1,1
1,0.802326894958954,1,1
0,0.4894222348077771,0,0
0,0.563743935214093,1,0
0,0.3315502716351091,0,0
0,0.7903108683493042,1,1
1,0.8596875981586711,1,1
0,0.2777947305589393,0,0
0,0.6483736688554051,1,0
0,0.7661103434706779,1,1
1,0.6701973586405543,1,0
0,0.7903197929719847,1,1
1,0.6844965187232619,1,0
0,0.8138072293691795,1,1
1,0.7386377613222622,1,1
1,0.8565014142348351,1,1
1,0.9421131310068509,1,1
1,0.9029403435207489,1,1
0,0.2695526024437375,0,0
1,0.9010247866904273,1,1
0,0.8882237834065907,1,1
0,0.43483389570141545,0,0
1,0.7452271903603092,1,1
1,0.685066385891573,1,0
0,0.4063964358205465,0,0
1,0.35002400211117357,0,0
1,0.8182366667666654,1,1
1,0.649171850225058,1,0
0,0.7578349616990993,1,1
0,0.4599330188461101,0,0
0,0.4853078715061105,0,0
0,0.9141188490272115,1,1
0,0.826446603357164,1,1
0,0.4227983402456506,0,0
1,0.8721081387382795,1,1
0,0.7850718561652528,1,1
0,0.5422278020829465,1,0
1,0.9233391300695137,1,1
0,0.42291332408959476,0,0
1,0.9090737460924957,1,1
1,0.8772081988438142,1,1
0,0.12619111274315875,0,0
0,0.3999133745426271,0,0
1,0.9345267528756115,1,1
0,0.7404226410638189,1,1
0,0.3620682759986888,0,0
0,0.33352129546457676,0,0
1,0.5783582818893734,1,0
0,0.20583143963631131,0,0
1,0.8145305492360699,1,1
0,0.6067497852633837,1,0
1,0.8272563634725663,1,1
0,0.6527759555699183,1,0
0,0.609576862624316,1,0
1,0.8704008048903499,1,1
0,0.5738920088815926,1,0
1,0.8491092421479619,1,1
0,0.7787186975187085,1,1
1,0.9390042653077528,1,1
0,0.7989810637338263,1,1
0,0.1938219975635959,0,0
0,0.8804505925151038,1,1
0,0.27459943807807297,0,0
0,0.5425670548460008,1,0
0,0.7753826823111307,1,1
1,0.6996855271157205,1,1
0,0.3149371607146111,0,0
0,0.624464118459488,1,0
1,0.712643518325338,1,1
0,0.5756938624871961,1,0
0,0.19828895261330284,0,0
0,0.8458775155865784,1,1
1,0.3725417279575917,0,0
0,0.4203866262931991,0,0
0,0.6969156746237789,1,1
0,0.4050877714089472,0,0
1,0.9416965450202235,1,1
1,0.6313269583176341,1,0
1,0.6886825076113233,1,0
0,0.5657948912148225,1,0
0,0.4423542375809541,0,0
0,0.23386864128249857,0,0
1,0.287738309098115,0,0
0,0.6043678324385718,1,0
1,0.6909118754751056,1,1
1,0.8971981200751358,1,1
0,0.9129194575870095,1,1
0,0.3918453958295284,0,0
0,0.463604543495544,0,0
1,0.779264860257496,1,1
0,0.23804256551015093,0,0
0,0.8444576677969005,1,1
0,0.7519567500687638,1,1
0,0.5196303423060555,1,0
1,0.7583111324840411,1,1
0,0.5445511308118737,1,0
1,0.7872862791673789,1,1
0,0.3580233296343203,0,0
0,0.39069785831467263,0,0
0,0.7466747433489348,1,1
0,0.47507640982319266,0,0
0,0.3919359506038187,0,0
0,0.5550995957454146,1,0
0,0.8366646251465494,1,1
1,0.8684787194459817,1,1
0,0.6487846182006263,1,0
1,0.8564325236489094,1,1
0,0.1360470312374676,0,0
0,0.8404076681512099,1,1
0,0.7927509376807368,1,1
1,0.8425394029300441,1,1
0,0.8831490945521963,1,1
0,0.2711863477297696,0,0
1,0.8611087365222583,1,1
0,0.2306133324086357,0,0
0,0.9118590706360297,1,1
1,0.7470830363196571,1,1
0,0.3401856352159984,0,0
0,0.7230861793487263,1,1
0,0.7369905490495247,1,1
0,0.2491615468721295,0,0
1,0.8509043853194773,1,1
0,0.2483993966238438,0,0
0,0.6519298453969432,1,0
0,0.4126105903628767,0,0
0,0.279116417862348,0,0
0,0.8284314408917289,1,1
0,0.6963896460784988,1,1
0,0.6368831630678368,1,0
0,0.10613108595193531,0,0
1,0.9466154209427294,1,1
1,0.808904872780387,1,1
1,0.7030957617511667,1,1
0,0.5584716819851717,1,0
1,0.9427032348575463,1,1
1,0.6191703221881977,1,0
0,0.4178583669563935,0,0
0,0.734010994661601,1,1
1,0.32923240306435375,0,0
1,0.7410627096610436,1,1
0,0.24912613591408428,0,0
0,0.8971759947362653,1,1
1,0.9071490971428621,1,1
1,0.6870734245356245,1,0
1,0.835985227573164,1,1
0,0.406312272718039,0,0
0,0.6629659297087056,1,0
1,0.9424550630071429,1,1
0,0.5702540218805633,1,0
0,0.8866784240765637,1,1
0,0.6221241664633438,1,0
0,0.353783565249879,0,0
0,0.6170823602776613,1,0
0,0.6913187418321008,1,1
0,0.6023750323770196,1,0
1,0.9081637720261022,1,1
0,0.314946719998527,0,0
0,0.7218563539383931,1,1
1,0.8349434832358164,1,1
0,0.5708511073560024,1,0
0,0.8471485770862502,1,1
0,0.2755140857545541,0,0
0,0.23304187040848218,0,0
0,0.7147089905813027,1,1
0,0.2725448227876542,0,0
0,0.42315986024595686,0,0
1,0.8636834960392892,1,1
0,0.5701861188254752,1,0
0,0.402778850320328,0,0
0,0.772692347333181,1,1
0,0.6857989825355192,1,0
1,0.8078616465581762,1,1
0,0.7178740174616205,1,1
0,0.4590010483007607,0,0
0,0.6371295466292604,1,0
0,0.7219823257742328,1,1
1,0.8859538235766163,1,1
0,0.7242847334460192,1,1
0,0.4106270236864964,0,0
0,0.7972092784614526,1,1
1,0.7205540662866398,1,1
1,0.7871399308413789,1,1
0,0.932314210026811,1,1
0,0.7761275646095398,1,1
1,0.7741107682370196,1,1
1,0.9253449897679932,1,1
0,0.3497367366866299,0,0
1,0.9488387871554541,1,1
0,0.3460203886314418,0,0
1,0.5472525206039266,1,0
0,0.2515697980559099,0,0
0,0.6319580412071095,1,0
0,0.15243193651198267,0,0
1,0.7860865810774338,1,1
0,0.4930603309278472,0,0
0,0.859752389281061,1,1
1,0.7197583722978773,1,1
0,0.3181606532832769,0,0
0,0.4605590821829754,0,0
1,0.8927037002919788,1,1
0,0.7446271367951934,1,1
0,0.418578934188494,0,0
1,0.9052296803589643,1,1
0,0.3890521448730053,0,0
0,0.4989561687665799,0,0
1,0.8632171806242382,1,1
0,0.48840641648261995,0,0
0,0.43037744734066546,0,0
0,0.3034785186555875,0,0
1,0.6014239272077836,1,0
0,0.4256972239243248,0,0
0,0.432782939823236,0,0
1,0.5299519923990437,1,0
1,0.7965919009033098,1,1
1,0.2516710577485135,0,0
0,0.8828257606056672,1,1
0,0.3477378783361923,0,0
1,0.6748367658372371,1,0
0,0.6186220907806071,1,0
1,0.8945081811459443,1,1
0,0.6560580108762228,1,0
0,0.5393977561798244,1,0
0,0.430602987850639,0,0
0,0.4386465332217383,0,0
0,0.6680963419564742,1,0
0,0.4924030137109166,0,0
0,0.8944295082644346,1,1
1,0.7469381540424485,1,1
0,0.5954593191162055,1,0
0,0.2591469486592113,0,0
1,0.427309081968958,0,0
1,0.864762424968459,1,1
1,0.9334369263041699,1,1
0,0.45150504082334747,0,0
0,0.7760474887806164,1,1
1,0.9658830705196457,1,1
1,0.7364133550678377,1,1
0,0.4405191112564413,0,0
0,0.8396001769112332,1,1
0,0.4550102333773934,0,0
0,0.40059247020507643,0,0
0,0.5865043341510098,1,0
0,0.19727782314379752,0,0
0,0.724240606292427,1,1
0,0.7003951633941708,1,1
1,0.6778181774809418,1,0
1,0.8240888648525609,1,1
1,0.8915617916034251,1,1
1,0.9277431967631417,1,1
1,0.6114189975468949,1,0
0,0.9116992949843694,1,1
0,0.28650862774094543,0,0
0,0.5636001623203808,1,0
1,0.8232810641494283,1,1
1,0.8180078558217573,1,1
1,0.8939608715370057,1,1
0,0.554755104921256,1,0
0,0.22096525754258897,0,0
1,0.6256159795521468,1,0
0,0.7955721923638039,1,1
0,0.6029049145083228,1,0
1,0.8897292641687088,1,1
1,0.8849636037521628,1,1
0,0.8146744577502254,1,1
1,0.9313868501833941,1,1
0,0.4376583033835414,0,0
1,0.5194964207748153,1,0
0,0.8139903916626635,1,1
1,0.8214496299801454,1,1
0,0.7172158843915173,1,1
1,0.6892139093874137,1,0
0,0.7523505382450576,1,1
0,0.7338968224192688,1,1
0,0.3485013631207707,0,0
0,0.5707453694540698,1,0
0,0.3029623415914837,0,0
0,0.2729308688090708,0,0
0,0.8308843416341235,1,1
0,0.4964160737294994,0,0
0,0.23528852739082237,0,0
0,0.18046178804266247,0,0
1,0.6775859316123413,1,0
1,0.9148790327703461,1,1
0,0.4993080131813028,0,0
0,0.724672945143973,1,1
0,0.2654682056309375,0,0
0,0.2812558048982352,0,0
1,0.9482717935155555,1,1
1,0.6089361159377492,1,0
0,0.6855867618197705,1,0
1,0.9349940903637,1,1
1,0.9385367167989495,1,1
1,0.7176342374938576,1,1
0,0.25328536319278505,0,0
1,0.8621089023855878,1,1
0,0.6216620193482031,1,0
0,0.641164213209464,1,0
0,0.8412389759588452,1,1
0,0.634873923280484,1,0
0,0.6386090423113027,1,0
0,0.621277496395585,1,0
1,0.7846250920873311,1,1
1,0.7833398459474412,1,1
0,0.14407854989193591,0,0
1,0.8208458378021783,1,1
0,0.5608180579161223,1,0
0,0.20997296279099467,0,0
0,0.44679712295723084,0,0
1,0.8819528372000358,1,1
0,0.35827981060755076,0,0
0,0.09428666119707961,0,0
1,0.8364476536070863,1,1
0,0.250604281603288,0,0
0,0.7338966644554114,1,1
0,0.2875696030565564,0,0
0,0.30271865763772066,0,0
0,0.7190687957194145,1,1
0,0.5915401305524832,1,0
0,0.8412205303276066,1,1
0,0.4591235328436071,0,0
0,0.26561821893924614,0,0
0,0.5482033306530033,1,0
0,0.6314377177900165,1,0
0,0.28951191005408294,0,0
1,0.9084719597317891,1,1
0,0.8189169504647841,1,1
0,0.6355739296453224,1,0
1,0.928922064569973,1,1
0,0.46501481786264226,0,0
1,0.8627878381045957,1,1
0,0.42611123848367916,0,0
0,0.5310991671394614,1,0
0,0.4258975442018447,0,0
1,0.6574782172616247,1,0
0,0.9411847065075492,1,1
0,0.6058757756123241,1,0
0,0.4324474416104644,0,0
0,0.2566657603332409,0,0
0,0.76831889782309,1,1
0,0.3766030225235795,0,0
1,0.8054851179036051,1,1
1,0.5127632627134341,1,0
0,0.7879617757300231,1,1
0,0.7932627792251021,1,1
0,0.640629493530563,1,0
0,0.753916381798142,1,1
0,0.30559065651637934,0,0
1,0.8048704003176267,1,1
1,0.8552438988283458,1,1
1,0.9075471202448303,1,1
0,0.5654999807499353,1,0
0,0.4233936603769327,0,0
1,0.6402639713157678,1,0
0,0.5797082502564079,1,0
0,0.6214720054067461,1,0
1,0.8011725522573744,1,1
0,0.8616151052329853,1,1
0,0.23814836453043364,0,0
0,0.8416833033745931,1,1
0,0.6480507595382887,1,0
1,0.35388851338229577,0,0
1,0.7651665577603216,1,1
0,0.8865120276332742,1,1
0,0.608262339734517,1,0
0,0.26063865779701023,0,0
1,0.44984122255682224,0,0
1,0.28582018641198076,0,0
0,0.5632622209192016,1,0
1,0.9597744033052439,1,1
0,0.48095650931844364,0,0
0,0.4759809883064286,0,0
0,0.914626254234697,1,1
1,0.8691226755260637,1,1
1,0.8983879941388923,1,1
0,0.3850671895004005,0,0
0,0.2996198006564025,0,0
0,0.38677721546726385,0,0
0,0.5170147763227876,1,0
1,0.9010892339024602,1,1
1,0.6582110073630293,1,0
0,0.5680641785282194,1,0
1,0.7925951532097901,1,1
0,0.30941068470136546,0,0
0,0.36504696967790917,0,0
1,0.8492428324935307,1,1
1,0.7715051183357631,1,1
0,0.23260604700513376,0,0
1,0.7786733334621506,1,1
0,0.42430997305711543,0,0
0,0.7273856366324726,1,1
1,0.3138966039177908,0,0
1,0.8957027978481441,1,1
0,0.31592010575601154,0,0
0,0.4535086213495184,0,0
0,0.6830937766294984,1,0
0,0.25275709192729634,0,0
0,0.3457113415479874,0,0
0,0.8068466264225627,1,1
0,0.3888682927162082,0,0
0,0.6575575626042954,1,0
0,0.2045364744222391,0,0
0,0.6801717488644368,1,0
0,0.922362679199252,1,1
1,0.3461365465513219,0,0
1,0.6417343643642046,1,0
0,0.6040766470106671,1,0
1,0.9417791967129042,1,1
1,0.886562350822763,1,1
0,0.20033426043393804,0,0
0,0.4101610919289112,0,0
1,0.9034778724585897,1,1
0,0.8393418906987605,1,1
1,0.7414080035995136,1,1
1,0.46426652933139145,0,0
0,0.7372899365694441,1,1
0,0.47141288670627074,0,0
0,0.9354942303696556,1,1
0,0.6718284282388256,1,0
1,0.9525454047586052,1,1
0,0.40219099723375795,0,0
0,0.348224886557495,0,0
1,0.5287604844275725,1,0
0,0.6575166770396365,1,0
0,0.2690504714102278,0,0
1,0.9372756548341332,1,1
1,0.7647391225655634,1,1
0,0.7058782998483197,1,1
1,0.9382042054744634,1,1
0,0.4128428950104409,0,0
0,0.20584965641993327,0,0
1,0.9532466803304859,1,1
1,0.5909418349391026,1,0
0,0.35563331538088966,0,0
0,0.3744023649364698,0,0
0,0.6462195410700499,1,0
0,0.7788451285740318,1,1
1,0.887485475419399,1,1
0,0.7028315425479652,1,1
0,0.38148792085051736,0,0
0,0.5620579264212497,1,0
0,0.3751864758605202,0,0
1,0.762121694553011,1,1
0,0.7017860090910584,1,1
0,0.5271560886181651,1,0
0,0.5916446830053931,1,0
0,0.5110017534648345,1,0
1,0.9097427560761018,1,1
0,0.2896221352021092,0,0
1,0.9220407618907208,1,1
1,0.9295144051696915,1,1
0,0.8593599237242935,1,1
1,0.415446607827246,0,0
0,0.3380227216760717,0,0
0,0.2589214462003102,0,0
1,0.8419830338616975,1,1
0,0.6276593489601792,1,0
0,0.3673937122064861,0,0
0,0.2716818145478833,0,0
1,0.8558855628352231,1,1
1,0.7205266255450655,1,1
0,0.29848548415160975,0,0
0,0.34099043870295154,0,0
0,0.4983701322200131,0,0
1,0.8607945364702377,1,1
1,0.33245512236977415,0,0
0,0.24668949851264607,0,0
0,0.8095986036408392,1,1
0,0.5366132591316374,1,0
0,0.44358498799095436,0,0
1,0.9758397587496571,1,1
0,0.5503715796089791,1,0
0,0.09897808957226947,0,0
0,0.7754282890416628,1,1
0,0.2202937551632929,0,0
0,0.8758716961622763,1,1
0,0.33411586832270207,0,0
1,0.9218843217366208,1,1
1,0.9238368405338038,1,1
0,0.22314073537498075,0,0
1,0.6849636138018098,1,0
1,0.5656441974009524,1,0
0,0.30866604699756844,0,0
0,0.4707935618465743,0,0
1,0.8274954386118969,1,1
0,0.9606045491163893,1,1
1,0.836642424024852,1,1
0,0.6429726226640944,1,0
0,0.6604826801650672,1,0
0,0.6557583002570271,1,0
1,0.9191247021172398,1,1
1,0.9261536659482423,1,1
0,0.25863173752257407,0,0
0,0.37793798904495507,0,0
1,0.7326555624250766,1,1
0,0.33129491022502827,0,0
0,0.5217574543551365,1,0
1,0.6996805327272513,1,1
0,0.19160821040764645,0,0
1,0.7300066618179482,1,1
1,0.9168599372019951,1,1
1,0.5604623531277748,1,0
1,0.543266888026808,1,0
0,0.7785523589755536,1,1
1,0.6531817429634281,1,0
0,0.8890126992210403,1,1
0,0.9492788976247296,1,1
0,0.44571805190815367,0,0
0,0.732314227644561,1,1
1,0.2828246936201606,0,0
1,0.7039274614700665,1,1
0,0.5437589614768463,1,0
0,0.7289553574659592,1,1
0,0.2448763395822086,0,0
0,0.7737374578042815,1,1
0,0.1780193070112889,0,0
0,0.3435319746068097,0,0
0,0.13630129326713367,0,0
0,0.5183972839500568,1,0
0,0.22443722718923076,0,0
0,0.43879660045287483,0,0
1,0.9339671055410962,1,1
1,0.7208594851024305,1,1
1,0.8003311592225133,1,1
1,0.8224375069679332,1,1
1,0.4479157264836679,0,0
0,0.8721891993164056,1,1
0,0.8076378355467168,1,1
0,0.2762319248173659,0,0
1,0.9311352135887389,1,1
0,0.7933798279072175,1,1
0,0.11050255608870267,0,0
0,0.4294417457720909,0,0
0,0.28836493085300513,0,0
1,0.9244842106738368,1,1
0,0.5893872950160284,1,0
0,0.5542776911324138,1,0
1,0.9489792003679408,1,1
0,0.23005867476368286,0,0
0,0.6270832592010375,1,0
0,0.5616128013128299,1,0
0,0.30603378440524426,0,0
1,0.8551360586073563,1,1
1,0.7977396721002641,1,1
0,0.712352839365057,1,1
0,0.7037418993522855,1,1
0,0.6900614162641563,1,1
1,0.7116697766782296,1,1
0,0.6799669850381103,1,0
1,0.9189756741746736,1,1
1,0.8562921550805244,1,1
1,0.6194006422964022,1,0
0,0.7166245606596139,1,1
1,0.9262358953943621,1,1
1,0.8859212877909524,1,1
0,0.6830504820651492,1,0
1,0.7540780648046359,1,1
0,0.5522786033295367,1,0
0,0.3802065045171316,0,0
0,0.6136227844372626,1,0
0,0.6071685195651985,1,0
0,0.6183838950163782,1,0
0,0.40079158770478757,0,0
0,0.34886756643940514,0,0
0,0.34929332441407335,0,0
0,0.6815125956798452,1,0
0,0.5662583652673011,1,0
0,0.45611270642151497,0,0
1,0.6611663689865738,1,0
1,0.7389278759683617,1,1
0,0.9188088462405382,1,1
0,0.7669530722118763,1,1
1,0.26461770768336673,0,0
1,0.8654665240126108,1,1
1,0.9332324125861051,1,1
0,0.6821105184341799,1,0
1,0.887137894504475,1,1
1,0.6795372605971638,1,0
1,0.8275712688717429,1,1
0,0.6511962561722412,1,0
1,0.6227875886409437,1,0
0,0.6302256889435407,1,0
1,0.7003375359999041,1,1
0,0.5340685411136173,1,0
0,0.4464371497043705,0,0
0,0.2573472448064887,0,0
0,0.8650801830402307,1,1
0,0.6477356865299191,1,0
1,0.3879729777705101,0,0
1,0.7590559879153602,1,1
1,0.9196394123585055,1,1
0,0.868002876786451,1,1
0,0.8662389069423936,1,1
0,0.3572321963349136,0,0
1,0.9512961632670841,1,1
0,0.4985915925544655,0,0
1,0.8064701292974612,1,1
1,0.9318469398629649,1,1
0,0.6100150039717787,1,0
0,0.13064069486897123,0,0
1,0.9193599599355636,1,1
0,0.5064610489878162,1,0
1,0.8963080617471695,1,1
1,0.9316072152628081,1,1
0,0.23608470164985618,0,0
1,0.8252739086953055,1,1
0,0.6875425896542322,1,0
1,0.7562683097780829,1,1
0,0.5751758083579757,1,0
0,0.27166342235831464,0,0
0,0.529645887488324,1,0
1,0.9376989268699666,1,1
1,0.9489599403794334,1,1
0,0.8875789976404801,1,1
0,0.7979182920907536,1,1
0,0.47116788792470693,0,0
1,0.5484323976828176,1,0
0,0.2874288074544888,0,0
0,0.3185684112626403,0,0
0,0.7515474060342051,1,1
1,0.6610282051155754,1,0
1,0.8220264795929192,1,1
0,0.43465715705985836,0,0
0,0.48703336140654196,0,0
1,0.8641065371112153,1,1
1,0.5840352753361593,1,0
0,0.5055181973051563,1,0
1,0.8923007299695581,1,1
0,0.9215910609871125,1,1
0,0.682063779263739,1,0
0,0.14891916715049244,0,0
1,0.8061306923473689,1,1
0,0.9624520023726336,1,1
0,0.29933132613606916,0,0
0,0.3719547865342554,0,0
0,0.5597472536376327,1,0
0,0.623830391485285,1,0
1,0.6290560039361707,1,0
1,0.9480795157526521,1,1
1,0.8964447100127909,1,1
0,0.33355956570954437,0,0
0,0.4068632905274343,0,0
1,0.9169007789979512,1,1
0,0.6066607203571798,1,0
1,0.5327220805810764,1,0
0,0.2416585158387138,0,0
1,0.9217718672398797,1,1
0,0.5376273924198508,1,0
0,0.21929036843170646,0,0
0,0.28977216873393585,0,0
1,0.7578043079585918,1,1
0,0.34943425943571266,0,0
0,0.27473197815635336,0,0
1,0.7270474927059838,1,1
0,0.8906845020951385,1,1
1,0.8898029482052466,1,1
1,0.6187681798013176,1,0
1,0.9030880679098904,1,1
0,0.31672498599314963,0,0
1,0.8804474023965385,1,1
1,0.6957140701204045,1,1
0,0.5168546337950664,1,0
1,0.8382224323438175,1,1
0,0.26094961060947325,0,0
0,0.15463213919832072,0,0
0,0.27909436230017515,0,0
1,0.7112695652109564,1,1
1,0.6472428530085396,1,0
1,0.9225691968003187,1,1
0,0.2578848824157128,0,0
1,0.8766245930155969,1,1
0,0.11951341372695311,0,0
0,0.1705710720805387,0,0
0,0.881203550771092,1,1
0,0.3926528422629887,0,0
0,0.3768718499985673,0,0
1,0.8243271629787292,1,1
0,0.905889241040379,1,1
0,0.7347928596262805,1,1
0,0.4216327407957802,0,0
0,0.8540345929942222,1,1
0,0.7031117356617282,1,1
0,0.20148654068432845,0,0
1,0.6372996250867927,1,0
0,0.14228758824687432,0,0
0,0.6259423753468352,1,0
1,0.910167483937165,1,1
0,0.2186601350264643,0,0
0,0.7411156950865249,1,1
0,0.7427080673730798,1,1
1,0.9357185133480721,1,1
0,0.6696337950577429,1,0
0,0.18769831590882832,0,0
0,0.4806337375781428,0,0
0,0.16663717264192282,0,0
1,0.9605600695938686,1,1
1,0.8034411214504279,1,1
0,0.6587899314169549,1,0
0,0.3658089357355394,0,0
1,0.7654371075686086,1,1
1,0.7719016241022124,1,1
1,0.8368911339552926,1,1
0,0.7230238523192795,1,1
1,0.9314770619694616,1,1
0,0.40946702508713434,0,0
0,0.1401715825090763,0,0
1,0.5280791069166838,1,0
1,0.816783297811204,1,1
0,0.8075732619107895,1,1
0,0.6241879152985512,1,0
0,0.291862045293562,0,0
1,0.6793021906051667,1,0
0,0.8794126280258119,1,1
0,0.5781872370801129,1,0
0,0.41987255447270294,0,0
0,0.780089127276236,1,1
0,0.9390928036525257,1,1
0,0.1330274538953917,0,0
1,0.9403099859964414,1,1
0,0.7316206159238499,1,1
1,0.8681897758538736,1,1
0,0.6270723301534459,1,0
0,0.5562727164479281,1,0
1,0.8983938498864418,1,1
1,0.8761968254112541,1,1
1,0.3424914848646314,0,0
1,0.812549921822523,1,1
0,0.24024286156881894,0,0
0,0.5730430242502672,1,0
1,0.7579409930790402,1,1
1,0.7981131786934066,1,1
0,0.8615938135997843,1,1
1,0.7986753696356266,1,1
0,0.9465262553589546,1,1
1,0.2373203022497357,0,0
1,0.6944211682486414,1,1
0,0.13124410013494808,0,0
1,0.8039454112600204,1,1
0,0.5452561100954788,1,0
0,0.611430887411044,1,0
1,0.943924604389232,1,1
0,0.24227227426126718,0,0
0,0.43134027437202976,0,0
1,0.8987467224740724,1,1
1,0.7929872480739031,1,1
0,0.21297750863000303,0,0
0,0.16168952473956202,0,0
0,0.8759387965412613,1,1
0,0.5594507431080266,1,0
1,0.9514676364656058,1,1
0,0.48519587609013964,0,0
0,0.16317294976392924,0,0
0,0.2042879678629659,0,0
0,0.6880863782865079,1,0
0,0.2026666223865018,0,0
1,0.7314424814413837,1,1
1,0.7080822268471171,1,1
0,0.5942098004115557,1,0
0,0.20516806933779386,0,0
0,0.47433947031273743,0,0
0,0.8538806396079403,1,1
1,0.621323329978667,1,0
1,0.6925758796368472,1,1
0,0.27596176853330395,0,0
0,0.4595500883320453,0,0
1,0.4773605370243636,0,0
1,0.9375259835262698,1,1
1,0.6966705728449982,1,1
0,0.7732826912221907,1,1
1,0.8641413283833029,1,1
1,0.6804662274931255,1,0
0,0.20264925308136153,0,0
1,0.914187705831293,1,1
0,0.3238736334856581,0,0
0,0.16262774926398266,0,0
0,0.23093138368847804,0,0
0,0.1401910161533438,0,0
0,0.8634347290760734,1,1
0,0.5647573570623471,1,0
0,0.5827635353350453,1,0
1,0.7943306652147472,1,1
0,0.7387929473225484,1,1
1,0.9445922080793976,1,1
0,0.501663728133192,1,0
1,0.6451356917644806,1,0
1,0.6363734696486942,1,0
0,0.8347053471041335,1,1
0,0.47297426765559625,0,0
0,0.5955784624720142,1,0
0,0.4919925632494598,0,0
1,0.6639518583604878,1,0
1,0.23192101652217273,0,0
1,0.9153981616707464,1,1
0,0.21085745192799346,0,0
0,0.3668814862017495,0,0
1,0.7094246299749797,1,1
1,0.7499508026372133,1,1
1,0.223742637814604,0,0
1,0.5305147114595734,1,0
0,0.8572371293139162,1,1
0,0.5343001381587194,1,0
1,0.6464445064200848,1,0
1,0.24121202431252806,0,0
0,0.5286514729256286,1,0
0,0.3222842782726035,0,0
1,0.8253239304477292,1,1
1,0.8405230058705855,1,1
1,0.9169995343991864,1,1
0,0.1651625785454669,0,0
0,0.2760564563701975,0,0
1,0.8674523748063188,1,1
1,0.8704380358874668,1,1
0,0.8356411715045328,1,1
1,0.869543843777428,1,1
1,0.514799817250805,1,0
0,0.5362759815112308,1,0
0,0.09801226539673583,0,0
0,0.6839623134647965,1,0
0,0.6669115563145558,1,0
0,0.20093385830732433,0,0
0,0.6622438212631454,1,0
0,0.9471070282730197,1,1
0,0.8068720000243023,1,1
1,0.8571901252299544,1,1
0,0.6024627400712437,1,0
0,0.5873315385849293,1,0
1,0.8244242342274656,1,1
1,0.7559316202434159,1,1
1,0.26499373310591423,0,0
1,0.6840685587572797,1,0
1,0.819609324518496,1,1
1,0.8699243730504336,1,1
0,0.607051230369256,1,0
0,0.8273488014457824,1,1
1,0.6377761395547491,1,0
1,0.8452538881110438,1,1
0,0.6271249500861175,1,0
0,0.2459048742693289,0,0
0,0.9357110764730032,1,1
1,0.636411446473362,1,0
0,0.7800205110769391,1,1
0,0.5419468549901801,1,0
0,0.6977306871306845,1,1
1,0.9378508743913484,1,1
1,0.8557391152113488,1,1
0,0.16010440304462184,0,0
1,0.8875260186705326,1,1
0,0.22268037087119608,0,0
1,0.9060679466789692,1,1
1,0.8797457750031065,1,1
1,0.7849033611411926,1,1
0,0.5927595257675204,1,0
0,0.5485549125000211,1,0
0,0.5012123802353923,1,0
0,0.6907146854193738,1,1
0,0.5377451839982113,1,0
0,0.49054691511111537,0,0
1,0.6168373177045982,1,0
0,0.22213557408518034,0,0
1,0.9522693918608898,1,1
1,0.7934411602770487,1,1
0,0.1608319589465622,0,0
0,0.3971428343485434,0,0
0,0.7033822984735316,1,1
0,0.23759370762855098,0,0
0,0.41324685166387876,0,0
0,0.16041727830790314,0,0
1,0.9437555194046413,1,1
0,0.6898985003975433,1,0
1,0.8848334238575526,1,1
0,0.8241054475618455,1,1
1,0.9453611371907107,1,1
0,0.6445774644815379,1,0
0,0.8057860812498722,1,1
0,0.23551768476090598,0,0
0,0.5955005841846013,1,0
0,0.7951118854815022,1,1
0,0.5977751933742301,1,0
0,0.86722370766141,1,1
1,0.9086740586443854,1,1
1,0.7621279621307279,1,1
1,0.8953202282841068,1,1
0,0.9022965669202239,1,1
0,0.44705546425300446,0,0
0,0.6761366227667155,1,0
0,0.5869332812924636,1,0
0,0.3986693382528317,0,0
1,0.91461727495973,1,1
1,0.7387172547161162,1,1
1,0.8889891105773968,1,1
0,0.4256295192716353,0,0
1,0.8737802322655214,1,1
1,0.9046264599510798,1,1
0,0.7249500238454377,1,1
1,0.8353013429814403,1,1
0,0.27574590416761896,0,0
0,0.42733964687718085,0,0
1,0.5749166072498377,1,0
1,0.906267709004117,1,1
0,0.25751491551605626,0,0
1,0.30560021367915924,0,0
0,0.48813070307819745,0,0
0,0.7580361839841265,1,1
0,0.5402662291254369,1,0
0,0.6616538750132789,1,0
0,0.23727971953345925,0,0
0,0.5680785182144358,1,0
1,0.7605475199186986,1,1
0,0.6830762522799194,1,0
0,0.46251441092204393,0,0
0,0.3003269706564818,0,0
0,0.5100998571192011,1,0
1,0.9253412779067146,1,1
1,0.8531106812723742,1,1
0,0.16100990474286758,0,0
0,0.8267186939654214,1,1
1,0.933545488434146,1,1
1,0.9158520041909968,1,1
1,0.8830507518855137,1,1
1,0.2767968212454768,0,0
0,0.8725434262304099,1,1
0,0.5832627060971145,1,0
1,0.6597918088074223,1,0
0,0.8143638662446031,1,1
0,0.25586334705948033,0,0
0,0.2670242804357022,0,0
1,0.7753622477086384,1,1
0,0.39981404706474827,0,0
0,0.6270693990763744,1,0
0,0.8167070053012573,1,1
1,0.3495523178200921,0,0
1,0.9363687425830869,1,1
0,0.2669659915178398,0,0
0,0.5855822500304689,1,0
0,0.30145728942950045,0,0
1,0.6351125369078914,1,0
1,0.3128571433127237,0,0
0,0.6886312042300327,1,0
1,0.8791409917165239,1,1
0,0.23304187040848218,0,0
0,0.2588795396770097,0,0
1,0.8417835392430553,1,1
1,0.46504626702840346,0,0
0,0.46951644022629696,0,0
0,0.358163353959154,0,0
1,0.9038456767692673,1,1
0,0.697402127641264,1,1
0,0.5331015139878377,1,0
0,0.46165161112256975,0,0
0,0.40717984481160924,0,0
0,0.7530622744785642,1,1
0,0.7316664403625172,1,1
0,0.40326220972994326,0,0
1,0.6760778570976315,1,0
0,0.21683622040760248,0,0
1,0.8744218454165004,1,1
0,0.1851569108475696,0,0
0,0.28303624592045806,0,0
1,0.9250953593402582,1,1
0,0.5651178813399016,1,0
0,0.4946277640506604,0,0
0,0.6614676343880121,1,0
1,0.6967185260843353,1,1
1,0.8578519272422884,1,1
1,0.8218068578039254,1,1
0,0.887469032290891,1,1
0,0.23066551111393954,0,0
1,0.8986021746276849,1,1
0,0.33229616297008596,0,0
0,0.4038233183834879,0,0
1,0.8771258458536342,1,1
0,0.7130743043554171,1,1
0,0.8432848797152082,1,1
0,0.3411833236240462,0,0
0,0.8448684316185372,1,1
1,0.7675085924480506,1,1
0,0.532676273901791,1,0
0,0.9088264420384675,1,1
0,0.736661502120985,1,1
1,0.9147359337970388,1,1
1,0.6627852333666036,1,0
0,0.5762263312285273,1,0
1,0.7671055530548417,1,1
0,0.8711380902602686,1,1
1,0.9232133011988328,1,1
0,0.5758623460903078,1,0
1,0.70524830668086,1,1
0,0.9554653778543117,1,1
0,0.46574940331943343,0,0
0,0.36967465688927637,0,0
0,0.41186733812716464,0,0
0,0.8924684467747974,1,1
0,0.5700612875091601,1,0
1,0.9344601688818814,1,1
1,0.8386233689274841,1,1
1,0.924024200971761,1,1
0,0.2732756624598196,0,0
0,0.8066468648554932,1,1
1,0.7312769654117414,1,1
0,0.46756489921625793,0,0
0,0.7515085529866808,1,1
0,0.8682119756098204,1,1
1,0.861162841087741,1,1
0,0.6667939928111971,1,0
1,0.8469189187337062,1,1
0,0.45262094838137606,0,0
0,0.7844863263257373,1,1
1,0.9053353384142802,1,1
0,0.6319689530789089,1,0
0,0.6018115140813863,1,0
0,0.2692886251378003,0,0
0,0.5991800730884894,1,0
0,0.7086210280057181,1,1
0,0.14758627594615725,0,0
1,0.7562194603736044,1,1
1,0.6847356384377091,1,0
0,0.5539023594349436,1,0
0,0.704797918798981,1,1
0,0.4911018530163995,0,0
0,0.5744516740174471,1,0
0,0.5138644103592628,1,0
0,0.8713016643531878,1,1
0,0.4153758434389935,0,0
0,0.7350400939163556,1,1
0,0.38790561663405126,0,0
1,0.6238785599147484,1,0
0,0.3947302169283124,0,0
1,0.875417984606579,1,1
0,0.6710854623261023,1,0
0,0.7808963844910896,1,1
1,0.5613291662364126,1,0
0,0.456861888911773,0,0
0,0.20964776741379798,0,0
0,0.27431280028473287,0,0
1,0.6809786696607472,1,0
0,0.5854694740946332,1,0
0,0.534554620700101,1,0
1,0.4552051554271328,0,0
0,0.8211508753444134,1,1
0,0.7751528845016482,1,1
0,0.20709351432833262,0,0
1,0.8216776245546247,1,1
1,0.7533658216285606,1,1
0,0.5760796043298013,1,0
0,0.43835855999857026,0,0
0,0.8186676678528253,1,1
0,0.5529693102098766,1,0
1,0.5626955165213597,1,0
1,0.5646262810944574,1,0
0,0.7437251765807388,1,1
0,0.48422944213898494,0,0
0,0.8594440115053578,1,1
1,0.5989229152811357,1,0
0,0.43978845700258473,0,0
0,0.7016718287047563,1,1
0,0.5495305181016409,1,0
0,0.15826726542671996,0,0
1,0.905423559635837,1,1
1,0.8681211746756282,1,1
0,0.8955444624721324,1,1
1,0.6196513466730966,1,0
0,0.8535965793895167,1,1
0,0.15083749756632503,0,0
0,0.892177243815532,1,1
1,0.6252791286903601,1,0
0,0.7886030920502616,1,1
1,0.872347729315221,1,1
0,0.6847854330614297,1,0
0,0.157335275228853,0,0
1,0.8304093509189505,1,1
1,0.48923902454465235,0,0
1,0.8642475075461151,1,1
0,0.16822298772878272,0,0
0,0.8559559264436186,1,1
1,0.8355711177726517,1,1
0,0.33120316386788207,0,0
1,0.8299329190363313,1,1
0,0.923737379009497,1,1
0,0.8393868297909587,1,1
0,0.6982724920050096,1,1
0,0.5009885875516392,1,0
1,0.8853065690145285,1,1
0,0.44841928091660493,0,0
1,0.7777994013551027,1,1
0,0.36316698154789834,0,0
1,0.9097659455909132,1,1
0,0.33294162646645453,0,0
0,0.6680375619837279,1,0
1,0.9213960134569765,1,1
1,0.9289938174354151,1,1
1,0.6445878720188645,1,0
0,0.6333045549152087,1,0
0,0.7694174057450477,1,1
0,0.17390413892829237,0,0
0,0.4398520351409883,0,0
0,0.49919860305082636,0,0
0,0.5160724162649293,1,0
0,0.6000416611693177,1,0
0,0.5030845870223258,1,0
0,0.3138020012412613,0,0
0,0.5292765286986229,1,0
0,0.5374105752345183,1,0
0,0.5946006243144644,1,0
1,0.900308012504574,1,1
0,0.9413818025832287,1,1
0,0.710720021163945,1,1
0,0.21457462591068877,0,0
1,0.7196967277831069,1,1
1,0.9327875076991591,1,1
1,0.7526165371164165,1,1
1,0.9216275505612459,1,1
1,0.9441441963539839,1,1
0,0.10838791036801508,0,0
0,0.3452704448933539,0,0
0,0.4481975021827158,0,0
0,0.4050681517385638,0,0
1,0.9200350062751581,1,1
0,0.20771523199767433,0,0
0,0.6785510276827228,1,0
0,0.45133563899631757,0,0
1,0.9044287149634485,1,1
1,0.9015638384905446,1,1
0,0.6399284696936043,1,0
1,0.6634582696594402,1,0
0,0.1948206176461401,0,0
0,0.48899454003032716,0,0
0,0.7642262539144677,1,1
0,0.441109613005802,0,0
1,0.3089168895481197,0,0
0,0.6223280177215826,1,0
1,0.7011484507799219,1,1
1,0.6009067260105638,1,0
0,0.8437541651472518,1,1
1,0.780715483391812,1,1
0,0.5146701341651585,1,0
0,0.5137190112431683,1,0
0,0.2985913718737307,0,0
1,0.37474156205327375,0,0
0,0.5915898695043147,1,0
1,0.8729753405600817,1,1
1,0.8348318297476358,1,1
0,0.8953665386331136,1,1
1,0.7911820533987971,1,1
0,0.5599986557848027,1,0
1,0.7436789151403161,1,1
1,0.8432227886589165,1,1
0,0.6198420855912814,1,0
1,0.8966172849698457,1,1
0,0.3130009160951836,0,0
0,0.8675958670718982,1,1
0,0.5597771978151911,1,0
0,0.666214394510993,1,0
0,0.655039678754794,1,0
0,0.508644714587503,1,0
0,0.42307873094995413,0,0
1,0.8970678259319506,1,1
0,0.9651196995097087,1,1
0,0.35868028131467317,0,0
0,0.6412863925894005,1,0
1,0.7330361563708244,1,1
0,0.647357687733911,1,0
0,0.7789026562000488,1,1
1,0.5283532161470734,1,0
0,0.529958530332069,1,0
0,0.3009637705195514,0,0
1,0.7725657845093935,1,1
0,0.21137773770109566,0,0
0,0.8634277425054423,1,1
1,0.820896473772374,1,1
0,0.5262307290179993,1,0
1,0.6131478033966156,1,0
0,0.7637584264261083,1,1
0,0.3875352565186114,0,0
0,0.569036549608069,1,0
1,0.7858614442750419,1,1
1,0.8616908043004359,1,1
0,0.872336561223877,1,1
0,0.6674128578493711,1,0
1,0.9490714200431911,1,1
0,0.8051731957671489,1,1
1,0.8548421985247865,1,1
0,0.572687583117212,1,0
1,0.878840796521622,1,1
0,0.27098550705535035,0,0
1,0.9077402091623641,1,1
1,0.6987454917435446,1,1
0,0.5332897288638149,1,0
1,0.5287030282913915,1,0
0,0.6907590888768401,1,1
0,0.46123917402801384,0,0
0,0.33217249890019585,0,0
0,0.13495229893279245,0,0
0,0.4410100990443152,0,0
0,0.30107693571865923,0,0
0,0.13605307934748082,0,0
0,0.7811879248675966,1,1
1,0.7803129697712042,1,1
0,0.9109209383237327,1,1
0,0.6049483007062042,1,0
0,0.24608676721335232,0,0
0,0.7357903426649872,1,1
1,0.9242249789808072,1,1
0,0.7599274546740579,1,1
0,0.5220305279357507,1,0
0,0.4294311474564897,0,0
1,0.9259540404538055,1,1
0,0.6474488806213345,1,0
1,0.8362580204320287,1,1
1,0.9731864905129082,1,1
1,0.6708972076773321,1,0
0,0.17277723389119673,0,0
0,0.5498135198155653,1,0
1,0.5203830175570732,1,0
0,0.22548711434095733,0,0
0,0.22063622795824506,0,0
1,0.9189172572817456,1,1
1,0.7572320363018982,1,1
0,0.461873820997678,0,0
0,0.6341200373019618,1,0
0,0.6656156397970348,1,0
1,0.7850803837477162,1,1
1,0.933978637939417,1,1
1,0.9275035625806802,1,1
0,0.6302166810519042,1,0
0,0.6530696210567396,1,0
1,0.8702181978637485,1,1
0,0.3052379189997476,0,0
0,0.3849311471370706,0,0
0,0.4242413185539104,0,0
0,0.11700712514374681,0,0
0,0.8140261411478215,1,1
1,0.9184055052580252,1,1
1,0.5834576907316422,1,0
0,0.6244032213085847,1,0
0,0.225482386548694,0,0
1,0.487442683642386,0,0
1,0.8715888446746252,1,1
0,0.6272735303213439,1,0
0,0.6707444829846018,1,0
0,0.47346736768463094,0,0
0,0.6195842708156933,1,0
1,0.4706239182767021,0,0
0,0.403683241519602,0,0
0,0.5755871456310122,1,0
0,0.7152353292107574,1,1
0,0.6210602831373698,1,0
1,0.816522571343448,1,1
1,0.8658389840032241,1,1
0,0.36671697992667357,0,0
1,0.8871788861484181,1,1
1,0.904865431451058,1,1
0,0.23417028246112365,0,0
1,0.9145201271476437,1,1
0,0.3303992665552473,0,0
1,0.840484064239332,1,1
0,0.5094504029566852,1,0
0,0.8616320810657556,1,1
1,0.8591676880049813,1,1
0,0.5741463343756907,1,0
1,0.9688034119397241,1,1
0,0.5320020713588226,1,0
0,0.43504930475264014,0,0
0,0.5741332197869442,1,0
0,0.2738016219643568,0,0
0,0.9164468538077507,1,1
1,0.8641679307448025,1,1
0,0.7733551777107309,1,1
0,0.4300298776149411,0,0
0,0.5490179033930652,1,0
0,0.5540960401046204,1,0
0,0.549196075590026,1,0
0,0.8744899502378489,1,1
0,0.5821524121845779,1,0
1,0.9029832598744539,1,1
0,0.6665043358884927,1,0
0,0.7399122174738875,1,1
0,0.37252206368170077,0,0
0,0.800803197342139,1,1
1,0.8218647752066032,1,1
0,0.21531918639118464,0,0
0,0.24403571967260537,0,0
1,0.5722336169552825,1,0
0,0.613894894123237,1,0
0,0.9144547609178347,1,1
0,0.39896522997621964,0,0
0,0.3800917467866421,0,0
1,0.9374508696756686,1,1
0,0.3213577285018309,0,0
0,0.6718479426710938,1,0
1,0.7846414288571467,1,1
0,0.22159781799361447,0,0
0,0.3409953497840435,0,0
1,0.882146998685778,1,1
1,0.653607772717291,1,0
1,0.7213040156037738,1,1
0,0.4557572673737312,0,0
0,0.6593916318216068,1,0
0,0.8034277042126814,1,1
1,0.8679841612091537,1,1
0,0.2650597013115395,0,0
0,0.4853848241478581,0,0
0,0.30720223123841045,0,0
0,0.20052414169253843,0,0
0,0.7452710234699635,1,1
0,0.6366372314845644,1,0
1,0.8057705774413902,1,1
0,0.6314423848350833,1,0
0,0.33412239243949166,0,0
1,0.7365771329451779,1,1
0,0.6951462593003647,1,1
1,0.6269375872326419,1,0
0,0.6784219593147994,1,0
0,0.6469466231382288,1,0
0,0.6677537273564611,1,0
0,0.8022539224871239,1,1
0,0.6568852917766518,1,0
1,0.9094236187133908,1,1
0,0.4827197773956076,0,0
1,0.5980884691661332,1,0
0,0.5754903660503514,1,0
0,0.6386234580298343,1,0
1,0.4388361174052526,0,0
1,0.9417555804168077,1,1
0,0.31335310451228265,0,0
0,0.8506995186252139,1,1
0,0.21275014405815065,0,0
1,0.7629474304930374,1,1
0,0.3836327536323583,0,0
0,0.8867362740508326,1,1
1,0.7436180332133877,1,1
1,0.8511801024482462,1,1
1,0.34395193709798794,0,0
1,0.8784151215908873,1,1
1,0.9169844746451423,1,1
0,0.8410699940243029,1,1
0,0.46746663235838004,0,0
0,0.5785491513785112,1,0
0,0.6187444203809019,1,0
0,0.18775672900628737,0,0
1,0.6869661973723988,1,0
1,0.7000356155857821,1,1
0,0.5649534158194631,1,0
1,0.8217098830423266,1,1
0,0.21757249548430732,0,0
0,0.683722238569536,1,0
1,0.9263803560409086,1,1
1,0.21942727305222567,0,0
0,0.7040757281781121,1,1
0,0.7018825370727957,1,1
1,0.7695355486181915,1,1
0,0.7269154124933045,1,1
0,0.5729146458660879,1,0
0,0.4761852973457464,0,0
0,0.7701730582034153,1,1
0,0.9591151829764506,1,1
0,0.16363469142011236,0,0
0,0.191028455926029,0,0
1,0.6107739112824963,1,0
1,0.8207936967160363,1,1
1,0.8764040760162881,1,1
0,0.7288135721014247,1,1
0,0.8647182414900512,1,1
0,0.31358714351639877,0,0
0,0.3245769418284569,0,0
1,0.8803538627275593,1,1
0,0.49249992395414377,0,0
0,0.5029768457226869,1,0
1,0.8888641806971456,1,1
0,0.6272317761027226,1,0
1,0.7096616517846194,1,1
0,0.38459038208255036,0,0
0,0.8182459446378983,1,1
0,0.7525515600233911,1,1
0,0.9182907602034829,1,1
1,0.6384851200588055,1,0
0,0.24362345142690003,0,0
0,0.4873690936775508,0,0
0,0.7173357362957327,1,1
1,0.38290380351243825,0,0
0,0.7439603048285128,1,1
0,0.6532545793961254,1,0
0,0.8094036916964072,1,1
0,0.3120023817526455,0,0
0,0.7635880758954925,1,1
1,0.7527181705545694,1,1
0,0.5654289385407228,1,0
1,0.7327221687915246,1,1
1,0.9234258013943568,1,1
0,0.23102950231571195,0,0
0,0.6244612681205555,1,0
0,0.8959270755907732,1,1
0,0.5690900956864373,1,0
0,0.9337059513890367,1,1
0,0.6656763828856911,1,0
1,0.8829628285563331,1,1
0,0.28699988282044603,0,0
0,0.6282051722589469,1,0
0,0.7628053296376357,1,1
0,0.7414485517432701,1,1
0,0.2842879446932625,0,0
0,0.9223757181274627,1,1
1,0.5133962973746177,1,0
0,0.6940147240109844,1,1
0,0.28970360682587437,0,0
1,0.7843251790299636,1,1
1,0.7633191923151537,1,1
1,0.680747636393136,1,0
0,0.6948234596605105,1,1
0,0.40359877192903515,0,0
0,0.6806071769250741,1,0
1,0.836579911754623,1,1
0,0.801791273900268,1,1
0,0.8611577054112523,1,1
0,0.30184524508860267,0,0
0,0.37359103891819073,0,0
0,0.6092627631969031,1,0
1,0.9433047509828146,1,1
0,0.21309842114300862,0,0
1,0.5151912576215752,1,0
0,0.6687909792687651,1,0
0,0.653829225457615,1,0
0,0.5168122466938243,1,0
0,0.32493739128989796,0,0
0,0.7118550578323444,1,1
0,0.5120972909846722,1,0
0,0.31339976562544675,0,0
0,0.17142324465403372,0,0
1,0.9164753088619189,1,1
0,0.6983670204077488,1,1
0,0.6994691807431943,1,1
0,0.6397228602821677,1,0
0,0.7103769211638082,1,1
1,0.9073612537205175,1,1
0,0.609542502622,1,0
0,0.9276417750491847,1,1
1,0.9280705256279665,1,1
0,0.9195497775351361,1,1
0,0.45347730000134145,0,0
0,0.39780892147976826,0,0
0,0.5383487214750288,1,0
0,0.8568947110631634,1,1
0,0.8327065910293429,1,1
1,0.8992121831649041,1,1
1,0.9508878954365991,1,1
0,0.44209288582536616,0,0
1,0.2540485822261642,0,0
0,0.6231203967190767,1,0
0,0.2640913405623346,0,0
0,0.8506885542439544,1,1
0,0.8408472211992922,1,1
1,0.5754619212105383,1,0
0,0.1774582159913527,0,0
1,0.9165070181381958,1,1
0,0.3054828946754438,0,0
0,0.8443845913370488,1,1
1,0.4826629009074116,0,0
0,0.5358881923239213,1,0
0,0.5277803214083628,1,0
0,0.46679372891393567,0,0
0,0.2406636402896141,0,0
1,0.8809530483055144,1,1
0,0.8985852586959963,1,1
0,0.46292175229522897,0,0
0,0.7717562818060417,1,1
0,0.9477341278311767,1,1
1,0.8722138799667897,1,1
1,0.7381238987668357,1,1
0,0.928525667116094,1,1
1,0.8072747925119047,1,1
1,0.8867059800022786,1,1
0,0.393645978955958,0,0
0,0.30129115352991176,0,0
0,0.7146007505405054,1,1
0,0.31642128598786246,0,0
0,0.6257085788519092,1,0
1,0.2153031567360555,0,0
1,0.9016272466389639,1,1
1,0.5665424787286456,1,0
0,0.6122150562764287,1,0
0,0.579678918697747,1,0
1,0.2606565327655971,0,0
0,0.35046486128749793,0,0
0,0.9013583626542252,1,1
1,0.9466693992927409,1,1
1,0.9667533504121822,1,1
0,0.565575005886164,1,0
1,0.9476124642813527,1,1
1,0.7863273667365897,1,1
0,0.619087366001525,1,0
0,0.7245052537859697,1,1
0,0.6019755023222645,1,0
0,0.2726980064666109,0,0
0,0.6624548623489575,1,0
0,0.4045562559475025,0,0
0,0.2505189253084414,0,0
1,0.8237474180653444,1,1
0,0.6033974751742537,1,0
1,0.5958986285656785,1,0
0,0.4456571998735165,0,0
1,0.8319051543844512,1,1
1,0.5242248190057345,1,0
0,0.5940468906910019,1,0
1,0.4340962784645158,0,0
0,0.9291146448398773,1,1
0,0.5803429173724136,1,0
1,0.537688661149685,1,0
0,0.7433870789286866,1,1
0,0.5813925267314318,1,0
1,0.8808135764614258,1,1
1,0.5653399064929303,1,0
1,0.4156449586478217,0,0
0,0.19611427425572048,0,0
1,0.9488455963832036,1,1
0,0.422963501242963,0,0
0,0.6877914086778761,1,0
1,0.673132182796117,1,0
1,0.909745676393641,1,1
1,0.8530132251832024,1,1
0,0.9088181323390984,1,1
0,0.6408951617192142,1,0
0,0.18420915079982067,0,0
0,0.9243794406407726,1,1
1,0.9306521969333243,1,1
1,0.7966405925685341,1,1
1,0.3630279326939265,0,0
1,0.9564484129543676,1,1
1,0.45732406736931913,0,0
1,0.870244757239438,1,1
1,0.9537579124079275,1,1
1,0.8036834342194059,1,1
1,0.7143562903925819,1,1
0,0.41293326873211766,0,0
0,0.4048162629972233,0,0
0,0.43424290524240206,0,0
1,0.8734334630181669,1,1
0,0.45567070151735517,0,0
0,0.1682717387749022,0,0
0,0.9034071367384886,1,1
1,0.8328717476430506,1,1
0,0.9194647661014146,1,1
1,0.7928126112035707,1,1
0,0.6027754960650231,1,0
0,0.5013653695754073,1,0
0,0.5917972190196362,1,0
1,0.7654920376846495,1,1
0,0.28817286084992166,0,0
0,0.5432156795504963,1,0
1,0.8636027525934522,1,1
1,0.8599711261539682,1,1
0,0.4409952207216923,0,0
1,0.6641913176601236,1,0
0,0.3854111137853983,0,0
0,0.22227778844875595,0,0
1,0.9538981910292661,1,1
0,0.12627403067542442,0,0
0,0.33713429149975477,0,0
0,0.2550313060096478,0,0
0,0.41578374151188136,0,0
1,0.9354542889132842,1,1
0,0.6180998913570389,1,0
1,0.22677768700553244,0,0
1,0.1897432104316609,0,0
0,0.3207547930199726,0,0
0,0.4874706434941473,0,0
1,0.9515247038763487,1,1
0,0.4638564673005256,0,0
0,0.39326466920215725,0,0
0,0.24599283030756658,0,0
1,0.8146302556425393,1,1
0,0.21771741206168818,0,0
0,0.40503526742251644,0,0
1,0.6052380486006144,1,0
1,0.8680400128721855,1,1
1,0.8171610321795925,1,1
1,0.5431138241944691,1,0
1,0.8166100195580206,1,1
1,0.9565612398057171,1,1
0,0.5770343289179695,1,0
1,0.5835611047268119,1,0
1,0.7084264183760969,1,1
1,0.8176135564158606,1,1
0,0.14419328066440174,0,0
0,0.35790565162464155,0,0
0,0.27912658054108974,0,0
0,0.1885636538238526,0,0
1,0.8264162943217226,1,1
1,0.9232720223188443,1,1
0,0.7581169301834645,1,1
0,0.9061362982268589,1,1
1,0.8652238977305845,1,1
0,0.3086719813633928,0,0
0,0.9393021927507129,1,1
0,0.81008700051861,1,1
0,0.3399750401140341,0,0
0,0.5466945944668015,1,0
0,0.6358314640726398,1,0
0,0.3138260831166015,0,0
0,0.9176028411680878,1,1
0,0.15814316870475054,0,0
0,0.5003053619519103,1,0
1,0.6803435707277977,1,0
1,0.9521600152726204,1,1
0,0.27250406755692597,0,0
0,0.6270505823132868,1,0
0,0.7907335279655108,1,1
1,0.545306583234698,1,0
1,0.7137680147476845,1,1
1,0.6040087527810442,1,0
1,0.9822682843392868,1,1
0,0.5381045207650239,1,0
0,0.3635884011630209,0,0
0,0.20711857619655277,0,0
1,0.7748802159946462,1,1
0,0.7526388861329795,1,1
0,0.4566796534278923,0,0
0,0.5144924252350327,1,0
1,0.8159313472531985,1,1
0,0.6972510174288113,1,1
0,0.1962134712933814,0,0
0,0.8590785024541943,1,1
1,0.8785805571404557,1,1
1,0.7133146514889636,1,1
1,0.6971233516098364,1,1
1,0.9751729086744755,1,1
0,0.21562595747648364,0,0
1,0.5343922851780165,1,0
0,0.6514381057858302,1,0
0,0.453981308622535,0,0
1,0.9225774448125811,1,1
1,0.5286093409326179,1,0
0,0.22340424104335888,0,0
1,0.17208985422170345,0,0
1,0.9275462297673271,1,1
1,0.9483360324393774,1,1
0,0.9173934629534629,1,1
0,0.4752524817171937,0,0
0,0.6433800835863752,1,0
0,0.5402202636533135,1,0
0,0.2664140221498358,0,0
0,0.5335701923111471,1,0
0,0.7330711011565285,1,1
1,0.8292391570522282,1,1
0,0.7990446714183441,1,1
1,0.6316903524078024,1,0
1,0.6894537422581339,1,0
0,0.5312360005629629,1,0
0,0.232223355191056,0,0
0,0.350743179898198,0,0
0,0.7407976022375483,1,1
0,0.19716011991090437,0,0
0,0.5817835428179369,1,0
1,0.7537856825459834,1,1
1,0.5235989402185456,1,0
1,0.8579623251427438,1,1
0,0.6110988110264975,1,0
0,0.5116041429740686,1,0
0,0.17002328479834392,0,0
1,0.944162867742611,1,1
0,0.1920288321710108,0,0
0,0.46637195435245293,0,0
0,0.6105023027976927,1,0
0,0.2061160671798532,0,0
0,0.9095245434845978,1,1
0,0.1581616353315143,0,0
1,0.7287883281251164,1,1
0,0.9179525087223936,1,1
1,0.4425504000028004,0,0
0,0.39155761416329826,0,0
0,0.8347726317524843,1,1
0,0.6060833098394548,1,0
0,0.17077615752069344,0,0
0,0.2011076073032838,0,0
0,0.5297874877206995,1,0
1,0.8157078051741393,1,1
1,0.9207696750587603,1,1
1,0.4078862052237,0,0
1,0.9278877124852664,1,1
0,0.4682445131679605,0,0
0,0.19571270050589937,0,0
0,0.7534493612878436,1,1
0,0.5039736744930355,1,0
0,0.6449866384983761,1,0
1,0.6827185897500063,1,0
1,0.9071219429956244,1,1
0,0.23443669586320504,0,0
0,0.3356610058085751,0,0
0,0.5249303263013565,1,0
1,0.8061142864246239,1,1
0,0.5221957832118308,1,0
0,0.44346175973706947,0,0
1,0.9139655215884402,1,1
1,0.9394049930516403,1,1
1,0.5517560963759285,1,0
1,0.9072246462011064,1,1
0,0.24294088567623245,0,0
0,0.4519163855825847,0,0
1,0.8767482734466477,1,1
1,0.7598196432103642,1,1
0,0.5454753655721558,1,0
1,0.9442906564827264,1,1
0,0.20681782052392295,0,0
0,0.7774255315467247,1,1
0,0.24740352091525464,0,0
1,0.7812800068845116,1,1
0,0.35113994395580084,0,0
1,0.8396626120947063,1,1
1,0.28524145372533277,0,0
1,0.8327282907054113,1,1
1,0.6047497204845598,1,0
1,0.775934813895393,1,1
1,0.4440652320958038,0,0
1,0.8222352719612048,1,1
1,0.6655826274304566,1,0
1,0.9091030289731223,1,1
0,0.6460936141834985,1,0
0,0.6625891643286664,1,0
0,0.6486678909972148,1,0
1,0.947047176012172,1,1
1,0.6468104195720399,1,0
1,0.5906297435739191,1,0
0,0.42426052160850997,0,0
1,0.7963067147924443,1,1
0,0.7396184371469007,1,1
0,0.6248747874878876,1,0
1,0.8476435491194005,1,1
0,0.7356445397592357,1,1
0,0.43390089774034535,0,0
0,0.18084723284834636,0,0
1,0.6991088755416874,1,1
1,0.9241810528376563,1,1
0,0.3750928850673016,0,0
0,0.2397873981055506,0,0
0,0.6663000764930428,1,0
0,0.3965584893864117,0,0
0,0.3815041646060256,0,0
0,0.831220751198725,1,1
1,0.5212032009187365,1,0
1,0.8658017269097176,1,1
0,0.2301561119381193,0,0
0,0.5061413253973752,1,0
1,0.8036798311186113,1,1
0,0.5724730175768408,1,0
1,0.9513749469547157,1,1
1,0.9273146524896789,1,1
1,0.878872585377995,1,1
0,0.41040764092839715,0,0
0,0.7477633927944273,1,1
0,0.7816060506519898,1,1
1,0.3845812469006399,0,0
0,0.8729874976042311,1,1
1,0.3362189794363044,0,0
1,0.5822304263421088,1,0
0,0.6997401811987499,1,1
1,0.3990927556717488,0,0
0,0.8927220536195043,1,1
0,0.8356136320094456,1,1
0,0.5256490036477223,1,0
1,0.9419551465776445,1,1
0,0.91883286760921,1,1
1,0.6612552606752675,1,0
0,0.3162267676436476,0,0
0,0.5813964022176318,1,0
0,0.2200583048819299,0,0
0,0.6943418011295353,1,1
1,0.8918398133322565,1,1
1,0.5292428601333343,1,0
0,0.9216283087871338,1,1
0,0.5185140008664147,1,0
0,0.8503519859021631,1,1
0,0.27364509293206407,0,0
0,0.5038841352226439,1,0
0,0.45361182310850734,0,0
0,0.31167479402349996,0,0
1,0.7641941853519932,1,1
1,0.767080096955698,1,1
1,0.6301973648494242,1,0
0,0.6506511019878244,1,0
0,0.39017972006552887,0,0
1,0.7953802203790559,1,1
0,0.18591831097900993,0,0
1,0.8683911566683052,1,1
0,0.7612082620111479,1,1
0,0.6802837791532271,1,0
1,0.796725394203991,1,1
0,0.12966526491240893,0,0
1,0.9048864752381874,1,1
0,0.18328639680356038,0,0
1,0.6512337854499282,1,0
0,0.909787286727509,1,1
0,0.21700267011576693,0,0
1,0.8566304586179814,1,1
0,0.0876541116302371,0,0
0,0.7770475218751797,1,1
0,0.8508415012299353,1,1
0,0.3494050125390378,0,0
0,0.26686623468431575,0,0
0,0.6715817701334971,1,0
0,0.6843659859410729,1,0
1,0.8829973783974929,1,1
1,0.5535947429774989,1,0
0,0.4719872042659853,0,0
1,0.7826580766992175,1,1
0,0.664269647968012,1,0
0,0.5225376677193441,1,0
0,0.3371917016119416,0,0
0,0.6114670535524613,1,0
1,0.6706902938857928,1,0
0,0.21108939342125824,0,0
1,0.7627771968421287,1,1
1,0.9002311545130328,1,1
0,0.19405887956691567,0,0
1,0.7767276405142609,1,1
0,0.37567924117236495,0,0
0,0.5431821769578102,1,0
0,0.7077806979299599,1,1
1,0.8420141765808326,1,1
0,0.5634057412383968,1,0
0,0.13271405639672024,0,0
1,0.9096974294026682,1,1
0,0.5527021439965212,1,0
1,0.7789330054640857,1,1
0,0.7813812505138146,1,1
1,0.25598517575874097,0,0
0,0.86609693737651,1,1
0,0.641614602452353,1,0
1,0.7826415626112577,1,1
0,0.6807720277601337,1,0
0,0.3572554895210243,0,0
0,0.2529269754081248,0,0
0,0.40838367442910617,0,0
0,0.6664571480303666,1,0
0,0.9120995411097831,1,1
0,0.30445382456031245,0,0
0,0.2173389369905112,0,0
0,0.22680898334300278,0,0
0,0.5066322447159429,1,0
1,0.9386072714168501,1,1
1,0.5085062566695658,1,0
1,0.17693776322564692,0,0
0,0.22699731709244178,0,0
0,0.6230768672162257,1,0
1,0.6199705904679071,1,0
0,0.6720216410087692,1,0
0,0.69463784807018,1,1
0,0.2837452031234614,0,0
0,0.5622017785977268,1,0
0,0.8951232852171382,1,1
0,0.5845840036936099,1,0
1,0.9408488529075584,1,1
0,0.7339133338311173,1,1
0,0.17004789508623605,0,0
1,0.741802439073655,1,1
1,0.8959658096010786,1,1
0,0.18803352056006042,0,0
0,0.5396517072768786,1,0
0,0.6948611010765301,1,1
0,0.6977154429456547,1,1
1,0.5846440652657962,1,0
0,0.6208671197869496,1,0
0,0.36867416124200886,0,0
1,0.901455694818611,1,1
1,0.7046006019887171,1,1
0,0.5187927815141218,1,0
1,0.7846559644212376,1,1
0,0.6750296737214215,1,0
0,0.2841735230357542,0,0
1,0.9484181157660119,1,1
0,0.8339047199841889,1,1
0,0.23072267025333276,0,0
0,0.7804542943577579,1,1
0,0.43255254880799426,0,0
0,0.39015397797330353,0,0
0,0.2938540280340702,0,0
0,0.4168224932305337,0,0
0,0.7647807759708675,1,1
1,0.8419458154347772,1,1
0,0.5089641492203885,1,0
0,0.7436706028429104,1,1
1,0.8568719903108891,1,1
0,0.8394812875383629,1,1
1,0.484323265601355,0,0
0,0.11066333941398883,0,0
0,0.17211293556630025,0,0
0,0.399704034062015,0,0
0,0.3750412685339296,0,0
0,0.7579700978978875,1,1
1,0.7051259273199547,1,1
1,0.8730176770194191,1,1
0,0.24526422848716087,0,0
1,0.9058823417633369,1,1
0,0.7903459848732309,1,1
0,0.3852604205952084,0,0
0,0.7417082469595078,1,1
1,0.8308844658183178,1,1
0,0.5927220889017873,1,0
0,0.8681296310480646,1,1
1,0.7622955459541468,1,1
0,0.3266117647552728,0,0
1,0.6691979126531008,1,0
1,0.674503278346624,1,0
0,0.4951104474969672,0,0
0,0.8550422985061694,1,1
0,0.3299043484534713,0,0
1,0.7498059183531202,1,1
1,0.851048009690582,1,1
0,0.5820557243123752,1,0
0,0.17301780188675356,0,0
0,0.14298261549960709,0,0
1,0.7405380590659543,1,1
1,0.7658766924872019,1,1
0,0.8175193274228356,1,1
1,0.8743574775919596,1,1
0,0.832512493105669,1,1
1,0.7782409778155437,1,1
0,0.5098380358544958,1,0
0,0.6761985239061233,1,0
1,0.8991260315986473,1,1
0,0.7798605840189007,1,1
0,0.26571245539319693,0,0
0,0.48173598803605755,0,0
0,0.2403128130780494,0,0
1,0.6937843537715915,1,1
1,0.7663110503456685,1,1
0,0.8275492378846854,1,1
0,0.46939022296060373,0,0
0,0.7211159353759928,1,1
0,0.2024519736132063,0,0
1,0.8738059968190911,1,1
1,0.5890097871397802,1,0
0,0.8516506706786326,1,1
0,0.3402482054146773,0,0
1,0.5352404295374903,1,0
1,0.8885281022047253,1,1
0,0.5530586144659176,1,0
0,0.5038097317511985,1,0
0,0.626598429412928,1,0
0,0.8783087202410994,1,1
1,0.8127362951975099,1,1
1,0.8722808395044971,1,1
1,0.7016945914511861,1,1
0,0.7963977560360025,1,1
0,0.3498435912953563,0,0
1,0.8998430213162274,1,1
0,0.8344427625074281,1,1
1,0.4004200068505627,0,0
0,0.5692741780009636,1,0
0,0.8821715209011328,1,1
1,0.9094314714560384,1,1
0,0.2423943692964547,0,0
0,0.5122080746577093,1,0
0,0.22487627786845182,0,0
0,0.23163184713330115,0,0
0,0.557978371172305,1,0
0,0.1508735667381671,0,0
1,0.7215448403409657,1,1
0,0.29272966531079236,0,0
1,0.9515333487966278,1,1
0,0.37249785159472915,0,0
1,0.8379966893621852,1,1
0,0.7873368823610409,1,1
0,0.16578977256548394,0,0
1,0.8576399168274585,1,1
0,0.5461469743432812,1,0
0,0.4833470917817929,0,0
1,0.7763966335938415,1,1
1,0.9171892808775749,1,1
0,0.6593875015877131,1,0
1,0.9077217262143805,1,1
1,0.6156493389327679,1,0
0,0.5783832685163698,1,0
0,0.3468825103344901,0,0
1,0.8619015978730945,1,1
1,0.8906636106967116,1,1
0,0.5182422318864445,1,0
0,0.7696185170412758,1,1
0,0.9160880542071783,1,1
1,0.3213577285018309,0,0
0,0.5984544213635095,1,0
0,0.6970852506747324,1,1
1,0.42383213363808325,0,0
0,0.18253827763101263,0,0
1,0.6492725631432101,1,0
0,0.2719047237869214,0,0
0,0.5846082547085841,1,0
1,0.9096318090131156,1,1
1,0.8358793207109212,1,1
1,0.6429846947370976,1,0
1,0.6422360477800203,1,0
1,0.647824337472991,1,0
0,0.7291718922958236,1,1
0,0.8496810078493008,1,1
0,0.7253882043122909,1,1
0,0.9154918008403619,1,1
0,0.4507181623862915,0,0
0,0.32675893060907535,0,0
0,0.8409979390595397,1,1
1,0.877839609094577,1,1
0,0.3126627029569363,0,0
0,0.2751479949608283,0,0
1,0.8554692356002609,1,1
0,0.39100505524113066,0,0
0,0.2665388607254273,0,0
0,0.7668612294341118,1,1
0,0.28346619873733936,0,0
0,0.6268787926416507,1,0
0,0.6048801318228589,1,0
0,0.5713831103335267,1,0
0,0.5968434360317342,1,0
0,0.8346020182679746,1,1
0,0.490564338768406,0,0
0,0.8773710651145837,1,1
0,0.28134238813487517,0,0
0,0.16236671191137161,0,0
0,0.5326696166366535,1,0
1,0.8778019953661585,1,1
0,0.8060533905036475,1,1
0,0.21713682977707535,0,0
1,0.2557397103860497,0,0
0,0.7908421949235286,1,1
1,0.8975259584304638,1,1
0,0.39600249178920777,0,0
0,0.7448945126796981,1,1
1,0.7298439503699662,1,1
1,0.627371271157498,1,0
0,0.5611156889024778,1,0
0,0.6798579673280113,1,0
0,0.5122863570934008,1,0
1,0.778694001458624,1,1
1,0.7865831395372986,1,1
1,0.6332758870876016,1,0
0,0.31029486315284593,0,0
0,0.5383134706827087,1,0
0,0.6476020242542682,1,0
1,0.9011660865370211,1,1
0,0.3714115352598405,0,0
0,0.6976957493945127,1,1
0,0.6319861531154057,1,0
0,0.22381211053210595,0,0
0,0.920225443248888,1,1
0,0.45466327938048595,0,0
0,0.3885507851708042,0,0
0,0.599863750775383,1,0
1,0.9008692540482641,1,1
0,0.8146872168438357,1,1
1,0.6078513962824936,1,0
1,0.9384303359942626,1,1
0,0.7729280631525745,1,1
0,0.15329474355527803,0,0
0,0.6389474823372239,1,0
0,0.5724165507692389,1,0
1,0.6791170406801902,1,0
0,0.709358987980597,1,1
0,0.819132051774633,1,1
0,0.6950029453278526,1,1
0,0.256694400888867,0,0
1,0.807816095761841,1,1
0,0.19149588979957122,0,0
0,0.4651427622105547,0,0
1,0.7372804537761184,1,1
1,0.2541860635119302,0,0
0,0.44757964892590874,0,0
0,0.3284263956007202,0,0
0,0.8479693320724199,1,1
1,0.6842904481094568,1,0
0,0.927723307556449,1,1
1,0.7373603689836096,1,1
1,0.7453067718248667,1,1
0,0.3966909638749179,0,0
0,0.6503717965778868,1,0
0,0.8952307836219157,1,1
1,0.7748425912786882,1,1
0,0.4301074738964986,0,0
0,0.32437137789252646,0,0
1,0.7523726759853057,1,1
1,0.9104400776947058,1,1
0,0.5849739081792154,1,0
0,0.4444234167947986,0,0
0,0.6710268337971416,1,0
0,0.8188090854834672,1,1
0,0.2560867576314459,0,0
1,0.8997520156127555,1,1
0,0.2787599535289981,0,0
1,0.6392316069282317,1,0
0,0.20405246744793903,0,0
0,0.3507535981057384,0,0
0,0.30379416575305734,0,0
0,0.6431857138433994,1,0
0,0.9436976058604026,1,1
1,0.8650762066419653,1,1
0,0.4704939497712621,0,0
0,0.8819350396195272,1,1
0,0.7565479232302017,1,1
1,0.9008683816288502,1,1
0,0.599056517796331,1,0
0,0.5521598173686385,1,0
0,0.7132303318910517,1,1
0,0.6720203517510143,1,0
1,0.6449133469709438,1,0
0,0.8166406731976693,1,1
1,0.9075995357986335,1,1
1,0.8045675868373727,1,1
0,0.7850836212660081,1,1
1,0.7006074266956512,1,1
0,0.4089985894330361,0,0
1,0.9233322606035685,1,1
0,0.4843315643568682,0,0
0,0.6987275828600323,1,1
1,0.9121577983781934,1,1
0,0.5744785171372746,1,0
0,0.29594217902791986,0,0
1,0.7461465417580769,1,1
0,0.8038808325746624,1,1
0,0.32607020998239217,0,0
0,0.2300224660102463,0,0
1,0.7017567637186829,1,1
0,0.31518340488024493,0,0
0,0.5069919500501333,1,0
1,0.7135974430663035,1,1
0,0.8832371351671718,1,1
0,0.5166179406827266,1,0
0,0.4081994092725636,0,0
1,0.7756828275791515,1,1
0,0.798771315401078,1,1
0,0.6314541648433581,1,0
0,0.934690410808049,1,1
0,0.31741809398235554,0,0
1,0.8057719921804789,1,1
0,0.5804082878392112,1,0
0,0.2821200209003773,0,0
1,0.7035940670532048,1,1
0,0.15008305427300667,0,0
0,0.6497244984636923,1,0
0,0.4643054690307049,0,0
1,0.9374834155410532,1,1
0,0.47841995727960385,0,0
0,0.29492800870771047,0,0
0,0.5616142846928703,1,0
0,0.648941432355391,1,0
1,0.9138995770470895,1,1
0,0.3545929213111821,0,0
0,0.565368754346371,1,0
1,0.8553752450446017,1,1
1,0.7823029502496665,1,1
0,0.6688641615202832,1,0
0,0.6447381315782896,1,0
1,0.6181708046500553,1,0
0,0.624424964687947,1,0
1,0.8620356083630911,1,1
1,0.9478699620283805,1,1
0,0.8491447474297409,1,1
0,0.08273764959911475,0,0
1,0.8623124723703741,1,1
1,0.4809987318233612,0,0
0,0.404551365011945,0,0
1,0.5420018205889697,1,0
0,0.3350926348916294,0,0
0,0.5060278817961412,1,0
0,0.6162334815163197,1,0
1,0.8457055543620576,1,1
0,0.41732272351551236,0,0
0,0.8496375021389074,1,1
0,0.7057693367195301,1,1
0,0.4644761110728917,0,0
1,0.6853887218014765,1,0
1,0.923961331979155,1,1
1,0.9390872339267468,1,1
0,0.39577631336444663,0,0
0,0.329531495965351,0,0
0,0.9051431171787793,1,1
0,0.569517277198029,1,0
0,0.5514646370685804,1,0
1,0.6371670953933571,1,0
1,0.7231055141511552,1,1
0,0.5167084784176269,1,0
0,0.2381756941267251,0,0
0,0.12058598404517919,0,0
0,0.5259797862639135,1,0
1,0.8575207971049497,1,1
0,0.30958880011955997,0,0
0,0.3524198686055875,0,0
0,0.643878247312276,1,0
1,0.9450319482371066,1,1
0,0.5191541661611059,1,0
1,0.6520837115366102,1,0
0,0.6810752145156441,1,0
0,0.15039974410387283,0,0
0,0.6491979541070014,1,0
1,0.8877128851826694,1,1
1,0.8448153823720151,1,1
1,0.7274156648070382,1,1
0,0.884119225490321,1,1
1,0.7662160971977033,1,1
1,0.8519428330895096,1,1
0,0.4113734575251517,0,0
0,0.3300876791740379,0,0
0,0.743760905000949,1,1
0,0.39699490097939405,0,0
1,0.7823931192809896,1,1
0,0.46069816123033863,0,0
0,0.3683352436070841,0,0
0,0.9402822094384616,1,1
0,0.33941845338566623,0,0
0,0.18024170432410566,0,0
1,0.5445339699449833,1,0
1,0.9535546428557702,1,1
1,0.8590298581721467,1,1
0,0.18391124421956603,0,0
0,0.842869857037057,1,1
0,0.945273740870177,1,1
1,0.8013861293133497,1,1
1,0.940601260242734,1,1
1,0.8225706190050006,1,1
0,0.48442804255203753,0,0
0,0.506424505058412,1,0
0,0.4328294872206489,0,0
0,0.9244918653659273,1,1
0,0.4537450059208653,0,0
1,0.9253049368184042,1,1
1,0.9485222877985168,1,1
1,0.8974383954943392,1,1
0,0.4645545304975249,0,0
0,0.3084836584268284,0,0
0,0.9344404339386919,1,1
1,0.6593730048229052,1,0
0,0.6958517735312026,1,1
0,0.21747349280092454,0,0
1,0.8884286383245263,1,1
1,0.9080133870179322,1,1
0,0.7787510198241772,1,1
1,0.7979694876653743,1,1
0,0.4639895287524454,0,0
0,0.16401917992546322,0,0
0,0.6944466373269902,1,1
0,0.8606057804418611,1,1
0,0.22305492496188126,0,0
1,0.6089231694266233,1,0
0,0.6507241808932969,1,0
1,0.5603152844050914,1,0
0,0.7071433004475923,1,1
0,0.4361219437272948,0,0
0,0.8820608936515306,1,1
1,0.37854056236224776,0,0
0,0.5377780038553608,1,0
0,0.511580782408991,1,0
0,0.7505228703282338,1,1
1,0.6401294738668757,1,0
1,0.3823792396764439,0,0
0,0.8074958110803818,1,1
0,0.7112940523130178,1,1
1,0.1851569108475696,0,0
1,0.84208775053507,1,1
0,0.1971598962182706,0,0
0,0.453306855311901,0,0
1,0.9353628540166317,1,1
0,0.3747715295048944,0,0
0,0.4866332675362704,0,0
0,0.7643312593173729,1,1
0,0.5824242017830406,1,0
1,0.6781603789489842,1,0
0,0.7876135635272213,1,1
0,0.7340545729959761,1,1
0,0.943668530294329,1,1
0,0.2216068883978408,0,0
0,0.5444809724591015,1,0
1,0.7178182969421385,1,1
0,0.29698004971570224,0,0
1,0.7730973940509208,1,1
0,0.5131166825353063,1,0
1,0.7012986726461647,1,1
0,0.5355666758086471,1,0
0,0.3887596423568528,0,0
1,0.8434976873249868,1,1
1,0.9198774845666693,1,1
1,0.8598627401783533,1,1
0,0.40818851744584284,0,0
0,0.5177360565816678,1,0
0,0.7399697219530205,1,1
0,0.8688366435534015,1,1
1,0.8203975998012002,1,1
1,0.3798953311981379,0,0
1,0.5945154423864403,1,0
0,0.33279898581509315,0,0
0,0.3311390509472469,0,0
0,0.4779953998585669,0,0
0,0.44029764168015806,0,0
1,0.9210715169832654,1,1
1,0.8210688804325846,1,1
0,0.40838540243270316,0,0
0,0.37054618333614436,0,0
1,0.9460459818935769,1,1
0,0.8737699198444153,1,1
1,0.6290014045746056,1,0
0,0.18016660491090716,0,0
0,0.4233315608661755,0,0
0,0.44457611029201083,0,0
0,0.32573975354254503,0,0
0,0.5543627190371997,1,0
1,0.9226446950221543,1,1
0,0.291251445855521,0,0
0,0.2986935636273837,0,0
0,0.6026266137750441,1,0
0,0.9061485171501783,1,1
0,0.8711722981710591,1,1
0,0.847572580549166,1,1
1,0.8291807792135173,1,1
0,0.6308499212590452,1,0
0,0.32594893501729766,0,0
0,0.8519387277928651,1,1
1,0.6229515621975177,1,0
0,0.5188176825322807,1,0
1,0.8540126213641304,1,1
1,0.7281391813218093,1,1
1,0.857710650035655,1,1
0,0.8656147312710764,1,1
1,0.9116970334923163,1,1
0,0.7431081773659237,1,1
0,0.3000761658953403,0,0
0,0.5267426368390522,1,0
1,0.7092693908388219,1,1
1,0.8025249616217025,1,1
0,0.7601271054068676,1,1
0,0.6671752819605056,1,0
1,0.8656592913846564,1,1
1,0.6680988573687585,1,0
1,0.5983220404963321,1,0
1,0.901399279480938,1,1
1,0.5589520932264936,1,0
0,0.38995751872365403,0,0
1,0.8794447021275459,1,1
0,0.6988786086655498,1,1
0,0.5721262696017206,1,0
0,0.44835170201172936,0,0
0,0.3218466996965257,0,0
0,0.4737799645630815,0,0
0,0.5590112576842708,1,0
1,0.8259973697833989,1,1
1,0.8741551555223493,1,1
0,0.5703251955587222,1,0
1,0.7989253832462353,1,1
1,0.5436747772336634,1,0
1,0.740482675806948,1,1
0,0.3647827207570276,0,0
0,0.24983192395863787,0,0
0,0.518307840643701,1,0
0,0.5297491190233643,1,0
0,0.4199428327208629,0,0
0,0.6685683874718238,1,0
0,0.6031235643133792,1,0
0,0.7183562041204504,1,1
0,0.7353831438494816,1,1
1,0.8198598653841247,1,1
0,0.6848689074376862,1,0
0,0.16629335509241475,0,0
0,0.6056239603765655,1,0
1,0.806828942462942,1,1
1,0.7534512834184272,1,1
0,0.6837021413377314,1,0
0,0.18927679512544665,0,0
0,0.7975093722261452,1,1
0,0.46257376385979637,0,0
1,0.8520259583469265,1,1
0,0.21815709445140308,0,0
0,0.3062920419029293,0,0
0,0.8455501124534117,1,1
0,0.8472800561050037,1,1
1,0.8395723159620605,1,1
1,0.7540792336870159,1,1
1,0.9197634716016191,1,1
1,0.9481594715970371,1,1
1,0.6039766334155051,1,0
0,0.1809885617825858,0,0
1,0.5556313147169255,1,0
1,0.9092792503686201,1,1
0,0.6988102928495699,1,1
0,0.3297041326607919,0,0
0,0.2938540280340702,0,0
1,0.5221575282113597,1,0
0,0.31686159742781894,0,0
0,0.40110592026332653,0,0
0,0.7972047880586695,1,1
0,0.7509549886323634,1,1
1,0.7701491177501577,1,1
1,0.4815678064630566,0,0
0,0.2986946093952901,0,0
1,0.2240978445657774,0,0
0,0.5812929502890106,1,0
0,0.2905430676440548,0,0
0,0.39121168244341975,0,0
0,0.6288147253622622,1,0
1,0.8887814697411878,1,1
1,0.8568988451356716,1,1
1,0.9528326327697745,1,1
0,0.8473824055289636,1,1
0,0.4149287605061499,0,0
1,0.7480841874550468,1,1
0,0.16792423267008855,0,0
1,0.885870425741714,1,1
0,0.24321356327526378,0,0
0,0.32238147914728255,0,0
0,0.453618588106631,0,0
1,0.8344491471630865,1,1
0,0.6083099856801998,1,0
0,0.09063401361146818,0,0
0,0.5287683763491154,1,0
0,0.7923362649824348,1,1
0,0.7664675395739907,1,1
0,0.43404568639373997,0,0
1,0.9012890791003194,1,1
0,0.8151696222410971,1,1
1,0.7447918854428077,1,1
0,0.2770859350426614,0,0
1,0.9497028932108307,1,1
1,0.6813200201626214,1,0
0,0.45994509879947565,0,0
0,0.6740502700053546,1,0
0,0.4316918329580839,0,0
1,0.8162540979557531,1,1
1,0.972793955452763,1,1
0,0.7463887411775785,1,1
0,0.8633688239226185,1,1
0,0.766621442388462,1,1
1,0.2355228722349965,0,0
0,0.26927423173018494,0,0
0,0.3275461062795382,0,0
0,0.7392577113973191,1,1
1,0.903520677994974,1,1
1,0.8593427319603916,1,1
0,0.40173444473357955,0,0
0,0.5455499462844802,1,0
1,0.867716888505881,1,1
0,0.7255689066412572,1,1
1,0.905288065861474,1,1
0,0.6861665455586772,1,0
0,0.45592206034641236,0,0
0,0.21264669250195195,0,0
1,0.9031249244691875,1,1
0,0.6585495478063852,1,0
0,0.8991496973546349,1,1
0,0.7874030877653474,1,1
0,0.37813522661542026,0,0
0,0.6773733261468827,1,0
0,0.5250325854338217,1,0
1,0.7714708714745481,1,1
0,0.30330687281476054,0,0
0,0.6452840150439789,1,0
0,0.809173522556077,1,1
0,0.4144265864018421,0,0
0,0.7348694804306627,1,1
1,0.7959325775836504,1,1
0,0.6937904304526009,1,1
0,0.5334421511680242,1,0
1,0.8918937015179326,1,1
0,0.48039273878901123,0,0
0,0.7842794967109823,1,1
1,0.5167735870709897,1,0
1,0.8979965734878561,1,1
1,0.9107688013560468,1,1
1,0.8025881426791898,1,1
1,0.21265437483796037,0,0
0,0.6505512451504161,1,0
1,0.45662494966552547,0,0
1,0.8737898782504891,1,1
1,0.7987647833329109,1,1
0,0.4049422800019665,0,0
0,0.5552823530934486,1,0
0,0.9002407012511447,1,1
0,0.45815472258457124,0,0
0,0.39897003089695815,0,0
1,0.645921071939987,1,0
0,0.7940907011935198,1,1
1,0.34043253615108926,0,0
1,0.7234101861823914,1,1
1,0.7719230611967541,1,1
1,0.7981509245283743,1,1
0,0.8703143264927787,1,1
0,0.46209791320378685,0,0
1,0.918727446693165,1,1
0,0.10907954516091942,0,0
0,0.6358671137487178,1,0
1,0.46577386237643703,0,0
0,0.46070993022837164,0,0
0,0.9121594268894122,1,1
0,0.7433744445295656,1,1
1,0.16564511140412858,0,0
0,0.3951283331218162,0,0
0,0.573869349068242,1,0
1,0.5896986765444914,1,0
0,0.6634731746421272,1,0
0,0.3246639625537941,0,0
1,0.5171158886123427,1,0
1,0.45748987681201453,0,0
0,0.7487795735779488,1,1
0,0.5128982122852691,1,0
0,0.7454821744308352,1,1
0,0.5667740508218727,1,0
0,0.7850930734000192,1,1
0,0.84712489051189,1,1
1,0.9307381501007269,1,1
0,0.5388314526351006,1,0
0,0.6779419884415118,1,0
0,0.854430212547785,1,1
1,0.8961581405467538,1,1
1,0.9350226518791548,1,1
0,0.7330162954779672,1,1
0,0.9302153272261552,1,1
0,0.7697850784530895,1,1
1,0.6373889559774655,1,0
0,0.40901731630701893,0,0
1,0.6484579104445481,1,0
0,0.6979461537862944,1,1
0,0.5343065569573789,1,0
0,0.2832318408515399,0,0
0,0.1979871834446589,0,0
0,0.4489423372741402,0,0
0,0.6503260931489758,1,0
0,0.4892175862400108,0,0
0,0.6011809930578338,1,0
0,0.6962357621821692,1,1
0,0.6409771427416702,1,0
0,0.7785566155276714,1,1
0,0.2398671333141513,0,0
1,0.9076264365364107,1,1
0,0.5023678214010684,1,0
0,0.7386217413609651,1,1
0,0.4599056894650106,0,0
1,0.27468135006022376,0,0
0,0.9215910609871125,1,1
0,0.1311283571369185,0,0
1,0.889537975495576,1,1
1,0.8846240678376386,1,1
1,0.8747584108392729,1,1
0,0.469323580193753,0,0
0,0.9177104180566612,1,1
0,0.1859136565251398,0,0
0,0.364878728210958,0,0
0,0.6822094417739626,1,0
0,0.8620710449480176,1,1
0,0.7257707968210557,1,1
0,0.29771624425990895,0,0
1,0.8501947255201184,1,1
0,0.7909929250725274,1,1
0,0.6100345309250327,1,0
0,0.557274704050126,1,0
0,0.1806275069153377,0,0
0,0.2999607310889942,0,0
0,0.2594337849661475,0,0
1,0.8087892379677452,1,1
1,0.9409857795581326,1,1
0,0.12964866694704125,0,0
0,0.41149347073036907,0,0
0,0.6449913963130104,1,0
1,0.8161409966895062,1,1
0,0.8099746641065879,1,1
0,0.7455443398317076,1,1
0,0.3385865728687611,0,0
1,0.8977121367550406,1,1
1,0.43461948983293314,0,0
0,0.3074707397789583,0,0
1,0.9300137293559353,1,1
1,0.595430291131858,1,0
0,0.5427907900511687,1,0
0,0.8880324536665095,1,1
0,0.5583764908588174,1,0
1,0.7617783142995971,1,1
0,0.8125450753864879,1,1
1,0.765855237523568,1,1
1,0.7053582321175524,1,1
0,0.3431402622784414,0,0
1,0.9262252434651566,1,1
1,0.6704845831837295,1,0
1,0.7955618093359178,1,1
0,0.2553920613572663,0,0
1,0.6842027091324467,1,0
1,0.9578675880336373,1,1
1,0.9126946591835613,1,1
1,0.9298811437741712,1,1
1,0.833179945112242,1,1
0,0.3323538014527573,0,0
1,0.43823590404904494,0,0
1,0.7929109781380109,1,1
1,0.9120461180205091,1,1
0,0.38468343830258145,0,0
1,0.6468628355419465,1,0
1,0.9153018746524464,1,1
0,0.1354764048273086,0,0
1,0.5984103506581883,1,0
0,0.48664659922486175,0,0
0,0.40002615322367935,0,0
0,0.682510111418934,1,0
0,0.32677724417656423,0,0
0,0.8836731929328602,1,1
1,0.3807588321053428,0,0
0,0.693316975223523,1,1
1,0.8480353883665683,1,1
0,0.3619536304693051,0,0
0,0.3362882826155371,0,0
0,0.6544670901809236,1,0
0,0.4298640859418897,0,0
1,0.5686794837232624,1,0
1,0.8530465965652576,1,1
0,0.5015642663996209,1,0
0,0.425841478895082,0,0
0,0.4842019548010615,0,0
0,0.15623350858095789,0,0
1,0.7493228881270142,1,1
0,0.4788583258748584,0,0
1,0.8944512910413587,1,1
1,0.7217195637812396,1,1
1,0.930359459310451,1,1
0,0.3323187779767908,0,0
0,0.7180844021537007,1,1
0,0.3967886226473589,0,0
0,0.6708731905640872,1,0
0,0.4154893157022079,0,0
1,0.7181465934096745,1,1
1,0.8691788535526203,1,1
1,0.8618327678311545,1,1
1,0.9388059184994966,1,1
0,0.5538055151332408,1,0
0,0.458956812535394,0,0
0,0.2977013186436202,0,0
0,0.6250265518643422,1,0
1,0.48021443633425837,0,0
0,0.744946098829584,1,1
0,0.684531154713521,1,0
1,0.6356957008153081,1,0
0,0.20376526817846516,0,0
1,0.7643179086824158,1,1
0,0.22272964480998808,0,0
1,0.4856992810908869,0,0
1,0.5471243320066063,1,0
0,0.5749027393017546,1,0
1,0.6192835192251993,1,0
1,0.2895126075389415,0,0
0,0.8328597793792317,1,1
0,0.7217557548788021,1,1
1,0.8764293464492726,1,1
0,0.23801281609360203,0,0
0,0.8745954778721292,1,1
0,0.36938827769557997,0,0
0,0.855635842833638,1,1
0,0.6352787601495609,1,0
0,0.4748298450376698,0,0
0,0.6762256098307204,1,0
0,0.6381819798054963,1,0
0,0.7426743760059742,1,1
1,0.8024321643161745,1,1
1,0.554385707836538,1,0
1,0.9414285857497914,1,1
1,0.853396873742019,1,1
0,0.874982574842968,1,1
1,0.9119395085562372,1,1
1,0.6515771203898907,1,0
0,0.31540087796367294,0,0
1,0.7356142952858413,1,1
0,0.6281626216239999,1,0
0,0.1656369636635052,0,0
1,0.4869769491911992,0,0
1,0.7810974745767096,1,1
1,0.6695830383815458,1,0
0,0.32615564202698694,0,0
1,0.9013044522731478,1,1
1,0.7715163066812841,1,1
0,0.8880522558540922,1,1
1,0.8903118692220033,1,1
1,0.5091809756662181,1,0
0,0.5424530331584546,1,0
0,0.6553431212153785,1,0
0,0.5711945578759962,1,0
0,0.758602679792326,1,1
1,0.9028931885566994,1,1
0,0.4591602816884792,0,0
1,0.9232940485338276,1,1
0,0.5297388395333413,1,0
0,0.5680992142809915,1,0
1,0.5031631291951951,1,0
0,0.511940320500984,1,0
1,0.7986558607610299,1,1
1,0.7401377066129866,1,1
0,0.83940988716756,1,1
1,0.8192420604586822,1,1
0,0.4088491365068076,0,0
1,0.9335407402738257,1,1
0,0.581368319203445,1,0
1,0.624023860912437,1,0
0,0.3691112943527258,0,0
1,0.8219416923711206,1,1
1,0.7842804439374964,1,1
0,0.2629569085351746,0,0
0,0.6102229005852731,1,0
0,0.31698249506710785,0,0
0,0.5563223102972772,1,0
0,0.43195243749542955,0,0
0,0.49456532829060856,0,0
1,0.8443389467327095,1,1
0,0.5045119649700184,1,0
1,0.8789832148714678,1,1
0,0.48882260219658497,0,0
0,0.8667919734145719,1,1
0,0.7683775223889218,1,1
0,0.5416025107817808,1,0
1,0.36340590102284515,0,0
1,0.9471815326005323,1,1
1,0.7222582722438815,1,1
1,0.6067974294569812,1,0
0,0.520656432087706,1,0
0,0.24731174378904144,0,0
0,0.8924118359570903,1,1
1,0.9091097558232799,1,1
0,0.465617555515465,0,0
1,0.942804993732915,1,1
0,0.559030222170158,1,0
0,0.6973125619873192,1,1
0,0.5857082802477335,1,0
0,0.9100980957520328,1,1
1,0.6473519464976575,1,0
0,0.3194533132871535,0,0
0,0.1950904035547236,0,0
1,0.6988586376243073,1,1
1,0.7143709261942542,1,1
0,0.6224212937773581,1,0
1,0.8893221527373121,1,1
0,0.2312144306859216,0,0
0,0.663938286926554,1,0
0,0.7050218375163694,1,1
0,0.27748196148951326,0,0
0,0.9181030866225843,1,1
0,0.5745752651620736,1,0
0,0.6381679937666817,1,0
0,0.6661300395205327,1,0
0,0.43569540551998837,0,0
1,0.9543800297590951,1,1
0,0.7628240137113205,1,1
0,0.7580133061698048,1,1
0,0.7357033256953898,1,1
1,0.9237697889375233,1,1
0,0.6918915076888401,1,1
1,0.6396493366418745,1,0
1,0.6712643703880614,1,0
0,0.629109326724457,1,0
0,0.8693712372532928,1,1
0,0.9065388533179358,1,1
0,0.6827321631529845,1,0
1,0.8053793563434679,1,1
1,0.5043341661274613,1,0
0,0.10697770684544905,0,0
1,0.8645329593096778,1,1
1,0.9168112752027556,1,1
1,0.9272619198139778,1,1
0,0.3398257304380874,0,0
1,0.6943200670626042,1,1
1,0.5778463296861639,1,0
0,0.6022086684058001,1,0
0,0.7300199464329239,1,1
1,0.4430769819779235,0,0
0,0.6373663325231073,1,0
0,0.7820500369160809,1,1
1,0.876214695188573,1,1
1,0.9537259062539808,1,1
0,0.42433293980469383,0,0
0,0.3921597548162518,0,0
1,0.46703281142801945,0,0
0,0.7751666161215794,1,1
0,0.5083205589215622,1,0
0,0.7797316158234314,1,1
0,0.15714954760988986,0,0
0,0.7117144725299941,1,1
0,0.8801667599233908,1,1
1,0.576189127969071,1,0
0,0.30663875114495764,0,0
0,0.29786346169861466,0,0
0,0.32163194545204654,0,0
0,0.8204659436466047,1,1
0,0.36656634315125597,0,0
0,0.8042251943859408,1,1
1,0.4851176098474877,0,0
0,0.640690472365384,1,0
0,0.37659928892944783,0,0
0,0.19785357634869866,0,0
0,0.3982862873127328,0,0
0,0.3179569537462852,0,0
1,0.615302967951607,1,0
1,0.9106531632195841,1,1
1,0.5614110309250513,1,0
0,0.244490802401851,0,0
0,0.8268038653387743,1,1
0,0.4469540371634892,0,0
1,0.8020758729127601,1,1
0,0.9313903347704812,1,1
0,0.24095637929264407,0,0
0,0.7972654572855176,1,1
0,0.21473074100221723,0,0
1,0.7732484066152181,1,1
1,0.8414283386267988,1,1
1,0.7533690008716581,1,1
0,0.5878394933221496,1,0
0,0.6459866414531553,1,0
0,0.27335688515002265,0,0
1,0.6703388044007174,1,0
0,0.7397405455828485,1,1
0,0.6228430653666698,1,0
1,0.9075278661352179,1,1
0,0.4747946555397379,0,0
0,0.398437591109101,0,0
0,0.43937748322039755,0,0
0,0.6852793784953164,1,0
1,0.921523464741571,1,1
1,0.8423812705997894,1,1
0,0.8218407319500103,1,1
0,0.5856240709351702,1,0
0,0.48279981411562367,0,0
1,0.8942613164285146,1,1
1,0.944343906716576,1,1
1,0.5895591982816512,1,0
1,0.8541342997216393,1,1
0,0.16734494507630823,0,0
0,0.5378150510725799,1,0
1,0.45949086738354966,0,0
0,0.4508480572162881,0,0
0,0.6635558531868525,1,0
1,0.919625957873339,1,1
1,0.8361504394977115,1,1
0,0.6110125807557856,1,0
0,0.591294850808136,1,0
1,0.6699946075331275,1,0
0,0.6766225640312442,1,0
1,0.922704051266521,1,1
1,0.6043548892058214,1,0
0,0.3392388027939556,0,0
1,0.8090316580319283,1,1
0,0.6595631103820476,1,0
1,0.8464822935304009,1,1
0,0.6400302503964612,1,0
1,0.7948975690432489,1,1
1,0.3387767248041368,0,0
0,0.23229398618197417,0,0
0,0.48508014324748616,0,0
0,0.3147896459111452,0,0
1,0.8627904212193416,1,1
0,0.31656165900048894,0,0
1,0.6963749285918555,1,1
0,0.5646705341192081,1,0
1,0.9338364716968409,1,1
0,0.7338406605823082,1,1
0,0.8685621068925284,1,1
1,0.5210300636249977,1,0
0,0.280286054750412,0,0
0,0.7963192950171318,1,1
0,0.8547346895196378,1,1
0,0.6329524265803185,1,0
0,0.29334854582667114,0,0
1,0.9485077411807559,1,1
1,0.9340570545452748,1,1
0,0.5128403828797599,1,0
0,0.7223514029826499,1,1
0,0.7993592256844643,1,1
0,0.1292782426705875,0,0
1,0.7547231992051182,1,1
0,0.43425632907748374,0,0
1,0.7762789655982484,1,1
1,0.7057117999115948,1,1
0,0.3626620162373052,0,0
1,0.4201559958803251,0,0
1,0.7140149399730659,1,1
0,0.42134380487763706,0,0
1,0.9188036790657308,1,1
1,0.8784597946645567,1,1
0,0.397714075743974,0,0
1,0.6732539679019701,1,0
1,0.47687772127071393,0,0
1,0.8437814078880237,1,1
1,0.6385369160193868,1,0
1,0.8540359488789228,1,1
0,0.8126574136631503,1,1
0,0.3863790814662048,0,0
0,0.32894256775493447,0,0
1,0.8402611059176026,1,1
0,0.1669668129473614,0,0
0,0.286779363197429,0,0
0,0.228374551380956,0,0
0,0.5975937776850683,1,0
0,0.35308072158299536,0,0
0,0.7269605777851008,1,1
0,0.9090865073304428,1,1
0,0.16294677747656344,0,0
0,0.5568263544562557,1,0
1,0.7285528212226899,1,1
1,0.9178200669811305,1,1
0,0.22247882974478408,0,0
0,0.7468251284495625,1,1
0,0.8917399309389438,1,1
0,0.5602248188734171,1,0
1,0.9306961085917775,1,1
0,0.21160777794044172,0,0
0,0.3880085206412472,0,0
0,0.9049553006691676,1,1
0,0.308393361259443,0,0
1,0.7807795040749363,1,1
0,0.7910385428873733,1,1
0,0.6193440868469225,1,0
0,0.4821980888326996,0,0
0,0.40871683534956404,0,0
0,0.4305189870854949,0,0
0,0.2795652804693982,0,0
1,0.30867911091517664,0,0
1,0.6361884020403482,1,0
0,0.630517762116604,1,0
0,0.5564452827068993,1,0
0,0.24423387565192445,0,0
1,0.215040287529866,0,0
0,0.3813971156241136,0,0
0,0.6748169114702445,1,0
1,0.8925741817407882,1,1
1,0.48888973010631726,0,0
0,0.6767630684554341,1,0
1,0.8705335354235806,1,1
1,0.8752710549852981,1,1
1,0.7504226235198627,1,1
0,0.1740794101624545,0,0
0,0.1160052556175211,0,0
0,0.34267754968624636,0,0
0,0.3425896460190906,0,0
0,0.37037928205848664,0,0
0,0.2994099116870792,0,0
0,0.3592988310535638,0,0
0,0.7601052260043146,1,1
1,0.7864492825759782,1,1
0,0.44720774205639807,0,0
0,0.18997707766060237,0,0
1,0.6809727632122916,1,0
0,0.7745177427818815,1,1
1,0.646967025801712,1,0
0,0.9381126303378722,1,1
1,0.9363532779688188,1,1
1,0.4489804437820245,0,0
1,0.8686988402310327,1,1
0,0.17644145025208688,0,0
0,0.3597054035130821,0,0
1,0.6867837994861983,1,0
1,0.4169869318430144,0,0
1,0.819345781243748,1,1
0,0.4801775603652849,0,0
0,0.8684931479128187,1,1
0,0.6321296942145933,1,0
0,0.3370151855166256,0,0
0,0.913432514738216,1,1
0,0.312902664557268,0,0
0,0.5901467781426407,1,0
1,0.792378468062759,1,1
0,0.5533589626652977,1,0
0,0.694030397466216,1,1
1,0.828712511956765,1,1
0,0.38622114669610114,0,0
0,0.621528223537121,1,0
0,0.8309815010970292,1,1
1,0.9539449324130521,1,1
0,0.5800298505954541,1,0
0,0.5991030557899244,1,0
0,0.38021735798826384,0,0
1,0.8714712098700371,1,1
0,0.581995830741641,1,0
0,0.6135609671825056,1,0
0,0.630027160641411,1,0
0,0.5411309373114854,1,0
0,0.8049454884397678,1,1
1,0.588407741658539,1,0
0,0.5923844091685111,1,0
0,0.7060132789697324,1,1
0,0.6404533344388929,1,0
0,0.41812208121058636,0,0
0,0.31071813957886696,0,0
0,0.4607326452349209,0,0
0,0.24108873556722973,0,0
1,0.7444892414862646,1,1
0,0.8860643233556263,1,1
0,0.29290734510475125,0,0
0,0.8242294154860574,1,1
1,0.7663121151079613,1,1
1,0.9280730556383664,1,1
0,0.3257151364559239,0,0
0,0.7825329596127707,1,1
1,0.8547179629811843,1,1
0,0.5889111083204229,1,0
0,0.5464429570223285,1,0
0,0.2423790475283835,0,0
0,0.6682630175108328,1,0
0,0.16492585332514278,0,0
0,0.6606250679990597,1,0
0,0.5535963341596798,1,0
0,0.7067687344605508,1,1
0,0.6885091511100518,1,0
1,0.7838835000286495,1,1
0,0.4041797365728854,0,0
0,0.37572861943406344,0,0
0,0.906799199921943,1,1
0,0.4179085627369341,0,0
0,0.3842360562132772,0,0
1,0.8138849342605866,1,1
0,0.6978598665029815,1,1
0,0.2875696030565564,0,0
0,0.9020017385253167,1,1
0,0.5479581019830706,1,0
1,0.7740986773981581,1,1
0,0.18228067951003174,0,0
1,0.7562243971831193,1,1
0,0.25946985826955227,0,0
0,0.545249528332751,1,0
1,0.9238207342730148,1,1
0,0.1888079011052434,0,0
1,0.6606722253970987,1,0
0,0.5871927591444333,1,0
0,0.7526765993237041,1,1
0,0.7296750055633038,1,1
1,0.819776780645099,1,1
0,0.28360344256378567,0,0
0,0.862014396810338,1,1
0,0.684199103994014,1,0
0,0.6305130265111066,1,0
0,0.5358675609899148,1,0
0,0.727613750180648,1,1
0,0.3162304369952621,0,0
0,0.5668968446329606,1,0
1,0.9050446269031741,1,1
1,0.5165131558833207,1,0
0,0.7427657091364229,1,1
0,0.720235139742028,1,1
1,0.6987078329509525,1,1
1,0.6781678393659876,1,0
1,0.8543244619038386,1,1
0,0.55571815222599,1,0
0,0.7371243184453766,1,1
0,0.6229252731309983,1,0
1,0.7511765493012178,1,1
0,0.7036046841156862,1,1
1,0.8684763122525437,1,1
0,0.354086451186026,0,0
0,0.9130172973734971,1,1
0,0.7764139239752469,1,1
0,0.2097738258538154,0,0
0,0.8886940881064208,1,1
0,0.7068202816168696,1,1
0,0.1265724946972492,0,0
0,0.46748304794804313,0,0
0,0.49984003480845135,0,0
0,0.1684787110898409,0,0
0,0.34109403533899163,0,0
1,0.4282538098067696,0,0
1,0.7826725535222531,1,1
0,0.7802755805329418,1,1
0,0.9467248328083208,1,1
0,0.17686085024437698,0,0
0,0.6600853762930866,1,0
0,0.28424650490546327,0,0
0,0.18232416969326543,0,0
0,0.6371992868978178,1,0
1,0.3939555610633432,0,0
1,0.9465302070281285,1,1
1,0.82428981892642,1,1
0,0.39527109593701604,0,0
0,0.5501392118298721,1,0
1,0.8852240382295201,1,1
0,0.4613012138540256,0,0
1,0.7399543275023875,1,1
0,0.5812370157781936,1,0
0,0.2792911461275474,0,0
1,0.5330352193997567,1,0
0,0.8427159280946512,1,1
0,0.6434861495401469,1,0
1,0.9019169847452182,1,1
0,0.70940271590102,1,1
1,0.8213875851166879,1,1
0,0.4056898959254202,0,0
1,0.6019486210574904,1,0
0,0.19314696365860665,0,0
0,0.6815677775150739,1,0
0,0.5137069101129735,1,0
0,0.52867300844855,1,0
1,0.9202930544111365,1,1
0,0.7389233082286238,1,1
0,0.6623660315739466,1,0
0,0.46086388262334005,0,0
1,0.8138079003787522,1,1
0,0.6105312100615644,1,0
0,0.45043270154124077,0,0
1,0.7226942621021503,1,1
1,0.9061181661852179,1,1
0,0.22788860773681008,0,0
0,0.7444730507090979,1,1
1,0.9553461384533722,1,1
0,0.19886146128598967,0,0
0,0.6573522721818085,1,0
1,0.887118934172506,1,1
1,0.9246075603843081,1,1
0,0.7923561453692113,1,1
0,0.2770043496155454,0,0
0,0.5684216020246452,1,0
0,0.7652911303414665,1,1
1,0.808125592407277,1,1
1,0.9024491627847777,1,1
0,0.6605111495589819,1,0
0,0.2775552129547539,0,0
0,0.4962009589277493,0,0
1,0.4867234984078882,0,0
1,0.8850321793928481,1,1
0,0.44409490712256205,0,0
0,0.45629448015303536,0,0
0,0.5705168994209696,1,0
0,0.4034882381476285,0,0
0,0.6078481958988536,1,0
1,0.4774086652294719,0,0
1,0.9525027570893021,1,1
0,0.4763975577761315,0,0
1,0.5622449104634903,1,0
0,0.22871437212574647,0,0
0,0.45580004885644404,0,0
0,0.3381805968321822,0,0
0,0.7234989573655018,1,1
0,0.41115226888882195,0,0
0,0.10667916038464696,0,0
0,0.742827723487309,1,1
0,0.6817996966347615,1,0
0,0.5721045620759767,1,0
0,0.3963804556070844,0,0
1,0.5409702377005042,1,0
1,0.8899953488840621,1,1
0,0.7036404835751136,1,1
0,0.8629558842263799,1,1
1,0.933971266915369,1,1
0,0.22322338517979637,0,0
0,0.5822601530829143,1,0
0,0.28959487489249336,0,0
1,0.6309106409228717,1,0
0,0.9019103571338004,1,1
0,0.7312925193994957,1,1
0,0.669954746378893,1,0
0,0.3824336542822031,0,0
0,0.20810754908845192,0,0
1,0.7973833408231709,1,1
1,0.8036445839465485,1,1
0,0.6567176840811623,1,0
0,0.6495197923227892,1,0
1,0.8441700117187548,1,1
0,0.5269100611202956,1,0
0,0.4327716708996393,0,0
0,0.6450353162790005,1,0
0,0.5923662412301375,1,0
0,0.6792255327143663,1,0
0,0.4385865173034518,0,0
1,0.29914159967348863,0,0
1,0.9305176895704608,1,1
0,0.5374464500017206,1,0
0,0.09876041839748066,0,0
1,0.7224091011999632,1,1
1,0.8816798205380718,1,1
0,0.6841583062601091,1,0
0,0.6080551682965051,1,0
1,0.8577704528369674,1,1
0,0.9079656669025171,1,1
1,0.685489047588815,1,0
0,0.4255160528684633,0,0
0,0.8421271503317092,1,1
1,0.5796919859311102,1,0
1,0.6843659859410729,1,0
1,0.9421895912736912,1,1
1,0.9038119565418269,1,1
0,0.16059925499836233,0,0
0,0.4328446228366783,0,0
0,0.4506945727488424,0,0
0,0.5951120839113556,1,0
0,0.4566642932790725,0,0
0,0.208739880671996,0,0
0,0.3298651158371252,0,0
1,0.8936217825550887,1,1
0,0.8410628946122548,1,1
0,0.2585295334690289,0,0
1,0.5115652302355681,1,0
0,0.24902190875797187,0,0
1,0.6705583287024086,1,0
0,0.5745824196670024,1,0
1,0.6781586905366473,1,0
1,0.7405651503661764,1,1
1,0.5922834508313493,1,0
1,0.631170553320642,1,0
0,0.829981870387042,1,1
0,0.23836314176308004,0,0
1,0.5643234157197637,1,0
1,0.8039205013562779,1,1
0,0.36314199689417337,0,0
1,0.6922318443141302,1,1
0,0.583601447873895,1,0
0,0.5753460815501111,1,0
0,0.15566268844955447,0,0
0,0.7259971031968218,1,1
1,0.8572734026607473,1,1
1,0.7674019666262769,1,1
0,0.4290334293553044,0,0
0,0.5094039503810696,1,0
0,0.3430068306795956,0,0
0,0.6287981805455326,1,0
0,0.6845177817958747,1,0
0,0.29528302309235244,0,0
0,0.22360197752666622,0,0
1,0.8902309282310148,1,1
0,0.13506531663045582,0,0
1,0.9075897872533336,1,1
0,0.6384635156527165,1,0
0,0.9002865587721176,1,1
0,0.6611414237418219,1,0
0,0.6574956354651721,1,0
0,0.8192254332453185,1,1
0,0.35081642211135006,0,0
0,0.7447078165280729,1,1
0,0.7410929298008844,1,1
0,0.3161223193490909,0,0
0,0.2105625082452021,0,0
1,0.9431102066834505,1,1
0,0.24900102895245058,0,0
0,0.38601951199488094,0,0
0,0.4484568506157757,0,0
0,0.549124815247682,1,0
1,0.8644142343788017,1,1
0,0.4886578656328417,0,0
0,0.13374810346706634,0,0
0,0.26470561617672483,0,0
1,0.36905471505754966,0,0
1,0.6514884789607672,1,0
0,0.43763688726652267,0,0
0,0.39935289375057775,0,0
1,0.44192416602480233,0,0
0,0.7614549383600611,1,1
0,0.8375927064674809,1,1
0,0.4803914550722967,0,0
1,0.9613249958894488,1,1
1,0.8400634987596997,1,1
1,0.8574916450178495,1,1
1,0.7522635866385257,1,1
0,0.16214064789268093,0,0
1,0.9189859147663115,1,1
0,0.30889783900047285,0,0
1,0.8222369082249265,1,1
0,0.38709904253492544,0,0
0,0.8666796071855983,1,1
1,0.8789814572793262,1,1
0,0.4848611178556217,0,0
1,0.663200236702921,1,0
0,0.9196261835608965,1,1
0,0.9398672439496195,1,1
0,0.559433494242357,1,0
1,0.3026569901888628,0,0
0,0.7134513856022368,1,1
0,0.29234015990264817,0,0
1,0.8417197134509018,1,1
0,0.4284356973263026,0,0
1,0.8943990011265873,1,1
0,0.84533716663823,1,1
0,0.6965130632867976,1,1
0,0.18938284133618044,0,0
0,0.839924247959043,1,1
0,0.19903337657671447,0,0
1,0.9531487273595154,1,1
0,0.3460813948637482,0,0
1,0.6515905284461779,1,0
0,0.19430609288034564,0,0
0,0.4970590040883518,0,0
0,0.6267831163586016,1,0
0,0.7193861332173166,1,1
0,0.49290094684267377,0,0
1,0.9266657990943602,1,1
0,0.8116578413347566,1,1
0,0.5029210838176636,1,0
1,0.8943072374146996,1,1
1,0.8617319671806556,1,1
0,0.30903409542263527,0,0
0,0.756777974247661,1,1
1,0.8938629637980268,1,1
0,0.7944648989326771,1,1
0,0.468076992030636,0,0
0,0.5473911687857025,1,0
0,0.4829597193576097,0,0
0,0.6939959242248985,1,1
0,0.6627763036423641,1,0
1,0.8912717728049381,1,1
1,0.8983720594382143,1,1
0,0.9280599344083897,1,1
1,0.8866075660125843,1,1
1,0.7000325649386567,1,1
0,0.34558892894146154,0,0
0,0.6848347465987015,1,0
1,0.4740894980885155,0,0
1,0.5881306299290534,1,0
1,0.6381974528676246,1,0
0,0.18944074466369315,0,0
1,0.9558507779140418,1,1
1,0.391314932905601,0,0
1,0.8181848142131962,1,1
1,0.8412797101234905,1,1
0,0.24752504153588345,0,0
0,0.8151772586695315,1,1
0,0.5917540644429724,1,0
1,0.6982597698621028,1,1
0,0.661988922317348,1,0
0,0.5780306475162588,1,0
0,0.3331410900302509,0,0
0,0.29279360703762164,0,0
0,0.5189229470592569,1,0
1,0.9115480812346652,1,1
1,0.8028442460151647,1,1
1,0.3547178028844633,0,0
0,0.7861805860709921,1,1
0,0.7035754112798347,1,1
1,0.6268597170447565,1,0
0,0.3017313287805043,0,0
0,0.6519991691544702,1,0
0,0.5228447377752035,1,0
0,0.7647359156468749,1,1
1,0.5113428800474975,1,0
1,0.9491565876986922,1,1
1,0.86261452051537,1,1
0,0.42916504030903685,0,0
0,0.6194285407417938,1,0
1,0.6739002447555686,1,0
1,0.8586235398291123,1,1
0,0.8974708726414007,1,1
0,0.966315286652094,1,1
0,0.5659849117483894,1,0
0,0.5952725003215853,1,0
0,0.2805132312181567,0,0
1,0.7283104790439999,1,1
0,0.2103368644574942,0,0
0,0.5299271767695889,1,0
0,0.3385865728687611,0,0
1,0.8274552247850984,1,1
1,0.8658727271684263,1,1
1,0.9288480315756525,1,1
1,0.8895118678383713,1,1
0,0.24593310639506558,0,0
1,0.6766867588149722,1,0
1,0.6508648751882761,1,0
1,0.9390625053434954,1,1
0,0.7213562000906112,1,1
0,0.48126236000929595,0,0
0,0.16228004065522708,0,0
0,0.6543660644446129,1,0
0,0.23931627543172357,0,0
0,0.16080386466175398,0,0
0,0.3174414985487937,0,0
0,0.38967103145787274,0,0
0,0.6440839353739588,1,0
0,0.5394635773690617,1,0
0,0.20067380012406671,0,0
0,0.5618094938326024,1,0
0,0.8145878656139282,1,1
0,0.24920581593277408,0,0
0,0.7001040743054479,1,1
0,0.4788712838562738,0,0
1,0.8680528002534734,1,1
0,0.7255175547313624,1,1
0,0.7946232546532573,1,1
1,0.9313765940622982,1,1
1,0.7311375847733556,1,1
0,0.5483036834904953,1,0
0,0.4464455892490062,0,0
0,0.5937342995252196,1,0
0,0.40137937504109544,0,0
0,0.356948432590841,0,0
1,0.6127086746329978,1,0
0,0.4843126908641902,0,0
0,0.6470671151272582,1,0
0,0.30200096786047254,0,0
0,0.3483388889543284,0,0
0,0.4271609600515314,0,0
0,0.16404271057076603,0,0
0,0.3757437377999374,0,0
0,0.414526406617828,0,0
0,0.7200908793943449,1,1
0,0.4177152364823516,0,0
0,0.7072865474608143,1,1
1,0.929787792628629,1,1
1,0.8656254126476273,1,1
0,0.5826049839155698,1,0
0,0.7641429681786351,1,1
0,0.5034178803282071,1,0
1,0.4379975661419706,0,0
0,0.758022459135249,1,1
0,0.1929492644075636,0,0
1,0.7348297813293694,1,1
0,0.5595412424249406,1,0
0,0.2123065784789773,0,0
0,0.5054385785227005,1,0
0,0.5168598578175271,1,0
0,0.35519634377609965,0,0
1,0.9298698987435716,1,1
0,0.9237525054134352,1,1
0,0.6842738971614508,1,0
0,0.5590265128647504,1,0
0,0.9250953593402582,1,1
1,0.19464118859870055,0,0
0,0.1915087870432866,0,0
1,0.7986528837616746,1,1
0,0.26461102924902086,0,0
0,0.6236387625782358,1,0
0,0.37433486209187994,0,0
1,0.6119907338728919,1,0
0,0.7128082514121034,1,1
1,0.792248714707005,1,1
0,0.3683628164654859,0,0
1,0.9265037884298731,1,1
0,0.2473400658466624,0,0
0,0.2463618972463311,0,0
0,0.8795220913993912,1,1
1,0.8339355049921758,1,1
0,0.2066529925076857,0,0
1,0.9567616521789184,1,1
0,0.6117120616007335,1,0
1,0.9023264845987675,1,1
0,0.802705570236672,1,1
1,0.9246564150870196,1,1
0,0.2524151949905622,0,0
0,0.2532022058381484,0,0
0,0.7245253418701366,1,1
1,0.5198547011273063,1,0
0,0.6122135881179734,1,0
0,0.5129513228206658,1,0
0,0.614657655523465,1,0
1,0.36191593969743535,0,0
0,0.2545176731823939,0,0
1,0.9395354647616114,1,1
0,0.5640085750011438,1,0
0,0.5046079813416776,1,0
0,0.29905226248869693,0,0
1,0.8841913817035256,1,1
0,0.7505830863897958,1,1
1,0.663973706412699,1,0
0,0.7740620186718411,1,1
1,0.8218035363809584,1,1
1,0.5573090468145993,1,0
1,0.9138976775393298,1,1
0,0.2561818198034099,0,0
1,0.7338039294154906,1,1
0,0.48618509553007405,0,0
0,0.5469002954505421,1,0
0,0.7224708364105694,1,1
0,0.8932413048158137,1,1
0,0.15366110729078736,0,0
1,0.9446517908937236,1,1
0,0.6024803254285398,1,0
0,0.8211793525239061,1,1
1,0.7874005594522848,1,1
1,0.2619670977717683,0,0
0,0.8373403959416121,1,1
0,0.28166719679164154,0,0
0,0.566289911409068,1,0
0,0.5890935362589209,1,0
0,0.19111293277872088,0,0
0,0.7609824590659273,1,1
0,0.31356093331485024,0,0
1,0.1943329752977663,0,0
0,0.9209391597054043,1,1
0,0.6025417048548057,1,0
0,0.7429590157396134,1,1
0,0.8205867439572813,1,1
0,0.26845561928403305,0,0
1,0.87784859524925,1,1
1,0.9660926093795071,1,1
0,0.9483780514445673,1,1
0,0.5797664481724875,1,0
0,0.6585949645604093,1,0
0,0.8804431007765384,1,1
0,0.5359396258437468,1,0
0,0.7181456748629769,1,1
0,0.3435523584034869,0,0
1,0.8028950006228925,1,1
0,0.7547447376913416,1,1
0,0.5929425155841874,1,0
0,0.4657207683484566,0,0
0,0.41796623389174636,0,0
1,0.8946150363658302,1,1
0,0.8603582281765992,1,1
0,0.4172572872668608,0,0
1,0.8515468726535462,1,1
0,0.5344613279202614,1,0
1,0.8541790468853119,1,1
0,0.49802043399704876,0,0
0,0.6423398425454375,1,0
0,0.7820814330302974,1,1
0,0.49582991432773493,0,0
0,0.788448461948856,1,1
0,0.31267771525182037,0,0
0,0.15365606525675782,0,0
0,0.2183846660537221,0,0
1,0.9407358781700931,1,1
1,0.8646446064365634,1,1
0,0.2518006126546033,0,0
0,0.22033305573486675,0,0
1,0.785309470937839,1,1
1,0.7050011865795709,1,1
0,0.1669931553100918,0,0
0,0.4065370276540687,0,0
0,0.32747754367379434,0,0
1,0.6454839981188478,1,0
0,0.48100065109122875,0,0
1,0.6393004412126225,1,0
0,0.41997288257814075,0,0
0,0.7104009029252313,1,1
0,0.35497232600093925,0,0
0,0.14898759086645735,0,0
0,0.5464677082591665,1,0
0,0.30173166272625424,0,0
0,0.7941070527179693,1,1
0,0.593601647335152,1,0
1,0.5647499277434124,1,0
0,0.19899108294474155,0,0
0,0.634839417456493,1,0
0,0.11714568447214857,0,0
0,0.6919297580288771,1,1
0,0.45087669363605365,0,0
0,0.25499917746320167,0,0
0,0.4782556751719522,0,0
0,0.5679846733259805,1,0
0,0.2793586281869143,0,0
1,0.6127070749497383,1,0
0,0.9239600397531289,1,1
0,0.2015569130738279,0,0
0,0.27459691445379064,0,0
0,0.8801807176485956,1,1
1,0.44423060701792916,0,0
0,0.8579576780267739,1,1
0,0.21307148289647593,0,0
1,0.5798376809292035,1,0
0,0.5633861108329068,1,0
1,0.9021679634568888,1,1
1,0.9325548511966888,1,1
1,0.582187139222471,1,0
0,0.2362393337535959,0,0
1,0.9124623876790809,1,1
1,0.8843616334568566,1,1
1,0.9298698987435716,1,1
0,0.2980319897350148,0,0
0,0.7307065507748081,1,1
1,0.23074667103231206,0,0
0,0.7231772848629715,1,1
1,0.8301970812963695,1,1
1,0.9016459935604747,1,1
0,0.8598036821936829,1,1
0,0.6311080578512159,1,0
0,0.4052559586690063,0,0
0,0.33331554464277224,0,0
0,0.8645338190272811,1,1
0,0.3834870901922667,0,0
1,0.8622247236733686,1,1
0,0.8827949125210433,1,1
0,0.8987138415041777,1,1
0,0.17018330359581252,0,0
0,0.47200678503330235,0,0
0,0.5696186140819972,1,0
0,0.7633859487286998,1,1
0,0.6800008311439263,1,0
1,0.8371614873420408,1,1
0,0.2340702071484122,0,0
1,0.4987789049197162,0,0
0,0.20503791945886615,0,0
1,0.9439582020123728,1,1
0,0.8511620511853206,1,1
1,0.720150065519707,1,1
0,0.15844539796839527,0,0
0,0.443871298600174,0,0
0,0.38641242667097475,0,0
0,0.3572633055039631,0,0
0,0.5583603867184336,1,0
0,0.7945997408307344,1,1
1,0.8508939223670063,1,1
0,0.8871053415807074,1,1
0,0.4904277959567652,0,0
0,0.29622458517664235,0,0
0,0.5998822527419935,1,0
0,0.629692372022891,1,0
0,0.2178290251690985,0,0
0,0.7798421059826443,1,1
0,0.7936798180410843,1,1
1,0.6396928715095223,1,0
0,0.5065895926720912,1,0
0,0.500425545474563,1,0
0,0.8447389110582717,1,1
0,0.8091582754307274,1,1
1,0.6783244802416637,1,0
1,0.8289767898078504,1,1
1,0.9575103142267267,1,1
1,0.6992823881680827,1,1
1,0.6937660092440289,1,1
1,0.9490572488250647,1,1
0,0.44309819105792725,0,0
0,0.6930249203646024,1,1
0,0.8614735977722991,1,1
0,0.9024775361818168,1,1
1,0.33676866098667185,0,0
0,0.9049899458299505,1,1
1,0.7388189888523692,1,1
0,0.5333611522036791,1,0
1,0.8474068033796837,1,1
1,0.5960449408829501,1,0
0,0.9273703320998888,1,1
0,0.7013067666218626,1,1
0,0.47256805307824723,0,0
1,0.8259714091721465,1,1
0,0.4706637723658406,0,0
1,0.9274363666086776,1,1
0,0.540164758214364,1,0
0,0.7086129570904502,1,1
1,0.482870040335799,0,0
0,0.23900097836097464,0,0
0,0.14823504193818335,0,0
0,0.6428274374207785,1,0
0,0.3073276328619009,0,0
1,0.6917656594823659,1,1
1,0.7503461161531592,1,1
0,0.35403381980406107,0,0
0,0.7246417732120158,1,1
0,0.4593585972713769,0,0
0,0.21270254600838748,0,0
0,0.6693791873759238,1,0
0,0.6922913370691314,1,1
0,0.6355848022808179,1,0
0,0.6618992466458665,1,0
0,0.6149668820653889,1,0
1,0.7995622214108936,1,1
0,0.2921675011031544,0,0
0,0.4463030325406694,0,0
1,0.800077344715595,1,1
1,0.7789383663973186,1,1
1,0.7408221533759862,1,1
1,0.8423550252303619,1,1
0,0.8120478847545063,1,1
1,0.8594349095641329,1,1
0,0.19026626372725405,0,0
0,0.3202479739127437,0,0
0,0.31741912683215523,0,0
0,0.23238718098688413,0,0
0,0.29879261527383666,0,0
0,0.4490811726939404,0,0
0,0.2163347936441891,0,0
1,0.8514280671644682,1,1
1,0.9402367068713026,1,1
1,0.580433720525679,1,0
0,0.9011666424832819,1,1
1,0.5579414627069823,1,0
0,0.6217266759622616,1,0
0,0.24435002542577172,0,0
0,0.6579310650872405,1,0
1,0.7790401553570556,1,1
0,0.8220457737019736,1,1
1,0.33902943193172563,0,0
1,0.5178099979332359,1,0
0,0.3835349369130826,0,0
0,0.5341300865304274,1,0
0,0.8549287685765474,1,1
1,0.7667921611266593,1,1
1,0.9431055140707523,1,1
0,0.7702720403075562,1,1
0,0.18600669818085072,0,0
0,0.25939086757358615,0,0
1,0.4555515182772212,0,0
1,0.9168843333267123,1,1
0,0.4949458417482851,0,0
0,0.710762131710441,1,1
1,0.8255193731883774,1,1
0,0.4302920539312443,0,0
1,0.5723620812783274,1,0
1,0.8363517171353201,1,1
0,0.6747665383976342,1,0
0,0.825443904485073,1,1
0,0.609869718494463,1,0
0,0.6480363563835444,1,0
0,0.6289523903132707,1,0
1,0.9050652420973563,1,1
0,0.7931454343863465,1,1
1,0.5924510373719816,1,0
1,0.8708549538639375,1,1
1,0.9485759199703162,1,1
0,0.7820937335055679,1,1
1,0.7421289217418944,1,1
0,0.2207901236660293,0,0
0,0.8806032952557559,1,1
1,0.901552109184959,1,1
1,0.9417552745612466,1,1
1,0.752031452436352,1,1
0,0.2782874948809475,0,0
0,0.5572061666446008,1,0
0,0.7999880576368795,1,1
0,0.6280922145753228,1,0
0,0.5498170839655651,1,0
1,0.8183048680038513,1,1
0,0.3758507222191474,0,0
0,0.46790002424875987,0,0
1,0.9241614639898564,1,1
1,0.9044509190143758,1,1
0,0.6923557658143699,1,1
0,0.38022163751212223,0,0
0,0.1467049248373703,0,0
0,0.2093917195278663,0,0
0,0.7027700010978755,1,1
1,0.8741922728440871,1,1
0,0.22732766883593086,0,0
1,0.8680797759739456,1,1
0,0.4364556956254307,0,0
1,0.8826177442787921,1,1
1,0.9069205273957107,1,1
0,0.5100430986244695,1,0
0,0.7308111818387265,1,1
0,0.4080789557945462,0,0
0,0.4634448706203441,0,0
0,0.3521025806172088,0,0
0,0.27258509999336006,0,0
0,0.08563256953154356,0,0
1,0.8703360406606924,1,1
0,0.3969537489152192,0,0
0,0.5739813911573123,1,0
0,0.6776388974532067,1,0
1,0.8982467025610246,1,1
0,0.7797138039790392,1,1
0,0.27799113512288015,0,0
0,0.7292190457966301,1,1
0,0.7910101718385599,1,1
0,0.1854502332561969,0,0
0,0.6649058525686403,1,0
1,0.6415309274430666,1,0
0,0.28410895701489347,0,0
0,0.889875321389503,1,1
1,0.6731278805765715,1,0
1,0.7325356200468617,1,1
0,0.4060503211399703,0,0
0,0.566878624303278,1,0
1,0.7472970404887588,1,1
0,0.53280058947439,1,0
1,0.22387537519364878,0,0
0,0.868282179954692,1,1
0,0.6473730583354599,1,0
1,0.7678058409374163,1,1
0,0.3255933547207686,0,0
0,0.6456605467609975,1,0
0,0.7913772709345942,1,1
1,0.3860402264305135,0,0
0,0.1450416757090786,0,0
1,0.5700327182677731,1,0
0,0.7830716760272283,1,1
1,0.8462222771951745,1,1
1,0.80168732113545,1,1
1,0.7649741014325513,1,1
0,0.7421325418120912,1,1
1,0.8898025746038707,1,1
0,0.47706424993672486,0,0
0,0.851633678102827,1,1
1,0.9304684945084148,1,1
0,0.4617527169010148,0,0
1,0.8993253131399153,1,1
0,0.1864247883907294,0,0
1,0.6685373191361658,1,0
0,0.5104939960090081,1,0
1,0.5402884794873494,1,0
1,0.9288725873784862,1,1
1,0.8575572618850213,1,1
0,0.7306823800183477,1,1
0,0.7562768274649927,1,1
0,0.288552922261716,0,0
1,0.8563473146755386,1,1
1,0.5385131525523006,1,0
0,0.23721707220949145,0,0
1,0.8912358314048889,1,1
0,0.6686238920026774,1,0
0,0.7284131977423582,1,1
1,0.9350302751795703,1,1
0,0.33047358958567574,0,0
0,0.34267754968624636,0,0
1,0.67638282942908,1,0
1,0.7337759962299537,1,1
0,0.47151049874210493,0,0
1,0.8967970286470722,1,1
1,0.7199901686604534,1,1
0,0.8830309356542486,1,1
1,0.49914817388334154,0,0
0,0.33614635405641863,0,0
1,0.8243564028139506,1,1
1,0.9451205924846543,1,1
0,0.6072058162854704,1,0
0,0.48392377603574077,0,0
1,0.9095360661060408,1,1
0,0.238253597725951,0,0
0,0.5371941359539724,1,0
0,0.8261450885203332,1,1
0,0.3949195594077982,0,0
0,0.2675433901025774,0,0
1,0.7041843517612235,1,1
1,0.856465710914654,1,1
1,0.7291302618455828,1,1
0,0.31777038917066597,0,0
0,0.6209312388592199,1,0
0,0.5294790008254934,1,0
0,0.1724011309461932,0,0
0,0.2060069931537993,0,0
1,0.9085488063032386,1,1
1,0.8521499966081512,1,1
1,0.7139972378278466,1,1
0,0.41773955937045215,0,0
0,0.7463815510167278,1,1
0,0.7929697242893948,1,1
0,0.8349317921440879,1,1
0,0.6120382295727824,1,0
0,0.39640608540398625,0,0
1,0.41611108763026367,0,0
1,0.8961254967808403,1,1
0,0.6721090549440677,1,0
0,0.3813005284563556,0,0
0,0.2782564499362217,0,0
1,0.9426464410795441,1,1
0,0.7118727677101203,1,1
1,0.7087342864531582,1,1
0,0.5820315830215528,1,0
0,0.663445426996291,1,0
1,0.9547474130040081,1,1
0,0.5465284655588805,1,0
0,0.46915983509616443,0,0
1,0.9192353295825357,1,1
1,0.9362290523563109,1,1
0,0.83316444749963,1,1
0,0.5321089453339564,1,0
0,0.5708053763145041,1,0
1,0.9221862623587774,1,1
1,0.48027266843848715,0,0
0,0.5619030099144704,1,0
0,0.752988674764115,1,1
0,0.6514611665278504,1,0
0,0.6213389094284463,1,0
0,0.40370569514876364,0,0
1,0.908930330684419,1,1
0,0.3788617770621683,0,0
0,0.626031718288207,1,0
0,0.3521092030513013,0,0
0,0.5193798875489287,1,0
0,0.9231708538632338,1,1
1,0.8903539309025074,1,1
0,0.6401835718530748,1,0
1,0.8410274139716554,1,1
0,0.8277403688300383,1,1
1,0.8793497759424618,1,1
1,0.9760501941620221,1,1
1,0.461949181112973,0,0
1,0.5625200874492051,1,0
0,0.4771513707915385,0,0
0,0.7381235542085951,1,1
0,0.925337618731817,1,1
0,0.17285797419097154,0,0
0,0.913385223381033,1,1
0,0.2699923834260171,0,0
1,0.8907901167337672,1,1
0,0.7091677208810809,1,1
1,0.7935184937250167,1,1
0,0.8536882900329101,1,1
0,0.40789531777804616,0,0
1,0.8591263791021883,1,1
1,0.9033301319821238,1,1
0,0.7958453194422234,1,1
1,0.8627353087500002,1,1
1,0.7509075192813497,1,1
0,0.7111806025808298,1,1
0,0.414586624212504,0,0
0,0.3731493960538808,0,0
0,0.9581686258820307,1,1
1,0.48431937376985623,0,0
1,0.9047923876039579,1,1
0,0.48583563740736674,0,0
0,0.7324595841919902,1,1
0,0.43477092000374734,0,0
0,0.9323906133257285,1,1
1,0.7165999566796373,1,1
0,0.19454542570616284,0,0
0,0.6441318526969757,1,0
0,0.5203727268790976,1,0
1,0.5740326531409593,1,0
0,0.6853780402398121,1,0
1,0.9107023907313575,1,1
0,0.8515998620146388,1,1
1,0.8374283157714902,1,1
0,0.7491287400457862,1,1
1,0.9149999598050471,1,1
0,0.2252491909353177,0,0
1,0.903908308895065,1,1
0,0.8054097554152548,1,1
0,0.5258544604181699,1,0
1,0.47697717946666707,0,0
0,0.38385414777814225,0,0
0,0.5024517747416327,1,0
0,0.656303261343271,1,0
0,0.5797225295929727,1,0
0,0.9585364060353273,1,1
0,0.6102111022945693,1,0
1,0.8772344113298313,1,1
1,0.8036772123910791,1,1
1,0.745072539873744,1,1
0,0.8052260937627802,1,1
0,0.606571731124052,1,0
0,0.6229971621878756,1,0
0,0.6735355104444625,1,0
1,0.9610742135946125,1,1
1,0.9368612585741675,1,1
1,0.7036464102183472,1,1
0,0.3708765081811925,0,0
0,0.9190454874684127,1,1
0,0.7196748967576966,1,1
0,0.3376271160175886,0,0
0,0.4795591551986787,0,0
0,0.678969818185629,1,0
1,0.9263380762936175,1,1
0,0.5233063643225384,1,0
0,0.3283043110941701,0,0
0,0.5698630136893621,1,0
1,0.7667491891857529,1,1
0,0.3105555694821579,0,0
1,0.896248540619256,1,1
0,0.5823303453040947,1,0
0,0.8494655238471324,1,1
1,0.868056477683123,1,1
0,0.5388131554219541,1,0
0,0.38844373945037314,0,0
0,0.45909097666247356,0,0
0,0.24571117012549915,0,0
0,0.1818506307486814,0,0
1,0.766003756726175,1,1
1,0.84217433045936,1,1
0,0.4172472542015438,0,0
0,0.2609469459746097,0,0
0,0.5249215944668336,1,0
0,0.679632025661144,1,0
1,0.7663431894907068,1,1
0,0.462737095536811,0,0
1,0.7534182448539427,1,1
1,0.31193403466185615,0,0
0,0.5798675784290137,1,0
0,0.6039061756524867,1,0
1,0.7373436791049739,1,1
0,0.6474725874016019,1,0
0,0.5004921937371789,1,0
0,0.21626639226476485,0,0
0,0.850697006512514,1,1
0,0.2758790247374831,0,0
1,0.8610639546600719,1,1
1,0.8241770701558765,1,1
0,0.3461751998416063,0,0
1,0.8476578035154367,1,1
0,0.7713642728828266,1,1
0,0.6778858736141256,1,0
0,0.30605076607404685,0,0
0,0.7017459980516207,1,1
0,0.43549714870685624,0,0
0,0.5957550684957412,1,0
0,0.43253164830217866,0,0
1,0.2629147280061257,0,0
0,0.662247749912737,1,0
0,0.36170161181406557,0,0
1,0.8901267494797827,1,1
0,0.4904294100824393,0,0
0,0.5445660938991398,1,0
0,0.7799047746520087,1,1
1,0.6446809638006785,1,0
0,0.6150938130763088,1,0
0,0.6417492813910599,1,0
0,0.8007406746189338,1,1
1,0.8858978288878281,1,1
0,0.7366316294940446,1,1
1,0.8934095690153107,1,1
0,0.7430305893199782,1,1
1,0.6533847893089596,1,0
0,0.6868657291474108,1,0
0,0.08414656313652523,0,0
0,0.5544475264853314,1,0
0,0.7883197997481389,1,1
1,0.7683870118469477,1,1
0,0.6769657597656797,1,0
0,0.34058348939965627,0,0
1,0.9085418544163268,1,1
0,0.9397657236309471,1,1
0,0.8958302835651895,1,1
0,0.8612031819267011,1,1
1,0.43051185417819837,0,0
0,0.9058427746989366,1,1
0,0.9401247724877896,1,1
0,0.1916123799268154,0,0
0,0.3367929070545569,0,0
0,0.9076524922665778,1,1
0,0.9442111473835825,1,1
1,0.827154359400753,1,1
0,0.2562130949554771,0,0
0,0.603069867187427,1,0
1,0.7667482304336455,1,1
1,0.19630470126272603,0,0
0,0.1726300945034856,0,0
0,0.4063621198028931,0,0
1,0.9308108885019261,1,1
0,0.14869544565423937,0,0
0,0.9422346504706449,1,1
0,0.6537810819376796,1,0
0,0.8696207340618934,1,1
0,0.6047763353548529,1,0
1,0.8556104599484067,1,1
0,0.43942530699469745,0,0
0,0.49932266548071624,0,0
0,0.8184312970114578,1,1
0,0.21300231147683837,0,0
0,0.6082505014998442,1,0
1,0.7640314607209113,1,1
0,0.7099420460552388,1,1
1,0.7045043805537712,1,1
0,0.6336298869863038,1,0
0,0.5545382727950579,1,0
0,0.6774402491976207,1,0
0,0.8497863638325694,1,1
0,0.8122726439674729,1,1
0,0.7422649999033682,1,1
0,0.7563751781343694,1,1
0,0.5030330728127896,1,0
1,0.8814048259119484,1,1
1,0.6482409526560826,1,0
0,0.8910709620831482,1,1
0,0.4465827874718909,0,0
0,0.8757687047308335,1,1
0,0.5859585862874148,1,0
1,0.6638483087685966,1,0
0,0.5531071731709705,1,0
1,0.5880753895834925,1,0
0,0.759616785434232,1,1
0,0.20725103464510827,0,0
0,0.8998260642602774,1,1
1,0.6016989280065622,1,0
0,0.549827466351369,1,0
0,0.7524020186878349,1,1
0,0.12230383383732248,0,0
1,0.8942783384511265,1,1
0,0.8015085034472813,1,1
0,0.8855806179976922,1,1
0,0.3260695326276533,0,0
1,0.9493100733950622,1,1
0,0.513710866440037,1,0
0,0.4715541714967782,0,0
0,0.27228127588805906,0,0
0,0.6758268054835275,1,0
0,0.45442853397693717,0,0
0,0.3728581874363633,0,0
1,0.8959124961920898,1,1
0,0.8388358393556827,1,1
0,0.7870385034533919,1,1
0,0.678321477594339,1,0
0,0.2933591804628982,0,0
0,0.23798454483874326,0,0
0,0.5162555417282976,1,0
0,0.4386672923997783,0,0
1,0.9164963327451864,1,1
0,0.5347339732023209,1,0
1,0.5642806842275698,1,0
1,0.6554733434934299,1,0
0,0.5596070962805986,1,0
1,0.9044813409265808,1,1
1,0.8350281296408749,1,1
1,0.7560849168351764,1,1
0,0.7395635756210679,1,1
1,0.6670555347913107,1,0
0,0.5562665157471088,1,0
0,0.266358074861777,0,0
0,0.6440969092382383,1,0
0,0.6587199818803965,1,0
0,0.4761607504824495,0,0
0,0.16016715662066144,0,0
0,0.5757357094276176,1,0
1,0.8852350000288094,1,1
0,0.2661017544638034,0,0
0,0.6848254223131595,1,0
0,0.566403216859982,1,0
1,0.7839633985248299,1,1
1,0.8643297566538413,1,1
0,0.9087226854642743,1,1
1,0.9631554598471233,1,1
0,0.5576276588297338,1,0
0,0.754632110986099,1,1
0,0.24305041373322048,0,0
0,0.47317143051414146,0,0
0,0.17987039375311095,0,0
0,0.7102181130941855,1,1
0,0.4555497736931408,0,0
0,0.4758101963961638,0,0
0,0.4066676069615805,0,0
0,0.19414606219279987,0,0
0,0.2996537192014025,0,0
1,0.9080071197194671,1,1
1,0.9092372914365932,1,1
0,0.3038648788761157,0,0
1,0.7331058370659262,1,1
0,0.9218725009058453,1,1
0,0.864172830870576,1,1
1,0.9125158676236585,1,1
0,0.42413346002007385,0,0
0,0.7111298119427938,1,1
1,0.3543939203139008,0,0
1,0.7870404036178316,1,1
0,0.4726323396835692,0,0
0,0.6188186451390236,1,0
0,0.33529683384945563,0,0
1,0.7389742021282835,1,1
0,0.6904877265573415,1,1
0,0.8484468667794413,1,1
0,0.9240211061451021,1,1
1,0.8811856199036283,1,1
0,0.617169125081545,1,0
0,0.26633561943878675,0,0
0,0.6303093227471313,1,0
0,0.5679961249158019,1,0
0,0.32308104800222504,0,0
1,0.6280322846369988,1,0
0,0.17094405157434348,0,0
0,0.7917196884298398,1,1
1,0.8411206271055588,1,1
1,0.6180801266602284,1,0
0,0.8343756041479603,1,1
0,0.5969297285398685,1,0
0,0.3457920273244374,0,0
0,0.5813968104376362,1,0
1,0.9132499500792166,1,1
0,0.501722048172024,1,0
1,0.5832851782467897,1,0
0,0.6239132487736365,1,0
1,0.6947036959049573,1,1
1,0.4456556357681963,0,0
0,0.32604715187759914,0,0
0,0.4030072099471873,0,0
0,0.22994996239790672,0,0
0,0.3424360555603194,0,0
0,0.5473561197833559,1,0
0,0.4191833119187377,0,0
0,0.1755416273357012,0,0
0,0.22494329929355192,0,0
0,0.8606570475164436,1,1
0,0.8294722781923257,1,1
1,0.867012166149356,1,1
1,0.9026979410355128,1,1
0,0.2605703712325178,0,0
0,0.7462371620961519,1,1
1,0.8365481356405555,1,1
1,0.7282189284243497,1,1
1,0.3893170447871135,0,0
0,0.8294091682259278,1,1
0,0.7164499216070609,1,1
1,0.8443952903256782,1,1
0,0.26231406581150024,0,0
1,0.6373861048491377,1,0
0,0.564059394772086,1,0
0,0.5111780296611932,1,0
0,0.4736092639484127,0,0
0,0.30139945743598934,0,0
1,0.9176055187288348,1,1
0,0.2923451522314496,0,0
0,0.5400128102317403,1,0
0,0.4813124885545741,0,0
0,0.34875688569143026,0,0
0,0.8555419152852338,1,1
0,0.4025835026445243,0,0
0,0.35430052443573834,0,0
0,0.30610088109235073,0,0
1,0.17986892476472296,0,0
1,0.9437297972758455,1,1
1,0.8706102928903404,1,1
0,0.12274885743780946,0,0
1,0.9390743267590677,1,1
1,0.8906973137445781,1,1
0,0.5951276387724257,1,0
1,0.6670757743201257,1,0
1,0.8637941173270206,1,1
0,0.5380872041176364,1,0
0,0.6104791917615733,1,0
0,0.3966062406448947,0,0
0,0.6370419429175903,1,0
0,0.24929846915236353,0,0
0,0.2814742016408367,0,0
1,0.6326384805129301,1,0
1,0.8618022197056189,1,1
0,0.28326830722260626,0,0
1,0.7963628783657835,1,1
0,0.43285927049471945,0,0
0,0.6384013974061707,1,0
1,0.4334635024172602,0,0
0,0.37599208349078694,0,0
1,0.810707560035038,1,1
1,0.8538156938335346,1,1
0,0.5730541881439397,1,0
0,0.22545044015872112,0,0
0,0.2844299029470176,0,0
1,0.9006953267561519,1,1
0,0.695457790083928,1,1
0,0.7561940701007042,1,1
0,0.7611662178604044,1,1
0,0.6583689986600058,1,0
0,0.7565885249916059,1,1
0,0.32210899996656356,0,0
0,0.4881794468475262,0,0
1,0.872157439786598,1,1
0,0.5801249496778017,1,0
1,0.7028309098530574,1,1
0,0.45372803558507147,0,0
1,0.9430744205979804,1,1
0,0.8989692275574226,1,1
1,0.5937647283298898,1,0
0,0.807103857137919,1,1
1,0.327921345290706,0,0
0,0.6652844522963031,1,0
0,0.4731029203166453,0,0
1,0.8657566502402138,1,1
0,0.19159551458962532,0,0
1,0.26109874209668177,0,0
1,0.8445286660638656,1,1
0,0.6400350072384481,1,0
1,0.8624124274953506,1,1
0,0.6818424596070723,1,0
0,0.28218602417898314,0,0
0,0.614126131985224,1,0
0,0.5421980189193213,1,0
0,0.1950812432151376,0,0
0,0.25638768735915535,0,0
1,0.8301122064032646,1,1
1,0.6602015423981299,1,0
1,0.5378759315870649,1,0
1,0.7442308426916161,1,1
1,0.5255853367853203,1,0
1,0.7748219501233771,1,1
1,0.8451731900635856,1,1
0,0.7433128420525659,1,1
1,0.8074815821689003,1,1
0,0.3705114239314024,0,0
1,0.8840831477748108,1,1
0,0.5693658936136704,1,0
1,0.9047545404876689,1,1
0,0.6699864529676901,1,0
0,0.8563917881517734,1,1
0,0.2313994083204467,0,0
0,0.52359442891029,1,0
1,0.9590430459553277,1,1
0,0.383349346743291,0,0
0,0.6588842049517716,1,0
1,0.9112590068082899,1,1
0,0.6513978459368618,1,0
0,0.4498946327390113,0,0
0,0.7649201014515905,1,1
1,0.9250688283764968,1,1
1,0.8276650595238554,1,1
0,0.44099453901157815,0,0
0,0.12344733934808724,0,0
1,0.7744139058871978,1,1
1,0.9583829118174325,1,1
0,0.8101242924669784,1,1
0,0.7356827673341543,1,1
0,0.22340683468793449,0,0
0,0.4911044589932175,0,0
1,0.21117388491880396,0,0
0,0.7678738859049661,1,1
1,0.882278113340706,1,1
0,0.17679224941926253,0,0
0,0.5778463296861639,1,0
0,0.1326043921671197,0,0
1,0.8797039998929006,1,1
0,0.8151778273319019,1,1
0,0.36883565204040086,0,0
1,0.5871058842504825,1,0
1,0.6489948938872349,1,0
0,0.13592286813476093,0,0
0,0.2448214769902551,0,0
0,0.8001881578211509,1,1
1,0.9109086012988941,1,1
0,0.28992121517117564,0,0
0,0.7104955282015712,1,1
1,0.7805353556175157,1,1
0,0.5065677935141613,1,0
1,0.8523517794047994,1,1
0,0.5751469902844537,1,0
0,0.24733547448344292,0,0
0,0.308968028620192,0,0
1,0.9292490616055181,1,1
0,0.6432326342664247,1,0
0,0.19812356273530032,0,0
1,0.6824943049969364,1,0
0,0.45211922065927224,0,0
0,0.5760464554257974,1,0
0,0.35199828178241627,0,0
1,0.7492088780396448,1,1
1,0.340734108314329,0,0
0,0.8319644776367368,1,1
0,0.8224010285082187,1,1
0,0.16863473254020725,0,0
0,0.4276807771164314,0,0
0,0.24981838330015813,0,0
1,0.651431354363774,1,0
0,0.3551245571851247,0,0
0,0.669402881245355,1,0
1,0.5723368979485433,1,0
0,0.5418590928936435,1,0
1,0.9219416356551192,1,1
0,0.8163458679994449,1,1
0,0.7075421353422751,1,1
0,0.2629397518943808,0,0
0,0.325051957978632,0,0
1,0.5460523822516858,1,0
1,0.8119629005131129,1,1
1,0.7597706953001663,1,1
1,0.7659240471679293,1,1
0,0.20376860507738173,0,0
0,0.5593948438620977,1,0
0,0.5020565832527017,1,0
0,0.7113558352733331,1,1
0,0.24673435331198174,0,0
0,0.6051920069325405,1,0
0,0.8681717218451374,1,1
1,0.7818567802117646,1,1
1,0.905754416403895,1,1
1,0.7965868455435765,1,1
0,0.4352251172038523,0,0
0,0.5007131313670119,1,0
1,0.34682215675930217,0,0
0,0.6283143691696196,1,0
1,0.8987411930094883,1,1
0,0.6810033826682425,1,0
0,0.652406973105683,1,0
0,0.32995657780604815,0,0
0,0.2631374642049036,0,0
1,0.873624255491085,1,1
1,0.3014890112591169,0,0
0,0.8788097491015864,1,1
1,0.6357176795926537,1,0
0,0.6587883677296892,1,0
0,0.560039329869142,1,0
0,0.8264889243188438,1,1
0,0.7208317855436042,1,1
1,0.6918371529892824,1,1
0,0.5775969047790993,1,0
1,0.1930950476817996,0,0
0,0.7075156919703391,1,1
0,0.6563492544137669,1,0
1,0.9279712215930562,1,1
1,0.9613936765668398,1,1
0,0.9696278909496587,1,1
1,0.5291277607537448,1,0
0,0.8054085345345103,1,1
0,0.16598540356472788,0,0
0,0.4532436763826227,0,0
0,0.9280943593050773,1,1
0,0.1636977487255957,0,0
0,0.5524138926598076,1,0
0,0.24892912953646718,0,0
0,0.4816503491005752,0,0
1,0.8314269227936018,1,1
0,0.7844630060186363,1,1
0,0.7304794819455015,1,1
1,0.5576288350362635,1,0
0,0.4952335876879012,0,0
0,0.38616856471462535,0,0
0,0.5078335298903259,1,0
0,0.24312983534367139,0,0
0,0.9372530811602373,1,1
0,0.4103773422903435,0,0
0,0.7948707259312974,1,1
0,0.8148994056429807,1,1
1,0.8973740570569357,1,1
0,0.6614002671090157,1,0
0,0.8334518719309953,1,1
0,0.8786519438608453,1,1
1,0.7833222714300115,1,1
0,0.5237146964880656,1,0
0,0.2313218012922673,0,0
1,0.9523104528826151,1,1
0,0.491883843868564,0,0
0,0.9060127420942895,1,1
1,0.7648704665167368,1,1
0,0.43054039246618686,0,0
0,0.6216693573063486,1,0
1,0.8824973034307958,1,1
1,0.9522481095294756,1,1
1,0.8862630656310411,1,1
0,0.5093547985898776,1,0
0,0.2860666874635225,0,0
0,0.5234072111059475,1,0
1,0.8561687613598383,1,1
0,0.8032281424343274,1,1
0,0.5440688026384538,1,0
0,0.7610909067445379,1,1
0,0.23880632399501678,0,0
0,0.30889381213183387,0,0
0,0.4699110023977202,0,0
1,0.7829090574824755,1,1
0,0.7165777546714281,1,1
0,0.8305250572839556,1,1
0,0.40319511998771396,0,0
0,0.5125566114531919,1,0
0,0.4129106220551218,0,0
0,0.27944097748564095,0,0
1,0.2773896480524992,0,0
1,0.8908724470510934,1,1
0,0.6019080332104003,1,0
0,0.352105991553528,0,0
0,0.8391571500448958,1,1
1,0.7236588553446414,1,1
1,0.9547069321240194,1,1
1,0.5126742853639997,1,0
0,0.17793671486572002,0,0
0,0.17999389078390035,0,0
1,0.3419645334092052,0,0
1,0.8768163768299413,1,1
1,0.9374688808440982,1,1
0,0.6039397328976733,1,0
0,0.7917293956965701,1,1
0,0.9355405145440505,1,1
0,0.5600990108157486,1,0
0,0.2870272299494904,0,0
1,0.808565418933884,1,1
1,0.9374444277585754,1,1
0,0.23431168195485486,0,0
1,0.8909884947048546,1,1
0,0.3121688646172784,0,0
0,0.8019100124359697,1,1
0,0.5005270633149121,1,0
0,0.4458330235858445,0,0
1,0.6894863152805163,1,0
0,0.36118130352638095,0,0
0,0.27575619439680227,0,0
1,0.7682211940231138,1,1
1,0.4034787040079727,0,0
1,0.5617987004403235,1,0
1,0.9054069598434575,1,1
0,0.1429673728399993,0,0
0,0.43735638029205776,0,0
1,0.9349516131600735,1,1
1,0.8001148504732973,1,1
0,0.24139656547451355,0,0
0,0.2158248296489914,0,0
0,0.5662056538118033,1,0
0,0.174442302590046,0,0
1,0.658270839037267,1,0
0,0.43490509729884186,0,0
1,0.6949217155787311,1,1
1,0.19443222128729112,0,0
0,0.5947345117261089,1,0
1,0.9287877550196126,1,1
0,0.5295051285948845,1,0
1,0.9384161208009537,1,1
0,0.5833523691236291,1,0
1,0.9027426148417435,1,1
0,0.11120117644513097,0,0
0,0.4161939801406134,0,0
0,0.21462415623871217,0,0
0,0.6631451009127657,1,0
1,0.7727194369971389,1,1
0,0.6957303424154377,1,1
1,0.9149709091440876,1,1
1,0.7941096636297506,1,1
0,0.37731673978628216,0,0
1,0.6791039305326971,1,0
0,0.24701266419241458,0,0
1,0.927104635460027,1,1
0,0.7403514088192602,1,1
1,0.5511466590867617,1,0
0,0.20280313663490954,0,0
1,0.9079560687891757,1,1
0,0.15350658334738448,0,0
1,0.7962662636480141,1,1
0,0.48378441294785873,0,0
0,0.4293418750650311,0,0
1,0.6552326033680281,1,0
0,0.5632468715933077,1,0
0,0.5721167005881856,1,0
1,0.8328414139274782,1,1
1,0.19545438537891272,0,0
1,0.9273932629837556,1,1
0,0.2710287581177204,0,0
0,0.6785565502585686,1,0
1,0.9280241926314554,1,1
0,0.31430990001838555,0,0
1,0.9113663389131912,1,1
0,0.5257840472778353,1,0
0,0.16104474692256682,0,0
0,0.4980519010482674,0,0
0,0.7051046890396727,1,1
1,0.8972749828924991,1,1
1,0.8128845265104525,1,1
1,0.6569439231808519,1,0
0,0.6323660095844725,1,0
0,0.4082882355417719,0,0
0,0.2656979992382574,0,0
0,0.5768239240446155,1,0
1,0.9278750118976891,1,1
0,0.23022656546608294,0,0
0,0.5416428671435211,1,0
0,0.6474826735826947,1,0
1,0.5517360698784405,1,0
1,0.7147725236662987,1,1
0,0.3644090484374331,0,0
1,0.8470435630416098,1,1
0,0.5576676537584203,1,0
0,0.3023430879205351,0,0
0,0.5577736761168866,1,0
1,0.657876544503331,1,0
0,0.34709653392990747,0,0
1,0.738667009017112,1,1
1,0.6395716652688892,1,0
0,0.6939705680653779,1,1
0,0.4612329199045063,0,0
0,0.5711984300654392,1,0
0,0.18639671797545845,0,0
0,0.32897184436787713,0,0
1,0.6999267857741108,1,1
1,0.7724939312676989,1,1
0,0.5921587873811264,1,0
1,0.6414602639476268,1,0
1,0.5532749738749132,1,0
0,0.3356234770667388,0,0
0,0.9100605984775783,1,1
1,0.7280429377586167,1,1
0,0.4999814115331303,0,0
0,0.45922032518108735,0,0
0,0.8821048349009211,1,1
0,0.48342001347515046,0,0
0,0.28991529576091296,0,0
0,0.474903768788513,0,0
1,0.8041448808246434,1,1
1,0.8292321602019584,1,1
1,0.5160858792847473,1,0
1,0.6938367415661284,1,1
0,0.7582281908555896,1,1
0,0.437343491074283,0,0
0,0.7549499140181517,1,1
0,0.37411040469600915,0,0
0,0.6158480955554002,1,0
1,0.2353013782552283,0,0
0,0.4822860574827385,0,0
1,0.48370074408782177,0,0
0,0.4840469888929473,0,0
0,0.8515436887928656,1,1
1,0.6388464323933681,1,0
0,0.5654963473853122,1,0
0,0.1835777255085517,0,0
0,0.8055161769730157,1,1
0,0.5401645488580893,1,0
1,0.8358695258157142,1,1
0,0.7466492091732042,1,1
0,0.42955661281637914,0,0
0,0.5778760929068635,1,0
0,0.46885949018696443,0,0
0,0.6344440531083394,1,0
0,0.2759809470459089,0,0
0,0.5371209516924489,1,0
1,0.8691874084715097,1,1
0,0.5962613430800212,1,0
1,0.7990348002508084,1,1
1,0.8434818418160531,1,1
0,0.7569129970723233,1,1
1,0.9437297972758455,1,1
1,0.7073089554365874,1,1
0,0.5249543779280861,1,0
0,0.6428583292186295,1,0
0,0.5328439481480722,1,0
0,0.46950494446446966,0,0
0,0.8721774581727765,1,1
0,0.4021071110024357,0,0
0,0.5090757578920019,1,0
1,0.9400077446846973,1,1
0,0.48337005590955756,0,0
0,0.8870240285595938,1,1
0,0.3270687533138567,0,0
1,0.6460577728430899,1,0
0,0.19904413528577267,0,0
0,0.518327256788035,1,0
1,0.6978699869730286,1,1
1,0.962265085078691,1,1
1,0.9232445370175326,1,1
1,0.8237934482660756,1,1
0,0.7905330532981992,1,1
1,0.9146736255833714,1,1
0,0.9406335202660353,1,1
1,0.8708690328198488,1,1
0,0.15483056533252393,0,0
1,0.7300899096789019,1,1
0,0.5607156880123961,1,0
0,0.4647886785772233,0,0
1,0.8436002735700242,1,1
0,0.7712911181110256,1,1
1,0.5191497300489921,1,0
1,0.3861292011861875,0,0
0,0.7052751667002456,1,1
0,0.42977616329436774,0,0
0,0.6583324934879337,1,0
1,0.8655178920555763,1,1
1,0.7734531447921621,1,1
0,0.22391483235487086,0,0
0,0.793517961882353,1,1
1,0.7013839068011941,1,1
0,0.44731062920113024,0,0
1,0.855936503195487,1,1
1,0.6926738478697395,1,1
0,0.3938949024449159,0,0
1,0.8747575416586771,1,1
0,0.39738263125356504,0,0
1,0.7317760201292653,1,1
1,0.9194238804393643,1,1
0,0.5994238325536652,1,0
0,0.49815923997810446,0,0
0,0.625042728525495,1,0
0,0.9048173962011729,1,1
0,0.7857722832668852,1,1
0,0.3765241315277338,0,0
0,0.6428809221278158,1,0
1,0.6818387086531368,1,0
0,0.8494036734022918,1,1
0,0.19672297360517083,0,0
0,0.702261429877872,1,1
1,0.8890445695402224,1,1
0,0.704882492171714,1,1
0,0.24943056399215577,0,0
1,0.851974445786593,1,1
0,0.667155453949037,1,0
0,0.41358701939454995,0,0
0,0.9409470873011336,1,1
0,0.6368857816919973,1,0
1,0.3163684229271309,0,0
0,0.5089071150412852,1,0
1,0.872759051144911,1,1
1,0.19117095598110384,0,0
1,0.824092475454832,1,1
1,0.8682723591567112,1,1
1,0.749890247397799,1,1
1,0.9058961461785947,1,1
0,0.18658291203638064,0,0
0,0.2337664479975079,0,0
0,0.8864050369887571,1,1
0,0.38728530307727116,0,0
1,0.783443878830023,1,1
0,0.472528446967895,0,0
1,0.806441139100204,1,1
1,0.6419913641112336,1,0
1,0.8620519111734017,1,1
1,0.6333070983234719,1,0
1,0.848988521779643,1,1
0,0.43711136014956314,0,0
0,0.8995111046852032,1,1
1,0.9089640486306589,1,1
0,0.8528350596987755,1,1
0,0.1924197238704312,0,0
0,0.38965967243615895,0,0
0,0.5662201282809086,1,0
0,0.2033356828639609,0,0
0,0.411048512899524,0,0
1,0.8749523204318321,1,1
1,0.31710994994065755,0,0
0,0.45529759188597163,0,0
1,0.8647642610893996,1,1
0,0.44483986338557113,0,0
0,0.511423868713721,1,0
0,0.2035169115035636,0,0
0,0.1720985253785063,0,0
1,0.8865449899199916,1,1
0,0.32756134429516975,0,0
0,0.6714949053575615,1,0
1,0.9211541038351321,1,1
0,0.6945081190649861,1,1
1,0.8831793886499273,1,1
1,0.8997077870792783,1,1
0,0.4006220503459264,0,0
0,0.44801997955314987,0,0
1,0.7518699872748763,1,1
1,0.5595523468737418,1,0
1,0.8464541805641258,1,1
0,0.5682143605474701,1,0
1,0.7543888862780801,1,1
0,0.4974199325934373,0,0
0,0.34467753564695797,0,0
0,0.6416244136078133,1,0
1,0.8813805254038083,1,1
0,0.6845037310698865,1,0
0,0.28956658517233147,0,0
0,0.27077215132642857,0,0
0,0.4920148895634317,0,0
1,0.8595110229035892,1,1
0,0.5481483725278165,1,0
0,0.34356800424046585,0,0
0,0.11824701203083031,0,0
1,0.9368307121991755,1,1
1,0.6031243919383549,1,0
0,0.7147929738807026,1,1
1,0.8677147856593427,1,1
0,0.5023788706044126,1,0
0,0.6361279502954035,1,0
1,0.600495075288977,1,0
0,0.6264571234855583,1,0
0,0.46431852321571077,0,0
0,0.12399887297520268,0,0
0,0.1851213695345354,0,0
0,0.3973631232495465,0,0
0,0.4017114707521751,0,0
1,0.5288716728321988,1,0
0,0.6065941485585717,1,0
0,0.2362006318565788,0,0
0,0.3581892410280219,0,0
1,0.7770288805195903,1,1
1,0.8822985723525684,1,1
1,0.8479315621751352,1,1
0,0.5157384986343537,1,0
1,0.6747934518227636,1,0
1,0.8910031267113945,1,1
0,0.5357514934985566,1,0
0,0.4027547482383744,0,0
1,0.7901807636293736,1,1
0,0.9126574113729737,1,1
0,0.5737797971726604,1,0
0,0.3405270972789316,0,0
1,0.7677336716288043,1,1
0,0.7938341692983911,1,1
0,0.4460281901088959,0,0
1,0.41810673344238974,0,0
1,0.6324579647323876,1,0
0,0.11670216888835372,0,0
1,0.7453397495150631,1,1
0,0.5077838191067421,1,0
1,0.8580929519994533,1,1
1,0.535146407656754,1,0
0,0.9262358953943621,1,1
0,0.40027506428298926,0,0
1,0.9129671430326941,1,1
0,0.35070199533044155,0,0
0,0.5537138689013664,1,0
1,0.9264112747977798,1,1
0,0.4866178369919026,0,0
0,0.35050725793924997,0,0
1,0.8778099848514872,1,1
1,0.604670228148077,1,0
0,0.5501152040685305,1,0
0,0.747112149263983,1,1
1,0.6124080711315988,1,0
0,0.22397523466354016,0,0
1,0.8963911172846419,1,1
0,0.5308063008006468,1,0
0,0.3475895527388009,0,0
1,0.905129410398972,1,1
0,0.9072655539727073,1,1
1,0.7716916746335964,1,1
1,0.9234781340604297,1,1
0,0.9412740715348549,1,1
0,0.31382570497632273,0,0
0,0.14138327290431887,0,0
1,0.8822322431441726,1,1
0,0.2317308942974139,0,0
0,0.47672538916834445,0,0
1,0.934231550286302,1,1
0,0.5834391908679051,1,0
0,0.305905410238712,0,0
1,0.811642168652796,1,1
0,0.2850745086440796,0,0
1,0.7150612934675205,1,1
0,0.23950895316466264,0,0
0,0.3398400282015572,0,0
1,0.8523912855196973,1,1
1,0.8805240594843239,1,1
0,0.33688697596475714,0,0
0,0.6235898617989221,1,0
1,0.903099765676643,1,1
0,0.893064531140858,1,1
0,0.7287305672341681,1,1
0,0.4986188902151627,0,0
0,0.7323836486336188,1,1
0,0.6309386808154348,1,0
1,0.9440888735349952,1,1
1,0.6149962512813328,1,0
0,0.4716334566374684,0,0
0,0.17583513709780987,0,0
1,0.9170569184246579,1,1
0,0.3874822610949415,0,0
0,0.8746096479176795,1,1
1,0.9045319793081473,1,1
0,0.2856299889291834,0,0
0,0.7787717195325579,1,1
1,0.534150377331153,1,0
0,0.7746060821672454,1,1
1,0.7712906826450664,1,1
0,0.7391615879937139,1,1
0,0.6096779648631347,1,0
0,0.5695819447350703,1,0
0,0.7647425670270143,1,1
0,0.37518761658443006,0,0
1,0.7875289462656911,1,1
0,0.7632805557652311,1,1
1,0.9524415883951838,1,1
0,0.26756506723017137,0,0
1,0.7703434139176555,1,1
1,0.5912077667547029,1,0
0,0.6911272472168487,1,1
0,0.4231994436075246,0,0
0,0.5129955686398242,1,0
0,0.22956660803051618,0,0
0,0.8329915876075198,1,1
0,0.3645460353026545,0,0
1,0.8832372900262703,1,1
0,0.7092544762545069,1,1
1,0.5089132657886899,1,0
1,0.8577123192812488,1,1
0,0.6667684180346223,1,0
0,0.2781545239179914,0,0
0,0.3671940524895751,0,0
0,0.39985675043758867,0,0
1,0.8696332715444941,1,1
0,0.413853051255634,0,0
1,0.7532291721541026,1,1
0,0.7147245766349707,1,1
0,0.6457832826556991,1,0
0,0.9098270776825331,1,1
1,0.4172786539298282,0,0
1,0.8494693838613717,1,1
1,0.9678050449344973,1,1
0,0.30356526862738314,0,0
1,0.9303903275895661,1,1
0,0.8620728048419238,1,1
0,0.29700810364528374,0,0
1,0.8511054706778473,1,1
0,0.5466839185838863,1,0
0,0.7154531214702718,1,1
0,0.3577858706580793,0,0
0,0.5507608310472923,1,0
0,0.8727294143124291,1,1
0,0.40146325202190947,0,0
0,0.7574565232852553,1,1
0,0.4391466638951384,0,0
1,0.753123258159521,1,1
0,0.4901526094812117,0,0
1,0.9481666057999042,1,1
1,0.7729736829482199,1,1
0,0.32228499110136005,0,0
1,0.9243819398212901,1,1
0,0.48426105757064597,0,0
0,0.4801909483640249,0,0
0,0.5345556977857158,1,0
0,0.5287682270204199,1,0
0,0.634375496981927,1,0
0,0.32485479339804296,0,0
0,0.4426315894324605,0,0
1,0.8277493114573587,1,1
0,0.46849591429818166,0,0
0,0.5354064053885249,1,0
0,0.37752563950643125,0,0
1,0.8852594025426632,1,1
0,0.6460964321791726,1,0
0,0.7288326327942397,1,1
1,0.3794271339979419,0,0
1,0.7782418194252966,1,1
0,0.6614898442558184,1,0
0,0.6141429133936387,1,0
1,0.5467099406587456,1,0
0,0.7098574727257831,1,1
0,0.6953886332684588,1,1
0,0.6473589071442778,1,0
1,0.8668520093369835,1,1
0,0.6281919761327556,1,0
1,0.9057336292215492,1,1
1,0.6862976017374863,1,0
0,0.9165070181381958,1,1
0,0.8042487259656538,1,1
0,0.1388507610612032,0,0
1,0.9660313332602696,1,1
0,0.4975953004276618,0,0
0,0.6442215997454882,1,0
0,0.4763153033246126,0,0
0,0.3880894152176249,0,0
1,0.6450690231624155,1,0
1,0.9366784602275701,1,1
0,0.30053291446545877,0,0
1,0.8631868926003583,1,1
0,0.6872326689075104,1,0
0,0.589588777460922,1,0
0,0.8254495651329189,1,1
1,0.8225023531291357,1,1
1,0.6089971773801613,1,0
0,0.5712860197520807,1,0
0,0.9550326628892438,1,1
0,0.37517517670171113,0,0
0,0.5210244772054422,1,0
1,0.6174207526040061,1,0
1,0.8299132113996943,1,1
0,0.3978291518087687,0,0
0,0.36966089598209756,0,0
0,0.5541119700773495,1,0
0,0.6539501200203207,1,0
1,0.8516695682929967,1,1
0,0.32633130654228554,0,0
0,0.9104051771525906,1,1
0,0.9491552087497563,1,1
1,0.6694178354046021,1,0
0,0.20285954460866276,0,0
0,0.671086832971006,1,0
0,0.6047634918805747,1,0
0,0.7664519518129267,1,1
0,0.39004054899754215,0,0
0,0.7515343864461406,1,1
1,0.8755003377127337,1,1
0,0.4452179351684941,0,0
0,0.827126205277985,1,1
1,0.5956231903306572,1,0
0,0.42661638119948725,0,0
1,0.9145164762689073,1,1
1,0.9072408292984259,1,1
0,0.24234023702175897,0,0
1,0.8286538107763405,1,1
0,0.746684951156234,1,1
0,0.20317567029075287,0,0
0,0.2116021718088104,0,0
0,0.6983864517086846,1,1
1,0.9467437406030901,1,1
1,0.9102692129802115,1,1
0,0.21297517496993304,0,0
0,0.5533949189631348,1,0
0,0.8217389502037695,1,1
1,0.956436488915118,1,1
1,0.9410783990017713,1,1
0,0.2703549109013749,0,0
0,0.1503878670548966,0,0
0,0.4322666633013611,0,0
0,0.6125650459430335,1,0
0,0.7131306062523076,1,1
0,0.2658217286455298,0,0
0,0.2536471474220995,0,0
0,0.8142885967209461,1,1
0,0.7577843662585939,1,1
1,0.5992723243372439,1,0
1,0.7428196753769715,1,1
0,0.7175271807849936,1,1
0,0.37002907078050196,0,0
0,0.5851013313869594,1,0
1,0.7724799188514838,1,1
1,0.7432354623398376,1,1
1,0.9712312293287813,1,1
1,0.9009542484103206,1,1
1,0.6871861833443329,1,0
0,0.25352603902011833,0,0
0,0.7199177207070304,1,1
0,0.5536688892667846,1,0
1,0.37197084062570956,0,0
0,0.23499599146399378,0,0
0,0.7260243263073999,1,1
1,0.6547845714626256,1,0
0,0.35133116261216724,0,0
0,0.9077585924453353,1,1
0,0.5984951193836228,1,0
1,0.39726585288550015,0,0
0,0.36522621662375343,0,0
0,0.7265928210305329,1,1
1,0.7597738829759834,1,1
0,0.5254025994399084,1,0
1,0.6570346137304565,1,0
0,0.5607499381651705,1,0
1,0.934914363797475,1,1
1,0.7529625359461134,1,1
1,0.8589806276433407,1,1
1,0.9076323784577165,1,1
0,0.8874859519958679,1,1
0,0.667398871845588,1,0
1,0.8617678407792682,1,1
1,0.5633331762208162,1,0
0,0.5557395932822493,1,0
0,0.6987464466701261,1,1
1,0.6061228191949108,1,0
1,0.9465468522371318,1,1
1,0.827094944311559,1,1
0,0.1734738680379007,0,0
1,0.8562659802769509,1,1
0,0.40032060795639834,0,0
1,0.8710322048952887,1,1
1,0.7080523972903842,1,1
1,0.6312391622314777,1,0
0,0.5386455286509563,1,0
0,0.7874602630400522,1,1
0,0.29151168269657896,0,0
0,0.17431250452893948,0,0
0,0.8196844765963476,1,1
0,0.8726583222474994,1,1
1,0.7488860092537973,1,1
1,0.4810975763595709,0,0
0,0.5164321675394341,1,0
1,0.9163614335321377,1,1
0,0.5378547745878791,1,0
1,0.741554981332828,1,1
0,0.2868252161049862,0,0
0,0.1684729026350297,0,0
0,0.7105410626408808,1,1
0,0.8174382135381546,1,1
0,0.5460260379414705,1,0
0,0.517277820015813,1,0
0,0.7042475562196399,1,1
1,0.8774360758038883,1,1
0,0.6406558087959539,1,0
0,0.4955940985329016,0,0
0,0.2994293406769571,0,0
1,0.5645853263114539,1,0
1,0.6457102422000881,1,0
1,0.8752206025193331,1,1
1,0.7874934654043279,1,1
0,0.3405805438824602,0,0
1,0.636319941611739,1,0
1,0.7749839135097406,1,1
1,0.37941279339393624,0,0
0,0.7485274808290117,1,1
0,0.5697152467483277,1,0
0,0.7250740618817075,1,1
1,0.8993705847507403,1,1
0,0.3463487054721383,0,0
0,0.36673734027430754,0,0
0,0.620672178032961,1,0
1,0.9088065097649954,1,1
0,0.23782668617023886,0,0
0,0.3573281252119347,0,0
0,0.3989641692814962,0,0
0,0.17705462889279852,0,0
0,0.31454667622092725,0,0
1,0.9013734911181245,1,1
0,0.6154373607011964,1,0
1,0.8074006478790468,1,1
1,0.9084881271539421,1,1
0,0.5110758974754476,1,0
1,0.8531640876056433,1,1
0,0.5385477232457458,1,0
1,0.8828232926431699,1,1
0,0.7227915890607329,1,1
0,0.6098554804746311,1,0
1,0.8130029593891458,1,1
0,0.2788923800769197,0,0
0,0.2867463357804244,0,0
0,0.8133526953023754,1,1
0,0.7387904792200627,1,1
1,0.46284773330276635,0,0
1,0.8979774177276973,1,1
0,0.39984865578544593,0,0
1,0.2746380814083501,0,0
0,0.8259871695207344,1,1
0,0.7614497130604352,1,1
1,0.9293553083345509,1,1
0,0.10771263249255647,0,0
1,0.9110302032796067,1,1
1,0.930200214794098,1,1
0,0.34183560894014925,0,0
0,0.8883942034114969,1,1
1,0.6849530696636111,1,0
0,0.44927862938628105,0,0
0,0.627625072638713,1,0
0,0.22301961052990021,0,0
0,0.44838315246864097,0,0
0,0.5875683730421616,1,0
1,0.8391385980276093,1,1
0,0.34904638834494944,0,0
0,0.23693251112858382,0,0
1,0.5205858211493094,1,0
1,0.8089060170621575,1,1
1,0.6683754486455346,1,0
1,0.8753338898734488,1,1
1,0.9258961426355976,1,1
0,0.14798446706950472,0,0
1,0.5582803292215378,1,0
0,0.7438647688769339,1,1
0,0.6154266505810303,1,0
0,0.40223143402975137,0,0
0,0.38415080555631365,0,0
1,0.7896315610410038,1,1
1,0.724711135577621,1,1
1,0.46069932867532654,0,0
1,0.5225513486748815,1,0
0,0.6226845132337538,1,0
0,0.6110918141615085,1,0
0,0.31351516233295756,0,0
0,0.5507085707577914,1,0
1,0.5908498729938152,1,0
1,0.8526005230266891,1,1
1,0.779239760272069,1,1
0,0.6447199964852911,1,0
1,0.706242548407711,1,1
0,0.8607815531047862,1,1
0,0.8304055992914575,1,1
0,0.5273554532197688,1,0
1,0.7002493730073791,1,1
0,0.6956189434782206,1,1
0,0.5860071618089564,1,0
1,0.9110482215627834,1,1
0,0.6099438561194253,1,0
1,0.8809980920512251,1,1
0,0.607578516658862,1,0
0,0.1716487311045082,0,0
1,0.6831341224700657,1,0
1,0.966882910095042,1,1
0,0.7443989462823445,1,1
0,0.3292406471974788,0,0
0,0.8700558657845281,1,1
1,0.8640183673811545,1,1
1,0.9255821656372859,1,1
1,0.8333910504358708,1,1
1,0.6659073668030139,1,0
0,0.5099405711218076,1,0
1,0.7783340095765791,1,1
0,0.17847525280324467,0,0
1,0.8001150205406534,1,1
0,0.5939478410171569,1,0
0,0.9463400804081773,1,1
0,0.6136548111599107,1,0
0,0.7470058470474186,1,1
1,0.9603287788438101,1,1
0,0.28202167841214937,0,0
0,0.6364383988295241,1,0
0,0.5545140041444234,1,0
1,0.4687763857288051,0,0
1,0.7244497366117262,1,1
0,0.09845549503241195,0,0
0,0.9009839391540294,1,1
1,0.8449063005294664,1,1
0,0.7776359500806338,1,1
0,0.8116567171743173,1,1
0,0.37387593248314915,0,0
0,0.8658003374160584,1,1
0,0.6414692556457022,1,0
0,0.6040769312840621,1,0
1,0.9117486596423607,1,1
1,0.8280827843097375,1,1
0,0.24848392620859763,0,0
1,0.9503669584563366,1,1
0,0.41812208121058636,0,0
0,0.17847525280324467,0,0
1,0.6628222296879677,1,0
1,0.8714569584984937,1,1
0,0.8567678225766492,1,1
0,0.5239977988541369,1,0
0,0.8029169846247189,1,1
1,0.9122517390688463,1,1
1,0.8711683173735196,1,1
1,0.960257236774658,1,1
1,0.8048056870539352,1,1
0,0.3697841888285799,0,0
0,0.2495408864730911,0,0
0,0.07833085046498924,0,0
0,0.16999722284331867,0,0
0,0.9459067096491653,1,1
0,0.8351787981860341,1,1
0,0.6402330382076341,1,0
0,0.39661539344860947,0,0
0,0.7561253822700319,1,1
0,0.12569748369975284,0,0
1,0.9358229209549164,1,1
1,0.7145180057149902,1,1
0,0.7981265326185295,1,1
0,0.4108932245764297,0,0
0,0.16296079025331545,0,0
1,0.8830925794839226,1,1
1,0.9609408041194087,1,1
1,0.8139888889481028,1,1
1,0.778239224381263,1,1
0,0.3340168150284569,0,0
0,0.6716614740853977,1,0
0,0.3696993872322149,0,0
0,0.23308602206113765,0,0
0,0.2752429628809614,0,0
1,0.796288227466571,1,1
0,0.5756939065026788,1,0
0,0.7028534352347151,1,1
0,0.1726518885754284,0,0
0,0.20503099100440594,0,0
0,0.3165554080821692,0,0
0,0.23398006456755574,0,0
0,0.6318152162499294,1,0
1,0.9219416356551192,1,1
0,0.5336881101600525,1,0
1,0.9437297972758455,1,1
1,0.7410045101955509,1,1
0,0.22340234313479249,0,0
0,0.2531308761952934,0,0
0,0.753585500879296,1,1
0,0.3730633786412533,0,0
0,0.7191721850997418,1,1
1,0.5003262567497022,1,0
0,0.48125992027896064,0,0
0,0.4448011502185647,0,0
0,0.9513226824692563,1,1
0,0.7231614695203509,1,1
0,0.8203583521898993,1,1
0,0.33025080524340766,0,0
0,0.2737396534644446,0,0
0,0.5750950920056964,1,0
0,0.8971811234634439,1,1
0,0.8176840680178743,1,1
0,0.6228188408378137,1,0
0,0.5485323484007794,1,0
1,0.8690189962049113,1,1
0,0.6433493948620855,1,0
0,0.8401169709455749,1,1
1,0.9080368961095447,1,1
1,0.829665464276084,1,1
0,0.3890365827706393,0,0
0,0.5389188526061481,1,0
1,0.5661871362989234,1,0
0,0.1968416667432283,0,0
1,0.8877647687750694,1,1
1,0.7840920743069436,1,1
0,0.3052966881978014,0,0
0,0.8253743190176442,1,1
0,0.37811736896106257,0,0
0,0.34181190172778,0,0
0,0.5928934619635389,1,0
0,0.3955428582916587,0,0
1,0.452382394664474,0,0
1,0.8403615373835328,1,1
0,0.3898240468984351,0,0
0,0.24504201901155415,0,0
0,0.20357353878230458,0,0
0,0.43511887905102764,0,0
0,0.3137739951554187,0,0
0,0.3654587977797388,0,0
0,0.6114424324708152,1,0
0,0.6956276708133792,1,1
0,0.3623437981215471,0,0
1,0.7463354391606413,1,1
0,0.6677158425071844,1,0
0,0.2752940832236006,0,0
0,0.20786483092480032,0,0
1,0.7199700021631201,1,1
0,0.29970047171929826,0,0
1,0.5035122956666515,1,0
0,0.18563492505427687,0,0
0,0.48649776391625305,0,0
0,0.5450265771189413,1,0
1,0.6374076683380804,1,0
0,0.5185362379064546,1,0
0,0.7598152069220128,1,1
0,0.31169264800394897,0,0
0,0.9226010286860372,1,1
0,0.9289306935518536,1,1
1,0.7127833410733766,1,1
0,0.42107702960433163,0,0
0,0.875447878553225,1,1
0,0.2524730348161843,0,0
1,0.8555517140092356,1,1
0,0.3411943665451339,0,0
0,0.5893485952602556,1,0
0,0.26885158901745065,0,0
0,0.47325515485235997,0,0
0,0.8179710007330195,1,1
0,0.4327262358368775,0,0
1,0.7176174092643779,1,1
1,0.6579534860201144,1,0
1,0.8858693266063967,1,1
1,0.5861610953140203,1,0
1,0.725309560598743,1,1
0,0.6216358680284082,1,0
1,0.8985151127156183,1,1
1,0.9305753864533292,1,1
0,0.2669215349400035,0,0
0,0.549377489588679,1,0
1,0.6942938522242836,1,1
0,0.5948565004254341,1,0
1,0.9355651801420602,1,1
0,0.4135381899004259,0,0
1,0.8940295983432308,1,1
0,0.25956000841603233,0,0
1,0.8631474414214674,1,1
1,0.8876963309647684,1,1
1,0.9269460394919876,1,1
0,0.4429628917994627,0,0
1,0.9549962066175588,1,1
1,0.8834554688658747,1,1
1,0.783748908879968,1,1
0,0.2837807969494178,0,0
0,0.40504657790015197,0,0
0,0.6020418471732364,1,0
0,0.5772358411174522,1,0
0,0.8744680457817297,1,1
0,0.7874127996902761,1,1
1,0.9285119460459309,1,1
1,0.8987202378761479,1,1
1,0.6625896036071873,1,0
0,0.7728191950545276,1,1
1,0.8593556915524857,1,1
1,0.9141032370424046,1,1
1,0.8869328544497405,1,1
0,0.5350797004958598,1,0
0,0.7586098778044249,1,1
1,0.8447706473057743,1,1
1,0.8581134724763207,1,1
1,0.9525689481912593,1,1
0,0.45300740547130786,0,0
0,0.6530578609057313,1,0
1,0.879791818641305,1,1
1,0.6025060635407163,1,0
0,0.680390849541671,1,0
1,0.8964846297510467,1,1
0,0.6082505031234158,1,0
0,0.1779016664176151,0,0
0,0.6756079927492618,1,0
1,0.8738225024075074,1,1
1,0.7792244912605838,1,1
0,0.25603846389256973,0,0
0,0.18394525340323054,0,0
0,0.44517440130152763,0,0
0,0.37998745823284963,0,0
0,0.6317850144803958,1,0
0,0.32779940342379776,0,0
1,0.9046021959713765,1,1
0,0.8869970405675367,1,1
1,0.8601646830760873,1,1
0,0.5466039566673577,1,0
1,0.49783503907723425,0,0
0,0.691071365317678,1,1
0,0.9172164178512626,1,1
1,0.5482645404342774,1,0
1,0.8785880843383378,1,1
0,0.339055928660087,0,0
0,0.4723691649218356,0,0
1,0.5752742640378183,1,0
0,0.8612475763962678,1,1
1,0.6910701893576116,1,1
0,0.8236891904689155,1,1
0,0.637508066515631,1,0
0,0.6374430414408835,1,0
0,0.14315811381846205,0,0
1,0.834116147990839,1,1
0,0.39978644973501504,0,0
0,0.699460584871626,1,1
1,0.8056237452347005,1,1
1,0.842133124326496,1,1
0,0.4662933524368694,0,0
0,0.587014239902155,1,0
0,0.6686953527946896,1,0
1,0.8302827620892717,1,1
0,0.3524878606658855,0,0
1,0.926671313212203,1,1
0,0.7359973559524905,1,1
0,0.18266402749147062,0,0
1,0.6173409395794844,1,0
0,0.13191595106118142,0,0
1,0.8240913420137377,1,1
0,0.3487058319282033,0,0
1,0.8006503083334203,1,1
1,0.329178288017114,0,0
1,0.909364812290019,1,1
0,0.4604165109691178,0,0
1,0.9632968655398305,1,1
1,0.3411447481964885,0,0
0,0.7224573472660507,1,1
0,0.373999032058109,0,0
0,0.9280311546697317,1,1
1,0.7211046561016298,1,1
0,0.655287433578312,1,0
0,0.8143185091583302,1,1
1,0.9575989339773948,1,1
0,0.7124928961573486,1,1
0,0.7617833415349118,1,1
1,0.9043615374011623,1,1
0,0.9095813603423677,1,1
0,0.5027542322034863,1,0
0,0.7207045680181859,1,1
0,0.6676913382731536,1,0
1,0.38090007981843865,0,0
1,0.7967467403592139,1,1
1,0.8681989810940418,1,1
0,0.18491155831795,0,0
0,0.8925146366701133,1,1
0,0.8630431747335013,1,1
1,0.8598593212140896,1,1
0,0.40945024376133604,0,0
0,0.8674209705994339,1,1
0,0.21315139088760884,0,0
0,0.647253651890447,1,0
1,0.658465600862392,1,0
1,0.8403967553120459,1,1
0,0.1980766538277438,0,0
1,0.6401628835423552,1,0
1,0.6962904011751935,1,1
0,0.7486137029524136,1,1
0,0.5470928844034386,1,0
1,0.41555349493237875,0,0
0,0.6163229766149199,1,0
0,0.44078810141433283,0,0
0,0.8228767341990345,1,1
1,0.866715793062301,1,1
0,0.5288490171184819,1,0
1,0.967428136482431,1,1
1,0.7700853223289077,1,1
0,0.37510048865867957,0,0
0,0.23046099177018176,0,0
1,0.9222677699090227,1,1
0,0.7214906068022281,1,1
0,0.3844488362978577,0,0
0,0.4435819060542055,0,0
1,0.7658366108859753,1,1
0,0.5413954031897069,1,0
0,0.33975687252493203,0,0
0,0.6199833073734533,1,0
1,0.8871801270472716,1,1
0,0.5710735487335807,1,0
0,0.4276999730547965,0,0
0,0.2045364744222391,0,0
0,0.65697513144421,1,0
0,0.9057850610599765,1,1
0,0.2841133876142572,0,0
0,0.2514559788974594,0,0
1,0.405242306730183,0,0
0,0.5442169819492433,1,0
0,0.5075614610273331,1,0
0,0.90078830670359,1,1
0,0.6046994236366746,1,0
1,0.8283455717923356,1,1
0,0.5730635967413462,1,0
0,0.38148755500150106,0,0
1,0.2650383423255258,0,0
0,0.47172470479562045,0,0
1,0.6787112030379895,1,0
1,0.8167450545267632,1,1
0,0.9616993538512055,1,1
1,0.5984312328047516,1,0
0,0.6122516170471788,1,0
0,0.2914530454597393,0,0
1,0.802529952949375,1,1
1,0.9268956346498602,1,1
0,0.8374956019729377,1,1
1,0.914176246264597,1,1
0,0.23230558726288617,0,0
0,0.24575381545149738,0,0
1,0.8407893993221336,1,1
0,0.2005205320255555,0,0
0,0.25403963740972774,0,0
0,0.6109746997800386,1,0
0,0.20998371263250945,0,0
0,0.3650617728046815,0,0
1,0.538150765627057,1,0
0,0.18448314700325857,0,0
1,0.9395519204711656,1,1
0,0.8228525881363223,1,1
1,0.5463307931752547,1,0
0,0.6733304100511974,1,0
0,0.6577407446285396,1,0
0,0.19599363901877967,0,0
1,0.7957858430094162,1,1
0,0.27246478822438847,0,0
0,0.16177018245750346,0,0
1,0.7999004429645273,1,1
0,0.4350893399055798,0,0
0,0.5224653209926057,1,0
0,0.36505917055151943,0,0
0,0.8930503258331369,1,1
0,0.800893080142471,1,1
0,0.4330387440211127,0,0
0,0.5509769099778737,1,0
0,0.6498567920588015,1,0
0,0.9055237604220298,1,1
0,0.8548184092193423,1,1
0,0.4467317222975994,0,0
0,0.3849513858213017,0,0
0,0.9271914964796921,1,1
0,0.8502767413429936,1,1
1,0.7221198669091139,1,1
1,0.845998280375174,1,1
1,0.7802675056975243,1,1
0,0.49535615914254777,0,0
0,0.22296145806480044,0,0
0,0.6738404686241777,1,0
0,0.5908310880989177,1,0
0,0.8434469801129817,1,1
0,0.573367682960755,1,0
0,0.5524335141577249,1,0
1,0.7976069881923272,1,1
1,0.44169518922202533,0,0
1,0.20157093126997705,0,0
0,0.429255503991265,0,0
0,0.8590289272100325,1,1
1,0.5768410407698717,1,0
0,0.30239540468755616,0,0
1,0.8857631166546943,1,1
0,0.5547826659442484,1,0
0,0.7635308397609628,1,1
1,0.5261541959851161,1,0
1,0.7879673696037802,1,1
0,0.7984713566320866,1,1
1,0.6678761838395552,1,0
0,0.4940130726143276,0,0
0,0.3938321595576254,0,0
0,0.6128704062591723,1,0
0,0.66627186325256,1,0
1,0.9402474541724907,1,1
0,0.30072168698965557,0,0
0,0.3086256525741883,0,0
1,0.9151097101353938,1,1
0,0.890556722591794,1,1
0,0.351017840221814,0,0
1,0.9487860713208557,1,1
1,0.28347416632586714,0,0
0,0.7230486233353289,1,1
1,0.9339207325202682,1,1
1,0.7302544059209578,1,1
0,0.3963601728732676,0,0
0,0.3274362543068953,0,0
0,0.3475366413472924,0,0
1,0.7658611941022458,1,1
0,0.20761692583501173,0,0
0,0.9002139726269559,1,1
1,0.6440993734423348,1,0
1,0.8099454790042071,1,1
