y_true,proba,pred_05,pred_best_f1
1,0.22455795278282636,0,0
0,0.4891629286762238,0,1
0,0.14103548669280241,0,0
1,0.8189476621720545,1,1
1,0.7332912736385824,1,1
1,0.6911419340347172,1,1
0,0.5317030391688039,1,1
0,0.15768511965108095,0,0
1,0.7425898725047857,1,1
1,0.7897150479169146,1,1
0,0.44612671382937186,0,0
0,0.20389114303805547,0,0
1,0.42282034030527166,0,0
1,0.4537794189523845,0,0
1,0.7055526167001538,1,1
0,0.17676592766278232,0,0
0,0.10674502668920163,0,0
1,0.8979518912570712,1,1
0,0.172039073431577,0,0
0,0.03257834996233065,0,0
0,0.24907465541176146,0,0
0,0.05420190285381661,0,0
0,0.3727459077249119,0,0
1,0.5913843681739612,1,1
0,0.4730190159319095,0,1
0,0.22522573909990534,0,0
0,0.4458279540366048,0,0
1,0.7853954052548465,1,1
0,0.4518052355408382,0,0
0,0.3372995415839685,0,0
1,0.9030810580449145,1,1
0,0.138675020049921,0,0
0,0.22775640842601758,0,0
0,0.0542414001584706,0,0
0,0.46553041545923746,0,0
0,0.22026231122367387,0,0
0,0.5843245657891742,1,1
0,0.36825695688677873,0,0
0,0.07224023143383235,0,0
1,0.8221073197525628,1,1
1,0.6890448086205045,1,1
1,0.6213816867571732,1,1
0,0.4662343200550087,0,0
0,0.2825445049895676,0,0
0,0.22645864121322815,0,0
1,0.7705639447490884,1,1
0,0.5536789950241654,1,1
0,0.09111892174152014,0,0
0,0.86132236619479,1,1
0,0.41233435667085166,0,0
0,0.3951895448669353,0,0
0,0.18770137585633934,0,0
1,0.3442337049803322,0,0
0,0.13084734730462685,0,0
0,0.13915610000296677,0,0
1,0.49984091707842043,0,1
1,0.888083910812851,1,1
0,0.7687610683693911,1,1
0,0.7598465235020876,1,1
0,0.29066461403661425,0,0
1,0.9273086850168932,1,1
0,0.09882116621950485,0,0
0,0.25557655771746257,0,0
0,0.9069485049730218,1,1
1,0.7759877182368075,1,1
1,0.9368244251377614,1,1
0,0.37652596978914676,0,0
0,0.07263738014050695,0,0
1,0.5197326924323356,1,1
0,0.11778697309785342,0,0
0,0.1453340664742214,0,0
1,0.6571512931874849,1,1
1,0.8131373828164679,1,1
1,0.21654765156837752,0,0
1,0.9241385214537986,1,1
1,0.710472995902143,1,1
1,0.4089639004464388,0,0
1,0.6578766653285613,1,1
0,0.470027228391214,0,1
0,0.5880572334963238,1,1
0,0.5693020977482377,1,1
0,0.14074685460950387,0,0
1,0.4557262567002053,0,0
0,0.7077284368608192,1,1
1,0.3582098448179644,0,0
0,0.21377047114796452,0,0
1,0.8427209312430727,1,1
1,0.9006571842818911,1,1
0,0.1619877922821229,0,0
0,0.5091974443644888,1,1
1,0.4473306553826151,0,0
0,0.7562873477173265,1,1
0,0.823830467955876,1,1
0,0.5134632493041134,1,1
0,0.9080831036698893,1,1
1,0.8554601048360154,1,1
0,0.33827393672491524,0,0
0,0.22725386995332403,0,0
0,0.03487162365204723,0,0
0,0.3954865951047023,0,0
1,0.9586106600172941,1,1
1,0.632860800157317,1,1
0,0.6274384665855,1,1
0,0.4083113040525555,0,0
0,0.1599280333104147,0,0
0,0.3119964200459312,0,0
0,0.17725798466113915,0,0
1,0.3517165434774748,0,0
0,0.48741409653204726,0,1
1,0.8760677011287802,1,1
0,0.24791685196781407,0,0
1,0.7939788711789696,1,1
1,0.6970803407824265,1,1
0,0.1667372502155906,0,0
0,0.1920802437745169,0,0
0,0.6465763653368035,1,1
0,0.4219717923458469,0,0
1,0.7049706426389742,1,1
0,0.30188098471416164,0,0
0,0.31156182233185453,0,0
0,0.18955528084013584,0,0
0,0.7167196335417322,1,1
0,0.33797835155351386,0,0
1,0.69307310429854,1,1
0,0.08917808250202257,0,0
1,0.25507844094558596,0,0
0,0.25230211346288567,0,0
1,0.7071545008178681,1,1
0,0.3477298078834192,0,0
0,0.14674499244628092,0,0
1,0.7497305790090476,1,1
1,0.8089961060180548,1,1
1,0.538411223557109,1,1
0,0.31301627750729916,0,0
1,0.8377359894421178,1,1
1,0.738139344684953,1,1
0,0.4606043890781064,0,0
0,0.06163834461813148,0,0
0,0.24622346191218628,0,0
0,0.33430950321426156,0,0
0,0.3019905383064451,0,0
1,0.2735231866533866,0,0
0,0.2473112534570358,0,0
0,0.46138158985794836,0,0
1,0.6257422519055592,1,1
0,0.21084260083677356,0,0
0,0.23308934896797515,0,0
0,0.10653583757884305,0,0
0,0.2646378542063451,0,0
0,0.12557224504601958,0,0
1,0.9218744881893203,1,1
1,0.09697851488569052,0,0
0,0.1349873872247808,0,0
0,0.930804550590938,1,1
1,0.8427917629701044,1,1
1,0.6467627081642469,1,1
0,0.47917320505750904,0,1
0,0.2503212414495437,0,0
0,0.14007205934505917,0,0
1,0.8373753547812589,1,1
0,0.10609830035975501,0,0
0,0.2568551050535651,0,0
0,0.06292120170741829,0,0
1,0.7099215830825708,1,1
0,0.4748547606661617,0,1
1,0.47701061128982547,0,1
0,0.24779355311256496,0,0
0,0.21905905575049495,0,0
1,0.15152073305576516,0,0
1,0.7079975175783665,1,1
1,0.820605473014271,1,1
0,0.25769880395090833,0,0
0,0.8006393269100603,1,1
1,0.6273741239803656,1,1
1,0.941653592518824,1,1
0,0.5214472194370262,1,1
0,0.4707715814731751,0,1
1,0.494104369904308,0,1
0,0.12314878161298387,0,0
0,0.23997563372689829,0,0
1,0.6898878735592292,1,1
0,0.13997554653410277,0,0
0,0.11550388089491986,0,0
0,0.15116299253650897,0,0
0,0.141815586447978,0,0
0,0.3850102538234372,0,0
0,0.12535467244472673,0,0
0,0.645995597923077,1,1
1,0.7709856899682227,1,1
1,0.6780762374147896,1,1
1,0.7959333448028705,1,1
0,0.16582763467698153,0,0
0,0.3804759308691113,0,0
0,0.13474870987908077,0,0
0,0.07993801796737673,0,0
0,0.6617680344665486,1,1
1,0.9349738597445879,1,1
0,0.5636260882036102,1,1
1,0.7431563792371243,1,1
0,0.09859718186467153,0,0
1,0.11667527335962098,0,0
1,0.6635534748198555,1,1
0,0.5180215786863953,1,1
1,0.6936629077313144,1,1
0,0.42701350903953816,0,0
1,0.7143944544368411,1,1
0,0.20162732463876384,0,0
0,0.39199063917853794,0,0
0,0.25973421270685904,0,0
1,0.7689324162390224,1,1
0,0.2522133996046195,0,0
1,0.5541982704180022,1,1
1,0.3404679142332044,0,0
0,0.132454110668296,0,0
1,0.44303339600014974,0,0
0,0.5229961057501739,1,1
1,0.8865390284431643,1,1
0,0.3892197452160625,0,0
1,0.6301296913612904,1,1
0,0.19023935715892576,0,0
0,0.7901539990402755,1,1
0,0.2992078809604441,0,0
0,0.3427173811879552,0,0
0,0.06326291625556603,0,0
1,0.8842689014448776,1,1
1,0.805017539483647,1,1
0,0.3076467118964311,0,0
1,0.5334703730971939,1,1
1,0.9144302633705855,1,1
0,0.25109631037351715,0,0
0,0.29488701499761205,0,0
1,0.6954259560680925,1,1
1,0.7620382239328406,1,1
0,0.04109432840986293,0,0
0,0.2138541950739017,0,0
0,0.25312333400025244,0,0
1,0.35210431226174643,0,0
0,0.4191601525893142,0,0
1,0.8332107117829567,1,1
0,0.13450501200319895,0,0
0,0.1910030913186966,0,0
0,0.5975871217268731,1,1
0,0.5245187859903154,1,1
0,0.3088840474985057,0,0
1,0.9143030242111014,1,1
0,0.2741162569327084,0,0
0,0.3674757883684511,0,0
0,0.09936590276444648,0,0
0,0.3581027954025757,0,0
0,0.251626598544847,0,0
1,0.45612713147031425,0,0
1,0.6750019434789155,1,1
0,0.10446751448186001,0,0
0,0.7036158159584389,1,1
0,0.4021082951339581,0,0
0,0.4471821225755474,0,0
1,0.2976548557291348,0,0
0,0.07982213142172734,0,0
0,0.28429197799302874,0,0
1,0.59794347716791,1,1
0,0.14147849159724687,0,0
0,0.5118661936516755,1,1
1,0.8226077120003876,1,1
1,0.6520477255053291,1,1
1,0.42462565684671527,0,0
1,0.34692360304773934,0,0
0,0.21201967641899652,0,0
0,0.6682646897126906,1,1
1,0.4281851033263214,0,0
0,0.0822167541787876,0,0
1,0.886817843582302,1,1
1,0.8677442508689225,1,1
1,0.7314256929272837,1,1
1,0.8353920262513772,1,1
0,0.3643414740370545,0,0
0,0.4077524888945327,0,0
0,0.8344621672524251,1,1
0,0.3988861026076044,0,0
0,0.8402610694649999,1,1
1,0.8955890964290155,1,1
1,0.6643724213957098,1,1
1,0.7773394970246249,1,1
0,0.7728044832544375,1,1
1,0.9473239559730893,1,1
1,0.6193784066266648,1,1
0,0.07076398278366523,0,0
0,0.21221456624971632,0,0
0,0.1836768013650552,0,0
0,0.27398339305594954,0,0
0,0.11432310808236694,0,0
0,0.43391437420776974,0,0
1,0.10515920341603217,0,0
0,0.6677181247255515,1,1
1,0.1287082898165904,0,0
0,0.5798462247140276,1,1
0,0.5527981598926366,1,1
0,0.21692506332144393,0,0
1,0.8852360771016697,1,1
0,0.09935526501693387,0,0
1,0.7261599129290219,1,1
0,0.7181334908424064,1,1
1,0.3516909841124177,0,0
0,0.5080009031065053,1,1
0,0.5066562800590246,1,1
0,0.13361726649464156,0,0
1,0.27959165700106847,0,0
0,0.4979113035369651,0,1
0,0.45007535589038633,0,0
0,0.7469310774600759,1,1
1,0.883904646457572,1,1
0,0.3439480670924172,0,0
0,0.20640776339414707,0,0
0,0.23992907579496414,0,0
0,0.07015210446302662,0,0
0,0.14398341965889858,0,0
1,0.8544010135158862,1,1
0,0.13697314493180243,0,0
0,0.2460925421765014,0,0
0,0.09630140735296976,0,0
0,0.6145196236014613,1,1
1,0.8633892960897512,1,1
1,0.7073103480523788,1,1
1,0.7036397440911825,1,1
0,0.1249512449462228,0,0
0,0.1550296053095209,0,0
0,0.04470439161839087,0,0
0,0.21936961310458447,0,0
0,0.2684629367135216,0,0
0,0.33581280976369127,0,0
1,0.4235866380382161,0,0
0,0.15958777636680913,0,0
0,0.22268670630478227,0,0
0,0.12177344807217011,0,0
0,0.3083856184650749,0,0
0,0.1600760825991613,0,0
0,0.5455365342684092,1,1
0,0.587024236475669,1,1
1,0.5861424247544551,1,1
1,0.8003045644897476,1,1
1,0.8205274428436249,1,1
1,0.7546340094780006,1,1
0,0.3003725988585462,0,0
0,0.48164219529825236,0,1
1,0.8373165277249843,1,1
0,0.19629838838546662,0,0
0,0.1747665963104523,0,0
1,0.7545318100907331,1,1
0,0.4873676400261505,0,1
0,0.287243870012105,0,0
0,0.7679650410454979,1,1
0,0.14141385148859137,0,0
1,0.8540204127156159,1,1
0,0.4520469215023127,0,0
0,0.6678611626519646,1,1
1,0.2172458309626712,0,0
0,0.6760708588278086,1,1
1,0.3380152777080494,0,0
1,0.7090136341530667,1,1
1,0.7694708353401588,1,1
0,0.12325916793973762,0,0
0,0.07727783305391621,0,0
1,0.57263578806312,1,1
0,0.1905021427142149,0,0
0,0.12637031798986428,0,0
1,0.7251378810990831,1,1
1,0.39407391058983043,0,0
1,0.6100948106691566,1,1
0,0.5464915937623852,1,1
0,0.12953091573863426,0,0
0,0.13554480211601427,0,0
1,0.5197336180411157,1,1
1,0.7214597090716799,1,1
0,0.0801809701103846,0,0
1,0.15720770531711845,0,0
1,0.8606028900952811,1,1
0,0.3930049886062635,0,0
0,0.06227908213725339,0,0
0,0.27290461820623263,0,0
0,0.2279190211118629,0,0
0,0.9132297372613625,1,1
0,0.3046258082288465,0,0
1,0.8762986852253101,1,1
0,0.11695522920357589,0,0
0,0.28914196748395293,0,0
0,0.2297843540127755,0,0
1,0.5129333359651321,1,1
0,0.11562058901755974,0,0
0,0.13872958027720292,0,0
1,0.8506968009737697,1,1
1,0.6412840060094264,1,1
0,0.1266570915436834,0,0
1,0.6102607529782239,1,1
0,0.22895314393585323,0,0
0,0.2745469211859882,0,0
1,0.4125334257124238,0,0
0,0.23297329324534244,0,0
0,0.48747781620295527,0,1
0,0.4451707734021588,0,0
1,0.8882068599426546,1,1
1,0.8164725940594825,1,1
0,0.5125877832895853,1,1
0,0.23331087238635978,0,0
1,0.6307358597239011,1,1
1,0.8079717575469766,1,1
1,0.8639146842194517,1,1
0,0.32588723565525474,0,0
0,0.41775451511385403,0,0
0,0.28243961101925624,0,0
1,0.7395491222727959,1,1
1,0.7643489123091679,1,1
0,0.5299449011947907,1,1
0,0.7370652168977593,1,1
1,0.9326609844413429,1,1
0,0.3744514243697586,0,0
1,0.6929793376955826,1,1
0,0.15399795844720493,0,0
0,0.5630726199066938,1,1
0,0.36160885718926467,0,0
0,0.6431046111323977,1,1
0,0.21961094624778654,0,0
1,0.5332443001579221,1,1
1,0.46896804928545205,0,0
0,0.35031012354673075,0,0
1,0.8670849849064877,1,1
0,0.20512514258069559,0,0
0,0.7236850516884291,1,1
0,0.045687000487890504,0,0
0,0.5515301225194118,1,1
0,0.7985063919890278,1,1
0,0.5397659514094434,1,1
0,0.2872286477955213,0,0
0,0.19475177814626352,0,0
1,0.7531563143021733,1,1
1,0.8772131137256228,1,1
0,0.1366032270713727,0,0
0,0.27758252723138754,0,0
1,0.5500283683849564,1,1
0,0.14342055785218707,0,0
0,0.8276468192441551,1,1
1,0.6736424781590121,1,1
0,0.19984977383137117,0,0
1,0.7276913799430011,1,1
0,0.3164148064821828,0,0
0,0.2091470502947197,0,0
1,0.8658517651889447,1,1
0,0.6029577637178684,1,1
0,0.8216045535431276,1,1
0,0.1592893865084994,0,0
0,0.4502235457848482,0,0
0,0.13712372403190154,0,0
0,0.5074147029394444,1,1
0,0.09178588829730897,0,0
1,0.9005676577579234,1,1
0,0.9223114810099654,1,1
0,0.3647119994606865,0,0
0,0.40828520973796717,0,0
0,0.3840656843371915,0,0
1,0.8489925325937215,1,1
0,0.34131126152582014,0,0
0,0.22538467672371973,0,0
0,0.25047781275047026,0,0
1,0.06481432089728198,0,0
1,0.8273049270998287,1,1
1,0.7974708833920372,1,1
0,0.04527452962537825,0,0
0,0.3333291114119174,0,0
1,0.7742357089587963,1,1
0,0.1510115743383899,0,0
0,0.08017199941241948,0,0
1,0.9083701648443195,1,1
0,0.16786302769534384,0,0
0,0.07738892037753442,0,0
0,0.5441824572943214,1,1
0,0.07717876643894324,0,0
0,0.43523559046322585,0,0
0,0.29892599092430966,0,0
1,0.8159456220140169,1,1
0,0.37537345102942293,0,0
0,0.10432451317080034,0,0
0,0.2835106820913917,0,0
0,0.23951025659056066,0,0
0,0.19047589381934005,0,0
0,0.19256153042294585,0,0
0,0.5636992061848085,1,1
1,0.9051314462942217,1,1
1,0.8648659680771759,1,1
0,0.30281680006118067,0,0
0,0.7953470882723341,1,1
1,0.5857621228689229,1,1
0,0.09774846016988012,0,0
0,0.15355629881304908,0,0
1,0.7460680586821543,1,1
0,0.4289676502953773,0,0
0,0.15554230926378326,0,0
1,0.3515587147052332,0,0
1,0.8986513933115694,1,1
0,0.9001241990367512,1,1
0,0.5070677202348337,1,1
1,0.5884279385268628,1,1
0,0.5375236597014348,1,1
0,0.10545067586086897,0,0
0,0.2966211258458674,0,0
0,0.6967972004426819,1,1
0,0.28486885155575437,0,0
0,0.25216725714383037,0,0
0,0.3351191329791116,0,0
0,0.5063494755982815,1,1
0,0.19377425185413638,0,0
0,0.253820741386101,0,0
0,0.6217911047768656,1,1
1,0.5583203550081972,1,1
0,0.08102986263364811,0,0
0,0.30425206277929573,0,0
0,0.2462241462270546,0,0
1,0.41609887332870527,0,0
1,0.3654101612694988,0,0
1,0.7418651008208803,1,1
1,0.2384799500605276,0,0
0,0.7439149472579168,1,1
0,0.19762634928949258,0,0
1,0.9555267407015076,1,1
1,0.2037550102360833,0,0
0,0.2798590606695405,0,0
1,0.36898202059983626,0,0
0,0.20084857780759235,0,0
0,0.2318002050698183,0,0
0,0.08506126813615073,0,0
0,0.405211980856911,0,0
0,0.33730148915790653,0,0
0,0.248914788717809,0,0
1,0.28259407689499305,0,0
0,0.2578153151346306,0,0
1,0.9367036044667811,1,1
0,0.3338444723662459,0,0
1,0.6806951672216103,1,1
0,0.18282301005530088,0,0
0,0.6229430913866837,1,1
0,0.40653935779691264,0,0
0,0.5924570740981495,1,1
0,0.27719071088795527,0,0
0,0.8095564707870366,1,1
0,0.5864663481203897,1,1
0,0.19775948454519002,0,0
0,0.2963519160556601,0,0
0,0.38769422064536596,0,0
0,0.10010648996169384,0,0
0,0.2668461720043704,0,0
1,0.6412119380559895,1,1
0,0.3419386100778102,0,0
1,0.3734014675826154,0,0
0,0.2971514010237145,0,0
1,0.7868805203398321,1,1
0,0.5120494053771583,1,1
0,0.2784027613473161,0,0
0,0.4566763042229423,0,0
0,0.13565807386682904,0,0
1,0.6260106391595943,1,1
0,0.8316618138720294,1,1
0,0.43382914017090474,0,0
0,0.21555091553902173,0,0
0,0.1354463518340774,0,0
1,0.9010499193597339,1,1
1,0.6076094360516319,1,1
0,0.32101255708037785,0,0
0,0.15395672860670595,0,0
1,0.6878613423375689,1,1
1,0.9298494330853717,1,1
0,0.7052663069884075,1,1
1,0.8790987047621572,1,1
1,0.5428036957026914,1,1
0,0.24628050798596451,0,0
0,0.9253498682807676,1,1
0,0.6006286658996921,1,1
0,0.0610307435647452,0,0
0,0.34982399142508575,0,0
0,0.10251764375246072,0,0
1,0.5836152317839002,1,1
0,0.05080441776441312,0,0
0,0.11012694108210817,0,0
0,0.13390724090968095,0,0
0,0.465093421797063,0,0
0,0.3639124001099135,0,0
0,0.30940865262940237,0,0
0,0.794940945004809,1,1
1,0.7109990494602454,1,1
0,0.15621804739010556,0,0
0,0.46757642795198334,0,0
0,0.5740258197692173,1,1
0,0.7484641552926354,1,1
1,0.8859059606611953,1,1
1,0.7672782373574553,1,1
0,0.1971535275344811,0,0
1,0.698682757024719,1,1
0,0.09248452240519427,0,0
1,0.8785513707164201,1,1
0,0.38861463704144367,0,0
0,0.19916253884072585,0,0
1,0.5163827965948001,1,1
0,0.3734125407667668,0,0
1,0.7718277557184728,1,1
1,0.8973505518245587,1,1
0,0.09346810420105829,0,0
0,0.8253752700364118,1,1
0,0.3052636956679873,0,0
1,0.4033430931473064,0,0
0,0.46592418008254083,0,0
0,0.3209395948827553,0,0
0,0.4982839524859252,0,1
1,0.18769434877962154,0,0
0,0.8785989843501939,1,1
0,0.12650396876939435,0,0
0,0.06217840384970149,0,0
1,0.4986618712013258,0,1
0,0.8432574284674569,1,1
1,0.17290073891312166,0,0
0,0.3921943649036057,0,0
0,0.598730358487797,1,1
0,0.0593559813975373,0,0
0,0.6823791638785208,1,1
0,0.1754307040228581,0,0
0,0.3442035513020746,0,0
1,0.8214846494549444,1,1
0,0.1833047657004243,0,0
1,0.685375389130044,1,1
0,0.21618097495953842,0,0
1,0.8738188001001418,1,1
0,0.6494384059509851,1,1
0,0.41691280217406784,0,0
1,0.7458124281243116,1,1
1,0.4565107272569202,0,0
0,0.3424078076472093,0,0
0,0.35360794002100476,0,0
1,0.5109132836208762,1,1
1,0.32899891112561186,0,0
0,0.5772321858725453,1,1
0,0.27461299289400315,0,0
0,0.18530778199399772,0,0
0,0.7482629923178737,1,1
0,0.2621406847008938,0,0
1,0.30364388918526886,0,0
0,0.2661165018023907,0,0
1,0.883416072005092,1,1
0,0.43318177132913116,0,0
1,0.8102763080259793,1,1
1,0.17707305104566234,0,0
0,0.8285632984183174,1,1
0,0.6611622913110513,1,1
1,0.6706042838849499,1,1
0,0.31423584073115574,0,0
0,0.24938993121331085,0,0
0,0.24294522669775176,0,0
1,0.9152491486602793,1,1
1,0.3668173315793175,0,0
1,0.27812619654749643,0,0
0,0.7880924632288541,1,1
0,0.09162063915231258,0,0
0,0.11873814863316892,0,0
0,0.10602040451108354,0,0
0,0.06081939494638375,0,0
1,0.8380922983750559,1,1
1,0.9075921871181586,1,1
1,0.5333820391348842,1,1
0,0.5777653367653861,1,1
1,0.7866432069507007,1,1
0,0.4831685027732183,0,1
1,0.07747052686503043,0,0
0,0.27733068997229127,0,0
1,0.5419661117797733,1,1
0,0.3039927620686142,0,0
0,0.2620698928099421,0,0
0,0.5710726365760432,1,1
0,0.10890611374843469,0,0
1,0.6972916203875238,1,1
0,0.4698115482347566,0,0
1,0.8606516750418519,1,1
1,0.09901434691939871,0,0
1,0.7275510047898134,1,1
0,0.5161022072974814,1,1
0,0.4345262002702382,0,0
0,0.46495691767637337,0,0
0,0.45187375087796694,0,0
0,0.8446917162175204,1,1
0,0.3410427256345675,0,0
0,0.3237280865570963,0,0
0,0.08323381460842505,0,0
0,0.3439562105204977,0,0
0,0.3182371288204823,0,0
0,0.12573904462705413,0,0
0,0.6465931290340066,1,1
0,0.433878018357358,0,0
0,0.18078744239276812,0,0
1,0.7389636257814253,1,1
0,0.5679036314506465,1,1
1,0.7591455919905619,1,1
0,0.25768645913262755,0,0
0,0.22786726945498728,0,0
1,0.7235822456424947,1,1
0,0.2573138036425836,0,0
1,0.6727624890332277,1,1
0,0.3952642782281867,0,0
0,0.3750252151678602,0,0
1,0.915360409343979,1,1
1,0.7061509144269079,1,1
1,0.9103021403024842,1,1
1,0.863403447051448,1,1
1,0.8103141014012348,1,1
0,0.3667837064024234,0,0
1,0.9081014113763645,1,1
0,0.5076751301478067,1,1
0,0.36744373840785227,0,0
0,0.08255727837773173,0,0
0,0.32760898095837165,0,0
0,0.39850691648966796,0,0
0,0.32256320599831845,0,0
0,0.2214044291143848,0,0
0,0.46524835215740173,0,0
1,0.5840176455055818,1,1
0,0.26937403774465823,0,0
1,0.8825447029704151,1,1
0,0.25689685731863227,0,0
0,0.13983790417382527,0,0
0,0.42878493210362295,0,0
1,0.8447127673476852,1,1
1,0.06090462888833274,0,0
0,0.1391063282407066,0,0
1,0.48945105408098744,0,1
0,0.3635838806830567,0,0
1,0.7727233464967067,1,1
1,0.7564968777135892,1,1
1,0.861666671254142,1,1
0,0.5718038833926337,1,1
0,0.20689000408006558,0,0
0,0.3151341449023602,0,0
0,0.24545523110307058,0,0
0,0.4559983846333445,0,0
1,0.1305993096982741,0,0
1,0.8058273684672739,1,1
0,0.19739326819812456,0,0
1,0.13509351859265167,0,0
0,0.7198529569429084,1,1
0,0.3181191380564743,0,0
0,0.38476490555970655,0,0
0,0.1402690927427015,0,0
0,0.4363802086592727,0,0
0,0.12748994331763244,0,0
0,0.6455818141404562,1,1
0,0.5663195251778127,1,1
1,0.4203153573080743,0,0
0,0.13983409271443653,0,0
0,0.09218718740438292,0,0
0,0.5697378905384559,1,1
1,0.5495760061735084,1,1
1,0.9014326284693823,1,1
1,0.3904919681440035,0,0
1,0.7554789071284406,1,1
0,0.2724367167126645,0,0
0,0.5329130379455962,1,1
0,0.5149147652506595,1,1
1,0.4134599996885674,0,0
0,0.1633890366753377,0,0
1,0.5888706867672234,1,1
0,0.5361513596938863,1,1
1,0.7828078179207177,1,1
1,0.7474649389814426,1,1
0,0.2981905483614301,0,0
0,0.4839645137315096,0,1
0,0.7236743821125352,1,1
0,0.15089976205872144,0,0
0,0.06032004060311752,0,0
1,0.5694608685663768,1,1
0,0.43983566818114816,0,0
0,0.6938956736595032,1,1
0,0.5170373716043493,1,1
0,0.38433551146785155,0,0
0,0.1688776023515789,0,0
0,0.828839671319494,1,1
0,0.1811871711956802,0,0
0,0.2998626930399638,0,0
1,0.7607140603976424,1,1
0,0.8766409088650686,1,1
0,0.34202272949778517,0,0
1,0.9174951130530175,1,1
0,0.46434785529699407,0,0
0,0.5329614823258281,1,1
0,0.4199545737934347,0,0
1,0.7998540994706457,1,1
0,0.5537661774831352,1,1
1,0.5298044074740536,1,1
1,0.37265647182088135,0,0
1,0.8381546711002446,1,1
1,0.789279817430173,1,1
0,0.5859891457181362,1,1
0,0.14261375160544937,0,0
1,0.34540673250270904,0,0
1,0.80122332665951,1,1
0,0.09790677783950076,0,0
0,0.6476177994133328,1,1
1,0.6843437700216906,1,1
0,0.857284548953707,1,1
0,0.1327409737495695,0,0
0,0.3191294598569349,0,0
1,0.6256942362802771,1,1
0,0.2172768454724275,0,0
0,0.2529583360585673,0,0
0,0.0990837880932311,0,0
1,0.5654116528939641,1,1
0,0.502761261124001,1,1
1,0.641017687444516,1,1
0,0.04922924594536111,0,0
0,0.5926985970567065,1,1
0,0.3455028418128431,0,0
0,0.30073917019645585,0,0
0,0.17082183485991423,0,0
0,0.1529150888847516,0,0
1,0.2290232316930878,0,0
0,0.08518629437609274,0,0
1,0.7652126280337618,1,1
1,0.39739170589741735,0,0
0,0.7985268863775106,1,1
1,0.11153843792930139,0,0
0,0.10827593878541507,0,0
1,0.6791399328040869,1,1
0,0.5411443594022144,1,1
1,0.328756118021256,0,0
0,0.3850703406081894,0,0
1,0.8544979682083133,1,1
0,0.06327592693724786,0,0
0,0.9006873115467531,1,1
0,0.9077948621480055,1,1
1,0.8712397817451363,1,1
1,0.8579813367616189,1,1
0,0.48487638268343675,0,1
1,0.8331260544428586,1,1
1,0.8970892026861038,1,1
1,0.6545296369665313,1,1
0,0.3046711193935519,0,0
1,0.5471639874733915,1,1
0,0.5526947455197336,1,1
0,0.3457223987000747,0,0
0,0.0922869470847678,0,0
0,0.09507645645085505,0,0
0,0.43227927878905303,0,0
0,0.09384813828860003,0,0
0,0.8971600888541897,1,1
0,0.6675761445262552,1,1
0,0.7797708990415605,1,1
0,0.7572571790230976,1,1
1,0.8461990804711135,1,1
1,0.574437444201621,1,1
0,0.134655776720588,0,0
0,0.8848044497287927,1,1
1,0.6464580426658751,1,1
0,0.07998927891889025,0,0
0,0.09003492188467031,0,0
0,0.43378613022933304,0,0
0,0.4433922246443747,0,0
0,0.5895455385349305,1,1
0,0.04716034318974207,0,0
1,0.8727261298203992,1,1
0,0.12585934068459245,0,0
1,0.7045719069765757,1,1
1,0.41498502983163504,0,0
0,0.17560718854595997,0,0
1,0.8837061168847519,1,1
1,0.7097469267488438,1,1
1,0.7874608684638247,1,1
1,0.7967570882611423,1,1
0,0.3344581000902419,0,0
1,0.8686392293689241,1,1
0,0.5996947751979365,1,1
1,0.31623511142326394,0,0
0,0.12271343315189538,0,0
0,0.3528864627451128,0,0
0,0.20657434493547885,0,0
1,0.22076653357120013,0,0
0,0.11969120390772087,0,0
1,0.36478986289897297,0,0
1,0.8992284618658791,1,1
1,0.690256669043823,1,1
0,0.6003899196859903,1,1
0,0.3305248461949932,0,0
0,0.10019670691933798,0,0
0,0.11810438622570098,0,0
0,0.5560453567186578,1,1
0,0.08665374792340985,0,0
0,0.13563443830227592,0,0
0,0.3190636083867022,0,0
0,0.20433827903430052,0,0
1,0.7916800332301843,1,1
1,0.7642084591453748,1,1
0,0.2522476525666875,0,0
0,0.4074046051585541,0,0
0,0.14107554530905544,0,0
1,0.8127374915181849,1,1
0,0.2134956260261617,0,0
1,0.6844199197990306,1,1
0,0.6838545395504019,1,1
0,0.1435396730619322,0,0
1,0.36794691132916596,0,0
0,0.18084836273476973,0,0
0,0.43385997548563027,0,0
1,0.8943582485089825,1,1
1,0.8613650983379023,1,1
1,0.5219700677296817,1,1
0,0.16409579761567983,0,0
0,0.544645079684765,1,1
1,0.8973106944331818,1,1
0,0.1698749482522492,0,0
1,0.7348655399866325,1,1
0,0.06692035547748787,0,0
0,0.3908195774292742,0,0
0,0.5547596136579582,1,1
0,0.12799700951181825,0,0
0,0.11214190198699024,0,0
0,0.37073568231775855,0,0
1,0.7604288208565959,1,1
0,0.1355838280514659,0,0
1,0.29175452401013263,0,0
0,0.3874538842061339,0,0
0,0.4146445279305309,0,0
1,0.7235215249198786,1,1
1,0.49958132439318514,0,1
1,0.8551287099076526,1,1
0,0.907165065326179,1,1
0,0.3296040413478489,0,0
0,0.12098898686451968,0,0
1,0.8845625483860621,1,1
1,0.8852245931743653,1,1
0,0.25953301059807016,0,0
0,0.27655404615416257,0,0
0,0.7799859679057914,1,1
0,0.29490668655930485,0,0
0,0.7402513704110187,1,1
0,0.32759565246775463,0,0
0,0.46268878619454523,0,0
1,0.564931436876964,1,1
0,0.5198926577495216,1,1
1,0.8221620025749705,1,1
0,0.5297636858459014,1,1
0,0.668053309586306,1,1
1,0.8711755706083683,1,1
1,0.4974329353147617,0,1
1,0.32236529049474827,0,0
1,0.07737384764221206,0,0
1,0.8082605400936292,1,1
0,0.5863764592763424,1,1
1,0.24934020043353153,0,0
0,0.10193647048315382,0,0
1,0.30244981902539547,0,0
0,0.4280564530865037,0,0
0,0.3172387793287832,0,0
0,0.04683745892347087,0,0
1,0.9217385029858716,1,1
1,0.7795155203630906,1,1
0,0.8177204685985057,1,1
1,0.798877788234122,1,1
0,0.7679736929139607,1,1
0,0.3487365474147945,0,0
0,0.12353422190427021,0,0
0,0.06844562439866536,0,0
0,0.2716044734961907,0,0
0,0.5830978394798315,1,1
0,0.3416348339657706,0,0
0,0.6402941081370866,1,1
0,0.19704529495844772,0,0
1,0.6334818917312447,1,1
1,0.9510334170559308,1,1
1,0.5153909609854919,1,1
1,0.7955394804722213,1,1
0,0.18329161913383846,0,0
0,0.4734740724929205,0,1
0,0.2597838353944671,0,0
1,0.5153340979092176,1,1
1,0.8037556957406538,1,1
0,0.139205429433159,0,0
0,0.30863996192586385,0,0
1,0.4567530246731803,0,0
1,0.26985666153083954,0,0
0,0.09026227061220622,0,0
0,0.02999042576128004,0,0
0,0.6633347575798845,1,1
0,0.3341404521137468,0,0
0,0.2539169701854239,0,0
0,0.28990421976864617,0,0
1,0.6158525759335916,1,1
1,0.6376564035048339,1,1
0,0.15194856404944607,0,0
0,0.49609420664648307,0,1
0,0.8882757497943626,1,1
1,0.8287930251191209,1,1
0,0.12192803680524131,0,0
0,0.19438322177809314,0,0
0,0.2852755107485054,0,0
0,0.05722582130899046,0,0
0,0.7442676262655806,1,1
1,0.6036419501665955,1,1
0,0.46647572592722425,0,0
0,0.13717785439386948,0,0
1,0.6247114005378358,1,1
1,0.6273831560144637,1,1
0,0.07711086121964164,0,0
0,0.23088316467414197,0,0
1,0.5916257648912344,1,1
0,0.11859812768534253,0,0
0,0.23876829520920012,0,0
1,0.7759528573942028,1,1
0,0.40884125337462796,0,0
0,0.24722453371478129,0,0
0,0.25134110997334513,0,0
1,0.48576607393507404,0,1
0,0.3667888561813569,0,0
1,0.7553178243520802,1,1
0,0.06632174102430889,0,0
0,0.49603546395691867,0,1
1,0.7829390216993571,1,1
0,0.2516316341776778,0,0
1,0.7307591162532158,1,1
0,0.5056366355700145,1,1
0,0.08424154391929685,0,0
0,0.3941996136342202,0,0
1,0.6382952270606012,1,1
1,0.780090956422889,1,1
1,0.4167504805778695,0,0
0,0.09779221280532936,0,0
1,0.6987793284608877,1,1
1,0.7185085439338573,1,1
1,0.6071956821131183,1,1
0,0.25079276793757865,0,0
1,0.600297152155122,1,1
0,0.16244085574227785,0,0
0,0.6881516142379773,1,1
1,0.7151649603764013,1,1
0,0.29723824663778886,0,0
0,0.19722817394524456,0,0
0,0.4446011150341906,0,0
0,0.07481183904330548,0,0
0,0.35036187418034853,0,0
0,0.21164972161589088,0,0
0,0.509446963416947,1,1
0,0.4184599290182138,0,0
0,0.13163157726230817,0,0
0,0.7609543423583948,1,1
0,0.7619900838793516,1,1
0,0.052058387370050654,0,0
0,0.590746845255187,1,1
0,0.11828694958602341,0,0
0,0.3112958317550994,0,0
1,0.89993646339059,1,1
0,0.31018184304040114,0,0
1,0.17685834762509217,0,0
0,0.27957540214133275,0,0
0,0.151880616762422,0,0
0,0.03968209956440594,0,0
0,0.3935046790161979,0,0
1,0.25154449932866463,0,0
0,0.13438539431399396,0,0
0,0.8338410467638793,1,1
0,0.4428510163253921,0,0
0,0.15701048407176255,0,0
1,0.8920985563511299,1,1
1,0.702910753982206,1,1
0,0.2704734995962431,0,0
1,0.7750868476189041,1,1
0,0.8196014102589696,1,1
0,0.3034203550642608,0,0
0,0.11121700446492226,0,0
0,0.4527239015619058,0,0
0,0.2443473223624023,0,0
0,0.10484008718937354,0,0
0,0.2541014504113786,0,0
0,0.20240760645704975,0,0
1,0.09153017483463503,0,0
0,0.09114025173507194,0,0
0,0.1743349221849271,0,0
0,0.18361811108808043,0,0
0,0.6585608979865855,1,1
0,0.08018587390401419,0,0
0,0.25896751281795943,0,0
1,0.710585603420705,1,1
0,0.6428954344072947,1,1
1,0.5915929584420934,1,1
0,0.25706138195937983,0,0
0,0.2750929514732027,0,0
1,0.9303416894009003,1,1
0,0.195248841588795,0,0
1,0.8979895411565716,1,1
1,0.7227250690842638,1,1
1,0.426122911678559,0,0
0,0.2003541980969832,0,0
0,0.15305612879742936,0,0
0,0.1436843064767774,0,0
0,0.34946808816109054,0,0
1,0.8785443970449811,1,1
1,0.9380659008717404,1,1
1,0.6780401151192745,1,1
0,0.5770050039417686,1,1
0,0.8410638097408152,1,1
0,0.674830294049075,1,1
0,0.15714988992334353,0,0
0,0.19998129904597098,0,0
0,0.12588304747013865,0,0
0,0.6448442425418867,1,1
0,0.6636425939994021,1,1
1,0.7685066772398393,1,1
1,0.6631523084279138,1,1
1,0.5252833251813476,1,1
0,0.14007205934505917,0,0
1,0.6536689721440575,1,1
0,0.4502095184421055,0,0
0,0.4138530666629626,0,0
1,0.6889597521836975,1,1
0,0.3376862662372768,0,0
0,0.19075365141323528,0,0
1,0.7799682174995866,1,1
1,0.7467804864984838,1,1
0,0.8414873557918877,1,1
0,0.5504613933023637,1,1
0,0.6316826194307484,1,1
1,0.4611548518444069,0,0
0,0.19645531318190348,0,0
1,0.12149666216468097,0,0
0,0.31934093811456316,0,0
1,0.9072992154347325,1,1
0,0.4276313963330767,0,0
1,0.47646470173965627,0,1
0,0.11198083942158943,0,0
1,0.2642292686464246,0,0
1,0.8930549469445326,1,1
1,0.8238109402267737,1,1
1,0.8252126182652834,1,1
0,0.10943055564467291,0,0
0,0.7554357287390379,1,1
0,0.1812562031148142,0,0
0,0.3551113424148216,0,0
1,0.8465350379970463,1,1
0,0.43640981840529125,0,0
0,0.22878968835143948,0,0
0,0.214150043777583,0,0
1,0.8946090447497514,1,1
0,0.10390860732740236,0,0
1,0.9174951130530175,1,1
1,0.7528303074969456,1,1
0,0.4369549853242477,0,0
1,0.7604500565574335,1,1
0,0.2972208095073143,0,0
0,0.32211974022862283,0,0
0,0.15151606819034746,0,0
1,0.7534434628465169,1,1
0,0.07282961408112859,0,0
1,0.07636686405388501,0,0
0,0.654376431860288,1,1
1,0.4943683034768903,0,1
1,0.7215052883384309,1,1
1,0.8841459843319905,1,1
0,0.2372586482572275,0,0
1,0.4615197982474365,0,0
0,0.5785020662849795,1,1
1,0.16914187304135755,0,0
0,0.1258351681238926,0,0
1,0.9059862473056376,1,1
0,0.19031462435603896,0,0
1,0.8498765447893115,1,1
1,0.6703175706925737,1,1
0,0.35781125338956826,0,0
1,0.9443383166391993,1,1
0,0.682615603060245,1,1
1,0.19442439855629498,0,0
0,0.3525629365578187,0,0
0,0.07604342980970841,0,0
1,0.7525404287452697,1,1
0,0.6350740037843787,1,1
0,0.49008725536177417,0,1
1,0.7076894192221697,1,1
1,0.8509331151228863,1,1
0,0.5078969499591252,1,1
0,0.4218796912860277,0,0
1,0.31279082721891094,0,0
1,0.9228849071908276,1,1
0,0.3186641108928766,0,0
0,0.7987456185871366,1,1
1,0.8727146707464954,1,1
1,0.7146688227671365,1,1
0,0.09056844601348463,0,0
0,0.3266672932607436,0,0
1,0.5477687436547254,1,1
1,0.7890209354301717,1,1
0,0.17811348551695183,0,0
0,0.12788618115840333,0,0
0,0.10233735598348283,0,0
0,0.24316708492319225,0,0
1,0.7741558926603684,1,1
0,0.1876711215454045,0,0
1,0.505459541217523,1,1
0,0.30247303288575783,0,0
0,0.1592303981626145,0,0
1,0.6180091736389011,1,1
0,0.6904782585140774,1,1
0,0.47806966262520834,0,1
1,0.9401849382239771,1,1
0,0.6640159422611001,1,1
1,0.7338494837204833,1,1
1,0.6890583172018715,1,1
0,0.13615408904409437,0,0
1,0.6137407995524543,1,1
0,0.08535594295249889,0,0
1,0.9041782797538859,1,1
0,0.08510682296554495,0,0
0,0.36148282149457023,0,0
0,0.2592156933267734,0,0
0,0.1544171732026417,0,0
0,0.5471874263497314,1,1
1,0.49055334452251514,0,1
1,0.2061531302661632,0,0
0,0.5169166409197842,1,1
1,0.6932863066083709,1,1
0,0.10804841383759058,0,0
0,0.3316115889869064,0,0
0,0.4829576018963434,0,1
0,0.38773122300439916,0,0
1,0.6462301632085077,1,1
1,0.26079472690848426,0,0
0,0.8662965830688915,1,1
1,0.5542202218839898,1,1
0,0.2544107248986662,0,0
0,0.26571025080494887,0,0
0,0.4450710115472666,0,0
1,0.47314124778643624,0,1
0,0.23146033845864955,0,0
1,0.7892498049846501,1,1
1,0.6189034082618189,1,1
0,0.4727189629647476,0,1
0,0.1465744745457795,0,0
1,0.8475894676216593,1,1
0,0.8666814190598581,1,1
0,0.577595651141605,1,1
1,0.5926570111890233,1,1
1,0.8529360293078663,1,1
1,0.4583805224619814,0,0
0,0.1639087020345748,0,0
0,0.41069762111462754,0,0
0,0.36574121764225465,0,0
1,0.42097317482852237,0,0
0,0.09165251491395635,0,0
0,0.8050703927844899,1,1
0,0.09832750251206325,0,0
1,0.8049538052284563,1,1
1,0.7317486981076081,1,1
0,0.0900150888778325,0,0
1,0.7720424574913726,1,1
0,0.5880099673151414,1,1
0,0.4204525626160222,0,0
1,0.8185133739681858,1,1
0,0.23328908203418333,0,0
0,0.1755412033003248,0,0
1,0.8757467906972286,1,1
0,0.7630966661699512,1,1
1,0.6393161495836968,1,1
0,0.4678261647889421,0,0
1,0.8724293396783607,1,1
0,0.47078719109991607,0,1
1,0.2728510775460543,0,0
0,0.881266522870876,1,1
0,0.05384164107440453,0,0
0,0.4098104094770818,0,0
0,0.11158521111326057,0,0
0,0.31581332669524853,0,0
0,0.2608350853534188,0,0
1,0.3937598387418588,0,0
0,0.7096027690463235,1,1
0,0.8125364506934678,1,1
0,0.41313622224998786,0,0
0,0.1695196232803754,0,0
0,0.15974645962133885,0,0
0,0.12070034349135293,0,0
1,0.21164728194951565,0,0
0,0.43462387393809904,0,0
0,0.09527281429494766,0,0
0,0.5360526766713685,1,1
0,0.637200800388103,1,1
1,0.6478753441158228,1,1
1,0.9234000913040215,1,1
0,0.3020524907794196,0,0
0,0.08305179813094997,0,0
0,0.3797956338285715,0,0
0,0.16240833798466064,0,0
1,0.43412855898954766,0,0
1,0.6727385730708813,1,1
0,0.8418593859647393,1,1
1,0.7428433950687754,1,1
1,0.5440653219021229,1,1
1,0.9213157664250439,1,1
0,0.6027844275302421,1,1
1,0.3738635648004017,0,0
0,0.5523705495306744,1,1
1,0.11754737280514958,0,0
1,0.8576821816602077,1,1
0,0.23578334137147847,0,0
1,0.8532699567173618,1,1
0,0.1437415777187959,0,0
1,0.09392599571238504,0,0
1,0.8801397815127322,1,1
1,0.7500999160704722,1,1
1,0.9243200738760047,1,1
0,0.6363570079425165,1,1
0,0.5613170653740209,1,1
0,0.1707225828952564,0,0
1,0.6850299439332103,1,1
1,0.8933731398556912,1,1
1,0.7657064952723626,1,1
1,0.3062901363626981,0,0
1,0.13782199870758582,0,0
0,0.08315681500575782,0,0
1,0.8397078267308693,1,1
0,0.4442897072604036,0,0
1,0.7145271664059762,1,1
0,0.6498906310846453,1,1
0,0.19155991760983096,0,0
1,0.38577871866142893,0,0
0,0.30792892125129406,0,0
0,0.3695315146336837,0,0
1,0.8131927517477812,1,1
0,0.5056738041505721,1,1
1,0.34790827802991925,0,0
0,0.3038606934833986,0,0
0,0.14956662936750975,0,0
1,0.09131216279326802,0,0
0,0.25784738872947444,0,0
0,0.1158632489394223,0,0
1,0.5804880933719327,1,1
0,0.1084915116044369,0,0
1,0.6447372928811815,1,1
1,0.6891289248612017,1,1
0,0.33148849569544037,0,0
0,0.11649189050243372,0,0
0,0.6195921891825065,1,1
0,0.1847791136257338,0,0
1,0.7277597378271308,1,1
0,0.27610914900774153,0,0
0,0.18934982618310442,0,0
0,0.6076537990123877,1,1
0,0.3826825740316393,0,0
0,0.06019375065220496,0,0
1,0.6559049329805343,1,1
1,0.7116417821126172,1,1
1,0.474930813317783,0,1
0,0.7911341645194725,1,1
0,0.33916379028574684,0,0
0,0.4269607430844403,0,0
0,0.3793726676789672,0,0
0,0.4286513279288449,0,0
1,0.6446157443749886,1,1
1,0.18915092402155662,0,0
0,0.24893992077933932,0,0
1,0.865048688751621,1,1
1,0.7425931665723063,1,1
1,0.8147997055011937,1,1
0,0.8517235303611691,1,1
0,0.7466170236587429,1,1
0,0.771185995423548,1,1
1,0.6956411875294782,1,1
0,0.16498288864957042,0,0
0,0.4538114117431603,0,0
1,0.34448561351830503,0,0
0,0.19843831031349918,0,0
0,0.4281338080991647,0,0
1,0.6549269401292226,1,1
1,0.9338875109868006,1,1
0,0.9375218481774363,1,1
1,0.868702044990804,1,1
0,0.11099399752235228,0,0
0,0.33637783320424,0,0
0,0.22853746880818984,0,0
1,0.6228651630061326,1,1
1,0.773490223960013,1,1
0,0.11241887784971301,0,0
0,0.492256359158305,0,1
0,0.43864086967444416,0,0
0,0.7496316739476275,1,1
1,0.6780725269782939,1,1
0,0.1366032270713727,0,0
0,0.6547689089791651,1,1
0,0.2462265149342208,0,0
0,0.23678835724407685,0,0
1,0.5766044588694861,1,1
0,0.2145932758952084,0,0
0,0.16480945315869389,0,0
0,0.5539756022577087,1,1
0,0.2998016020577235,0,0
1,0.8129787031784819,1,1
1,0.23872670625542444,0,0
0,0.42042117529893186,0,0
0,0.2817275540515827,0,0
1,0.77681865956879,1,1
0,0.7184595557627886,1,1
1,0.6749406985738594,1,1
0,0.26286226624197556,0,0
1,0.8748064337117127,1,1
1,0.6517355136507675,1,1
1,0.5790527533596712,1,1
1,0.3090516195644481,0,0
1,0.6689697969009509,1,1
0,0.44262290329102943,0,0
1,0.9118592043136189,1,1
1,0.6378270636356034,1,1
1,0.9314292505183479,1,1
0,0.1593391663366114,0,0
1,0.6042953324905227,1,1
0,0.8681650000740135,1,1
0,0.18108972487179326,0,0
0,0.67349022772445,1,1
1,0.7756540776257018,1,1
0,0.07381938853494248,0,0
1,0.5941929738003955,1,1
0,0.39415023168647023,0,0
0,0.711853306173429,1,1
0,0.13587630721959057,0,0
1,0.8588121999412569,1,1
1,0.6698195870452733,1,1
0,0.23809085098367405,0,0
1,0.8778275617404828,1,1
0,0.4116355375448069,0,0
0,0.0698569087361467,0,0
1,0.8310688577122501,1,1
0,0.307594371079506,0,0
0,0.6083245246753642,1,1
0,0.563299721351165,1,1
0,0.2261881669144413,0,0
0,0.04432016270571567,0,0
0,0.23271326774658233,0,0
1,0.1384955605651317,0,0
0,0.8503515806297406,1,1
0,0.564035605777765,1,1
0,0.7384141916269674,1,1
0,0.6534059053486535,1,1
0,0.2394905470106313,0,0
0,0.1612566847263791,0,0
1,0.5108925790818671,1,1
1,0.35999005894125113,0,0
1,0.7031581132115735,1,1
0,0.22300095200061168,0,0
0,0.3115628481634231,0,0
0,0.12818759983841274,0,0
0,0.11815276784214357,0,0
0,0.114355005560717,0,0
1,0.5475577586185876,1,1
1,0.4657106457410138,0,0
0,0.8113781843302027,1,1
1,0.7877524898731264,1,1
0,0.6439819163808475,1,1
0,0.30046904878797775,0,0
0,0.3222835391650543,0,0
0,0.27167037021525714,0,0
0,0.11317358446516011,0,0
0,0.3767554903493894,0,0
1,0.17775820395147413,0,0
1,0.5988334914034085,1,1
1,0.6628577822930721,1,1
0,0.849797695431668,1,1
0,0.37911122196739544,0,0
0,0.3516445995908425,0,0
1,0.7728378115288188,1,1
0,0.5937619686753861,1,1
0,0.23739387517659052,0,0
0,0.12128942161608161,0,0
1,0.8219440048226783,1,1
1,0.8279742578510616,1,1
0,0.10279140500726831,0,0
0,0.7576911834454267,1,1
0,0.17348257514906634,0,0
1,0.1588584394825225,0,0
0,0.7106351365246357,1,1
1,0.35115458596602067,0,0
1,0.4699345526054652,0,0
0,0.6998716534455465,1,1
0,0.37215567531677757,0,0
0,0.2667524407073262,0,0
0,0.3986013414516742,0,0
1,0.7269806432376494,1,1
0,0.7468789923921803,1,1
1,0.44329084880004926,0,0
0,0.22837675000775592,0,0
0,0.17656599450283353,0,0
1,0.33198158632373964,0,0
0,0.3195815518571355,0,0
1,0.5659190081384143,1,1
0,0.37636086458450235,0,0
1,0.3125822166157356,0,0
0,0.1624762246074249,0,0
0,0.354991125950666,0,0
1,0.826867755125764,1,1
1,0.7856746591222488,1,1
1,0.7281501047877194,1,1
0,0.07094528443723266,0,0
0,0.5993407064694767,1,1
0,0.38874211869619163,0,0
0,0.4105088024165697,0,0
0,0.1768475940818602,0,0
0,0.1505221961360338,0,0
0,0.08993985390295443,0,0
1,0.2800713113812443,0,0
0,0.14125359728695125,0,0
1,0.7547939795777444,1,1
0,0.4851369337482878,0,1
0,0.5255633202269177,1,1
1,0.5073409014104515,1,1
0,0.0672013871762691,0,0
0,0.16789080515217744,0,0
1,0.7193995202020396,1,1
1,0.8594135739537758,1,1
0,0.4112701929418692,0,0
1,0.3249018981149145,0,0
0,0.098185015591166,0,0
1,0.6792675705794206,1,1
0,0.09205701379132185,0,0
1,0.3295715492935153,0,0
0,0.2554208688948348,0,0
1,0.5173801419704659,1,1
0,0.19502954078292034,0,0
0,0.6659337596969617,1,1
0,0.11455268007864466,0,0
0,0.2032501847875316,0,0
0,0.15216643962353307,0,0
0,0.2812049865377972,0,0
1,0.8862812884261798,1,1
0,0.22992100170713486,0,0
0,0.34678253984731755,0,0
1,0.5350350723759596,1,1
0,0.31259725180078674,0,0
0,0.18778826629983816,0,0
1,0.9288784059337603,1,1
0,0.4991743570182846,0,1
0,0.13583099395164255,0,0
0,0.053549183882630275,0,0
1,0.6916837198711184,1,1
0,0.37192855698308497,0,0
0,0.7795453856335289,1,1
1,0.8047103698797647,1,1
1,0.8923018708230971,1,1
1,0.9528217172616866,1,1
1,0.706194839955093,1,1
0,0.24653325576916912,0,0
1,0.5742829726677977,1,1
1,0.5614721138942328,1,1
1,0.8312047232344694,1,1
0,0.12603603375301853,0,0
0,0.20826397117778192,0,0
0,0.28207941252658897,0,0
0,0.43879392182639926,0,0
1,0.7446466264863422,1,1
0,0.3528592584006952,0,0
0,0.8093743378244639,1,1
0,0.208535486077151,0,0
0,0.31900294249017846,0,0
0,0.10769429337084051,0,0
1,0.7490270591060659,1,1
0,0.47981012688817526,0,1
0,0.37131515324400116,0,0
0,0.39558257188737006,0,0
1,0.6588624271563692,1,1
0,0.207455764893311,0,0
0,0.18989465807481662,0,0
1,0.5203659071532852,1,1
1,0.791647564080455,1,1
0,0.2864660032160877,0,0
0,0.39337806027841316,0,0
1,0.8433185085810204,1,1
0,0.43997669177090293,0,0
0,0.10697071818832996,0,0
1,0.4482740879978428,0,0
0,0.612658749693283,1,1
0,0.6560199271413115,1,1
0,0.5509837842939104,1,1
0,0.4192326893207143,0,0
0,0.6623638762504077,1,1
0,0.3601014926782156,0,0
1,0.385256358214291,0,0
1,0.3835466227645902,0,0
0,0.4051590483286992,0,0
0,0.13683614311382833,0,0
1,0.7746767275547669,1,1
1,0.4662228605757475,0,0
1,0.8488168750204436,1,1
1,0.3538571816280743,0,0
1,0.33740719174908484,0,0
0,0.2876591524449911,0,0
0,0.10716647972085437,0,0
1,0.8394235756702607,1,1
0,0.44139988641927513,0,0
0,0.302476108879447,0,0
0,0.16194739224090005,0,0
1,0.8335591622360129,1,1
0,0.5246106166582563,1,1
0,0.8095984685363518,1,1
1,0.37391255956660235,0,0
1,0.7922915084286013,1,1
1,0.8488812649493328,1,1
1,0.9041076617025383,1,1
0,0.4090620246540015,0,0
0,0.6824610577130638,1,1
1,0.7683155393889123,1,1
0,0.41358373647412766,0,0
0,0.24368176205264827,0,0
0,0.5880976428006937,1,1
0,0.7457795220752399,1,1
0,0.2603756512607511,0,0
1,0.23666298080608403,0,0
0,0.14553750294905968,0,0
1,0.9025035871189133,1,1
0,0.09844466891918206,0,0
1,0.8084362525123125,1,1
0,0.22717348311218105,0,0
0,0.18108128586856911,0,0
0,0.7577810407215195,1,1
0,0.10445046152637741,0,0
0,0.396438707872454,0,0
1,0.8682579359789602,1,1
0,0.25397473750590566,0,0
0,0.4079746652874168,0,0
0,0.6624993599988999,1,1
0,0.4624850998269125,0,0
1,0.37189910937846,0,0
1,0.593362703997509,1,1
0,0.0625076490241726,0,0
0,0.38286538981211277,0,0
0,0.06777068688960887,0,0
0,0.30319553573929814,0,0
1,0.34649614050096283,0,0
1,0.6409240633081248,1,1
0,0.6565883936355099,1,1
0,0.5932028691149849,1,1
0,0.0760340440024957,0,0
0,0.2137889456162269,0,0
0,0.7252581471288355,1,1
0,0.14217933778795563,0,0
1,0.9047011036243233,1,1
0,0.2138152158806369,0,0
1,0.6348422718946758,1,1
1,0.7940850957973246,1,1
1,0.6853105126148324,1,1
1,0.6118317158909105,1,1
1,0.8699905749660899,1,1
0,0.45489292386213714,0,0
0,0.7111213994631432,1,1
1,0.8516188765043116,1,1
0,0.3192054396548586,0,0
0,0.8874301312964052,1,1
0,0.2167707243025936,0,0
0,0.2804625296777094,0,0
1,0.30150778525683936,0,0
0,0.6609529675890938,1,1
0,0.13633578178628467,0,0
1,0.8878669609678319,1,1
0,0.18489007320598833,0,0
1,0.32108570655230606,0,0
0,0.6231006650216975,1,1
1,0.7719321892198845,1,1
1,0.7277042726188188,1,1
1,0.872186576593632,1,1
0,0.5789433158051591,1,1
0,0.3354117926542782,0,0
0,0.12654681653036928,0,0
1,0.7005898049891032,1,1
0,0.701621084241655,1,1
0,0.16776949672138208,0,0
0,0.16361344235912922,0,0
0,0.29051973887148425,0,0
0,0.1587347104091416,0,0
0,0.07677489153074989,0,0
1,0.3062859318706983,0,0
0,0.31772610713595506,0,0
0,0.06189528691743043,0,0
1,0.8655827534761125,1,1
0,0.7902686620032228,1,1
0,0.7751803035239291,1,1
0,0.758841948873565,1,1
1,0.8561333378796041,1,1
0,0.7801811046289835,1,1
0,0.2926682124004783,0,0
0,0.21935302125402031,0,0
0,0.18628069838323963,0,0
1,0.7970825236009947,1,1
1,0.8216645761072487,1,1
1,0.69287234686065,1,1
1,0.8217729381892503,1,1
0,0.46751514778843906,0,0
1,0.7629507879110123,1,1
1,0.4072205467513724,0,0
1,0.8896073543840063,1,1
1,0.5853686138733714,1,1
1,0.8032171263537254,1,1
0,0.8872370648666961,1,1
0,0.17108175193731845,0,0
0,0.36547462191177016,0,0
0,0.2347985744356844,0,0
0,0.20350457538721073,0,0
0,0.5169828998886731,1,1
1,0.3814133632667229,0,0
0,0.5901626123121649,1,1
0,0.6784105638582991,1,1
0,0.05181475203623357,0,0
0,0.09838895857559321,0,0
1,0.13669262321953193,0,0
0,0.11966950703168637,0,0
0,0.2620415119257774,0,0
0,0.5494141282412875,1,1
0,0.1388491218446596,0,0
0,0.6741519392482197,1,1
0,0.42689684759351665,0,0
1,0.4634321609214338,0,0
0,0.1407011036084431,0,0
0,0.3030644498640133,0,0
0,0.6707142823488856,1,1
1,0.8816877848639627,1,1
0,0.45352277664198415,0,0
1,0.2796667155194703,0,0
1,0.5495428795741315,1,1
0,0.2081647980737271,0,0
0,0.4479765362986438,0,0
0,0.818474052881561,1,1
0,0.39818359646279194,0,0
0,0.24481444528033816,0,0
1,0.6286189991460577,1,1
1,0.35042970508655413,0,0
0,0.8219575538643911,1,1
0,0.3826405165296119,0,0
0,0.12117197133989828,0,0
0,0.46125781643655894,0,0
0,0.19679480654037929,0,0
1,0.49660509062645,0,1
1,0.8542010995491407,1,1
0,0.07066765369369446,0,0
1,0.5075542644662197,1,1
1,0.6002195695648737,1,1
0,0.4062404067233723,0,0
1,0.9383137416803242,1,1
0,0.7125718255639067,1,1
0,0.20553210573236175,0,0
0,0.1925431758997165,0,0
0,0.656566270718022,1,1
0,0.123012173675088,0,0
0,0.09073987847459396,0,0
0,0.06479852110228328,0,0
0,0.06773673949496424,0,0
1,0.43685434241589227,0,0
0,0.31774083330092556,0,0
0,0.24715434934177358,0,0
1,0.5508829478437295,1,1
1,0.8017934830729024,1,1
1,0.441699868588017,0,0
1,0.8252084222088886,1,1
1,0.44778845439116827,0,0
0,0.8064646579843138,1,1
0,0.4581319120426934,0,0
0,0.4489599674119847,0,0
0,0.35880393583450915,0,0
0,0.13364284330915488,0,0
0,0.5623654929326217,1,1
0,0.2716778888591684,0,0
0,0.4990366509311242,0,1
0,0.3270690714268528,0,0
0,0.2660937542403782,0,0
0,0.8624497832999114,1,1
0,0.5310034983823154,1,1
0,0.5328381724037589,1,1
0,0.5402278859769415,1,1
0,0.09219028512012745,0,0
0,0.7147874059050041,1,1
0,0.6595236305678398,1,1
1,0.932239577041029,1,1
0,0.5364484357286708,1,1
0,0.6251047525943605,1,1
0,0.3272535994783131,0,0
0,0.11320597366915887,0,0
0,0.38343977629224435,0,0
1,0.23121461236455595,0,0
0,0.4558745883459128,0,0
0,0.5980100402878471,1,1
0,0.16069104608888904,0,0
0,0.08976144678066117,0,0
0,0.4194695633172639,0,0
0,0.07214819486720278,0,0
0,0.10005422846300388,0,0
0,0.19881037537937782,0,0
0,0.7322510664904399,1,1
0,0.46858548486001106,0,0
1,0.6436601181076934,1,1
0,0.31086714521277453,0,0
0,0.39819487228394806,0,0
0,0.10255881752556774,0,0
0,0.2947732777211002,0,0
1,0.7523325633729154,1,1
0,0.2862875981444987,0,0
1,0.900562451893608,1,1
1,0.3639342526359157,0,0
0,0.17491115466721469,0,0
1,0.08549780297743403,0,0
0,0.8314251607251033,1,1
0,0.2954311738631359,0,0
1,0.769427923928417,1,1
0,0.8565340088062858,1,1
0,0.19759672538030787,0,0
1,0.8817758908358455,1,1
0,0.7726072670711924,1,1
0,0.7398681076510344,1,1
0,0.9081134593562491,1,1
1,0.6582015489006238,1,1
1,0.7434056614040875,1,1
0,0.20860901231040588,0,0
1,0.8818447620488589,1,1
0,0.24673728087685698,0,0
1,0.9114639173362651,1,1
1,0.8430989566015542,1,1
0,0.5322087251811242,1,1
1,0.6488446342745027,1,1
1,0.7185770251925738,1,1
1,0.7973213830985068,1,1
0,0.034354912658464014,0,0
0,0.4655443414968308,0,0
1,0.5187291708743118,1,1
0,0.2663319224657578,0,0
1,0.11634622192309355,0,0
0,0.13499867673769728,0,0
1,0.8282120557614068,1,1
1,0.6118433685272765,1,1
0,0.4918223516750126,0,1
1,0.6072455807235535,1,1
1,0.6924112643106678,1,1
0,0.6873805826024559,1,1
0,0.09704858543178227,0,0
0,0.5084937029811625,1,1
1,0.6859930428038074,1,1
0,0.5794525355670211,1,1
0,0.3863475651451787,0,0
1,0.923341121606218,1,1
0,0.28456751632244637,0,0
1,0.30667347641558923,0,0
0,0.35702988439210626,0,0
0,0.25824436791676764,0,0
1,0.7880994698461432,1,1
1,0.5633603706403042,1,1
0,0.22656893690269464,0,0
1,0.5116483429793331,1,1
0,0.5200385362635321,1,1
1,0.576639460941273,1,1
0,0.22982346559372818,0,0
1,0.7326358823327315,1,1
1,0.6030640542054188,1,1
0,0.12105470960064516,0,0
1,0.6331938005148846,1,1
0,0.3962298994288172,0,0
0,0.6649738854331021,1,1
0,0.4191471265185808,0,0
0,0.7156178768071192,1,1
1,0.5016353340197041,1,1
0,0.3968136309480536,0,0
0,0.1916195717760986,0,0
0,0.24646511783322378,0,0
1,0.4382569126044835,0,0
0,0.9100100369852904,1,1
1,0.40213091293001196,0,0
1,0.6499860792272834,1,1
1,0.8002211914793464,1,1
1,0.45634034260526585,0,0
0,0.09280822416134672,0,0
0,0.12775385236922368,0,0
1,0.5985554984739417,1,1
1,0.8153697159673204,1,1
0,0.367630815376397,0,0
1,0.41295369615279265,0,0
0,0.6443808682291285,1,1
0,0.6237485977311854,1,1
0,0.3032989290147292,0,0
0,0.631526929986242,1,1
0,0.5793708769381434,1,1
0,0.14188954461637032,0,0
0,0.31675323214051765,0,0
0,0.26789544133642557,0,0
1,0.8400894886029474,1,1
0,0.06758237237003717,0,0
0,0.35034887151590477,0,0
1,0.9362017740680308,1,1
0,0.3331071159577512,0,0
0,0.4927830696113656,0,1
1,0.6655690403684809,1,1
0,0.15216233811305657,0,0
1,0.562678045760955,1,1
1,0.5098653748653195,1,1
1,0.704573784239314,1,1
0,0.10132462139975582,0,0
0,0.5946484445708177,1,1
1,0.15446475948415717,0,0
1,0.6610240361158778,1,1
0,0.06846362858356264,0,0
1,0.5264456843037989,1,1
0,0.5219564245313861,1,1
0,0.09499990213955119,0,0
0,0.29646684027849163,0,0
1,0.8183787939098414,1,1
1,0.5837704271931626,1,1
0,0.6404122227783992,1,1
1,0.635967678113337,1,1
1,0.9021733257285738,1,1
1,0.8385906837528123,1,1
1,0.828553440929136,1,1
0,0.7201255086953704,1,1
0,0.2947585510951604,0,0
0,0.7181286980972873,1,1
0,0.3049867738547763,0,0
1,0.4030517231429702,0,0
1,0.7608230803600026,1,1
0,0.09898639420851811,0,0
1,0.6401895121320069,1,1
1,0.47580988765360777,0,1
0,0.13738762546162364,0,0
0,0.8019885073195965,1,1
1,0.8981785725632884,1,1
0,0.2080649509264539,0,0
1,0.721463615216694,1,1
0,0.41289084611640847,0,0
1,0.7815934310082254,1,1
1,0.8507605887426435,1,1
0,0.07837845538767925,0,0
0,0.25109499262072366,0,0
0,0.33158296166272183,0,0
0,0.4174704427088646,0,0
0,0.22104434450545352,0,0
0,0.09720363394954325,0,0
1,0.6356011229643833,1,1
0,0.48973240577369204,0,1
0,0.32726455383742253,0,0
0,0.4397498308915036,0,0
1,0.48482054282604503,0,1
0,0.20872024479332296,0,0
1,0.5207016923829125,1,1
1,0.7374845561473089,1,1
0,0.7139932766679083,1,1
0,0.904255070430929,1,1
0,0.0883526491766246,0,0
0,0.10414906388999143,0,0
0,0.5755778877926107,1,1
1,0.857643675571607,1,1
0,0.6636855745367162,1,1
1,0.8392634211526095,1,1
0,0.20361457588202497,0,0
1,0.7783619835524807,1,1
0,0.31209178975572444,0,0
0,0.30232229600105975,0,0
0,0.12609609825157064,0,0
0,0.4054833132165818,0,0
0,0.6578544191209249,1,1
1,0.8678406640722701,1,1
0,0.15058407455809916,0,0
1,0.7441984292224643,1,1
1,0.5116310384309586,1,1
0,0.10344726691883763,0,0
0,0.04982623875562783,0,0
1,0.3678441002358294,0,0
0,0.14193077249128033,0,0
0,0.5958555634411445,1,1
1,0.3135259070528352,0,0
1,0.898768008560822,1,1
0,0.23883262394642302,0,0
0,0.5076516261712045,1,1
0,0.2685450872960618,0,0
0,0.09846959542217228,0,0
1,0.41170424562248686,0,0
0,0.44797182274582137,0,0
1,0.8579435042220258,1,1
0,0.06432294762608226,0,0
0,0.10413102762758618,0,0
0,0.4498318356234502,0,0
0,0.24580644824806855,0,0
1,0.4392582743352348,0,0
0,0.2764897090866696,0,0
0,0.8434271882824625,1,1
0,0.3335922649274442,0,0
1,0.7469818120628177,1,1
0,0.7122334708360453,1,1
0,0.25162437171934143,0,0
1,0.19529326577237266,0,0
0,0.27153943194909186,0,0
0,0.7625846782216338,1,1
0,0.6321011208982346,1,1
0,0.06940613352208126,0,0
0,0.06984738232743694,0,0
0,0.4607085797055927,0,0
0,0.2527660039658155,0,0
1,0.798431871028799,1,1
1,0.5191523903033534,1,1
0,0.2921591953162658,0,0
0,0.8401321852727383,1,1
1,0.38965403103951957,0,0
0,0.4494686091893729,0,0
0,0.40205463604106706,0,0
0,0.32317350484317126,0,0
0,0.40299587051031305,0,0
1,0.8816266583349017,1,1
1,0.6283579149102311,1,1
0,0.40732215207680306,0,0
0,0.1765739486763066,0,0
0,0.8345086540065555,1,1
1,0.9359739973493068,1,1
1,0.7895605457361022,1,1
0,0.35801366382414784,0,0
0,0.6582704778864081,1,1
0,0.1901647318598942,0,0
0,0.576506918412883,1,1
1,0.7673005453672199,1,1
0,0.12390395138025644,0,0
1,0.5833815989166568,1,1
1,0.526946365345405,1,1
0,0.9045925352825771,1,1
0,0.6688388195863277,1,1
0,0.17636669752679274,0,0
0,0.2506355702374914,0,0
0,0.24803038920939732,0,0
0,0.10214369551998825,0,0
0,0.20305695486813277,0,0
1,0.7702513956245189,1,1
0,0.4469232238861238,0,0
0,0.11434443070785802,0,0
1,0.7178412112817368,1,1
0,0.06463999374122277,0,0
0,0.6349246886763782,1,1
0,0.4021895795341873,0,0
0,0.2925601331383771,0,0
0,0.21886616399022618,0,0
0,0.5607620420441866,1,1
0,0.5227166675578927,1,1
0,0.5516882868027304,1,1
0,0.6533963345453826,1,1
1,0.2752578536439246,0,0
1,0.9324380547780322,1,1
1,0.9706123992672306,1,1
1,0.7281489163158834,1,1
0,0.5131340057173961,1,1
0,0.46980270779666816,0,0
0,0.714987365275953,1,1
0,0.11482643883598398,0,0
0,0.5079416813195026,1,1
1,0.6786007033738473,1,1
0,0.09551308870755912,0,0
0,0.47110978063982045,0,1
1,0.5817602542018072,1,1
1,0.5011286275386324,1,1
0,0.22172844772911665,0,0
0,0.11721704779474303,0,0
0,0.6421023902190125,1,1
0,0.2413317826369178,0,0
0,0.5228076236270838,1,1
1,0.5210671986029037,1,1
1,0.7981177894171058,1,1
0,0.42586791539625557,0,0
0,0.20944832228561544,0,0
1,0.7263036967169622,1,1
0,0.22973312317742178,0,0
0,0.7518436849717447,1,1
0,0.4726239370861864,0,1
0,0.3843532085390754,0,0
0,0.48296254281334455,0,1
0,0.1306509196065021,0,0
1,0.8204446064717339,1,1
0,0.33437370121422766,0,0
0,0.06930612458425302,0,0
1,0.6352006571797485,1,1
0,0.09451272087026352,0,0
1,0.7227922148975232,1,1
0,0.7183846693798317,1,1
0,0.12308015007367504,0,0
0,0.11237665678357794,0,0
0,0.28747644335555433,0,0
0,0.17419567602231625,0,0
1,0.4015625647635287,0,0
1,0.8720713008278201,1,1
0,0.5206940867315014,1,1
0,0.49960653705165226,0,1
1,0.5907983909022896,1,1
0,0.22985902174045642,0,0
0,0.35275167756020664,0,0
0,0.3825824496775002,0,0
0,0.5931333262429815,1,1
0,0.15677346483211158,0,0
0,0.24987227324577965,0,0
1,0.05877841575019225,0,0
1,0.6825794250642083,1,1
0,0.6729340391948908,1,1
0,0.3819198156967014,0,0
0,0.12676457133736424,0,0
0,0.6063321552337235,1,1
1,0.8584845780257494,1,1
0,0.4769581291849036,0,1
1,0.3741402937209371,0,0
0,0.20920224779708096,0,0
0,0.4781089245115222,0,1
0,0.2639574538509172,0,0
0,0.21961744014609208,0,0
0,0.26511346420381005,0,0
1,0.6646357271138893,1,1
0,0.372273408628044,0,0
0,0.26770109513533186,0,0
1,0.5091287758572384,1,1
1,0.9442891526119863,1,1
0,0.22055558369565542,0,0
1,0.21084535437960086,0,0
0,0.1941525595469522,0,0
0,0.2464430663101191,0,0
0,0.44418679968596214,0,0
0,0.4382088706230241,0,0
1,0.7957284142652257,1,1
0,0.13386101912397663,0,0
0,0.8583246612749366,1,1
0,0.5425218921963677,1,1
0,0.1467985753700252,0,0
0,0.5459107515470825,1,1
0,0.6717374413533457,1,1
0,0.3227260343540213,0,0
0,0.6474736876936317,1,1
1,0.8449013332568375,1,1
0,0.7275386128960595,1,1
1,0.7482941015129332,1,1
1,0.8273229299445694,1,1
0,0.3110166932236426,0,0
0,0.37731208027488394,0,0
0,0.3027922883818859,0,0
1,0.30790525837291405,0,0
0,0.44456477498186237,0,0
0,0.24388943990602563,0,0
1,0.6122640784259771,1,1
0,0.1894550981131562,0,0
1,0.8926138380139303,1,1
1,0.12224165450527942,0,0
0,0.2296259180954793,0,0
1,0.10005060248230645,0,0
1,0.7768814673224506,1,1
0,0.2309735357208504,0,0
1,0.7700789448042802,1,1
0,0.07662071911994461,0,0
1,0.7266208284563825,1,1
0,0.24602912984717534,0,0
1,0.9054618720074638,1,1
0,0.6248753475096498,1,1
1,0.8137763947025154,1,1
1,0.4679520634916633,0,0
0,0.4795199082766061,0,1
0,0.11236018780161118,0,0
0,0.23710864835791,0,0
1,0.8673887306684887,1,1
1,0.8317157883584614,1,1
0,0.49177076886588883,0,1
1,0.7083238368694734,1,1
1,0.801515711638769,1,1
1,0.8382176736218672,1,1
0,0.181952132938713,0,0
0,0.7079134704586475,1,1
1,0.7321782743668271,1,1
1,0.9203481809935704,1,1
0,0.19386266308628597,0,0
1,0.26645315660089647,0,0
0,0.07429020975151533,0,0
0,0.794659000231526,1,1
1,0.6808026685509119,1,1
1,0.5531242998683638,1,1
0,0.3100452716340441,0,0
0,0.13261780146795518,0,0
1,0.8196432886000209,1,1
0,0.6631280751445943,1,1
0,0.6206633795030401,1,1
0,0.6527446575912952,1,1
0,0.47600579739164767,0,1
1,0.7551490744190004,1,1
0,0.19161364155809701,0,0
0,0.3603576210584629,0,0
0,0.2811480859849841,0,0
0,0.6725111009005614,1,1
0,0.4749693858172502,0,1
0,0.42943087128851715,0,0
0,0.3040730467937587,0,0
1,0.8611876084430671,1,1
0,0.37675833151506616,0,0
0,0.761460017626343,1,1
1,0.8287778639391656,1,1
1,0.781947106580374,1,1
1,0.8658889232031145,1,1
1,0.7272253351451312,1,1
0,0.6066149265515478,1,1
0,0.23160812035809056,0,0
0,0.19091853496735822,0,0
1,0.6119225851865484,1,1
0,0.6367493700533559,1,1
0,0.5568125244575568,1,1
1,0.8381726887534695,1,1
1,0.8765438169766724,1,1
0,0.1451800081693046,0,0
0,0.519995446930284,1,1
0,0.613080374335064,1,1
0,0.20686797596746917,0,0
1,0.6947077756464932,1,1
1,0.7508224034940166,1,1
1,0.4692864227941414,0,0
0,0.28086934306033456,0,0
1,0.5457418750179955,1,1
0,0.1819461613549627,0,0
1,0.7256321357400577,1,1
0,0.694498943577821,1,1
0,0.2881233217332541,0,0
0,0.20206657565224453,0,0
0,0.3754956169822725,0,0
1,0.939183167595442,1,1
0,0.11381540632798683,0,0
0,0.11468162535632224,0,0
1,0.7446448491693038,1,1
0,0.520298508825132,1,1
1,0.8561718620110668,1,1
0,0.07029282053176006,0,0
0,0.49762894832305854,0,1
0,0.4954959108078274,0,1
1,0.5265227996371997,1,1
1,0.8257538407062691,1,1
0,0.05159880567008768,0,0
0,0.4393869025391468,0,0
0,0.3072124860844477,0,0
0,0.45010217849785533,0,0
0,0.3849429359725677,0,0
1,0.23330869815721497,0,0
0,0.2181719020678278,0,0
0,0.19453512297490805,0,0
0,0.19537960827583228,0,0
0,0.22789036322853487,0,0
1,0.8161112974130502,1,1
1,0.2677504959727677,0,0
0,0.6546349876680168,1,1
1,0.7944721255258341,1,1
1,0.8517376773100824,1,1
1,0.5379621225363215,1,1
0,0.21800905544500335,0,0
0,0.31378664764092584,0,0
1,0.688812804419106,1,1
0,0.4998513877864881,0,1
0,0.25308108195718954,0,0
0,0.7247754916279671,1,1
0,0.1225375940490034,0,0
1,0.8895821370268434,1,1
1,0.5883711725551999,1,1
1,0.7609220262627753,1,1
1,0.8886777517762384,1,1
1,0.9298143985471352,1,1
0,0.39564997990699863,0,0
0,0.20479265038862304,0,0
0,0.8069571724616862,1,1
1,0.9149117334814844,1,1
1,0.30421305357946776,0,0
0,0.46033290491326456,0,0
0,0.2750291562601333,0,0
0,0.20753780237283928,0,0
0,0.8923280011439372,1,1
1,0.6929709946842864,1,1
1,0.8838857475221782,1,1
0,0.333215517147165,0,0
1,0.4697036834029,0,0
1,0.7735671475565858,1,1
0,0.19641529925748044,0,0
0,0.42918956447996015,0,0
1,0.7051177201572866,1,1
0,0.4893161275948739,0,1
1,0.7263241847765346,1,1
1,0.40486792126499044,0,0
1,0.8780906664396906,1,1
0,0.5107429842861683,1,1
0,0.4981673236956061,0,1
0,0.386369044204927,0,0
0,0.7571635832956242,1,1
0,0.3529434918628816,0,0
1,0.38887423627143297,0,0
0,0.08831661039739647,0,0
1,0.16316028070277058,0,0
0,0.795860907486192,1,1
1,0.7238314847816546,1,1
0,0.5601015106908477,1,1
0,0.4222266668015396,0,0
0,0.2442792372598338,0,0
0,0.938186452170463,1,1
0,0.3921541508519175,0,0
0,0.14666989883864778,0,0
0,0.059438163582265655,0,0
1,0.7685416533992792,1,1
0,0.5643317177974511,1,1
0,0.5443385375019173,1,1
0,0.48859914227265877,0,1
0,0.09266656887911201,0,0
0,0.7368584746375999,1,1
0,0.18430537185753895,0,0
0,0.895512401624915,1,1
0,0.3633980349767142,0,0
0,0.5038971858610817,1,1
0,0.4906012682550507,0,1
0,0.5032426276739406,1,1
0,0.15229393929328197,0,0
1,0.4257439228115575,0,0
0,0.4832703856724361,0,1
0,0.2713862248624297,0,0
0,0.8076484354438552,1,1
0,0.7831495621148185,1,1
1,0.9465210546738401,1,1
0,0.2505248915859204,0,0
1,0.843380881601409,1,1
0,0.238364595312911,0,0
0,0.10841574865887195,0,0
0,0.16255282860254477,0,0
1,0.13492950889387562,0,0
0,0.05101263274746656,0,0
1,0.8948272305726217,1,1
1,0.5243828986354018,1,1
0,0.5446334237237367,1,1
1,0.4412602282380644,0,0
0,0.3393591502183703,0,0
1,0.6858533864350073,1,1
0,0.28325491253787927,0,0
1,0.3118751081992219,0,0
0,0.1203882931891313,0,0
0,0.8207258770799228,1,1
1,0.8179293842166294,1,1
1,0.8846672404344481,1,1
0,0.41053237182834346,0,0
0,0.22572729387164353,0,0
0,0.147804294811327,0,0
0,0.7958046387474665,1,1
0,0.5667504331411712,1,1
0,0.7572176700776756,1,1
0,0.5233444042387995,1,1
0,0.6725158827913874,1,1
0,0.25875538433221806,0,0
1,0.6476854277272038,1,1
1,0.8763141046781046,1,1
0,0.32116469291170985,0,0
1,0.890339290457328,1,1
1,0.5256528309791593,1,1
0,0.12604799654646265,0,0
0,0.12807293769161118,0,0
0,0.2137311385887855,0,0
1,0.3916382153759015,0,0
0,0.3114022785590427,0,0
0,0.3036372866038777,0,0
1,0.7664497925499663,1,1
0,0.38425217802216144,0,0
1,0.640973756478097,1,1
1,0.5167763547588141,1,1
1,0.13016573233203163,0,0
1,0.4197287412826162,0,0
0,0.84244434280219,1,1
0,0.6537631113411366,1,1
0,0.19835801444780785,0,0
1,0.4043994019688335,0,0
0,0.11329770138534753,0,0
0,0.25414521752013947,0,0
0,0.24080501314410935,0,0
0,0.6703760269861273,1,1
1,0.7190975564309703,1,1
0,0.08980701136458157,0,0
0,0.558343809591796,1,1
0,0.07613249647012917,0,0
1,0.9131693283339894,1,1
0,0.09096567216967397,0,0
0,0.3052833523247638,0,0
0,0.5798865352426046,1,1
0,0.36598324982489905,0,0
0,0.4285398119369916,0,0
1,0.9062136308771831,1,1
0,0.3538608902820079,0,0
0,0.17108235337595723,0,0
0,0.6210238443633219,1,1
1,0.8820609905354764,1,1
1,0.6194549158159971,1,1
1,0.6829330059387351,1,1
1,0.9625623805046463,1,1
1,0.2720077785764594,0,0
0,0.08486760800494296,0,0
0,0.47033710173794124,0,1
0,0.38910715410229757,0,0
1,0.8982363962260282,1,1
0,0.23285791410884726,0,0
1,0.559167861799604,1,1
0,0.7717889695347608,1,1
0,0.13768374647431852,0,0
0,0.25137554607522256,0,0
1,0.8796690779002729,1,1
0,0.24713541465164465,0,0
0,0.40772459264281663,0,0
0,0.15606923926933824,0,0
0,0.13178153346164634,0,0
1,0.7467883459626876,1,1
1,0.5168231586029871,1,1
1,0.8341026046690476,1,1
0,0.6507916293800159,1,1
0,0.12364297160080247,0,0
1,0.728182087783222,1,1
1,0.3912257778191129,0,0
0,0.5149417963744022,1,1
0,0.4818467487171181,0,1
0,0.6150495786121289,1,1
1,0.5687634883295899,1,1
0,0.0867422604632537,0,0
1,0.9699818903205962,1,1
0,0.11279154244645494,0,0
0,0.34137978635642924,0,0
1,0.6160365527110295,1,1
0,0.4147866152397389,0,0
0,0.34761467017793357,0,0
0,0.29373078206294984,0,0
0,0.9269324579592153,1,1
1,0.8323321039022062,1,1
0,0.456346482893811,0,0
0,0.08391235561161765,0,0
0,0.3296860970928704,0,0
0,0.07532007534517954,0,0
0,0.525359620797413,1,1
0,0.07950036065117944,0,0
1,0.3449209026932561,0,0
1,0.859968254508698,1,1
0,0.2129256891654004,0,0
1,0.43420267266102935,0,0
1,0.805987900869828,1,1
0,0.8043649071708453,1,1
0,0.49233992631478224,0,1
0,0.35976505473894965,0,0
1,0.8807722455607818,1,1
1,0.5505604088250684,1,1
0,0.7025583181701541,1,1
1,0.8769232101984162,1,1
1,0.4809096387064012,0,1
1,0.8148064203543879,1,1
0,0.4146683111287076,0,0
0,0.20895125087441202,0,0
0,0.3066671253886997,0,0
1,0.888395166540233,1,1
0,0.06103256032858829,0,0
1,0.1510273718264967,0,0
1,0.8230823556020642,1,1
1,0.7511754411644351,1,1
1,0.8863631392599705,1,1
0,0.49538450000555156,0,1
0,0.19320798779921644,0,0
0,0.42438224287720305,0,0
1,0.2794756237389584,0,0
0,0.5477187484071585,1,1
1,0.7983520336222452,1,1
0,0.6376781098675196,1,1
0,0.49758930238019733,0,1
0,0.7179530193719782,1,1
1,0.13854902071332906,0,0
0,0.26367081446394386,0,0
0,0.19274200184246398,0,0
0,0.4072159483514799,0,0
1,0.5167877992311714,1,1
0,0.09413053215478794,0,0
0,0.32202221890036564,0,0
0,0.13366652942109356,0,0
0,0.07501358036735134,0,0
0,0.6503156381642925,1,1
0,0.2097324436589488,0,0
0,0.1513350922928855,0,0
1,0.5469755249372479,1,1
0,0.5977110595425525,1,1
0,0.7824621601990532,1,1
0,0.08341180671892935,0,0
1,0.7446074441289541,1,1
1,0.8650926941598645,1,1
0,0.6936351415513485,1,1
0,0.0830815388867645,0,0
1,0.693276258730258,1,1
0,0.27759863978395194,0,0
0,0.690384551884975,1,1
0,0.47837132852166653,0,1
1,0.7208510418464875,1,1
0,0.07512089597512324,0,0
0,0.3126016665512035,0,0
0,0.06960036366572256,0,0
0,0.4253966668658521,0,0
0,0.5152028375493362,1,1
0,0.16847955511438836,0,0
1,0.6885932587605318,1,1
1,0.5833785441392993,1,1
1,0.8773145194987272,1,1
1,0.19389311107353074,0,0
1,0.729320124404342,1,1
0,0.4074553286096209,0,0
0,0.6037071382732182,1,1
0,0.2742409924678769,0,0
0,0.07471974752968083,0,0
1,0.8651264896189088,1,1
0,0.34093644929283173,0,0
1,0.8434002533628963,1,1
0,0.3513961619958484,0,0
0,0.734016445202717,1,1
0,0.08352137073786936,0,0
1,0.5010225727725454,1,1
1,0.4219055825745409,0,0
1,0.6868649466751668,1,1
1,0.8209519738290612,1,1
0,0.5037222344532147,1,1
0,0.32951821076926213,0,0
0,0.15779508158038916,0,0
0,0.1513780460297997,0,0
1,0.7596522314215833,1,1
0,0.09077848583369857,0,0
0,0.3741363915619978,0,0
0,0.5984249392728314,1,1
1,0.5989246583721463,1,1
0,0.21911885926441493,0,0
1,0.8863717860422375,1,1
1,0.11741944565100418,0,0
0,0.2637186184427135,0,0
0,0.2678128174687545,0,0
1,0.9267088704029864,1,1
0,0.19861890221610717,0,0
0,0.4948176537898299,0,1
0,0.1696308620385594,0,0
0,0.12481977007143873,0,0
1,0.199269516108489,0,0
0,0.5717784656764238,1,1
0,0.3273596202963425,0,0
1,0.695130500307375,1,1
0,0.08942093209818938,0,0
0,0.699643198986173,1,1
1,0.6849220262754793,1,1
0,0.15919481886436537,0,0
0,0.5694388888729931,1,1
0,0.1511106872076562,0,0
1,0.39171365704535827,0,0
1,0.8619819073273937,1,1
0,0.16634246160530342,0,0
0,0.466753569472709,0,0
1,0.41479784375773654,0,0
0,0.5909997898506069,1,1
0,0.43140202511426745,0,0
0,0.551632009516648,1,1
0,0.47293282020147637,0,1
1,0.7937529340532185,1,1
1,0.8698137203861619,1,1
0,0.24559333986351592,0,0
1,0.9144604670345564,1,1
0,0.1271809922123966,0,0
1,0.7877457809350196,1,1
0,0.1911835516275891,0,0
1,0.6532166102561755,1,1
1,0.712953816371355,1,1
1,0.4216057141397337,0,0
1,0.5218833881124562,1,1
1,0.9212222214729215,1,1
0,0.38785138716069356,0,0
0,0.059432659923580024,0,0
0,0.12271790685697567,0,0
0,0.1420249820606436,0,0
0,0.12584710801865676,0,0
1,0.9455592437186168,1,1
0,0.06712411579622724,0,0
0,0.4159835264515342,0,0
1,0.4134190367819126,0,0
0,0.3708402311196978,0,0
0,0.9037628902777358,1,1
0,0.5311487375326519,1,1
1,0.32565451928813133,0,0
0,0.075310104576053,0,0
0,0.10016450644663091,0,0
1,0.45390059660819543,0,0
1,0.4942141307830474,0,1
0,0.5193415268893231,1,1
0,0.7880651005054589,1,1
0,0.6907196492533604,1,1
0,0.6940787239150867,1,1
0,0.21017394871310116,0,0
0,0.9461259251513615,1,1
0,0.147998038264115,0,0
1,0.505479790602346,1,1
0,0.2825589333652064,0,0
0,0.559289863263427,1,1
0,0.11830654980846386,0,0
1,0.6132545159845603,1,1
0,0.2443189869323396,0,0
0,0.2565795910214129,0,0
1,0.7666643938334019,1,1
0,0.3097985867971404,0,0
0,0.1257350175122342,0,0
1,0.9393452259852406,1,1
0,0.13182316990837636,0,0
0,0.6256044416383498,1,1
0,0.3120849356035943,0,0
0,0.08016873240223411,0,0
0,0.1313207007729315,0,0
0,0.4796327556192804,0,1
0,0.4197707113313563,0,0
0,0.6172622218779072,1,1
0,0.39886859751567016,0,0
1,0.3511918159484838,0,0
0,0.06905402936941257,0,0
1,0.5676840809613151,1,1
0,0.14061017085889838,0,0
0,0.29632709736455476,0,0
0,0.21592482290552453,0,0
0,0.8606226337479543,1,1
0,0.24488601813416427,0,0
0,0.1521302880315656,0,0
0,0.23487460329063767,0,0
0,0.3054701021251077,0,0
0,0.09167198185482756,0,0
1,0.8124132445699638,1,1
0,0.23031014514338477,0,0
0,0.26040519301031023,0,0
1,0.9209047483195142,1,1
0,0.14821906346210484,0,0
1,0.5830747861257253,1,1
1,0.8217788118258016,1,1
1,0.599765735331801,1,1
0,0.3846411680717438,0,0
0,0.09084825020484381,0,0
0,0.17259821530696715,0,0
0,0.19132698729284062,0,0
1,0.8278123967523809,1,1
1,0.8558765628583879,1,1
0,0.17650993349314334,0,0
0,0.2295906926629248,0,0
0,0.17408008503579725,0,0
0,0.611460192822838,1,1
0,0.4555918471826283,0,0
0,0.07586625505421937,0,0
0,0.13439504443448394,0,0
1,0.8420277739610863,1,1
0,0.29859542232288894,0,0
0,0.07352618273525972,0,0
0,0.15394340581324098,0,0
0,0.1363279722656709,0,0
0,0.7636331826951139,1,1
0,0.1465123556422748,0,0
0,0.11457995298348934,0,0
0,0.29223807855664646,0,0
1,0.9280093162687266,1,1
0,0.06326400347580627,0,0
0,0.4185384532768091,0,0
0,0.28006049135267946,0,0
0,0.5995810636604716,1,1
1,0.6955452592444364,1,1
1,0.8512177617343927,1,1
0,0.12922212031848782,0,0
0,0.1486464139061916,0,0
0,0.6473568489724325,1,1
0,0.39015676177989095,0,0
1,0.15873787367673375,0,0
1,0.7142982169851795,1,1
0,0.13285181091675372,0,0
0,0.11592417887723996,0,0
0,0.22568860000760108,0,0
0,0.671725059969575,1,1
0,0.16522026054075437,0,0
1,0.8730737782074225,1,1
1,0.7795911949478453,1,1
1,0.623668113736943,1,1
1,0.7956361702926911,1,1
1,0.533810753129305,1,1
1,0.7447978251467455,1,1
1,0.8159396347594856,1,1
1,0.4830887234891647,0,1
0,0.4842551529553188,0,1
1,0.09531022637411386,0,0
0,0.2017299445201545,0,0
0,0.8153178165700294,1,1
0,0.7799023293417013,1,1
1,0.7351769894121427,1,1
0,0.10302103324533965,0,0
1,0.8706766993492648,1,1
0,0.12870483976280966,0,0
0,0.1304458506874405,0,0
0,0.05868544734653771,0,0
0,0.1596688744663518,0,0
0,0.1943028453413383,0,0
1,0.6924373091814999,1,1
0,0.7348671809643569,1,1
0,0.35674717932064054,0,0
0,0.8622200492988396,1,1
1,0.7504534191303199,1,1
0,0.07519966262992062,0,0
0,0.31818884573637785,0,0
1,0.7700711495567122,1,1
1,0.7654125099695632,1,1
0,0.1648297569225228,0,0
1,0.8194966690312404,1,1
0,0.49453099238186377,0,1
1,0.7550254527023877,1,1
0,0.5236943775576987,1,1
0,0.12447112237501479,0,0
0,0.7374121050814197,1,1
1,0.7816044774943709,1,1
0,0.6300066671432131,1,1
0,0.7347757315515147,1,1
1,0.12183001131044666,0,0
0,0.18405041616428672,0,0
1,0.7199530189987514,1,1
0,0.40370315730470824,0,0
0,0.6637396527831062,1,1
0,0.1459944258982864,0,0
0,0.06852755875138596,0,0
0,0.318590990291188,0,0
0,0.39932323895033656,0,0
1,0.8511815738111468,1,1
0,0.2993971337066742,0,0
1,0.14922918649446926,0,0
0,0.46043478192966236,0,0
0,0.2547097664605944,0,0
0,0.5883785350408989,1,1
0,0.5676659816321253,1,1
0,0.40690343990618744,0,0
0,0.07283630749098215,0,0
1,0.8562136405939869,1,1
0,0.7551395230334882,1,1
1,0.4270391738785097,0,0
0,0.09515211477122053,0,0
0,0.5439361465494279,1,1
0,0.32537921378094026,0,0
0,0.20455195784252475,0,0
1,0.6233412549576142,1,1
1,0.5810479175492216,1,1
1,0.9323707865051916,1,1
0,0.1936389775433485,0,0
1,0.2780935104850794,0,0
0,0.1421180784346849,0,0
1,0.5473879565939179,1,1
0,0.6625328281055219,1,1
1,0.5867161345938109,1,1
0,0.19924649438478703,0,0
0,0.5628204943890338,1,1
1,0.48221516136047676,0,1
0,0.25401825219605606,0,0
1,0.6122203284374546,1,1
1,0.3833154961898557,0,0
0,0.5484161156122138,1,1
0,0.3518445837123758,0,0
0,0.2277247013113764,0,0
0,0.8355893589228646,1,1
1,0.8251816888835142,1,1
1,0.8905845694310719,1,1
0,0.29710239545314615,0,0
0,0.6259726115235532,1,1
0,0.5702599506776643,1,1
0,0.7167665420187285,1,1
0,0.3856231053550615,0,0
1,0.8702063712410687,1,1
0,0.2893455694113052,0,0
1,0.8499625381444696,1,1
1,0.8445213196676689,1,1
0,0.23436767877331324,0,0
1,0.9655533346845109,1,1
0,0.16363195786915338,0,0
0,0.5642360826344704,1,1
0,0.13538692559305388,0,0
0,0.3656029084176827,0,0
0,0.5960059016987416,1,1
0,0.30524742031357416,0,0
0,0.783896189323391,1,1
0,0.8816222004442994,1,1
1,0.7307057637915052,1,1
0,0.48661837689590076,0,1
0,0.03350721803782022,0,0
1,0.8652752398612944,1,1
1,0.7278311234417841,1,1
0,0.38287719293364736,0,0
0,0.2635149379106548,0,0
0,0.09957375973063204,0,0
0,0.2857164583156445,0,0
1,0.9108634260763949,1,1
1,0.12700720915421398,0,0
0,0.17841613061255693,0,0
1,0.713177533201716,1,1
1,0.5455381641438273,1,1
0,0.512580076685279,1,1
1,0.504052902388649,1,1
0,0.34748835202195044,0,0
0,0.20829551964478277,0,0
1,0.4738411354343761,0,1
1,0.871982655422598,1,1
0,0.5030708510766367,1,1
0,0.37445573249303093,0,0
0,0.030861316314113756,0,0
0,0.6031029073603511,1,1
0,0.1500758838152366,0,0
0,0.33282542477981825,0,0
0,0.06617379421256692,0,0
0,0.6850235753692676,1,1
1,0.7863311471793839,1,1
0,0.30141126126720896,0,0
0,0.2534082063501661,0,0
0,0.22010705557219126,0,0
1,0.9280925376774801,1,1
0,0.15097694778811263,0,0
0,0.5248247166033303,1,1
0,0.29971726672088955,0,0
0,0.7604377801551148,1,1
1,0.9284116519300196,1,1
1,0.12423071534674192,0,0
0,0.5122014076711485,1,1
0,0.1705116943221708,0,0
0,0.33432825738514854,0,0
0,0.298195652215105,0,0
0,0.08796504922170217,0,0
0,0.22717397012123003,0,0
1,0.8040680545778937,1,1
0,0.39798859811495946,0,0
1,0.839420275667101,1,1
0,0.41223027841071647,0,0
0,0.47987810852969826,0,1
1,0.5681546974102957,1,1
1,0.8486666730101995,1,1
0,0.3381201428730953,0,0
0,0.2904518646164258,0,0
1,0.3484113103818112,0,0
1,0.7532814707283803,1,1
0,0.3773834850097508,0,0
0,0.25784738872947444,0,0
0,0.2453255138151866,0,0
1,0.6978187098292636,1,1
0,0.3212788027645058,0,0
1,0.5330410577407115,1,1
0,0.6342257321614237,1,1
0,0.2178550214442473,0,0
1,0.9160838969616215,1,1
0,0.3768005855046457,0,0
1,0.708222878032564,1,1
0,0.3749636806126645,0,0
1,0.431422936229646,0,0
0,0.3828670969902345,0,0
0,0.2850306043067381,0,0
1,0.7681187270633374,1,1
1,0.5595118005421821,1,1
0,0.08911816427627922,0,0
0,0.24579009662390694,0,0
0,0.4807299966470977,0,1
1,0.7570357798051113,1,1
0,0.08364276349530032,0,0
0,0.08827956459261155,0,0
0,0.09677797469307847,0,0
1,0.7965257937380371,1,1
0,0.22376377679032602,0,0
0,0.1122972594743037,0,0
1,0.6239660278978563,1,1
0,0.5245715339460499,1,1
0,0.22699134905038157,0,0
0,0.5033841297094985,1,1
1,0.9024529184736808,1,1
1,0.7875370119662229,1,1
0,0.5083007264303936,1,1
0,0.31169565910043806,0,0
0,0.3150138902117427,0,0
0,0.8278476945789311,1,1
1,0.5014972774678637,1,1
0,0.5606156118059386,1,1
0,0.18660227546814215,0,0
1,0.7745853652407892,1,1
1,0.6620535500610661,1,1
0,0.5804880933719327,1,1
0,0.21869982387200484,0,0
0,0.07419168326317174,0,0
0,0.17022165690528024,0,0
0,0.6508643622319777,1,1
0,0.41985765737186315,0,0
1,0.8062071470267873,1,1
1,0.7388197829439359,1,1
0,0.20585606457254102,0,0
0,0.11238904330505078,0,0
0,0.05254885147434159,0,0
1,0.42536614063531647,0,0
1,0.865351769369054,1,1
0,0.09501601411892313,0,0
0,0.10544632028911288,0,0
0,0.3146500250840105,0,0
1,0.6550046576203475,1,1
0,0.47536471913797823,0,1
0,0.4031551446159735,0,0
1,0.9501732966221424,1,1
0,0.27388292796771624,0,0
1,0.9041996882279674,1,1
1,0.543751767343309,1,1
1,0.6760024026098391,1,1
0,0.06950384836311171,0,0
0,0.271756517111315,0,0
0,0.326109409490322,0,0
1,0.8358942602289678,1,1
0,0.455748222919919,0,0
0,0.2987105849030738,0,0
1,0.8991436229591244,1,1
0,0.7217605523083733,1,1
1,0.44730978499418983,0,0
0,0.2758797129632722,0,0
1,0.2656391748950562,0,0
0,0.31400715799146484,0,0
0,0.10100617938358068,0,0
1,0.2356317371456824,0,0
0,0.2923824674227653,0,0
0,0.10168094535902762,0,0
0,0.6761618195261745,1,1
0,0.7370669560078563,1,1
0,0.13688063612855758,0,0
0,0.25393308702974254,0,0
0,0.33457096637460504,0,0
0,0.24459115767030368,0,0
1,0.4386613169535655,0,0
0,0.34851946115831894,0,0
0,0.5828263769905976,1,1
1,0.47570683157854576,0,1
1,0.7125095140009107,1,1
1,0.5461654568165658,1,1
0,0.6229190940168339,1,1
1,0.9589181116650837,1,1
0,0.3305011016036839,0,0
0,0.2268131591399697,0,0
1,0.2634706836875377,0,0
0,0.05012684029420749,0,0
0,0.08871259169251437,0,0
1,0.7347507579485943,1,1
0,0.2156803506338564,0,0
0,0.2564860411278898,0,0
0,0.23605382848984416,0,0
0,0.7015744528379241,1,1
1,0.7814115490501129,1,1
0,0.13185496710479744,0,0
1,0.3469859089217555,0,0
0,0.11961830984662054,0,0
1,0.48588510576134447,0,1
1,0.7103722278933713,1,1
0,0.07630146171456166,0,0
0,0.6160698693123511,1,1
0,0.2644437788710756,0,0
0,0.15301140370177752,0,0
1,0.5342161879196927,1,1
0,0.25114807868863703,0,0
0,0.2091793292064611,0,0
1,0.8822927253565835,1,1
0,0.5936325701391438,1,1
0,0.3116258703116685,0,0
0,0.5718512012022311,1,1
1,0.49744234239630153,0,1
0,0.19445291028997086,0,0
0,0.07432544480416456,0,0
0,0.47351162793895557,0,1
0,0.09560915467511172,0,0
0,0.29648651657620767,0,0
1,0.8363236708358763,1,1
0,0.24963680375271285,0,0
1,0.7114056309472159,1,1
1,0.8599026874073424,1,1
1,0.4308706659778785,0,0
1,0.5161749459534961,1,1
1,0.501837715027695,1,1
0,0.39429377779494795,0,0
0,0.41633103668075383,0,0
1,0.813213418117221,1,1
0,0.10738069577839668,0,0
0,0.06357906627921417,0,0
1,0.5994835902237136,1,1
0,0.0520419205702959,0,0
0,0.7161362062558312,1,1
1,0.7761113464671524,1,1
0,0.2433865861324003,0,0
1,0.7359016105416445,1,1
1,0.6402285370077156,1,1
1,0.24038606159789663,0,0
0,0.0866537093163138,0,0
1,0.7369874464125392,1,1
0,0.39473751907800286,0,0
1,0.5807349692416574,1,1
1,0.8064922902689434,1,1
1,0.8936316061954134,1,1
0,0.08596386378767082,0,0
1,0.5992386820801885,1,1
0,0.15292627146263282,0,0
0,0.596912065247038,1,1
0,0.18309681067171477,0,0
1,0.8210118915853415,1,1
0,0.4083233464660618,0,0
0,0.46962069448696464,0,0
0,0.3814282451616842,0,0
1,0.6884628876598607,1,1
0,0.6480340236158829,1,1
1,0.22430648965043012,0,0
0,0.19186412097804365,0,0
1,0.41790990493856417,0,0
1,0.6670991618819399,1,1
0,0.6946088331798731,1,1
1,0.894802856076142,1,1
0,0.19291116683146411,0,0
0,0.2898376498251123,0,0
0,0.4299589884602026,0,0
0,0.8039701516670754,1,1
1,0.835868535150997,1,1
1,0.4185806466820609,0,0
1,0.8640443540055075,1,1
1,0.6322600469574979,1,1
0,0.15124030942516858,0,0
1,0.9323140474485431,1,1
0,0.25285667725271044,0,0
0,0.8136629036288081,1,1
0,0.6164915767212779,1,1
1,0.9327534839593624,1,1
0,0.5468273013065478,1,1
0,0.05683093152332242,0,0
0,0.0382224790970635,0,0
1,0.3210176043187632,0,0
0,0.47906440653554255,0,1
0,0.1799026814208907,0,0
1,0.8490980849862736,1,1
0,0.32751322454849124,0,0
1,0.8253865841354125,1,1
1,0.6790598149254813,1,1
0,0.6170497569538093,1,1
0,0.8049642314652142,1,1
0,0.8026356350865061,1,1
0,0.24561156058705386,0,0
0,0.0540301979370937,0,0
0,0.2800566989508396,0,0
1,0.6916071162358187,1,1
0,0.4488222616351451,0,0
0,0.8410999809043816,1,1
1,0.6280197218915672,1,1
0,0.83937936734822,1,1
1,0.8210982466637706,1,1
0,0.3213594631543978,0,0
0,0.684892085191654,1,1
0,0.48139591795336173,0,1
1,0.7376977685193505,1,1
1,0.921089474853799,1,1
0,0.19249351292701453,0,0
0,0.10140142058406972,0,0
1,0.9391257890447896,1,1
0,0.34775561042619035,0,0
0,0.1357803497729026,0,0
1,0.7364497268718855,1,1
1,0.34178195170710524,0,0
0,0.10950428447700283,0,0
0,0.6239732258064484,1,1
0,0.16788943684949276,0,0
0,0.19279902731293916,0,0
1,0.8067351503488799,1,1
1,0.7015933179805152,1,1
0,0.4931046953514435,0,1
1,0.8712378680080108,1,1
1,0.5485156588462576,1,1
0,0.3125573066063724,0,0
0,0.058855843460832405,0,0
1,0.9110662456990206,1,1
0,0.4738902710043061,0,1
0,0.35192482733603325,0,0
0,0.5274680868831756,1,1
1,0.8336410243332644,1,1
1,0.7422780043364288,1,1
1,0.5949314789677019,1,1
1,0.9224176951846594,1,1
1,0.5150899439133654,1,1
1,0.8079514419247471,1,1
0,0.33477829718476204,0,0
0,0.23873091430276044,0,0
0,0.12208691880054132,0,0
0,0.4297166159398731,0,0
0,0.31637951544819415,0,0
1,0.3786674874592752,0,0
1,0.6717403027469299,1,1
0,0.42356100954123804,0,0
0,0.06502153818091552,0,0
1,0.7299642945987258,1,1
1,0.4424760844001757,0,0
1,0.8692617135289677,1,1
1,0.7821820348409906,1,1
0,0.5901923427681065,1,1
0,0.08556583094289895,0,0
0,0.21635439365230155,0,0
0,0.07229225332318462,0,0
0,0.14265503183013206,0,0
0,0.23197830531443958,0,0
0,0.1937075060819715,0,0
0,0.06965392803013346,0,0
1,0.8803464172015845,1,1
1,0.7525915915417539,1,1
0,0.5177549199585354,1,1
0,0.5319357739073726,1,1
0,0.23942962028365314,0,0
1,0.7669501860786563,1,1
0,0.0967176363600656,0,0
1,0.7889057614869466,1,1
0,0.11260031790279026,0,0
1,0.4674702038533351,0,0
0,0.4046088071157889,0,0
1,0.48529785604798936,0,1
0,0.33155532742327226,0,0
1,0.6400352605363839,1,1
0,0.8240879062360073,1,1
0,0.7305100653806121,1,1
0,0.0953062393631608,0,0
0,0.4153650931357237,0,0
1,0.4444611220444305,0,0
1,0.646539897977683,1,1
1,0.6443002986461314,1,1
0,0.7514811660681541,1,1
0,0.3013846594339029,0,0
1,0.5103197796896581,1,1
0,0.29564987998663916,0,0
0,0.16536979537051683,0,0
0,0.8000703497908211,1,1
0,0.5423267030247426,1,1
0,0.8941678992903135,1,1
1,0.7123940197116458,1,1
0,0.12345163698355724,0,0
0,0.16847089117591188,0,0
0,0.24840035514624886,0,0
0,0.16845187113760943,0,0
1,0.8801949128059505,1,1
0,0.75470859479506,1,1
1,0.6688963840690039,1,1
0,0.9078069448631767,1,1
1,0.2938991480366905,0,0
0,0.3367798880638007,0,0
0,0.29065750944131996,0,0
1,0.7374175288345628,1,1
0,0.10281759269034119,0,0
0,0.482632985720851,0,1
0,0.07117597284982186,0,0
0,0.5157571112278958,1,1
0,0.1384511677613795,0,0
1,0.16351230830324257,0,0
0,0.701686351239106,1,1
1,0.9484033876447476,1,1
0,0.8447520818949047,1,1
0,0.2919645651330281,0,0
1,0.6652193616976798,1,1
0,0.4417931245296693,0,0
1,0.8908501541152815,1,1
0,0.11346337912539063,0,0
0,0.09542691309263004,0,0
0,0.10221025933888621,0,0
0,0.25615776528210304,0,0
1,0.8292046696452982,1,1
0,0.25983149593762916,0,0
0,0.15721075163846912,0,0
1,0.9019246449389211,1,1
0,0.4208340068856234,0,0
1,0.8903441879142016,1,1
0,0.8780219594044258,1,1
0,0.37238934000299845,0,0
0,0.13190276797537057,0,0
0,0.3248691914865857,0,0
1,0.3719090292783002,0,0
0,0.6406548513519192,1,1
1,0.4946576059371064,0,1
1,0.6111041069398692,1,1
1,0.6279861789298625,1,1
0,0.3117517688704248,0,0
1,0.9060436478522205,1,1
1,0.1296499548292571,0,0
0,0.5208801804717613,1,1
1,0.3078407528578833,0,0
0,0.24180956747200247,0,0
0,0.06507833378133207,0,0
0,0.6565796446889611,1,1
1,0.6257355371626273,1,1
0,0.7423780476892587,1,1
1,0.6439460682503649,1,1
1,0.9280919873621488,1,1
0,0.1267269603863643,0,0
0,0.20031125816036766,0,0
0,0.15600965559249727,0,0
1,0.8652988934128726,1,1
0,0.11903341686325394,0,0
0,0.6406824486767336,1,1
0,0.24984325809777344,0,0
1,0.45615587712299505,0,0
0,0.28910399183038116,0,0
1,0.6803068771322407,1,1
1,0.7229108174054952,1,1
0,0.0817981629566256,0,0
1,0.866298584537805,1,1
0,0.1028500647820228,0,0
1,0.4909889687661112,0,1
1,0.6645310589189459,1,1
0,0.6350458364954732,1,1
1,0.04617596897472388,0,0
0,0.8347136242951876,1,1
0,0.13495682150401542,0,0
0,0.39717347601835834,0,0
1,0.5539724092318898,1,1
1,0.6970957286413182,1,1
0,0.46075181817083993,0,0
1,0.6265861412660275,1,1
0,0.10469651630470489,0,0
1,0.5118712226287014,1,1
0,0.312572545413005,0,0
0,0.49063573276595573,0,1
1,0.7174020024771165,1,1
1,0.26725102919459337,0,0
0,0.3751649804894207,0,0
0,0.19926358471387445,0,0
1,0.863578712778567,1,1
1,0.29037335239528067,0,0
0,0.4019292686589994,0,0
0,0.34624570218347434,0,0
0,0.4881003242856829,0,1
1,0.6008998357335366,1,1
0,0.16038551193713269,0,0
0,0.8104086603477764,1,1
0,0.20817149648503658,0,0
0,0.26875029760036884,0,0
0,0.5981343222964512,1,1
1,0.8029172025516319,1,1
1,0.7493965029507095,1,1
0,0.5591707123599394,1,1
1,0.41542598857300167,0,0
0,0.7262124521573872,1,1
1,0.7700611192437649,1,1
0,0.7165769588346564,1,1
0,0.09286847537034532,0,0
0,0.44751401250323286,0,0
0,0.21152431497162097,0,0
0,0.4988067395211063,0,1
0,0.37044367507537956,0,0
0,0.17277271295917587,0,0
1,0.5430423613811287,1,1
0,0.11382235366524754,0,0
0,0.06615402713950964,0,0
0,0.09127143501947513,0,0
0,0.34402858697714256,0,0
1,0.8999540702717452,1,1
1,0.29600850901518205,0,0
1,0.3384138643483208,0,0
0,0.3202767845537699,0,0
1,0.5857908237102051,1,1
1,0.9315991665388421,1,1
0,0.6862376090442925,1,1
0,0.9170126821669212,1,1
0,0.0854170612533359,0,0
1,0.489457174470174,0,1
1,0.3225197585029076,0,0
1,0.7336283718546758,1,1
0,0.2356676685810093,0,0
1,0.6261039435508099,1,1
1,0.6354307396299469,1,1
1,0.1550479955180333,0,0
0,0.43357445166109576,0,0
0,0.7176126047962844,1,1
0,0.1468283373313005,0,0
1,0.7902785620405349,1,1
1,0.7330092424598614,1,1
1,0.8954774018719651,1,1
1,0.49735961393815026,0,1
1,0.6647957333996829,1,1
0,0.7649753431836844,1,1
0,0.8608181492556377,1,1
0,0.4224776975165426,0,0
0,0.21057887180867058,0,0
1,0.4688421367670513,0,0
0,0.3553288846759204,0,0
1,0.37609266854883744,0,0
0,0.7876433303364021,1,1
1,0.8416915315064194,1,1
1,0.3534720083932689,0,0
0,0.7466157649732013,1,1
0,0.6088882503346903,1,1
0,0.16834715525640873,0,0
1,0.5859790919100161,1,1
0,0.28769160999905985,0,0
1,0.7825109689280637,1,1
0,0.3341788273877464,0,0
0,0.16830278318450012,0,0
0,0.8398846293253887,1,1
0,0.5300122751402809,1,1
0,0.3967944690971894,0,0
1,0.09789480620981582,0,0
1,0.6101048059900084,1,1
1,0.8241883937718921,1,1
1,0.7439340905472169,1,1
0,0.11734085788650506,0,0
0,0.7307558087677547,1,1
0,0.11856295131205258,0,0
0,0.1037667332154919,0,0
1,0.7311362885851629,1,1
1,0.7223675949113202,1,1
1,0.8842663483662877,1,1
1,0.8399502457597422,1,1
0,0.052134366869025825,0,0
0,0.13440879713195764,0,0
0,0.1320148070720347,0,0
0,0.7557818474628293,1,1
1,0.3194712327876669,0,0
0,0.1617481523171334,0,0
0,0.23924632729280723,0,0
0,0.4193173337090666,0,0
0,0.07783798462919164,0,0
0,0.2592138069149808,0,0
0,0.23831143812682132,0,0
0,0.2763149712283005,0,0
0,0.8804529141679687,1,1
1,0.7657708475023567,1,1
1,0.7512806753711548,1,1
1,0.8940613736504989,1,1
0,0.7036706581295242,1,1
0,0.3990646451364046,0,0
0,0.17623023278369215,0,0
1,0.246414129545449,0,0
0,0.39355225882852807,0,0
0,0.6437603455756741,1,1
1,0.8837754350180858,1,1
1,0.79369183950231,1,1
1,0.4978528386400615,0,1
0,0.14916295579928412,0,0
1,0.8563843025516711,1,1
0,0.11651922230589844,0,0
0,0.5864174677826075,1,1
0,0.6252000973874772,1,1
0,0.37379798448320356,0,0
1,0.48248129216159863,0,1
1,0.8079235910736287,1,1
0,0.07624754470286696,0,0
1,0.10625440415938277,0,0
0,0.5603043543809798,1,1
0,0.4704184615385901,0,1
0,0.24242475543650485,0,0
0,0.4047607320648594,0,0
0,0.8070564043887246,1,1
0,0.22470375986655375,0,0
0,0.15311549099049332,0,0
0,0.7545538998277532,1,1
0,0.15410921413141299,0,0
1,0.8712292120265854,1,1
1,0.7154560888731264,1,1
0,0.2965012710692496,0,0
1,0.6043812630331866,1,1
1,0.9375250619735224,1,1
0,0.5164899968140547,1,1
0,0.7938366868586383,1,1
0,0.3687343194044242,0,0
1,0.7661215350553917,1,1
0,0.4049981162093166,0,0
0,0.36396964729104714,0,0
0,0.22316079983160683,0,0
1,0.738705369077328,1,1
0,0.21388520822276355,0,0
0,0.04079441500547315,0,0
1,0.7742858346305641,1,1
0,0.2599441504622452,0,0
1,0.5068745430431416,1,1
0,0.09823459451060146,0,0
0,0.8641406998371456,1,1
0,0.22877198874481725,0,0
0,0.3665515253703315,0,0
0,0.5880234610439221,1,1
1,0.849044771623985,1,1
1,0.6784452586434034,1,1
0,0.2619918332723016,0,0
0,0.8503280215323846,1,1
0,0.0645507273743689,0,0
1,0.3033744287757075,0,0
1,0.4511591663396002,0,0
0,0.21347004248865092,0,0
1,0.8787603116972995,1,1
0,0.19986808056605943,0,0
1,0.8466591402061991,1,1
1,0.7969148616278003,1,1
1,0.5792970714160448,1,1
0,0.18991112616621325,0,0
1,0.581435749895623,1,1
1,0.6437298809045375,1,1
0,0.07046886252568915,0,0
0,0.7024650720743453,1,1
1,0.30636301823516354,0,0
0,0.6729427082459067,1,1
0,0.7375284373864109,1,1
1,0.887864312693213,1,1
1,0.7024330918099713,1,1
0,0.5244260447287094,1,1
0,0.30787994633986926,0,0
0,0.0716015558737942,0,0
0,0.29980585191048054,0,0
0,0.32206357806883,0,0
1,0.8164334465125817,1,1
0,0.5376520214222089,1,1
1,0.6875450635563571,1,1
1,0.7664412682184948,1,1
1,0.7507400478002405,1,1
1,0.888594592761324,1,1
0,0.29857319270827337,0,0
0,0.17769328109455182,0,0
0,0.12906574287791997,0,0
0,0.139925687994356,0,0
0,0.31764662228908236,0,0
0,0.15876168895081422,0,0
1,0.8556114197111966,1,1
0,0.3548569558609016,0,0
0,0.4775594579789152,0,1
1,0.9371060905355255,1,1
0,0.6407158405577273,1,1
0,0.22643446766056535,0,0
0,0.07255963954491926,0,0
1,0.0759266849707026,0,0
0,0.24804785770598792,0,0
0,0.3106047645513566,0,0
1,0.14510192004263614,0,0
1,0.7445019336525239,1,1
1,0.7340972106831102,1,1
0,0.729504443558325,1,1
1,0.7376485002949605,1,1
0,0.23260119939606858,0,0
0,0.16925962098228653,0,0
0,0.7840887131397636,1,1
0,0.03659424930446753,0,0
1,0.3503897304281567,0,0
0,0.08570447717157628,0,0
0,0.43942547743391386,0,0
0,0.45934880689206303,0,0
0,0.9362993949693735,1,1
1,0.6883035236859767,1,1
0,0.16209991321185516,0,0
0,0.17076733817734616,0,0
0,0.38853313597345523,0,0
1,0.36904043866386316,0,0
0,0.19327055085124478,0,0
0,0.13347860237859557,0,0
0,0.1803246453115083,0,0
1,0.8474370832077333,1,1
1,0.7189429534678118,1,1
0,0.28777092042216995,0,0
0,0.4942925302544125,0,1
0,0.6387447752494886,1,1
0,0.740161128613895,1,1
1,0.8483726547183746,1,1
0,0.3029385954878835,0,0
0,0.47309518078108903,0,1
1,0.5463686593525106,1,1
1,0.7856105968078629,1,1
0,0.32999584881296995,0,0
1,0.6341295061722834,1,1
0,0.16827296386487203,0,0
1,0.7060179539980364,1,1
0,0.14345757060808312,0,0
1,0.9420823885039442,1,1
0,0.19043705559845928,0,0
0,0.6632340666209414,1,1
1,0.6137583911011095,1,1
0,0.14875278790357613,0,0
1,0.8154760734073778,1,1
1,0.3757812791159659,0,0
0,0.04860932568620667,0,0
0,0.41655838364522507,0,0
1,0.7423033160537114,1,1
0,0.18447340361425923,0,0
0,0.32110472538470525,0,0
0,0.12613834062815815,0,0
0,0.17753987137461044,0,0
0,0.144968328940171,0,0
0,0.569339412303461,1,1
0,0.08061187520172827,0,0
0,0.2653872168326137,0,0
0,0.0417668265330788,0,0
0,0.06285794818568452,0,0
1,0.8883512528205983,1,1
0,0.2885684656948734,0,0
0,0.25798793612237275,0,0
0,0.33297969645484,0,0
0,0.7578667370640189,1,1
0,0.5729449615368756,1,1
0,0.0711968655304374,0,0
1,0.6872282628604586,1,1
0,0.30939839732875307,0,0
0,0.07582690286632136,0,0
1,0.6182729553152679,1,1
1,0.9629162805462151,1,1
0,0.10793197786845733,0,0
0,0.9009104441374266,1,1
0,0.14977328651567107,0,0
1,0.8365978736257387,1,1
0,0.5459255489337161,1,1
1,0.7855414629061291,1,1
1,0.07711015784080381,0,0
0,0.12905643377048429,0,0
0,0.39420131669080144,0,0
0,0.343752912732406,0,0
0,0.26060312843998906,0,0
0,0.7620197819786941,1,1
1,0.7319320047667416,1,1
0,0.4521542301719651,0,0
1,0.8087665211634485,1,1
0,0.4213557553833999,0,0
1,0.7604150353066885,1,1
0,0.5460953513300777,1,1
0,0.32133470917064694,0,0
0,0.585356431140674,1,1
1,0.3350971729459681,0,0
0,0.7633676954016512,1,1
0,0.5437070420467125,1,1
1,0.8746288536546988,1,1
1,0.5298944549267385,1,1
0,0.0790646353483845,0,0
0,0.14883892245292962,0,0
0,0.24861039682227637,0,0
0,0.2561217488425166,0,0
0,0.2810740171449317,0,0
1,0.5598846396379722,1,1
1,0.44385866538288843,0,0
1,0.5205650969436952,1,1
0,0.373507062337096,0,0
0,0.11295916899381478,0,0
0,0.15958008165292273,0,0
0,0.11588920514851499,0,0
0,0.9044898538368805,1,1
1,0.875697437057679,1,1
1,0.7097381240141818,1,1
0,0.27257774705337723,0,0
1,0.7736330526916684,1,1
0,0.4684462510153138,0,0
1,0.7041401122030534,1,1
0,0.15547699749065522,0,0
0,0.43457293211620523,0,0
1,0.6269499054718599,1,1
0,0.26603459537020824,0,0
1,0.10459828629247814,0,0
0,0.08639483385808916,0,0
0,0.12909227508693244,0,0
0,0.11985290084957699,0,0
1,0.6474102944813827,1,1
0,0.9048755064776556,1,1
0,0.16652029664911963,0,0
1,0.09786191318605547,0,0
1,0.4325140076266422,0,0
0,0.22570875778623176,0,0
0,0.1657045161359726,0,0
0,0.723338026625761,1,1
0,0.4495833636276054,0,0
0,0.09478949942460342,0,0
0,0.8990526127074666,1,1
1,0.6951100938460777,1,1
0,0.5032307585526925,1,1
1,0.5789373106707236,1,1
0,0.1812564097733605,0,0
0,0.7960307318162254,1,1
1,0.4484522964079081,0,0
0,0.5062985080815054,1,1
0,0.19051113249199933,0,0
1,0.7883263885815698,1,1
0,0.5343425404805435,1,1
1,0.8372414461362423,1,1
0,0.5019533941370451,1,1
0,0.5468599115552804,1,1
0,0.9328282769335904,1,1
0,0.25993659077450487,0,0
0,0.08545299539745309,0,0
0,0.21025206452426315,0,0
0,0.1998964051799918,0,0
0,0.5081559893376421,1,1
0,0.7107538152662601,1,1
1,0.6469924054001679,1,1
0,0.6047306546367521,1,1
1,0.6614104355002905,1,1
0,0.0971011585955798,0,0
0,0.34344541207857254,0,0
0,0.10011930306737506,0,0
1,0.6986802601299451,1,1
1,0.6763493206286887,1,1
1,0.20765223859196505,0,0
1,0.5825851290142028,1,1
0,0.7357620955712117,1,1
1,0.15147562449172491,0,0
0,0.2289299445667497,0,0
0,0.37943881011059927,0,0
0,0.1710748366636674,0,0
0,0.16967866526729183,0,0
1,0.28350522361201985,0,0
0,0.14846968594364746,0,0
0,0.5495038907169693,1,1
0,0.11388779258254211,0,0
1,0.886313773275955,1,1
1,0.820331876865123,1,1
1,0.42872941611590165,0,0
1,0.1705476529973853,0,0
0,0.16017762847151365,0,0
1,0.35268455385229247,0,0
1,0.728247300524404,1,1
0,0.721326018581306,1,1
0,0.08617307583898118,0,0
0,0.6769505332110316,1,1
0,0.7407090334022203,1,1
0,0.29331912800288956,0,0
1,0.6814312280778184,1,1
1,0.28855678821813063,0,0
1,0.295445219290734,0,0
0,0.5868601978126469,1,1
1,0.45849019036482996,0,0
0,0.4983740615169928,0,1
0,0.4951133288585698,0,1
0,0.40634238234120157,0,0
0,0.7602424701874133,1,1
0,0.243247452776984,0,0
1,0.11541068206266715,0,0
0,0.6119871706393872,1,1
0,0.8719375944370493,1,1
0,0.45492748779615283,0,0
0,0.2075497996821277,0,0
0,0.5229730360270716,1,1
0,0.26195980988471856,0,0
0,0.07971861119438368,0,0
0,0.9022076916553485,1,1
0,0.5516399143341506,1,1
0,0.2412162046410786,0,0
0,0.22329108469288106,0,0
1,0.7552499581632567,1,1
0,0.09632204795253378,0,0
0,0.5663915949471497,1,1
0,0.21482582135492836,0,0
0,0.13453303155518115,0,0
0,0.19943186496194817,0,0
0,0.8812051420428678,1,1
0,0.3053470717915159,0,0
0,0.08706979747868245,0,0
1,0.5273412152215395,1,1
0,0.654556493490144,1,1
0,0.55112769305196,1,1
1,0.5718028588705878,1,1
0,0.664442484521093,1,1
0,0.6320923089873541,1,1
0,0.19546081360286982,0,0
1,0.6550277858201214,1,1
0,0.11416444589971922,0,0
0,0.3257926469103046,0,0
0,0.5367886217846657,1,1
0,0.6383008519758393,1,1
0,0.1069777262655391,0,0
0,0.24919618896004606,0,0
1,0.35330815258978254,0,0
1,0.9095826804432648,1,1
1,0.780061846443798,1,1
1,0.9071309389228126,1,1
1,0.5573576882115961,1,1
1,0.7875469317237035,1,1
1,0.5922571242598499,1,1
1,0.19982432105731324,0,0
0,0.7499443397030674,1,1
1,0.9305381611015637,1,1
0,0.37178193969155154,0,0
1,0.693060717054781,1,1
0,0.8117928532097696,1,1
0,0.12502789522120747,0,0
0,0.3853980932632898,0,0
1,0.6532115519067702,1,1
1,0.5277138157907506,1,1
0,0.10355803248712005,0,0
0,0.19681556073503023,0,0
1,0.19106047135062149,0,0
1,0.584557872817888,1,1
1,0.31828788394354685,0,0
0,0.30561818516594225,0,0
0,0.26986376770395715,0,0
0,0.09961954190176048,0,0
1,0.34845164131884715,0,0
1,0.910127461790786,1,1
0,0.823881189307568,1,1
0,0.2391710927536959,0,0
1,0.8521604207268615,1,1
0,0.7331047347658324,1,1
1,0.8720492456995458,1,1
0,0.20341021617726088,0,0
0,0.7995998612726157,1,1
0,0.12982330267217243,0,0
1,0.6734063109418805,1,1
0,0.4612367796945265,0,0
0,0.4229770644399299,0,0
1,0.6918755225645049,1,1
1,0.24932148706558493,0,0
0,0.23373439993728737,0,0
0,0.4026691499874749,0,0
1,0.6759224444009736,1,1
0,0.10396321004682077,0,0
0,0.16007096462505718,0,0
0,0.30162567202439994,0,0
0,0.150486122592276,0,0
0,0.46220801594366795,0,0
0,0.12650773719457425,0,0
0,0.7334584312605745,1,1
1,0.8476392667470329,1,1
0,0.3996076214814076,0,0
0,0.8501571813410824,1,1
0,0.25084730813907824,0,0
0,0.2484475925257185,0,0
0,0.19208954352462906,0,0
1,0.9343138977327033,1,1
0,0.22120110159577322,0,0
1,0.8818657422957489,1,1
1,0.5388953819532036,1,1
0,0.4990010331740146,0,1
0,0.5420140469954196,1,1
0,0.5487608912794653,1,1
1,0.8087513233661546,1,1
1,0.32867240273457177,0,0
0,0.7151880230717006,1,1
0,0.467530018043132,0,0
1,0.7796995139983981,1,1
0,0.7045422491778149,1,1
0,0.17285375232319772,0,0
0,0.0815414103833369,0,0
1,0.588796621382987,1,1
1,0.7995446242703916,1,1
0,0.14432479575940105,0,0
1,0.724129778607418,1,1
1,0.5093757405806837,1,1
0,0.4779713215865184,0,1
1,0.12061863904211717,0,0
1,0.714866583014706,1,1
1,0.8904106015775402,1,1
0,0.08263081009491768,0,0
0,0.17045734389881265,0,0
1,0.3356605054577184,0,0
0,0.06682222492202419,0,0
0,0.2224803851025456,0,0
0,0.12236360360418792,0,0
0,0.6910920872243037,1,1
0,0.9420264994893863,1,1
0,0.8056292803703906,1,1
1,0.7080183313966965,1,1
0,0.0981808604734174,0,0
0,0.1538470919397441,0,0
0,0.08158141903404442,0,0
0,0.2650527381044361,0,0
1,0.34370518770002395,0,0
1,0.8239570284342993,1,1
0,0.33383709062472006,0,0
0,0.37459772926599477,0,0
1,0.9293549619551877,1,1
1,0.8733930402383111,1,1
1,0.8376107569248105,1,1
1,0.8684853437894942,1,1
0,0.4750320228440726,0,1
0,0.2668909034273328,0,0
0,0.11066231040521586,0,0
0,0.7128955544535948,1,1
0,0.11734443073937487,0,0
0,0.5836302641378017,1,1
0,0.44981256879434645,0,0
0,0.5462085858847265,1,1
1,0.15470394579813793,0,0
0,0.16161291845739656,0,0
0,0.3374819086027184,0,0
0,0.40587192022454044,0,0
1,0.38219055980896166,0,0
0,0.09435255389973721,0,0
0,0.24220095005435066,0,0
1,0.5352524556929242,1,1
1,0.9394323995244203,1,1
0,0.430305604460725,0,0
0,0.2579241071260664,0,0
0,0.16789644400079481,0,0
0,0.5594295687128723,1,1
1,0.730988723508169,1,1
1,0.5767825384251398,1,1
1,0.8630974667030987,1,1
1,0.4094826982872435,0,0
0,0.3638485093257236,0,0
0,0.745935322581854,1,1
0,0.7440269836396344,1,1
0,0.08839007863855164,0,0
0,0.37119155197627285,0,0
0,0.34847934834678795,0,0
0,0.30617033016306794,0,0
1,0.600687176413451,1,1
0,0.07029145095703215,0,0
0,0.54922589852754,1,1
0,0.1712549487265283,0,0
0,0.48168806438545003,0,1
0,0.25353853276949917,0,0
0,0.3211593099827227,0,0
1,0.49367364984262174,0,1
1,0.39964059258689694,0,0
0,0.48742648074292955,0,1
0,0.22276882100595757,0,0
0,0.10210818593575463,0,0
0,0.4661523567551778,0,0
1,0.5190807373194624,1,1
0,0.5363984369222301,1,1
1,0.5265762661869573,1,1
1,0.7052330319298011,1,1
0,0.18377344065183185,0,0
1,0.759267830831545,1,1
1,0.6322199152900346,1,1
0,0.38498787804475515,0,0
1,0.8890112364547033,1,1
1,0.8897146502814912,1,1
0,0.479204290114469,0,1
0,0.2818476924688312,0,0
1,0.3004546449850442,0,0
1,0.3371619977912737,0,0
1,0.11399685970656044,0,0
1,0.46664312364929983,0,0
0,0.31334201995008815,0,0
0,0.7743006693652315,1,1
0,0.37077299054757257,0,0
0,0.7683607126430756,1,1
0,0.22446746534540143,0,0
0,0.19618484188478744,0,0
0,0.37455380161513313,0,0
1,0.7054643666635116,1,1
1,0.8364423933214646,1,1
1,0.6725209553901909,1,1
0,0.643566833595377,1,1
0,0.4504713935374231,0,0
0,0.3660967077303283,0,0
0,0.44433541116451963,0,0
0,0.1879351378048278,0,0
0,0.3246619545675746,0,0
1,0.6822505842820825,1,1
0,0.164467827974766,0,0
1,0.867416131466988,1,1
1,0.8927294112047849,1,1
0,0.330392810542689,0,0
1,0.7697639903736825,1,1
1,0.6343316513023656,1,1
1,0.819120384501521,1,1
1,0.9145383125293953,1,1
0,0.13674027309928935,0,0
1,0.7685743763932414,1,1
1,0.2912293893749508,0,0
0,0.14506995640678844,0,0
0,0.06223704882229851,0,0
0,0.12790046501168906,0,0
1,0.8556529326809924,1,1
0,0.10190950238587591,0,0
0,0.14427618430522549,0,0
0,0.22438204366283912,0,0
0,0.8640452962263112,1,1
1,0.26640644034572153,0,0
0,0.5445063157202821,1,1
0,0.7675647134044019,1,1
0,0.3925130383977227,0,0
0,0.8550806977846885,1,1
1,0.7490377528876879,1,1
1,0.7021677233977284,1,1
1,0.5863766571232307,1,1
0,0.31018310652693587,0,0
0,0.7410293021673511,1,1
0,0.4707418545362283,0,1
0,0.8033132139509395,1,1
1,0.3742374309319372,0,0
0,0.7683627098086148,1,1
0,0.21217243026643323,0,0
1,0.7758603331456331,1,1
0,0.06827169041794597,0,0
0,0.2104675735619399,0,0
0,0.5444880896297468,1,1
0,0.5375687240628693,1,1
1,0.8006219505934618,1,1
0,0.8870198103439151,1,1
0,0.7938476921341021,1,1
0,0.5083976777358415,1,1
0,0.19294898718220083,0,0
1,0.6935321636747208,1,1
0,0.21473777152403078,0,0
1,0.7918952546306066,1,1
0,0.3214655036909611,0,0
1,0.4648006542576585,0,0
0,0.49503177791002967,0,1
1,0.7192955634285163,1,1
0,0.18041529648874016,0,0
0,0.16136402620833198,0,0
0,0.08910804352834316,0,0
1,0.6516584688725015,1,1
0,0.6004064248307216,1,1
0,0.19050927543587903,0,0
0,0.466806186764719,0,0
0,0.23499578733427756,0,0
0,0.6270872733098476,1,1
0,0.030446399327858878,0,0
0,0.5409299847850576,1,1
0,0.1017634261287264,0,0
1,0.3677861239192302,0,0
0,0.1653991877718903,0,0
1,0.5296595515838538,1,1
0,0.48730467025597657,0,1
0,0.09653397453998362,0,0
0,0.16350892580310158,0,0
1,0.6678797823503542,1,1
0,0.1289424358588424,0,0
0,0.5103918194693929,1,1
1,0.9121302668820596,1,1
1,0.956078333515482,1,1
0,0.5140816390063289,1,1
0,0.0708540236084504,0,0
1,0.10888866373480735,0,0
0,0.20001389267490363,0,0
1,0.8640019575151785,1,1
1,0.8124112794445203,1,1
0,0.15684635764047403,0,0
0,0.14494289988801304,0,0
0,0.6367203448303856,1,1
1,0.32696932859771355,0,0
0,0.08887029841411892,0,0
0,0.4489790122492143,0,0
0,0.3817672604539825,0,0
0,0.3917668140931081,0,0
0,0.21396434822328517,0,0
0,0.10750413303683012,0,0
1,0.8416050089253638,1,1
0,0.12304729458536874,0,0
0,0.102783394256041,0,0
1,0.8693815151513856,1,1
0,0.6870103124226,1,1
0,0.22858818245169082,0,0
0,0.3838719447243857,0,0
1,0.7261421127347077,1,1
0,0.5715502909230309,1,1
1,0.7734012384933494,1,1
0,0.13448687004663573,0,0
0,0.6185397365658767,1,1
1,0.7090631024512969,1,1
0,0.3215143771849492,0,0
0,0.2560539141928199,0,0
0,0.46424708476899873,0,0
0,0.08095246738962798,0,0
0,0.6295138589904231,1,1
1,0.6496205585273029,1,1
1,0.8811330791736018,1,1
1,0.6326179155082949,1,1
0,0.2257876098997119,0,0
1,0.6308139173297121,1,1
0,0.88668874016241,1,1
1,0.33893429594323204,0,0
0,0.15775169412061385,0,0
1,0.5795836827114494,1,1
0,0.3837176954929873,0,0
0,0.1568482558557599,0,0
1,0.7332985081519581,1,1
0,0.3742351581434724,0,0
1,0.6838295314515188,1,1
0,0.057420518394506966,0,0
0,0.09574630267527566,0,0
1,0.4859088034970743,0,1
0,0.16843167336244794,0,0
1,0.47848355497256556,0,1
0,0.22707944985069162,0,0
0,0.6749830755917909,1,1
1,0.865136876650836,1,1
0,0.293637625757231,0,0
1,0.6027774464004242,1,1
0,0.21984303084162815,0,0
1,0.6890338091581371,1,1
0,0.1809228792342128,0,0
1,0.6894429015930077,1,1
1,0.7439797026176476,1,1
1,0.3861671718121703,0,0
1,0.8810317652381503,1,1
1,0.700536532902514,1,1
0,0.5891457519843571,1,1
1,0.8339064970765042,1,1
0,0.36603529868599055,0,0
1,0.8039226745924349,1,1
1,0.6203784351390218,1,1
1,0.3401649681898673,0,0
1,0.5628008903834377,1,1
1,0.17497778674315456,0,0
1,0.8480737083094101,1,1
0,0.0607850245963423,0,0
0,0.1676815919958444,0,0
0,0.7186573664553889,1,1
0,0.3729302398419265,0,0
0,0.4014731737239165,0,0
0,0.2537910078306697,0,0
1,0.7906470788306432,1,1
0,0.4243062335448445,0,0
0,0.8196637009517718,1,1
1,0.5326159884373236,1,1
0,0.46541522506789873,0,0
0,0.37935599862771524,0,0
1,0.8037979887701372,1,1
0,0.3201677907177538,0,0
0,0.3399913794450402,0,0
1,0.6298060242723447,1,1
0,0.3731228479620105,0,0
0,0.34903844934147943,0,0
0,0.21087489626072053,0,0
1,0.9301325109967385,1,1
1,0.4519623594310518,0,0
0,0.5188219411277468,1,1
0,0.4375350162020355,0,0
0,0.5405568333970969,1,1
0,0.5193455107598962,1,1
1,0.6785534649265744,1,1
1,0.5816921832634692,1,1
0,0.1518427231392175,0,0
0,0.5358369325050525,1,1
0,0.46498840065827735,0,0
1,0.9594260674935913,1,1
1,0.5574585538598111,1,1
1,0.8681340130458566,1,1
0,0.42403231576029515,0,0
0,0.1757197162660555,0,0
0,0.6074035211153794,1,1
1,0.5777158888907767,1,1
0,0.7190223608599826,1,1
1,0.6927714582001228,1,1
1,0.7999994044860613,1,1
1,0.7085051275278741,1,1
1,0.8396103039281083,1,1
1,0.13137438929487874,0,0
1,0.8576193439164235,1,1
0,0.0934063442907032,0,0
1,0.44717481760258737,0,0
0,0.27181520419853916,0,0
1,0.875708155307614,1,1
0,0.06961055327124072,0,0
0,0.10071333487275001,0,0
1,0.5105118636167879,1,1
0,0.5129682456770946,1,1
0,0.8311246732483861,1,1
0,0.42631593067288703,0,0
0,0.4293666919003504,0,0
0,0.10867193446019065,0,0
0,0.1701665847535326,0,0
0,0.21253517615622616,0,0
0,0.10384171290001845,0,0
1,0.9217365433045471,1,1
0,0.08130652530753744,0,0
0,0.0874154537953045,0,0
0,0.04900009835537731,0,0
1,0.9236275426969912,1,1
0,0.38833995624484957,0,0
1,0.8985996150050316,1,1
0,0.13043753831751473,0,0
1,0.4777950330397334,0,1
0,0.07844791109445544,0,0
0,0.8419614962643169,1,1
0,0.07917276377032242,0,0
1,0.9062565769401042,1,1
0,0.372233116739184,0,0
0,0.14779725934844717,0,0
0,0.11316316619018024,0,0
0,0.8933272850082827,1,1
0,0.22620868106595385,0,0
1,0.6553572805180828,1,1
0,0.24814752816643237,0,0
0,0.3221233673846038,0,0
1,0.46289896967000854,0,0
0,0.5216283029868101,1,1
1,0.7040667369181901,1,1
0,0.24110755989268476,0,0
0,0.2146237304506248,0,0
0,0.046475042781348,0,0
1,0.8276016637303,1,1
0,0.8355256078859555,1,1
0,0.11261693731656215,0,0
0,0.7064642523269214,1,1
0,0.3268306719516006,0,0
1,0.9000399123994227,1,1
0,0.1948952059277078,0,0
0,0.0553842985504449,0,0
1,0.8228755261143766,1,1
0,0.2122434399805987,0,0
1,0.7316187423121371,1,1
0,0.5111676058969209,1,1
0,0.3273543512194127,0,0
0,0.2120801679073505,0,0
0,0.09066065520033102,0,0
0,0.1120756529552828,0,0
0,0.15901815940785746,0,0
0,0.5440186730712588,1,1
1,0.523170237095236,1,1
0,0.551166093485304,1,1
0,0.8614242235647347,1,1
0,0.28245819150685453,0,0
1,0.8882771870950869,1,1
0,0.6867213497913526,1,1
0,0.14764235224134745,0,0
0,0.10820172660694177,0,0
0,0.11862691328543883,0,0
0,0.3722301330839322,0,0
0,0.5034145136163171,1,1
0,0.534603637741569,1,1
0,0.22464765368937023,0,0
1,0.8281041891507982,1,1
0,0.798423500426155,1,1
0,0.42404953760869535,0,0
0,0.5093715906964326,1,1
0,0.1399435799481389,0,0
1,0.7202646400363392,1,1
0,0.08837298425018174,0,0
0,0.8427470236230895,1,1
1,0.8665792649214366,1,1
0,0.45859820702269094,0,0
0,0.689173584465513,1,1
0,0.2369417390008494,0,0
1,0.1678249128976799,0,0
1,0.16561054491110105,0,0
0,0.2678264642472753,0,0
1,0.4200452694796171,0,0
0,0.7026422273082571,1,1
0,0.47068721380424405,0,1
1,0.31765609300914666,0,0
0,0.09457352355019708,0,0
0,0.12398136515448804,0,0
0,0.3790670991217738,0,0
1,0.7613656953269452,1,1
0,0.5106164116733152,1,1
0,0.16675866988803992,0,0
1,0.17445317840495642,0,0
0,0.4665374768576574,0,0
1,0.36560686940996706,0,0
1,0.2287244343210772,0,0
0,0.09786837357690005,0,0
0,0.49738266633987194,0,1
0,0.09983112263251287,0,0
1,0.5207864344145225,1,1
0,0.35238805175915716,0,0
1,0.8198292106781391,1,1
0,0.3819096698023511,0,0
1,0.8939009385641508,1,1
0,0.2354103433755187,0,0
1,0.7684371472679489,1,1
1,0.9000629591202022,1,1
0,0.11345069613493688,0,0
0,0.5359345770786185,1,1
0,0.3555086184378627,0,0
0,0.0926729787217189,0,0
0,0.18773795484897543,0,0
0,0.44589464777376886,0,0
0,0.19039029558991313,0,0
0,0.800916346102046,1,1
0,0.28197300202998105,0,0
0,0.6596219934055827,1,1
0,0.059154840462485,0,0
0,0.1392848777808592,0,0
1,0.553338399921846,1,1
1,0.5407073392434977,1,1
1,0.8218147726218316,1,1
1,0.6798410646845541,1,1
0,0.24161664024260435,0,0
0,0.6602910232383097,1,1
1,0.12849979402473952,0,0
1,0.5768450621049941,1,1
0,0.8479334735368543,1,1
0,0.34866171423661796,0,0
1,0.8596239394824393,1,1
0,0.0909908416236027,0,0
1,0.8614984951082363,1,1
0,0.19450244229970098,0,0
0,0.23830457506215752,0,0
0,0.06605373855558468,0,0
0,0.058570421607186084,0,0
1,0.8153080383264355,1,1
0,0.2674595089808822,0,0
0,0.844428834975074,1,1
1,0.8175404263367956,1,1
0,0.16751280457944182,0,0
1,0.3532670995502293,0,0
0,0.2111084589334624,0,0
1,0.5918574266281925,1,1
0,0.12259071384278791,0,0
0,0.7445957190637248,1,1
0,0.04824701094242067,0,0
0,0.1350451768745336,0,0
0,0.7586928431302814,1,1
1,0.5212355843256039,1,1
1,0.7494413884491311,1,1
0,0.16220510143607092,0,0
0,0.08116733327442147,0,0
1,0.5451308151888781,1,1
0,0.2080815951626488,0,0
1,0.9061022943202456,1,1
0,0.10533790842689998,0,0
0,0.3974636614604232,0,0
1,0.5269825333073486,1,1
1,0.7330063589318848,1,1
0,0.3047881410315293,0,0
1,0.5696788345963204,1,1
0,0.4822506449909605,0,1
0,0.46162723105561954,0,0
1,0.8796895659727086,1,1
0,0.8830941856812904,1,1
0,0.13959788742061813,0,0
0,0.15046348655411804,0,0
0,0.6839525951601471,1,1
1,0.5128909102559205,1,1
1,0.7850708652517789,1,1
1,0.26445457520858695,0,0
0,0.4636131974601618,0,0
0,0.2272415570677745,0,0
0,0.37882716184229986,0,0
0,0.26839088816493223,0,0
0,0.3213037391894384,0,0
0,0.11356678552717338,0,0
0,0.16196747760299757,0,0
0,0.3527991809495623,0,0
0,0.16622860542996454,0,0
0,0.288040208165223,0,0
0,0.1430943534737238,0,0
1,0.6834319393174177,1,1
0,0.4764950224556625,0,1
0,0.13006744517952032,0,0
1,0.6813907675913241,1,1
0,0.4088071112721214,0,0
0,0.6987554706483788,1,1
0,0.20048578962287508,0,0
0,0.4787473460562332,0,1
1,0.8838415226155302,1,1
0,0.2309021442846695,0,0
0,0.13357440330774564,0,0
0,0.3240329610625373,0,0
0,0.28325921648214386,0,0
1,0.8115081656163179,1,1
0,0.07122092101263115,0,0
1,0.6661318189567282,1,1
0,0.08563032202026961,0,0
0,0.5935570707743234,1,1
1,0.5032039051039665,1,1
1,0.8899359409821563,1,1
1,0.6849970751577225,1,1
0,0.6224293645357073,1,1
1,0.7538947735609978,1,1
0,0.4159104938028872,0,0
0,0.4239153279716954,0,0
0,0.4748276253499271,0,1
0,0.5562589820402882,1,1
0,0.37035757894046223,0,0
1,0.6224357815626266,1,1
1,0.39899172027368873,0,0
0,0.18466186081436708,0,0
1,0.4357746870742513,0,0
1,0.8640702411581737,1,1
0,0.12241997587077942,0,0
0,0.13220189996090065,0,0
0,0.5194243198493038,1,1
0,0.2052619360100226,0,0
0,0.22404569594880427,0,0
1,0.7586064472055902,1,1
0,0.44552535766852597,0,0
1,0.2560462888531537,0,0
0,0.6135012786274621,1,1
0,0.7919765597831355,1,1
0,0.7419838897881468,1,1
1,0.7630856230937046,1,1
1,0.3229219632791024,0,0
0,0.26952270984700316,0,0
0,0.3511061883756351,0,0
0,0.5491297311711536,1,1
1,0.8656389954813991,1,1
0,0.25174854805458813,0,0
0,0.3487903275680455,0,0
0,0.8132536863992331,1,1
0,0.6693147392115757,1,1
0,0.23722907841564356,0,0
0,0.5593938502691361,1,1
0,0.16655709783580905,0,0
1,0.5197625223830385,1,1
0,0.6815741964054124,1,1
1,0.7660108707299479,1,1
0,0.2076897841394052,0,0
0,0.11164903691440685,0,0
0,0.6460503515350843,1,1
1,0.8650228641836276,1,1
0,0.13509984084425486,0,0
1,0.699776674217448,1,1
1,0.8929575682352529,1,1
0,0.2339755442690369,0,0
1,0.23974192629496585,0,0
1,0.41197054975759273,0,0
0,0.684944508936419,1,1
0,0.04952350253051667,0,0
0,0.6967251137344984,1,1
0,0.2995158447126935,0,0
0,0.1891692564684814,0,0
0,0.3982557068076492,0,0
1,0.8258719024896524,1,1
1,0.9081007800005174,1,1
1,0.6540217488161121,1,1
1,0.7897926062141768,1,1
0,0.28922305561690387,0,0
0,0.05567347432767371,0,0
0,0.0977541951455993,0,0
1,0.2934069900821977,0,0
0,0.6123381990037292,1,1
1,0.4685464394357878,0,0
0,0.5642450749429746,1,1
0,0.12915522200965168,0,0
1,0.6213621388631793,1,1
0,0.2570442638391556,0,0
0,0.27241709737684733,0,0
1,0.3805915201495815,0,0
0,0.17523235570556486,0,0
1,0.46354636193325166,0,0
0,0.17818115722795155,0,0
1,0.7689835795683833,1,1
1,0.20653874217338528,0,0
1,0.4551474620479679,0,0
1,0.5053705408435805,1,1
0,0.24782410911945393,0,0
0,0.15180310814017547,0,0
1,0.8823627717747873,1,1
0,0.6937708898428969,1,1
1,0.31258998631688295,0,0
0,0.6214258907587897,1,1
1,0.9675414486822359,1,1
0,0.18087929654950527,0,0
0,0.3287200106112068,0,0
0,0.08702504490362005,0,0
0,0.15485587801676115,0,0
0,0.8288091676246112,1,1
0,0.3586549676017709,0,0
0,0.08513528975779297,0,0
0,0.46765597578423984,0,0
0,0.1871705149854331,0,0
0,0.2905148770237848,0,0
1,0.9483269229557523,1,1
0,0.2567716464234808,0,0
0,0.22442565798945197,0,0
0,0.5051086188018631,1,1
0,0.19572936161895796,0,0
1,0.7862803430834023,1,1
0,0.39252902719969673,0,0
0,0.9099881658909317,1,1
1,0.5697821903243018,1,1
0,0.2674472962365592,0,0
0,0.2382639505105986,0,0
1,0.8167901502723997,1,1
0,0.27354701201361414,0,0
1,0.3534430682172297,0,0
0,0.21797322144340112,0,0
0,0.6101357096790271,1,1
0,0.12589522905885006,0,0
1,0.8575494786051556,1,1
1,0.6903737790773368,1,1
0,0.08621339915191055,0,0
1,0.185615600238199,0,0
0,0.17409361758253317,0,0
0,0.14332735685448114,0,0
0,0.7173925552468362,1,1
1,0.6325019304995253,1,1
0,0.3658411316276851,0,0
0,0.7615816979098511,1,1
1,0.8792407099285815,1,1
0,0.33515744515240675,0,0
0,0.13450653557286932,0,0
0,0.31958004393890316,0,0
0,0.13991650331563166,0,0
1,0.51929273359244,1,1
0,0.2804022144485279,0,0
0,0.8421764992939391,1,1
0,0.23705363578700522,0,0
0,0.16044221372908446,0,0
0,0.17244115633910134,0,0
0,0.6125519657314893,1,1
1,0.496350904394095,0,1
0,0.5692193498632001,1,1
1,0.49503833106748196,0,1
0,0.11002201275611653,0,0
0,0.8455931201553781,1,1
1,0.6208707752193267,1,1
1,0.7757233372983297,1,1
0,0.06159982913336498,0,0
0,0.7326096316031963,1,1
1,0.7451131324281481,1,1
0,0.38278121956661654,0,0
0,0.3486945093036083,0,0
1,0.7110289183185108,1,1
1,0.5065096447321544,1,1
0,0.1272863509703517,0,0
0,0.20735959945188373,0,0
0,0.24984325809777344,0,0
0,0.5676034139638284,1,1
0,0.345845205791357,0,0
0,0.45745718908475025,0,0
0,0.8864762719886943,1,1
0,0.18296735333520697,0,0
1,0.7765377420730375,1,1
0,0.6353774182229361,1,1
1,0.5779693562724889,1,1
1,0.7760016754404767,1,1
0,0.6410187977398807,1,1
0,0.5618965029479248,1,1
1,0.30363254124054706,0,0
1,0.4992042490670444,0,1
1,0.43842402667067887,0,0
1,0.8050475360955021,1,1
1,0.8430307867118053,1,1
0,0.5807657022109329,1,1
0,0.4430477654022585,0,0
0,0.035195038803581234,0,0
0,0.0891190057544304,0,0
0,0.4142443854249013,0,0
1,0.5819766298445386,1,1
1,0.525163162887111,1,1
1,0.46266226267893806,0,0
0,0.09217810341017531,0,0
0,0.3833879072723804,0,0
0,0.2574247985092294,0,0
1,0.705267009723919,1,1
0,0.855302100197395,1,1
1,0.5887503012339051,1,1
1,0.34065423773083015,0,0
0,0.7198859122839381,1,1
1,0.80592885746401,1,1
1,0.7657563655983298,1,1
0,0.16331043705443518,0,0
1,0.6544835312206826,1,1
1,0.34561691210137013,0,0
1,0.67523210752578,1,1
0,0.10395419091078147,0,0
1,0.778088756448231,1,1
0,0.4669640440034396,0,0
0,0.6251572631992203,1,1
0,0.23020334843839507,0,0
0,0.20062328713251448,0,0
0,0.2305881399863537,0,0
0,0.19015088056455037,0,0
0,0.5140832992402294,1,1
0,0.09255516802343085,0,0
1,0.5348664782032203,1,1
1,0.21808258074974723,0,0
1,0.8378161412558262,1,1
0,0.11822345621432467,0,0
0,0.15216485123418977,0,0
0,0.212821097678589,0,0
0,0.1682002729849303,0,0
0,0.09680119194469944,0,0
0,0.028646739981951722,0,0
1,0.7346225888035218,1,1
0,0.803624918635247,1,1
0,0.22250907163724928,0,0
1,0.6255478174854296,1,1
1,0.4842886921407681,0,1
0,0.05753947058091106,0,0
0,0.6110449674697336,1,1
0,0.23480598750904863,0,0
0,0.12206779155989847,0,0
0,0.32882937437772014,0,0
1,0.4809537440936765,0,1
1,0.22191542525011393,0,0
1,0.9418670011126778,1,1
1,0.6077363907056513,1,1
0,0.6065055398116742,1,1
0,0.3790506063648985,0,0
1,0.652165738054818,1,1
0,0.20877926261461738,0,0
1,0.5286580084232848,1,1
1,0.7676158677960416,1,1
1,0.7913129479681262,1,1
0,0.3478531779568123,0,0
0,0.1612183574149917,0,0
0,0.8245688758162616,1,1
0,0.44278081188516866,0,0
1,0.6843772362718713,1,1
0,0.5526685167428458,1,1
0,0.2155445662919315,0,0
0,0.274572359346239,0,0
1,0.832181270347879,1,1
0,0.13350005201122725,0,0
0,0.08870032101152885,0,0
0,0.10484374852553875,0,0
0,0.14440664766736844,0,0
0,0.12106871115962134,0,0
0,0.4729612331616993,0,1
0,0.30249721077663294,0,0
0,0.38110740056883763,0,0
0,0.24108057281695147,0,0
0,0.16605166235586605,0,0
0,0.5865043382824987,1,1
0,0.7250625392569665,1,1
0,0.2274737327659912,0,0
1,0.5826825720658965,1,1
1,0.8776560863333307,1,1
0,0.4887029265942763,0,1
0,0.5736679038465686,1,1
1,0.8750963917540162,1,1
0,0.8537487494859803,1,1
1,0.2295854790939246,0,0
1,0.7050000462662621,1,1
0,0.18927283363270042,0,0
1,0.5804681987337176,1,1
0,0.8050254133653028,1,1
1,0.7448840289490244,1,1
0,0.3104151579458442,0,0
0,0.09545213745196908,0,0
0,0.5370901176926467,1,1
0,0.3947409157783457,0,0
0,0.060383144598807795,0,0
0,0.886021191274354,1,1
1,0.6722403209683823,1,1
1,0.7974252307760493,1,1
1,0.47757013089553396,0,1
1,0.6995014649429842,1,1
1,0.5813909442244466,1,1
1,0.6706689394745762,1,1
0,0.27404514448837863,0,0
0,0.7425242732585322,1,1
0,0.14139636891815605,0,0
1,0.15728019183637384,0,0
1,0.48930848976214464,0,1
0,0.8858249555771761,1,1
1,0.49848648681295427,0,1
1,0.7978553289218461,1,1
0,0.29571717825966853,0,0
1,0.8390416018289633,1,1
0,0.21865373033470475,0,0
1,0.7117941647763372,1,1
1,0.5086859281860218,1,1
0,0.5950132466061291,1,1
0,0.3851902827707124,0,0
0,0.09028568947892629,0,0
1,0.3608423464939429,0,0
1,0.43326329057725377,0,0
0,0.12337411741434585,0,0
0,0.5559122915681733,1,1
0,0.3045588189438089,0,0
0,0.20458746107249157,0,0
1,0.7279728113520111,1,1
0,0.10574247123304464,0,0
1,0.7838045043807302,1,1
1,0.3494663617415687,0,0
0,0.10482547272663655,0,0
1,0.12128059765852928,0,0
0,0.6657431621813783,1,1
1,0.634291058267953,1,1
1,0.661154920948229,1,1
0,0.2754748286955237,0,0
1,0.7141805631409367,1,1
0,0.27136772121115293,0,0
0,0.3943764058384592,0,0
0,0.0447515610086831,0,0
0,0.5549656886832204,1,1
0,0.057184841876767506,0,0
1,0.152685633516998,0,0
0,0.10658141918286275,0,0
0,0.2045449654155039,0,0
0,0.6993248266015636,1,1
0,0.4936897267745372,0,1
1,0.6962291537965815,1,1
1,0.8860408688455531,1,1
0,0.22278853993687717,0,0
0,0.28937972495205033,0,0
0,0.07569450528154027,0,0
1,0.5265874296811514,1,1
0,0.6764353863460202,1,1
1,0.5473997846947064,1,1
1,0.7615485805709528,1,1
0,0.14281006196816726,0,0
0,0.6578488883181153,1,1
0,0.6510821614279861,1,1
0,0.5635413383603112,1,1
0,0.576554940064351,1,1
0,0.7717143688292781,1,1
0,0.39336587219568425,0,0
0,0.1549292241462808,0,0
0,0.4042995105467858,0,0
0,0.4339826771471744,0,0
1,0.5391916761927656,1,1
0,0.6562016338639166,1,1
1,0.7339570188770417,1,1
0,0.2605435017977232,0,0
0,0.18731741419467687,0,0
1,0.6300650540835452,1,1
0,0.061880025243487444,0,0
1,0.8633905550369552,1,1
0,0.245551440578988,0,0
0,0.2980784982648409,0,0
0,0.4539930234672256,0,0
1,0.5575378722766128,1,1
1,0.22590843076636036,0,0
1,0.44469535989526404,0,0
0,0.4515829591562357,0,0
0,0.20988240070002012,0,0
1,0.40579256382781026,0,0
1,0.7425616023827397,1,1
0,0.36602748908511445,0,0
1,0.4106204290143898,0,0
1,0.7255503150044762,1,1
0,0.6519295894723756,1,1
1,0.03657406520465321,0,0
0,0.5794799457218002,1,1
1,0.636271079803621,1,1
0,0.7493762303765125,1,1
1,0.8846645140537284,1,1
1,0.2994378664535369,0,0
0,0.5344187816848334,1,1
0,0.17376102665018833,0,0
0,0.40777568461024716,0,0
0,0.6105309309664967,1,1
0,0.7183061124476383,1,1
0,0.7129731820730519,1,1
1,0.8924965651526053,1,1
1,0.6616027094116295,1,1
0,0.24756816252677016,0,0
0,0.026979889454404493,0,0
1,0.63175066248813,1,1
1,0.7249445624100411,1,1
0,0.525669213305757,1,1
0,0.09300346026195655,0,0
0,0.21600627469355002,0,0
0,0.4029120262268112,0,0
1,0.7254126728262041,1,1
1,0.3529536463322079,0,0
1,0.9159045334323502,1,1
0,0.2919413377686054,0,0
1,0.47196840814081026,0,1
0,0.2666372417771586,0,0
0,0.1789710147789252,0,0
0,0.10968633259967486,0,0
0,0.46928411548287974,0,0
1,0.636516387788191,1,1
0,0.30953235696900144,0,0
0,0.3448943100127935,0,0
0,0.1616640183831878,0,0
0,0.06724894751701121,0,0
0,0.0824306161178866,0,0
0,0.7942609391193646,1,1
0,0.5736901983380871,1,1
1,0.8898862994311306,1,1
0,0.2832418625112999,0,0
0,0.361093292500666,0,0
1,0.1358994765760051,0,0
1,0.6205091308132578,1,1
0,0.25555033881779216,0,0
1,0.790143876168178,1,1
1,0.4442445547450133,0,0
0,0.5368717349997314,1,1
0,0.8641598649781582,1,1
0,0.1995514336188462,0,0
0,0.18068520154807705,0,0
0,0.17725099202392283,0,0
1,0.6950488596791834,1,1
0,0.10415116544795608,0,0
0,0.8198258513518171,1,1
0,0.8699164106703842,1,1
0,0.3333499551294315,0,0
1,0.5180660901962034,1,1
0,0.1656307833555476,0,0
0,0.8340752038448664,1,1
1,0.7296775296174708,1,1
0,0.4944906607750552,0,1
0,0.06382135775581398,0,0
1,0.8716831846544678,1,1
0,0.5294543726604842,1,1
0,0.9138631655865023,1,1
0,0.68412763706143,1,1
1,0.30889368733824374,0,0
1,0.5802472888200166,1,1
0,0.6699492440049116,1,1
0,0.3749513705232396,0,0
1,0.7627534623279021,1,1
1,0.6797385700181793,1,1
0,0.6175481768455757,1,1
0,0.9148171869521379,1,1
0,0.5536098987081025,1,1
0,0.242648112116155,0,0
0,0.3128385937783025,0,0
0,0.14667828511956013,0,0
0,0.09043211878895442,0,0
0,0.8442397653465221,1,1
1,0.44801599469938497,0,0
1,0.2819627672870101,0,0
1,0.6062259840993071,1,1
0,0.2972377102103958,0,0
0,0.29955925735776073,0,0
0,0.3432423402747235,0,0
0,0.6281587030905081,1,1
0,0.7797168568913727,1,1
0,0.10277718361395662,0,0
0,0.6480575627777968,1,1
0,0.14573489806908713,0,0
0,0.23018476947411934,0,0
0,0.4137160638362288,0,0
0,0.10881470627318643,0,0
0,0.18407028889456728,0,0
1,0.9039836771051855,1,1
0,0.11774996386586514,0,0
0,0.2480772878177564,0,0
0,0.29157549010998063,0,0
0,0.0710828320159747,0,0
1,0.3836992894429779,0,0
0,0.28068042111698394,0,0
1,0.8970851705126244,1,1
1,0.42669495798499113,0,0
1,0.8015447337857301,1,1
0,0.7219474758795116,1,1
1,0.8203124714345065,1,1
0,0.09697729180370478,0,0
0,0.3321788284283103,0,0
0,0.05356896847120117,0,0
0,0.4083239899136066,0,0
1,0.7355334326126344,1,1
0,0.574559048683392,1,1
0,0.07041302506706718,0,0
0,0.5015764879147113,1,1
1,0.40768574892114856,0,0
1,0.9315081682881456,1,1
1,0.43398806491620856,0,0
0,0.06912576974258157,0,0
0,0.3360367768161519,0,0
0,0.8068519088766132,1,1
0,0.13826089047722248,0,0
0,0.6408511378872871,1,1
0,0.4286530855371597,0,0
0,0.30534656235538815,0,0
0,0.08454952518106401,0,0
0,0.5204172750992941,1,1
0,0.19122320024164938,0,0
0,0.6471972383348741,1,1
0,0.17397024209493148,0,0
0,0.148125631540115,0,0
0,0.3890202804007273,0,0
0,0.5517878665467605,1,1
0,0.3517973509681622,0,0
0,0.2768806357172276,0,0
0,0.5038919828492044,1,1
0,0.05749728178535173,0,0
0,0.1892723046699124,0,0
0,0.8602851994659151,1,1
1,0.7658661177349688,1,1
1,0.9238902722859674,1,1
0,0.06120543529438196,0,0
1,0.8419205076737593,1,1
0,0.4861701344739071,0,1
0,0.30434749324189203,0,0
0,0.26169063150491295,0,0
0,0.24036226534452826,0,0
1,0.8770801587650453,1,1
0,0.46513464039506663,0,0
0,0.4516968966958109,0,0
0,0.14042668011425688,0,0
0,0.6332271860065138,1,1
0,0.3826825143541364,0,0
0,0.2356752089886363,0,0
0,0.19623439860612935,0,0
0,0.5373661887270785,1,1
1,0.7009575211746745,1,1
1,0.8823479408803302,1,1
0,0.16631927315743658,0,0
1,0.4305156330833873,0,0
0,0.412754137580745,0,0
1,0.6952131212782688,1,1
0,0.3901510476406426,0,0
0,0.48246503039989835,0,1
0,0.4405571400577451,0,0
0,0.6574173176451251,1,1
0,0.21763939017597575,0,0
0,0.24115296278580814,0,0
1,0.35314965809345045,0,0
1,0.6603674870647184,1,1
0,0.06248309992595084,0,0
1,0.7129796706405855,1,1
0,0.46299163436961444,0,0
1,0.3635556656267119,0,0
0,0.09397459722983907,0,0
0,0.5287150126950559,1,1
0,0.13450283140385513,0,0
0,0.6066420696610901,1,1
0,0.1588184082590643,0,0
0,0.7855566180765244,1,1
0,0.6721660861258889,1,1
1,0.91050035438671,1,1
1,0.8250744121105047,1,1
0,0.7784156604181152,1,1
1,0.7613636291365169,1,1
0,0.0998381813584474,0,0
0,0.28503501148488436,0,0
0,0.8288951868478478,1,1
0,0.13931107499596262,0,0
1,0.278605179533062,0,0
0,0.8130773947515635,1,1
0,0.5440599115123166,1,1
0,0.3641418303968342,0,0
0,0.8359693099344321,1,1
0,0.059804186640301536,0,0
1,0.7117659781801271,1,1
0,0.3203045731955831,0,0
1,0.8256805082101137,1,1
1,0.8199953022103956,1,1
1,0.5231430721058071,1,1
1,0.661184772803465,1,1
0,0.14919112336676746,0,0
0,0.39783604610765044,0,0
0,0.5768757575670747,1,1
0,0.6442048760531736,1,1
0,0.4136404638113184,0,0
0,0.27305702037454727,0,0
1,0.745432899230932,1,1
0,0.07347043162789468,0,0
1,0.7562191473260752,1,1
0,0.3108610482013286,0,0
0,0.751463496432633,1,1
1,0.2521109908487507,0,0
0,0.1686745859409077,0,0
1,0.925574658668134,1,1
0,0.3248288721025134,0,0
0,0.16941539794944568,0,0
0,0.32912033094104187,0,0
0,0.17572970024479193,0,0
0,0.16720749843714283,0,0
0,0.42825760519200373,0,0
0,0.7986902283112671,1,1
0,0.5845934879510964,1,1
0,0.45938411854026134,0,0
1,0.7433875970862295,1,1
0,0.26004598942357693,0,0
0,0.15674114120733232,0,0
0,0.8887245458777038,1,1
0,0.1370682388433111,0,0
0,0.46001519829413173,0,0
0,0.2532306316343296,0,0
0,0.3142313427970007,0,0
1,0.5505037114288525,1,1
0,0.13772273343943933,0,0
0,0.19587810788848195,0,0
1,0.6854741613575472,1,1
0,0.4327858093506158,0,0
0,0.8843541287906979,1,1
1,0.38800597905095024,0,0
0,0.15516932159311356,0,0
0,0.031125715971537175,0,0
0,0.7378981995562653,1,1
0,0.5797187871726511,1,1
0,0.23815715114842176,0,0
1,0.7309405749179667,1,1
0,0.3774321966417073,0,0
0,0.15681280354695262,0,0
0,0.37882389107713305,0,0
1,0.6814794344257754,1,1
1,0.9218262717616412,1,1
0,0.2224847498814217,0,0
0,0.09946872738102532,0,0
1,0.49308983604887224,0,1
0,0.2918886028871676,0,0
0,0.11466262070125051,0,0
0,0.7222363586529059,1,1
0,0.2889195739499642,0,0
0,0.17301182929648568,0,0
0,0.26743500979970936,0,0
0,0.4280625356287751,0,0
0,0.2591456733882464,0,0
0,0.45608627829984644,0,0
0,0.5747750427101016,1,1
0,0.15734848556614517,0,0
0,0.49096301254186,0,1
0,0.10679356988365672,0,0
1,0.7949195370351069,1,1
0,0.13320704027485228,0,0
0,0.9464156252785356,1,1
0,0.7588209000866311,1,1
0,0.8846942306552535,1,1
1,0.06781426539389333,0,0
0,0.24313198124013266,0,0
0,0.6233559113710955,1,1
0,0.20815314861242565,0,0
1,0.856636795423064,1,1
0,0.09767783528484193,0,0
0,0.27058566228654535,0,0
0,0.36848873337162563,0,0
0,0.2253365279417021,0,0
1,0.8062810213860518,1,1
0,0.16436899579417988,0,0
1,0.6302918026357064,1,1
0,0.1846805812675977,0,0
1,0.7491454416884137,1,1
0,0.1843628082242985,0,0
0,0.4185419739795833,0,0
0,0.7684224921269763,1,1
0,0.7170586498731485,1,1
1,0.6917030743776537,1,1
0,0.6048490448698847,1,1
0,0.7751095374252793,1,1
0,0.6959589913597701,1,1
0,0.4154440305618043,0,0
1,0.5072178385885416,1,1
0,0.8114536711350926,1,1
0,0.6716995060420718,1,1
0,0.16435224123961173,0,0
1,0.42852258602111953,0,0
0,0.09987167926261133,0,0
0,0.6556057248342894,1,1
0,0.6862354291852816,1,1
0,0.23345179655207,0,0
1,0.40285957550581264,0,0
1,0.7241069654814528,1,1
1,0.8786833512602441,1,1
0,0.39717585507834186,0,0
0,0.12911931691036382,0,0
0,0.33119988211905155,0,0
1,0.6558321733832416,1,1
1,0.7063156701305944,1,1
0,0.5633172147035208,1,1
1,0.6994360689339735,1,1
0,0.4761652583717363,0,1
0,0.48785313369644423,0,1
0,0.45929852190606274,0,0
1,0.8395327404851177,1,1
0,0.11923303200303156,0,0
0,0.7673153115067298,1,1
0,0.5344935449794401,1,1
0,0.30543917670749826,0,0
1,0.818984771154768,1,1
0,0.4176017048849748,0,0
0,0.9106572992188497,1,1
0,0.6998379402604363,1,1
1,0.8146606843746966,1,1
0,0.24632854552531305,0,0
1,0.9156229135585966,1,1
0,0.7278234849782278,1,1
0,0.16847971770434636,0,0
0,0.20653463989423482,0,0
0,0.5148698795108259,1,1
0,0.19621565438092073,0,0
1,0.9645787353030945,1,1
1,0.6015140129371733,1,1
1,0.9507393709756966,1,1
1,0.4282506299363277,0,0
0,0.10246406481561697,0,0
1,0.761242493601775,1,1
0,0.1672686007626052,0,0
1,0.8785351966112984,1,1
1,0.7131591687082289,1,1
1,0.8352119878273951,1,1
1,0.9253002130817833,1,1
1,0.879514108885576,1,1
1,0.4917543358072451,0,1
0,0.18348049799979202,0,0
1,0.6557691263816529,1,1
0,0.6761241145462628,1,1
1,0.51348244387549,1,1
1,0.7597335032990087,1,1
1,0.7845283391174451,1,1
0,0.8816957698364832,1,1
0,0.6070691027530307,1,1
0,0.5693203687646514,1,1
0,0.1008445434423872,0,0
0,0.19628696918515048,0,0
1,0.8100833124817962,1,1
1,0.5725570648328717,1,1
0,0.2126333269576591,0,0
0,0.2874109751239778,0,0
0,0.4384621555096455,0,0
0,0.25872476312473724,0,0
0,0.2635391868316452,0,0
0,0.7612821558773403,1,1
1,0.4441811906126989,0,0
0,0.07349290348283483,0,0
1,0.9150071281961266,1,1
0,0.12741036508657963,0,0
0,0.6318647055277423,1,1
1,0.42794881333999174,0,0
0,0.47870409163978705,0,1
0,0.41448399804512526,0,0
1,0.8233226804215562,1,1
0,0.22990315182045842,0,0
1,0.9135450904371984,1,1
1,0.33265540989475517,0,0
0,0.40763534492208203,0,0
0,0.36637567696247386,0,0
0,0.6710489383609786,1,1
0,0.24563076621340685,0,0
0,0.37392115518645846,0,0
0,0.12731438905899056,0,0
0,0.10697449463425562,0,0
1,0.6800087331380384,1,1
1,0.7095726449193063,1,1
0,0.8547455275889835,1,1
0,0.7146110197373041,1,1
1,0.6204296450526241,1,1
0,0.12531872787099207,0,0
0,0.6520189353483741,1,1
1,0.1450534400771297,0,0
0,0.3647012793850226,0,0
0,0.6541684688239705,1,1
0,0.11649639081665031,0,0
0,0.1039119260129499,0,0
0,0.2630568203424881,0,0
0,0.184254155152085,0,0
0,0.2558319235684053,0,0
1,0.8003147475768146,1,1
0,0.43298814880970377,0,0
1,0.8234937282278826,1,1
0,0.21308952768796016,0,0
1,0.8065534004332678,1,1
1,0.6424002268561466,1,1
1,0.1361124161349982,0,0
0,0.1282796679415676,0,0
0,0.16574419578078498,0,0
0,0.24771014911014227,0,0
0,0.2987474298873257,0,0
1,0.28977276466392243,0,0
1,0.33961234157930675,0,0
0,0.8599539527981215,1,1
1,0.48733729765784667,0,1
0,0.21233770930460985,0,0
0,0.39006896342459413,0,0
1,0.7861530279905177,1,1
1,0.6774011154405323,1,1
0,0.300989554895138,0,0
0,0.24000280443010108,0,0
0,0.2671496800228557,0,0
1,0.7556226655835276,1,1
1,0.8888467788363904,1,1
1,0.7317252955786179,1,1
0,0.6091723001141104,1,1
0,0.42490273242832427,0,0
0,0.44529850717927266,0,0
0,0.7593476294404835,1,1
1,0.555071238331669,1,1
0,0.06459537563067617,0,0
0,0.3966466937388386,0,0
1,0.5132568577914037,1,1
0,0.5108721230373203,1,1
1,0.7924200247211194,1,1
0,0.19711596594410719,0,0
0,0.7637113191966337,1,1
1,0.3391896064544026,0,0
1,0.07958607474085778,0,0
0,0.35909653134637876,0,0
1,0.24345129757491235,0,0
1,0.7985050275861495,1,1
0,0.06948650344348895,0,0
0,0.1213026485304679,0,0
0,0.11961981889822418,0,0
1,0.4564535888932854,0,0
0,0.28320120972203444,0,0
0,0.30745764569274575,0,0
1,0.8201119890786903,1,1
0,0.32131891145599734,0,0
0,0.1267204687737601,0,0
0,0.8444189036482133,1,1
0,0.46887037243685503,0,0
1,0.5510969866287855,1,1
1,0.7746106901668972,1,1
1,0.6391624039869848,1,1
1,0.2901983971686865,0,0
0,0.690794984525983,1,1
0,0.25247786550792606,0,0
0,0.6122488447107569,1,1
0,0.5750222838370949,1,1
1,0.48776237112914766,0,1
0,0.37288038912591326,0,0
1,0.8755021554315214,1,1
1,0.8921665570426686,1,1
1,0.6689753083635278,1,1
1,0.5674275412592424,1,1
1,0.3888680323300171,0,0
1,0.676147128586684,1,1
1,0.8960721718900837,1,1
0,0.44893944584147905,0,0
0,0.15731851025298488,0,0
1,0.33562168858088337,0,0
1,0.8034328245474288,1,1
1,0.4078813867463506,0,0
0,0.09476516279941821,0,0
0,0.36112921493650246,0,0
0,0.7644049168839016,1,1
0,0.12228585653539559,0,0
1,0.8582212919505046,1,1
1,0.9379922588136147,1,1
0,0.298811758184873,0,0
0,0.13925202765028769,0,0
1,0.488443328167859,0,1
0,0.10694216051934355,0,0
0,0.1611062143066181,0,0
0,0.251586053638602,0,0
0,0.598016091499952,1,1
1,0.5851971398675575,1,1
0,0.10263743672265531,0,0
1,0.9641205953759425,1,1
0,0.7985033743367742,1,1
1,0.46772931278467517,0,0
1,0.16394296118662702,0,0
0,0.26950341478756246,0,0
1,0.26947132954049746,0,0
0,0.4563799092780676,0,0
1,0.6909255601896206,1,1
0,0.7839509192487755,1,1
1,0.851407577429054,1,1
0,0.2944458077960143,0,0
1,0.42894658351017645,0,0
1,0.22326352900678467,0,0
0,0.05811844767603996,0,0
1,0.739209548979529,1,1
0,0.3832384647960234,0,0
0,0.6247004098313211,1,1
1,0.3179616722796433,0,0
0,0.4185958199023085,0,0
0,0.23902489964862145,0,0
0,0.20954200116284116,0,0
0,0.33980988918740673,0,0
0,0.45715399681001667,0,0
1,0.6111157101388667,1,1
1,0.29997823343403685,0,0
0,0.16410816255258076,0,0
0,0.8192728154918613,1,1
1,0.7585279923023569,1,1
0,0.18629950950993726,0,0
0,0.23008880020840133,0,0
1,0.4391408223890909,0,0
1,0.25929960886267894,0,0
0,0.27689717257594015,0,0
0,0.481105298746229,0,1
0,0.10625301473897669,0,0
1,0.9154322999150867,1,1
0,0.42867684501862585,0,0
0,0.19201291849680488,0,0
0,0.6080844410910224,1,1
1,0.8506269279823169,1,1
1,0.830349249015032,1,1
1,0.5464017825557705,1,1
0,0.3522765235498595,0,0
1,0.7937413351530918,1,1
1,0.889941864521748,1,1
1,0.5609548254817056,1,1
1,0.6223185079641871,1,1
1,0.8164239106914429,1,1
0,0.47866217126064387,0,1
0,0.09050757445751595,0,0
1,0.8754850235703499,1,1
1,0.7338749210227788,1,1
0,0.10094786286373074,0,0
0,0.17268024869403487,0,0
0,0.0855782658973452,0,0
0,0.06996625393245859,0,0
0,0.35702370467676,0,0
1,0.748927540673033,1,1
1,0.8023638514635527,1,1
0,0.5189062056211587,1,1
0,0.09122572516698892,0,0
0,0.10238738382104896,0,0
1,0.8666356512869824,1,1
0,0.27832515110219647,0,0
0,0.43047149916850014,0,0
0,0.24220587513531397,0,0
0,0.19520583822026982,0,0
0,0.19952846374514635,0,0
1,0.7750862042935823,1,1
0,0.4911878923740758,0,1
0,0.7600445872941877,1,1
0,0.09821260201949421,0,0
0,0.20928803931194104,0,0
0,0.22449326069209544,0,0
0,0.4622015331818222,0,0
0,0.26121690164367306,0,0
0,0.43440839211843085,0,0
0,0.06926445458676578,0,0
1,0.4853172791460043,0,1
1,0.799043861408098,1,1
0,0.41959946756798167,0,0
0,0.12366775505891407,0,0
0,0.06415311762661596,0,0
0,0.3849593129764306,0,0
0,0.1292427505405405,0,0
0,0.1543874773104995,0,0
1,0.41797513241620593,0,0
0,0.5031749254848901,1,1
0,0.19450302063986669,0,0
0,0.23935092593081553,0,0
1,0.3248920006812227,0,0
0,0.17624271529997512,0,0
1,0.5367654472923558,1,1
1,0.22043081280857044,0,0
0,0.1550154690038538,0,0
1,0.7837875269269899,1,1
1,0.750217510938661,1,1
1,0.16149141685738422,0,0
0,0.10469538322886236,0,0
0,0.13881047834340524,0,0
0,0.18092720058407605,0,0
0,0.6157128615755252,1,1
0,0.11655711157207241,0,0
0,0.1877862839022674,0,0
1,0.28341614367642576,0,0
0,0.181778768157989,0,0
0,0.8948614414036812,1,1
1,0.934903728476318,1,1
1,0.7857833533486214,1,1
1,0.5839148932576422,1,1
1,0.8397415354982163,1,1
1,0.8920958171647398,1,1
0,0.08721514552888347,0,0
0,0.13093640502833143,0,0
0,0.5168152171109127,1,1
1,0.7319126609284897,1,1
0,0.6292128256033512,1,1
0,0.14729610112147762,0,0
0,0.4255412951355188,0,0
0,0.48738002853868384,0,1
0,0.3839739936723627,0,0
1,0.8525283470607835,1,1
0,0.14263092063223043,0,0
0,0.45077073254145666,0,0
0,0.15893961703281723,0,0
0,0.47557552685859533,0,1
0,0.37727937388761473,0,0
0,0.5693371228407514,1,1
0,0.3390986227318084,0,0
1,0.7620725612004696,1,1
0,0.32025346573533126,0,0
1,0.41375523694441696,0,0
0,0.5997861513727871,1,1
1,0.8552573893422811,1,1
1,0.6536329222025412,1,1
0,0.20875299308136094,0,0
0,0.16492363798765008,0,0
0,0.424401203900767,0,0
1,0.7976211919689534,1,1
0,0.7254291055814339,1,1
0,0.4871365487945533,0,1
0,0.8778505893146203,1,1
0,0.1177371991678092,0,0
0,0.2728262736995418,0,0
0,0.3729868903751803,0,0
0,0.3686601456116377,0,0
0,0.4689632173955561,0,0
1,0.7825677295322673,1,1
1,0.09563048258778176,0,0
1,0.818417599936489,1,1
0,0.6884519262422676,1,1
0,0.22320002293898158,0,0
0,0.1680169926855689,0,0
1,0.5683779747903759,1,1
0,0.1108006168852144,0,0
1,0.45751740726454365,0,0
1,0.859808239829572,1,1
0,0.6173493420361797,1,1
1,0.2636098222709263,0,0
1,0.7505807733552481,1,1
1,0.2714022777366695,0,0
1,0.7394055469805874,1,1
1,0.4790640017423583,0,1
0,0.09231485051547525,0,0
1,0.90473886522837,1,1
1,0.5186070204911261,1,1
1,0.15148554267964198,0,0
1,0.3510373497554035,0,0
1,0.5570581000913926,1,1
0,0.5938908221323678,1,1
1,0.4318804896451483,0,0
0,0.16174585570185812,0,0
0,0.11932695734495818,0,0
1,0.8173212493557481,1,1
1,0.5786117955574527,1,1
0,0.17947790492588783,0,0
1,0.7492086490656903,1,1
0,0.10466647748244695,0,0
0,0.7882744252444971,1,1
0,0.20875832096124708,0,0
1,0.9048304749000428,1,1
0,0.32495893495321365,0,0
0,0.5784871191035715,1,1
0,0.3171989945198445,0,0
0,0.26577463272359386,0,0
1,0.7275992980066582,1,1
1,0.7116564928711883,1,1
0,0.6774327098652352,1,1
0,0.6065484155579491,1,1
1,0.4237485394985935,0,0
0,0.06520555405438648,0,0
0,0.1150579558685957,0,0
1,0.32656334797559444,0,0
0,0.639106421791146,1,1
0,0.1003238277568477,0,0
1,0.602440337048917,1,1
0,0.5085085097729077,1,1
0,0.39025939654809805,0,0
0,0.14952042787117303,0,0
0,0.5525203813346314,1,1
0,0.1363485901162304,0,0
0,0.2980237355935803,0,0
0,0.36340355206617236,0,0
0,0.3628255040325039,0,0
0,0.3184771123146884,0,0
1,0.6470908249244922,1,1
0,0.0760404096045761,0,0
1,0.7241656762463887,1,1
0,0.09157815980118822,0,0
1,0.6288325684339799,1,1
0,0.6023548553333944,1,1
0,0.18744842834258385,0,0
1,0.8213408052370866,1,1
1,0.4398796945820775,0,0
0,0.2037743697222294,0,0
0,0.2209923920807247,0,0
1,0.5105494057723813,1,1
1,0.8802310190158278,1,1
1,0.8259481415235191,1,1
0,0.5295488174308757,1,1
1,0.36587447605001977,0,0
0,0.32582229462313983,0,0
1,0.5018535119895736,1,1
0,0.24973858906743482,0,0
0,0.1340400399531997,0,0
1,0.72714164952143,1,1
0,0.0896628864339448,0,0
0,0.08326301543557142,0,0
0,0.5236727617209618,1,1
1,0.6756737603545088,1,1
0,0.09400107450209592,0,0
0,0.4039688520019854,0,0
0,0.2641245421790345,0,0
0,0.09913908574578917,0,0
0,0.9120122083559039,1,1
0,0.24961368742177048,0,0
0,0.15793067391280158,0,0
0,0.2621883475958948,0,0
1,0.9054178049761955,1,1
0,0.36013666560337837,0,0
1,0.8437476456858958,1,1
0,0.36451905987017197,0,0
0,0.0660858757563963,0,0
0,0.41762642915664233,0,0
0,0.5403417221340068,1,1
0,0.04518747433201893,0,0
0,0.7296943444134033,1,1
0,0.18651656253193996,0,0
1,0.5409779678295549,1,1
0,0.19004898534408612,0,0
0,0.20315145711118557,0,0
0,0.4872540644814233,0,1
1,0.2224140566009466,0,0
0,0.7787702498441899,1,1
1,0.20184781403222207,0,0
0,0.3640877279637768,0,0
0,0.26741576716834214,0,0
0,0.3723640016442139,0,0
1,0.7138320638737911,1,1
0,0.306264572971299,0,0
0,0.36285536906224547,0,0
1,0.6392213082369022,1,1
0,0.43465388804725774,0,0
0,0.6186998548126604,1,1
0,0.44360761406645166,0,0
1,0.7966937585843528,1,1
1,0.8109733749831718,1,1
1,0.8906660714130289,1,1
0,0.3870386569666832,0,0
1,0.2260226964305367,0,0
1,0.8556684679914287,1,1
0,0.21701713880559473,0,0
0,0.3108099726353254,0,0
1,0.8351282454968502,1,1
0,0.4667851291356791,0,0
1,0.8990686361035377,1,1
1,0.865170580283028,1,1
0,0.3067520642220252,0,0
1,0.4561716961218938,0,0
0,0.31612001198274375,0,0
0,0.477516648442245,0,1
0,0.2801897777462402,0,0
1,0.7283200588082014,1,1
0,0.30698552979878113,0,0
1,0.6060637769852084,1,1
0,0.13048305849836359,0,0
1,0.7667021756198242,1,1
1,0.9162959037403473,1,1
0,0.4346186122615758,0,0
1,0.7644344348984996,1,1
0,0.5089584741611304,1,1
1,0.7980144674635045,1,1
1,0.2748302860531865,0,0
1,0.7386568367138892,1,1
1,0.5466027058726662,1,1
0,0.21078228962557266,0,0
0,0.48850969314345094,0,1
0,0.5742764655931436,1,1
0,0.9207508473164802,1,1
0,0.4266329825611185,0,0
0,0.1603616582167726,0,0
0,0.12517274514783974,0,0
1,0.853394403562178,1,1
0,0.863651244092084,1,1
1,0.7100580840102335,1,1
1,0.5608842741564979,1,1
1,0.663680829647703,1,1
0,0.16511824425924299,0,0
1,0.3901305454735825,0,0
1,0.8137477638474693,1,1
1,0.7113205552836067,1,1
0,0.6071157119103723,1,1
0,0.1213026485304679,0,0
1,0.42733381650294433,0,0
0,0.3637295357644473,0,0
0,0.5733866177732981,1,1
0,0.08569104639807097,0,0
1,0.8228618130477813,1,1
0,0.6695353741722836,1,1
1,0.34466731615594154,0,0
1,0.6928691580800113,1,1
0,0.7788974643531329,1,1
0,0.6572517775232468,1,1
0,0.07815937278212916,0,0
0,0.03796678268359421,0,0
1,0.1655569064085868,0,0
1,0.372555007285267,0,0
0,0.2989664107054063,0,0
1,0.4706820285670717,0,1
0,0.41586870702786266,0,0
0,0.6028141866157024,1,1
0,0.5345944793234726,1,1
0,0.29018718975010643,0,0
0,0.3634617764568268,0,0
0,0.658289317105626,1,1
0,0.3994601228418052,0,0
0,0.2607854749760841,0,0
0,0.1702980946277917,0,0
0,0.1943731213928844,0,0
0,0.16915360295860665,0,0
0,0.15625924903651645,0,0
0,0.3048351149785991,0,0
1,0.767287400834201,1,1
0,0.6670438750291505,1,1
1,0.829181509352093,1,1
0,0.15136986027658725,0,0
0,0.6785614441259245,1,1
0,0.2621958168085812,0,0
0,0.601955126437354,1,1
0,0.4491652836275498,0,0
1,0.7897756675386227,1,1
0,0.8075588622525268,1,1
1,0.6584359077420271,1,1
1,0.7747887791502658,1,1
0,0.4733447539549041,0,1
1,0.9162678036444712,1,1
1,0.2477056978455896,0,0
0,0.22436420450374245,0,0
0,0.06888253137988846,0,0
1,0.6145871524800344,1,1
1,0.6992265368353575,1,1
0,0.3994047135896536,0,0
0,0.3115525528449337,0,0
0,0.32543591962161933,0,0
0,0.20096976021618415,0,0
1,0.8799230927963574,1,1
0,0.3459079398204694,0,0
0,0.10628280841371483,0,0
1,0.7272828901056272,1,1
1,0.40839318394798557,0,0
0,0.21599914013270582,0,0
0,0.5242384703121504,1,1
1,0.8192287662206953,1,1
0,0.8866888614839871,1,1
1,0.9434435288543706,1,1
0,0.18282402052881194,0,0
1,0.9126115931684614,1,1
0,0.11684622025322482,0,0
0,0.24153633017388554,0,0
1,0.6212078065664441,1,1
1,0.7393503929065419,1,1
0,0.17045823195163148,0,0
0,0.2044586031962585,0,0
0,0.3404624469203927,0,0
1,0.7742138294613696,1,1
0,0.4869887815310187,0,1
0,0.070677725289696,0,0
1,0.8311361542300728,1,1
0,0.1568704059693331,0,0
0,0.38412662207316145,0,0
1,0.4686901879310673,0,0
0,0.2148611963879221,0,0
0,0.058140402661117696,0,0
0,0.07034099330378078,0,0
0,0.3850921397041059,0,0
0,0.1749640288563998,0,0
1,0.8105626053224575,1,1
0,0.479127280520219,0,1
0,0.3682232302586715,0,0
0,0.3331239814511684,0,0
0,0.2371300013415918,0,0
0,0.05719992271822855,0,0
1,0.6290115316265452,1,1
0,0.10182240433438366,0,0
0,0.17250101835335646,0,0
0,0.14390651002309376,0,0
0,0.13679262204047218,0,0
1,0.7994295083568063,1,1
0,0.39261663206851277,0,0
0,0.2397855550916846,0,0
1,0.6829890403183262,1,1
0,0.3682984543468045,0,0
0,0.28063648343832415,0,0
0,0.2542582482694652,0,0
1,0.7893321493897196,1,1
1,0.8887524949630622,1,1
0,0.17253233962657347,0,0
1,0.32419932771453847,0,0
1,0.8802550368787664,1,1
1,0.8639501681305022,1,1
0,0.18606830607359406,0,0
1,0.29536724752623983,0,0
0,0.5038744163173811,1,1
0,0.6097456165149638,1,1
0,0.06969461013302401,0,0
1,0.7325099996628237,1,1
0,0.2979002358035039,0,0
1,0.6708164106981876,1,1
0,0.19450674151068545,0,0
0,0.07917713655457698,0,0
0,0.38564468394318796,0,0
0,0.15375936889030795,0,0
0,0.5996560790235407,1,1
0,0.2783386575416477,0,0
1,0.7848941255881787,1,1
0,0.6133926338883086,1,1
1,0.32950488622099516,0,0
1,0.8168350711077841,1,1
1,0.7821809414910089,1,1
0,0.3064961894891027,0,0
0,0.30061944623745274,0,0
0,0.3751829326857279,0,0
0,0.550221020148838,1,1
0,0.6600657453723067,1,1
1,0.1772691861562386,0,0
1,0.8287410342628325,1,1
1,0.4850991988531426,0,1
1,0.3245453462666673,0,0
0,0.06343488538057829,0,0
0,0.38656092816425314,0,0
0,0.21470069870091335,0,0
1,0.773440154983675,1,1
0,0.14615903708600292,0,0
0,0.40748332354744626,0,0
0,0.15196926860012486,0,0
0,0.39364839472917373,0,0
1,0.9119272847810541,1,1
0,0.3115214229587472,0,0
0,0.6243713918822374,1,1
0,0.4710336551562116,0,1
0,0.33354510218330335,0,0
0,0.3221361015427116,0,0
0,0.20847748653181924,0,0
1,0.6027561746297538,1,1
1,0.5464627313777666,1,1
0,0.213005375438088,0,0
0,0.6350454279504775,1,1
1,0.6110804338361138,1,1
0,0.20761269912946523,0,0
0,0.10807193380250535,0,0
1,0.3145348802586842,0,0
1,0.8016814441696885,1,1
1,0.7445896931410901,1,1
0,0.11634346508835405,0,0
1,0.6635786351991184,1,1
0,0.7912307131132706,1,1
1,0.6211822236092204,1,1
0,0.7252430725705247,1,1
0,0.5958016722516091,1,1
1,0.8860107127790965,1,1
1,0.8076620781999392,1,1
0,0.17063399900121534,0,0
1,0.5426030491655034,1,1
0,0.5851657445207421,1,1
1,0.28182910954739604,0,0
1,0.2674788936366556,0,0
1,0.6939043688248455,1,1
1,0.3369839654637387,0,0
0,0.699226682065285,1,1
1,0.8313275450861004,1,1
0,0.274642110663664,0,0
0,0.4110233587934109,0,0
0,0.43307180574377196,0,0
0,0.07370361872466087,0,0
0,0.6923574983502981,1,1
0,0.1413590263762397,0,0
1,0.7421101086178505,1,1
0,0.7870462925643663,1,1
0,0.10175741857890212,0,0
1,0.8025446503052994,1,1
0,0.4007315602498332,0,0
0,0.28805404182205274,0,0
0,0.7816975141610154,1,1
1,0.44454768746924245,0,0
0,0.18039534795748677,0,0
0,0.7327672067411503,1,1
0,0.10578756961087712,0,0
1,0.5863601724199272,1,1
0,0.3711233475532171,0,0
0,0.5785980646015003,1,1
0,0.12752777794899,0,0
0,0.5390702556705258,1,1
1,0.555437015577344,1,1
1,0.35112110259290474,0,0
1,0.4300238562600318,0,0
1,0.6815274231863643,1,1
0,0.08786655401012279,0,0
1,0.7888034995918335,1,1
1,0.5288507728956544,1,1
0,0.22201708689577557,0,0
1,0.4460014955436857,0,0
0,0.5677936542514301,1,1
1,0.7136462525716005,1,1
0,0.2160238711815417,0,0
1,0.41722629233300906,0,0
1,0.9585812381020589,1,1
1,0.7188710384864443,1,1
0,0.36214720276507484,0,0
0,0.2637238268144032,0,0
1,0.47311165717129017,0,1
0,0.4773748369062998,0,1
0,0.10022138982413925,0,0
0,0.511250517676145,1,1
0,0.08635642967554004,0,0
0,0.13045255639697756,0,0
0,0.20363750215647594,0,0
1,0.5515306889567285,1,1
0,0.6676088960934145,1,1
1,0.3954061586364782,0,0
0,0.23516873642256628,0,0
0,0.5812954731568639,1,1
0,0.4444071898324908,0,0
0,0.27203252901946834,0,0
1,0.8658855679366293,1,1
1,0.9261950371563932,1,1
0,0.23880446915428835,0,0
1,0.8046764703390029,1,1
0,0.12451237805719367,0,0
0,0.523693703982634,1,1
0,0.126532976437223,0,0
0,0.5413561832351278,1,1
0,0.5522032975810531,1,1
0,0.6953982246881839,1,1
1,0.8774231429397253,1,1
1,0.8010788854685787,1,1
0,0.3216484292094677,0,0
1,0.5726963993218575,1,1
0,0.16807412762026624,0,0
0,0.772827682915811,1,1
0,0.57548993857067,1,1
0,0.6280029014615964,1,1
0,0.39640582645715383,0,0
1,0.6085772649489882,1,1
0,0.894433818435283,1,1
0,0.5022575937355596,1,1
0,0.6363738668091761,1,1
1,0.8279212907279194,1,1
1,0.5383660080846809,1,1
0,0.5227290793629367,1,1
1,0.8257974163983836,1,1
0,0.46311032212782793,0,0
1,0.5279870202520841,1,1
0,0.16121001150373218,0,0
0,0.37804912374478544,0,0
1,0.7158405272161676,1,1
0,0.13484069865598092,0,0
0,0.183263055650561,0,0
0,0.6206975002409872,1,1
0,0.06890681482593401,0,0
0,0.34060074304184446,0,0
0,0.073000009191523,0,0
0,0.5425463345676867,1,1
1,0.8714514963275362,1,1
0,0.34788286970687393,0,0
1,0.7767094516843664,1,1
0,0.4516991352748295,0,0
1,0.30212954626899036,0,0
0,0.5260605834285601,1,1
0,0.33052312757389535,0,0
0,0.10158341203399275,0,0
0,0.22264850656810797,0,0
0,0.48868770800667255,0,1
1,0.708805795064474,1,1
0,0.377424059585793,0,0
0,0.7057170567781736,1,1
0,0.13699195218644553,0,0
0,0.0747010949024448,0,0
0,0.28907465912022956,0,0
0,0.15655218332732862,0,0
0,0.2967602477153732,0,0
0,0.3264617563468826,0,0
1,0.9648448581770179,1,1
1,0.8517142617687177,1,1
1,0.8740056949338587,1,1
1,0.8666621408075829,1,1
0,0.03498240098195517,0,0
1,0.6822116036311572,1,1
0,0.27520760285671625,0,0
0,0.49386885843483014,0,1
0,0.31529280147506006,0,0
0,0.11729647391191403,0,0
0,0.09914192662473194,0,0
0,0.3335543988745907,0,0
1,0.6976491211257481,1,1
0,0.5655819223562487,1,1
1,0.6371944749312749,1,1
0,0.37194718148060735,0,0
0,0.6418282836983151,1,1
0,0.6571011008634129,1,1
0,0.7159696600625102,1,1
0,0.49550456908782475,0,1
0,0.3842906402359045,0,0
1,0.6801927766561974,1,1
0,0.26700130908004993,0,0
0,0.3535113125066609,0,0
1,0.6096710192073778,1,1
1,0.41833527353649985,0,0
0,0.21422612730696128,0,0
0,0.6771639077880738,1,1
0,0.0645220861204383,0,0
1,0.9572834511679355,1,1
0,0.7981309922588122,1,1
0,0.2360695387284704,0,0
1,0.474628437957725,0,1
1,0.6104178193494385,1,1
0,0.302107064034639,0,0
0,0.3073484532369804,0,0
0,0.3446008368191522,0,0
0,0.25423841161288985,0,0
0,0.6236661820864654,1,1
0,0.10483626712647962,0,0
1,0.8518969857780538,1,1
0,0.15789620882405125,0,0
0,0.07727783305391621,0,0
0,0.6513796025745533,1,1
0,0.47356608493101765,0,1
0,0.11306805652417794,0,0
1,0.7040415745317499,1,1
0,0.13610484577298101,0,0
0,0.4874093363499072,0,1
0,0.7926867954304727,1,1
1,0.3493814462550328,0,0
1,0.10502231955498921,0,0
0,0.06574401527111519,0,0
0,0.13958396036725704,0,0
1,0.47228055728164314,0,1
1,0.26523617451630616,0,0
0,0.275038975055802,0,0
0,0.1416256585084899,0,0
0,0.2934610942887904,0,0
1,0.20530496301129877,0,0
0,0.5753232809348634,1,1
0,0.12488183644001552,0,0
0,0.5320440810772851,1,1
0,0.24765420236686586,0,0
0,0.3824294454049359,0,0
1,0.4341375999555979,0,0
1,0.6889996338166022,1,1
0,0.24323615910054452,0,0
0,0.24293820786578016,0,0
0,0.41756162123473883,0,0
1,0.4787011741688969,0,1
0,0.3264862301178967,0,0
1,0.6255305591997972,1,1
0,0.7248414836434816,1,1
0,0.1778608498707884,0,0
0,0.7752892363921691,1,1
0,0.34146354945502866,0,0
1,0.9005144207018374,1,1
0,0.7314717984932669,1,1
0,0.12561499827432346,0,0
1,0.20091782252256513,0,0
1,0.7839189819726982,1,1
1,0.17430854513370478,0,0
1,0.8041405828373639,1,1
0,0.571227515097166,1,1
0,0.2819403408399475,0,0
0,0.1561267178340741,0,0
1,0.7347942538318741,1,1
0,0.2176515297491916,0,0
0,0.13266368935613404,0,0
1,0.730603610797743,1,1
1,0.8895954527801674,1,1
0,0.2070178434742634,0,0
0,0.08691313761292566,0,0
0,0.6880166480723399,1,1
0,0.8150039246498642,1,1
1,0.2294903837008349,0,0
1,0.40338884785949636,0,0
1,0.6859050719745026,1,1
0,0.1553920641877667,0,0
1,0.6758762064407581,1,1
0,0.3675717098744734,0,0
1,0.6705539279768005,1,1
1,0.8816348577575565,1,1
0,0.6775735003291143,1,1
0,0.14975278192111713,0,0
0,0.07614207682223458,0,0
0,0.2791949797361408,0,0
0,0.3422497040369608,0,0
0,0.4078585442526578,0,0
1,0.8554418387533274,1,1
1,0.8439668796513896,1,1
0,0.22739231415620867,0,0
1,0.6075147543553148,1,1
1,0.7018412924165176,1,1
1,0.8421503322497353,1,1
0,0.09031735297829804,0,0
0,0.22748456106089762,0,0
0,0.12408939898719071,0,0
0,0.40111850900196594,0,0
1,0.6954639062289371,1,1
0,0.1395689486470025,0,0
0,0.2723576540723533,0,0
0,0.4454979046002265,0,0
0,0.7167471129600393,1,1
1,0.16836717363347428,0,0
0,0.21061995887601254,0,0
0,0.08514075016640249,0,0
0,0.5006879564232961,1,1
0,0.08772885009211318,0,0
1,0.7442987011060793,1,1
1,0.9299997500462522,1,1
1,0.6928531311860924,1,1
0,0.4568578249447945,0,0
0,0.13939303317371007,0,0
1,0.5867056958488821,1,1
0,0.39627002199969313,0,0
1,0.5772851771153565,1,1
0,0.7064592398359724,1,1
0,0.7558666998719269,1,1
1,0.4052631074410223,0,0
0,0.6793999382042043,1,1
0,0.3908228322439831,0,0
0,0.40634026191732164,0,0
1,0.8005838479468501,1,1
0,0.12273285462360259,0,0
1,0.4571972810602634,0,0
1,0.4889225406913295,0,1
1,0.7994003759040529,1,1
0,0.1691162709466868,0,0
1,0.5364518203270119,1,1
0,0.1212487205104524,0,0
0,0.6499677568401845,1,1
0,0.6296965083094671,1,1
0,0.7984004362068766,1,1
1,0.8813003322040106,1,1
0,0.8518639911073189,1,1
1,0.37316861094251574,0,0
0,0.2142660772197832,0,0
0,0.019012925984938953,0,0
0,0.31444265173135744,0,0
0,0.37657866810527624,0,0
0,0.12257549328662345,0,0
0,0.49586975040045234,0,1
1,0.3549240907176103,0,0
1,0.7832924691896058,1,1
1,0.49812835869375405,0,1
0,0.4099164123968272,0,0
1,0.8839152509952055,1,1
0,0.2870721246897298,0,0
1,0.8824973472511856,1,1
1,0.36641027280819927,0,0
0,0.37364888320818856,0,0
0,0.9153405985305432,1,1
0,0.19645270190542607,0,0
0,0.31495193978604796,0,0
1,0.7068909194221089,1,1
1,0.7370004446370563,1,1
0,0.5317106287170115,1,1
0,0.46718641449618076,0,0
1,0.4080392729057442,0,0
1,0.5535294666205913,1,1
0,0.7635807737646146,1,1
1,0.7169243267420058,1,1
0,0.36975624394622925,0,0
1,0.8527847429410034,1,1
1,0.9330064192677721,1,1
0,0.15432165271908577,0,0
0,0.23789049356304304,0,0
0,0.1549112180393705,0,0
0,0.39209953198097897,0,0
0,0.17131213184048116,0,0
1,0.6173038286466739,1,1
0,0.7386178144827121,1,1
0,0.3435193648951132,0,0
0,0.3623356988552916,0,0
0,0.10584445435258583,0,0
1,0.8279889253506961,1,1
0,0.12207845516993987,0,0
0,0.2957967471283592,0,0
1,0.4304699531610128,0,0
1,0.34802281765924575,0,0
1,0.7979350544422474,1,1
0,0.23728541978150566,0,0
1,0.8304985932780724,1,1
1,0.06883291324877484,0,0
1,0.48398729124532264,0,1
0,0.2931083387688101,0,0
1,0.8214080872734806,1,1
1,0.36464853193554136,0,0
0,0.41637429240665175,0,0
0,0.08635447126480235,0,0
0,0.27993148320310873,0,0
0,0.3566366832674027,0,0
0,0.23541481759024416,0,0
0,0.211375310244801,0,0
1,0.6716478747649799,1,1
1,0.9012423156750129,1,1
0,0.42180210947623337,0,0
0,0.8955931477370717,1,1
0,0.144784226148884,0,0
0,0.8104596426654682,1,1
1,0.4128650715815241,0,0
0,0.3819493815651024,0,0
1,0.8831699951055282,1,1
0,0.21950074647437715,0,0
0,0.15991984038647694,0,0
0,0.1215954847017679,0,0
1,0.47305650070411975,0,1
1,0.8779232849139603,1,1
0,0.43361096727514,0,0
1,0.8697103830083547,1,1
1,0.7119648944395988,1,1
0,0.4168439437714614,0,0
1,0.1513825467710834,0,0
0,0.20819567285161442,0,0
0,0.28378689288215164,0,0
0,0.23549503414768794,0,0
0,0.3658770042596471,0,0
1,0.6840525673766331,1,1
0,0.7086873907980805,1,1
1,0.8045540716895843,1,1
0,0.2080125039319898,0,0
0,0.2858822163734896,0,0
0,0.10865123593179775,0,0
0,0.3367152047660251,0,0
0,0.42694968452807086,0,0
1,0.6271881622377645,1,1
1,0.6864531485037376,1,1
0,0.24490576962082694,0,0
0,0.3221312445783727,0,0
0,0.6225160407515798,1,1
0,0.21884718291548913,0,0
1,0.7942167055825244,1,1
0,0.03586509886766922,0,0
1,0.8791558562473256,1,1
0,0.4346154729458916,0,0
1,0.593957416731685,1,1
0,0.08617488955220626,0,0
0,0.38066013225946593,0,0
0,0.14098224272602966,0,0
0,0.155511414088038,0,0
1,0.3868476766547145,0,0
0,0.13952126179653945,0,0
0,0.14835392317301863,0,0
0,0.122928350829341,0,0
1,0.6805928477999426,1,1
0,0.26182956292097853,0,0
0,0.4653997919965975,0,0
0,0.14440771083866022,0,0
1,0.6042761711487397,1,1
1,0.7227548132241595,1,1
0,0.319850575469699,0,0
0,0.8170018439054915,1,1
0,0.21808796130517294,0,0
0,0.09153017483463503,0,0
0,0.25061784812194837,0,0
1,0.7574743345936686,1,1
0,0.5772864044623418,1,1
1,0.7259941005421356,1,1
0,0.3256160125416698,0,0
0,0.32997218024650393,0,0
0,0.07622357327426604,0,0
0,0.31916551559082457,0,0
1,0.7415675206659708,1,1
0,0.5659470049075104,1,1
0,0.8630432296819383,1,1
0,0.1320186627737824,0,0
0,0.6879087259770675,1,1
0,0.25392802688738464,0,0
0,0.07364294678719076,0,0
0,0.29947365900578743,0,0
1,0.9328276841754771,1,1
0,0.18420253716125168,0,0
1,0.8859258687337507,1,1
0,0.16094250757476697,0,0
1,0.6125691037958162,1,1
0,0.4060122611706907,0,0
1,0.7481322720756921,1,1
0,0.09061007494550144,0,0
1,0.9332548587821873,1,1
1,0.938085441430522,1,1
0,0.4495601146430097,0,0
1,0.8688328574808548,1,1
0,0.06728767285939888,0,0
0,0.481423391093595,0,1
0,0.19856526692148235,0,0
0,0.4555508584295705,0,0
0,0.5830579304562795,1,1
0,0.38952450488243806,0,0
1,0.46210271601642294,0,0
0,0.10689295391123563,0,0
0,0.5484435942621118,1,1
0,0.799369448921411,1,1
0,0.4097125919842034,0,0
0,0.560731464148218,1,1
1,0.7395928206483181,1,1
0,0.25991603207604613,0,0
1,0.7402876270986043,1,1
0,0.06766628825724479,0,0
0,0.20242980666828253,0,0
0,0.19366011124236804,0,0
1,0.5431975482366518,1,1
0,0.10335191134282548,0,0
0,0.4863312083233893,0,1
1,0.8250744030507627,1,1
0,0.0792502211150333,0,0
1,0.49277065298255535,0,1
0,0.30751241050811423,0,0
1,0.6457441620262848,1,1
1,0.8938393411956095,1,1
1,0.2766339542633015,0,0
1,0.46085337656446246,0,0
0,0.3510332492208411,0,0
0,0.3420366878119369,0,0
0,0.05558334391882919,0,0
0,0.47118244571040085,0,1
1,0.6798520996228172,1,1
0,0.4272770134596111,0,0
0,0.18143381464584657,0,0
0,0.15975651885828146,0,0
0,0.1309830315303602,0,0
1,0.5824540717962043,1,1
1,0.9563615252305107,1,1
0,0.339044248355863,0,0
1,0.8208355178526996,1,1
0,0.27835634544301374,0,0
1,0.894610621601506,1,1
0,0.5373420153247193,1,1
0,0.5108763039811128,1,1
1,0.944661713338897,1,1
0,0.6020908738532323,1,1
0,0.5060381526823128,1,1
0,0.17307834843452938,0,0
1,0.7269206735921712,1,1
1,0.42974418663101277,0,0
0,0.2554852984608938,0,0
0,0.867162041055902,1,1
0,0.1172558754072156,0,0
1,0.895482489937624,1,1
1,0.779125996862342,1,1
0,0.5559336013759149,1,1
0,0.16911681421127833,0,0
0,0.3635081896971164,0,0
0,0.2869613442324915,0,0
1,0.8521620314483747,1,1
0,0.38497384918001337,0,0
1,0.3994974932862607,0,0
0,0.24301490636482603,0,0
0,0.501021760461706,1,1
0,0.4753418976675152,0,1
0,0.7734396299527587,1,1
0,0.2534492917654977,0,0
0,0.11843172030844176,0,0
0,0.6009336587038786,1,1
0,0.5898455333137566,1,1
1,0.681004319764753,1,1
1,0.47550908871890246,0,1
1,0.15382704459361776,0,0
1,0.938011455853563,1,1
0,0.6610377173628207,1,1
0,0.3940403762483625,0,0
0,0.6228148399874823,1,1
1,0.7717359524819245,1,1
1,0.7456481314367948,1,1
0,0.92556603391325,1,1
0,0.6611713192434596,1,1
0,0.6562697343808362,1,1
0,0.13190215952684214,0,0
0,0.5421954474642762,1,1
0,0.5672451384770152,1,1
0,0.08841981538748618,0,0
0,0.4261556417783536,0,0
1,0.7728566730522852,1,1
0,0.10996678520734306,0,0
0,0.21835307362458897,0,0
1,0.7375229252462524,1,1
1,0.43350365383841094,0,0
0,0.8130603785224308,1,1
0,0.27821951712743714,0,0
1,0.6988441927979454,1,1
1,0.8251812555863811,1,1
1,0.6834657163146812,1,1
0,0.5785246904451324,1,1
1,0.6804733212424923,1,1
1,0.15098416658067862,0,0
1,0.40940009126276,0,0
1,0.8817031597802105,1,1
1,0.35332188759348093,0,0
0,0.8920851213224305,1,1
1,0.8982733781523794,1,1
0,0.14063859466384945,0,0
0,0.11862801560946863,0,0
1,0.7852840384045827,1,1
1,0.49981662040772135,0,1
0,0.6207489952920304,1,1
0,0.2893239766245952,0,0
1,0.450037917181685,0,0
0,0.23978875923065007,0,0
0,0.2648262772794857,0,0
1,0.7441233116821426,1,1
0,0.25098615284889825,0,0
0,0.931071834925644,1,1
0,0.7805104272497833,1,1
0,0.8778827217016894,1,1
1,0.771548398599056,1,1
1,0.9064468268337986,1,1
1,0.8777013404965365,1,1
0,0.6421904045106328,1,1
0,0.13019795561573455,0,0
1,0.5695190642666813,1,1
0,0.47158988966713417,0,1
0,0.35123016400921225,0,0
0,0.25261142830131184,0,0
1,0.8332331365707145,1,1
0,0.5721829316423527,1,1
1,0.09000706503907835,0,0
1,0.8026839047972061,1,1
0,0.7218204100000318,1,1
0,0.15521075252247543,0,0
0,0.17820707432622648,0,0
0,0.3733033902139807,0,0
0,0.3286900369548216,0,0
1,0.29574013230009116,0,0
0,0.8020753615039874,1,1
0,0.04207054428296546,0,0
0,0.08805992410336265,0,0
1,0.7156957587793562,1,1
0,0.28040856849159035,0,0
0,0.48748570141269404,0,1
0,0.06494783194230747,0,0
0,0.7569159436018226,1,1
0,0.5174426681156572,1,1
0,0.5389638623750772,1,1
0,0.5866906930505571,1,1
0,0.20443042501540432,0,0
1,0.8418378613899886,1,1
0,0.29911933489258474,0,0
0,0.26809949485182466,0,0
0,0.20980556957375732,0,0
0,0.39575106879081484,0,0
1,0.6717510736377711,1,1
0,0.3568564861984317,0,0
0,0.43986071931422865,0,0
0,0.47778103777137276,0,1
1,0.9154272494671757,1,1
0,0.35105165797951227,0,0
0,0.7512672814292164,1,1
1,0.5203984864891597,1,1
0,0.4421752509605901,0,0
0,0.30515562717312755,0,0
0,0.533364399375223,1,1
0,0.14763335512756995,0,0
0,0.13469998660891314,0,0
0,0.39778748087120197,0,0
1,0.6309662645174072,1,1
1,0.8774232529089502,1,1
1,0.7019937833564838,1,1
0,0.7501447088915066,1,1
0,0.7581447999768111,1,1
0,0.6260855640093606,1,1
1,0.9161656399796589,1,1
1,0.8672168482307056,1,1
1,0.9372752824832523,1,1
1,0.8525641139655832,1,1
1,0.2476515482146753,0,0
1,0.7760518548000203,1,1
1,0.4333405281586259,0,0
0,0.45213344758959306,0,0
1,0.63187170317678,1,1
1,0.5445082851909913,1,1
1,0.31020334633564384,0,0
1,0.842152670717761,1,1
0,0.1066219655413243,0,0
0,0.43048141315835636,0,0
0,0.6979471566198096,1,1
0,0.54660016183366,1,1
0,0.4084714428635602,0,0
1,0.8032743781988296,1,1
0,0.4875918720818522,0,1
1,0.6604247243443687,1,1
0,0.354221947881312,0,0
1,0.6119969075188935,1,1
0,0.28959132047351305,0,0
0,0.509332469978073,1,1
0,0.3315138256722431,0,0
1,0.6274481096301846,1,1
0,0.8543820589927107,1,1
1,0.7790150420459685,1,1
1,0.8764513099157484,1,1
0,0.16714504111772063,0,0
0,0.5388122034889428,1,1
1,0.7236749244465642,1,1
1,0.7555040050702514,1,1
1,0.7319836241882653,1,1
0,0.1413707103216378,0,0
0,0.6092740548052827,1,1
0,0.3531846387321707,0,0
1,0.4029660985768629,0,0
0,0.271960265528977,0,0
1,0.8746153415508873,1,1
0,0.4400706643404505,0,0
0,0.15703599806779317,0,0
0,0.19301378467378144,0,0
0,0.7442704645548088,1,1
0,0.2261165241739199,0,0
0,0.7318149010917329,1,1
0,0.348535670749429,0,0
0,0.8471493657251318,1,1
1,0.4124948669807898,0,0
0,0.25653219276996125,0,0
0,0.3555145827146669,0,0
0,0.4583110562185785,0,0
0,0.26993048209848103,0,0
1,0.8130817723415431,1,1
1,0.867452023637593,1,1
0,0.26724634477044446,0,0
1,0.8179433749210838,1,1
0,0.4503411756696458,0,0
0,0.05591438969317921,0,0
1,0.16135734951533787,0,0
1,0.862465656852754,1,1
0,0.1628664581215843,0,0
0,0.2545705319434344,0,0
0,0.7488437633721644,1,1
1,0.24958574674858583,0,0
1,0.770573500245964,1,1
0,0.08867487576734992,0,0
0,0.08402678058885699,0,0
0,0.1390002240378198,0,0
1,0.4220331645615178,0,0
1,0.8767731723051012,1,1
1,0.3891701185141322,0,0
1,0.7937599233245949,1,1
0,0.33394438775040725,0,0
0,0.43896985392143145,0,0
1,0.9162260581112578,1,1
1,0.8468547954690017,1,1
0,0.5200523273756545,1,1
0,0.27431059074009445,0,0
0,0.1366799404743509,0,0
0,0.4777017732016896,0,1
0,0.25111146019982317,0,0
1,0.8621545854876635,1,1
0,0.2166429869101464,0,0
0,0.22938417560108515,0,0
0,0.5463096213956307,1,1
0,0.5674450704159462,1,1
1,0.641113964808024,1,1
0,0.05707491038197132,0,0
0,0.12741091645826672,0,0
0,0.4617089801806175,0,0
0,0.22729476009175728,0,0
1,0.5933654071927406,1,1
1,0.788969395675179,1,1
1,0.6811573682284133,1,1
0,0.3244816247258725,0,0
0,0.811379786071941,1,1
0,0.3962442226357035,0,0
0,0.8257321408849421,1,1
0,0.29966366847824566,0,0
1,0.8092467852982829,1,1
0,0.13493054610420716,0,0
1,0.6181683286022538,1,1
0,0.8322359340103397,1,1
0,0.08380989519680912,0,0
0,0.04044313178576963,0,0
0,0.14015277349582672,0,0
1,0.8499060309957099,1,1
1,0.7207592074305931,1,1
0,0.12440923945617062,0,0
1,0.8463263067194929,1,1
0,0.34708026357212496,0,0
0,0.1914551157628815,0,0
0,0.3669868282482551,0,0
0,0.3660073343990701,0,0
0,0.14438938211536215,0,0
0,0.3609716743562172,0,0
0,0.337754012420742,0,0
0,0.6388263212719344,1,1
0,0.2478468655285029,0,0
0,0.07863862142183307,0,0
0,0.25402992665181956,0,0
1,0.6391201333589953,1,1
0,0.14683212287811226,0,0
0,0.6372038869422519,1,1
1,0.10537105462846534,0,0
0,0.6361513276418017,1,1
1,0.14325198027057565,0,0
1,0.6182822082734367,1,1
0,0.2205420540937625,0,0
0,0.34645852825644396,0,0
1,0.8225319551660795,1,1
1,0.6891547184887996,1,1
0,0.2263154039570989,0,0
0,0.28428753242931193,0,0
0,0.20819981652833558,0,0
0,0.0544570884474337,0,0
1,0.6769488915289491,1,1
0,0.4424484273279644,0,0
0,0.10166661972291245,0,0
0,0.45239987858566244,0,0
0,0.09359062060466423,0,0
0,0.12147565851548538,0,0
0,0.0719669403556767,0,0
0,0.3156225296547425,0,0
0,0.7054789455298844,1,1
0,0.08682677200991454,0,0
1,0.19769920210251263,0,0
0,0.45788464805553086,0,0
1,0.4191273752333586,0,0
0,0.3633708983764767,0,0
1,0.8106791687983594,1,1
0,0.17821383898898957,0,0
1,0.7946750214513774,1,1
0,0.4588872048715723,0,0
1,0.37042662500418166,0,0
1,0.24269939827095102,0,0
0,0.3410706148173236,0,0
1,0.6863693511549641,1,1
1,0.7112491486819071,1,1
1,0.6414517191087501,1,1
0,0.4339089670605812,0,0
0,0.5840834102926167,1,1
1,0.8861002978144662,1,1
0,0.595587131399678,1,1
0,0.5344142262711724,1,1
0,0.3278745251178202,0,0
0,0.3102157497353671,0,0
0,0.4108009952072604,0,0
0,0.4096990430388223,0,0
1,0.8429216189802461,1,1
1,0.39805213511310306,0,0
0,0.29775159707028015,0,0
0,0.6649124763742215,1,1
1,0.6814134394133446,1,1
0,0.45510177712648925,0,0
0,0.11098856132730607,0,0
0,0.34593801897287074,0,0
0,0.23395621778321196,0,0
0,0.6456515368314765,1,1
0,0.09901572246763332,0,0
0,0.1405446700287538,0,0
1,0.8093927985410656,1,1
0,0.6650357786862379,1,1
1,0.5667432261540836,1,1
0,0.16885669182372193,0,0
1,0.6588504179428186,1,1
1,0.3704151317809696,0,0
1,0.7879166594132351,1,1
1,0.8809815414402838,1,1
0,0.4291356954246677,0,0
1,0.6261472807596213,1,1
0,0.0903261339478953,0,0
1,0.5481341091954112,1,1
0,0.5222757062327803,1,1
1,0.7283546974180081,1,1
0,0.26601215135663464,0,0
1,0.6423749947385554,1,1
0,0.6787130608266004,1,1
1,0.6527262751130423,1,1
1,0.7198703686142044,1,1
1,0.36279719264649857,0,0
0,0.6714262415358462,1,1
0,0.34854013028733255,0,0
0,0.21929622763657564,0,0
0,0.47420844250944044,0,1
0,0.3452411658077596,0,0
1,0.9022080539690731,1,1
0,0.4125053401103835,0,0
1,0.5178140792682197,1,1
0,0.5752573193686505,1,1
0,0.07867919514926133,0,0
0,0.6408826808794229,1,1
0,0.7739391242708052,1,1
1,0.7689553091271741,1,1
0,0.1512298627304633,0,0
0,0.10895377771336047,0,0
0,0.05722582130899046,0,0
0,0.32967444327295853,0,0
1,0.7153168475396208,1,1
0,0.181621495531045,0,0
0,0.7430340491431996,1,1
0,0.12314611773464688,0,0
1,0.8017513761340879,1,1
0,0.7569422051611759,1,1
0,0.7431278120684337,1,1
0,0.25386968840348517,0,0
0,0.8720672219742507,1,1
0,0.3964122510831789,0,0
1,0.37049472588950794,0,0
1,0.4735264651534947,0,1
1,0.6421480400758841,1,1
1,0.8701912710855635,1,1
0,0.3034670522425762,0,0
0,0.8652637541864673,1,1
1,0.5195738961828397,1,1
0,0.14709367269109508,0,0
0,0.2718138199404653,0,0
0,0.06328274295760826,0,0
1,0.7817937902440006,1,1
0,0.11003383659953613,0,0
0,0.23357565521375281,0,0
0,0.5044784807706353,1,1
0,0.11742493730897416,0,0
0,0.5358767120455081,1,1
1,0.7996219757000173,1,1
0,0.47047565561402005,0,1
0,0.594300845605705,1,1
1,0.6602076263648726,1,1
1,0.8384372353650881,1,1
0,0.7317905187250509,1,1
0,0.17737547796561984,0,0
0,0.7503532397161586,1,1
0,0.7370452846817467,1,1
0,0.2153729252366709,0,0
0,0.2827091944464701,0,0
1,0.7156660859860398,1,1
0,0.36376547589422936,0,0
1,0.8748960340476062,1,1
0,0.25478619221784954,0,0
0,0.11044687978983542,0,0
0,0.44730504353386824,0,0
1,0.8854320694586547,1,1
1,0.8045932616111438,1,1
0,0.12424883443751826,0,0
1,0.7609268946294497,1,1
1,0.6059258625186268,1,1
0,0.14487049089278106,0,0
1,0.3866351042003876,0,0
0,0.08438644947460715,0,0
0,0.7057101033991373,1,1
0,0.4785659086878043,0,1
0,0.3037428193275459,0,0
0,0.5216392846876957,1,1
0,0.040495168872973525,0,0
0,0.7700812074349348,1,1
1,0.5735437531647893,1,1
1,0.2590210741997475,0,0
1,0.536293622875367,1,1
0,0.45961636879292495,0,0
0,0.37048585218666175,0,0
0,0.11734723234708368,0,0
0,0.9059832817194565,1,1
0,0.11693036729437326,0,0
0,0.08922711395679975,0,0
0,0.31660349169425256,0,0
1,0.14310385874014286,0,0
0,0.3021765339014078,0,0
0,0.227228981728015,0,0
0,0.20126650271137286,0,0
1,0.435135282893632,0,0
0,0.08934168231188942,0,0
0,0.12648250240710127,0,0
1,0.9681901658525784,1,1
0,0.07082358212353584,0,0
0,0.2302285438801161,0,0
0,0.24819618718527336,0,0
0,0.2797725296632736,0,0
1,0.32224347362419653,0,0
1,0.6532450452114403,1,1
0,0.5083939713725181,1,1
0,0.09941775346602391,0,0
0,0.24080517271157503,0,0
0,0.07995449295923777,0,0
1,0.9508825822051878,1,1
0,0.10591510561760004,0,0
0,0.09503671189686026,0,0
1,0.13170651906662503,0,0
0,0.5967206252414223,1,1
0,0.3968115873032495,0,0
0,0.7465772705368151,1,1
1,0.7648387730635084,1,1
1,0.327176662355937,0,0
0,0.4295781457303597,0,0
0,0.10695920369952329,0,0
0,0.12564985453981814,0,0
1,0.7463355192995885,1,1
0,0.6000071119101423,1,1
0,0.4449193909530171,0,0
0,0.305313731380749,0,0
1,0.5060502861437245,1,1
0,0.3446246376769614,0,0
0,0.7411482004444007,1,1
1,0.40615981643003074,0,0
0,0.6894038045353874,1,1
1,0.49582283008377975,0,1
0,0.3185485467911836,0,0
1,0.7833454550371983,1,1
0,0.11444622000782334,0,0
0,0.311695550371133,0,0
0,0.20763803422598384,0,0
0,0.1967455535670455,0,0
0,0.5498443820641289,1,1
0,0.35985188070869767,0,0
1,0.8921481051241741,1,1
1,0.6320755959162576,1,1
1,0.8075426754808303,1,1
1,0.7227080563676814,1,1
0,0.09902185554782852,0,0
0,0.11403457844073114,0,0
1,0.8774472486306745,1,1
1,0.7619921086655074,1,1
1,0.7563566468370665,1,1
0,0.32027600160402736,0,0
1,0.7068100085116582,1,1
1,0.9288052785235116,1,1
0,0.05587687178620977,0,0
1,0.9408489495099299,1,1
0,0.3337972275552889,0,0
1,0.6254642182202748,1,1
1,0.6804578413123905,1,1
1,0.6952180476506818,1,1
0,0.3365705064469912,0,0
1,0.6238766208142302,1,1
0,0.7661335525790673,1,1
1,0.22669865990701984,0,0
0,0.21440218170603015,0,0
0,0.6160039871897653,1,1
1,0.7364260501530551,1,1
0,0.11434066856025997,0,0
1,0.7699131938005382,1,1
0,0.08430078125376368,0,0
1,0.5067408509732779,1,1
0,0.32633320212704936,0,0
0,0.4291415083317547,0,0
1,0.9306237642525306,1,1
1,0.5841245857031886,1,1
0,0.06106395456030004,0,0
0,0.3299466358956599,0,0
1,0.8740420530981815,1,1
1,0.7925923023299987,1,1
0,0.21265876503813524,0,0
0,0.12609893528791946,0,0
1,0.23745612508392003,0,0
0,0.8500848732297717,1,1
1,0.7144259891195337,1,1
0,0.26524170702140865,0,0
0,0.3890469758820341,0,0
0,0.3254236560880188,0,0
0,0.27720361985951875,0,0
0,0.2073700358303706,0,0
1,0.7696856776460711,1,1
1,0.4439468126031286,0,0
0,0.18261427594135657,0,0
1,0.7358408626413323,1,1
1,0.05945606101405103,0,0
0,0.34216326228166927,0,0
0,0.5879052718056645,1,1
0,0.2622810341888881,0,0
1,0.8813525197732709,1,1
0,0.34426429486180093,0,0
0,0.671123610872614,1,1
0,0.202630566841229,0,0
0,0.8853137882752778,1,1
1,0.8827642439956253,1,1
1,0.6094993685342676,1,1
0,0.7331572040509734,1,1
0,0.09199979743480474,0,0
1,0.9294550408214085,1,1
1,0.7390943040423084,1,1
1,0.576415091129602,1,1
0,0.4137305286371057,0,0
1,0.15016295487320924,0,0
0,0.316578586988475,0,0
1,0.5641640556728884,1,1
1,0.7903743045883574,1,1
0,0.3410397381856866,0,0
1,0.5737795877598003,1,1
1,0.5810432399600364,1,1
1,0.8357773803969266,1,1
0,0.27717730643616756,0,0
0,0.10923973992718862,0,0
1,0.7171416087270787,1,1
0,0.33452269950332125,0,0
1,0.8809611225845397,1,1
0,0.3037478703518609,0,0
1,0.6560418362931413,1,1
0,0.43076442545147925,0,0
0,0.5702916740385781,1,1
1,0.8343647714375649,1,1
0,0.20949395303918866,0,0
0,0.2615813435504375,0,0
0,0.2870829426692883,0,0
1,0.8158853686729464,1,1
0,0.09469774967846283,0,0
1,0.39139340689407215,0,0
1,0.44928829100341255,0,0
0,0.19395519505788766,0,0
1,0.691396328947498,1,1
0,0.3874626658322559,0,0
1,0.8888631474087996,1,1
0,0.49248968747160743,0,1
1,0.6451291688198011,1,1
1,0.7282614270818654,1,1
0,0.30138021371726526,0,0
1,0.8513137877546799,1,1
0,0.2542809635618399,0,0
0,0.8943508246216787,1,1
0,0.20981012269465232,0,0
1,0.09542691309263004,0,0
0,0.21850722834570258,0,0
0,0.024651165703124967,0,0
0,0.7480865995035209,1,1
0,0.6707651278035324,1,1
0,0.8926816757387401,1,1
0,0.5257743778681947,1,1
0,0.5800626840409858,1,1
0,0.5973186607030474,1,1
0,0.3678032999710694,0,0
0,0.16524275671312944,0,0
0,0.7244457695450435,1,1
0,0.13581780355236267,0,0
0,0.8632021649497104,1,1
0,0.14055458914323907,0,0
1,0.2847686482035995,0,0
0,0.6758149107687932,1,1
0,0.21772904189626685,0,0
0,0.4599618278095439,0,0
0,0.6665906928336326,1,1
1,0.48726681123037763,0,1
0,0.8226790922737734,1,1
0,0.34929890621227466,0,0
1,0.21444829459375686,0,0
0,0.42083229722749627,0,0
0,0.13192456765689642,0,0
0,0.7279186529083557,1,1
1,0.8425835699702333,1,1
0,0.8086154010971918,1,1
0,0.28948886184417477,0,0
0,0.1740152968112306,0,0
0,0.6472164249597335,1,1
0,0.9096551311144493,1,1
0,0.12653363841540777,0,0
1,0.6975763648273741,1,1
0,0.17164953647695602,0,0
0,0.5976618819966847,1,1
0,0.2868376861505507,0,0
1,0.7262036553746503,1,1
1,0.639545821723061,1,1
0,0.5070517630763318,1,1
1,0.4398732399556919,0,0
1,0.45251880173853554,0,0
0,0.2722277518182687,0,0
0,0.3882026399135279,0,0
1,0.5389858586219548,1,1
1,0.8371892513127892,1,1
0,0.49461999440117826,0,1
0,0.2648315269843385,0,0
1,0.8598900527331644,1,1
0,0.1305193866198337,0,0
0,0.1866373967078531,0,0
0,0.1013398281040283,0,0
1,0.9171383104862241,1,1
0,0.28375988479517367,0,0
0,0.32308775407607115,0,0
0,0.4641808985818062,0,0
0,0.7521562606290327,1,1
0,0.23474831901574494,0,0
1,0.30245257098391304,0,0
1,0.897923630211213,1,1
1,0.8046526960283229,1,1
1,0.8909199107564488,1,1
0,0.14965715057861048,0,0
0,0.07353689304860943,0,0
1,0.13094775925905575,0,0
0,0.21510443423978523,0,0
1,0.5823272917366306,1,1
0,0.5842490439421487,1,1
0,0.6417592326328744,1,1
0,0.041269900441333954,0,0
0,0.3736031146745866,0,0
1,0.521496785666631,1,1
1,0.42653844931135865,0,0
0,0.16964053150670227,0,0
0,0.36697791419655695,0,0
0,0.446549198780974,0,0
1,0.6384279868100114,1,1
0,0.2463119164121308,0,0
0,0.3827251624620176,0,0
0,0.657129606403776,1,1
1,0.7995012089093264,1,1
0,0.5472243021277943,1,1
0,0.15099713744837145,0,0
0,0.6420391576480874,1,1
0,0.12546479876571467,0,0
0,0.6809771012953507,1,1
0,0.29891575291480427,0,0
0,0.17271580391807675,0,0
1,0.5349092394456498,1,1
0,0.15932989322347224,0,0
0,0.06804034568585052,0,0
0,0.40252261799974726,0,0
1,0.7470638006694559,1,1
1,0.5058164959329646,1,1
1,0.4694850719068244,0,0
0,0.32994369437010285,0,0
0,0.7939443184312475,1,1
0,0.2638333843289343,0,0
0,0.7030738301555195,1,1
0,0.47991629581786743,0,1
0,0.10399819786511923,0,0
0,0.11119022947178173,0,0
0,0.1259284270305823,0,0
0,0.6530614734452618,1,1
1,0.6988477694014109,1,1
0,0.7317720590318805,1,1
1,0.866451783631832,1,1
0,0.27851367808507194,0,0
1,0.7114332274069989,1,1
0,0.7566847021043623,1,1
0,0.44398603478227777,0,0
0,0.5446058795396141,1,1
1,0.3228246276830514,0,0
0,0.7321814108072614,1,1
0,0.2044607650041214,0,0
1,0.5305408415256679,1,1
1,0.6347406960105993,1,1
0,0.4567955444980942,0,0
1,0.7777620784875598,1,1
1,0.42797971177523025,0,0
0,0.38237651483520796,0,0
0,0.42125087934054095,0,0
1,0.5442544799418055,1,1
1,0.7191160541244298,1,1
0,0.10231274637314837,0,0
1,0.4715947479574215,0,1
1,0.8639587433654919,1,1
1,0.6002711102579601,1,1
1,0.4523967611503113,0,0
0,0.07737264269498234,0,0
1,0.20941752782325876,0,0
1,0.5198805250745331,1,1
0,0.1282952080139357,0,0
0,0.5919416244334165,1,1
0,0.11745018241425093,0,0
0,0.06611017090328217,0,0
0,0.30085260726135415,0,0
0,0.208441276733813,0,0
0,0.4795032917027208,0,1
0,0.07075383088771,0,0
0,0.4429988956752401,0,0
1,0.8590526262653665,1,1
0,0.696421086579103,1,1
1,0.7714261558484293,1,1
0,0.6618023763800381,1,1
1,0.4912319720388648,0,1
0,0.7008667423093845,1,1
0,0.7232965304729329,1,1
0,0.20396439738897865,0,0
0,0.3127012857555044,0,0
0,0.10413108880160424,0,0
1,0.4937269231165251,0,1
0,0.576413683275328,1,1
1,0.47977114595291936,0,1
0,0.19975779373358113,0,0
0,0.44738797248012374,0,0
0,0.3308378427024149,0,0
0,0.23438308202182365,0,0
1,0.12762806933442267,0,0
1,0.8006494750656111,1,1
0,0.35050107853544393,0,0
0,0.19413984670501205,0,0
0,0.10471876107589961,0,0
0,0.1108371916028607,0,0
1,0.6251392990741388,1,1
0,0.101263278332753,0,0
0,0.07731274853829169,0,0
0,0.046661736351218806,0,0
1,0.8049135808284166,1,1
0,0.3206486134280213,0,0
1,0.8909160901037146,1,1
0,0.8032599597806555,1,1
0,0.11043706143163627,0,0
1,0.8987915822821391,1,1
0,0.31106711300145784,0,0
0,0.10576737389055953,0,0
1,0.6299745691794674,1,1
0,0.27374260398290323,0,0
0,0.04211258462625754,0,0
0,0.2912939854077825,0,0
1,0.34022466878045915,0,0
0,0.27089219062525727,0,0
0,0.058719440242868154,0,0
1,0.8124112794445203,1,1
1,0.5064558205187671,1,1
0,0.26652788578110775,0,0
0,0.281995201474521,0,0
1,0.5682671329052861,1,1
0,0.11397294550954892,0,0
0,0.4218149065564083,0,0
1,0.8807472702515172,1,1
1,0.7704756292999192,1,1
0,0.2720937070344375,0,0
0,0.17794667974139222,0,0
1,0.22403195103737159,0,0
0,0.5419713090694687,1,1
0,0.28124232944150296,0,0
1,0.9123163450601958,1,1
0,0.07391307554602668,0,0
1,0.698095247485332,1,1
0,0.687435735576749,1,1
1,0.6958383976683158,1,1
1,0.6449834166385269,1,1
0,0.7179928545535356,1,1
0,0.2872374244239651,0,0
0,0.46003068406249464,0,0
1,0.9190622855994475,1,1
1,0.32543188281408714,0,0
0,0.13123494597117774,0,0
0,0.03808052415474697,0,0
0,0.0648118844455783,0,0
1,0.7867247091208209,1,1
0,0.23487373819326,0,0
0,0.5857326646227324,1,1
0,0.13715662969769357,0,0
0,0.04667330220422912,0,0
1,0.8398530019950033,1,1
1,0.7555111173910594,1,1
0,0.7899706174116808,1,1
1,0.27915533916994084,0,0
1,0.6959245534561559,1,1
0,0.2330386306348383,0,0
0,0.41901380163972496,0,0
1,0.8140911653466641,1,1
0,0.08101006704458898,0,0
1,0.6654418454535499,1,1
0,0.07837639454079377,0,0
1,0.5178170851218896,1,1
0,0.39887339485977097,0,0
0,0.30461516120745813,0,0
1,0.6784200702716395,1,1
0,0.8191808259363413,1,1
1,0.8622850623027839,1,1
1,0.6066690004033926,1,1
0,0.24270217775631994,0,0
0,0.6275547946703534,1,1
0,0.321049530275108,0,0
0,0.3654967358262095,0,0
0,0.6518186075738208,1,1
0,0.6241946934899195,1,1
0,0.6504482614539635,1,1
0,0.15380391621774173,0,0
0,0.680596642284242,1,1
0,0.19390370836518828,0,0
0,0.07180380389555072,0,0
0,0.19462740807041537,0,0
0,0.1778343219954002,0,0
0,0.3757442634301874,0,0
0,0.4516510090296154,0,0
0,0.09476694752055465,0,0
0,0.10740723793542938,0,0
0,0.30927019863566413,0,0
0,0.13166818561168805,0,0
0,0.4065415505258367,0,0
0,0.36708916207184,0,0
0,0.6730312093892404,1,1
0,0.0810662245456121,0,0
0,0.2482086808591455,0,0
1,0.9156053515149216,1,1
0,0.33225148790874326,0,0
0,0.12496409036473397,0,0
1,0.48339727882675704,0,1
0,0.38804518159651125,0,0
1,0.5979353785418171,1,1
0,0.22126173105874286,0,0
0,0.0728381437655548,0,0
1,0.24443071540946432,0,0
0,0.11230376653891216,0,0
0,0.1600203015573361,0,0
0,0.2536026805905767,0,0
0,0.7181187353177031,1,1
0,0.5075769401688268,1,1
1,0.18571873331161112,0,0
1,0.7981467958221504,1,1
1,0.8944877109905478,1,1
1,0.9561241399777983,1,1
0,0.09418797570371715,0,0
1,0.8906228325409348,1,1
1,0.3576180830019107,0,0
1,0.7825771540742199,1,1
1,0.7386387641874661,1,1
0,0.17232860188716065,0,0
1,0.10548592786838668,0,0
0,0.3486922636251476,0,0
0,0.5643163842293722,1,1
1,0.5828095763786123,1,1
0,0.7632207366690693,1,1
1,0.45494815878655315,0,0
1,0.5239546380412762,1,1
1,0.46239012232752896,0,0
0,0.3088389155563375,0,0
1,0.2865142518806886,0,0
0,0.5664846049838627,1,1
1,0.6879455506336538,1,1
0,0.8570061851152252,1,1
0,0.27283207471003185,0,0
1,0.8553983071018822,1,1
0,0.1445909221957268,0,0
0,0.3535255834235469,0,0
0,0.4310988139820887,0,0
0,0.5656610820166285,1,1
0,0.356140730838192,0,0
0,0.6143280989008306,1,1
0,0.4013879625682821,0,0
1,0.6423891943980788,1,1
0,0.05273191416559329,0,0
1,0.7310341436203327,1,1
1,0.9573935122418746,1,1
1,0.5594736812460409,1,1
0,0.16710893237412763,0,0
0,0.2462914032335881,0,0
1,0.20019502278330886,0,0
0,0.8676864140011724,1,1
0,0.913605304084648,1,1
0,0.1059714292502025,0,0
0,0.241063755391032,0,0
1,0.8720824832012879,1,1
1,0.7264696140920258,1,1
1,0.8542072371985707,1,1
0,0.11000522229128036,0,0
0,0.25362741180130344,0,0
1,0.8191926103948097,1,1
0,0.714732899528767,1,1
0,0.41543356309944185,0,0
0,0.8144038482629016,1,1
1,0.6973314466842317,1,1
0,0.15095914876494207,0,0
1,0.04100042608445661,0,0
0,0.20529111820698587,0,0
0,0.27586696618671314,0,0
1,0.7217976868218395,1,1
0,0.16037783893362845,0,0
1,0.8649279862249099,1,1
0,0.44378411546521973,0,0
1,0.3917607405534178,0,0
0,0.31446141204328676,0,0
1,0.7171070385113031,1,1
1,0.3741797995060124,0,0
1,0.8397968052506534,1,1
0,0.623007091370294,1,1
0,0.3585885747733103,0,0
0,0.23550792809959373,0,0
1,0.6911940655682687,1,1
0,0.0870864945574321,0,0
0,0.21690440896542101,0,0
0,0.47697834858597804,0,1
0,0.5869307521599665,1,1
1,0.6845344912608943,1,1
1,0.3911481432039389,0,0
0,0.1735639087538242,0,0
1,0.5539173595682292,1,1
0,0.41684818926934614,0,0
0,0.5100282045304259,1,1
0,0.48252294133295054,0,1
0,0.2969525420684019,0,0
1,0.811951218382431,1,1
0,0.49573498722259385,0,1
1,0.770927831493345,1,1
0,0.061226986021401295,0,0
0,0.362854162979572,0,0
0,0.13172432138872767,0,0
1,0.8071229473013766,1,1
0,0.42030778090226467,0,0
0,0.4267322203506202,0,0
1,0.4263387083463488,0,0
0,0.3519428586832105,0,0
0,0.18614812008825157,0,0
0,0.1429752343882242,0,0
1,0.8505625554963769,1,1
1,0.8810461605076724,1,1
0,0.17238384145694333,0,0
0,0.09209047599284656,0,0
0,0.09634649425901201,0,0
0,0.12946137505612235,0,0
0,0.0984064957654445,0,0
1,0.3712847608063503,0,0
1,0.3069529217206211,0,0
1,0.534859040523501,1,1
1,0.46729831687851836,0,0
0,0.38865586640731487,0,0
1,0.23280512430843267,0,0
1,0.36959159283512133,0,0
1,0.9040864524181806,1,1
1,0.2805317204626213,0,0
0,0.18023366628229928,0,0
0,0.08045053619103952,0,0
0,0.684325227221463,1,1
0,0.4491943700879355,0,0
0,0.5544891403422192,1,1
0,0.8672956651353012,1,1
0,0.250539686632299,0,0
0,0.06825052247436426,0,0
1,0.8683988777852858,1,1
0,0.7154833054721776,1,1
0,0.3357482974392421,0,0
1,0.4223168375599165,0,0
0,0.20303040766628552,0,0
0,0.12449947926017144,0,0
1,0.46965785494488527,0,0
1,0.9380578316184474,1,1
0,0.7758035170216513,1,1
0,0.10390860732740236,0,0
0,0.27392095429868013,0,0
0,0.4411961595218743,0,0
0,0.4921091118085397,0,1
1,0.32870982229745094,0,0
1,0.4981070496136107,0,1
0,0.17314784727270374,0,0
1,0.8680693519418466,1,1
0,0.167527999225454,0,0
1,0.7186629723918784,1,1
0,0.09689419141877446,0,0
0,0.14581629509525323,0,0
1,0.6289396708769398,1,1
0,0.14593369610012977,0,0
1,0.8870448709968324,1,1
1,0.7902332150596432,1,1
0,0.46843756989804003,0,0
1,0.38810415888826183,0,0
1,0.687891507856162,1,1
0,0.4336272492291944,0,0
0,0.24131318757220033,0,0
0,0.09518491211735192,0,0
1,0.77611733014925,1,1
0,0.34297692258551027,0,0
0,0.05860225193846455,0,0
0,0.1846014777615242,0,0
0,0.7867190157356507,1,1
0,0.4958451465499716,0,1
1,0.9031385833207373,1,1
1,0.3452081025268593,0,0
0,0.20791954262130197,0,0
1,0.4263977760674704,0,0
1,0.29471618934741056,0,0
0,0.21406332056155367,0,0
0,0.18845803563641525,0,0
1,0.8565921164226781,1,1
0,0.8359711006772758,1,1
0,0.7000628149682271,1,1
0,0.09264285187744986,0,0
0,0.41979951558315715,0,0
0,0.6631474173302526,1,1
1,0.8640906500975044,1,1
0,0.6394586657701723,1,1
0,0.34785358849026,0,0
0,0.8195912093904317,1,1
1,0.49579034952942697,0,1
0,0.41669195149836,0,0
1,0.32990769970532796,0,0
0,0.5098021041712545,1,1
0,0.13822769282160247,0,0
1,0.4688131566957194,0,0
1,0.6008396608317061,1,1
0,0.3803092249950411,0,0
1,0.7859456769725717,1,1
0,0.16209622296985582,0,0
0,0.6973483189095084,1,1
0,0.1628370335049024,0,0
1,0.5812768710399089,1,1
0,0.07537317512222542,0,0
0,0.08754995859794161,0,0
1,0.5108873902124867,1,1
0,0.24330668683053952,0,0
0,0.4339116999662093,0,0
0,0.7999944553022684,1,1
1,0.4509502234504157,0,0
1,0.7260513339047738,1,1
1,0.8564799768145069,1,1
0,0.30399199533329396,0,0
0,0.1802947191084759,0,0
0,0.6496114240972602,1,1
1,0.37326236959476056,0,0
0,0.6368277024703934,1,1
0,0.12198109745233303,0,0
0,0.036855553286450585,0,0
1,0.5909279014227955,1,1
1,0.27381775701526745,0,0
0,0.9401534514643234,1,1
0,0.5398292088018745,1,1
0,0.39766816418135764,0,0
0,0.8250338827304358,1,1
1,0.5920299964085471,1,1
0,0.17776210141333162,0,0
0,0.14734638493742416,0,0
0,0.7128503431712545,1,1
0,0.9328826919254642,1,1
0,0.47386406313477364,0,1
0,0.19019971469443814,0,0
1,0.42946870080644156,0,0
0,0.7665078777758633,1,1
0,0.5951358950120728,1,1
0,0.2797429162469247,0,0
0,0.568519046257345,1,1
1,0.6778174694003033,1,1
0,0.5758133536238255,1,1
0,0.15762651658364576,0,0
0,0.10861699540251196,0,0
0,0.7646710939162132,1,1
0,0.04964767710052607,0,0
0,0.32855966260980984,0,0
1,0.8674910115891025,1,1
0,0.33147501125224493,0,0
0,0.4055215211134263,0,0
1,0.8559863868756146,1,1
0,0.07306298613105029,0,0
1,0.5279484058566106,1,1
1,0.7976195804949856,1,1
1,0.6456266783132892,1,1
0,0.19885986213682877,0,0
0,0.09100528910661886,0,0
1,0.7250828556188748,1,1
0,0.05405340360180347,0,0
0,0.6445569542368323,1,1
1,0.424949646595829,0,0
1,0.3241830540986562,0,0
1,0.48734824693613216,0,1
0,0.3420643928818255,0,0
0,0.06684892711655689,0,0
1,0.8348740224946417,1,1
0,0.19680215040759552,0,0
1,0.8615272669589221,1,1
0,0.19008438896912644,0,0
0,0.12243091789239689,0,0
1,0.8604084709204505,1,1
0,0.16054532937817456,0,0
0,0.43601278309500496,0,0
0,0.36163053882165686,0,0
0,0.3393110125386256,0,0
0,0.29669352786890024,0,0
0,0.5296274372013612,1,1
0,0.18176197133730806,0,0
0,0.4890615201197692,0,1
0,0.28383695562758166,0,0
0,0.270425608641405,0,0
0,0.2072025420312661,0,0
1,0.8991939862088362,1,1
0,0.1870847918257565,0,0
0,0.41621099752408813,0,0
0,0.7764941772521774,1,1
0,0.6576016752589318,1,1
1,0.7469432989821659,1,1
0,0.08505850464447336,0,0
0,0.9079483602143054,1,1
0,0.6418822309567855,1,1
0,0.3411970058823542,0,0
0,0.7415366405819942,1,1
0,0.3344751287710849,0,0
0,0.5128725427550448,1,1
0,0.6510180128557304,1,1
0,0.18730175199229046,0,0
0,0.39650407637472007,0,0
1,0.7489327408313938,1,1
0,0.7955334694514203,1,1
1,0.9374896192226524,1,1
0,0.7764650974273087,1,1
1,0.6954559437358793,1,1
0,0.09031534121013068,0,0
0,0.20841436371825395,0,0
1,0.5467929666557587,1,1
1,0.2121748259651781,0,0
1,0.6305580131530436,1,1
0,0.11195547512769365,0,0
0,0.08511186881251664,0,0
0,0.894560282465683,1,1
1,0.8062345445419511,1,1
0,0.08446936162704351,0,0
0,0.24431202806574046,0,0
1,0.782913253492896,1,1
0,0.6357021210435069,1,1
1,0.6326302630407588,1,1
1,0.5648096298215223,1,1
0,0.530708431154341,1,1
0,0.20798942195215106,0,0
0,0.1647038217713428,0,0
0,0.088014076805377,0,0
0,0.29036727525829414,0,0
1,0.6973099043374418,1,1
1,0.3504669754265842,0,0
1,0.7717052030112795,1,1
0,0.09846299135461554,0,0
0,0.19375621822003672,0,0
0,0.21466054656964256,0,0
0,0.11945395438562226,0,0
0,0.4843163157439363,0,1
1,0.7926074540828923,1,1
0,0.3874718156529172,0,0
0,0.32471753659742714,0,0
0,0.6074326401471194,1,1
1,0.715617734307818,1,1
0,0.2738917826033504,0,0
0,0.5677693820545195,1,1
0,0.5278994478188475,1,1
1,0.5211317293157527,1,1
1,0.5705331588379108,1,1
0,0.14890774030960569,0,0
0,0.3775366684911852,0,0
1,0.6607660101800978,1,1
0,0.2868898683904274,0,0
0,0.27700180227124677,0,0
0,0.4125244702200968,0,0
0,0.4785225109046033,0,1
1,0.6601635340693308,1,1
1,0.9501434848189447,1,1
1,0.7605102728415084,1,1
1,0.8335708310190786,1,1
0,0.5189704439065034,1,1
1,0.7009251184501101,1,1
1,0.6948097881130637,1,1
0,0.03700785234329943,0,0
0,0.6049521204868362,1,1
0,0.044729205194179326,0,0
1,0.6008013246282133,1,1
0,0.4845631121152948,0,1
0,0.7922731148125821,1,1
0,0.0994012437856039,0,0
0,0.371648902300633,0,0
0,0.7852634256605772,1,1
0,0.6814424298047834,1,1
1,0.5808297128288529,1,1
0,0.2941491317253494,0,0
1,0.8037053786393552,1,1
0,0.2978432801873402,0,0
1,0.8346428668457279,1,1
1,0.758881103459119,1,1
0,0.27323310195053196,0,0
0,0.7849792835000994,1,1
1,0.6776591350379869,1,1
1,0.6323435162932408,1,1
0,0.4654426698802325,0,0
0,0.16355698668390364,0,0
1,0.5986923146751686,1,1
1,0.5141847147491635,1,1
1,0.9150566772640365,1,1
0,0.7379293338909007,1,1
0,0.43059419516371195,0,0
1,0.9366144141163306,1,1
0,0.48440114760586805,0,1
0,0.4637662407124282,0,0
0,0.570772995159911,1,1
0,0.8036582367108811,1,1
1,0.8700747670054032,1,1
1,0.5920032092770442,1,1
0,0.5910148138427782,1,1
0,0.11365963946770015,0,0
1,0.8267011766819524,1,1
0,0.08590287796347387,0,0
1,0.8872450072937833,1,1
1,0.8921099850736285,1,1
0,0.5616107590720754,1,1
0,0.582083102785901,1,1
1,0.4135856018038444,0,0
0,0.12115660296229179,0,0
0,0.29367057907689603,0,0
0,0.20496908726826013,0,0
0,0.09019406628617548,0,0
1,0.8040606011964359,1,1
0,0.13772734890902755,0,0
1,0.5653500221821569,1,1
0,0.32870709769040835,0,0
0,0.4876716977454541,0,1
0,0.4972351593445754,0,1
0,0.170199538238426,0,0
1,0.7944077486833218,1,1
0,0.18026159922748675,0,0
1,0.7382594762435072,1,1
0,0.4054071177459072,0,0
1,0.7423218051682672,1,1
0,0.9054414383719201,1,1
0,0.33018299639606963,0,0
0,0.5679978053859571,1,1
0,0.12730497527392956,0,0
0,0.29128489948918523,0,0
0,0.061070008151744695,0,0
0,0.09438757111437078,0,0
1,0.766479127664388,1,1
0,0.3131148245620032,0,0
1,0.8891957172083459,1,1
0,0.11745999248171266,0,0
0,0.20115265562491433,0,0
0,0.5425071381961714,1,1
1,0.6746745404733467,1,1
1,0.6047885035413536,1,1
0,0.3712177979890196,0,0
0,0.19242793936520539,0,0
0,0.7097606882054155,1,1
0,0.7942773380107456,1,1
1,0.7908441883084003,1,1
1,0.6175883516019229,1,1
1,0.6560478333700543,1,1
0,0.25769244980239847,0,0
0,0.2685613388661925,0,0
0,0.5252084594716528,1,1
1,0.19384178554072823,0,0
1,0.768978647211183,1,1
0,0.5264792025110118,1,1
1,0.05168499553042716,0,0
1,0.718824596062104,1,1
1,0.8513583773217691,1,1
0,0.5490078878996194,1,1
0,0.09946939411585674,0,0
1,0.37397832253272684,0,0
0,0.1456540524787956,0,0
1,0.8250569206488371,1,1
0,0.30938603928597624,0,0
0,0.13955302386232032,0,0
0,0.4605316286089964,0,0
0,0.49019934750670374,0,1
0,0.4218631872325146,0,0
0,0.47312053204918547,0,1
0,0.07711942433444215,0,0
0,0.05949945647297908,0,0
1,0.2570958728588923,0,0
1,0.736473547498508,1,1
0,0.22891451213509945,0,0
1,0.5053368992253349,1,1
0,0.07639903067189023,0,0
0,0.03844640156167659,0,0
1,0.8417065295606188,1,1
0,0.7692215487561932,1,1
0,0.8088328284864629,1,1
0,0.7215722954509178,1,1
0,0.14549249194138913,0,0
0,0.29531863255823537,0,0
0,0.4704693037981837,0,1
1,0.7616511670124916,1,1
0,0.06635478644308226,0,0
0,0.28733870957843927,0,0
0,0.4233960556617958,0,0
1,0.2814203652180826,0,0
1,0.6186328105860728,1,1
1,0.75207788615583,1,1
0,0.7330732779659878,1,1
1,0.3948682168069266,0,0
1,0.8710423918380661,1,1
1,0.922066734137832,1,1
1,0.7847580288487751,1,1
1,0.8210831607634168,1,1
0,0.4848007820525926,0,1
0,0.39088450841228156,0,0
0,0.42791970783449446,0,0
0,0.3602760459236097,0,0
0,0.3476228246749254,0,0
0,0.27615330622762796,0,0
1,0.567356158683228,1,1
0,0.12768252110118478,0,0
1,0.34468224349116444,0,0
1,0.4763041501907991,0,1
0,0.3003567665294887,0,0
1,0.5175762506088871,1,1
1,0.4468621661575142,0,0
1,0.783181457477629,1,1
0,0.2090463738141832,0,0
1,0.7548182407092302,1,1
1,0.9055789049134698,1,1
0,0.3018696304098939,0,0
0,0.19252948268439818,0,0
0,0.7872423818991036,1,1
0,0.32420457987578416,0,0
1,0.8752407589290205,1,1
1,0.7768172976374275,1,1
0,0.7918700663953907,1,1
0,0.7133371144373724,1,1
1,0.2161435667126796,0,0
0,0.33993815540888245,0,0
0,0.19222645643244934,0,0
0,0.1849114531696555,0,0
1,0.6768387466307588,1,1
0,0.08810883346505619,0,0
0,0.4474025303603222,0,0
0,0.12795531990664288,0,0
0,0.16173939524406603,0,0
0,0.7238414735249636,1,1
0,0.6372894360871727,1,1
0,0.4753509179056079,0,1
1,0.6648749758862492,1,1
0,0.17673436371359458,0,0
1,0.7964278894901461,1,1
1,0.6523654749621042,1,1
0,0.040850515734658054,0,0
0,0.35422435327941193,0,0
1,0.6326087985991441,1,1
0,0.6922906698889247,1,1
0,0.2395684847154343,0,0
0,0.9089702575488462,1,1
1,0.9329587460630371,1,1
0,0.6046067665445727,1,1
1,0.8232534449135004,1,1
0,0.4011223293485928,0,0
1,0.5591350188880966,1,1
0,0.12259864778468749,0,0
0,0.23105797606711506,0,0
1,0.2750333461676855,0,0
1,0.6980392588233925,1,1
1,0.8944429702246127,1,1
1,0.8722387854096038,1,1
0,0.14940839309190965,0,0
0,0.3240665132638654,0,0
0,0.353667917277,0,0
1,0.8559831157406141,1,1
0,0.3793657045301636,0,0
1,0.8413361116998358,1,1
0,0.6468101388505398,1,1
0,0.4121593561619029,0,0
0,0.11555532704557052,0,0
0,0.4565123324470464,0,0
0,0.6208929880406406,1,1
0,0.16278264322973238,0,0
0,0.4774275476300843,0,1
0,0.11803982891222409,0,0
1,0.8257264036187213,1,1
0,0.4040281952630788,0,0
0,0.3778914608057458,0,0
1,0.4326543146099622,0,0
1,0.8538673330433105,1,1
1,0.9265887016800036,1,1
0,0.6449114960536585,1,1
0,0.6099349058866984,1,1
0,0.15857380440608332,0,0
1,0.8093477793522058,1,1
0,0.5142692013332887,1,1
0,0.308510285924185,0,0
0,0.12275333299817406,0,0
1,0.9038186281312807,1,1
1,0.3885440926339228,0,0
0,0.4975640732611743,0,1
1,0.3071339103283622,0,0
0,0.2681099090429757,0,0
0,0.7563291027825448,1,1
0,0.22089864534312345,0,0
0,0.5216557247808512,1,1
0,0.11879311617429453,0,0
0,0.09095839938964172,0,0
0,0.5678665368525334,1,1
1,0.6478002328210833,1,1
0,0.3084436259526252,0,0
0,0.28910465122486695,0,0
1,0.3616707979077691,0,0
0,0.14954194037238425,0,0
0,0.4940072009366626,0,1
1,0.4805605259161942,0,1
1,0.23180862488042583,0,0
1,0.8634891676611318,1,1
0,0.7275434604795227,1,1
0,0.16282893234510934,0,0
0,0.6199936852050759,1,1
0,0.40339275110027156,0,0
1,0.7500588053765835,1,1
0,0.29067501767165527,0,0
1,0.6669948158093114,1,1
0,0.0642141198448734,0,0
0,0.10242009441798833,0,0
1,0.46199346492200477,0,0
1,0.6908717408448306,1,1
0,0.21032525294322332,0,0
0,0.34872792547156034,0,0
0,0.3980306177718411,0,0
1,0.7885951818333051,1,1
1,0.7256808313350275,1,1
1,0.7512829913593484,1,1
0,0.6184947071216684,1,1
0,0.0916232590036329,0,0
1,0.6925591336900695,1,1
0,0.6506092602685619,1,1
0,0.8764911163987058,1,1
0,0.49355954996368295,0,1
0,0.08012791998926085,0,0
0,0.06579264739378832,0,0
1,0.57465691557311,1,1
1,0.4790618904772234,0,1
0,0.6574642903365604,1,1
0,0.12675104755127445,0,0
1,0.7265704712549642,1,1
0,0.8420831162587065,1,1
0,0.19013969023037838,0,0
1,0.7318235201439672,1,1
1,0.45425318668498305,0,0
0,0.3664031640892248,0,0
0,0.04155561581624505,0,0
1,0.48280871197625014,0,1
0,0.32572035812618916,0,0
0,0.45593076696098445,0,0
1,0.786196356086721,1,1
0,0.37638108685488325,0,0
1,0.3059907440460752,0,0
0,0.15120393430975332,0,0
0,0.30515976393758965,0,0
1,0.5564332166540886,1,1
1,0.9137023936528186,1,1
0,0.0694878086454782,0,0
1,0.8579843059937676,1,1
0,0.5549271760031628,1,1
0,0.7768920204440662,1,1
0,0.11237988230058822,0,0
0,0.22743051371615736,0,0
0,0.21066788204649564,0,0
1,0.6634628047581539,1,1
0,0.31568247691879237,0,0
1,0.3915305049483466,0,0
0,0.28250855720232304,0,0
0,0.339218173936765,0,0
1,0.3282857671510461,0,0
0,0.4303972543957435,0,0
0,0.766771345007506,1,1
1,0.2840323345997287,0,0
1,0.8244100251424009,1,1
0,0.5062389153504333,1,1
0,0.8293893458819963,1,1
1,0.6261278292644904,1,1
0,0.37903135815884514,0,0
0,0.05889838184105394,0,0
0,0.13738762546162364,0,0
0,0.15288486539934515,0,0
0,0.28358550929805154,0,0
0,0.21554072322639978,0,0
0,0.5063843495993787,1,1
1,0.8757113545544719,1,1
1,0.16465443875606486,0,0
0,0.3571519398400308,0,0
1,0.8687554988843273,1,1
0,0.1778700020530167,0,0
1,0.8308329649122995,1,1
1,0.8569241469235709,1,1
0,0.10606708902403753,0,0
0,0.5222485151204355,1,1
1,0.4415832648186551,0,0
0,0.14368061721441092,0,0
0,0.12592945910368772,0,0
1,0.9454586451872624,1,1
0,0.3221876021434281,0,0
0,0.4790488990982284,0,1
0,0.778828119240984,1,1
0,0.06761912968808512,0,0
0,0.0929330076182119,0,0
0,0.2189193766262015,0,0
0,0.287224409968509,0,0
0,0.3393159601522544,0,0
1,0.7347216322870398,1,1
0,0.18280620265276465,0,0
1,0.623682721250812,1,1
0,0.0312568318133354,0,0
0,0.1319624329296935,0,0
0,0.11984850421041429,0,0
0,0.1626699696489871,0,0
1,0.3711302964904377,0,0
0,0.46917508239789685,0,0
0,0.36729716510443344,0,0
1,0.5906785931196704,1,1
0,0.04080122252280281,0,0
0,0.12369481269656299,0,0
0,0.5050274495189084,1,1
0,0.3272076866800329,0,0
0,0.21303969752160493,0,0
0,0.5273819322559536,1,1
0,0.3339727814359982,0,0
0,0.7318636485666197,1,1
0,0.7833022730007893,1,1
1,0.9489547935906679,1,1
0,0.12602335324589312,0,0
0,0.07672293680951778,0,0
0,0.13688954077233464,0,0
1,0.8815970224796104,1,1
0,0.09369838763530024,0,0
0,0.4620355491773217,0,0
0,0.5926582786548589,1,1
1,0.7763136244002605,1,1
0,0.5566290831534277,1,1
1,0.4998580488341275,0,1
0,0.3248545119316674,0,0
0,0.2405756769380237,0,0
0,0.17008378808021563,0,0
1,0.3152682697832037,0,0
1,0.7958544419323221,1,1
1,0.21671779515164702,0,0
0,0.4331926428373089,0,0
0,0.8967577360264999,1,1
0,0.19722280396402891,0,0
0,0.6981149409148734,1,1
0,0.8874893684516258,1,1
0,0.3259785372320693,0,0
0,0.30073975153579063,0,0
0,0.23884266954904088,0,0
0,0.5623676820122203,1,1
0,0.31608209891116146,0,0
1,0.7016811956777349,1,1
0,0.3277777730360022,0,0
1,0.5810676593661401,1,1
1,0.6323673914794125,1,1
1,0.6788666398791634,1,1
0,0.32284373551922757,0,0
0,0.10454244855956407,0,0
0,0.7619311340111412,1,1
0,0.6848916422199546,1,1
0,0.11369648017382399,0,0
1,0.7817029667449221,1,1
0,0.11910160848023041,0,0
0,0.3180660647770842,0,0
1,0.7575178954396007,1,1
1,0.9079534419058988,1,1
1,0.9185353524470157,1,1
0,0.5402851703515289,1,1
1,0.7592445636749287,1,1
0,0.46947594737896026,0,0
0,0.4928514872611644,0,1
0,0.6400253314582982,1,1
0,0.5799054255340855,1,1
1,0.7485170619514501,1,1
0,0.4674532565915611,0,0
0,0.13797345336256633,0,0
0,0.3603442932464058,0,0
0,0.44409262145850736,0,0
0,0.8313547942302257,1,1
1,0.5219856717406233,1,1
1,0.6346680475708131,1,1
0,0.40834197794843713,0,0
0,0.5022779721380796,1,1
1,0.8290290414360153,1,1
1,0.8994930185957446,1,1
0,0.7125338091843361,1,1
1,0.570154830476552,1,1
0,0.17490659900438005,0,0
1,0.8482885110649919,1,1
1,0.296994897110194,0,0
0,0.31526425165305916,0,0
0,0.5675219757142357,1,1
0,0.09652706580234627,0,0
1,0.5024083594099347,1,1
1,0.8966207929404555,1,1
1,0.8502351582516262,1,1
1,0.4280964996218604,0,0
1,0.10389755039104016,0,0
1,0.5926298603350637,1,1
0,0.717231244721916,1,1
1,0.7696801049247775,1,1
0,0.3202080690240053,0,0
1,0.9048533816154999,1,1
1,0.3294379752777464,0,0
0,0.3581433157869242,0,0
0,0.24696620373660072,0,0
0,0.654302401673143,1,1
0,0.04296394844409357,0,0
1,0.5648921616236943,1,1
1,0.8253832611095702,1,1
0,0.5580831764016181,1,1
0,0.7116673952521295,1,1
1,0.2045808784413938,0,0
1,0.5697683358628334,1,1
1,0.22225078558662892,0,0
0,0.27660535592970925,0,0
1,0.4577441931017221,0,0
0,0.7343153613995319,1,1
0,0.7079107687981839,1,1
1,0.467914780409933,0,0
1,0.5678695403241794,1,1
1,0.3927020231911854,0,0
1,0.352817260194747,0,0
0,0.5500917498325631,1,1
1,0.3980370540650543,0,0
1,0.644734504399093,1,1
1,0.4369010455036816,0,0
1,0.6609695193911742,1,1
1,0.6965349671248925,1,1
0,0.146415838946577,0,0
1,0.830330027234606,1,1
0,0.2165751764620321,0,0
0,0.47442119315592274,0,1
1,0.8722316384917128,1,1
0,0.5543419404809918,1,1
0,0.21632119485568527,0,0
0,0.9025599389319049,1,1
0,0.39987180772173164,0,0
1,0.7834954764468056,1,1
0,0.20946350976029907,0,0
1,0.7169321612855076,1,1
0,0.7036766955880159,1,1
0,0.1385596185117011,0,0
0,0.5915531837604925,1,1
1,0.5837680675073231,1,1
1,0.5983269709254196,1,1
0,0.1444443370139642,0,0
0,0.06234036653088619,0,0
0,0.1748214969815788,0,0
1,0.8006792539756521,1,1
1,0.859723136451964,1,1
1,0.3528578334911191,0,0
0,0.1697619544637938,0,0
0,0.7155163015239963,1,1
0,0.14124273569490303,0,0
0,0.3913685055484259,0,0
1,0.795973570876672,1,1
0,0.30968602268979234,0,0
0,0.433750523726819,0,0
0,0.25800928343035257,0,0
0,0.717371272027595,1,1
0,0.16118364310717492,0,0
1,0.948539105928448,1,1
0,0.135393755315647,0,0
0,0.9391772885544052,1,1
1,0.7906437389702898,1,1
1,0.2736148523799137,0,0
1,0.828568570618745,1,1
1,0.5639067561456838,1,1
0,0.20681660100108756,0,0
0,0.298195652215105,0,0
1,0.82257449594472,1,1
0,0.046971377404177804,0,0
0,0.2830332907890548,0,0
0,0.35654400362462163,0,0
0,0.6349079615205641,1,1
1,0.7102919471089368,1,1
0,0.8739286471913188,1,1
0,0.06942636100463156,0,0
1,0.10844067817396955,0,0
1,0.4706390186689345,0,1
1,0.8340681237212062,1,1
0,0.44769661891841744,0,0
1,0.45156933866299426,0,0
1,0.21675059498696564,0,0
1,0.9244874795654945,1,1
1,0.8379312748366817,1,1
0,0.09331163834440653,0,0
1,0.3279071868421356,0,0
0,0.6560521003484476,1,1
1,0.32575079928632783,0,0
1,0.3662930603194882,0,0
1,0.5307114917050388,1,1
1,0.8717182110444156,1,1
1,0.5345361875409629,1,1
0,0.49429265538341544,0,1
1,0.11015819732026272,0,0
0,0.41124661532539236,0,0
0,0.22642897637848602,0,0
0,0.11474110205520278,0,0
0,0.12057976389380473,0,0
0,0.2151523832240664,0,0
1,0.17664201594892792,0,0
1,0.9334397859406801,1,1
0,0.6441471129449163,1,1
1,0.5828353055734397,1,1
0,0.2260594293463056,0,0
0,0.2876738037046806,0,0
1,0.203778636200768,0,0
0,0.20472297208651274,0,0
1,0.821266947859869,1,1
0,0.4367949729892843,0,0
0,0.38997625774250727,0,0
0,0.35696205809525583,0,0
0,0.6777735220941891,1,1
0,0.6544739195901605,1,1
0,0.3629957120522509,0,0
0,0.24376669014416238,0,0
0,0.18015798942546157,0,0
0,0.11850738652040092,0,0
0,0.5540164017235033,1,1
0,0.7145726213027404,1,1
1,0.2183902748860852,0,0
1,0.8207787078318979,1,1
0,0.19613420979737836,0,0
1,0.34550355079326445,0,0
1,0.7926448107082756,1,1
0,0.04817841181588804,0,0
0,0.1818551301278047,0,0
1,0.4608185003777363,0,0
0,0.20654970318909857,0,0
0,0.47270759075005786,0,1
1,0.7684281807217765,1,1
1,0.9058906100278297,1,1
0,0.1507772234273372,0,0
1,0.56742107048487,1,1
0,0.5648237495025614,1,1
0,0.4374376791471173,0,0
0,0.10566229992056768,0,0
1,0.8524914789538113,1,1
1,0.796751262055265,1,1
0,0.4969126221477055,0,1
0,0.8139452839095782,1,1
0,0.9515771313920056,1,1
0,0.8992121491306754,1,1
1,0.30285021040835297,0,0
0,0.10802596035323901,0,0
0,0.14268465899251698,0,0
0,0.20659804646446722,0,0
1,0.3940268192687961,0,0
1,0.6367822463218656,1,1
1,0.5449457830861748,1,1
0,0.08131728027913286,0,0
1,0.9099016335494046,1,1
1,0.799459301369759,1,1
1,0.7423073088411081,1,1
1,0.4316218505383803,0,0
0,0.23606981654893197,0,0
0,0.39969186892954733,0,0
1,0.8632742120729331,1,1
0,0.29269114599187096,0,0
0,0.7141151142634629,1,1
0,0.4728370827797935,0,1
0,0.35106850546207885,0,0
1,0.824933189451442,1,1
0,0.5502271405149082,1,1
0,0.23331210571940836,0,0
1,0.5700474022091077,1,1
0,0.8584971347969667,1,1
1,0.6740208481818364,1,1
1,0.8538276377349842,1,1
0,0.11232891205664125,0,0
0,0.5578324511655058,1,1
0,0.08063046817426854,0,0
0,0.3254718680637652,0,0
0,0.4047356067753911,0,0
0,0.24908874397942707,0,0
1,0.6228002730717327,1,1
0,0.3449132086854976,0,0
0,0.8378397704446975,1,1
0,0.20444023696813213,0,0
0,0.41032755519534425,0,0
1,0.7734166949153168,1,1
0,0.49287347679245685,0,1
0,0.1034161691553135,0,0
1,0.8585511101651352,1,1
0,0.5283577075036278,1,1
0,0.08719070807398903,0,0
0,0.5644637414440795,1,1
0,0.43250851742000995,0,0
0,0.19717244560123023,0,0
1,0.9331222097190308,1,1
1,0.5275555958884626,1,1
0,0.7335052239195845,1,1
0,0.28558722793132746,0,0
0,0.2873065630490894,0,0
1,0.7707446005557481,1,1
1,0.6857803534552825,1,1
0,0.7417529263151199,1,1
0,0.7410862515776746,1,1
1,0.8697197828059672,1,1
0,0.1983700338346274,0,0
1,0.761171711479875,1,1
0,0.3416332119479624,0,0
1,0.6409661717105127,1,1
0,0.3799188667939262,0,0
0,0.022630363682658302,0,0
0,0.45969564427158727,0,0
0,0.7630075701774235,1,1
1,0.7739493733989528,1,1
1,0.7736959472204554,1,1
0,0.7502409660112765,1,1
1,0.7080674292164777,1,1
0,0.8115981471818507,1,1
0,0.04793868657831751,0,0
0,0.3309308705085822,0,0
0,0.12543600823037304,0,0
0,0.18699589303333397,0,0
0,0.44703958633837776,0,0
0,0.7360602180367877,1,1
0,0.6005287062547816,1,1
0,0.7100470368964458,1,1
0,0.21425212302258917,0,0
1,0.6157844849430708,1,1
0,0.3626126600489835,0,0
0,0.6577147391423603,1,1
1,0.885474348044573,1,1
0,0.40924888699072987,0,0
1,0.7922959208694917,1,1
0,0.3396551815972698,0,0
0,0.06830610460643492,0,0
1,0.23570593604006826,0,0
0,0.7483412426772589,1,1
0,0.6356751665898307,1,1
1,0.16526070376752575,0,0
0,0.18626299197031143,0,0
0,0.12797747988877128,0,0
1,0.7114469477069295,1,1
0,0.5899379931070391,1,1
1,0.1305170205507476,0,0
0,0.8215327003340962,1,1
1,0.8562754097485099,1,1
0,0.212403413610187,0,0
0,0.6951343545929738,1,1
1,0.6819620115675682,1,1
1,0.8073458067094116,1,1
0,0.8564558578521898,1,1
0,0.2277771450786342,0,0
1,0.09690425197917214,0,0
0,0.10627947137677202,0,0
1,0.805057609019579,1,1
1,0.9401030499593912,1,1
1,0.7591154723044068,1,1
0,0.18411527455395135,0,0
0,0.5765812206842013,1,1
0,0.149311056555614,0,0
1,0.7050899328989461,1,1
1,0.7050144872637981,1,1
0,0.6024301206691487,1,1
0,0.08986423308280708,0,0
0,0.08939013959813837,0,0
0,0.7843516062638747,1,1
0,0.4638370977854019,0,0
0,0.11867075315755837,0,0
1,0.900167875840866,1,1
1,0.6737726968317659,1,1
1,0.6597656422794205,1,1
0,0.18901957125562394,0,0
1,0.8573604100155482,1,1
1,0.7723678391385144,1,1
0,0.3320576298009287,0,0
1,0.7798348287714731,1,1
1,0.2777261927716665,0,0
0,0.29871483665573295,0,0
1,0.7745191966210343,1,1
0,0.29759779444434675,0,0
0,0.521025454364646,1,1
1,0.5655901259763894,1,1
0,0.21946342959035914,0,0
0,0.31712034962495766,0,0
0,0.35567956727164446,0,0
0,0.22011879781506533,0,0
0,0.21150143007955266,0,0
0,0.358802295853629,0,0
0,0.8842615379566987,1,1
1,0.3176120556720784,0,0
0,0.2642742419647821,0,0
1,0.8693502291578045,1,1
0,0.6794127719058038,1,1
0,0.5386178808060619,1,1
0,0.23880341438842964,0,0
0,0.8008088424985212,1,1
0,0.4029439866707857,0,0
1,0.7129213127301027,1,1
0,0.4804239433848008,0,1
1,0.11996125597846476,0,0
0,0.24823064285707208,0,0
0,0.18200536505305626,0,0
0,0.2635886734555998,0,0
0,0.07738173165017119,0,0
1,0.9134236526584741,1,1
1,0.4907453467096022,0,1
0,0.075118771860521,0,0
0,0.6027920917614537,1,1
0,0.21388207163579834,0,0
0,0.5088861452839809,1,1
0,0.09103881110624329,0,0
0,0.5315203526070984,1,1
1,0.6813003023188211,1,1
0,0.4499309455202416,0,0
0,0.6442873099188571,1,1
1,0.8289545747888049,1,1
0,0.3421953894464506,0,0
0,0.10577913947476192,0,0
0,0.6859800759818062,1,1
0,0.46487070082405746,0,0
1,0.595069953634985,1,1
0,0.2908347363229667,0,0
0,0.24336618301833696,0,0
0,0.15267983006535532,0,0
0,0.1355132533104965,0,0
0,0.6245904824849247,1,1
0,0.08823954969836711,0,0
1,0.724154485254926,1,1
0,0.061720211414673466,0,0
1,0.12801967874151562,0,0
0,0.5788263825142954,1,1
0,0.6584236267847121,1,1
1,0.6369654134034279,1,1
1,0.5675364736564358,1,1
0,0.39061267004309913,0,0
1,0.77926867035171,1,1
0,0.1558671427024275,0,0
1,0.9325909695667947,1,1
1,0.5710977642917563,1,1
1,0.9374631150204858,1,1
1,0.9748460322225383,1,1
0,0.3043640130516155,0,0
0,0.30096242578386423,0,0
1,0.6497413593853498,1,1
0,0.5251500088378924,1,1
0,0.12475748591191275,0,0
0,0.12051997584860952,0,0
1,0.4651262592409213,0,0
0,0.1680491166849179,0,0
1,0.3978076730140596,0,0
1,0.7654335972803843,1,1
1,0.7619995554806851,1,1
1,0.895902034352196,1,1
1,0.9235177890805522,1,1
0,0.2679041515172788,0,0
0,0.08248771916017955,0,0
1,0.35948311650031894,0,0
0,0.15693348088245898,0,0
0,0.7575807621720012,1,1
0,0.49135949585096267,0,1
0,0.5467302173241494,1,1
1,0.8410529783079184,1,1
1,0.8450859179357669,1,1
0,0.42153075053059497,0,0
1,0.8289075721126062,1,1
1,0.8567250709855753,1,1
0,0.14978582984774777,0,0
0,0.21693357009499095,0,0
0,0.7964599505175735,1,1
0,0.5415429314251967,1,1
0,0.5578581666843587,1,1
0,0.12999252613485102,0,0
0,0.17060301614233886,0,0
0,0.10318917454010286,0,0
1,0.8665502152129562,1,1
0,0.20364819465461714,0,0
0,0.21085868876975053,0,0
0,0.4510761307998374,0,0
1,0.4871379541378171,0,1
1,0.07072685652526552,0,0
1,0.8575364583298966,1,1
0,0.6947157741367415,1,1
1,0.45839622699009785,0,0
0,0.3575776865902001,0,0
0,0.17155673041632985,0,0
1,0.9001494632292609,1,1
0,0.11554383320130636,0,0
0,0.5747412105596577,1,1
0,0.27998943475285737,0,0
0,0.14323841675552004,0,0
1,0.7215049055292858,1,1
0,0.3995760547637387,0,0
0,0.4504922943053171,0,0
0,0.20914098715903578,0,0
1,0.7597746828298744,1,1
0,0.41684231671527344,0,0
1,0.45377195594308894,0,0
0,0.15989083463814072,0,0
0,0.11283623713533819,0,0
1,0.33575664918026854,0,0
1,0.8168319780677209,1,1
0,0.3754757582145922,0,0
0,0.7349361317324014,1,1
0,0.8103069427360974,1,1
0,0.3366749713641388,0,0
0,0.3521318367070821,0,0
0,0.06832411859361574,0,0
0,0.3837131420027367,0,0
1,0.8331708432837222,1,1
0,0.2719500141245168,0,0
0,0.8719364678758035,1,1
0,0.9013522191040823,1,1
0,0.49357732762773243,0,1
0,0.8013508064076051,1,1
0,0.5225346832363954,1,1
1,0.5009505583412387,1,1
0,0.7001198948956326,1,1
0,0.19900356593147867,0,0
1,0.2734857091804341,0,0
0,0.32394507365317854,0,0
0,0.15387325456035514,0,0
0,0.8637283496142295,1,1
0,0.20782971156359833,0,0
1,0.7465225423774795,1,1
1,0.7648738229122237,1,1
0,0.13963368186885383,0,0
1,0.42553946385615754,0,0
1,0.4701427700173016,0,1
0,0.46288146756867377,0,0
0,0.1273438010492489,0,0
1,0.6163033432305849,1,1
0,0.810698368972832,1,1
1,0.7469414509730381,1,1
1,0.8612112996267267,1,1
0,0.5863099791315549,1,1
1,0.7441273371218402,1,1
0,0.1626108028976744,0,0
1,0.8363581703134494,1,1
1,0.6273967858069192,1,1
1,0.8761675473384026,1,1
0,0.2385089153089528,0,0
1,0.7359447053488287,1,1
0,0.8340668270295328,1,1
0,0.3845541768215064,0,0
0,0.08938572335344824,0,0
0,0.5844203755269498,1,1
0,0.26905435557302004,0,0
1,0.8876682097673565,1,1
1,0.5422039217490363,1,1
0,0.7566613169875623,1,1
0,0.3947370168699872,0,0
0,0.31006192291804135,0,0
1,0.6027034818409607,1,1
1,0.8182618321218469,1,1
0,0.38145123502463174,0,0
1,0.8903286891407052,1,1
0,0.5628134129812068,1,1
1,0.49351238428228883,0,1
0,0.3813753549499706,0,0
0,0.2702445454954393,0,0
1,0.7210012705600896,1,1
1,0.8397618055853843,1,1
0,0.6264201075120557,1,1
1,0.6939023752080272,1,1
0,0.29616496910896595,0,0
0,0.32110132203402675,0,0
0,0.32571300877544107,0,0
0,0.39643029314828065,0,0
0,0.6359642693257719,1,1
0,0.18128661435046511,0,0
0,0.21563330530509192,0,0
1,0.4650126685114615,0,0
1,0.7421351272986645,1,1
0,0.3541316965269339,0,0
0,0.15880345133973361,0,0
0,0.3095658377455757,0,0
0,0.7667248282117427,1,1
1,0.6706178599971077,1,1
0,0.06778612327609441,0,0
0,0.28759099221774215,0,0
0,0.13712474717575138,0,0
1,0.7617881631286675,1,1
0,0.2125340577386451,0,0
0,0.22331362241519462,0,0
1,0.8528114024135842,1,1
0,0.5099487831611862,1,1
0,0.5528333554695835,1,1
0,0.06800173794974568,0,0
0,0.3327014555227495,0,0
0,0.7715181407800515,1,1
0,0.2308282718118266,0,0
1,0.9445201261252768,1,1
0,0.249521631569547,0,0
0,0.2619902598084265,0,0
0,0.1894293288140721,0,0
0,0.1062761005297569,0,0
0,0.42958791788123557,0,0
0,0.6865564022103511,1,1
0,0.23227442919155888,0,0
0,0.2483696576521145,0,0
1,0.9315094188590215,1,1
0,0.38076052474414623,0,0
0,0.21074737766340879,0,0
1,0.8282335737813411,1,1
1,0.5712865742744515,1,1
0,0.06855845616338821,0,0
0,0.18272064221375137,0,0
0,0.09518347021797086,0,0
1,0.6996735763773285,1,1
0,0.27051003342754854,0,0
1,0.6925886130971131,1,1
1,0.201379341796747,0,0
1,0.5207258734240797,1,1
0,0.16940599832506587,0,0
0,0.39480718984602026,0,0
0,0.18952035554122934,0,0
1,0.7841582719186542,1,1
1,0.7559596530143466,1,1
0,0.06493632539541445,0,0
0,0.18594194332957634,0,0
0,0.5120244926864208,1,1
0,0.8249635510898436,1,1
1,0.853160473581199,1,1
1,0.730855179796731,1,1
0,0.575442367704281,1,1
1,0.5160639365743637,1,1
0,0.17161600634133586,0,0
0,0.28965843220460175,0,0
0,0.5854925984640919,1,1
0,0.12084005474994312,0,0
1,0.8636238639663135,1,1
1,0.5738977848647686,1,1
0,0.194892030832962,0,0
1,0.5486318115310983,1,1
0,0.4815357669590039,0,1
0,0.08151139746614239,0,0
0,0.03763125836936273,0,0
0,0.3331853793450253,0,0
0,0.20946147474001295,0,0
0,0.652846349918867,1,1
0,0.4365066805775583,0,0
0,0.10163608012427605,0,0
1,0.6151548329193945,1,1
1,0.4180448269542384,0,0
0,0.8154895416827985,1,1
0,0.14709589573927934,0,0
0,0.4177486123847019,0,0
1,0.7278002628834879,1,1
0,0.10318692781100765,0,0
0,0.45552910986456435,0,0
0,0.41243310302568054,0,0
0,0.4926829735456996,0,1
1,0.8404892700855576,1,1
0,0.5236622201885627,1,1
0,0.4140376181884455,0,0
1,0.6457208537047112,1,1
0,0.13480206107566856,0,0
0,0.2174831108079875,0,0
0,0.3656955440765593,0,0
0,0.650394130010087,1,1
0,0.5904981198862378,1,1
1,0.8708572576032197,1,1
1,0.5343434654374328,1,1
0,0.32551671219565054,0,0
0,0.4909610785771013,0,1
0,0.23884145340079554,0,0
0,0.42643799908958446,0,0
1,0.8509893079637367,1,1
0,0.21853284913032534,0,0
1,0.5399420038715431,1,1
1,0.7915324349987535,1,1
1,0.7772363908054386,1,1
0,0.1819787784408372,0,0
0,0.3059956359340847,0,0
1,0.3602857246257144,0,0
0,0.27446860299351944,0,0
1,0.5949551902655221,1,1
0,0.12935486662145113,0,0
0,0.5607720977887634,1,1
0,0.35305550365923816,0,0
0,0.25541439839478514,0,0
0,0.15565612977343637,0,0
0,0.155689040906537,0,0
0,0.10328182311816182,0,0
0,0.39320878810359544,0,0
1,0.3545199042465834,0,0
0,0.035264663799691495,0,0
1,0.6050392700476727,1,1
0,0.5116304300392626,1,1
1,0.9331996442407335,1,1
0,0.6807498843505811,1,1
1,0.36369954924452924,0,0
1,0.771889843926304,1,1
1,0.8829623167037433,1,1
1,0.9722108736954469,1,1
1,0.7501443242758613,1,1
1,0.8493115438044622,1,1
0,0.37863151147754565,0,0
0,0.8138044450491861,1,1
0,0.44199796434115723,0,0
1,0.481229258584777,0,1
1,0.7998303872971159,1,1
0,0.35640253895033047,0,0
1,0.8350386864751435,1,1
0,0.11378905045781207,0,0
1,0.6033749316926382,1,1
0,0.5556693354939057,1,1
0,0.7899482347799276,1,1
1,0.88235513330144,1,1
0,0.12227596916355277,0,0
1,0.47158511070950543,0,1
0,0.16572106135466821,0,0
1,0.8482109314825563,1,1
1,0.5686276814651717,1,1
1,0.8683063808484093,1,1
1,0.6783519991767404,1,1
0,0.12594099522238095,0,0
0,0.640711711940805,1,1
0,0.13712372403190154,0,0
1,0.8042908221173842,1,1
0,0.0831523713339939,0,0
0,0.6664496881824253,1,1
0,0.21934751141344386,0,0
0,0.15046348655411804,0,0
0,0.5369215413159957,1,1
0,0.13867017016004682,0,0
0,0.25134366932486063,0,0
0,0.06469243731651851,0,0
0,0.9175195085433906,1,1
0,0.13696038288811907,0,0
0,0.17980696810689853,0,0
0,0.46394224602986567,0,0
0,0.34353780295270314,0,0
0,0.5130548365469345,1,1
1,0.7584233850522822,1,1
0,0.05968127931025245,0,0
0,0.1669404234830991,0,0
1,0.0710672583653887,0,0
0,0.24896599402113687,0,0
0,0.2012415889627125,0,0
0,0.10318382326450344,0,0
0,0.24189875622075013,0,0
1,0.9468639476666285,1,1
0,0.058459989284494134,0,0
1,0.7096772749609143,1,1
0,0.13350916319317913,0,0
1,0.844381565033301,1,1
0,0.7593292413792543,1,1
0,0.7411516269002677,1,1
1,0.7937795129225194,1,1
0,0.5679113500514572,1,1
0,0.07582078226340315,0,0
0,0.2939062888760453,0,0
0,0.03639561336598746,0,0
0,0.24694911327512845,0,0
0,0.21591269475292635,0,0
0,0.21880165986274225,0,0
0,0.8465398337592207,1,1
0,0.10944329813551762,0,0
1,0.8941083212119202,1,1
0,0.13953415978827588,0,0
0,0.17580348856706973,0,0
1,0.7774874196153104,1,1
0,0.7173286228235465,1,1
1,0.8802718090602857,1,1
1,0.4515922274307798,0,0
0,0.18777596406470948,0,0
0,0.31157710451460474,0,0
1,0.5219008572479754,1,1
1,0.737899881634665,1,1
1,0.9121186603552757,1,1
0,0.5387780274718171,1,1
0,0.5927459728313434,1,1
1,0.7969270992080023,1,1
1,0.6882919860593646,1,1
1,0.36638720213465403,0,0
0,0.859680467282255,1,1
0,0.15038308839247766,0,0
0,0.38669488860601814,0,0
0,0.18161849092682167,0,0
0,0.2702858014172989,0,0
1,0.8250371225223803,1,1
0,0.32890141963214936,0,0
0,0.15058471368184745,0,0
0,0.24881293187369743,0,0
0,0.3316853776420342,0,0
0,0.21725138203587724,0,0
1,0.5075986838852639,1,1
0,0.8834906211514849,1,1
1,0.6145297868701283,1,1
0,0.8130204166885819,1,1
1,0.7659505116620946,1,1
1,0.7969510820087846,1,1
1,0.6496286042725067,1,1
0,0.13464972103842646,0,0
0,0.6956674891171569,1,1
0,0.10664701775302446,0,0
1,0.48195049543033913,0,1
1,0.8687393605608663,1,1
0,0.1758837427659927,0,0
0,0.08641328721364012,0,0
1,0.3964082184718558,0,0
1,0.7787624336645124,1,1
0,0.2381617074053178,0,0
1,0.8112846465183499,1,1
0,0.5375568747948165,1,1
0,0.3898765732844763,0,0
0,0.0967801483628654,0,0
1,0.8287566290552469,1,1
0,0.7207924421989558,1,1
0,0.2995644276836906,0,0
1,0.8425425000298054,1,1
0,0.14274309186139522,0,0
1,0.9533712625546024,1,1
0,0.36620694737462334,0,0
0,0.08311398253742698,0,0
1,0.7813867828331047,1,1
0,0.1719740182771284,0,0
0,0.635144330456689,1,1
0,0.11664279653568255,0,0
0,0.0938739050511827,0,0
0,0.17844337682978947,0,0
0,0.5051002755952527,1,1
1,0.6649152108370873,1,1
0,0.19901415322310403,0,0
0,0.8247369940421457,1,1
0,0.4265500717740189,0,0
0,0.16485659306170172,0,0
0,0.11375155601727292,0,0
1,0.8225870806669244,1,1
1,0.8580931607071729,1,1
0,0.10819788442905004,0,0
1,0.24663980208530215,0,0
1,0.7994586942959974,1,1
0,0.131025885603726,0,0
0,0.18868650736240378,0,0
0,0.5774413149903496,1,1
1,0.678274319408737,1,1
1,0.15588281177560698,0,0
1,0.8466518643045062,1,1
0,0.06267948969818529,0,0
0,0.5289608779602134,1,1
0,0.20349808044718246,0,0
0,0.29511348272725785,0,0
0,0.30492809204194776,0,0
0,0.3518975503114429,0,0
0,0.2715957346017662,0,0
0,0.44434624129080846,0,0
0,0.2659593419229077,0,0
0,0.3819835632974557,0,0
1,0.924428177130039,1,1
0,0.11684401516371283,0,0
1,0.1267204687737601,0,0
1,0.7778916891078933,1,1
0,0.07108013462588611,0,0
0,0.7970301238245873,1,1
0,0.15557061498239708,0,0
0,0.43523980832757214,0,0
0,0.07054573885498623,0,0
0,0.16161321802526893,0,0
0,0.2548031725011361,0,0
0,0.19906346231655553,0,0
1,0.8456929464089518,1,1
1,0.7392760911607735,1,1
0,0.650974021833398,1,1
1,0.8507796849385081,1,1
0,0.15422357145922627,0,0
0,0.40336870963050264,0,0
0,0.6867266197279712,1,1
1,0.784182483482333,1,1
0,0.08776624138599183,0,0
1,0.7751227837068521,1,1
1,0.7933016235687737,1,1
0,0.23572313832172254,0,0
1,0.8046989540319518,1,1
0,0.501629305003824,1,1
0,0.23345968279490092,0,0
1,0.8335931982733901,1,1
0,0.4093161214420889,0,0
1,0.6025589262675268,1,1
0,0.27354247637431905,0,0
0,0.276983526575629,0,0
1,0.22953147212271563,0,0
1,0.9395192550092875,1,1
0,0.30427463758828677,0,0
0,0.26265300585136947,0,0
0,0.06706769446477498,0,0
1,0.717244094417413,1,1
0,0.36819280173835567,0,0
0,0.6357409144704573,1,1
0,0.19780674758881267,0,0
0,0.8432670609326209,1,1
0,0.5147344835519874,1,1
0,0.7741423979129255,1,1
0,0.11603906961112283,0,0
0,0.09526392573359543,0,0
1,0.873979816603795,1,1
0,0.49777395903931204,0,1
0,0.12805134800085524,0,0
0,0.37735534466825665,0,0
0,0.20338973870412924,0,0
0,0.13739355779593687,0,0
1,0.4997774041815055,0,1
0,0.7107058538193305,1,1
1,0.29232044604990515,0,0
0,0.3384582545959525,0,0
1,0.7753670516407384,1,1
0,0.3500300581202031,0,0
1,0.8067019922662515,1,1
0,0.45442207130194096,0,0
0,0.9212379405187,1,1
0,0.15103576584711634,0,0
0,0.436016312780855,0,0
1,0.1809516295254633,0,0
0,0.48420558185072643,0,1
1,0.7615582774436813,1,1
1,0.860138368678233,1,1
0,0.1400281668578661,0,0
0,0.7689062037488049,1,1
0,0.05717197868814668,0,0
1,0.8987466870620404,1,1
0,0.23342308573355688,0,0
0,0.5570249901742155,1,1
0,0.7370699582994388,1,1
0,0.23747089461906365,0,0
0,0.22684598293441396,0,0
0,0.23410433549691517,0,0
1,0.6095245265070975,1,1
0,0.8370394883968152,1,1
0,0.5880594302675639,1,1
1,0.9120335113541465,1,1
1,0.24533087344784488,0,0
1,0.49142226045963,0,1
0,0.389101314149896,0,0
0,0.7359527033069708,1,1
0,0.7438173716259469,1,1
0,0.08038505091881312,0,0
1,0.8359435486287582,1,1
0,0.28883434800204605,0,0
0,0.14764967999453385,0,0
1,0.8453190519489788,1,1
0,0.26907994187607803,0,0
0,0.49578125068011797,0,1
1,0.3545410716142623,0,0
1,0.8691010657901697,1,1
0,0.7365295862234987,1,1
0,0.47121245884967683,0,1
0,0.7478044492707179,1,1
1,0.5918077514469704,1,1
0,0.40780633932247806,0,0
0,0.352587681217957,0,0
0,0.23840250714435382,0,0
1,0.8820779799811531,1,1
0,0.26403645486383487,0,0
0,0.30281891267272415,0,0
0,0.14551692481920486,0,0
0,0.48535134963021304,0,1
0,0.1588142203693955,0,0
0,0.09979872661633446,0,0
0,0.7748330639302657,1,1
0,0.4858242394629735,0,1
0,0.10827261922251445,0,0
0,0.513006345943596,1,1
0,0.14636452919780318,0,0
0,0.5089297948041557,1,1
0,0.8572242995935035,1,1
0,0.7805010117269144,1,1
0,0.7648970273679102,1,1
0,0.4129431635473822,0,0
0,0.3973079028788643,0,0
0,0.07661010285959949,0,0
0,0.7394935125260187,1,1
0,0.18851919821360788,0,0
0,0.4434392592823057,0,0
1,0.7718823700905014,1,1
0,0.2874872457756152,0,0
1,0.6926169099534089,1,1
0,0.4654779948123074,0,0
1,0.7066765659760011,1,1
1,0.3822701468829076,0,0
1,0.9195322851792588,1,1
0,0.30926332178959465,0,0
0,0.09235258608815866,0,0
1,0.3303562021854929,0,0
0,0.3483124011441913,0,0
0,0.2366461304299286,0,0
0,0.21356781210135262,0,0
1,0.4803402553773269,0,1
1,0.8066637010593525,1,1
0,0.13959917898298327,0,0
1,0.60718354029181,1,1
0,0.1284650103996772,0,0
1,0.7695813486618115,1,1
0,0.17771758819978067,0,0
0,0.6972990111858375,1,1
0,0.6517390199854542,1,1
0,0.5246775236141215,1,1
1,0.5811899808374875,1,1
0,0.4449734060966894,0,0
0,0.07515224371046363,0,0
0,0.5826670041191573,1,1
0,0.6973582104528182,1,1
0,0.09731207915123906,0,0
0,0.44712282794322616,0,0
0,0.16158973641240756,0,0
1,0.40787099702021995,0,0
0,0.24474599145729545,0,0
1,0.7249989652465811,1,1
0,0.29721843210749754,0,0
1,0.2272747034367343,0,0
0,0.1551566464699576,0,0
0,0.3903104978831315,0,0
0,0.5075606416481361,1,1
1,0.829381717474257,1,1
0,0.41036122393315416,0,0
0,0.7433810335339963,1,1
1,0.3741398120223432,0,0
1,0.8000887356178661,1,1
0,0.5262916514269871,1,1
0,0.4239125640159986,0,0
0,0.2625190237623613,0,0
0,0.3397006066200103,0,0
0,0.19523752685869944,0,0
0,0.783392101837246,1,1
0,0.23582482777021996,0,0
0,0.1010508520697565,0,0
1,0.1760504219201741,0,0
0,0.119449111435322,0,0
1,0.2894629447640596,0,0
1,0.6591309308199622,1,1
0,0.20095522476776825,0,0
0,0.6167588754255746,1,1
1,0.33455161980722276,0,0
1,0.44885169325253405,0,0
0,0.1330690427779734,0,0
0,0.6512615892419635,1,1
1,0.5169713104153046,1,1
0,0.4902213491967128,0,1
1,0.8778919798629758,1,1
1,0.625747861479222,1,1
1,0.8985441508612437,1,1
1,0.9090748683000262,1,1
0,0.5498646031392501,1,1
1,0.8904601018193968,1,1
0,0.7825373419621732,1,1
1,0.862069115839088,1,1
0,0.2497426134575237,0,0
0,0.16784345226505934,0,0
0,0.3771567135023938,0,0
1,0.7774280566134651,1,1
0,0.28265863178771283,0,0
1,0.7278575486330072,1,1
1,0.30728427980193573,0,0
1,0.9314611002295498,1,1
0,0.1066279013400401,0,0
1,0.695444346976232,1,1
1,0.6567468756435274,1,1
1,0.10086349448788455,0,0
0,0.1887985995534617,0,0
0,0.34487728903388426,0,0
0,0.36647288580016035,0,0
0,0.791100082805967,1,1
0,0.48640046921287505,0,1
0,0.5045349580317746,1,1
1,0.8393857937406722,1,1
1,0.8976780925054695,1,1
0,0.1099177294108856,0,0
0,0.7487241423021458,1,1
0,0.3676347599418527,0,0
0,0.048909466929348645,0,0
1,0.23130090062079597,0,0
0,0.5281874378661247,1,1
0,0.15849231096622354,0,0
0,0.1818125843161819,0,0
0,0.47156846125536533,0,1
0,0.11995031254893802,0,0
1,0.8866485670398283,1,1
0,0.8374896922697215,1,1
1,0.8258550229392397,1,1
0,0.06668526022444574,0,0
1,0.17207139999877888,0,0
0,0.17802467209805292,0,0
1,0.481165065537028,0,1
0,0.14847502831441423,0,0
1,0.6629438653003619,1,1
0,0.8015791086077175,1,1
0,0.13794650148790089,0,0
0,0.6126406821512417,1,1
1,0.2783963962695623,0,0
0,0.4664462003104194,0,0
0,0.8175669856389398,1,1
0,0.6507458696311531,1,1
0,0.11774601645368372,0,0
1,0.7414474354685344,1,1
0,0.16261197864922083,0,0
1,0.3518988023953694,0,0
0,0.3493127418893709,0,0
1,0.5919156347207382,1,1
0,0.40680225883241866,0,0
0,0.14626941130708274,0,0
0,0.6099962050229629,1,1
1,0.9492419360921936,1,1
0,0.3817625842297914,0,0
1,0.6717007407227816,1,1
0,0.7154097431910085,1,1
1,0.8337302394149869,1,1
0,0.11449012282727895,0,0
0,0.3873106818753057,0,0
0,0.6447452601771992,1,1
0,0.12249029527108658,0,0
0,0.4285892089756889,0,0
0,0.5260130095258528,1,1
1,0.725653849834372,1,1
1,0.14643626120113265,0,0
0,0.9139798957358766,1,1
0,0.5030381333665611,1,1
0,0.2699205394826654,0,0
0,0.12306960828791273,0,0
0,0.21110733729443545,0,0
1,0.3523206211032649,0,0
0,0.36610182985653117,0,0
0,0.7998517637941935,1,1
0,0.3313084550985379,0,0
1,0.3875365132079826,0,0
0,0.15424715190776322,0,0
1,0.6995639141404123,1,1
0,0.6444929290414839,1,1
0,0.7325765131671067,1,1
1,0.2892482412217018,0,0
1,0.34661775672662254,0,0
0,0.29614440107771123,0,0
0,0.13065603041515805,0,0
0,0.5369744046731412,1,1
0,0.5457515436432397,1,1
0,0.936119456132485,1,1
0,0.25265899706022454,0,0
1,0.7064441385146918,1,1
1,0.6132857637628936,1,1
0,0.26453151232339434,0,0
0,0.5366599733191699,1,1
1,0.8282968879125356,1,1
0,0.2874394014062832,0,0
0,0.41487720815769125,0,0
0,0.3893586997608513,0,0
1,0.9436162865799546,1,1
1,0.757949557276422,1,1
1,0.4229090360997299,0,0
1,0.5751338369368475,1,1
1,0.38293106664560683,0,0
1,0.44148649651549626,0,0
0,0.23932105701881393,0,0
0,0.7015988052233202,1,1
1,0.30061114731250327,0,0
0,0.2113724260028036,0,0
0,0.08384967508892682,0,0
1,0.7313726811225221,1,1
0,0.4655954286618572,0,0
0,0.37249259838230037,0,0
0,0.9255569523674686,1,1
0,0.14369598815481227,0,0
1,0.7348215022437802,1,1
0,0.4610888316387929,0,0
0,0.5645065936016509,1,1
1,0.7437030837333239,1,1
0,0.42293022252665713,0,0
0,0.701419990062314,1,1
0,0.6537938031274649,1,1
0,0.23618284388116154,0,0
0,0.07101378279326005,0,0
0,0.6551306749927822,1,1
1,0.7926198151175377,1,1
1,0.8815963890720772,1,1
0,0.040294456254228284,0,0
0,0.3287846438469531,0,0
0,0.2454136960253867,0,0
0,0.24962306863598616,0,0
0,0.3491454840431094,0,0
1,0.19016329102475985,0,0
0,0.17380581641051562,0,0
1,0.9193713906936914,1,1
0,0.12550738310817908,0,0
0,0.30819587504324614,0,0
1,0.7058294500723028,1,1
0,0.4092943006531954,0,0
0,0.7387477719048565,1,1
0,0.2953614259794882,0,0
1,0.7068285798394242,1,1
0,0.16314114814673542,0,0
0,0.1748748085564764,0,0
1,0.9299901496784077,1,1
0,0.3000762825141304,0,0
1,0.8003750471714832,1,1
0,0.22377647978339638,0,0
0,0.10258016592546616,0,0
0,0.08045225776022687,0,0
0,0.06692277799945222,0,0
0,0.13071746533410808,0,0
0,0.18529439245751253,0,0
1,0.8216687325322153,1,1
0,0.11095851282594453,0,0
1,0.6639747333382768,1,1
0,0.8252517137246013,1,1
0,0.0762911085901197,0,0
1,0.8134501231435332,1,1
0,0.28836201407949547,0,0
0,0.5660635437350675,1,1
0,0.13506221926572068,0,0
1,0.8222865092525613,1,1
0,0.4237485394985935,0,0
0,0.3126581106348135,0,0
0,0.13272930040565406,0,0
1,0.5991700185540971,1,1
0,0.4094719580680689,0,0
0,0.138233260554847,0,0
1,0.1463484730269272,0,0
1,0.487666913191663,0,1
0,0.4593801768006851,0,0
0,0.14137414256865802,0,0
0,0.09639069463911312,0,0
0,0.10442587092338669,0,0
0,0.2644202290749292,0,0
0,0.17524704882840697,0,0
0,0.055473357094835786,0,0
0,0.1388316480864441,0,0
1,0.7892020351774661,1,1
0,0.9118873348424245,1,1
0,0.15241830911943016,0,0
0,0.5604043097890261,1,1
0,0.08994488329316935,0,0
1,0.8656916451693888,1,1
1,0.5935235784541923,1,1
1,0.9374691535305133,1,1
0,0.4099711847817614,0,0
1,0.8758747065011286,1,1
1,0.21358720166150405,0,0
0,0.0641899012076692,0,0
0,0.4232795338447021,0,0
1,0.47121996424508217,0,1
0,0.08339738770684282,0,0
0,0.3881574490416137,0,0
0,0.20014676682282953,0,0
0,0.606845588631603,1,1
0,0.1297303757340403,0,0
1,0.7220708314769424,1,1
0,0.24651224566717025,0,0
1,0.5826089382417143,1,1
0,0.48659102173189284,0,1
0,0.40792698524785653,0,0
0,0.8625924973492426,1,1
1,0.8718759236065016,1,1
0,0.40287338197357203,0,0
0,0.47656491392142014,0,1
0,0.13753522707973,0,0
1,0.9146369188507594,1,1
0,0.11813917041842173,0,0
1,0.7785592502512032,1,1
0,0.7467398849296534,1,1
0,0.3218564703226972,0,0
0,0.29525341186142623,0,0
0,0.09191787387961539,0,0
0,0.2957318419189553,0,0
0,0.8474299018387116,1,1
0,0.8841072594364723,1,1
0,0.09749047380159563,0,0
0,0.6846099472717035,1,1
1,0.44241814473819496,0,0
1,0.5147423199653243,1,1
0,0.4545858918376262,0,0
1,0.4903558652760785,0,1
0,0.3944330505419118,0,0
0,0.16384167837728125,0,0
0,0.47292559888707014,0,1
0,0.3479136954651774,0,0
0,0.11050921508600403,0,0
0,0.1445995726143776,0,0
1,0.6070430900013671,1,1
1,0.3737511992279476,0,0
1,0.44127914889081554,0,0
0,0.25177943176676953,0,0
1,0.7370603761103357,1,1
1,0.8745312114445553,1,1
1,0.10494817812761936,0,0
1,0.8419809090069186,1,1
0,0.42305968472556277,0,0
1,0.5921583788883359,1,1
0,0.06069512861456292,0,0
0,0.2745128848458681,0,0
0,0.13608626116443942,0,0
0,0.3382147340100365,0,0
1,0.39153837174607004,0,0
0,0.07183889187600674,0,0
0,0.2955696183795374,0,0
1,0.740744214536735,1,1
0,0.1503439995800174,0,0
0,0.4168253781394691,0,0
0,0.3065484234812856,0,0
1,0.6770366220706553,1,1
0,0.10237900682450861,0,0
0,0.8947753558018555,1,1
0,0.42455297587800345,0,0
0,0.7555768425527772,1,1
0,0.13888883495608637,0,0
1,0.8651769621358759,1,1
0,0.3375287095949843,0,0
0,0.42311564194786544,0,0
0,0.4700811694933828,0,1
1,0.76564622570412,1,1
1,0.24382674122992515,0,0
1,0.6305525260472101,1,1
0,0.3094423078362321,0,0
0,0.31557445259979605,0,0
0,0.5012761367503026,1,1
0,0.32844411130033585,0,0
0,0.3816718604407074,0,0
0,0.7779523525018108,1,1
0,0.08019785591023862,0,0
1,0.4407092099059948,0,0
0,0.06719027506183356,0,0
0,0.45535121383413446,0,0
0,0.10925640762052719,0,0
0,0.7604999111450151,1,1
0,0.7201081599598992,1,1
0,0.5625994694514701,1,1
1,0.28145797697142527,0,0
0,0.1046796917983074,0,0
1,0.268141753684453,0,0
1,0.8528015950230085,1,1
0,0.16915711704768288,0,0
0,0.47702408033747173,0,1
0,0.5590997615006497,1,1
1,0.9099212395189776,1,1
1,0.5382083789254185,1,1
1,0.7078907109310438,1,1
0,0.4704853670337767,0,1
1,0.5659002028175997,1,1
0,0.12168131082738307,0,0
1,0.6955324592924287,1,1
1,0.44482705816897716,0,0
0,0.41858859105064183,0,0
0,0.4371524310967584,0,0
1,0.3868966817391345,0,0
1,0.6578079359012334,1,1
0,0.14186778953891926,0,0
0,0.8085135831242543,1,1
0,0.05980795491516668,0,0
0,0.3540895229236413,0,0
0,0.7565396553699261,1,1
0,0.08395494312301519,0,0
1,0.7794284719909526,1,1
0,0.7763315327325171,1,1
1,0.37417202906712255,0,0
0,0.1662764376764022,0,0
1,0.5978733070159543,1,1
0,0.3398517369383828,0,0
0,0.39541182639614636,0,0
0,0.836813358250317,1,1
1,0.6773346770969022,1,1
0,0.18739925626430323,0,0
1,0.8015212533843339,1,1
0,0.23882462105379654,0,0
1,0.787150482756673,1,1
0,0.7025571595762666,1,1
0,0.3680715474452886,0,0
0,0.41231074932946327,0,0
0,0.5148916905578277,1,1
1,0.47848322834159535,0,1
1,0.4840103469152722,0,1
0,0.08613866463457907,0,0
0,0.09036968604551691,0,0
0,0.1175933381711035,0,0
1,0.7090714776626221,1,1
1,0.5875257644949409,1,1
0,0.07913408604278664,0,0
1,0.7262421210612716,1,1
1,0.6930663814210285,1,1
0,0.3077725590666208,0,0
0,0.7570079804458274,1,1
0,0.8657624104531974,1,1
0,0.059420719569161944,0,0
0,0.20607167477087515,0,0
1,0.9106931279640071,1,1
0,0.07824763904191097,0,0
0,0.33853183520562824,0,0
0,0.3739715963242042,0,0
0,0.2134426007869096,0,0
0,0.2854239347486978,0,0
1,0.40983041915707485,0,0
1,0.6746591534844308,1,1
1,0.4969168980312106,0,1
0,0.4172572926580738,0,0
0,0.3294543745135998,0,0
0,0.18026238335073574,0,0
1,0.8128230389315126,1,1
0,0.46114692306470645,0,0
0,0.861654186010217,1,1
0,0.32045985955011136,0,0
0,0.33298239991355927,0,0
1,0.7652069194546671,1,1
0,0.5606151819660499,1,1
1,0.2875660103976337,0,0
0,0.5306987865216927,1,1
0,0.23773219646381863,0,0
0,0.07123336934760535,0,0
0,0.2869295654688716,0,0
0,0.6260300395612923,1,1
1,0.63878096171833,1,1
0,0.28294174962413493,0,0
0,0.30611135728442074,0,0
1,0.8050557274005254,1,1
0,0.10397583414509864,0,0
0,0.2984212692614621,0,0
0,0.18639589934964032,0,0
0,0.47912334617767316,0,1
0,0.23090237905115288,0,0
1,0.7998642118352189,1,1
0,0.19624524864003934,0,0
0,0.6603339305484099,1,1
1,0.20170839154901982,0,0
0,0.7064147745018846,1,1
0,0.39417897356808795,0,0
0,0.40853599928593193,0,0
0,0.2006451214434881,0,0
0,0.23819115623618367,0,0
1,0.39539843790750123,0,0
1,0.8068897604455185,1,1
0,0.1959564500180672,0,0
0,0.30910264416447947,0,0
1,0.8421502556975289,1,1
1,0.45020279323364876,0,0
0,0.5714051510812516,1,1
0,0.07408145579254244,0,0
1,0.7489403318790175,1,1
0,0.46090231023714034,0,0
0,0.24129687414062542,0,0
0,0.5505952839679822,1,1
1,0.721661044750781,1,1
1,0.770218406078463,1,1
0,0.653443237780171,1,1
0,0.10965859694284368,0,0
1,0.6411135804498037,1,1
0,0.42032464979172535,0,0
0,0.5823378911369427,1,1
1,0.7046649122307472,1,1
0,0.10719472621685988,0,0
0,0.10933407167978194,0,0
0,0.9030032570503206,1,1
0,0.7027401079127726,1,1
0,0.2873069458985966,0,0
0,0.5371566911689543,1,1
0,0.36164994561386166,0,0
0,0.06480333642337324,0,0
0,0.46420602591162136,0,0
0,0.5305467809041842,1,1
0,0.37041033797707684,0,0
0,0.12496205804589586,0,0
1,0.9318900822787488,1,1
0,0.8036494498874585,1,1
0,0.1926780088119537,0,0
1,0.6356690086797783,1,1
0,0.39475621459614973,0,0
0,0.06254547058413044,0,0
1,0.7241352687120992,1,1
1,0.8381191753673728,1,1
1,0.7799638232697983,1,1
0,0.49078842977005643,0,1
0,0.4428316085991562,0,0
0,0.8782063994069924,1,1
0,0.8114336213341727,1,1
1,0.13724172769190518,0,0
1,0.5594266325972083,1,1
1,0.4775634452808885,0,1
0,0.24683796583927467,0,0
1,0.4308013450106738,0,0
0,0.3565664908149386,0,0
1,0.39649261389196866,0,0
0,0.6517367883923184,1,1
0,0.2558953610725915,0,0
1,0.7979116808650295,1,1
0,0.30615372812859937,0,0
0,0.2387121253028657,0,0
0,0.24797582838378293,0,0
0,0.14658250355730315,0,0
0,0.6524645469142183,1,1
0,0.4221716092590051,0,0
0,0.8364467923021871,1,1
1,0.13245444968420989,0,0
0,0.16690314294397324,0,0
0,0.3111806198095236,0,0
0,0.2586504506722021,0,0
1,0.8842837734082072,1,1
0,0.10260975650524394,0,0
0,0.18370726833708165,0,0
1,0.17812520938118548,0,0
0,0.14542237684620188,0,0
0,0.2436297269051689,0,0
1,0.7768757481731421,1,1
0,0.4456914834681548,0,0
1,0.6076712535662768,1,1
0,0.08865057437377441,0,0
1,0.7952878639693843,1,1
0,0.5479070837047298,1,1
1,0.8095696884639808,1,1
0,0.08614615723074874,0,0
0,0.18222558192201,0,0
0,0.9028764951035919,1,1
1,0.9253368696747468,1,1
0,0.5615701644150254,1,1
0,0.7957837239358162,1,1
0,0.3670285495592281,0,0
1,0.9285496663311944,1,1
1,0.5211265381052158,1,1
0,0.8936381157021653,1,1
0,0.1860871243111097,0,0
1,0.930485377261445,1,1
0,0.7589512872202493,1,1
0,0.6049302230935956,1,1
1,0.15772484253002947,0,0
0,0.28997466964377194,0,0
0,0.7988764561126672,1,1
1,0.1763928166018139,0,0
0,0.08933467815988073,0,0
1,0.44382992921955794,0,0
0,0.946652175239417,1,1
0,0.6070324020670675,1,1
0,0.3555660355524882,0,0
0,0.18434281661229548,0,0
0,0.19060586070635574,0,0
1,0.5958610751766845,1,1
0,0.6100189666947886,1,1
0,0.7988445305276162,1,1
0,0.11058016890046078,0,0
0,0.40824962971217116,0,0
0,0.5620301240796246,1,1
0,0.14172447698857873,0,0
0,0.49264618431972856,0,1
0,0.2292133690038997,0,0
1,0.9526417381222951,1,1
0,0.7395701876558225,1,1
0,0.5887502204583794,1,1
1,0.32944057938117327,0,0
0,0.37010197781218096,0,0
1,0.43131357280580673,0,0
1,0.9442400129944055,1,1
1,0.32920713672202484,0,0
1,0.4607121524566814,0,0
0,0.11616105762477795,0,0
0,0.05336761345878511,0,0
0,0.38074422558437887,0,0
1,0.9124946991524557,1,1
1,0.7865730899724123,1,1
0,0.5083336919107886,1,1
0,0.08804057521049,0,0
1,0.730576449965196,1,1
0,0.2806313232571318,0,0
1,0.6644203753648732,1,1
0,0.6456471143733266,1,1
0,0.20929880770245232,0,0
1,0.11054432725525663,0,0
1,0.6468129633704512,1,1
0,0.23485853986748784,0,0
0,0.26110948493263497,0,0
1,0.5417993708890098,1,1
0,0.07370198893986787,0,0
0,0.17662162245146304,0,0
1,0.8946110164223203,1,1
1,0.8207117658837874,1,1
1,0.8704865946406625,1,1
1,0.3388450381159872,0,0
0,0.098499756325974,0,0
1,0.7061445597534339,1,1
0,0.12166220864246331,0,0
0,0.6659701237187623,1,1
0,0.23321419136434374,0,0
0,0.3482789513783755,0,0
1,0.3815128381406199,0,0
0,0.1505298051235915,0,0
1,0.937447200651064,1,1
1,0.5383496171828466,1,1
0,0.3394179074911858,0,0
0,0.23540573512404578,0,0
0,0.5518115874969729,1,1
0,0.2838695701993126,0,0
1,0.31047266424611986,0,0
1,0.37499843172366615,0,0
0,0.5301061357320398,1,1
0,0.768386032611878,1,1
1,0.8873431232459399,1,1
0,0.16120976519236468,0,0
1,0.7940465415851189,1,1
0,0.421320013095646,0,0
1,0.7330545132191858,1,1
1,0.7521672091166758,1,1
0,0.07326027985233134,0,0
0,0.44124071202172804,0,0
0,0.1650449601951,0,0
0,0.37627778539372325,0,0
0,0.5665707714261525,1,1
0,0.40788664301033906,0,0
0,0.2806409133110995,0,0
1,0.8844032531082089,1,1
0,0.04562307041473951,0,0
0,0.4198648482206895,0,0
1,0.7340265210047026,1,1
0,0.07613878005113973,0,0
0,0.14578005591935886,0,0
0,0.17242559737076113,0,0
0,0.3475578877186436,0,0
1,0.6129913108767149,1,1
0,0.06326567916813564,0,0
0,0.5826776157174434,1,1
1,0.12231983761371559,0,0
0,0.16484267339760703,0,0
0,0.19317707529837622,0,0
1,0.6681591157113993,1,1
1,0.4487685799296817,0,0
0,0.04777816360129885,0,0
0,0.5313784220139222,1,1
0,0.24030767289995644,0,0
0,0.15966971160351018,0,0
0,0.15712943709227287,0,0
1,0.8080508830604906,1,1
0,0.08122519154825109,0,0
1,0.6303539762442395,1,1
1,0.7107408759787509,1,1
1,0.3219409434867594,0,0
0,0.1965076990034752,0,0
0,0.08332569701093316,0,0
0,0.25823338281777225,0,0
1,0.4287623514242226,0,0
0,0.34982842886638343,0,0
1,0.8683665271260856,1,1
0,0.18439794067268492,0,0
1,0.09823955109730763,0,0
0,0.13577085102019693,0,0
0,0.8629258846683048,1,1
0,0.6984771286650424,1,1
1,0.8524472942697058,1,1
1,0.4055841226895888,0,0
0,0.16637362712456322,0,0
0,0.18214095568704816,0,0
0,0.26347118785214285,0,0
0,0.18505855643785465,0,0
1,0.8353837002278385,1,1
0,0.2922658390291583,0,0
0,0.30428560530682025,0,0
0,0.6611301893412509,1,1
0,0.17761474395345753,0,0
1,0.7244871364316862,1,1
0,0.4053883159519287,0,0
1,0.73373352801366,1,1
0,0.6795117186409381,1,1
0,0.4017470603660761,0,0
1,0.9021128335438673,1,1
0,0.8378383933180402,1,1
1,0.763418412990472,1,1
0,0.13738149635762711,0,0
1,0.9472778993976876,1,1
0,0.30077035716036227,0,0
1,0.8943443738059957,1,1
1,0.6311388211277243,1,1
0,0.6107787246367176,1,1
1,0.7872187218497443,1,1
0,0.08907058979446796,0,0
0,0.46827129888184615,0,0
0,0.9113317076619213,1,1
0,0.8679623231313046,1,1
0,0.2682823928165488,0,0
0,0.16077666202382793,0,0
0,0.14691014553192766,0,0
0,0.47422183104730176,0,1
0,0.1784285075841688,0,0
0,0.8015645863930024,1,1
0,0.2559439481372743,0,0
0,0.040323921002447534,0,0
0,0.1582162985212654,0,0
1,0.7414551272066486,1,1
1,0.7480524724434626,1,1
0,0.45681416854291446,0,0
1,0.9367408363705302,1,1
0,0.3884894882644228,0,0
0,0.10451768018076758,0,0
1,0.5346928414043517,1,1
0,0.40836291768266486,0,0
1,0.3592214478590944,0,0
0,0.28297511597984504,0,0
0,0.06354527640880812,0,0
0,0.9167044289915837,1,1
0,0.2868639454974644,0,0
1,0.2895151530815561,0,0
0,0.37820304178063363,0,0
0,0.7473451815199879,1,1
1,0.43918305076395514,0,0
0,0.10588709108190399,0,0
1,0.6460116367480885,1,1
0,0.531186332536017,1,1
0,0.7854963061107411,1,1
0,0.08107307396611974,0,0
1,0.6391928386311968,1,1
0,0.10262875522426051,0,0
0,0.3547369154839397,0,0
0,0.43559435541500285,0,0
0,0.1852660282876525,0,0
0,0.25561992879125356,0,0
1,0.7283528743217109,1,1
0,0.34297470074810416,0,0
0,0.29946330786300174,0,0
0,0.547950549052332,1,1
0,0.4548071885358962,0,0
0,0.5272194981890141,1,1
0,0.4815178421572406,0,1
0,0.4348085626737613,0,0
0,0.1868250880773136,0,0
0,0.5407366349042909,1,1
0,0.3876618339218998,0,0
1,0.8116596100106653,1,1
1,0.6732168378773583,1,1
1,0.7121469673987767,1,1
0,0.34704102078753096,0,0
1,0.34396173656089324,0,0
0,0.11508435074111771,0,0
1,0.5002353056572408,1,1
1,0.5851512484962256,1,1
0,0.8996871589384122,1,1
0,0.05043999774994344,0,0
0,0.6830502640158892,1,1
1,0.6316450885873115,1,1
0,0.8856228609173541,1,1
1,0.7188024722625077,1,1
0,0.4998452343753534,0,1
0,0.7754935418294738,1,1
0,0.5002320082075028,1,1
1,0.5745618071262663,1,1
1,0.7983507661792463,1,1
0,0.08288111824599713,0,0
0,0.46155899108369297,0,0
0,0.5524637739228642,1,1
0,0.695855333171054,1,1
1,0.8100037714291648,1,1
1,0.6891950155654105,1,1
1,0.577932790380821,1,1
0,0.12577413961806022,0,0
0,0.6702827991070271,1,1
1,0.6500863059592056,1,1
1,0.8689071432949634,1,1
0,0.23484753357938165,0,0
0,0.8356295616458003,1,1
0,0.2727874016340932,0,0
0,0.4535535716178397,0,0
0,0.11269688182569478,0,0
1,0.8165489974932235,1,1
1,0.8822224316614143,1,1
1,0.44605806697406614,0,0
0,0.38053644282887517,0,0
0,0.25723812528142664,0,0
1,0.7656784316183366,1,1
1,0.8651155711111328,1,1
0,0.10367816265756855,0,0
1,0.05233879577695926,0,0
0,0.12714804832299295,0,0
0,0.20652204193135373,0,0
1,0.5733842788030005,1,1
1,0.6647356374788359,1,1
0,0.5757115371340318,1,1
1,0.6579877790263844,1,1
0,0.07317650393028817,0,0
1,0.6075960202207688,1,1
1,0.47970829636337187,0,1
0,0.28462336733583504,0,0
0,0.3232835393103354,0,0
0,0.8423109970652258,1,1
0,0.2842583089401521,0,0
0,0.5200179326255602,1,1
0,0.15592872987731188,0,0
0,0.13335967187514713,0,0
1,0.6477998097391315,1,1
0,0.4778564292597701,0,1
1,0.7610763252042164,1,1
0,0.3083641662091447,0,0
0,0.43603863255249475,0,0
0,0.2351549079945702,0,0
0,0.0767108320266414,0,0
0,0.2583462469995607,0,0
1,0.791398705075083,1,1
0,0.17358546494202828,0,0
1,0.5945301494106418,1,1
0,0.16421552762488992,0,0
1,0.9255504753030647,1,1
0,0.5121709951858564,1,1
1,0.7650166391152162,1,1
1,0.07509522723956157,0,0
0,0.26575279587679357,0,0
1,0.6254825033861594,1,1
0,0.39463731494835586,0,0
0,0.10372601141224785,0,0
0,0.2522436229384247,0,0
1,0.5340923558948923,1,1
1,0.9071113881811802,1,1
0,0.187737478719956,0,0
0,0.881009755384301,1,1
0,0.25543261413833607,0,0
0,0.1987647577606434,0,0
0,0.12778751189383156,0,0
0,0.0743971417746651,0,0
1,0.6426037534528783,1,1
1,0.7411097488201164,1,1
0,0.3588962614132797,0,0
0,0.46356922771265974,0,0
1,0.9278159599479666,1,1
0,0.11997818143357722,0,0
1,0.7087350882727345,1,1
1,0.5511863572386361,1,1
1,0.7432961209139685,1,1
0,0.08248274059207954,0,0
0,0.08816744282418164,0,0
0,0.152200766106017,0,0
1,0.2665648443250459,0,0
0,0.4173553604239231,0,0
0,0.21438332626019013,0,0
0,0.22807322772349267,0,0
1,0.9361171235142187,1,1
0,0.39056196410964883,0,0
0,0.6275459607970862,1,1
0,0.10803838480972806,0,0
1,0.5927295417020741,1,1
0,0.8313068293442504,1,1
0,0.20722928072870214,0,0
0,0.0962061564780692,0,0
0,0.33629272193977533,0,0
0,0.1557173840250818,0,0
0,0.4611634185058101,0,0
0,0.5546411288717064,1,1
1,0.8361259281149399,1,1
1,0.04328204089322035,0,0
0,0.6218444306135708,1,1
0,0.17525353653598372,0,0
1,0.599651938222185,1,1
1,0.5019549139948831,1,1
0,0.2853431883783278,0,0
0,0.45166748135090357,0,0
0,0.2896968827705258,0,0
1,0.6495587098862964,1,1
1,0.44905136846875443,0,0
0,0.07650386898680095,0,0
0,0.37513040309314954,0,0
1,0.7884172059353285,1,1
0,0.4446385230380387,0,0
1,0.9130959553161474,1,1
0,0.27512733964281216,0,0
1,0.2365471147863244,0,0
0,0.08245539685012723,0,0
1,0.6808821312640065,1,1
0,0.11506687401519293,0,0
1,0.8904918666788044,1,1
0,0.4425220056949862,0,0
1,0.14908823068637433,0,0
0,0.47329530566993117,0,1
1,0.6564164890108155,1,1
0,0.10348950551769744,0,0
0,0.6260023222009551,1,1
0,0.05492338257448324,0,0
0,0.145018887089058,0,0
1,0.8451925979823032,1,1
0,0.5436700353994647,1,1
0,0.5173830192766466,1,1
0,0.36224049013761633,0,0
1,0.46003191154809514,0,0
1,0.7084934007700702,1,1
0,0.2485311322534271,0,0
1,0.8528524339558191,1,1
1,0.6152848882071167,1,1
0,0.41836812430362075,0,0
0,0.5257437691486834,1,1
1,0.6351565020643033,1,1
1,0.6295507124350495,1,1
0,0.652106917997487,1,1
0,0.09478166334726869,0,0
1,0.6210264165385067,1,1
0,0.20814471444448238,0,0
0,0.4240139890220669,0,0
0,0.3272059722086061,0,0
1,0.354912567629427,0,0
0,0.34154236633155194,0,0
0,0.12181341772761811,0,0
0,0.503341412241029,1,1
0,0.30050936520156246,0,0
1,0.923765585951994,1,1
1,0.9257251769067584,1,1
1,0.33351114234601525,0,0
0,0.36120213056906125,0,0
0,0.05936095332364481,0,0
1,0.8061003018196014,1,1
0,0.18270148994729,0,0
0,0.24613224799765265,0,0
0,0.22119252074194862,0,0
0,0.7063287361137487,1,1
1,0.919365560354038,1,1
0,0.1671669798520545,0,0
1,0.16653717078850394,0,0
0,0.41108548860985766,0,0
0,0.10889023512931968,0,0
0,0.8265806782093109,1,1
0,0.18229999727222743,0,0
0,0.060163789646913796,0,0
0,0.3607734582915358,0,0
0,0.745489295921699,1,1
1,0.8880104130689822,1,1
0,0.18771279569721555,0,0
1,0.734002153887655,1,1
0,0.16870804600177725,0,0
0,0.7952146637821773,1,1
0,0.42595307493137613,0,0
0,0.5563297588171738,1,1
1,0.7583844020884907,1,1
0,0.5674430152669923,1,1
1,0.8000696947150092,1,1
0,0.8366020040886205,1,1
0,0.23664978660447122,0,0
1,0.5910243701084006,1,1
0,0.1799385580789098,0,0
1,0.8782854055135897,1,1
1,0.8144890301930441,1,1
0,0.14268573960616995,0,0
0,0.6372827504810412,1,1
0,0.9000446893675966,1,1
0,0.5483659570155768,1,1
0,0.38146575172192726,0,0
1,0.832784126696478,1,1
0,0.40536820523303874,0,0
1,0.44705812840634546,0,0
0,0.27694266471814377,0,0
1,0.8377907621818447,1,1
0,0.36523301063733354,0,0
0,0.3519595901509002,0,0
0,0.04674547651967921,0,0
0,0.39000946435077904,0,0
1,0.9278382480878954,1,1
0,0.935593326770046,1,1
0,0.6920693835077595,1,1
0,0.19304136508995867,0,0
0,0.25434571968965547,0,0
1,0.2972724183518017,0,0
1,0.3521982661360334,0,0
0,0.0924812932412998,0,0
0,0.157756051998863,0,0
0,0.16226084552797634,0,0
0,0.16507156253816682,0,0
0,0.4619289256840392,0,0
1,0.7385978316731532,1,1
0,0.24192621752661816,0,0
1,0.4719775283840631,0,1
1,0.8193372013490273,1,1
0,0.07068133505663557,0,0
0,0.5970242154316519,1,1
1,0.515757498813533,1,1
0,0.7049082824760325,1,1
0,0.3689794905257643,0,0
1,0.7444970392118381,1,1
0,0.4118407869754817,0,0
0,0.6094214070359494,1,1
1,0.8334734842591961,1,1
1,0.6463628842687277,1,1
0,0.10823800265252789,0,0
0,0.47284866441954043,0,1
0,0.07700436444615442,0,0
0,0.6240286589978988,1,1
0,0.20522952172937783,0,0
0,0.4610342760765637,0,0
0,0.08478272172467907,0,0
0,0.23548185079092987,0,0
0,0.372413650396909,0,0
0,0.2018131078307082,0,0
0,0.6092218299786594,1,1
1,0.1862951171694235,0,0
0,0.7449609163702892,1,1
1,0.798940834440459,1,1
0,0.05298404664073448,0,0
1,0.8545444140972147,1,1
0,0.1985620345702348,0,0
1,0.484479351840288,0,1
1,0.85453902341752,1,1
0,0.0767679312939093,0,0
0,0.2577056930211807,0,0
0,0.41316914108345953,0,0
0,0.36271537898875883,0,0
1,0.8882829523686674,1,1
0,0.5793484099330812,1,1
1,0.27520952305422713,0,0
0,0.22174116080931083,0,0
0,0.2834323088558199,0,0
1,0.2775994775499748,0,0
1,0.19025976460839686,0,0
0,0.20429789968619066,0,0
0,0.363723109678525,0,0
0,0.3828046998704633,0,0
0,0.2703845262048815,0,0
0,0.04320181889603223,0,0
0,0.6163274014819496,1,1
0,0.08342049284513248,0,0
1,0.4703733709198999,0,1
0,0.10960304462325174,0,0
1,0.9482520929754277,1,1
1,0.5414413906736543,1,1
0,0.10728296339029418,0,0
1,0.7358576449167188,1,1
0,0.13717044676552145,0,0
0,0.2802890866405161,0,0
0,0.13528737876389177,0,0
0,0.13664159022911687,0,0
1,0.5095475566432589,1,1
0,0.29971907854921404,0,0
0,0.641999858002965,1,1
0,0.48167495031373786,0,1
1,0.4670523395107837,0,0
1,0.2974874488127179,0,0
0,0.24411931315112803,0,0
0,0.6221275940118235,1,1
1,0.5404162885642149,1,1
0,0.754857216137132,1,1
1,0.5361230602035059,1,1
0,0.23475485617775244,0,0
0,0.7160631691646997,1,1
0,0.26873191772831806,0,0
0,0.11911003784589268,0,0
1,0.11526867185174919,0,0
1,0.14026364521510373,0,0
0,0.4352782203398483,0,0
0,0.5701732709111258,1,1
0,0.15189441779540755,0,0
1,0.6889464630371481,1,1
0,0.16201059422455005,0,0
0,0.19416401925620594,0,0
0,0.17802562282634143,0,0
0,0.4137894991591397,0,0
0,0.31900358800298945,0,0
1,0.5276980892154055,1,1
0,0.43141405863996946,0,0
0,0.1632361399922357,0,0
1,0.8738664329530227,1,1
0,0.19757975529202934,0,0
0,0.48949151169302385,0,1
0,0.34458030994371824,0,0
1,0.8636319181611889,1,1
1,0.2173054266851669,0,0
0,0.3011199361716029,0,0
0,0.3094151567454584,0,0
0,0.2095802880183697,0,0
1,0.2623521194803041,0,0
0,0.38588557756452657,0,0
0,0.10789472463083324,0,0
0,0.7872787730685677,1,1
0,0.11166762508906258,0,0
0,0.4354856839132185,0,0
1,0.7641935360111933,1,1
0,0.3723524586091214,0,0
0,0.6387794722422111,1,1
1,0.08789682851774307,0,0
1,0.7321582444619533,1,1
0,0.10800685668062701,0,0
1,0.4372198508095271,0,0
0,0.5662067581932881,1,1
0,0.42874149496622693,0,0
1,0.6630593054187851,1,1
0,0.7446008544666965,1,1
1,0.8424445091071315,1,1
1,0.8573839061021259,1,1
0,0.23520648910204525,0,0
0,0.1760780673247697,0,0
0,0.8669879034007472,1,1
0,0.17829922305460721,0,0
0,0.17362906807885847,0,0
0,0.5830174673638799,1,1
0,0.4461427589707988,0,0
0,0.6939773949052839,1,1
0,0.5431338168670169,1,1
0,0.2768641339580829,0,0
0,0.46972828752401774,0,0
0,0.43334243495305624,0,0
0,0.32040004397743843,0,0
0,0.07363450137507996,0,0
1,0.8689285696588678,1,1
1,0.831126446638847,1,1
0,0.07349357070792492,0,0
1,0.30562084933050215,0,0
0,0.4595741394438864,0,0
0,0.1192093505827435,0,0
0,0.6584005987336574,1,1
1,0.4749471962605737,0,1
1,0.6667697705689378,1,1
0,0.8181905584455165,1,1
0,0.5583472117414625,1,1
0,0.1722744826855997,0,0
0,0.2672398749987542,0,0
0,0.36652532508755753,0,0
0,0.2302301701683571,0,0
0,0.8376133185432365,1,1
1,0.6150456704155256,1,1
0,0.6263204925811712,1,1
0,0.15364811171285672,0,0
0,0.519441132048413,1,1
0,0.08606848988944694,0,0
0,0.48021432124374935,0,1
0,0.4878681726667656,0,1
1,0.6593996728563729,1,1
1,0.7367119329326044,1,1
0,0.1217707527760775,0,0
0,0.9422591645971317,1,1
0,0.6174792750312927,1,1
0,0.4995274646206166,0,1
1,0.935651137725327,1,1
0,0.369173566315464,0,0
0,0.7876985248174594,1,1
0,0.5007616258490811,1,1
1,0.5067649078128076,1,1
1,0.8157041620098505,1,1
1,0.703356963441414,1,1
0,0.14119457784352393,0,0
0,0.35361706553375816,0,0
1,0.7572046710565703,1,1
0,0.24940659429789358,0,0
0,0.18814543282447407,0,0
0,0.5114200690928538,1,1
0,0.3760031472095903,0,0
0,0.15656677716345194,0,0
0,0.29718539950157485,0,0
0,0.37716193799912195,0,0
0,0.3640970638912694,0,0
0,0.6756815398861606,1,1
1,0.7386380813953057,1,1
0,0.3203568363672022,0,0
0,0.33006767252775027,0,0
0,0.7217927176514928,1,1
0,0.14039304664929075,0,0
0,0.36292627887146467,0,0
0,0.06039643098133313,0,0
1,0.08938482489913682,0,0
0,0.20128783807318448,0,0
1,0.3234583109005713,0,0
1,0.640139956313868,1,1
1,0.8295282543866072,1,1
1,0.5469610976763337,1,1
1,0.6805296553671173,1,1
1,0.144170806812182,0,0
1,0.706326674999288,1,1
0,0.10078326475799423,0,0
1,0.6871387858174899,1,1
0,0.11553782301379996,0,0
0,0.10511800499989764,0,0
0,0.3281145418528551,0,0
0,0.3131312500017453,0,0
1,0.6885054814358027,1,1
1,0.8774023961152962,1,1
0,0.543260633724854,1,1
1,0.18068868725427456,0,0
1,0.3357873737647418,0,0
0,0.250243473184392,0,0
0,0.08059557692715735,0,0
0,0.11197847606037027,0,0
0,0.5601385426344789,1,1
1,0.9552648453278559,1,1
1,0.4944581143565043,0,1
1,0.07734739094931779,0,0
0,0.3258529132344324,0,0
0,0.2883433411580266,0,0
0,0.15188103016092078,0,0
1,0.8595083390549363,1,1
0,0.19032664644390393,0,0
0,0.11934827250258417,0,0
1,0.7358683854155448,1,1
0,0.5017555015228892,1,1
1,0.46779663353529977,0,0
0,0.42899780355128647,0,0
1,0.5875221571625538,1,1
0,0.1166603896488478,0,0
0,0.5060547764348831,1,1
0,0.1199001763086656,0,0
0,0.143874783623833,0,0
0,0.4962710167863031,0,1
1,0.7087660574523644,1,1
0,0.8619982247972506,1,1
0,0.6650147761518871,1,1
1,0.5963115026475053,1,1
1,0.7618255062538349,1,1
0,0.14949287368087788,0,0
1,0.7590200124383134,1,1
0,0.08213746017856356,0,0
0,0.8109287284252892,1,1
0,0.45268350418847425,0,0
0,0.2818595084865924,0,0
0,0.3363184706810115,0,0
0,0.16508304205385765,0,0
0,0.3701758004391506,0,0
1,0.8709262877100409,1,1
1,0.5591406191004988,1,1
0,0.1500697518016568,0,0
0,0.24221632377041344,0,0
0,0.25149155775875404,0,0
1,0.2646788077889448,0,0
0,0.24357262281987932,0,0
0,0.4125030709344083,0,0
0,0.4968843997499234,0,1
0,0.2549296053131164,0,0
0,0.2387510112848538,0,0
0,0.08263587649157197,0,0
0,0.1104503655552111,0,0
0,0.18309962180458186,0,0
0,0.18994244870090932,0,0
1,0.6736039730157233,1,1
1,0.692316395691347,1,1
1,0.5382451334880997,1,1
1,0.8099913317141891,1,1
0,0.7483516710416506,1,1
0,0.7554726017195746,1,1
0,0.25147468784296606,0,0
0,0.23523600212698112,0,0
0,0.8780382155469169,1,1
0,0.8209840710276357,1,1
0,0.19361494864033138,0,0
1,0.3611070705533343,0,0
1,0.6927937579156963,1,1
0,0.41894734657281313,0,0
0,0.14953229403403642,0,0
0,0.0636020977542859,0,0
1,0.16958096095385874,0,0
1,0.6723841622528348,1,1
0,0.637578154865409,1,1
0,0.4436081668254355,0,0
0,0.47981252934320656,0,1
0,0.6247628470739625,1,1
0,0.13109531282796427,0,0
0,0.208091718846822,0,0
0,0.2702982037172818,0,0
1,0.42418349260754734,0,0
0,0.35460572073814733,0,0
0,0.38383672640450056,0,0
0,0.09937808416165667,0,0
0,0.2822858655898505,0,0
0,0.1383506327972743,0,0
0,0.05031199112446126,0,0
0,0.16128453093379586,0,0
0,0.1250241018526922,0,0
1,0.7132551796726644,1,1
1,0.48096911545577203,0,1
1,0.4881008628979478,0,1
0,0.18579776315408383,0,0
1,0.7087899696775367,1,1
1,0.4455369266765419,0,0
1,0.5746281716011175,1,1
0,0.46986708980088016,0,0
1,0.2707326355616255,0,0
0,0.0717180855696275,0,0
0,0.055446830222861426,0,0
1,0.8174093945811434,1,1
0,0.811156826079836,1,1
0,0.2873011700730068,0,0
1,0.6648391500860588,1,1
1,0.31828835731408506,0,0
0,0.2915505781776569,0,0
0,0.0696780334741582,0,0
0,0.28909219808787745,0,0
0,0.31326941097480965,0,0
0,0.18567369909281753,0,0
0,0.4024326911923194,0,0
0,0.8147979052923753,1,1
0,0.42317965636154,0,0
0,0.20275609676210285,0,0
0,0.3279195768358823,0,0
0,0.19314630428650925,0,0
0,0.7505306389372653,1,1
0,0.5128526187593976,1,1
0,0.5575479985942441,1,1
0,0.09450821375110112,0,0
0,0.13263971258570822,0,0
1,0.9063404703720112,1,1
1,0.8321506902256937,1,1
0,0.3005909760781984,0,0
0,0.5495424339112097,1,1
0,0.28339041764078154,0,0
0,0.12754369491219986,0,0
1,0.8355081770925041,1,1
0,0.26167248198605547,0,0
0,0.2505809780214666,0,0
0,0.6529083874511833,1,1
0,0.17624068137671692,0,0
0,0.41302432086438823,0,0
0,0.24443035536817187,0,0
1,0.40304363365831464,0,0
0,0.3219281704652427,0,0
0,0.7554896592470077,1,1
1,0.1794988602870661,0,0
0,0.513507747823098,1,1
0,0.7235197143405029,1,1
0,0.7057103010698637,1,1
0,0.20212610857663732,0,0
0,0.07529274853201551,0,0
0,0.3805672529366622,0,0
1,0.9350695711452048,1,1
0,0.4815917667341521,0,1
1,0.5984735472135093,1,1
1,0.8474049662303597,1,1
0,0.4520402767348659,0,0
0,0.367484567150532,0,0
0,0.2241189062807611,0,0
0,0.2863998939915962,0,0
0,0.2174693106337496,0,0
0,0.1463545265968769,0,0
0,0.3866849441341124,0,0
0,0.45109041267820316,0,0
0,0.13847209149617817,0,0
1,0.8755456484051066,1,1
0,0.6860704046237034,1,1
1,0.8069913681683207,1,1
1,0.8576756424432755,1,1
1,0.8165439843169016,1,1
0,0.24878869608751358,0,0
0,0.17052389304116744,0,0
1,0.8118055811516857,1,1
0,0.8918672976722735,1,1
0,0.46533660061184506,0,0
0,0.0998301484172356,0,0
0,0.19778845642269477,0,0
0,0.30878803419291084,0,0
1,0.2121999599931536,0,0
1,0.8820134987300914,1,1
1,0.3283899110563656,0,0
1,0.8614717064094953,1,1
1,0.816379614367428,1,1
0,0.1992217370047233,0,0
0,0.41078040001301513,0,0
1,0.6470407301554284,1,1
1,0.6371906018065199,1,1
0,0.3255384255833107,0,0
0,0.059801164725194804,0,0
0,0.1291047964474788,0,0
1,0.8704063811241043,1,1
0,0.06725165388802665,0,0
0,0.2332011638497885,0,0
1,0.5403090091559282,1,1
1,0.8406757809088187,1,1
0,0.5202424125534891,1,1
0,0.21478842978042312,0,0
1,0.19776868020563199,0,0
0,0.14416466597926286,0,0
1,0.9292992174959575,1,1
0,0.28856134935469774,0,0
0,0.17187794281058666,0,0
0,0.15577331113004095,0,0
0,0.6439115514141641,1,1
0,0.18326213532578017,0,0
1,0.8183525434929548,1,1
0,0.08660401555470955,0,0
1,0.6260958942649454,1,1
0,0.1898947078671067,0,0
0,0.25240289521928033,0,0
0,0.09073511163339383,0,0
0,0.8538290822710457,1,1
0,0.315139855505048,0,0
0,0.1076051428683382,0,0
1,0.8997596458161359,1,1
0,0.09953749917688835,0,0
1,0.5488571160710604,1,1
0,0.5295183625280786,1,1
1,0.1522077610769819,0,0
0,0.398020664300682,0,0
0,0.6215525793644705,1,1
1,0.8539461148296725,1,1
0,0.7874973566804848,1,1
1,0.5777805717483837,1,1
0,0.41627498973390714,0,0
1,0.6674298542067008,1,1
0,0.6368782291977024,1,1
1,0.432681110433123,0,0
0,0.7629730828049137,1,1
0,0.2359612499677762,0,0
1,0.49824493147075966,0,1
1,0.8025335793896339,1,1
0,0.12605569550078247,0,0
1,0.19985237367796613,0,0
0,0.2191618545428563,0,0
0,0.07969275140822418,0,0
0,0.19558520044454455,0,0
0,0.47320459390366165,0,1
1,0.8033299260185598,1,1
0,0.5107118764523617,1,1
0,0.23309866900042964,0,0
0,0.6075661380715242,1,1
1,0.3797645820929299,0,0
0,0.7271534988401648,1,1
0,0.4511763083357818,0,0
1,0.3870816677676587,0,0
1,0.4154800499399224,0,0
1,0.8141909980515043,1,1
1,0.7898793562496182,1,1
0,0.5781665731335088,1,1
0,0.17378147707964323,0,0
1,0.4980441757967498,0,1
0,0.1297219260387478,0,0
1,0.6314439703073897,1,1
0,0.6474413656851501,1,1
0,0.664048292020076,1,1
0,0.7380930135836853,1,1
0,0.32609201245559255,0,0
1,0.8355752797255741,1,1
0,0.11845104645709939,0,0
0,0.31786903904965425,0,0
0,0.5817070879255312,1,1
1,0.7385630550519754,1,1
0,0.6596496399680115,1,1
1,0.10837926282633638,0,0
0,0.5130528119960043,1,1
1,0.4587106199778067,0,0
0,0.2721851804406478,0,0
0,0.26068186824701917,0,0
1,0.6798326835247345,1,1
0,0.06661364204714043,0,0
0,0.5132716083203961,1,1
0,0.12739223979836445,0,0
0,0.4194503795973655,0,0
1,0.2580598279401429,0,0
0,0.7209872840415914,1,1
0,0.7423374861840581,1,1
1,0.89820709548236,1,1
0,0.4107522000307837,0,0
0,0.15605017503662952,0,0
0,0.2695570775121661,0,0
0,0.05687688227711123,0,0
1,0.15823510356316586,0,0
0,0.07754165573016775,0,0
0,0.05722582130899046,0,0
0,0.5673038410444804,1,1
0,0.804316458829582,1,1
0,0.6532857371745443,1,1
1,0.2847463458462173,0,0
0,0.4966268088721786,0,1
0,0.6764781245372972,1,1
0,0.10038451888814703,0,0
0,0.3069621353506331,0,0
0,0.30596392682355905,0,0
1,0.4874996957401945,0,1
1,0.15675199208203902,0,0
1,0.41227154482375455,0,0
0,0.26027953162846734,0,0
1,0.5819372759694179,1,1
1,0.833418142314339,1,1
1,0.723498823893158,1,1
0,0.1388681308966918,0,0
0,0.31044270098540505,0,0
0,0.07958453618687986,0,0
0,0.18301802072260326,0,0
0,0.4237097464434942,0,0
0,0.05576396278031544,0,0
0,0.13838032820327192,0,0
0,0.34089301014136125,0,0
0,0.32981003664013026,0,0
0,0.770927533154224,1,1
1,0.7993172987862304,1,1
0,0.45652666398255776,0,0
0,0.6262581778775442,1,1
0,0.10028242440304579,0,0
0,0.07432647020913785,0,0
1,0.3571120392907366,0,0
0,0.22870605542486333,0,0
0,0.32101356977674844,0,0
1,0.8755736715905866,1,1
1,0.8452349854852225,1,1
1,0.4832198229801761,0,1
0,0.12848121287568912,0,0
0,0.26779339312031747,0,0
0,0.7779252880945382,1,1
0,0.10890611374843469,0,0
0,0.2675488828390226,0,0
0,0.6210983987578541,1,1
0,0.05016090288997435,0,0
0,0.2711776192486498,0,0
0,0.16725193816102574,0,0
0,0.4092864667137674,0,0
1,0.6553481803732109,1,1
0,0.13068950420359662,0,0
0,0.5361824578284425,1,1
0,0.3444876381874215,0,0
0,0.8399629241242509,1,1
1,0.622741169478242,1,1
0,0.323609486651855,0,0
0,0.2933615181372384,0,0
1,0.30749537506613933,0,0
1,0.2558345869967774,0,0
0,0.4063656725797532,0,0
0,0.4524663322805087,0,0
0,0.2136397959936598,0,0
0,0.46673295458742864,0,0
0,0.7619941815508282,1,1
0,0.1252262975784094,0,0
1,0.34613174431641774,0,0
0,0.6771169032078844,1,1
0,0.0800185521809433,0,0
0,0.2561825417667607,0,0
1,0.8217941272098879,1,1
0,0.10401714989545974,0,0
1,0.7882686780101407,1,1
1,0.8276321128704088,1,1
0,0.12992779733849194,0,0
0,0.2748655699003724,0,0
0,0.16032988763204875,0,0
0,0.27474460248106386,0,0
0,0.9253821297418786,1,1
0,0.1342671403417624,0,0
0,0.08547744948115198,0,0
1,0.807942776341215,1,1
0,0.44796256871655654,0,0
0,0.4265019085308936,0,0
1,0.717041490757701,1,1
0,0.601470370515712,1,1
0,0.0578364937545671,0,0
1,0.5829532474635603,1,1
0,0.739490712910135,1,1
0,0.35163542369637774,0,0
1,0.3106710760169524,0,0
0,0.9134583114537688,1,1
0,0.4329665515812533,0,0
0,0.4442805356771962,0,0
0,0.05677572524622262,0,0
0,0.19888057024088365,0,0
1,0.6983330168788042,1,1
1,0.5620242384631096,1,1
1,0.801689298767281,1,1
0,0.2933150841972838,0,0
0,0.5088679850015784,1,1
1,0.7554152199357435,1,1
0,0.27081014339707343,0,0
0,0.32235996047256976,0,0
0,0.5149927857382885,1,1
0,0.853202307574293,1,1
0,0.4282765806027818,0,0
0,0.292822217685795,0,0
0,0.06001922865015703,0,0
0,0.4855157341766512,0,1
0,0.576860147915268,1,1
0,0.514938445236798,1,1
1,0.8761374690854864,1,1
1,0.41475339356306773,0,0
0,0.705245255557015,1,1
1,0.13934891818731315,0,0
0,0.1646790242916395,0,0
0,0.2917433961067148,0,0
0,0.6523588526058262,1,1
1,0.7801489023303748,1,1
0,0.5610970306932346,1,1
0,0.35147864052298633,0,0
1,0.1405012414373469,0,0
0,0.330335557809765,0,0
0,0.030452055262942975,0,0
0,0.10171657434574846,0,0
0,0.37079759046674327,0,0
0,0.46650750626512294,0,0
1,0.8858553385722502,1,1
1,0.44107353808283123,0,0
0,0.34914753945357224,0,0
0,0.2060402141252673,0,0
1,0.7700686912133959,1,1
0,0.09917222146126589,0,0
0,0.3516706668209391,0,0
1,0.8230497878411684,1,1
1,0.8318578841378703,1,1
1,0.6533135473153218,1,1
0,0.15513759777392755,0,0
0,0.39072120015189943,0,0
0,0.1896204113118093,0,0
1,0.7493823360960082,1,1
1,0.3163149173167704,0,0
1,0.7193161999525676,1,1
1,0.24924003123962807,0,0
0,0.39161308652363686,0,0
1,0.8353422372853229,1,1
0,0.24560527976870128,0,0
1,0.4161676107683954,0,0
0,0.10968172617339132,0,0
0,0.24678420432855808,0,0
0,0.17283481090585903,0,0
0,0.2112227077726575,0,0
1,0.6772671936002421,1,1
0,0.11773110724152981,0,0
1,0.34259855131611205,0,0
0,0.38462568022876786,0,0
0,0.3988754115312986,0,0
0,0.16990280118722,0,0
1,0.9491723919694602,1,1
1,0.4824517898557194,0,1
0,0.11453322141756923,0,0
0,0.13398484254840015,0,0
0,0.31198981454518576,0,0
0,0.7453051985085384,1,1
0,0.40966303507266266,0,0
1,0.8349650281601164,1,1
1,0.2825921105212581,0,0
0,0.12219025176779727,0,0
1,0.7379581301441565,1,1
0,0.40125151961811,0,0
0,0.1530219832743551,0,0
0,0.264458804136995,0,0
0,0.6523141861604822,1,1
0,0.19382915496086364,0,0
0,0.17084792475726604,0,0
0,0.20704093987022132,0,0
1,0.8526336278234877,1,1
0,0.10681889778225906,0,0
1,0.6711446072038205,1,1
0,0.1153842174069968,0,0
1,0.7127406583605528,1,1
0,0.04808522236883026,0,0
0,0.4349065053771862,0,0
0,0.8751885539286008,1,1
1,0.28262481432593,0,0
0,0.21600433768690805,0,0
1,0.8091275007449643,1,1
0,0.08125980248497584,0,0
0,0.3985121149239761,0,0
1,0.3405376149567647,0,0
1,0.7875686700037964,1,1
1,0.8545895625599732,1,1
0,0.5258568024835504,1,1
0,0.3215358784210795,0,0
1,0.7250167288689259,1,1
1,0.7342047650932242,1,1
1,0.8264480837447636,1,1
0,0.792540422528576,1,1
0,0.33915334597304003,0,0
0,0.2411750480281978,0,0
0,0.1011630478135109,0,0
0,0.2823666549855429,0,0
0,0.16008488835875762,0,0
0,0.7118957642194162,1,1
1,0.8501199998177056,1,1
0,0.10301143449248513,0,0
0,0.5870494996426472,1,1
0,0.4332436103060884,0,0
0,0.31714383311016414,0,0
1,0.7998271836697162,1,1
0,0.08890188955247069,0,0
0,0.185650705492294,0,0
0,0.06577301894743133,0,0
0,0.658059095963788,1,1
0,0.18600318252081555,0,0
0,0.37329600971113025,0,0
1,0.9233397767317627,1,1
0,0.1641875083862828,0,0
0,0.2147439957745703,0,0
0,0.3494214587292855,0,0
1,0.7674839006123637,1,1
0,0.2795609342389022,0,0
0,0.06763534027567843,0,0
0,0.1635720430345471,0,0
1,0.7466923092216414,1,1
0,0.5113338156424676,1,1
0,0.2959654013965613,0,0
0,0.08111449242223233,0,0
0,0.4470363390724217,0,0
1,0.9294580684401749,1,1
0,0.09892114023441932,0,0
0,0.09630617353866092,0,0
1,0.6868311584953847,1,1
0,0.2829210460536672,0,0
1,0.8470390981570092,1,1
1,0.848435609341345,1,1
0,0.1370424133100699,0,0
1,0.36050478932920355,0,0
0,0.6617968544056957,1,1
0,0.7109865946846293,1,1
0,0.26737812913207964,0,0
0,0.12268084919029947,0,0
0,0.27544301273030386,0,0
0,0.19555600701675951,0,0
1,0.7632062688362145,1,1
0,0.36853680621525337,0,0
1,0.07814989432971682,0,0
0,0.17276408535825125,0,0
1,0.9425661419178267,1,1
1,0.467661765944513,0,0
0,0.0753040410071324,0,0
0,0.7240477053103251,1,1
0,0.40456452632895046,0,0
0,0.29964699269536704,0,0
0,0.30917625261652615,0,0
0,0.7099253305356189,1,1
0,0.0974446442726482,0,0
1,0.25709522458279055,0,0
1,0.21771168865267748,0,0
1,0.8120691024329442,1,1
0,0.06677346177271205,0,0
1,0.8289699669852888,1,1
0,0.1119893288430722,0,0
0,0.4314784862105954,0,0
0,0.5439903717786709,1,1
0,0.08444042480343918,0,0
0,0.44022222950548096,0,0
0,0.6214235032124207,1,1
1,0.26664063218074424,0,0
0,0.36995013224716866,0,0
0,0.22266592168069183,0,0
1,0.2917479833322083,0,0
1,0.8061263546108317,1,1
1,0.8133977600719026,1,1
0,0.06462444690934567,0,0
0,0.33308540999266395,0,0
1,0.7807360903992125,1,1
0,0.20559231833794261,0,0
1,0.852104013995118,1,1
0,0.5873384462462233,1,1
1,0.8836706056151553,1,1
0,0.3694612116129983,0,0
1,0.33108756885557517,0,0
0,0.7026705312732443,1,1
1,0.8974561568204826,1,1
0,0.7907312484299157,1,1
0,0.15557698289771937,0,0
0,0.5864408153315834,1,1
1,0.28038339815866536,0,0
1,0.7365631410794999,1,1
0,0.10172323479675897,0,0
0,0.5127660524324388,1,1
0,0.7225924679816677,1,1
1,0.8995657147627383,1,1
1,0.7633988372428341,1,1
0,0.2797222669955376,0,0
1,0.3430746642094726,0,0
1,0.7659865541441931,1,1
0,0.3171518280802152,0,0
1,0.44576488391847424,0,0
0,0.6408026274035228,1,1
0,0.3501349996646738,0,0
0,0.19945460448229066,0,0
0,0.4117155082859976,0,0
1,0.8908968320008946,1,1
0,0.30433061930491645,0,0
0,0.20795661824581574,0,0
0,0.07081808269797076,0,0
0,0.169393429417211,0,0
0,0.5197642088402284,1,1
0,0.22406834018089938,0,0
1,0.3898267013553769,0,0
0,0.37008714015360283,0,0
1,0.29249021324522034,0,0
0,0.3611100917979946,0,0
1,0.24564202443407504,0,0
0,0.27590290301148324,0,0
0,0.4343341454386005,0,0
0,0.951948642849138,1,1
0,0.07828664003579153,0,0
0,0.41827661632209884,0,0
1,0.9144877397988898,1,1
0,0.1605498930136485,0,0
1,0.32188989403314844,0,0
0,0.748872366978703,1,1
0,0.3604603027594546,0,0
0,0.3410504821253811,0,0
1,0.524541405363065,1,1
0,0.8561706054365008,1,1
1,0.3769723842987058,0,0
0,0.4778567897033903,0,1
1,0.2630664986980593,0,0
0,0.418786776839238,0,0
0,0.17396939504495348,0,0
0,0.33233085057270445,0,0
0,0.07323743964398832,0,0
1,0.7517770788485864,1,1
1,0.9548326006783898,1,1
0,0.5937739141310057,1,1
1,0.8852161339166572,1,1
1,0.7396623298198887,1,1
0,0.5754548740924431,1,1
1,0.2814691052823123,0,0
0,0.17515996412625373,0,0
1,0.8649279619828496,1,1
0,0.42367369977748065,0,0
0,0.11668155812060745,0,0
0,0.5405216505255653,1,1
1,0.9156698076729561,1,1
1,0.3663179940242187,0,0
0,0.8951902533624282,1,1
1,0.3149469250680861,0,0
0,0.12634410207137214,0,0
0,0.5708650371091909,1,1
0,0.600645963586966,1,1
0,0.09429497536651746,0,0
1,0.6393446913343436,1,1
0,0.5687191496394554,1,1
0,0.47924037412577397,0,1
1,0.7122146018028739,1,1
1,0.923437743681292,1,1
0,0.13694380260500671,0,0
0,0.15236992202297064,0,0
0,0.5952062398068638,1,1
0,0.4642176016043351,0,0
0,0.29819878070637157,0,0
0,0.48550026775598176,0,1
0,0.1742566633542181,0,0
0,0.073429153191013,0,0
0,0.43520528672842806,0,0
0,0.5503266118902918,1,1
0,0.13246129708883078,0,0
0,0.4790051714872248,0,1
0,0.34630101883770087,0,0
0,0.1399615216808278,0,0
0,0.6315744830050849,1,1
0,0.8668552990704523,1,1
0,0.08807867008374523,0,0
1,0.774582109324634,1,1
0,0.05901712707508947,0,0
1,0.33948882230434124,0,0
1,0.7374221975723715,1,1
0,0.42766903119521993,0,0
1,0.8646540247858449,1,1
0,0.14363248599598435,0,0
1,0.7901578023811244,1,1
0,0.9238949730188935,1,1
0,0.2549595219940953,0,0
1,0.7198840288836073,1,1
0,0.5158592781552707,1,1
0,0.9138421381090419,1,1
1,0.2601609729239122,0,0
1,0.7872587189956453,1,1
0,0.7564897545854489,1,1
0,0.8431445610507852,1,1
0,0.1724913126961477,0,0
1,0.9535487534061262,1,1
1,0.2622856982644966,0,0
0,0.3782754495678557,0,0
0,0.15269871982524186,0,0
1,0.5929343447746651,1,1
0,0.18386215142892545,0,0
0,0.29174169395887917,0,0
1,0.39760223862378835,0,0
1,0.2901277804029005,0,0
0,0.6020581962846111,1,1
1,0.41084366490009383,0,0
0,0.1915958303260502,0,0
1,0.492385896431565,0,1
0,0.24112101269405453,0,0
1,0.9449402840735428,1,1
1,0.19298364576294905,0,0
1,0.5513861207739934,1,1
0,0.3446117801240809,0,0
0,0.4409004704150295,0,0
0,0.3385257946625521,0,0
1,0.6753508202165149,1,1
1,0.845448093806219,1,1
0,0.11829902814262863,0,0
1,0.8026815966311857,1,1
1,0.7719757299625905,1,1
1,0.6128323142416322,1,1
0,0.19834666185642133,0,0
1,0.6843918512383709,1,1
1,0.5380386673096078,1,1
0,0.7817437988416219,1,1
0,0.41224282813461344,0,0
0,0.15103004006675386,0,0
0,0.14795046300679793,0,0
0,0.06911332728859453,0,0
0,0.18053464307973024,0,0
0,0.4259446212031381,0,0
0,0.08998013670864485,0,0
0,0.37419718716748573,0,0
0,0.09043556379859494,0,0
0,0.0776950544711533,0,0
0,0.3609344060888171,0,0
1,0.5630893593264207,1,1
1,0.46777426662104343,0,0
0,0.15812147588233097,0,0
0,0.22167392344752962,0,0
0,0.3769434861407487,0,0
0,0.47268796408379343,0,1
1,0.8105123208080076,1,1
0,0.11375031300311778,0,0
1,0.8800896348918911,1,1
0,0.11681984383025391,0,0
0,0.27529303669796584,0,0
0,0.3441688429030501,0,0
0,0.20754531943953144,0,0
0,0.49807703662034486,0,1
0,0.2639022957963752,0,0
0,0.4527560301872278,0,0
0,0.10192655385254286,0,0
1,0.9369589292779132,1,1
0,0.6928356776455691,1,1
0,0.17359554769773952,0,0
1,0.6036498382715416,1,1
1,0.7213775130897948,1,1
0,0.10713530570579868,0,0
1,0.7591226693462297,1,1
0,0.30214458193856014,0,0
1,0.7351682836721882,1,1
1,0.17018081484571262,0,0
0,0.34753517955196905,0,0
1,0.8535391204917263,1,1
1,0.8564217610335402,1,1
1,0.42269899147438733,0,0
0,0.6912210157549571,1,1
1,0.8295462646836735,1,1
0,0.09053248169300483,0,0
0,0.10645158155715566,0,0
1,0.48655427011366864,0,1
1,0.7545177839714832,1,1
0,0.15094746834519762,0,0
0,0.4708804868855664,0,1
1,0.6184050296650472,1,1
0,0.05866278350671567,0,0
1,0.611057666845914,1,1
0,0.1388252214645855,0,0
1,0.5816523282649728,1,1
1,0.8497631392507122,1,1
0,0.4689982653452643,0,0
1,0.24231270922892087,0,0
0,0.2827714549863483,0,0
1,0.5624836383197219,1,1
0,0.48476976251476334,0,1
0,0.1014419489403761,0,0
0,0.20485240331498772,0,0
0,0.25037415356942083,0,0
0,0.3136083872881198,0,0
1,0.9245946187070015,1,1
0,0.4107137486709392,0,0
1,0.8804262747617256,1,1
1,0.7154419927281532,1,1
0,0.09199962476109506,0,0
0,0.2689248632256144,0,0
1,0.666990118748746,1,1
1,0.3020796537285039,0,0
0,0.16130468445461066,0,0
0,0.32107959106298467,0,0
0,0.26517981410043795,0,0
0,0.18803581233994332,0,0
1,0.8809440933188442,1,1
0,0.2566750545813949,0,0
0,0.07803652195853764,0,0
0,0.1474642096490501,0,0
1,0.7305423650472928,1,1
1,0.05822975440261283,0,0
1,0.7929052683504713,1,1
1,0.7885871828433789,1,1
0,0.42598242443912543,0,0
1,0.2962632733834031,0,0
0,0.42859408791716874,0,0
0,0.3112415106853957,0,0
0,0.14971670792913175,0,0
0,0.18740303456979546,0,0
0,0.4261167138433667,0,0
0,0.27697110387957463,0,0
1,0.7402851962325047,1,1
0,0.23652427641590346,0,0
0,0.8165490183659453,1,1
0,0.6698352743411178,1,1
0,0.19507884087540872,0,0
0,0.2854531973303621,0,0
0,0.32169498665408064,0,0
1,0.9059206077835505,1,1
0,0.09957431595143315,0,0
1,0.7042369416158505,1,1
0,0.3369249599575953,0,0
0,0.26325874289432305,0,0
1,0.9085807870994759,1,1
1,0.8760926259492178,1,1
0,0.07283923093892893,0,0
0,0.34312181907409317,0,0
0,0.3507511829800881,0,0
0,0.29891254890412344,0,0
0,0.6991544559653483,1,1
1,0.14539764101053806,0,0
0,0.8614793060732189,1,1
0,0.19903663464565113,0,0
0,0.3482929575013299,0,0
0,0.2717085773494848,0,0
0,0.3333901722579298,0,0
0,0.09930308022228694,0,0
0,0.2516756014552756,0,0
1,0.46495109281260666,0,0
0,0.48178460631055786,0,1
0,0.425239365121241,0,0
0,0.08249191997084467,0,0
0,0.3168260225793428,0,0
0,0.7243522414319278,1,1
0,0.0860335926868733,0,0
1,0.354390157100915,0,0
0,0.08556515994532679,0,0
0,0.1965857736786262,0,0
0,0.8118788235052159,1,1
0,0.43202727114661077,0,0
1,0.837321929973797,1,1
0,0.6078810813827513,1,1
0,0.08760328158019766,0,0
1,0.7584159895581578,1,1
0,0.21203345510079394,0,0
0,0.11088252382917804,0,0
0,0.15076043480686,0,0
0,0.6673534372686121,1,1
0,0.41833783455900786,0,0
1,0.6598164885907899,1,1
1,0.5506213597324364,1,1
1,0.316490463681264,0,0
0,0.21179614794656498,0,0
0,0.24744853677855036,0,0
1,0.76994726147375,1,1
0,0.6882115357403802,1,1
0,0.2249838694803782,0,0
0,0.11791023962165095,0,0
0,0.09225430903818668,0,0
0,0.2479541559150515,0,0
0,0.22777836891392544,0,0
0,0.4451387317274718,0,0
0,0.1591072417837733,0,0
1,0.7490474537467073,1,1
0,0.7867086232043633,1,1
0,0.4365918450064763,0,0
0,0.36378286251627856,0,0
1,0.8105899702194423,1,1
1,0.7625910627706345,1,1
0,0.20830010672701424,0,0
1,0.3764541683626848,0,0
0,0.16673482475618445,0,0
1,0.5635364585395427,1,1
1,0.2440631924000324,0,0
0,0.5801925159123733,1,1
1,0.8825314745300911,1,1
1,0.7806184482075029,1,1
0,0.4588234785671654,0,0
1,0.6229485387098491,1,1
0,0.5455282431778727,1,1
1,0.6483442899531912,1,1
1,0.6600026865177554,1,1
1,0.4793806859028628,0,1
1,0.7253015009827884,1,1
0,0.5141824225604193,1,1
0,0.24895814790829507,0,0
0,0.39084302769281937,0,0
0,0.4779861931108497,0,1
1,0.6239788912797349,1,1
0,0.6475202101633255,1,1
0,0.1513174862826232,0,0
0,0.33502373904860056,0,0
1,0.4805272598465899,0,1
1,0.7800366111332242,1,1
1,0.46873786619225377,0,0
0,0.29749746941760064,0,0
1,0.3526577104947488,0,0
0,0.2779811972708714,0,0
0,0.31411479364093203,0,0
1,0.941519271079705,1,1
0,0.8554250490412575,1,1
0,0.09949240742504169,0,0
0,0.36738949752244315,0,0
0,0.044453639074317985,0,0
0,0.5101437084980981,1,1
0,0.5552933422115374,1,1
0,0.508471219606792,1,1
0,0.4845527219206793,0,1
0,0.33692360356555734,0,0
0,0.3561129332510903,0,0
1,0.8300196520379604,1,1
1,0.38066358467427824,0,0
1,0.5803002042433789,1,1
0,0.24940384171266214,0,0
0,0.4983962885660827,0,1
0,0.09722429842333027,0,0
0,0.17841607577488258,0,0
0,0.10670845318923185,0,0
1,0.4532647057483531,0,0
0,0.27374176497408603,0,0
0,0.05603857525795387,0,0
1,0.805041292017323,1,1
0,0.6309993052027183,1,1
0,0.3893458234256438,0,0
0,0.6421312916578654,1,1
1,0.4101451855449474,0,0
0,0.12144076979437606,0,0
1,0.7330826051679412,1,1
0,0.26643191177712056,0,0
0,0.46390280011534524,0,0
1,0.791831262155313,1,1
0,0.23716621982196162,0,0
0,0.24675142884839732,0,0
1,0.6447761709644407,1,1
1,0.8321769182178346,1,1
0,0.14554503533553437,0,0
0,0.46144820716546026,0,0
0,0.14013504231351617,0,0
1,0.822582148765291,1,1
0,0.21786403778287614,0,0
1,0.8181332355340044,1,1
0,0.45054325420873487,0,0
1,0.586371683093467,1,1
0,0.08721633452307091,0,0
1,0.6456685572026464,1,1
1,0.8527024391311746,1,1
1,0.4115368975826119,0,0
0,0.2870139922796885,0,0
1,0.8875787393103259,1,1
1,0.422859981311377,0,0
0,0.4563268176173219,0,0
0,0.140108667898762,0,0
0,0.4240525257724253,0,0
0,0.2922283691168429,0,0
0,0.1104089391225583,0,0
0,0.06757817955741299,0,0
1,0.41650734910455584,0,0
1,0.7573201620495486,1,1
1,0.9232642377062058,1,1
0,0.1991128681988392,0,0
0,0.217512133578294,0,0
0,0.3595022072271268,0,0
0,0.21467358319314236,0,0
0,0.5769925705810431,1,1
1,0.5695741125353181,1,1
1,0.8689911861565168,1,1
0,0.3354355236431144,0,0
0,0.8019468251010673,1,1
0,0.7659742755202077,1,1
0,0.29199937270505527,0,0
1,0.9389788535616851,1,1
1,0.3672257596965877,0,0
0,0.2493054140145522,0,0
1,0.822519619960878,1,1
0,0.2267323538422158,0,0
0,0.24082358710325052,0,0
1,0.38220059833930564,0,0
0,0.1497513529339975,0,0
0,0.49573162645193247,0,1
0,0.8351340872571374,1,1
1,0.5853900607734498,1,1
1,0.7994597245633369,1,1
0,0.4315396411619835,0,0
0,0.18774105311206274,0,0
1,0.2874740818574734,0,0
1,0.6540844082915545,1,1
0,0.18844983793510905,0,0
1,0.8894542997882888,1,1
0,0.4047044050894943,0,0
0,0.3947849670858707,0,0
0,0.44720713892445874,0,0
1,0.7049095646854433,1,1
0,0.4304163280529925,0,0
1,0.5710999408920356,1,1
0,0.37478230181033195,0,0
0,0.2533980996409377,0,0
0,0.21240968282193176,0,0
0,0.828464909963563,1,1
0,0.1842529587003501,0,0
1,0.603088101490032,1,1
0,0.19645586330743525,0,0
0,0.316771157308101,0,0
0,0.2259063844945727,0,0
1,0.9271845072185614,1,1
0,0.23356101015241806,0,0
0,0.05472807553702677,0,0
0,0.09886768247692597,0,0
1,0.7745538279259578,1,1
1,0.8881532281298519,1,1
1,0.8413519485035547,1,1
1,0.5750914604970004,1,1
1,0.8075600504803319,1,1
0,0.4610342760765637,0,0
1,0.7098773543616846,1,1
1,0.7031864786779309,1,1
0,0.5308662384467533,1,1
0,0.10109177153746482,0,0
1,0.27528039498470963,0,0
0,0.44526616636115807,0,0
0,0.23096842037515714,0,0
0,0.876581823614136,1,1
0,0.5355519500198203,1,1
0,0.20517535500527592,0,0
0,0.6837862683790253,1,1
0,0.5009490823554243,1,1
0,0.10578756961087712,0,0
0,0.7903913999177228,1,1
1,0.7972124819932727,1,1
1,0.8163927065794367,1,1
0,0.38963134558449464,0,0
1,0.9619405692218392,1,1
0,0.1102690019795826,0,0
0,0.07865636079848401,0,0
0,0.4972771711164534,0,1
1,0.5690884156593091,1,1
0,0.4061852174769581,0,0
0,0.35180515507239607,0,0
0,0.10849353259702696,0,0
1,0.6919565396213466,1,1
0,0.44701373852273363,0,0
0,0.08508065948717185,0,0
0,0.6119200561936361,1,1
1,0.7705164972265709,1,1
1,0.8429743905708622,1,1
0,0.34033274737370867,0,0
0,0.12355281830630974,0,0
0,0.19108439853142012,0,0
1,0.15634173981335883,0,0
0,0.09174222855026892,0,0
1,0.8584337988461476,1,1
0,0.1959753943272695,0,0
0,0.47276014247281584,0,1
1,0.833760806707154,1,1
0,0.24709230383963446,0,0
1,0.7660686092830892,1,1
0,0.13529115491322433,0,0
1,0.7870144884089909,1,1
0,0.19965572887923153,0,0
0,0.5979879670834767,1,1
1,0.4620108969367361,0,0
1,0.27732549551882674,0,0
0,0.3003917761586521,0,0
1,0.8830984471825422,1,1
1,0.8479743113700504,1,1
1,0.7419112084188512,1,1
0,0.782075825315485,1,1
0,0.5387077799291988,1,1
1,0.8300263250118051,1,1
1,0.8603701384106804,1,1
1,0.07789499946492219,0,0
0,0.5737146725630823,1,1
0,0.2315018130274852,0,0
1,0.77823693273587,1,1
0,0.09271357747520872,0,0
1,0.8706057430878191,1,1
1,0.8629507741060802,1,1
1,0.7304229102722972,1,1
0,0.07898512830608562,0,0
1,0.4360423255498052,0,0
0,0.2846643843252287,0,0
0,0.3510936569819583,0,0
1,0.6447931635129082,1,1
0,0.46819977791218825,0,0
1,0.5562216015984205,1,1
0,0.03516785144829097,0,0
0,0.4570186472999722,0,0
0,0.26443582900656815,0,0
0,0.15911051739144785,0,0
1,0.6452899789498276,1,1
0,0.07637681044721928,0,0
1,0.36439148912385266,0,0
1,0.5746322379727353,1,1
0,0.4948060980195164,0,1
0,0.40703633463543143,0,0
1,0.7966425997250726,1,1
0,0.05212145376368016,0,0
0,0.16239194683118602,0,0
1,0.13878572797668717,0,0
1,0.7044953149163056,1,1
0,0.5773933204634017,1,1
0,0.29423986648297124,0,0
1,0.8758852815938845,1,1
1,0.6280078921612309,1,1
0,0.6306640120191755,1,1
0,0.12418969037254199,0,0
1,0.7586110454800471,1,1
0,0.04585054987540579,0,0
1,0.7687158479227157,1,1
0,0.6168069449833432,1,1
0,0.3098435749736253,0,0
1,0.8679746119764569,1,1
0,0.27713879124160296,0,0
0,0.15898475344550028,0,0
0,0.883186926195,1,1
0,0.16682184544508483,0,0
1,0.9006466193436744,1,1
1,0.38628386445627655,0,0
0,0.3931867532291112,0,0
1,0.7949587578179375,1,1
0,0.8766571285667563,1,1
1,0.7403036700875945,1,1
1,0.3132885167261114,0,0
1,0.6478304157074004,1,1
1,0.406398973171839,0,0
1,0.8818919538074977,1,1
0,0.5118422314389188,1,1
1,0.6217150743302233,1,1
0,0.06322083756556957,0,0
0,0.17728607661297538,0,0
0,0.8154431522121258,1,1
1,0.5159491817031031,1,1
0,0.40606715476684047,0,0
0,0.4147789753755467,0,0
1,0.34314372210923466,0,0
1,0.7010829282411997,1,1
0,0.22768210244728085,0,0
0,0.15342710612490942,0,0
1,0.901257347109198,1,1
0,0.7789466621852631,1,1
1,0.5172842507578365,1,1
0,0.19877892700436683,0,0
0,0.8395459971070123,1,1
0,0.25541792214786807,0,0
0,0.05499295317246518,0,0
0,0.19780137677530596,0,0
1,0.7946197645090604,1,1
0,0.38609383002963366,0,0
0,0.4978939061747747,0,1
0,0.3705115385749398,0,0
0,0.69713833838237,1,1
0,0.10083018163502595,0,0
0,0.49801218647972145,0,1
1,0.5396457887064278,1,1
0,0.43140156069899893,0,0
0,0.742872431668911,1,1
0,0.12699925661957676,0,0
1,0.6766113243158248,1,1
1,0.42814124396445924,0,0
1,0.4557267007576859,0,0
0,0.10881470627318643,0,0
0,0.4310596660808082,0,0
1,0.758656824454906,1,1
0,0.11736206027533168,0,0
1,0.2840173740658437,0,0
0,0.29856198139185103,0,0
0,0.09715783348907066,0,0
0,0.607798258002896,1,1
0,0.3588963454959255,0,0
0,0.19238798340560073,0,0
0,0.07887477623036575,0,0
0,0.4460848606354941,0,0
0,0.18796307014381208,0,0
0,0.7029056135426761,1,1
0,0.31186614176377403,0,0
0,0.18283762602712114,0,0
0,0.6936791743707786,1,1
0,0.6465393604141192,1,1
1,0.9012563151892069,1,1
1,0.050308801763797366,0,0
0,0.37476051361391666,0,0
0,0.14314926527495495,0,0
0,0.18553761771256105,0,0
1,0.7656424166840596,1,1
1,0.7197286954143249,1,1
0,0.09628604119234732,0,0
1,0.7400627830975566,1,1
1,0.62459403381055,1,1
0,0.35065826917129383,0,0
1,0.40603972807285954,0,0
0,0.09779723843776224,0,0
0,0.39012354944864486,0,0
1,0.6985126194681656,1,1
0,0.13466165398207863,0,0
0,0.5749401273564125,1,1
0,0.20485306030445116,0,0
1,0.37662080985568264,0,0
0,0.16105372440767113,0,0
0,0.0782588714935638,0,0
0,0.10182071475642551,0,0
0,0.5743774862133377,1,1
0,0.23828500498289779,0,0
0,0.3489741457457852,0,0
0,0.3596961356326642,0,0
0,0.34313883325939015,0,0
0,0.2796478211676026,0,0
1,0.8984017699449829,1,1
1,0.7186302936610819,1,1
0,0.4296160185667809,0,0
0,0.07238722210934945,0,0
0,0.2724082738058021,0,0
0,0.21755717601780136,0,0
0,0.10733686503280254,0,0
1,0.8608709595314503,1,1
0,0.24529974078821515,0,0
0,0.0694863717599074,0,0
0,0.36602278761612544,0,0
0,0.12421555815478243,0,0
1,0.508672933120174,1,1
0,0.18982909084484367,0,0
1,0.5531147722331569,1,1
0,0.7257284978472242,1,1
0,0.7677906088013203,1,1
0,0.6470564196183042,1,1
0,0.20765580488240126,0,0
1,0.7988026603214848,1,1
1,0.787636409237529,1,1
0,0.6345779945928338,1,1
0,0.6269281463892866,1,1
0,0.18757141524009033,0,0
1,0.5978042280266237,1,1
0,0.6733748420639628,1,1
0,0.3088873143958718,0,0
0,0.1361166505680932,0,0
0,0.23994759902840887,0,0
0,0.5201530617572484,1,1
0,0.3297060261800093,0,0
0,0.2887749734642528,0,0
1,0.8213836697691488,1,1
0,0.14858785762511653,0,0
0,0.22456582335829833,0,0
0,0.282975188019296,0,0
0,0.25484234398547384,0,0
0,0.1766644972573794,0,0
1,0.7542957071925748,1,1
1,0.5070933378568457,1,1
0,0.9075051324904255,1,1
0,0.9114269612755734,1,1
0,0.1992858051002457,0,0
1,0.874994630074787,1,1
1,0.3741024395960831,0,0
0,0.493475803870712,0,1
0,0.4485679791059756,0,0
0,0.29674203402439553,0,0
0,0.16860587379061445,0,0
1,0.4200364498878064,0,0
0,0.24949004522769716,0,0
0,0.21668119368483515,0,0
0,0.39259218401359935,0,0
0,0.8238160203810143,1,1
1,0.8665170651707498,1,1
0,0.7408607936082253,1,1
0,0.17656064111809974,0,0
0,0.33735382039904566,0,0
0,0.6467424965458093,1,1
0,0.09383711074647987,0,0
0,0.8257193658102502,1,1
0,0.5423399269929176,1,1
0,0.08637202064544357,0,0
1,0.845889275230154,1,1
0,0.5466471119626323,1,1
0,0.1315051498659663,0,0
1,0.3793931431092557,0,0
1,0.7877344892819076,1,1
0,0.774855911051546,1,1
0,0.6798495264328297,1,1
0,0.1270866332301985,0,0
1,0.539002829264435,1,1
0,0.25132289284166864,0,0
1,0.9418613121903247,1,1
0,0.22806695893016685,0,0
1,0.7348413006602789,1,1
0,0.3460463760555331,0,0
0,0.15283646182271182,0,0
1,0.8364793286293674,1,1
0,0.3026499826662797,0,0
1,0.8677724177256873,1,1
1,0.8773441405058074,1,1
0,0.23880191788165786,0,0
1,0.90027201676876,1,1
1,0.2917451004625292,0,0
0,0.08226465860947357,0,0
1,0.49828892054698576,0,1
0,0.49507355851117857,0,1
0,0.17809325258788025,0,0
0,0.3460365502670423,0,0
0,0.5912080149160288,1,1
0,0.14092214276560894,0,0
1,0.6298785476328955,1,1
1,0.9283213175080185,1,1
0,0.3984361795829804,0,0
0,0.2059017918609525,0,0
0,0.16307737033655936,0,0
1,0.791856814652972,1,1
1,0.36819452310328266,0,0
0,0.21307883264862784,0,0
0,0.11392989745908891,0,0
1,0.9617539413123808,1,1
1,0.9043581563482416,1,1
1,0.3496821394290442,0,0
0,0.038272400795846054,0,0
0,0.3792448887027357,0,0
1,0.6756933910678622,1,1
0,0.5297836431457671,1,1
0,0.06888011306509054,0,0
0,0.2037124943471297,0,0
1,0.2101963101273005,0,0
0,0.17144275683524146,0,0
0,0.3088283416502317,0,0
0,0.2962121968778422,0,0
1,0.3323893977569728,0,0
0,0.5800322684928572,1,1
1,0.8164699499487192,1,1
0,0.6647856001968895,1,1
0,0.30663155023474575,0,0
0,0.29426688212047836,0,0
0,0.37268775662188297,0,0
0,0.573462880170496,1,1
1,0.7924073091542566,1,1
0,0.6595535112294999,1,1
0,0.33171377707441835,0,0
1,0.793885153362947,1,1
1,0.4448244128101124,0,0
0,0.1743644136555653,0,0
1,0.48542306045026934,0,1
0,0.1800915268101158,0,0
1,0.2566134887372259,0,0
0,0.5717001906030869,1,1
0,0.28026230886741144,0,0
0,0.2630753391426817,0,0
0,0.32410589343939755,0,0
0,0.3238981529711836,0,0
1,0.5989553930730891,1,1
1,0.6830292358312446,1,1
1,0.8390298850345839,1,1
0,0.7630398688735721,1,1
0,0.3295771484043492,0,0
0,0.8352573777797645,1,1
1,0.5992873230867837,1,1
1,0.4798650975780952,0,1
0,0.2297723201705734,0,0
1,0.4710124408984926,0,1
0,0.3046028660172468,0,0
1,0.788690680562884,1,1
1,0.8726332547011766,1,1
0,0.032345327100417084,0,0
1,0.5676958351127331,1,1
0,0.4179735564697457,0,0
0,0.16347882147002626,0,0
1,0.8527150778965804,1,1
0,0.4944870409585115,0,1
0,0.8745715325570776,1,1
0,0.5608797959830155,1,1
0,0.23955864786634248,0,0
0,0.4740803241373676,0,1
0,0.18303661855098083,0,0
1,0.9339350623855192,1,1
1,0.6566481279715551,1,1
0,0.35743060830856366,0,0
0,0.4900847274479122,0,1
1,0.2597239009382887,0,0
1,0.9318920812966817,1,1
0,0.2932405667500897,0,0
0,0.347399614273328,0,0
0,0.337608056388669,0,0
0,0.5702981442796767,1,1
0,0.23130873749785683,0,0
0,0.6414247224186941,1,1
0,0.8512787360821108,1,1
0,0.03529780369808698,0,0
0,0.5736201527759162,1,1
1,0.8990421762590879,1,1
0,0.4024933584349462,0,0
0,0.6423983686382768,1,1
1,0.862680039911527,1,1
1,0.7559907015651813,1,1
0,0.25202039404992166,0,0
0,0.1409714914185726,0,0
0,0.11714814770079483,0,0
0,0.4489377309183492,0,0
0,0.10724419494279701,0,0
0,0.27710509482538703,0,0
0,0.25640395067909566,0,0
0,0.2202477276070848,0,0
1,0.7951382090569934,1,1
0,0.080852718086884,0,0
0,0.10161409282038636,0,0
0,0.8004000705060751,1,1
1,0.5718836519087785,1,1
0,0.35798044718038746,0,0
0,0.06870973189889133,0,0
0,0.18762261936575267,0,0
0,0.470086609961617,0,1
0,0.043924788061252724,0,0
0,0.21140690420325253,0,0
0,0.2715400741765324,0,0
0,0.21250874673407086,0,0
0,0.2671741875330527,0,0
0,0.6215059657325764,1,1
0,0.3586986225610738,0,0
0,0.8415682085413376,1,1
0,0.7272261608448815,1,1
0,0.7203572724239877,1,1
1,0.36574955392119174,0,0
1,0.5782666717254099,1,1
0,0.41429767559373465,0,0
1,0.4223597116526044,0,0
1,0.7264774459068303,1,1
1,0.7530264553950707,1,1
1,0.8880074340377642,1,1
0,0.8953947536634661,1,1
0,0.3293758986897715,0,0
0,0.7082707353568451,1,1
1,0.7800302390558433,1,1
0,0.2188952190503841,0,0
1,0.12404662417338277,0,0
0,0.7143404495576946,1,1
1,0.629238000500359,1,1
1,0.6889820013352237,1,1
0,0.8809759417712432,1,1
0,0.08449915615904272,0,0
0,0.3646737761770087,0,0
0,0.3292333289614807,0,0
0,0.560907086038049,1,1
1,0.5738294556360061,1,1
0,0.14852777469085163,0,0
1,0.6381563151060203,1,1
0,0.4654162706878988,0,0
0,0.09041267010062203,0,0
0,0.2614226380204293,0,0
1,0.8729368744989774,1,1
0,0.07496031659289619,0,0
0,0.66486304223474,1,1
0,0.2552135299878979,0,0
0,0.10723860513779296,0,0
0,0.4437240309180809,0,0
1,0.0803688680323396,0,0
0,0.2183143718060592,0,0
0,0.7454214682535821,1,1
1,0.7038591218328433,1,1
1,0.6028244360536276,1,1
0,0.24617870403348277,0,0
0,0.6723544217192492,1,1
0,0.23372556000022904,0,0
0,0.069055612232301,0,0
1,0.33420972545200406,0,0
0,0.47252309110748675,0,1
0,0.45407487404289926,0,0
0,0.3148017423811225,0,0
0,0.2641052319494349,0,0
1,0.3230944813051479,0,0
0,0.6070785981699399,1,1
0,0.2531738253505516,0,0
0,0.3683790547312721,0,0
0,0.2268197900163218,0,0
0,0.5556944676665283,1,1
0,0.2789356072485379,0,0
0,0.33519991421039125,0,0
1,0.1405130743981643,0,0
0,0.1927716935396689,0,0
0,0.6324156510917882,1,1
1,0.6770278392772601,1,1
0,0.09825438526745617,0,0
0,0.17044896320283576,0,0
0,0.10706614546898321,0,0
0,0.07842916863129244,0,0
0,0.5794825638443252,1,1
0,0.13621889853716818,0,0
1,0.9034089083228458,1,1
0,0.1794629351801895,0,0
1,0.2360345323531474,0,0
0,0.19418794715740623,0,0
0,0.7171816453347181,1,1
1,0.8823709802329514,1,1
0,0.06933454961886219,0,0
1,0.7118180229432141,1,1
1,0.8578713849462329,1,1
0,0.5329135524546751,1,1
1,0.8627481002660997,1,1
0,0.12452972454703068,0,0
0,0.6440990868044312,1,1
0,0.3302375280381331,0,0
1,0.7759946788454939,1,1
0,0.7020565748920022,1,1
0,0.14967378361821393,0,0
1,0.14298343719679174,0,0
1,0.8779272525845879,1,1
0,0.1345217023674698,0,0
0,0.36371631829899914,0,0
0,0.053138154564007035,0,0
0,0.41353994626930357,0,0
0,0.09576641021876657,0,0
1,0.5037365578662788,1,1
0,0.16925643412236843,0,0
1,0.7021793131907412,1,1
0,0.45060763540639404,0,0
1,0.69450293666641,1,1
0,0.3167541647495777,0,0
1,0.7064768423376699,1,1
0,0.7300720442784301,1,1
0,0.7652906371928965,1,1
1,0.6174313455109265,1,1
1,0.8166377137889553,1,1
0,0.8577524120253273,1,1
1,0.4238219773987775,0,0
0,0.6754335768261687,1,1
1,0.9242712699804438,1,1
0,0.13431560524637523,0,0
0,0.3020007005912018,0,0
0,0.5142639919909467,1,1
1,0.5936449215160166,1,1
1,0.8409889426898852,1,1
0,0.27851307676206943,0,0
1,0.7840997227880272,1,1
1,0.38157058435562946,0,0
1,0.4456199221565324,0,0
1,0.9091542001793499,1,1
0,0.40669356283915725,0,0
0,0.10449761540259378,0,0
0,0.4586449740814882,0,0
0,0.30762709231552715,0,0
1,0.6132558084050734,1,1
0,0.0494799055468356,0,0
1,0.5031143940417516,1,1
0,0.3300889819241578,0,0
0,0.387525299568245,0,0
0,0.18394710110581036,0,0
1,0.8138070251911395,1,1
0,0.15768493732669736,0,0
1,0.8035641521013049,1,1
0,0.08491957622274307,0,0
0,0.294374566440549,0,0
1,0.33960372734701394,0,0
1,0.6495744370311369,1,1
1,0.4531475077616226,0,0
0,0.25159657254115053,0,0
0,0.19609005663652845,0,0
0,0.2784854311483249,0,0
0,0.19395519505788766,0,0
1,0.7002941400167885,1,1
1,0.46446101125724737,0,0
0,0.5151309939866063,1,1
0,0.4685436836716503,0,0
0,0.11281232209093364,0,0
1,0.8821713044614579,1,1
0,0.523395666657881,1,1
0,0.5618569413976612,1,1
1,0.7840300482303278,1,1
0,0.618470139301726,1,1
0,0.42470910908661297,0,0
0,0.773134332607406,1,1
1,0.16882585470001935,0,0
1,0.671202236867186,1,1
0,0.3336125004632029,0,0
0,0.15539739336294592,0,0
0,0.2845934544363547,0,0
0,0.1595886084167702,0,0
1,0.4418028336290257,0,0
1,0.8937497817229186,1,1
0,0.08009070776396135,0,0
0,0.8575863730955022,1,1
0,0.8107126807278415,1,1
0,0.2725017509660091,0,0
1,0.7886398439675862,1,1
0,0.7590394894268779,1,1
0,0.3965750871614234,0,0
0,0.3651033480932033,0,0
1,0.41367827044658834,0,0
0,0.12502222931486565,0,0
0,0.7241185469991143,1,1
1,0.4711875619239114,0,1
1,0.38326261295606223,0,0
1,0.47472925778890995,0,1
0,0.7061451733677772,1,1
0,0.6752419454514987,1,1
0,0.48921712731156464,0,1
1,0.37043010787068054,0,0
0,0.5764904993951148,1,1
0,0.6100323091468622,1,1
1,0.7160866974333251,1,1
1,0.7708262437557655,1,1
0,0.11950983823176026,0,0
0,0.881910965741656,1,1
0,0.3457421879075645,0,0
1,0.7364762371277566,1,1
0,0.4890921005471197,0,1
1,0.814839755220167,1,1
0,0.1962312899875465,0,0
0,0.618612226199519,1,1
1,0.7179703108945732,1,1
1,0.7550409190511136,1,1
1,0.8009024117467801,1,1
0,0.42462796787335133,0,0
0,0.4720865246051305,0,1
0,0.18614940422672996,0,0
1,0.45291358216629285,0,0
0,0.424777041225001,0,0
0,0.6106998718042539,1,1
0,0.5767810313205898,1,1
0,0.30254274002290044,0,0
0,0.4386822434487294,0,0
0,0.1626940535383551,0,0
0,0.39753475374822245,0,0
0,0.4752351212970327,0,1
0,0.808634286976141,1,1
1,0.5917031901777106,1,1
0,0.1176072224948127,0,0
0,0.8980158811000727,1,1
0,0.41547725366775723,0,0
0,0.22156914517212145,0,0
0,0.17274056839681542,0,0
0,0.27362790285860517,0,0
0,0.5700077546273296,1,1
1,0.8134043886318328,1,1
0,0.517877474564335,1,1
0,0.39279062440112217,0,0
0,0.18403575241931364,0,0
0,0.7383755445262027,1,1
0,0.3379706995512451,0,0
0,0.11650074535936063,0,0
1,0.19264460200149702,0,0
1,0.5678722629614202,1,1
0,0.38262769809951236,0,0
1,0.65955119576462,1,1
0,0.2077588980120782,0,0
1,0.9485031225334537,1,1
0,0.2134400810260942,0,0
0,0.5306251976779324,1,1
1,0.6107202368845643,1,1
1,0.8699064334036892,1,1
0,0.1383630565888628,0,0
0,0.48015271414105215,0,1
0,0.12465350436954555,0,0
0,0.8725130997994985,1,1
0,0.2390657152888006,0,0
1,0.8713441217268966,1,1
0,0.511919052678782,1,1
0,0.3041503471235791,0,0
0,0.3369077105632473,0,0
0,0.5339747258276716,1,1
0,0.8192699847332142,1,1
0,0.05021311185284153,0,0
1,0.47235920341656634,0,1
0,0.22425797838824776,0,0
0,0.29969524883273224,0,0
0,0.25021981892058137,0,0
1,0.5488568720767738,1,1
1,0.7434889239281843,1,1
0,0.3133792373967566,0,0
1,0.48235484850456084,0,1
1,0.8575117203457887,1,1
0,0.7478792515331992,1,1
1,0.8210629112614247,1,1
0,0.07794582987146763,0,0
1,0.8350283807330379,1,1
0,0.7223333458963566,1,1
0,0.2428412458147944,0,0
1,0.742936656556852,1,1
0,0.2471376088822691,0,0
1,0.9574166066039179,1,1
1,0.8993547725768669,1,1
0,0.06646815055832099,0,0
1,0.33060665047728083,0,0
1,0.8018040512941431,1,1
0,0.43027775864582235,0,0
1,0.8201964606209693,1,1
0,0.24339033333946578,0,0
1,0.29689838126822665,0,0
0,0.5448817713389997,1,1
0,0.6746124880623128,1,1
1,0.6945405614821641,1,1
0,0.31328137476327383,0,0
1,0.6717671845734703,1,1
1,0.871660120801457,1,1
1,0.825875705367595,1,1
0,0.14325936781488743,0,0
1,0.8068198772667203,1,1
0,0.6270485351121551,1,1
0,0.7463736342163287,1,1
1,0.8440325244034351,1,1
0,0.3076568891464183,0,0
1,0.8453082379809672,1,1
0,0.44511351379324643,0,0
0,0.2492375252925169,0,0
0,0.5394295297237247,1,1
1,0.9016388416882565,1,1
0,0.07060955036520934,0,0
1,0.8370204525841559,1,1
1,0.8079489124454939,1,1
0,0.22317960216096108,0,0
0,0.48571879221457526,0,1
0,0.2493018294361107,0,0
0,0.8290396957943704,1,1
0,0.15071037936232468,0,0
1,0.5488166136131719,1,1
1,0.5949854894576567,1,1
0,0.10578756961087712,0,0
0,0.24437404301763746,0,0
1,0.2656752640284513,0,0
0,0.16753204235579106,0,0
0,0.7580702367040066,1,1
0,0.11678608363995924,0,0
0,0.09365082340385886,0,0
1,0.7776390827348453,1,1
1,0.17112427794232973,0,0
1,0.265750972888749,0,0
0,0.2676262777147214,0,0
0,0.28458952262567,0,0
0,0.34623587233390213,0,0
0,0.06571027966372472,0,0
1,0.8318080082471206,1,1
1,0.25011666824662304,0,0
0,0.883732789285405,1,1
0,0.10595361357981832,0,0
0,0.14203187073627332,0,0
1,0.7663588253730561,1,1
0,0.2729277473635996,0,0
1,0.8869911547245116,1,1
1,0.11554956449927395,0,0
0,0.44911449639926965,0,0
0,0.5985979583039833,1,1
0,0.4672694766012048,0,0
0,0.7170798469580605,1,1
1,0.23862753369524728,0,0
1,0.24824607212845767,0,0
0,0.1353242710353383,0,0
1,0.6536611402653568,1,1
0,0.09249740319655969,0,0
0,0.1922992127246373,0,0
0,0.21635645650456253,0,0
1,0.9516084334421606,1,1
1,0.6536455799414287,1,1
1,0.07386184738041236,0,0
1,0.6211098437272334,1,1
0,0.3396191821463817,0,0
0,0.25686142864230466,0,0
0,0.666915854007134,1,1
0,0.2958735265712058,0,0
0,0.6577466034839019,1,1
0,0.07542212577454427,0,0
0,0.3135722142010139,0,0
0,0.31847666680245046,0,0
0,0.1626510383959016,0,0
1,0.7709293032064324,1,1
1,0.7411326000477958,1,1
0,0.4129334692694219,0,0
1,0.7646400939045754,1,1
1,0.7850162605132138,1,1
0,0.32438300675418913,0,0
1,0.9345577535105389,1,1
0,0.11729680220124142,0,0
1,0.5562892568808191,1,1
0,0.7717528714438134,1,1
0,0.3126459336957495,0,0
0,0.4000836220864357,0,0
0,0.6194084397268569,1,1
0,0.2946654068533659,0,0
0,0.1383090041733367,0,0
0,0.25089280760827715,0,0
1,0.24448374338339277,0,0
0,0.5977003451980398,1,1
1,0.14111999646000792,0,0
0,0.20693023372218647,0,0
0,0.46286816405960685,0,0
0,0.6760626413071058,1,1
1,0.5195825258382105,1,1
0,0.09873630172544315,0,0
1,0.6888522166843293,1,1
1,0.3981986650940184,0,0
0,0.4827727868925887,0,1
0,0.2781369910659336,0,0
0,0.13503600359301626,0,0
0,0.24140719816232126,0,0
0,0.21457031567907175,0,0
1,0.8150802038941996,1,1
0,0.352455068913737,0,0
1,0.7008193598947767,1,1
1,0.8649399447892461,1,1
0,0.1910724657349923,0,0
0,0.17518962826707118,0,0
1,0.636130893935585,1,1
0,0.47521609932190234,0,1
0,0.21695458756706565,0,0
1,0.8505370486384097,1,1
0,0.082192962026941,0,0
0,0.359466895154869,0,0
0,0.1097123211144331,0,0
0,0.5500634217819476,1,1
0,0.3651613558578195,0,0
0,0.2669469438697278,0,0
0,0.6201325723913736,1,1
0,0.6133628250967521,1,1
1,0.8649794884435679,1,1
1,0.9036568974093482,1,1
0,0.48562732508334483,0,1
0,0.795998823313994,1,1
0,0.14742065665665258,0,0
1,0.8573873124550712,1,1
0,0.11750964732685562,0,0
0,0.5546083349062096,1,1
1,0.6149720011904161,1,1
0,0.3240903457148684,0,0
0,0.3899277822568218,0,0
0,0.17153467665577135,0,0
0,0.18646731074448325,0,0
0,0.06414169558311182,0,0
1,0.7896681466209396,1,1
0,0.6134567104082855,1,1
0,0.4432384580638424,0,0
0,0.5377396157895321,1,1
1,0.3811402518328423,0,0
0,0.20339135744137365,0,0
0,0.6659835338252276,1,1
1,0.9198256835200408,1,1
0,0.5805208432084041,1,1
1,0.8538993330642533,1,1
0,0.16405880362615133,0,0
0,0.38559027158075093,0,0
0,0.4081411881193331,0,0
0,0.915937009801673,1,1
1,0.6623500060302193,1,1
0,0.18715739361553424,0,0
0,0.6635599970654928,1,1
0,0.1150680960042083,0,0
1,0.5517933794974403,1,1
1,0.5715187727058846,1,1
0,0.8838480776613712,1,1
1,0.695335856805406,1,1
0,0.8030101918810404,1,1
0,0.5654962470619047,1,1
0,0.23859292103230914,0,0
0,0.05412411043599629,0,0
0,0.12919735335813018,0,0
0,0.7124439204358025,1,1
1,0.5370544029804993,1,1
1,0.7576310814951757,1,1
0,0.4545680396843444,0,0
1,0.7132885720093205,1,1
0,0.2980543540886176,0,0
0,0.568501998714998,1,1
0,0.5188801457900274,1,1
0,0.14774052147803113,0,0
1,0.24390945839700404,0,0
0,0.160742830224303,0,0
0,0.544842340362139,1,1
0,0.20390470449068782,0,0
1,0.8418800319324442,1,1
1,0.7627784010461776,1,1
0,0.19900639899420106,0,0
1,0.9284231006505221,1,1
0,0.3887270801671434,0,0
1,0.8313066630862728,1,1
1,0.8564813707221233,1,1
0,0.13603603791334348,0,0
0,0.19760113458877118,0,0
0,0.45054025247500057,0,0
0,0.07223607814466611,0,0
0,0.16125979695087256,0,0
1,0.8840905848875266,1,1
0,0.18520675313096874,0,0
0,0.13188670579420228,0,0
0,0.08696391390983287,0,0
0,0.13346956437002883,0,0
0,0.07713500618336507,0,0
0,0.05942233651802897,0,0
1,0.95503398764864,1,1
1,0.9006823279143428,1,1
0,0.668139895417467,1,1
1,0.7198142330883655,1,1
0,0.544669950803929,1,1
0,0.5857339372406004,1,1
1,0.2680780824923877,0,0
0,0.5475533785013946,1,1
0,0.860842127492273,1,1
0,0.43598188333284776,0,0
0,0.555516351273985,1,1
0,0.16043566849226948,0,0
0,0.5425094011556327,1,1
0,0.8796336754816274,1,1
0,0.5044488710009619,1,1
0,0.22977991776185436,0,0
1,0.6351124480712207,1,1
1,0.4581411649977002,0,0
0,0.7335132958152466,1,1
0,0.24899798962413816,0,0
0,0.1461376965762188,0,0
0,0.5360119930342665,1,1
0,0.2267306953960458,0,0
0,0.4696994729375864,0,0
1,0.09968907904062782,0,0
0,0.2704903193493678,0,0
1,0.5612665894138551,1,1
1,0.722385673980899,1,1
0,0.08166743040104352,0,0
1,0.7500154987265764,1,1
0,0.37118942856773235,0,0
0,0.20329034157573872,0,0
1,0.86588878028268,1,1
0,0.30620263674988085,0,0
0,0.6389721348104055,1,1
0,0.6662691495258256,1,1
1,0.46882890195847765,0,0
1,0.33547422634117235,0,0
0,0.2521169945858399,0,0
1,0.7283838401045895,1,1
0,0.3896148276247613,0,0
0,0.39869622623020334,0,0
0,0.2881340503142119,0,0
0,0.18828567461949738,0,0
0,0.41615531545607387,0,0
1,0.7172185231386368,1,1
1,0.8408882197072328,1,1
0,0.7610065022966779,1,1
0,0.12938919137158544,0,0
0,0.8623369853997601,1,1
1,0.8031921455219094,1,1
0,0.5695893924754071,1,1
1,0.5868679313351053,1,1
0,0.0682626422862239,0,0
1,0.7975506761986169,1,1
1,0.058801780188753684,0,0
0,0.24122490880327854,0,0
0,0.5888525021038242,1,1
1,0.5761006391063279,1,1
0,0.2910416439038539,0,0
0,0.21433281870909285,0,0
0,0.2342239728645627,0,0
0,0.06886076810687776,0,0
0,0.22023632585124822,0,0
0,0.17214181836701622,0,0
1,0.5924023453427921,1,1
1,0.7982484525268793,1,1
0,0.43515325173919805,0,0
0,0.40741157471714856,0,0
0,0.331266890446374,0,0
0,0.5617879829421015,1,1
0,0.32974628698049285,0,0
0,0.19872053563069572,0,0
1,0.49869940160528514,0,1
0,0.5425823160695189,1,1
0,0.11089207678680585,0,0
1,0.4692534546012829,0,0
0,0.2867758157349792,0,0
0,0.2779025117227586,0,0
0,0.5339596539577175,1,1
1,0.8132896069225474,1,1
0,0.2897847272053447,0,0
0,0.05705858771083001,0,0
0,0.3942215494793758,0,0
1,0.4264379097042396,0,0
0,0.895019776676856,1,1
0,0.14553282272050186,0,0
0,0.17162558270742923,0,0
0,0.10137612599303164,0,0
0,0.5023899979952777,1,1
0,0.6742321149165448,1,1
1,0.6258484140163346,1,1
0,0.36686811438187095,0,0
1,0.4018685993274864,0,0
1,0.9306284308873977,1,1
1,0.12367833645279894,0,0
1,0.6895420832409905,1,1
0,0.4991145742246702,0,1
0,0.28495947681134576,0,0
0,0.6036900347402744,1,1
0,0.07875244301741323,0,0
0,0.2406280886697956,0,0
0,0.14590635545926536,0,0
1,0.25654052544049033,0,0
0,0.6027124160036559,1,1
1,0.6489937791986391,1,1
0,0.4897361429028232,0,1
0,0.09597598782208865,0,0
1,0.6282049776480665,1,1
1,0.5615384018669527,1,1
0,0.18303262715943236,0,0
0,0.8244539580005564,1,1
0,0.39673703510672287,0,0
0,0.391074679290034,0,0
0,0.22938120649722601,0,0
1,0.716604639221594,1,1
0,0.22084851724087057,0,0
0,0.39362672992777475,0,0
1,0.6253268080651947,1,1
1,0.24810558353110027,0,0
0,0.15281560798357738,0,0
0,0.19354965590424525,0,0
0,0.21268574293161374,0,0
1,0.7694337477355027,1,1
1,0.30678659231791283,0,0
1,0.8358606324364702,1,1
0,0.4119762025409828,0,0
0,0.6584461820050761,1,1
0,0.1597737866360367,0,0
0,0.44712040953371635,0,0
1,0.40683076158500886,0,0
1,0.4275703746475986,0,0
0,0.47137996259004206,0,1
0,0.16273422636699827,0,0
0,0.6160129113117235,1,1
0,0.4921660517281724,0,1
0,0.4832953121999828,0,1
1,0.8792100272547078,1,1
1,0.38854852212359203,0,0
0,0.21341378156089816,0,0
1,0.9221167800242882,1,1
0,0.480254134423102,0,1
1,0.2352272904058303,0,0
0,0.13365601109526695,0,0
1,0.5303731437496253,1,1
0,0.4458608316580079,0,0
1,0.724149791372385,1,1
0,0.3778204044045942,0,0
0,0.23376250975555962,0,0
1,0.7907713898334973,1,1
1,0.6165790912777689,1,1
1,0.8049135808284166,1,1
0,0.06769114102819843,0,0
0,0.08565837018396334,0,0
0,0.2031469035879823,0,0
0,0.2892952211240023,0,0
0,0.16595284639056054,0,0
1,0.8912980539692835,1,1
0,0.18914863878145552,0,0
0,0.38312121268370775,0,0
0,0.6528990602036285,1,1
0,0.13228742703081128,0,0
1,0.8734612663625917,1,1
1,0.5460920468041593,1,1
0,0.1776358604171268,0,0
0,0.5549546100622726,1,1
0,0.7297249741170472,1,1
1,0.651658587603995,1,1
0,0.20261244586539975,0,0
0,0.44093793661744757,0,0
1,0.5467334580037778,1,1
0,0.5500815739743651,1,1
0,0.037620404570979774,0,0
1,0.38517135607250164,0,0
0,0.5069191012291651,1,1
0,0.2049682929670611,0,0
0,0.1907323937960657,0,0
1,0.7881859665010015,1,1
0,0.24013210002611235,0,0
1,0.29192858130892196,0,0
1,0.9317870655872618,1,1
0,0.2764701059224227,0,0
0,0.7211593911079529,1,1
1,0.8110892574687752,1,1
1,0.9533387274474892,1,1
0,0.6479972692639007,1,1
0,0.18304419664407937,0,0
0,0.41840803636357865,0,0
0,0.5499972044778956,1,1
1,0.8633287632771177,1,1
0,0.3362334531371248,0,0
0,0.09999673139698109,0,0
0,0.26275149426745864,0,0
0,0.40544426882148304,0,0
1,0.7603161522633752,1,1
0,0.29353255700901454,0,0
0,0.6975667913130296,1,1
0,0.44626942503556266,0,0
0,0.11912113954947712,0,0
1,0.8764462516119029,1,1
0,0.26831236279861276,0,0
1,0.8973700567382077,1,1
0,0.09307950205583661,0,0
1,0.6838827625971282,1,1
0,0.5802923394600412,1,1
0,0.27714729409639305,0,0
0,0.5027553522836737,1,1
0,0.14368882034167352,0,0
0,0.2677372775490314,0,0
1,0.5861631706178074,1,1
1,0.45837850563886523,0,0
1,0.503286182345739,1,1
1,0.841719223340448,1,1
1,0.7136987258295137,1,1
0,0.37738370266232396,0,0
1,0.46281012268230404,0,0
0,0.3616991021433611,0,0
1,0.8173555142891326,1,1
0,0.11416218862211974,0,0
0,0.2663168938493075,0,0
0,0.6912418788081014,1,1
1,0.5134739898655871,1,1
0,0.14167619790994018,0,0
0,0.7389423350668853,1,1
0,0.17557245799025678,0,0
0,0.015566451534249605,0,0
1,0.20409525532541972,0,0
1,0.7123239864116537,1,1
0,0.3275384904656799,0,0
0,0.7403821173915331,1,1
0,0.2425190055451348,0,0
1,0.8238502115572689,1,1
1,0.793294536802858,1,1
1,0.8625746364899644,1,1
0,0.16292954300756535,0,0
1,0.7223657603848352,1,1
1,0.62839439560053,1,1
1,0.8494517327689938,1,1
0,0.4400766263070637,0,0
0,0.5801869211441454,1,1
0,0.30960031431250784,0,0
0,0.4931056920453426,0,1
0,0.3708664199340899,0,0
0,0.17782703022076918,0,0
0,0.7215680684276028,1,1
0,0.20294433697414668,0,0
0,0.16321564646908404,0,0
0,0.4531968242071282,0,0
0,0.4999173037918137,0,1
1,0.7462020990608225,1,1
0,0.15846100490241646,0,0
0,0.7861696202621767,1,1
1,0.49073667356876816,0,1
0,0.6907536696834189,1,1
0,0.32729772717408473,0,0
0,0.2786215780472565,0,0
1,0.8366518699226942,1,1
1,0.8584390540260363,1,1
0,0.4988156469076072,0,1
0,0.16540519351050453,0,0
0,0.6833475164260184,1,1
1,0.16597015617427022,0,0
0,0.17646717536826292,0,0
1,0.7025269021729259,1,1
0,0.8268580403335172,1,1
0,0.5609279968891628,1,1
0,0.27187783292020107,0,0
1,0.3208556434137871,0,0
1,0.8271816757357411,1,1
1,0.9349913671152315,1,1
1,0.417595448364069,0,0
0,0.5034122361652115,1,1
1,0.3624298209062513,0,0
0,0.383039283777268,0,0
0,0.07164242371694139,0,0
0,0.38973075602509927,0,0
0,0.4002881917393125,0,0
0,0.386058685352029,0,0
1,0.44481980848643593,0,0
0,0.1721898037918855,0,0
1,0.6987454750284693,1,1
0,0.6597283551081464,1,1
1,0.4230832619839,0,0
0,0.43547430554170136,0,0
1,0.8815084554782209,1,1
0,0.11132743065562155,0,0
0,0.16696269722746515,0,0
0,0.6280283061015949,1,1
1,0.26119286163396704,0,0
0,0.2615146217194159,0,0
0,0.35904048549457346,0,0
1,0.23893899945228728,0,0
1,0.7400815397583609,1,1
1,0.7019720507835534,1,1
0,0.2864402332629761,0,0
0,0.415909314811958,0,0
1,0.36831144172958763,0,0
0,0.3452218121401472,0,0
0,0.14047460366353426,0,0
0,0.12648782157730892,0,0
0,0.09409758307515408,0,0
1,0.6401727215594714,1,1
0,0.12198971047683527,0,0
0,0.8947743386888355,1,1
1,0.8554645851081193,1,1
1,0.8231441131543179,1,1
0,0.27103378069465045,0,0
0,0.30390084938674455,0,0
0,0.14985437356529396,0,0
1,0.6777210405051439,1,1
1,0.6226635166837517,1,1
0,0.5357052993895235,1,1
0,0.46775122029305594,0,0
0,0.43839510444470153,0,0
1,0.850040880352238,1,1
1,0.34882678296186753,0,0
0,0.33394019276919373,0,0
0,0.44262290329102943,0,0
0,0.11575752681225134,0,0
0,0.8565700059312731,1,1
1,0.3177487351427167,0,0
1,0.23738977433071867,0,0
1,0.36564387948139127,0,0
0,0.372825163103631,0,0
1,0.649023315432407,1,1
0,0.17401133637731309,0,0
0,0.09188110895528095,0,0
0,0.5030867464595021,1,1
1,0.3571290332998075,0,0
1,0.7257885536293666,1,1
1,0.7542053325834183,1,1
1,0.6091001194850127,1,1
0,0.7313707568780728,1,1
0,0.21937509883853248,0,0
1,0.15549565779933386,0,0
0,0.4075236427254948,0,0
0,0.10006739776562748,0,0
1,0.894446880169829,1,1
0,0.35140993225048056,0,0
0,0.09172103363981328,0,0
0,0.4085845784083926,0,0
1,0.9562551218589945,1,1
0,0.468450936046506,0,0
1,0.931949894638253,1,1
0,0.1523420664742568,0,0
1,0.47906073527937376,0,1
1,0.8799349266101752,1,1
0,0.32173428355304307,0,0
1,0.4829542982692368,0,1
0,0.412504430492142,0,0
0,0.24825852260047293,0,0
0,0.24251391380028792,0,0
0,0.7339734181569884,1,1
0,0.29739779412366796,0,0
0,0.6577688509384528,1,1
0,0.7853354090615573,1,1
1,0.7980403415972921,1,1
1,0.6229583953306663,1,1
1,0.8657321534888991,1,1
0,0.4208364682562459,0,0
0,0.11040794694343621,0,0
1,0.8527398061082753,1,1
0,0.2155393329053453,0,0
0,0.2825439994508333,0,0
0,0.2294567451184724,0,0
1,0.7254981671685197,1,1
1,0.887484215568992,1,1
0,0.6785108480231454,1,1
0,0.14496106139283538,0,0
0,0.37313180829964177,0,0
0,0.0903304618861648,0,0
0,0.40153352682183663,0,0
1,0.7294021305965585,1,1
1,0.3146960155470131,0,0
0,0.10360370107201641,0,0
0,0.2278076570037759,0,0
0,0.2275522398829282,0,0
1,0.8244700163463892,1,1
1,0.5321527074925213,1,1
0,0.3590819472317359,0,0
0,0.1449551544293393,0,0
1,0.8159812584557947,1,1
0,0.5466128231929567,1,1
0,0.42058930220734236,0,0
0,0.1297853984856081,0,0
1,0.8105686084590918,1,1
1,0.6664350604901453,1,1
0,0.39465888023800433,0,0
0,0.8793629810732392,1,1
0,0.15029522712740878,0,0
0,0.4117891491113356,0,0
0,0.4752144028146813,0,1
0,0.5604303498116968,1,1
1,0.3519485378722552,0,0
1,0.6811226356315881,1,1
0,0.10086881738634804,0,0
1,0.22506437449181874,0,0
1,0.8097021875504047,1,1
0,0.1649052566187492,0,0
0,0.4033065776852469,0,0
0,0.0921649610939029,0,0
0,0.1389218478713811,0,0
0,0.0975524039519884,0,0
1,0.7672059632777988,1,1
1,0.3659221096433106,0,0
1,0.6658316318712891,1,1
0,0.23173144012508007,0,0
0,0.5066824641886862,1,1
0,0.6067202358373224,1,1
0,0.06411300069913639,0,0
0,0.26414778191811233,0,0
1,0.9406476818572685,1,1
0,0.3112784836964334,0,0
0,0.4466723438494732,0,0
1,0.7361374678659391,1,1
0,0.29441555816932397,0,0
1,0.35777031865090864,0,0
0,0.691516305183247,1,1
0,0.5018685593571497,1,1
0,0.32099981000571753,0,0
1,0.848175960166855,1,1
0,0.44502399615730104,0,0
0,0.15319386519406092,0,0
1,0.819312024169206,1,1
1,0.2418624104832936,0,0
1,0.8298836016126965,1,1
0,0.423839546786149,0,0
0,0.13702416109779783,0,0
0,0.0782027366051792,0,0
1,0.8217720672937023,1,1
1,0.31304471194809,0,0
1,0.8415230116628236,1,1
0,0.06772630984246335,0,0
0,0.053079683904534374,0,0
1,0.8356809834092624,1,1
1,0.26271251541816626,0,0
0,0.4467450497550073,0,0
1,0.6537536022042859,1,1
1,0.7755297849768306,1,1
0,0.07693304354847098,0,0
0,0.24091969699922045,0,0
0,0.4544735527709377,0,0
1,0.4041287678635521,0,0
0,0.1079639698740785,0,0
1,0.7858791037567598,1,1
0,0.6757215449088539,1,1
1,0.8769249719913279,1,1
0,0.2580041347896771,0,0
0,0.31754294520267595,0,0
0,0.15319646904856954,0,0
0,0.06124361474706055,0,0
0,0.10978535275390429,0,0
0,0.1517328465345207,0,0
0,0.9210027610698281,1,1
0,0.5712827748591386,1,1
0,0.3908905148204955,0,0
1,0.7718576744605448,1,1
0,0.11662799090315618,0,0
0,0.06824329498795575,0,0
1,0.21032676748254317,0,0
1,0.9462362078763853,1,1
0,0.2958177395330323,0,0
0,0.31783397768850663,0,0
1,0.8380979116437645,1,1
1,0.7610104895903594,1,1
0,0.1791210239727994,0,0
0,0.7104650928833175,1,1
1,0.9009997497313637,1,1
0,0.045617771926418416,0,0
1,0.6455817739746404,1,1
0,0.37471045812589726,0,0
1,0.4373961408502853,0,0
0,0.39030865506160284,0,0
0,0.26679501263289945,0,0
0,0.3349131705638149,0,0
1,0.0831213860633554,0,0
0,0.07068397450410507,0,0
1,0.07867859135714017,0,0
0,0.2656325997063443,0,0
0,0.3494699037782191,0,0
0,0.2528527771181744,0,0
1,0.06416894606127563,0,0
0,0.10465747509147288,0,0
0,0.867645321515165,1,1
1,0.9042621616021037,1,1
1,0.4189968511509153,0,0
0,0.1292622654059121,0,0
0,0.3262791156037239,0,0
0,0.14150418480627983,0,0
0,0.46274707344618965,0,0
0,0.25246525058942537,0,0
0,0.8716546958587869,1,1
0,0.1556079900685072,0,0
0,0.04862212971249902,0,0
0,0.1294363712017594,0,0
0,0.2057982697364651,0,0
0,0.11647367401098865,0,0
0,0.12379433319976205,0,0
0,0.6947631323508549,1,1
0,0.09671900190584419,0,0
0,0.7977335827075763,1,1
0,0.10962661640449299,0,0
0,0.3443026454011486,0,0
0,0.6487925625421743,1,1
1,0.8676846377873009,1,1
0,0.6931736999976412,1,1
1,0.8699321042946299,1,1
0,0.16325081219930368,0,0
0,0.07294855276568281,0,0
1,0.5520308330561325,1,1
1,0.6584970497776399,1,1
1,0.8593820774574796,1,1
0,0.08576348203251145,0,0
1,0.9056357622699359,1,1
0,0.3324438910708472,0,0
0,0.2547730904332692,0,0
1,0.49293078300765325,0,1
1,0.7699680267204563,1,1
1,0.7926293477412046,1,1
1,0.4497714862344467,0,0
0,0.08177891192463846,0,0
1,0.780958672765881,1,1
0,0.15769046658700814,0,0
0,0.2025884597796538,0,0
0,0.4811107130159512,0,1
0,0.4700946776688843,0,1
1,0.9079123878834592,1,1
0,0.26038309011969507,0,0
1,0.7708462014186014,1,1
0,0.4353671939784643,0,0
0,0.13111912936236972,0,0
0,0.16560329065046414,0,0
0,0.13187994627326036,0,0
0,0.09042216032309702,0,0
1,0.923368678626164,1,1
0,0.48097331228169427,0,1
1,0.8606007525665923,1,1
1,0.8002507973076429,1,1
0,0.3986594324350321,0,0
0,0.13103499586157513,0,0
0,0.20460526129982076,0,0
0,0.11355215566192481,0,0
0,0.12712228154538882,0,0
1,0.8252021006186853,1,1
1,0.37810251078896817,0,0
1,0.7837270741631861,1,1
0,0.14690761934643348,0,0
1,0.9079591633937262,1,1
0,0.24371274542350294,0,0
0,0.19633709891624845,0,0
0,0.28092003727218084,0,0
0,0.43783771220407897,0,0
1,0.8438243952496916,1,1
1,0.8825454218905115,1,1
1,0.8807586021209614,1,1
1,0.6206037399868543,1,1
1,0.4260674041258346,0,0
0,0.192345365815199,0,0
0,0.45599500131041604,0,0
1,0.3711853904912795,0,0
0,0.6640451063831213,1,1
1,0.596677914634812,1,1
0,0.5438444199736264,1,1
0,0.058205560203229034,0,0
1,0.9091139177424797,1,1
1,0.8261597113406092,1,1
1,0.7369820265593756,1,1
0,0.12182398342510438,0,0
1,0.24344370208094443,0,0
0,0.23314503319404406,0,0
1,0.8426034652571298,1,1
0,0.26953130940137654,0,0
0,0.06953734701899847,0,0
0,0.5049510881664344,1,1
0,0.5190180261713133,1,1
0,0.4762398583518262,0,1
0,0.5420482483246749,1,1
0,0.19380912803631278,0,0
0,0.28284616141395114,0,0
0,0.5320415676131298,1,1
0,0.5717685388594597,1,1
0,0.44985149507872324,0,0
0,0.2960784469353621,0,0
0,0.6719392811986703,1,1
1,0.36577635251180307,0,0
0,0.7317072257283482,1,1
1,0.1549103846040386,0,0
0,0.25811116441520543,0,0
0,0.08470300713717871,0,0
1,0.34801511099597565,0,0
0,0.18588848632331748,0,0
0,0.4224021957780529,0,0
1,0.9170657625508073,1,1
0,0.12176112324661352,0,0
0,0.3265326427549623,0,0
0,0.18688808723110903,0,0
0,0.3828851118262225,0,0
1,0.4681713845684202,0,0
0,0.45073266687597147,0,0
1,0.4808743240069518,0,1
1,0.39790647251927963,0,0
1,0.4001940739690741,0,0
0,0.4262405935684236,0,0
1,0.8131952060647328,1,1
0,0.10857908473501696,0,0
0,0.6199066078208899,1,1
0,0.7545391982376689,1,1
0,0.6674953009690996,1,1
0,0.46950493499183593,0,0
1,0.5414647827538059,1,1
0,0.5549271807194845,1,1
1,0.8706538535182441,1,1
0,0.46976347497343934,0,0
0,0.47422276365381044,0,1
0,0.16271545026353001,0,0
0,0.07833878212409366,0,0
0,0.0895907931152787,0,0
1,0.7952617337609951,1,1
0,0.3827368281686071,0,0
0,0.0727003335455853,0,0
0,0.2618595009587706,0,0
0,0.29884971331570365,0,0
0,0.4228822600709902,0,0
1,0.5664669661214492,1,1
0,0.21586443298063787,0,0
1,0.676129350671216,1,1
0,0.37016349900474077,0,0
1,0.455889528809587,0,0
1,0.37914395170381165,0,0
1,0.6517839750033476,1,1
1,0.8706467178271412,1,1
1,0.14415592665301485,0,0
0,0.03689934533102014,0,0
0,0.33732171310270526,0,0
0,0.3951685634187576,0,0
1,0.7572633145482864,1,1
0,0.24338157591111656,0,0
1,0.9230552081939284,1,1
1,0.6757863393664102,1,1
0,0.20881192759870637,0,0
0,0.7099905784971413,1,1
1,0.7125945401160647,1,1
0,0.29056983394376396,0,0
0,0.8805396743424048,1,1
1,0.5738721215987076,1,1
0,0.6516265994153777,1,1
1,0.3532251213177137,0,0
1,0.7919263623010652,1,1
1,0.8686323657529911,1,1
1,0.5766753892531304,1,1
0,0.2977799610402965,0,0
0,0.177993377088192,0,0
0,0.0904191085761137,0,0
1,0.7499338306165289,1,1
0,0.6588959587882407,1,1
1,0.23018706068872116,0,0
1,0.5128063090299748,1,1
1,0.5818045036720128,1,1
1,0.6156075313136269,1,1
1,0.8568404447197345,1,1
1,0.8376033639675714,1,1
0,0.7184828697213596,1,1
0,0.14021430395992535,0,0
0,0.11458651701769619,0,0
0,0.14786879001719183,0,0
0,0.4634184981443866,0,0
1,0.30090479846882784,0,0
1,0.9000834567671753,1,1
1,0.7339771246555876,1,1
0,0.6789941926728058,1,1
1,0.5172730657109682,1,1
0,0.34988813281438824,0,0
1,0.43746926616476606,0,0
0,0.3897840849511182,0,0
0,0.14823575515867404,0,0
1,0.9169137080795833,1,1
1,0.8129052903272224,1,1
0,0.12439756670496208,0,0
1,0.6415683749052429,1,1
1,0.7525759997215693,1,1
0,0.10005060248230645,0,0
1,0.6080017413866754,1,1
0,0.50688696452279,1,1
1,0.6302050678607345,1,1
0,0.10305380893393139,0,0
1,0.7117491100902076,1,1
0,0.7245221625313059,1,1
0,0.08801276303633553,0,0
1,0.7356855862506749,1,1
1,0.4044062681869681,0,0
1,0.856276191371297,1,1
1,0.8777105080521116,1,1
0,0.4848998452637331,0,1
0,0.18456493813979669,0,0
1,0.6649030978063389,1,1
0,0.7142898125753863,1,1
0,0.23288118559771395,0,0
0,0.5267707992054024,1,1
0,0.6152618433494363,1,1
0,0.20080649451961505,0,0
0,0.6688887464292775,1,1
1,0.6316785651024103,1,1
0,0.06039752490968403,0,0
0,0.258705165214751,0,0
0,0.3408308016972198,0,0
1,0.7221940205532301,1,1
0,0.0730512636892941,0,0
1,0.6163866624979584,1,1
0,0.3915473408488837,0,0
0,0.28472137399176345,0,0
0,0.31945598839191214,0,0
1,0.8551469540344306,1,1
0,0.2566255539474743,0,0
0,0.8004711316409273,1,1
0,0.1171359173330631,0,0
0,0.5220996448769035,1,1
0,0.7856236662115851,1,1
1,0.8524756979308098,1,1
0,0.3982207722828956,0,0
0,0.5785192345951884,1,1
0,0.41647636719630876,0,0
0,0.7821685251243116,1,1
0,0.45187070805408996,0,0
1,0.742813718344785,1,1
1,0.5926467374455747,1,1
1,0.6719417416033561,1,1
0,0.10315323432217564,0,0
0,0.16293637401109395,0,0
0,0.1992271491035843,0,0
0,0.43297056364276354,0,0
1,0.8936761317376647,1,1
1,0.5784718074820849,1,1
1,0.783999101682426,1,1
0,0.17835748221165304,0,0
0,0.32214931026998256,0,0
1,0.7931294380814642,1,1
1,0.8981249165716163,1,1
0,0.1493762217227304,0,0
0,0.10172023135689398,0,0
0,0.17535960484379318,0,0
0,0.43286977057657716,0,0
0,0.39070640883338414,0,0
0,0.08084433020347197,0,0
1,0.19972093160911553,0,0
0,0.8272404562036112,1,1
0,0.24593842344921385,0,0
0,0.04381596460970462,0,0
0,0.2213972591413249,0,0
0,0.32964520909177103,0,0
0,0.2135441784215436,0,0
0,0.5409480078093432,1,1
1,0.8659622644283274,1,1
1,0.7521665847522916,1,1
0,0.1403158958802123,0,0
0,0.39170416041635325,0,0
0,0.0390100906425216,0,0
0,0.31910276883916067,0,0
0,0.17152997645613655,0,0
0,0.3551156896639833,0,0
0,0.211831617405963,0,0
0,0.2991197616728152,0,0
1,0.5923587685818121,1,1
0,0.2672557366721773,0,0
1,0.8806564216402122,1,1
1,0.6529370743775068,1,1
0,0.060566431069300826,0,0
0,0.1612094077178534,0,0
0,0.1475694926210473,0,0
1,0.9083297753214467,1,1
0,0.34352494168211317,0,0
0,0.10265654911966485,0,0
0,0.3087379621309427,0,0
0,0.08491415842042922,0,0
1,0.614564873354958,1,1
1,0.8093097217868765,1,1
0,0.3668817792377592,0,0
0,0.31680046586501126,0,0
0,0.26710197894314514,0,0
0,0.11424939483099265,0,0
1,0.29234343051881934,0,0
0,0.10183075579357917,0,0
0,0.5311129869012492,1,1
0,0.5223000941177874,1,1
1,0.5417537257868421,1,1
0,0.11243162136786365,0,0
0,0.2082326600437928,0,0
1,0.7455233488049476,1,1
1,0.7868806984648178,1,1
1,0.06797175665706069,0,0
0,0.8183022885850414,1,1
0,0.08439383107028058,0,0
0,0.5538852461465679,1,1
1,0.3688878172447401,0,0
0,0.08220612253257978,0,0
1,0.723290608945819,1,1
0,0.6077560470444502,1,1
1,0.65464824000736,1,1
1,0.5919002182390734,1,1
0,0.10723452849355251,0,0
1,0.5656281625023303,1,1
0,0.42399089071466156,0,0
1,0.6989557564113615,1,1
1,0.8448054574071356,1,1
1,0.9022230409022003,1,1
0,0.345138885000294,0,0
0,0.37264794050180716,0,0
1,0.7300054868984133,1,1
0,0.8065819655431906,1,1
0,0.34607492691851305,0,0
0,0.14051245083346656,0,0
1,0.7855162055894551,1,1
1,0.8473947108017292,1,1
0,0.27506989507644264,0,0
1,0.8829694912503869,1,1
0,0.326995507458366,0,0
1,0.4372371518983511,0,0
1,0.5457915604771998,1,1
0,0.2019731219053756,0,0
1,0.7848892528420677,1,1
1,0.7366050743295508,1,1
1,0.6813496483891701,1,1
1,0.6715972757787126,1,1
0,0.1053682554978673,0,0
0,0.39967517948452,0,0
1,0.7061169242093793,1,1
0,0.17027709255679294,0,0
1,0.6642882105899132,1,1
0,0.05700012315126014,0,0
0,0.31044248743915126,0,0
0,0.13104746619442104,0,0
0,0.41740262095538055,0,0
0,0.6734384842881213,1,1
0,0.07412011536563384,0,0
0,0.20919748897249552,0,0
0,0.2719813746038566,0,0
0,0.32826872654329653,0,0
0,0.2760776729792961,0,0
0,0.4011250376427203,0,0
0,0.8065251224478392,1,1
1,0.854030872682985,1,1
1,0.8388070510924734,1,1
0,0.18275289779571532,0,0
1,0.17200029003472017,0,0
0,0.08322401599957793,0,0
0,0.2921480326546845,0,0
0,0.572006853532444,1,1
0,0.05991420675419503,0,0
1,0.7008658137433883,1,1
0,0.6912475781010503,1,1
1,0.7241648749146922,1,1
0,0.3175943914490805,0,0
0,0.643991487860696,1,1
0,0.7442081977821663,1,1
0,0.22083487096593502,0,0
0,0.3110511298414812,0,0
1,0.9020072855594697,1,1
0,0.13004119155559057,0,0
0,0.7530943106546123,1,1
0,0.43727014990096497,0,0
0,0.7814956065193985,1,1
1,0.8002009935165286,1,1
1,0.7226937446361897,1,1
1,0.3158272183847458,0,0
0,0.39463950125820124,0,0
1,0.7806277615256697,1,1
0,0.6617192781954018,1,1
0,0.26122820414227693,0,0
1,0.8392551102050888,1,1
0,0.5613303120488559,1,1
0,0.524234009501988,1,1
0,0.4372409784736959,0,0
0,0.18286414700784756,0,0
0,0.13623487187886546,0,0
0,0.21054771351742324,0,0
1,0.6506304754305495,1,1
0,0.5322138690606432,1,1
0,0.13084734730462685,0,0
0,0.18734341893681927,0,0
0,0.7573225945173799,1,1
0,0.1548255429742207,0,0
0,0.7469013444418262,1,1
0,0.45901808452779597,0,0
0,0.7526436743369502,1,1
0,0.16322159793242802,0,0
0,0.05464870497896698,0,0
0,0.1634066250644216,0,0
0,0.6191352797625886,1,1
0,0.6688267890606776,1,1
0,0.12042269413691807,0,0
0,0.0804021843058975,0,0
0,0.30107931137189275,0,0
0,0.6661842215540306,1,1
0,0.17283364992375908,0,0
1,0.555176414079657,1,1
0,0.148559845204164,0,0
0,0.5885547151751009,1,1
0,0.20314933455190556,0,0
0,0.123427402251002,0,0
0,0.8745661893222936,1,1
0,0.2357333903639548,0,0
0,0.7193956794442596,1,1
0,0.1219801869088058,0,0
0,0.241776280558625,0,0
0,0.3144131716928458,0,0
0,0.28286140881075184,0,0
0,0.4938504065875776,0,1
1,0.7237799309950057,1,1
0,0.28074675607433836,0,0
1,0.47042176473997027,0,1
1,0.4766688114001015,0,1
1,0.8419782535075763,1,1
1,0.3714115582524883,0,0
1,0.8313148487024914,1,1
0,0.8077591257475342,1,1
1,0.941607731452711,1,1
0,0.4101088970045105,0,0
0,0.22773298690362145,0,0
0,0.8119013488841298,1,1
0,0.2733433476957027,0,0
1,0.7308655669543788,1,1
1,0.4326172077352476,0,0
1,0.9332234607054961,1,1
0,0.6020498290507126,1,1
0,0.6534306464086891,1,1
1,0.7137884233464998,1,1
1,0.8008913938417911,1,1
0,0.1376114409891847,0,0
1,0.298816197292555,0,0
0,0.3466352094787989,0,0
1,0.6325967829350884,1,1
0,0.6411609639632395,1,1
0,0.45038974950013294,0,0
1,0.597755979047845,1,1
0,0.0655257036771864,0,0
0,0.22424266580606253,0,0
0,0.668742037174714,1,1
0,0.09470438027286925,0,0
1,0.7894495928637073,1,1
0,0.5671864396543488,1,1
1,0.6246639630942803,1,1
0,0.19624070972840657,0,0
0,0.5185981030843295,1,1
1,0.743671038247591,1,1
1,0.7367735415926651,1,1
1,0.9136349226657904,1,1
0,0.8322709338531861,1,1
0,0.3736492903625238,0,0
0,0.45779791713629375,0,0
1,0.5085931548220617,1,1
1,0.7673635370872397,1,1
0,0.08109881913095046,0,0
1,0.5675411283642147,1,1
0,0.16303891192313089,0,0
0,0.5716254542121286,1,1
0,0.4510590488296837,0,0
0,0.6475504541155036,1,1
0,0.18775856395132934,0,0
1,0.3658892459794708,0,0
1,0.7234312545148115,1,1
0,0.8384201471605208,1,1
1,0.12426925141958019,0,0
0,0.3826058774510579,0,0
0,0.15279031373130186,0,0
1,0.6283726644830927,1,1
0,0.14662598901610632,0,0
1,0.7955137560411583,1,1
0,0.15592524736976154,0,0
1,0.6038743482314483,1,1
1,0.8025027740432453,1,1
0,0.2573413053523859,0,0
0,0.6651583387084476,1,1
1,0.7701334184036182,1,1
0,0.28248411723999084,0,0
1,0.7842424902703629,1,1
1,0.5202991089705535,1,1
0,0.6859971521392698,1,1
0,0.295157228304845,0,0
0,0.568524231982103,1,1
1,0.6694867302528724,1,1
1,0.4623924944554999,0,0
0,0.4959499636856608,0,1
0,0.21966361002213475,0,0
0,0.10476533910021477,0,0
0,0.46501686457521524,0,0
1,0.9166717551109426,1,1
1,0.7595440242026226,1,1
1,0.502374147232486,1,1
1,0.6201666665184887,1,1
1,0.7284458577901606,1,1
1,0.521032705436064,1,1
0,0.2919207541628124,0,0
1,0.3171495336801413,0,0
1,0.5666805320188453,1,1
1,0.8263224695397936,1,1
0,0.524474416569907,1,1
0,0.43931337524713115,0,0
1,0.8025099079354417,1,1
1,0.2055141675187689,0,0
0,0.10291165779192107,0,0
0,0.35916792721722207,0,0
1,0.6275359983536709,1,1
0,0.06393870171762739,0,0
1,0.3442197839712087,0,0
0,0.3200821948272355,0,0
1,0.08598349877476442,0,0
1,0.5863637115550441,1,1
0,0.2161555009005103,0,0
1,0.3034113774070928,0,0
0,0.785351257907083,1,1
0,0.22962779182322623,0,0
1,0.7054780319214694,1,1
0,0.40662310169710436,0,0
0,0.32858754116665206,0,0
0,0.67893669234082,1,1
1,0.8577219769861262,1,1
0,0.2789440752627447,0,0
0,0.4905115846617618,0,1
1,0.6451837633095676,1,1
0,0.3510463345593389,0,0
0,0.293855591292592,0,0
0,0.39042369681241357,0,0
0,0.4978491680661022,0,1
0,0.3150570384499488,0,0
0,0.39074386434186176,0,0
0,0.21441047552464265,0,0
0,0.5311346338254234,1,1
0,0.24142087067802576,0,0
0,0.5893776788982094,1,1
0,0.5207959512470849,1,1
0,0.5209084979042723,1,1
0,0.6671543585225935,1,1
0,0.20004888551290775,0,0
0,0.1433276025232615,0,0
0,0.7120188581759886,1,1
0,0.6163387412081114,1,1
0,0.4630061374637252,0,0
1,0.6077696026870616,1,1
0,0.5396313040796068,1,1
0,0.17792126870319352,0,0
0,0.4597956920895669,0,0
0,0.30561116555797146,0,0
1,0.1578980850453964,0,0
0,0.18064302593506645,0,0
1,0.11103428356331316,0,0
0,0.6983185305551277,1,1
0,0.22911958634687496,0,0
0,0.8738168178266825,1,1
0,0.09948543343803594,0,0
1,0.13445106813716398,0,0
1,0.8307396574055955,1,1
0,0.7068681911206096,1,1
0,0.37043058542021606,0,0
0,0.38498321744506164,0,0
0,0.6014746310652316,1,1
1,0.9267611468415987,1,1
1,0.9041797656235325,1,1
0,0.21603925714240366,0,0
1,0.8417442619828468,1,1
0,0.35772777711942355,0,0
1,0.4467144494991182,0,0
0,0.6105128335647162,1,1
1,0.8684898684714801,1,1
0,0.3593028732775597,0,0
1,0.37810020533517513,0,0
0,0.665033983220247,1,1
0,0.36116399394814175,0,0
0,0.35515051191856206,0,0
0,0.09802298445860676,0,0
1,0.6769610638252035,1,1
1,0.8742268523903577,1,1
0,0.25880417909040887,0,0
0,0.10983733019040924,0,0
0,0.04026845934968658,0,0
0,0.1817403939343265,0,0
0,0.4634698841594718,0,0
0,0.6555503253450671,1,1
0,0.14157120311708643,0,0
1,0.7200658637754609,1,1
1,0.8196367026158511,1,1
0,0.42577701971837467,0,0
0,0.7974504884515868,1,1
0,0.6694075455624905,1,1
1,0.670007029816467,1,1
0,0.4110243055221917,0,0
0,0.4854421785173082,0,1
1,0.9267068963671345,1,1
0,0.4977249543531741,0,1
0,0.09138898200022103,0,0
0,0.2794496063451024,0,0
1,0.8644531470461889,1,1
0,0.13097045895238954,0,0
0,0.24056209208693244,0,0
1,0.15742348349737056,0,0
0,0.8083948018018182,1,1
1,0.6521001690888969,1,1
1,0.3199973720639487,0,0
1,0.5484724506613247,1,1
0,0.3286583457262016,0,0
1,0.5950148856870994,1,1
0,0.12477594561393346,0,0
1,0.8329403564910256,1,1
0,0.23068397046495523,0,0
0,0.20209083873253725,0,0
1,0.5313177009083261,1,1
1,0.680962016603875,1,1
0,0.6768094180687462,1,1
0,0.2857738725461276,0,0
0,0.44358491866013383,0,0
1,0.42308250073318354,0,0
0,0.1844637388369311,0,0
0,0.20893865890073798,0,0
1,0.2348272670366462,0,0
0,0.35241666278396644,0,0
0,0.07735609542361226,0,0
0,0.4327561455843542,0,0
0,0.2484288421324328,0,0
0,0.579615930884153,1,1
0,0.11126938250508295,0,0
0,0.3718860757386322,0,0
0,0.31769318887723463,0,0
1,0.9268455947322822,1,1
1,0.555766731851251,1,1
0,0.3916982352022046,0,0
0,0.14603892208753336,0,0
0,0.8511138394090124,1,1
0,0.32900939925789063,0,0
1,0.7705026639337538,1,1
1,0.8584586809508823,1,1
0,0.09409951966991194,0,0
0,0.3295539414259458,0,0
1,0.5040763025395003,1,1
1,0.7151108267495869,1,1
0,0.19539092156106744,0,0
0,0.16791330933802745,0,0
0,0.15258748616267717,0,0
0,0.1775323212458595,0,0
0,0.3498274875178565,0,0
0,0.30435528162637965,0,0
1,0.5292749097762047,1,1
1,0.2590588366032973,0,0
0,0.8551256636926889,1,1
0,0.3751062913598003,0,0
0,0.3623962447423487,0,0
1,0.8654669804078016,1,1
0,0.6808142108904512,1,1
1,0.6930874328575579,1,1
0,0.635964574558165,1,1
0,0.34666846281348623,0,0
1,0.8450903937950331,1,1
0,0.7479980692721933,1,1
1,0.7179000683487773,1,1
1,0.8376539506181113,1,1
0,0.1685928970581978,0,0
0,0.7612500904792925,1,1
1,0.6503555356130116,1,1
0,0.1761864472599728,0,0
0,0.1838342225720679,0,0
0,0.20786645588330108,0,0
0,0.30836367471045023,0,0
0,0.13218224087622205,0,0
0,0.23927554847329274,0,0
1,0.275691109186213,0,0
0,0.17432342938790757,0,0
1,0.899552605357566,1,1
0,0.5537699814612805,1,1
0,0.5635911823914227,1,1
0,0.21942171860399637,0,0
1,0.6497250198270724,1,1
1,0.6946887105254317,1,1
0,0.5265644007507071,1,1
0,0.11109221364432695,0,0
0,0.3788544756745459,0,0
1,0.679332900838039,1,1
0,0.4039488997685438,0,0
1,0.38862464492188753,0,0
0,0.41486261593662727,0,0
0,0.6454473222832127,1,1
0,0.08757079850273794,0,0
0,0.46869610421758606,0,0
0,0.5600372812949314,1,1
0,0.4867813646910259,0,1
0,0.21885942871853828,0,0
0,0.28501091552829394,0,0
0,0.10670534026176208,0,0
1,0.638504660089227,1,1
0,0.7236468414497528,1,1
0,0.29307243196009414,0,0
0,0.6782368291131158,1,1
0,0.14267114603604195,0,0
0,0.12594585296063104,0,0
0,0.6292016007084349,1,1
1,0.8354401648231238,1,1
1,0.9208276023588409,1,1
0,0.21704640303753284,0,0
0,0.12028200075374079,0,0
1,0.7217375359671664,1,1
0,0.3954931427848508,0,0
1,0.6683875740291466,1,1
0,0.200600469595151,0,0
0,0.04534680667918882,0,0
0,0.09228352052514836,0,0
1,0.8637820545749939,1,1
0,0.07417605197655293,0,0
1,0.7594312733963791,1,1
0,0.2457453940497534,0,0
0,0.32181902344508045,0,0
0,0.8083033834574291,1,1
0,0.3747850937862123,0,0
0,0.8243359887305568,1,1
0,0.5588185399047765,1,1
0,0.16571169393737697,0,0
0,0.10612971608460227,0,0
0,0.6140167920055932,1,1
0,0.6517736155472551,1,1
1,0.5629294566037605,1,1
0,0.13087687400611794,0,0
0,0.1865497753319438,0,0
1,0.4973622470968257,0,1
0,0.06073186260798931,0,0
0,0.17592425683382257,0,0
1,0.7644968303826825,1,1
0,0.07898057532590033,0,0
0,0.20688143535672546,0,0
0,0.6490763293397008,1,1
0,0.062046732061742375,0,0
0,0.25133669277812243,0,0
0,0.8051721321711235,1,1
1,0.7819372809655553,1,1
0,0.4140407045224632,0,0
1,0.21600146424309263,0,0
1,0.8162282714147928,1,1
0,0.24592635042849603,0,0
0,0.28050652050451447,0,0
1,0.7879297524950775,1,1
1,0.4290523087129329,0,0
0,0.13025332116997299,0,0
0,0.19028836707174354,0,0
0,0.09535270449598438,0,0
1,0.5100596545782148,1,1
0,0.6809326855937929,1,1
0,0.20674850693758012,0,0
0,0.08741986137784802,0,0
0,0.07888420872331385,0,0
1,0.3377438189505065,0,0
0,0.3880165185793312,0,0
0,0.09039911407615264,0,0
1,0.7227766729207418,1,1
0,0.06859789188325352,0,0
0,0.4522786860022074,0,0
0,0.672439523086515,1,1
0,0.19768255374333213,0,0
0,0.28094758414905135,0,0
0,0.7697637288494291,1,1
0,0.3960440060960772,0,0
1,0.213794244397968,0,0
0,0.5537577391211985,1,1
0,0.5397354573329727,1,1
1,0.801832143733932,1,1
0,0.46267246299844617,0,0
1,0.43928122136963327,0,0
0,0.6691860588002274,1,1
0,0.19771152692632987,0,0
0,0.3227068177040003,0,0
0,0.30054371565865023,0,0
1,0.6708819852490748,1,1
0,0.09817230691190726,0,0
0,0.7986788092513353,1,1
1,0.24624994758378402,0,0
0,0.6482695202868857,1,1
0,0.584842864694056,1,1
0,0.29104540815131,0,0
0,0.20710306367987277,0,0
0,0.11760051947896279,0,0
0,0.06522486546221175,0,0
1,0.9052183097227886,1,1
1,0.43447880009978984,0,0
0,0.26984496534780933,0,0
1,0.5820063816258149,1,1
0,0.242910481033967,0,0
1,0.66046330882585,1,1
0,0.202503789340191,0,0
0,0.0920135920851929,0,0
1,0.761650062748827,1,1
0,0.08935552193478652,0,0
0,0.22479465264942106,0,0
0,0.34478274470015524,0,0
1,0.8358216376478844,1,1
0,0.7725016776243567,1,1
0,0.8463061097981052,1,1
1,0.517642707180437,1,1
0,0.10460694971560613,0,0
0,0.1794315826254413,0,0
0,0.1379906051870648,0,0
0,0.23940898428999863,0,0
1,0.8512235712763273,1,1
0,0.4062874805749756,0,0
1,0.7017729116922671,1,1
0,0.1596339859966382,0,0
1,0.6783924829949765,1,1
0,0.4187687961322983,0,0
1,0.7751807907740181,1,1
0,0.06851113983186134,0,0
0,0.3439901263455035,0,0
1,0.7684950293284925,1,1
1,0.7275267766836073,1,1
0,0.4761343062499525,0,1
0,0.1571915807191291,0,0
0,0.44828898607812273,0,0
0,0.2657865905156215,0,0
1,0.9336010298777704,1,1
1,0.7682732832183929,1,1
1,0.3927018088771102,0,0
0,0.3533762909470797,0,0
0,0.21952729514621935,0,0
1,0.8295986570262841,1,1
0,0.46760217454982167,0,0
0,0.17365114089617545,0,0
0,0.2786825491783097,0,0
0,0.2270024546064551,0,0
1,0.6973612818388355,1,1
1,0.6625821084668041,1,1
0,0.6297547124688905,1,1
1,0.4384776584618554,0,0
0,0.13341973779451716,0,0
1,0.9293632561159885,1,1
0,0.24314047950114834,0,0
0,0.3978089042945314,0,0
0,0.741169927448224,1,1
0,0.43010774285469106,0,0
1,0.9427117853267586,1,1
0,0.36485098646824704,0,0
1,0.9318392067052672,1,1
0,0.7801381970096122,1,1
1,0.45339483665213515,0,0
1,0.6866359990022167,1,1
0,0.5275717839538164,1,1
0,0.04542546449768373,0,0
0,0.266405917149808,0,0
1,0.8688498852470962,1,1
1,0.8452907752860945,1,1
1,0.6803189560187225,1,1
1,0.8299586346770105,1,1
0,0.1485867251039205,0,0
0,0.17291841051498244,0,0
0,0.487101253453655,0,1
1,0.48969144517868,0,1
0,0.3455711336368862,0,0
0,0.18959274371388415,0,0
0,0.13779194572194947,0,0
0,0.07135840730147283,0,0
0,0.18376209107294006,0,0
0,0.535353892201457,1,1
1,0.7876488337646915,1,1
0,0.3000336264483804,0,0
0,0.13631785901245955,0,0
1,0.2593783795210822,0,0
1,0.8368380754054677,1,1
0,0.11271260394940308,0,0
1,0.7354985649946938,1,1
0,0.5835789260756271,1,1
1,0.880820698348693,1,1
1,0.9071190989112996,1,1
0,0.3146128256220792,0,0
1,0.33908068368558364,0,0
1,0.8761894384743535,1,1
1,0.7311278006395032,1,1
0,0.4499679483856057,0,0
1,0.7324736509497972,1,1
1,0.5163625069644091,1,1
0,0.35971397826659635,0,0
1,0.4195668669821752,0,0
1,0.3580682953609204,0,0
0,0.3550065360018896,0,0
0,0.6755001307550805,1,1
0,0.5340701545785385,1,1
1,0.9475711151477064,1,1
1,0.7755493726885,1,1
1,0.5528626070636127,1,1
0,0.3801771015798312,0,0
1,0.46837251646926753,0,0
1,0.6416195045325944,1,1
1,0.6045256397728187,1,1
1,0.7278355235021592,1,1
0,0.08591503856925978,0,0
1,0.3409438999134952,0,0
0,0.16847266676234002,0,0
0,0.49130035330522803,0,1
0,0.30719627799543336,0,0
0,0.6119373043217526,1,1
1,0.8339911874889958,1,1
0,0.08464328728366836,0,0
1,0.8780341527663178,1,1
0,0.7691160493136967,1,1
0,0.32911011262860446,0,0
0,0.16475721971283536,0,0
1,0.2494320524224618,0,0
1,0.8416683400213343,1,1
1,0.9117797669083543,1,1
0,0.28938377110825103,0,0
1,0.676226593551881,1,1
1,0.8319206213789392,1,1
0,0.24819243563342636,0,0
0,0.24939020575538412,0,0
1,0.7851318269523904,1,1
0,0.8261102177856862,1,1
1,0.7995473965081561,1,1
0,0.16305871975419223,0,0
1,0.8033172743279079,1,1
1,0.524828191390414,1,1
0,0.5322438991640622,1,1
1,0.9437920148361044,1,1
1,0.5423222702700591,1,1
1,0.8643970741178332,1,1
0,0.28818155543388857,0,0
1,0.6268518011855904,1,1
1,0.37870434096953265,0,0
0,0.6610459186323848,1,1
0,0.10284594456723213,0,0
1,0.8770921152253479,1,1
1,0.40634961883076637,0,0
1,0.44672648833429296,0,0
0,0.08612175094087698,0,0
0,0.10251764375246072,0,0
1,0.7050922057777158,1,1
0,0.6604933278772241,1,1
1,0.7705826011192499,1,1
1,0.27236732419830995,0,0
0,0.4509174935290024,0,0
0,0.855736996585052,1,1
0,0.049052048118712416,0,0
1,0.7594306276966685,1,1
0,0.659765754195184,1,1
0,0.2510530437282148,0,0
1,0.7794624987873017,1,1
0,0.5186094553270773,1,1
0,0.28130814856930947,0,0
0,0.4358079901304153,0,0
0,0.29714253747162966,0,0
1,0.4277737245770394,0,0
0,0.5975545846818473,1,1
0,0.13886054767612105,0,0
0,0.16219254494410396,0,0
0,0.11723240186540085,0,0
0,0.7507701004544732,1,1
0,0.1851744872020555,0,0
1,0.43735905175540524,0,0
1,0.8913483825102548,1,1
0,0.47205610981379126,0,1
0,0.11995497778105631,0,0
0,0.11783808106292887,0,0
1,0.7469612622718469,1,1
0,0.09800602719843861,0,0
0,0.6653194327755347,1,1
1,0.18088167001582098,0,0
0,0.1774223475638544,0,0
0,0.24547963675603293,0,0
1,0.643320173505711,1,1
0,0.7131471090335707,1,1
0,0.26387979698082786,0,0
0,0.2918877546020855,0,0
1,0.45660237422574723,0,0
1,0.6228776977775978,1,1
1,0.6111113216370608,1,1
0,0.41267304768692925,0,0
0,0.059361202729345114,0,0
0,0.18438421405678468,0,0
0,0.32668667221916525,0,0
1,0.8295539919006131,1,1
0,0.40220269144668497,0,0
0,0.5749540721819807,1,1
0,0.8679572148031811,1,1
0,0.46857265879678883,0,0
0,0.07831559082253078,0,0
0,0.18781801692937525,0,0
1,0.8958947701306085,1,1
1,0.6180152544502907,1,1
0,0.7484684164058545,1,1
0,0.9090607887471711,1,1
0,0.7155475531023581,1,1
0,0.6641407016553285,1,1
0,0.27081233730029813,0,0
1,0.6783047881136712,1,1
1,0.45217298099716025,0,0
0,0.7694461886745286,1,1
0,0.8529911776214987,1,1
0,0.5631224997242102,1,1
0,0.13864331977964034,0,0
1,0.8653563549637822,1,1
0,0.262769243764037,0,0
0,0.21659482203447428,0,0
0,0.28821448313087916,0,0
0,0.44167371173374276,0,0
0,0.19359086834666625,0,0
0,0.36750616026398625,0,0
1,0.49648726165600504,0,1
1,0.8294160844685734,1,1
1,0.5142061328465506,1,1
0,0.058574056012131906,0,0
0,0.3745462178179612,0,0
0,0.18407450138699005,0,0
1,0.6352442504733012,1,1
0,0.27656431952099814,0,0
0,0.051021988322296125,0,0
0,0.7916954244322563,1,1
0,0.3069560886038467,0,0
0,0.2789891357553757,0,0
0,0.06920939182707679,0,0
0,0.14995893300081944,0,0
0,0.24886592374593458,0,0
0,0.8540568028910022,1,1
1,0.6986656797119397,1,1
1,0.8420343808804999,1,1
0,0.34792785067661924,0,0
0,0.30715165535282046,0,0
0,0.49787369884668253,0,1
1,0.9271504039955744,1,1
0,0.3901438581203905,0,0
0,0.11571460133213005,0,0
0,0.4184559396572468,0,0
1,0.4776231909057504,0,1
0,0.313844289757368,0,0
0,0.5701587988367471,1,1
0,0.11861287372797742,0,0
0,0.10856545742603717,0,0
1,0.8266695484210292,1,1
1,0.5248040375806792,1,1
0,0.2795078311308436,0,0
1,0.8444990308844449,1,1
1,0.6490407824653011,1,1
0,0.6205708612113512,1,1
1,0.48168693503528615,0,1
0,0.17568391456530144,0,0
0,0.5089721681333761,1,1
1,0.7978235543971272,1,1
0,0.17846770232866166,0,0
0,0.22605973899400295,0,0
1,0.535129444804711,1,1
0,0.10143912894376841,0,0
0,0.657670263507971,1,1
1,0.2697505612232073,0,0
0,0.4557774112723499,0,0
0,0.42305833467914056,0,0
1,0.7630773781760091,1,1
0,0.5416053390425557,1,1
0,0.523084638404621,1,1
0,0.10706614329361952,0,0
0,0.6788806528596733,1,1
0,0.5538738932997123,1,1
0,0.1226009136557003,0,0
0,0.12030887306436996,0,0
0,0.20587605101424825,0,0
0,0.856711979852074,1,1
0,0.4344825752566692,0,0
1,0.5854096278797132,1,1
1,0.6871087680761988,1,1
0,0.06068060280542002,0,0
0,0.08551350101828217,0,0
0,0.23640066944425725,0,0
0,0.5525717688031603,1,1
1,0.8634370997001037,1,1
1,0.713815505205246,1,1
1,0.9003145923711287,1,1
1,0.855406740190714,1,1
0,0.5550653437139038,1,1
0,0.21070490239986725,0,0
0,0.11528855268026249,0,0
1,0.8388532312731035,1,1
0,0.15385483611286446,0,0
0,0.15609299905464188,0,0
0,0.1761369401022888,0,0
0,0.4179789353171081,0,0
1,0.569729211287685,1,1
0,0.32179100495520147,0,0
0,0.3187937626889974,0,0
0,0.1528085427433625,0,0
0,0.2603483599428234,0,0
0,0.43742837421672626,0,0
1,0.11101461756546913,0,0
0,0.09701054125501878,0,0
1,0.658273336079111,1,1
0,0.5103778225400479,1,1
0,0.20635999958659337,0,0
0,0.6064287015013986,1,1
1,0.8492784428331158,1,1
0,0.11347451365650298,0,0
1,0.47685551309240226,0,1
0,0.23565266781285782,0,0
0,0.6945752589130266,1,1
0,0.4273762520079717,0,0
1,0.831143382057253,1,1
1,0.7359848251129523,1,1
0,0.556664855741367,1,1
0,0.5003767726178979,1,1
0,0.2556871692041592,0,0
0,0.2897830627138483,0,0
0,0.10224873724000567,0,0
0,0.3388746941661566,0,0
0,0.19266746488664283,0,0
1,0.5925030340952802,1,1
1,0.3456102556533705,0,0
0,0.16017354153909052,0,0
0,0.40138966476310334,0,0
0,0.12117093036064872,0,0
0,0.9059029283910878,1,1
1,0.8706558524017562,1,1
0,0.4621274822470657,0,0
0,0.46411189114878876,0,0
0,0.11537488787379237,0,0
0,0.5081839314194103,1,1
1,0.835821487136196,1,1
0,0.07684148655672393,0,0
1,0.7969523495088667,1,1
1,0.6873053173190727,1,1
0,0.04390904077717273,0,0
0,0.1694588464986213,0,0
1,0.8004631031522838,1,1
0,0.614094395339684,1,1
0,0.40753308400276544,0,0
0,0.42902242718447114,0,0
0,0.14083691625157932,0,0
1,0.880071925245731,1,1
0,0.5001135080334017,1,1
0,0.6130694361063268,1,1
1,0.8543592924310736,1,1
1,0.43973875106957516,0,0
0,0.5987570526007788,1,1
0,0.7595580463883002,1,1
1,0.6982719342537448,1,1
0,0.0645639883600395,0,0
1,0.8183372376607485,1,1
1,0.16669149547171144,0,0
0,0.32478503289376626,0,0
0,0.2555498627048928,0,0
0,0.11777284711608102,0,0
0,0.2552603531711113,0,0
0,0.7906334514075534,1,1
0,0.7716057242765312,1,1
1,0.1127525620290999,0,0
1,0.40765369404321883,0,0
0,0.8792552049970856,1,1
1,0.6357647369907944,1,1
0,0.7338079233236933,1,1
0,0.054978498046045196,0,0
0,0.502600863194217,1,1
0,0.303390341571338,0,0
0,0.265415362047401,0,0
0,0.5086733048944875,1,1
1,0.17074055957882378,0,0
0,0.4014820268202066,0,0
1,0.732025950968661,1,1
0,0.5259563627278335,1,1
1,0.3833727141642381,0,0
0,0.29010350016023384,0,0
1,0.9521640257721072,1,1
1,0.4293369928011893,0,0
0,0.34529975320887757,0,0
1,0.8842674739606365,1,1
0,0.39904628099151346,0,0
0,0.4429204550466352,0,0
1,0.4217702940864511,0,0
1,0.2092297182149988,0,0
1,0.5721380159109292,1,1
0,0.8223637834677021,1,1
1,0.6465466534977521,1,1
1,0.7969166354380909,1,1
0,0.17216094698643794,0,0
1,0.8154992485475356,1,1
0,0.3883448028107212,0,0
1,0.6937735129206809,1,1
0,0.8109484851891648,1,1
1,0.9353107585776633,1,1
1,0.7214867715392517,1,1
0,0.11190572980507152,0,0
1,0.8621339243716155,1,1
1,0.8262866101266063,1,1
0,0.09226552043738542,0,0
0,0.44918834328952845,0,0
1,0.7564898054409082,1,1
0,0.7133367367795106,1,1
0,0.21318243300226924,0,0
0,0.5494631476420266,1,1
1,0.17400654271252794,0,0
0,0.0859853814361499,0,0
1,0.731865809451074,1,1
0,0.7007962887045677,1,1
0,0.7597658016788263,1,1
0,0.26587751985876923,0,0
0,0.09313316018986699,0,0
0,0.3151570374616618,0,0
0,0.08460044068472487,0,0
0,0.41397529960562784,0,0
1,0.8339097842253598,1,1
0,0.925548184100186,1,1
1,0.8676922493910255,1,1
0,0.5784845013247072,1,1
0,0.25395248567122025,0,0
0,0.7838484149781342,1,1
1,0.23506488036777792,0,0
0,0.17063730960772636,0,0
0,0.4039261718368155,0,0
0,0.6374415080512199,1,1
1,0.6021762036635822,1,1
0,0.3349505418537731,0,0
1,0.8520648059898657,1,1
0,0.3725995704821627,0,0
1,0.9278622887311772,1,1
1,0.48868827574239293,0,1
0,0.11548474934027113,0,0
0,0.09399303828285115,0,0
0,0.138040913152554,0,0
0,0.38468596279774026,0,0
0,0.337758358006977,0,0
0,0.29881189403507535,0,0
0,0.5750232708875229,1,1
0,0.1967939395393554,0,0
0,0.24413071364095243,0,0
1,0.4229398464440303,0,0
0,0.42647770022577935,0,0
1,0.1636350339785084,0,0
0,0.10486962688383851,0,0
0,0.4106268902547528,0,0
1,0.841484460675502,1,1
0,0.37384177155181025,0,0
0,0.1658054418775953,0,0
1,0.4509420816589543,0,0
0,0.06830250258297492,0,0
0,0.4466425616982208,0,0
1,0.7554993582406505,1,1
1,0.9218808559646411,1,1
0,0.4349167094379849,0,0
1,0.6292174221200338,1,1
0,0.1290953403244173,0,0
0,0.14889636840769083,0,0
0,0.29291513650065704,0,0
0,0.6975894595739892,1,1
0,0.17076076401221657,0,0
0,0.3037831527512922,0,0
0,0.12069954042231665,0,0
1,0.41213486568494423,0,0
0,0.8247274885208897,1,1
1,0.6662797328171968,1,1
0,0.5089479905068823,1,1
0,0.5860289623298107,1,1
1,0.8660542308937194,1,1
1,0.8078586318204203,1,1
1,0.4662658451028739,0,0
0,0.6412510355992495,1,1
0,0.16642373106937697,0,0
1,0.6090532766030078,1,1
1,0.6246018756727135,1,1
1,0.6835620895197804,1,1
0,0.6060657673014043,1,1
0,0.5900237999703024,1,1
0,0.19898669297118343,0,0
1,0.7726948205912442,1,1
0,0.620123253380548,1,1
0,0.11418520164337143,0,0
0,0.1495546753169269,0,0
1,0.6896064855529737,1,1
0,0.23148382000844905,0,0
1,0.1835679966950045,0,0
0,0.2920891539754688,0,0
0,0.45669597977631743,0,0
0,0.6884323154698883,1,1
0,0.41452196832817334,0,0
0,0.27434376385221504,0,0
1,0.6378970248451774,1,1
0,0.03202854935008583,0,0
1,0.919991423437443,1,1
1,0.727786154138996,1,1
0,0.22963670691768345,0,0
0,0.5489998781102015,1,1
0,0.09362992458623885,0,0
0,0.10225388242331776,0,0
1,0.8412506083806662,1,1
1,0.8218517506738852,1,1
1,0.6327205093944934,1,1
1,0.7350033220274356,1,1
0,0.32270645614386884,0,0
0,0.1992224401541687,0,0
0,0.9120066555083493,1,1
0,0.4370155817806717,0,0
0,0.20179084574113706,0,0
0,0.4763249072446369,0,1
0,0.15563903318292716,0,0
0,0.7998695226146004,1,1
0,0.2287166270698737,0,0
1,0.7146550374304377,1,1
0,0.7245801175152,1,1
0,0.19226556026587532,0,0
1,0.5594425965585632,1,1
1,0.7491623329441115,1,1
0,0.4107446782757811,0,0
1,0.90459642731902,1,1
0,0.18759445599436003,0,0
0,0.3222480898779382,0,0
0,0.4351343689244002,0,0
0,0.18039272910786444,0,0
0,0.08420687736778841,0,0
0,0.8668397507156514,1,1
1,0.7673921180384476,1,1
1,0.36535810328989804,0,0
0,0.48776151380221755,0,1
0,0.34585573098880756,0,0
1,0.4142201612236773,0,0
1,0.6905986650689733,1,1
0,0.1215631592105895,0,0
1,0.7053113590612002,1,1
0,0.1325621472893697,0,0
0,0.6263477188447912,1,1
0,0.27319904650786686,0,0
1,0.7076683224958967,1,1
1,0.5109306321025334,1,1
0,0.6421155890918858,1,1
0,0.2959678380232133,0,0
0,0.15444726099079967,0,0
0,0.14965715057861048,0,0
1,0.44866007026950244,0,0
1,0.5149811905951314,1,1
0,0.447969408155556,0,0
0,0.30265124814907235,0,0
0,0.5871528517649527,1,1
1,0.5423572937255796,1,1
1,0.5648913022031437,1,1
1,0.38875349665107267,0,0
0,0.7620677001471192,1,1
0,0.16889141492236678,0,0
0,0.45608690047949657,0,0
0,0.8858830533243116,1,1
1,0.9117250270452306,1,1
0,0.06985457020179922,0,0
0,0.7672472406337021,1,1
1,0.8983793849309359,1,1
0,0.3245529000250984,0,0
1,0.7868788526897769,1,1
1,0.5482500823794472,1,1
0,0.183290140433903,0,0
0,0.25347184470883255,0,0
0,0.8375720821070914,1,1
0,0.1716947971076191,0,0
1,0.565094360842136,1,1
1,0.6962957244106738,1,1
1,0.7441015066326542,1,1
0,0.07297259849878661,0,0
0,0.3457385150020481,0,0
0,0.5647639707488573,1,1
1,0.9319756076457156,1,1
0,0.1716561166813949,0,0
0,0.19569559779170864,0,0
0,0.18762047984408184,0,0
1,0.29966030578067915,0,0
1,0.6414923861634745,1,1
1,0.6422975259293392,1,1
1,0.7273114547407059,1,1
1,0.5295072818959388,1,1
0,0.1049372061642501,0,0
0,0.09158115260594955,0,0
0,0.1490315245014471,0,0
1,0.2883864561499753,0,0
1,0.34988882396256143,0,0
0,0.14221189038777343,0,0
0,0.14514197805978116,0,0
0,0.1735872159633794,0,0
1,0.9115988439795029,1,1
1,0.295735951079759,0,0
0,0.04305604033570294,0,0
0,0.692042183668239,1,1
1,0.5804410587990787,1,1
0,0.4988548765044408,0,1
0,0.08206136466289399,0,0
0,0.30529171514530995,0,0
1,0.05613427183042993,0,0
0,0.46119011562313195,0,0
0,0.20732701449974936,0,0
1,0.7194973751556606,1,1
0,0.11042536352196962,0,0
0,0.4610524689118595,0,0
0,0.19847592365986058,0,0
0,0.8106893531405253,1,1
0,0.19447244776080447,0,0
0,0.10038492648253684,0,0
1,0.5202878987043987,1,1
1,0.4459601496919469,0,0
1,0.655591919606546,1,1
0,0.1683723508578319,0,0
1,0.6461224232330605,1,1
1,0.4397869998895334,0,0
0,0.22581597821410312,0,0
0,0.8095989916899199,1,1
1,0.5124366574894185,1,1
1,0.9447364620589602,1,1
0,0.19210194996812394,0,0
0,0.2283461854417438,0,0
1,0.629940058390107,1,1
0,0.20431349987035183,0,0
1,0.6723940179476222,1,1
0,0.4084566514869498,0,0
1,0.2384657477165659,0,0
0,0.7730251645206229,1,1
0,0.3652275959230394,0,0
0,0.3454942012528871,0,0
0,0.10540258834024821,0,0
0,0.7407169689112794,1,1
0,0.1939144227054238,0,0
0,0.5643958756861805,1,1
0,0.6497392773397769,1,1
0,0.3136141298072849,0,0
0,0.11577686623706379,0,0
1,0.7678367289447324,1,1
0,0.06431013524842483,0,0
0,0.33080636579842526,0,0
1,0.6150903826034314,1,1
1,0.5553195147672458,1,1
0,0.25811855959743324,0,0
0,0.3878538269719887,0,0
0,0.2527171731830994,0,0
1,0.5046676484049962,1,1
0,0.5505517409744239,1,1
0,0.4455105900125901,0,0
0,0.7542238660490097,1,1
0,0.15709683361008767,0,0
1,0.7952863301756935,1,1
0,0.38871632072772794,0,0
1,0.5550672915786922,1,1
0,0.8050232537205814,1,1
1,0.29303459271753995,0,0
0,0.07213474065804235,0,0
0,0.629488099111459,1,1
0,0.3744716340325115,0,0
0,0.14889576992161235,0,0
0,0.6695272345101813,1,1
0,0.1636493932594847,0,0
0,0.6299245761916082,1,1
1,0.2846344751576523,0,0
0,0.7541952849727354,1,1
1,0.8032383426301329,1,1
1,0.9478857065373816,1,1
0,0.587002603705862,1,1
1,0.7558963749324653,1,1
0,0.22115010164068968,0,0
0,0.2050790811932523,0,0
0,0.3245742475079012,0,0
1,0.794210056654699,1,1
1,0.9104334100412885,1,1
1,0.9518383980895019,1,1
1,0.8411280660422339,1,1
1,0.34552151787792873,0,0
0,0.8215119780523622,1,1
1,0.8816407966817209,1,1
0,0.4460648742260039,0,0
0,0.2047572115810883,0,0
0,0.09995616829372059,0,0
1,0.606976662580597,1,1
0,0.3226493559729865,0,0
0,0.28950834273834963,0,0
0,0.21601809754974904,0,0
0,0.4367162248442697,0,0
0,0.23875446313513915,0,0
0,0.6363152908800672,1,1
1,0.9273797588564221,1,1
0,0.603957450531983,1,1
1,0.2717095711525618,0,0
0,0.11533434540234827,0,0
0,0.16705493492875578,0,0
0,0.3648213726745243,0,0
0,0.08813965272843167,0,0
1,0.5669068666315087,1,1
0,0.2847503533801407,0,0
0,0.5392104643758202,1,1
0,0.08111228827587404,0,0
1,0.925219730320549,1,1
0,0.1501153034496633,0,0
0,0.4538737335363456,0,0
1,0.8468244582651004,1,1
0,0.2831455426056464,0,0
0,0.35743303963402107,0,0
1,0.5756512332390928,1,1
0,0.44596309489323616,0,0
0,0.25471878516703095,0,0
0,0.11726905704143027,0,0
0,0.8500252151957999,1,1
1,0.7925120801370064,1,1
0,0.1647446445636444,0,0
0,0.23668127558039123,0,0
0,0.10218426033123096,0,0
1,0.686707702076705,1,1
0,0.37032459947974394,0,0
0,0.10348849366282065,0,0
0,0.3286386402085757,0,0
0,0.5329339209213125,1,1
0,0.22344050329354576,0,0
0,0.4943564214122878,0,1
0,0.21815943907595023,0,0
0,0.07712241108278184,0,0
0,0.18702378320181368,0,0
1,0.8529228777316898,1,1
0,0.7231390390372395,1,1
1,0.8499575046644297,1,1
0,0.37333195507030736,0,0
0,0.08370163284262297,0,0
0,0.7023828148439497,1,1
0,0.5909326701402824,1,1
0,0.38736634283354526,0,0
0,0.6682806908268937,1,1
1,0.8306617305511528,1,1
0,0.3447316658476713,0,0
0,0.6346005073635036,1,1
0,0.055822566066855504,0,0
1,0.24634070669681715,0,0
1,0.757234001524943,1,1
0,0.16153919166854427,0,0
0,0.27150048040363317,0,0
1,0.6132160034336719,1,1
0,0.09243401992664264,0,0
0,0.30565391075794435,0,0
0,0.6481557448890725,1,1
1,0.7019841255073872,1,1
0,0.9362251582459307,1,1
0,0.46352367162293495,0,0
1,0.80951598932596,1,1
0,0.5565652635815794,1,1
0,0.2411499347058991,0,0
1,0.7297197904668985,1,1
0,0.427276761740988,0,0
0,0.3665526164998173,0,0
1,0.6931505022764815,1,1
0,0.7492002134973174,1,1
0,0.27040649449376,0,0
0,0.6241832320844006,1,1
0,0.476929026566487,0,1
0,0.7772730000179926,1,1
0,0.7827646144719739,1,1
1,0.796623496103423,1,1
0,0.6775903770939449,1,1
1,0.9590623073304538,1,1
0,0.7074008661917857,1,1
0,0.5069707755203573,1,1
1,0.8655998728318862,1,1
0,0.36808989793958546,0,0
1,0.6341551303364328,1,1
0,0.9106083157656765,1,1
0,0.15417957838470325,0,0
1,0.4682550964141691,0,0
1,0.8840342000924201,1,1
1,0.8315474967621918,1,1
0,0.16361344235912922,0,0
0,0.5728676264803048,1,1
0,0.07735539356411708,0,0
0,0.07717255973916033,0,0
0,0.6969803130949549,1,1
1,0.5774995366044455,1,1
0,0.7267650124860529,1,1
0,0.3249002313619117,0,0
0,0.22843067530622493,0,0
1,0.8519976125894478,1,1
0,0.08490411383676535,0,0
0,0.5848034248419143,1,1
0,0.20308305343758715,0,0
1,0.45244128012451496,0,0
1,0.08680667527798527,0,0
1,0.7802861364844592,1,1
0,0.12995129861775265,0,0
0,0.5324386926379088,1,1
0,0.18987854928917886,0,0
0,0.2487461335873125,0,0
0,0.13577387614199052,0,0
0,0.6165669560507452,1,1
0,0.7069283355731626,1,1
0,0.24395882612646955,0,0
0,0.3015901198302301,0,0
1,0.6693233966994194,1,1
1,0.8765455881839759,1,1
1,0.5630696153559839,1,1
0,0.21369257676735595,0,0
0,0.2599950048551637,0,0
0,0.5251829066317982,1,1
1,0.8720466406582917,1,1
0,0.09742033879736303,0,0
0,0.3350897823061388,0,0
0,0.43640136396446105,0,0
0,0.4538491395957046,0,0
0,0.30592679509139026,0,0
1,0.8527634626453949,1,1
0,0.3144639268254857,0,0
0,0.21810543767345628,0,0
0,0.4510247174825967,0,0
1,0.6469368138241048,1,1
0,0.49424910134400885,0,1
1,0.7382891496347952,1,1
0,0.4047278268801716,0,0
0,0.20040172784332463,0,0
0,0.46877786866670973,0,0
0,0.371287648647626,0,0
1,0.7126685653403909,1,1
1,0.10396094788478108,0,0
0,0.1964381740792455,0,0
0,0.5495362873389221,1,1
0,0.3925367221211286,0,0
0,0.43864531640803145,0,0
0,0.6370730328274974,1,1
1,0.7152652794315298,1,1
1,0.5718271080195486,1,1
0,0.1639163449515486,0,0
1,0.5262739641563459,1,1
1,0.49953945897756674,0,1
1,0.3121863300605627,0,0
0,0.25365503999555583,0,0
0,0.5343230890786307,1,1
0,0.39853700593966723,0,0
0,0.4737663612480548,0,1
0,0.15062713236709108,0,0
1,0.7822856262456391,1,1
0,0.5636428350810028,1,1
1,0.5898598034880572,1,1
1,0.7322082277160867,1,1
0,0.08839112592429776,0,0
1,0.71554554501474,1,1
1,0.7579606791668059,1,1
1,0.8639636320891877,1,1
0,0.520160279082533,1,1
1,0.534739350442247,1,1
1,0.82112342872642,1,1
0,0.3599764441294987,0,0
1,0.8897556230981449,1,1
0,0.7454637478451175,1,1
0,0.6725513001846436,1,1
0,0.47422462006036464,0,1
1,0.4417075761462244,0,0
1,0.7795929364652939,1,1
1,0.5265577627332184,1,1
1,0.22173890704880847,0,0
0,0.17616263385084005,0,0
1,0.5316206544016739,1,1
0,0.770222105262824,1,1
0,0.21658086051332046,0,0
1,0.8478288587209384,1,1
0,0.666573064677518,1,1
1,0.37428642864643147,0,0
0,0.17706696218498555,0,0
0,0.267374543640545,0,0
0,0.14507865472513473,0,0
0,0.2311819698007414,0,0
0,0.40658270079747083,0,0
0,0.05408770962117588,0,0
1,0.7037254429203044,1,1
0,0.3294415477323202,0,0
1,0.44259502245220533,0,0
0,0.35622072398653937,0,0
1,0.9376926157004394,1,1
0,0.7634443475042293,1,1
1,0.8111476031712646,1,1
0,0.45476650838141214,0,0
0,0.7961375108607286,1,1
1,0.3119447738151383,0,0
0,0.22275065320623919,0,0
0,0.8569078067289069,1,1
1,0.6806414891656208,1,1
1,0.9422992405524618,1,1
0,0.5428447555263586,1,1
1,0.6984448274762312,1,1
1,0.3036764866786877,0,0
1,0.7031700832737867,1,1
0,0.3178284302019336,0,0
1,0.8626268296354175,1,1
1,0.6542167845662273,1,1
1,0.527732736178002,1,1
0,0.2720302476806114,0,0
1,0.8886694076262188,1,1
1,0.47076951633181413,0,1
0,0.06903081503470589,0,0
0,0.3493009421305336,0,0
0,0.6320008771887844,1,1
0,0.7065325391766983,1,1
0,0.29582785667800543,0,0
0,0.2541772117142979,0,0
1,0.6123477189757668,1,1
0,0.07107042588392215,0,0
1,0.5616974636262141,1,1
0,0.5583748196026396,1,1
1,0.8918309960001529,1,1
0,0.16355192031545707,0,0
1,0.7352236833963703,1,1
0,0.5436187463057813,1,1
0,0.2423619915866765,0,0
0,0.15918733598039214,0,0
0,0.20869010223078538,0,0
0,0.30966051664672534,0,0
1,0.5146836190397545,1,1
1,0.36289768202152795,0,0
0,0.06982549261690837,0,0
0,0.8071304263583423,1,1
0,0.4816455587965416,0,1
1,0.6821249083849533,1,1
1,0.5794577766386513,1,1
0,0.40854200337337143,0,0
1,0.7813938780139597,1,1
1,0.9428818034383911,1,1
1,0.7868273205889021,1,1
0,0.07542006857929588,0,0
0,0.14228704507046883,0,0
1,0.7549920797532715,1,1
1,0.7693101457247301,1,1
0,0.22016812206937308,0,0
1,0.5306455953578071,1,1
0,0.49777533332440216,0,1
1,0.6928007424819398,1,1
1,0.766012130290417,1,1
0,0.5141338197989592,1,1
0,0.3722034547854589,0,0
1,0.668119656206506,1,1
0,0.1635247000434931,0,0
0,0.0785736097162124,0,0
0,0.5116669794029842,1,1
0,0.8600757258517382,1,1
1,0.7347205530445748,1,1
0,0.753331104723384,1,1
0,0.6955235856603826,1,1
0,0.1899124567564931,0,0
1,0.30128788798686884,0,0
0,0.3568523523828798,0,0
1,0.7761165461563818,1,1
0,0.7925454983675462,1,1
0,0.34809739384307736,0,0
0,0.4296797433882918,0,0
0,0.10394771120201932,0,0
1,0.5033063220514725,1,1
0,0.9137986289819715,1,1
1,0.6212062217865227,1,1
0,0.2772496326547735,0,0
0,0.19907166940121562,0,0
1,0.7941217353070503,1,1
0,0.6466721831232897,1,1
0,0.563502505006312,1,1
0,0.14703409658704336,0,0
1,0.6271213153431315,1,1
0,0.07080381720693224,0,0
0,0.6067111400557762,1,1
0,0.5930149651985791,1,1
0,0.7917281876370945,1,1
1,0.5919886830701527,1,1
0,0.5413944316978077,1,1
0,0.18345227450524673,0,0
0,0.13088430231100714,0,0
0,0.35982864462490427,0,0
1,0.7369394875193559,1,1
0,0.29926487941025676,0,0
0,0.5845224180657321,1,1
0,0.4673615734441718,0,0
1,0.5034485696916149,1,1
1,0.9225712603918149,1,1
1,0.6483435978448467,1,1
0,0.49830464186935686,0,1
0,0.14853919822504233,0,0
0,0.1259022477512734,0,0
0,0.23083510574799715,0,0
1,0.9153495013498798,1,1
0,0.2592781056249633,0,0
0,0.08643805859424408,0,0
0,0.5847555662595907,1,1
1,0.8220018812389218,1,1
0,0.367445711946517,0,0
0,0.37557237037408975,0,0
0,0.47541678363892526,0,1
0,0.3603863812097267,0,0
0,0.3268465758306539,0,0
1,0.9403097340969637,1,1
0,0.43826596111459937,0,0
0,0.22100748740752424,0,0
0,0.2556371732468172,0,0
0,0.6658030401195365,1,1
1,0.5866023363639897,1,1
0,0.23554138281233108,0,0
0,0.27708924938463075,0,0
1,0.44356969074558233,0,0
1,0.8543880713976478,1,1
1,0.6869124509281042,1,1
0,0.4727453005179084,0,1
1,0.3635967314962953,0,0
1,0.19231810996991155,0,0
0,0.702324319332818,1,1
0,0.56028719952125,1,1
0,0.48760060639519476,0,1
0,0.7206101313085712,1,1
1,0.35478550539707177,0,0
0,0.11319301842031132,0,0
0,0.6657847019533496,1,1
0,0.479648088390442,0,1
0,0.05592860162775572,0,0
0,0.4686003698218822,0,0
1,0.8294670931610166,1,1
0,0.7399520358900876,1,1
0,0.1730009644720375,0,0
1,0.6098498040925241,1,1
1,0.681655335832529,1,1
0,0.1574413129749514,0,0
1,0.533749905689622,1,1
0,0.4620858853440211,0,0
0,0.049417397121787665,0,0
1,0.5933385722406093,1,1
1,0.2898535804775279,0,0
0,0.12664962658756831,0,0
0,0.32094538710667975,0,0
1,0.6568515109542158,1,1
1,0.786650717744557,1,1
0,0.1663994339375076,0,0
1,0.5642079024361775,1,1
1,0.845642075056503,1,1
0,0.16718849203267414,0,0
0,0.5212930942442712,1,1
1,0.6337906981465745,1,1
0,0.28561588159642837,0,0
0,0.3471437307163581,0,0
1,0.9306338755778532,1,1
1,0.4041786084838286,0,0
1,0.11453876092652003,0,0
0,0.7920204328013378,1,1
0,0.2850479512568442,0,0
0,0.39932323895033656,0,0
0,0.8465095538035948,1,1
1,0.7904634182825905,1,1
1,0.8744965060666955,1,1
0,0.6742773015919883,1,1
1,0.31670684111599695,0,0
0,0.5529451058860886,1,1
0,0.18941052379644735,0,0
0,0.36948044440332484,0,0
1,0.188512301292953,0,0
0,0.5845626648876009,1,1
0,0.09458499028264672,0,0
0,0.4282506785808781,0,0
1,0.8753238185819607,1,1
0,0.3971854613563347,0,0
1,0.7356530252464375,1,1
0,0.2217679215478687,0,0
0,0.33447053957186296,0,0
0,0.8575036100904833,1,1
0,0.7177761280200564,1,1
1,0.6017288407073845,1,1
1,0.29513109446938796,0,0
1,0.22756793077717863,0,0
1,0.7198177040332061,1,1
0,0.2177586005188599,0,0
1,0.7233518718996506,1,1
1,0.9024320940187712,1,1
0,0.09627520752639122,0,0
0,0.719931566071214,1,1
1,0.8033213334484874,1,1
1,0.42791970783449446,0,0
0,0.4157892495166239,0,0
0,0.14417322720428868,0,0
1,0.3453041253473264,0,0
0,0.09290568307638582,0,0
1,0.7008829317492783,1,1
1,0.11058718291443669,0,0
1,0.2498265464411704,0,0
0,0.8240209508478493,1,1
0,0.07104447870234264,0,0
0,0.4042066831547111,0,0
0,0.16062803351651952,0,0
0,0.07804883072896122,0,0
0,0.7194027878740671,1,1
1,0.8346951843681861,1,1
1,0.59370948201089,1,1
1,0.7621562561403581,1,1
0,0.8669959770220952,1,1
0,0.2859381862436683,0,0
1,0.6772557838073877,1,1
1,0.7265433672673416,1,1
1,0.7050386004472726,1,1
1,0.7998741038038559,1,1
1,0.8901938734947944,1,1
0,0.12293425376821068,0,0
0,0.35209354180649394,0,0
1,0.7552682667669204,1,1
0,0.4037327671013188,0,0
0,0.4550326949848768,0,0
0,0.5949156756158029,1,1
1,0.4590681516115084,0,0
0,0.2112920353623497,0,0
1,0.8978743667959524,1,1
0,0.6219004352681065,1,1
0,0.48934677799032167,0,1
0,0.8511239321582789,1,1
1,0.505013175851501,1,1
0,0.47032061301988076,0,1
1,0.13423264529189824,0,0
1,0.71781312638751,1,1
0,0.5916131439517494,1,1
1,0.21945042862638392,0,0
0,0.4168457748712698,0,0
0,0.07619016749187639,0,0
0,0.03835718089407492,0,0
1,0.7522381468005715,1,1
1,0.7736834270340639,1,1
0,0.5055142856543617,1,1
0,0.45206826051229143,0,0
0,0.2602939340326487,0,0
0,0.5873193697075845,1,1
1,0.23936840034135942,0,0
0,0.445326078122909,0,0
0,0.3685837769655352,0,0
0,0.1960061083623549,0,0
0,0.273518409866635,0,0
1,0.8343858557058496,1,1
1,0.6071181050781965,1,1
1,0.4695241247558581,0,0
0,0.383088673499195,0,0
0,0.39932323895033656,0,0
1,0.25986366824298474,0,0
1,0.5382432162791335,1,1
0,0.09393662323793243,0,0
0,0.6877947558346296,1,1
1,0.7783531725931822,1,1
1,0.6279062639544886,1,1
0,0.6776991867909195,1,1
0,0.393970469982208,0,0
0,0.3495014162320889,0,0
0,0.21779168701677853,0,0
0,0.10411329065193235,0,0
0,0.2637186184427135,0,0
0,0.4104876693602191,0,0
0,0.38362675817833014,0,0
0,0.714252882390953,1,1
1,0.4459158989914415,0,0
1,0.8734915890218752,1,1
1,0.44066446864828585,0,0
0,0.36175611818783854,0,0
1,0.473041738771024,0,1
1,0.13868179584125415,0,0
0,0.13757208622990189,0,0
0,0.5305724951453803,1,1
1,0.6007028435495538,1,1
0,0.6217825383920517,1,1
0,0.23168284081066667,0,0
0,0.3260710602262632,0,0
0,0.529943950012474,1,1
0,0.1944165926458394,0,0
0,0.09641343905272522,0,0
0,0.48936656341235435,0,1
1,0.8444662487719223,1,1
0,0.4144043807041081,0,0
0,0.1896564460402416,0,0
1,0.7065950580365136,1,1
0,0.4808732227327402,0,1
1,0.8916703218780789,1,1
0,0.4501148396959005,0,0
0,0.22949272058677342,0,0
0,0.16769787924158533,0,0
1,0.6069640519069881,1,1
0,0.5796726751470623,1,1
0,0.7403882161937873,1,1
1,0.7131252534064461,1,1
0,0.38578976142185295,0,0
1,0.7457261495257723,1,1
0,0.23346788755072062,0,0
0,0.39051165556375483,0,0
1,0.9069963734811144,1,1
1,0.6960549188208547,1,1
0,0.10709289376412848,0,0
1,0.7414560240371025,1,1
1,0.48013312957929744,0,1
1,0.6132840701438876,1,1
0,0.13283962251357517,0,0
0,0.09524739880460377,0,0
0,0.6386577352506656,1,1
0,0.3450048086064895,0,0
1,0.8158553759197206,1,1
0,0.5923263162547231,1,1
1,0.9485718600498766,1,1
1,0.5658687470951552,1,1
1,0.6045608687007303,1,1
1,0.8372271975556582,1,1
0,0.22289038562800512,0,0
0,0.5624175263744109,1,1
0,0.25393702855290606,0,0
0,0.11026698498651255,0,0
0,0.4064637655549832,0,0
0,0.6534077493812598,1,1
0,0.3110748112228868,0,0
0,0.307817351272285,0,0
1,0.7499495369947531,1,1
0,0.08502560340139581,0,0
0,0.17234219378549107,0,0
0,0.4795299221867112,0,1
0,0.3345601328569342,0,0
0,0.7259662700270051,1,1
1,0.8585376605440799,1,1
0,0.5286673460081045,1,1
1,0.26654006168289507,0,0
1,0.887551885055167,1,1
0,0.48192350423759256,0,1
1,0.7572364860057678,1,1
1,0.9161379739217685,1,1
0,0.5346194273002837,1,1
1,0.7958021286433475,1,1
0,0.16013852386068028,0,0
0,0.33695884546892935,0,0
1,0.7818769982552406,1,1
0,0.8949785727711563,1,1
0,0.5012653591153267,1,1
0,0.579454733851716,1,1
0,0.413628063202276,0,0
0,0.13452124350622371,0,0
1,0.7540314953454403,1,1
0,0.19209769262593937,0,0
0,0.27141643124163356,0,0
1,0.6360522964936536,1,1
0,0.5315485877198172,1,1
1,0.6166275766752932,1,1
0,0.07195922123216111,0,0
1,0.8368979966981924,1,1
1,0.6816381569989437,1,1
0,0.5723024256151937,1,1
1,0.46287660408613795,0,0
0,0.818042258883349,1,1
0,0.09292672009114607,0,0
0,0.10261029718366592,0,0
0,0.16641213699217974,0,0
0,0.1952800909255947,0,0
1,0.7189256848191203,1,1
1,0.7997197751293297,1,1
0,0.6655311626218432,1,1
1,0.19281895774275526,0,0
1,0.7378847700077739,1,1
1,0.6288541843920651,1,1
0,0.8266327695045381,1,1
1,0.6269244785220235,1,1
0,0.2784313804682104,0,0
0,0.7516636081566596,1,1
1,0.4070561254700238,0,0
0,0.6655887885263482,1,1
1,0.3415260917230454,0,0
0,0.5617390046208018,1,1
0,0.1743613945843055,0,0
0,0.17520073182861207,0,0
0,0.18483614236392257,0,0
0,0.4362206163437306,0,0
1,0.6239971081135037,1,1
0,0.9027112754883585,1,1
0,0.6931969276644102,1,1
0,0.499945953740394,0,1
0,0.5560987549626939,1,1
0,0.4614004690463823,0,0
1,0.7455644545308052,1,1
0,0.2898742047788673,0,0
0,0.14638952826269905,0,0
1,0.683488548915211,1,1
0,0.49620315874265336,0,1
0,0.21799316321898526,0,0
0,0.1287955688786631,0,0
0,0.7475453764948983,1,1
0,0.254599150440802,0,0
1,0.6596505526174784,1,1
0,0.40969941133577875,0,0
1,0.7254266577097593,1,1
0,0.06900791219504494,0,0
0,0.5000777648468897,1,1
1,0.6891980736212852,1,1
1,0.819371440494712,1,1
0,0.28496184389682155,0,0
0,0.5266352319096013,1,1
1,0.8989271431741491,1,1
0,0.515117125372588,1,1
0,0.4462402952817781,0,0
0,0.47913564921204965,0,1
0,0.12648782157730892,0,0
0,0.2614260288094276,0,0
0,0.09470438027286925,0,0
0,0.3066319911950662,0,0
0,0.47006751932482765,0,1
1,0.7786733151449503,1,1
0,0.31946277814287655,0,0
1,0.45112159324999945,0,0
0,0.3988106179242145,0,0
1,0.5200987457307306,1,1
1,0.8060254070464737,1,1
0,0.23338075747781686,0,0
1,0.18688269038792146,0,0
1,0.7163127668256031,1,1
0,0.6905698287049706,1,1
1,0.8340442241931104,1,1
0,0.4255171487385622,0,0
1,0.6884613577970886,1,1
1,0.8256186428866283,1,1
0,0.1931466487269618,0,0
0,0.11151696732198817,0,0
0,0.42166489625866654,0,0
1,0.7226134053814839,1,1
0,0.5529461280921759,1,1
1,0.9112360274041349,1,1
0,0.29120190401976326,0,0
0,0.4237775893830356,0,0
0,0.07314570876718271,0,0
1,0.850054922785158,1,1
0,0.09844779397526465,0,0
0,0.3664997418592997,0,0
0,0.5047080906325204,1,1
0,0.4158320381295864,0,0
1,0.30121383915101463,0,0
0,0.46776548280306113,0,0
0,0.9011174106245656,1,1
1,0.9529870275029967,1,1
1,0.532521964727214,1,1
0,0.4901659488572453,0,1
0,0.6130790106681269,1,1
0,0.11686327485683833,0,0
0,0.427275197243049,0,0
1,0.6560968231265918,1,1
0,0.14185616893014105,0,0
0,0.20005539431022698,0,0
0,0.09371372966775322,0,0
0,0.07402608053083415,0,0
0,0.42406176935897577,0,0
1,0.4641633075376931,0,0
1,0.3465937182075749,0,0
1,0.5918964835830751,1,1
0,0.37999187010378965,0,0
0,0.08836670176074289,0,0
0,0.16277852713508612,0,0
0,0.5699945846039863,1,1
0,0.15538325144134688,0,0
1,0.5599166788832224,1,1
0,0.313262389030434,0,0
0,0.5257851499656908,1,1
0,0.1753823299586577,0,0
0,0.10775325188105746,0,0
1,0.788660659501291,1,1
0,0.34889600622952166,0,0
0,0.7036057589341511,1,1
0,0.3336088368635261,0,0
1,0.628605552658299,1,1
0,0.5595388731291187,1,1
1,0.47451871582286137,0,1
0,0.08470775644024343,0,0
0,0.10218261638727708,0,0
0,0.8039370779486494,1,1
0,0.1798363789348657,0,0
0,0.315868769182353,0,0
1,0.5947063219896834,1,1
1,0.5627945573825119,1,1
1,0.6816619708611246,1,1
0,0.3051300596640229,0,0
0,0.2937691796003407,0,0
0,0.1701188428666703,0,0
0,0.04987768203171691,0,0
0,0.3909426019626336,0,0
0,0.17661425050317248,0,0
0,0.17748681687657022,0,0
1,0.17272351795181173,0,0
1,0.6301188456695209,1,1
0,0.5919113818942091,1,1
1,0.9296895801907505,1,1
0,0.21781285741622577,0,0
1,0.41406551679002535,0,0
1,0.8063388128742062,1,1
0,0.22404504455750493,0,0
0,0.6484742245974022,1,1
0,0.12730030491776737,0,0
0,0.2731779677556579,0,0
1,0.22635659092409569,0,0
1,0.7576734820458084,1,1
0,0.08797493392073871,0,0
0,0.7347161297580189,1,1
0,0.1306771758693269,0,0
1,0.5439998739071862,1,1
0,0.5461947809499519,1,1
0,0.4602073342281085,0,0
0,0.3557718686415153,0,0
0,0.12480946530099114,0,0
0,0.2579480073784259,0,0
1,0.47329885305101327,0,1
0,0.6486319895325349,1,1
0,0.6067722698651704,1,1
0,0.21411591853558298,0,0
0,0.31423994525491067,0,0
0,0.07217346390709661,0,0
0,0.2786839104020258,0,0
0,0.10965489037125732,0,0
1,0.3567131497978102,0,0
1,0.7759821805512027,1,1
0,0.37751580319477834,0,0
0,0.3796478568441697,0,0
0,0.4166754610654164,0,0
0,0.26710545111807577,0,0
0,0.12899008093686,0,0
0,0.050910122612032996,0,0
0,0.18423108383997738,0,0
1,0.8254271013926496,1,1
1,0.10511800499989764,0,0
0,0.1537312868230563,0,0
1,0.9169909538557918,1,1
1,0.8236734654012122,1,1
0,0.3058297478214245,0,0
0,0.4658022780337708,0,0
0,0.27952843461407517,0,0
1,0.6408454332894427,1,1
1,0.4829542982692368,0,1
1,0.47621645145586317,0,1
1,0.8191876524718438,1,1
0,0.89294993807681,1,1
0,0.19788295163151223,0,0
1,0.554735646430201,1,1
0,0.46710015552068257,0,0
1,0.8552208229486356,1,1
1,0.775343850394017,1,1
0,0.47975649411525245,0,1
0,0.5081360094621692,1,1
1,0.6705975487568796,1,1
0,0.3765966720376102,0,0
0,0.6039759585108608,1,1
0,0.7334231146022454,1,1
1,0.9301445103501512,1,1
1,0.5262133991301364,1,1
1,0.5079404106495463,1,1
0,0.23598954802249883,0,0
0,0.26774315056529446,0,0
0,0.4609886669822573,0,0
1,0.5163123133033566,1,1
1,0.4671495337868188,0,0
0,0.287139927095542,0,0
0,0.32538540150312684,0,0
0,0.38995568447911627,0,0
0,0.5709770153001835,1,1
0,0.28558022763745033,0,0
0,0.5297749451953838,1,1
0,0.9326182556261439,1,1
1,0.6193419424168394,1,1
1,0.6574639648780276,1,1
0,0.34538237655414994,0,0
0,0.2631265675530345,0,0
0,0.3493243937933305,0,0
1,0.8694816904491478,1,1
0,0.3711969946979543,0,0
0,0.41619778870105517,0,0
0,0.06871410898254857,0,0
1,0.6427878907532293,1,1
0,0.20621318433776478,0,0
1,0.8951562052126973,1,1
0,0.4360181920341719,0,0
0,0.7736613031843895,1,1
0,0.26410210797682704,0,0
0,0.4191764276692659,0,0
0,0.4375400454823995,0,0
0,0.6741273595372439,1,1
0,0.26629526989083663,0,0
0,0.15746546609191314,0,0
0,0.14385251599683524,0,0
0,0.21588371388021893,0,0
1,0.5241123081167134,1,1
0,0.16452849416894197,0,0
0,0.6372530613369959,1,1
1,0.6211163955730258,1,1
0,0.39138410623874753,0,0
0,0.12750374194531516,0,0
0,0.2840006494508089,0,0
0,0.1561716508247558,0,0
1,0.8311548766205922,1,1
1,0.9668677892003731,1,1
0,0.1097968334849558,0,0
0,0.4709207871900251,0,1
0,0.039503073371405864,0,0
0,0.18526402903253228,0,0
0,0.348264272171462,0,0
0,0.2773383790117654,0,0
0,0.3234414668334851,0,0
0,0.3695129817654105,0,0
0,0.8025818386822944,1,1
0,0.06488352392201653,0,0
1,0.5616569368096881,1,1
0,0.43339409355251474,0,0
0,0.7461363380577826,1,1
0,0.5796151597430111,1,1
1,0.8356562971320258,1,1
0,0.3917790543819354,0,0
0,0.4678747951218566,0,0
0,0.4827711539751689,0,1
0,0.3594757917803289,0,0
1,0.8750659374723716,1,1
0,0.29452200482392654,0,0
0,0.1582966534087469,0,0
0,0.14100518655212976,0,0
0,0.349895034974879,0,0
1,0.7379695606911771,1,1
0,0.7788831205790712,1,1
1,0.4985769483674266,0,1
0,0.08457034438032546,0,0
0,0.4308400649263863,0,0
0,0.2890003531613092,0,0
0,0.05360004109304052,0,0
0,0.17302801225913056,0,0
1,0.3252453657526089,0,0
0,0.2313404222246879,0,0
1,0.4357911794550255,0,0
0,0.09914025877517178,0,0
0,0.1245647269047075,0,0
0,0.1917796035534661,0,0
0,0.07306007375480042,0,0
0,0.8600714289604202,1,1
0,0.276358418939596,0,0
0,0.7156268720780048,1,1
0,0.29576352163153047,0,0
0,0.8179486101299562,1,1
1,0.5890777823428215,1,1
0,0.7525078688704097,1,1
0,0.29535239940556757,0,0
0,0.15733071863913833,0,0
0,0.233904630237776,0,0
1,0.20330750965815464,0,0
0,0.8988878822131552,1,1
0,0.47123048020525904,0,1
0,0.08138099576951212,0,0
1,0.6810061030758797,1,1
0,0.26602185627481545,0,0
1,0.8221990968836191,1,1
0,0.7569465505048416,1,1
0,0.1500803641253281,0,0
1,0.5953604869611343,1,1
1,0.8030523745087931,1,1
0,0.39197229178849513,0,0
0,0.09485543903897832,0,0
0,0.8679703138245959,1,1
1,0.48486148057910766,0,1
1,0.4792116876704481,0,1
0,0.1879342678869238,0,0
0,0.833670358000208,1,1
0,0.3330851206906879,0,0
0,0.11861058150842162,0,0
0,0.10387279048814645,0,0
0,0.10176278639694333,0,0
1,0.8584948669480088,1,1
0,0.4272609310068097,0,0
0,0.17933316222092785,0,0
0,0.48778090635322446,0,1
0,0.160716283032779,0,0
0,0.9217501141869725,1,1
0,0.4636585309292601,0,0
1,0.7549008346963947,1,1
1,0.5782591988043301,1,1
0,0.6626167571076239,1,1
0,0.1614881355268326,0,0
1,0.44869105369292417,0,0
0,0.6357746406574096,1,1
0,0.5219051065998528,1,1
0,0.283876869848299,0,0
1,0.8354063766380135,1,1
0,0.259789447591879,0,0
0,0.24228813349954448,0,0
1,0.5933375489765798,1,1
1,0.583918017128636,1,1
1,0.4792833575705121,0,1
1,0.23491386590142055,0,0
0,0.6390299505312675,1,1
0,0.32360802630169855,0,0
0,0.8414116970806684,1,1
0,0.06160151084238203,0,0
0,0.2747009603151007,0,0
0,0.10265461962946058,0,0
1,0.8896933841412858,1,1
1,0.739001557679689,1,1
1,0.4978731752706858,0,1
0,0.8651723846905314,1,1
0,0.7103446472035353,1,1
0,0.1197967669168535,0,0
0,0.383415837159801,0,0
0,0.32432811059806,0,0
0,0.1842299571243569,0,0
0,0.19124374015487014,0,0
1,0.7521404554841827,1,1
0,0.09306462350357728,0,0
1,0.43378034672490995,0,0
0,0.08684627731023503,0,0
0,0.7008113557090423,1,1
0,0.58085873440549,1,1
0,0.23092789800903205,0,0
1,0.6749856564902847,1,1
1,0.4534995296514363,0,0
0,0.2764751895330999,0,0
0,0.5712563291595828,1,1
1,0.7327741784253429,1,1
0,0.917849396029511,1,1
1,0.7106264366823991,1,1
1,0.7974643372462231,1,1
0,0.0902947984594657,0,0
1,0.08730831023296261,0,0
1,0.8828174162718917,1,1
1,0.5944870111893397,1,1
1,0.9186390028986691,1,1
1,0.8487500553866885,1,1
0,0.8522189071367334,1,1
0,0.16275537338399582,0,0
1,0.8883157834049829,1,1
0,0.487266636916552,0,1
0,0.47677975011545165,0,1
1,0.289803914252815,0,0
0,0.16645610082778609,0,0
1,0.9106637355112527,1,1
0,0.2826405258266994,0,0
1,0.7428378210121056,1,1
0,0.8525266521118574,1,1
1,0.91150827196761,1,1
0,0.7296841277148252,1,1
0,0.7638869562098209,1,1
0,0.08044926488235185,0,0
1,0.2355339317273312,0,0
0,0.28666580480838694,0,0
0,0.20845521831558966,0,0
1,0.8391570050628107,1,1
1,0.6157790639627165,1,1
0,0.15324068905016416,0,0
0,0.06980074067717355,0,0
0,0.24075285946121103,0,0
0,0.6715464860414181,1,1
0,0.6061514804811857,1,1
1,0.900515614229825,1,1
1,0.5204334214587246,1,1
0,0.1888073289386571,0,0
0,0.7399141233686967,1,1
0,0.3606292286313764,0,0
0,0.27762004309037974,0,0
0,0.3731587090269565,0,0
0,0.5820687295308434,1,1
1,0.8319106465653148,1,1
0,0.5413334565904556,1,1
0,0.419859981855538,0,0
0,0.5154874920896377,1,1
1,0.9412596204455809,1,1
1,0.9229989596748691,1,1
1,0.8216264735659576,1,1
0,0.6716766209565257,1,1
0,0.10242009441798833,0,0
1,0.8386835873251509,1,1
1,0.3184934405090098,0,0
0,0.6458367554408359,1,1
0,0.15255006245610594,0,0
1,0.9519501223219374,1,1
1,0.8072991272751205,1,1
1,0.8508612349646724,1,1
0,0.3879408389148495,0,0
0,0.7538453910227316,1,1
0,0.49625853532033065,0,1
0,0.8311319385955726,1,1
1,0.6219676746589543,1,1
0,0.40963038758140646,0,0
1,0.7836198089597719,1,1
1,0.7234163694046487,1,1
1,0.40601020544926675,0,0
0,0.23936017948658053,0,0
1,0.8452657799756013,1,1
0,0.3863249619263145,0,0
1,0.8409042915574442,1,1
1,0.4863194612542026,0,1
0,0.6947638452862261,1,1
1,0.41637818212514016,0,0
0,0.503402569798963,1,1
1,0.8291857860971907,1,1
1,0.48345538938328275,0,1
1,0.346861985115834,0,0
0,0.8080050595401145,1,1
0,0.5259302889974469,1,1
0,0.2187123944225462,0,0
0,0.7885010209788411,1,1
1,0.8488600424836,1,1
0,0.5380382950929471,1,1
0,0.44596200944040054,0,0
0,0.5047416337838326,1,1
0,0.3158035013494886,0,0
0,0.7082792939484409,1,1
1,0.7251776086998173,1,1
1,0.3839284845106253,0,0
1,0.550065059841488,1,1
0,0.8423412477782438,1,1
0,0.21021379273062776,0,0
1,0.4656536957341848,0,0
0,0.25205052460462335,0,0
0,0.5910427196576504,1,1
1,0.846591339238166,1,1
0,0.6238670350207164,1,1
1,0.35402674743072265,0,0
1,0.5017964119048626,1,1
0,0.4408863639454772,0,0
0,0.5690066587210321,1,1
0,0.509005418208147,1,1
0,0.279853687652221,0,0
0,0.29901458250615154,0,0
0,0.4778197577950687,0,1
0,0.19738078072305265,0,0
1,0.2401954043113945,0,0
0,0.7655827889448489,1,1
1,0.6826600419962392,1,1
0,0.20874111918169821,0,0
0,0.6519349025898943,1,1
1,0.195740105497309,0,0
0,0.7795500977002724,1,1
0,0.43425636343897905,0,0
1,0.6481455276051469,1,1
1,0.8084490675331926,1,1
1,0.7479657100182565,1,1
0,0.7666630294613287,1,1
0,0.4064103184247674,0,0
0,0.735331075852409,1,1
1,0.8824068336180475,1,1
0,0.2903167137880117,0,0
1,0.8311193388696055,1,1
1,0.6971503520834892,1,1
1,0.21348039067826904,0,0
1,0.3612325729721949,0,0
1,0.7395481921198599,1,1
0,0.31735844634714977,0,0
0,0.21366750027493495,0,0
1,0.7165750127187691,1,1
0,0.04824445284583004,0,0
0,0.29688863505609525,0,0
0,0.2490654475104931,0,0
0,0.8304574862300482,1,1
0,0.9429991437998031,1,1
0,0.6375920130379298,1,1
0,0.7646895824945084,1,1
0,0.18211126639405115,0,0
0,0.0693459651797645,0,0
0,0.8294454536646307,1,1
0,0.21231005709781375,0,0
0,0.7156062102957121,1,1
1,0.9274584654388929,1,1
0,0.14978889879318008,0,0
0,0.8777752033827656,1,1
0,0.3889770051505629,0,0
0,0.5035068698570099,1,1
0,0.5728437031423209,1,1
1,0.8263211710529532,1,1
0,0.1498096564489894,0,0
0,0.2630903569438893,0,0
0,0.27779810994406695,0,0
1,0.5204360135216876,1,1
0,0.26340729456765527,0,0
1,0.6293245091457211,1,1
0,0.5434641367975244,1,1
0,0.22264274426280364,0,0
0,0.4374455074606603,0,0
1,0.7504334171389448,1,1
1,0.4185622579279215,0,0
0,0.865763355908913,1,1
0,0.6523229183000696,1,1
0,0.10060615486957249,0,0
0,0.22019450746790256,0,0
1,0.27066772225896946,0,0
0,0.13513479365379347,0,0
0,0.24590202811887035,0,0
0,0.2997926624147481,0,0
0,0.15738690621404386,0,0
1,0.7446148800019251,1,1
1,0.28147176617069947,0,0
0,0.12194692552365116,0,0
0,0.5103980997733503,1,1
1,0.3161804621177996,0,0
0,0.3694712920632156,0,0
1,0.35743591424011145,0,0
0,0.45798777584338796,0,0
0,0.43547933333172867,0,0
1,0.7051111359080141,1,1
0,0.7184355801003109,1,1
1,0.8323987142575703,1,1
0,0.08099224402875006,0,0
1,0.8615667224437579,1,1
0,0.5366231598390686,1,1
1,0.6172315913670717,1,1
0,0.058594483844207394,0,0
0,0.4888574706718394,0,1
0,0.2485366343200827,0,0
1,0.7367641199897449,1,1
1,0.6447130703436449,1,1
0,0.06479852110228328,0,0
0,0.8950199175193003,1,1
0,0.4167900470798021,0,0
0,0.09829514633972732,0,0
0,0.10205102249317924,0,0
0,0.36422125004300726,0,0
1,0.32960241315707334,0,0
1,0.5767117213002566,1,1
0,0.2057680345090469,0,0
1,0.8903076149976489,1,1
1,0.7760435470413194,1,1
1,0.6358143476193989,1,1
1,0.9352839654589628,1,1
0,0.32477769423933506,0,0
0,0.07405941552261495,0,0
0,0.1286960200079913,0,0
0,0.4035616219478837,0,0
0,0.703297429443528,1,1
0,0.3516761774326095,0,0
1,0.13270251590136198,0,0
0,0.05000164922150105,0,0
0,0.6141393073379569,1,1
1,0.8024954020854917,1,1
1,0.7609810229581309,1,1
0,0.24561113259594397,0,0
1,0.64598927554058,1,1
0,0.14488833492003697,0,0
1,0.38676908632993523,0,0
1,0.748286446100721,1,1
0,0.34137701408456606,0,0
0,0.1802103256076621,0,0
1,0.35025328047021353,0,0
0,0.16664228131674336,0,0
0,0.07500370392157173,0,0
1,0.3965121511300308,0,0
0,0.4257050305238025,0,0
0,0.4617442721810854,0,0
1,0.784626787311558,1,1
0,0.8420188737264561,1,1
0,0.20884137891127041,0,0
1,0.7455749523570673,1,1
0,0.18526020870017243,0,0
1,0.855638282204591,1,1
0,0.09165251491395635,0,0
0,0.17261064507462195,0,0
0,0.13441101467676275,0,0
0,0.29139330914336364,0,0
0,0.13336916377537245,0,0
1,0.9201489985941608,1,1
0,0.23167317858320946,0,0
1,0.8304843590338097,1,1
0,0.1955639608626303,0,0
0,0.5026915844868948,1,1
0,0.13540242704633113,0,0
1,0.44469038712612,0,0
0,0.497928432364488,0,1
0,0.5357468428302175,1,1
1,0.40897055928354753,0,0
0,0.7577971202146366,1,1
0,0.18837559568392317,0,0
0,0.6354020555572467,1,1
0,0.5698305752721624,1,1
0,0.08188639136219279,0,0
0,0.07790854834350894,0,0
0,0.25986125803857907,0,0
1,0.8391418617610169,1,1
0,0.7617997496986336,1,1
1,0.23237329173544352,0,0
0,0.43249514168424824,0,0
1,0.2952991617065527,0,0
0,0.20598761366276286,0,0
1,0.7685119215700408,1,1
1,0.7906092672625925,1,1
1,0.8285176855787375,1,1
0,0.07632088519152193,0,0
1,0.5201164064937407,1,1
0,0.18521779684547032,0,0
0,0.04815159022755552,0,0
1,0.8738150439068049,1,1
0,0.36057603079740574,0,0
1,0.08961546730885213,0,0
1,0.3681561488303388,0,0
0,0.24262998006246106,0,0
1,0.826125326624111,1,1
0,0.9020455813152796,1,1
1,0.7923604225979949,1,1
0,0.19697562085756942,0,0
0,0.11832524941153466,0,0
1,0.6433273359685338,1,1
1,0.11104087861065633,0,0
1,0.7956482724398062,1,1
1,0.9169222822698674,1,1
0,0.4321276073995875,0,0
1,0.5687514647562493,1,1
1,0.7999726410967756,1,1
0,0.4363237875336581,0,0
1,0.09385341802928594,0,0
1,0.7082487889240612,1,1
1,0.5086911302505221,1,1
1,0.5390859023029421,1,1
1,0.9207334896999996,1,1
0,0.18805663980930665,0,0
1,0.8354371908931569,1,1
0,0.6824790762231707,1,1
0,0.12159550584370016,0,0
0,0.12207373986234037,0,0
0,0.19830154744964432,0,0
0,0.6727166497535164,1,1
0,0.376462375234079,0,0
0,0.5445692128925317,1,1
1,0.18826836367914485,0,0
0,0.5369022888268717,1,1
1,0.3010878488398415,0,0
0,0.20336073915596892,0,0
1,0.6783412557931058,1,1
1,0.7590776754117726,1,1
1,0.87615000413909,1,1
0,0.10013002969892543,0,0
0,0.36845774687458377,0,0
0,0.22904645792731151,0,0
0,0.0924056581869538,0,0
0,0.5134504523504886,1,1
1,0.6236524098239629,1,1
1,0.7627505643167715,1,1
0,0.2254823129360987,0,0
0,0.7368516232190763,1,1
0,0.20890796807436093,0,0
0,0.4872506318891785,0,1
0,0.48902920513206527,0,1
1,0.6635338069844345,1,1
0,0.563992128501454,1,1
1,0.8436299728315348,1,1
0,0.7745378650316038,1,1
1,0.7085297256776497,1,1
1,0.9752351700703928,1,1
1,0.7686265512944211,1,1
1,0.5720140812715929,1,1
0,0.550548452720317,1,1
0,0.23972627229994486,0,0
0,0.7674187489273222,1,1
0,0.41753162800225974,0,0
1,0.8305739685847134,1,1
0,0.840537547917684,1,1
1,0.8150546056539548,1,1
1,0.8556696882890872,1,1
0,0.4390150052176878,0,0
1,0.5401719707837258,1,1
0,0.22946260346568753,0,0
0,0.19000896947284757,0,0
0,0.025363512093192646,0,0
0,0.28681228959111754,0,0
0,0.08905783943978864,0,0
1,0.8968712546292023,1,1
0,0.24716014723477386,0,0
0,0.196831195356813,0,0
0,0.1370644678686541,0,0
0,0.5154624811840511,1,1
1,0.4409835520658433,0,0
1,0.5995055664311929,1,1
0,0.16918097550255182,0,0
1,0.8773813854240202,1,1
0,0.41565850533583193,0,0
1,0.5112982153674177,1,1
1,0.7285694558014183,1,1
0,0.80871798225827,1,1
1,0.4912750221253283,0,1
0,0.3199771417430387,0,0
0,0.5132069276177982,1,1
0,0.4338875063567486,0,0
1,0.7921686449243461,1,1
1,0.7530622868108344,1,1
1,0.9101439756240064,1,1
1,0.8541615685893295,1,1
1,0.7314487136358766,1,1
0,0.24981254180525636,0,0
0,0.16739074276912405,0,0
1,0.6350740037843787,1,1
1,0.8048222749414928,1,1
1,0.30523277673120347,0,0
0,0.4492510720551226,0,0
0,0.9111765979673444,1,1
1,0.36555375676310853,0,0
0,0.2259002123521685,0,0
1,0.5874788264710537,1,1
0,0.24559859641039986,0,0
0,0.18227504243092676,0,0
0,0.1747418824450777,0,0
0,0.7063509287965976,1,1
1,0.6050492926513976,1,1
0,0.13979375920298734,0,0
0,0.10361622097351358,0,0
0,0.15226407307265677,0,0
0,0.23540573512404578,0,0
0,0.11291168654112853,0,0
0,0.6023117673887373,1,1
0,0.2929925277602998,0,0
0,0.17039246955330883,0,0
1,0.797392192380301,1,1
0,0.48664406156743395,0,1
0,0.39204450551078085,0,0
1,0.6799158996501213,1,1
0,0.31873604747410766,0,0
1,0.57732265584582,1,1
0,0.04849884848781391,0,0
1,0.3022281196492953,0,0
0,0.1940669621444991,0,0
0,0.7281458556111055,1,1
0,0.3201107724491845,0,0
0,0.2785084922912725,0,0
0,0.4885852208860876,0,1
0,0.5432774957684094,1,1
1,0.4902338811295814,0,1
1,0.9241142606781902,1,1
0,0.1414172937091551,0,0
1,0.7880976424278434,1,1
0,0.08426210490490417,0,0
0,0.08031431931231098,0,0
1,0.8448798067837209,1,1
1,0.6930310364689132,1,1
1,0.24556498661150586,0,0
1,0.7141517356615688,1,1
0,0.1754351527329303,0,0
0,0.25240304993126217,0,0
1,0.8908920185853897,1,1
0,0.29853186395718295,0,0
0,0.41237356827987776,0,0
1,0.8278979759881824,1,1
0,0.09050441925233414,0,0
0,0.1313806664214354,0,0
0,0.1552107776342926,0,0
0,0.29292877214459634,0,0
0,0.15817556033755975,0,0
1,0.6127718229835937,1,1
0,0.6521819314353325,1,1
1,0.3951371567802738,0,0
0,0.8236515810122211,1,1
0,0.8026641296943606,1,1
0,0.1569579763718775,0,0
0,0.41612199589156285,0,0
0,0.43595411098010134,0,0
0,0.18081333831686386,0,0
1,0.8274388934821132,1,1
0,0.5827409641926428,1,1
1,0.7650106138561379,1,1
1,0.7685007012127671,1,1
1,0.5979993057613295,1,1
0,0.7230087474259348,1,1
0,0.2854908718169212,0,0
1,0.8808143696150192,1,1
1,0.5327901862928811,1,1
1,0.4962493462635034,0,1
0,0.5104392968114467,1,1
0,0.2076760231201056,0,0
0,0.2422438699677046,0,0
1,0.7292918549476214,1,1
0,0.2925649627521501,0,0
1,0.4402594562125033,0,0
1,0.11411301410473719,0,0
0,0.4737001549464816,0,1
1,0.7286277585795602,1,1
0,0.07874751357536554,0,0
1,0.531323552762035,1,1
0,0.3538269373789843,0,0
0,0.4073602828749408,0,0
0,0.2950434590359604,0,0
1,0.9550552069000854,1,1
0,0.10678281418978286,0,0
0,0.20065854326371868,0,0
1,0.4520011048235195,0,0
0,0.8020246266250836,1,1
1,0.6791134237024621,1,1
0,0.17027064791608,0,0
0,0.1750783219172193,0,0
0,0.5437366937545096,1,1
1,0.7191481775190581,1,1
1,0.329312128794059,0,0
0,0.21219023053670286,0,0
0,0.11685725353000817,0,0
1,0.41984267769481415,0,0
0,0.44615292652021604,0,0
1,0.8180779185227635,1,1
0,0.8577067300239782,1,1
0,0.09088051952019577,0,0
0,0.5283959189528795,1,1
0,0.1835658654697827,0,0
0,0.1631317806234373,0,0
1,0.6027202597405691,1,1
0,0.41247503125000595,0,0
0,0.8917644306781147,1,1
0,0.41238200645117407,0,0
0,0.2840397197654722,0,0
1,0.6830072525339469,1,1
0,0.3459302054862211,0,0
0,0.0964366222216988,0,0
0,0.2385226576062407,0,0
1,0.7031225150148271,1,1
0,0.6142195758089645,1,1
1,0.57590756565329,1,1
0,0.4379940168066049,0,0
1,0.6651184403193369,1,1
0,0.07980106282612315,0,0
1,0.5674220830968852,1,1
0,0.5192511718215763,1,1
0,0.24793400941523522,0,0
0,0.37139612272116096,0,0
0,0.39068739704384986,0,0
0,0.18659740137747727,0,0
1,0.5866980307780424,1,1
0,0.31567221198716916,0,0
0,0.3359214208392718,0,0
0,0.22228759011310364,0,0
0,0.7048315629790357,1,1
0,0.11582096719165709,0,0
0,0.3542162202158149,0,0
0,0.8529483294223508,1,1
0,0.3234642976496237,0,0
0,0.9417149746081629,1,1
0,0.15494085334005195,0,0
0,0.5542305754085713,1,1
1,0.8147183569415617,1,1
0,0.30691904811552684,0,0
0,0.17037396236842478,0,0
1,0.8135300847412147,1,1
1,0.6790491178349115,1,1
1,0.6650745647681064,1,1
1,0.5901283471623252,1,1
0,0.026615228616940746,0,0
0,0.3717252109550649,0,0
1,0.34094987687093437,0,0
0,0.31000067120254865,0,0
1,0.5928144487453577,1,1
1,0.7934766017558698,1,1
0,0.14494289988801304,0,0
0,0.6337326731755598,1,1
0,0.07609075560300728,0,0
0,0.3111556701361261,0,0
0,0.1654875487460782,0,0
0,0.12666121504537312,0,0
1,0.8352367262600886,1,1
1,0.7363194356703842,1,1
1,0.7198345706266032,1,1
1,0.8492232944158996,1,1
0,0.09472240304848306,0,0
0,0.24386523137483399,0,0
0,0.39113993604774533,0,0
1,0.28970911223475765,0,0
1,0.7787978340372048,1,1
1,0.8031165394533277,1,1
0,0.13255057098230422,0,0
0,0.887253413339644,1,1
0,0.7438332534879518,1,1
1,0.7654850770576563,1,1
1,0.3987375653334097,0,0
1,0.8172314658005706,1,1
0,0.42598221568654404,0,0
0,0.333517290573435,0,0
1,0.36922336648016957,0,0
0,0.3053795799832186,0,0
0,0.39882031796017015,0,0
0,0.11369346609709621,0,0
1,0.7866829493575128,1,1
1,0.953401386209742,1,1
0,0.652683522282203,1,1
0,0.5139436001090498,1,1
0,0.8646109016693446,1,1
0,0.2734226222732821,0,0
1,0.1235560225870194,0,0
0,0.3230216692411931,0,0
0,0.13248621534894484,0,0
0,0.13176219362533254,0,0
1,0.17456541720151333,0,0
0,0.37480256197812767,0,0
0,0.20449229226418705,0,0
1,0.391514420944284,0,0
1,0.6780072320669511,1,1
0,0.2183337763073526,0,0
0,0.4550045580875401,0,0
0,0.6631673295590134,1,1
0,0.1916542683302174,0,0
0,0.07583807923459267,0,0
1,0.5305187932787974,1,1
0,0.577756739203989,1,1
0,0.06759440798768883,0,0
1,0.2870958190179375,0,0
0,0.5498682020461251,1,1
1,0.7853505020509542,1,1
0,0.8782655260292707,1,1
0,0.41218625702783646,0,0
1,0.7220762792291201,1,1
0,0.38368243952867737,0,0
1,0.6702639147578966,1,1
0,0.12747310023896447,0,0
0,0.07932247372204256,0,0
0,0.14001046035800047,0,0
0,0.13296383995861072,0,0
1,0.43772017143832787,0,0
0,0.03202216100319687,0,0
1,0.8031842594445208,1,1
1,0.536782455120239,1,1
1,0.9024274345745409,1,1
0,0.4791408982066131,0,1
1,0.8091649355785511,1,1
0,0.09211780708956878,0,0
0,0.5693639817105467,1,1
1,0.9268275715597627,1,1
0,0.708289364669638,1,1
1,0.4952189686074674,0,1
0,0.4223649300217635,0,0
1,0.5397908071172824,1,1
1,0.6525479671611868,1,1
1,0.6543757234443683,1,1
0,0.3810901858111042,0,0
0,0.15816705478203646,0,0
0,0.6349769418205299,1,1
0,0.10362177424308484,0,0
0,0.09051926403638257,0,0
1,0.8652245682935753,1,1
0,0.331779085463091,0,0
1,0.3618273429767921,0,0
1,0.8898328902591891,1,1
0,0.20711916305507444,0,0
0,0.08787431875456324,0,0
1,0.4979652746388423,0,1
0,0.3855039945068674,0,0
1,0.8275025297024535,1,1
1,0.6986706333195924,1,1
1,0.30020271097856027,0,0
0,0.3098688778998068,0,0
0,0.1942730733063971,0,0
0,0.5121737806121156,1,1
1,0.4864375977529139,0,1
1,0.3544060902265259,0,0
0,0.29813728133513784,0,0
1,0.8828686416581857,1,1
0,0.2480044449601332,0,0
1,0.21218668459984086,0,0
0,0.5003561231588517,1,1
1,0.620593355532394,1,1
0,0.623244589433238,1,1
1,0.43510551129467134,0,0
0,0.19397210269366036,0,0
0,0.41088831122206887,0,0
0,0.42134959439008074,0,0
0,0.44934219307143786,0,0
0,0.03646678950662397,0,0
0,0.35981163573136415,0,0
1,0.6005409561687558,1,1
0,0.2536719094575129,0,0
0,0.642862058533213,1,1
1,0.37286555195319754,0,0
1,0.8051265920737465,1,1
0,0.5088855632916885,1,1
1,0.9143826772161744,1,1
1,0.7244637907955407,1,1
0,0.43471948605592037,0,0
0,0.6475795242024533,1,1
1,0.7265853921598349,1,1
0,0.17264209759857316,0,0
0,0.35060603163582704,0,0
1,0.7501452318692389,1,1
1,0.27567291929183824,0,0
1,0.4965933324059201,0,1
1,0.8814122191631976,1,1
0,0.36169954067521193,0,0
1,0.5398630466849048,1,1
0,0.08965578473419458,0,0
1,0.6114771887351252,1,1
0,0.3757367044673792,0,0
0,0.1103072550903413,0,0
0,0.6772578129576488,1,1
0,0.6859674546550598,1,1
0,0.33981150449319825,0,0
0,0.3986026951366916,0,0
0,0.3211364939943137,0,0
0,0.1792785666749394,0,0
0,0.480287620881428,0,1
1,0.7959891778685085,1,1
0,0.14335826839823537,0,0
0,0.324941910645677,0,0
0,0.5408871307159958,1,1
1,0.6334208987719642,1,1
1,0.4386749799628815,0,0
0,0.5486750214183238,1,1
0,0.47727741888004604,0,1
1,0.6848429431004024,1,1
0,0.10914437104010896,0,0
0,0.5954433028902033,1,1
0,0.1083545982628483,0,0
0,0.025983494637238844,0,0
0,0.12325537378531921,0,0
1,0.7758494707441275,1,1
0,0.4435489751305289,0,0
1,0.7689513786045956,1,1
0,0.21237301536429187,0,0
0,0.49507153081776273,0,1
0,0.11071113924197327,0,0
0,0.1975464595226296,0,0
0,0.6705744035035417,1,1
0,0.08274074006883249,0,0
0,0.406481408626959,0,0
0,0.45404065511127145,0,0
0,0.20082927856146307,0,0
0,0.1780723041316936,0,0
0,0.2503642709752757,0,0
0,0.6544081180531914,1,1
0,0.1049760069580227,0,0
1,0.3379555938451901,0,0
1,0.8835632251278333,1,1
0,0.12128749026835076,0,0
1,0.5930757551112943,1,1
0,0.057424767053579136,0,0
1,0.9039103801387336,1,1
1,0.7841183605496218,1,1
1,0.8662329455516535,1,1
1,0.852875425311313,1,1
1,0.7426418966095298,1,1
0,0.2635475288644368,0,0
0,0.7404657411074741,1,1
0,0.061378287228626455,0,0
1,0.5922656306895653,1,1
0,0.17494296010306826,0,0
0,0.8931876344459565,1,1
0,0.07096045746211062,0,0
0,0.41667856708380735,0,0
0,0.24346017142596468,0,0
0,0.164474994582524,0,0
0,0.14383448489812067,0,0
0,0.2068840680739274,0,0
0,0.7871976659873893,1,1
1,0.8125606370722186,1,1
0,0.17039829136954396,0,0
0,0.2670731902265799,0,0
1,0.36365302278476686,0,0
0,0.2826475664988463,0,0
0,0.408523165428823,0,0
1,0.680160731695395,1,1
0,0.26757945537906386,0,0
0,0.0956986397582822,0,0
0,0.2522339551367242,0,0
0,0.1442808144062859,0,0
0,0.5535543585625394,1,1
0,0.2692511760144911,0,0
0,0.4075520773869409,0,0
0,0.39229241905066614,0,0
1,0.8430389544792728,1,1
0,0.07861146415332418,0,0
0,0.20189599767043068,0,0
1,0.12488891182145757,0,0
0,0.6143176876944904,1,1
1,0.9532196562248014,1,1
1,0.8449413162128919,1,1
0,0.1428394900910203,0,0
0,0.3679927463055272,0,0
1,0.8281014611592905,1,1
1,0.5253960099730483,1,1
0,0.06530837554617243,0,0
0,0.22793123702531184,0,0
0,0.30517565925083845,0,0
0,0.8886120952622697,1,1
0,0.12414515647922289,0,0
0,0.07788105869443177,0,0
0,0.15358886983000766,0,0
0,0.11248635743118159,0,0
0,0.44619057535543516,0,0
1,0.6216982485963317,1,1
1,0.20006248838862756,0,0
0,0.30017876159945334,0,0
0,0.4745166601297268,0,1
0,0.15799734957878678,0,0
1,0.2684066201252298,0,0
0,0.35417408541761114,0,0
0,0.8531193751652344,1,1
1,0.6158669797009977,1,1
0,0.22267278189542175,0,0
1,0.5516208379031309,1,1
1,0.9167356646887099,1,1
1,0.06405847433497643,0,0
0,0.41597384239363966,0,0
0,0.44342330559822163,0,0
1,0.7030040621901565,1,1
0,0.15276260433795227,0,0
0,0.3324468927857855,0,0
0,0.06578379047850176,0,0
0,0.8043145297472835,1,1
0,0.11739733582334388,0,0
1,0.602788761309537,1,1
1,0.8872097708118764,1,1
0,0.23461021661819081,0,0
0,0.6109423894452068,1,1
0,0.34353210648728816,0,0
1,0.7831006639372561,1,1
0,0.36255321500317816,0,0
0,0.4687025139004443,0,0
1,0.06639261609226545,0,0
0,0.560268713211322,1,1
0,0.7996193354969364,1,1
0,0.5941864257050873,1,1
1,0.6750460014901468,1,1
0,0.24872872952512082,0,0
1,0.6163932810818039,1,1
0,0.5832940007480418,1,1
1,0.6462158213434201,1,1
1,0.6615931848325673,1,1
0,0.6112884335721208,1,1
0,0.2584522993135623,0,0
0,0.5909407201428974,1,1
0,0.17560317781974974,0,0
0,0.562767466229577,1,1
0,0.7724572647640389,1,1
0,0.41098814629841784,0,0
0,0.6297137119817339,1,1
1,0.12545814535984895,0,0
1,0.5177329001523049,1,1
1,0.5273276888382455,1,1
1,0.66063009258665,1,1
0,0.5248243106845163,1,1
0,0.10474815536809827,0,0
1,0.4891955974886915,0,1
0,0.8104886170945929,1,1
0,0.20132442774480078,0,0
0,0.0660618194483012,0,0
1,0.41580599668889623,0,0
0,0.14284522621517806,0,0
0,0.6590809996877036,1,1
0,0.45264122558755293,0,0
1,0.5377880737850532,1,1
0,0.3224504599901724,0,0
0,0.2831341989581503,0,0
0,0.04843198461069221,0,0
0,0.16581035433987554,0,0
1,0.7940749279500812,1,1
0,0.7602231939902532,1,1
0,0.2833264226372439,0,0
0,0.168300288135949,0,0
0,0.1616897383240404,0,0
0,0.040309690643750284,0,0
1,0.5949357782929289,1,1
0,0.07355726014225306,0,0
1,0.4094680233169904,0,0
1,0.657396400858406,1,1
0,0.5291549197847889,1,1
0,0.1805816570725697,0,0
1,0.48532896859782965,0,1
0,0.26018281986727004,0,0
0,0.20978288659514877,0,0
1,0.37231200319957536,0,0
0,0.4745805605152618,0,1
1,0.7685818586578366,1,1
1,0.17903912388035464,0,0
0,0.1192261888592068,0,0
0,0.4450153020091748,0,0
0,0.8840919834489765,1,1
1,0.4414927444724657,0,0
1,0.5535412487991761,1,1
0,0.12501122435294995,0,0
1,0.5706953097766465,1,1
1,0.6168535246279241,1,1
0,0.21903811059292516,0,0
0,0.15101704985028006,0,0
0,0.11484082595751517,0,0
1,0.8465839838035518,1,1
1,0.9014801435939266,1,1
0,0.6447948982568883,1,1
0,0.8825199929216354,1,1
0,0.15986223780086153,0,0
1,0.49969998926757564,0,1
0,0.275287307205971,0,0
0,0.1535811415404128,0,0
1,0.8360207114418499,1,1
1,0.49103018663512416,0,1
1,0.3000229456040593,0,0
1,0.49405616153295423,0,1
0,0.4985175126258383,0,1
1,0.6991824364339746,1,1
0,0.08252181172566964,0,0
0,0.13318119228930017,0,0
0,0.7092166853683982,1,1
0,0.14179740612130257,0,0
1,0.9205137434470808,1,1
1,0.40063106724438086,0,0
0,0.34802159433617874,0,0
1,0.2280260580478734,0,0
0,0.13111424112663655,0,0
1,0.41142078291046885,0,0
1,0.23702164942248113,0,0
0,0.20746879077546374,0,0
1,0.16618658985863846,0,0
1,0.8947874103019239,1,1
0,0.21657452771224245,0,0
0,0.4985696991696974,0,1
0,0.3246520366806311,0,0
0,0.15591721748196702,0,0
0,0.13241428346757278,0,0
1,0.6514749796999919,1,1
0,0.28452762146799204,0,0
0,0.12998881888659727,0,0
1,0.3986285078463581,0,0
1,0.9004100573070358,1,1
1,0.8449455089262503,1,1
1,0.8119164957313336,1,1
1,0.7944924909868396,1,1
0,0.4875525066222053,0,1
1,0.8697423092425484,1,1
0,0.1996164037208813,0,0
1,0.7465060298946835,1,1
0,0.1297392246817413,0,0
0,0.15801956816275814,0,0
1,0.4917799887933321,0,1
0,0.2371689887301065,0,0
0,0.26500240436576233,0,0
0,0.11940622835023845,0,0
0,0.5693095628974773,1,1
0,0.2671074399530584,0,0
1,0.542624143843035,1,1
0,0.5216835652218109,1,1
0,0.21308393109339013,0,0
0,0.5819866546879319,1,1
0,0.2187326723718651,0,0
1,0.5902669776165212,1,1
1,0.7439694331230561,1,1
1,0.7531164221601009,1,1
0,0.8872553462267827,1,1
0,0.28047188904180953,0,0
0,0.13802041059558023,0,0
0,0.3295127738642979,0,0
1,0.38985631242533764,0,0
0,0.1578693014535364,0,0
1,0.8328506247078372,1,1
0,0.7198325502818385,1,1
0,0.053808608540404375,0,0
0,0.4138892493521917,0,0
0,0.4708035567715359,0,1
0,0.21820150111558884,0,0
1,0.854893754493944,1,1
0,0.615743879490305,1,1
0,0.7192733601017945,1,1
0,0.5913898944556667,1,1
1,0.06337803715428209,0,0
0,0.4929596891972344,0,1
0,0.7417073066584937,1,1
0,0.7708961570227634,1,1
0,0.09448000700427914,0,0
1,0.9492904905520386,1,1
0,0.40822136006255955,0,0
1,0.7596031944925318,1,1
1,0.6198111828843467,1,1
0,0.86393389761179,1,1
0,0.6533884225131543,1,1
0,0.1638784980058472,0,0
0,0.5082034475167614,1,1
0,0.6002601012829847,1,1
0,0.07537528791658742,0,0
0,0.07435513441824038,0,0
0,0.16799096670543623,0,0
0,0.1396383998971477,0,0
0,0.4110637771647267,0,0
0,0.11861094060806117,0,0
1,0.7541259117494744,1,1
1,0.14678588705264112,0,0
1,0.3706048628462468,0,0
0,0.43140209032762716,0,0
1,0.37434023911475683,0,0
0,0.35457277491395617,0,0
1,0.3484370901580095,0,0
0,0.19392825521109444,0,0
0,0.3566268632620892,0,0
0,0.18156689013619068,0,0
0,0.5064120205509991,1,1
0,0.244826262788737,0,0
1,0.15384167012006736,0,0
0,0.7756070508777501,1,1
0,0.16130042069139888,0,0
0,0.6354808656064221,1,1
1,0.8497359258053472,1,1
1,0.2306506751570149,0,0
1,0.5109078880945619,1,1
0,0.12731763420987408,0,0
0,0.63931616410726,1,1
0,0.29623956046296496,0,0
1,0.7890879276432214,1,1
0,0.5294317777217175,1,1
0,0.3470313522293167,0,0
1,0.7172925634142626,1,1
0,0.8494336113520956,1,1
0,0.7193077490111313,1,1
0,0.1576959094867607,0,0
0,0.63620036037567,1,1
1,0.5638793437592036,1,1
1,0.5765895603986472,1,1
0,0.712932553941257,1,1
1,0.7718031131085817,1,1
0,0.1065888171296677,0,0
0,0.3792798947151682,0,0
0,0.4712433856922243,0,1
0,0.08029126903542931,0,0
0,0.1469888251897058,0,0
0,0.33267699131169753,0,0
0,0.23947086495753733,0,0
1,0.9021459434144781,1,1
1,0.87783124885608,1,1
0,0.2926864638395411,0,0
0,0.1455356805964465,0,0
1,0.2520037686297639,0,0
0,0.6215451688726608,1,1
0,0.24767637201369516,0,0
0,0.4299141431228358,0,0
0,0.2220621639688594,0,0
0,0.23964421024402474,0,0
0,0.07194447152701511,0,0
1,0.6836467455962294,1,1
0,0.35688368380951974,0,0
1,0.7386393529505217,1,1
1,0.9161014452802159,1,1
1,0.31146779814356257,0,0
0,0.3200480695449507,0,0
1,0.9222433837162726,1,1
0,0.7212453005962622,1,1
0,0.3461485047889632,0,0
0,0.33895443622408356,0,0
0,0.06834856283678871,0,0
1,0.7235205953973123,1,1
1,0.6794193091029701,1,1
0,0.2960921685564264,0,0
0,0.826768748427106,1,1
1,0.729147933565782,1,1
0,0.14439304566323075,0,0
1,0.45974646058953883,0,0
1,0.33226525613507296,0,0
0,0.6659948157029715,1,1
0,0.3329964032570008,0,0
1,0.20482160948423472,0,0
0,0.3826058774510579,0,0
0,0.16316518484698161,0,0
0,0.12732543826105794,0,0
0,0.9075086178194689,1,1
0,0.2645463435658666,0,0
0,0.6072001466059201,1,1
0,0.62460190508749,1,1
1,0.490906617733673,0,1
0,0.40058392736057197,0,0
1,0.8956581628002765,1,1
1,0.9098992984061773,1,1
0,0.06339902441632486,0,0
1,0.6986453267944465,1,1
0,0.352057425066362,0,0
1,0.8916837806360518,1,1
0,0.2033874306610852,0,0
0,0.09650977667385033,0,0
0,0.7673571464077915,1,1
1,0.5522907211001342,1,1
1,0.7959550599917734,1,1
0,0.296659606462861,0,0
1,0.8652661412519302,1,1
0,0.20300774384355763,0,0
0,0.19971985451519758,0,0
1,0.862031570523147,1,1
0,0.11390741470151401,0,0
1,0.712218393316523,1,1
0,0.22061258712592244,0,0
0,0.20786776013112543,0,0
0,0.5419929700781798,1,1
0,0.45081938001475236,0,0
0,0.32627870529487835,0,0
1,0.44389167557781306,0,0
0,0.36725238003115956,0,0
0,0.060058667370365006,0,0
0,0.19358475561367033,0,0
1,0.33328693115589586,0,0
0,0.6695808341196542,1,1
0,0.6299142988708604,1,1
1,0.3881151945185691,0,0
0,0.32631833908171615,0,0
0,0.1497462415762708,0,0
0,0.11194050164619808,0,0
0,0.11083357226115098,0,0
0,0.19964029286876897,0,0
1,0.30881562064841145,0,0
0,0.1613120089055614,0,0
0,0.10231224091474586,0,0
1,0.7292965521490676,1,1
1,0.864830331482362,1,1
1,0.8660740387363329,1,1
1,0.13020821089253345,0,0
0,0.2897167430919897,0,0
1,0.7410313073512225,1,1
0,0.10392270419320417,0,0
1,0.7311203010683586,1,1
0,0.3827122471484599,0,0
0,0.46727231813003306,0,0
0,0.7939688833116283,1,1
0,0.6398826859500926,1,1
0,0.7030961752658529,1,1
0,0.2906498433904927,0,0
0,0.13967289589647752,0,0
1,0.8076163867496573,1,1
0,0.30704034444763245,0,0
1,0.7335033779271158,1,1
0,0.29592972934552425,0,0
0,0.3575551271305816,0,0
1,0.5029561811677897,1,1
1,0.42436253446291095,0,0
0,0.7107278366161843,1,1
1,0.8899572103741381,1,1
0,0.08821444422879782,0,0
0,0.5452409901558395,1,1
0,0.32050412917472465,0,0
1,0.5339867809020524,1,1
0,0.8056309454940852,1,1
1,0.254143544587898,0,0
0,0.5257059407378041,1,1
0,0.6097636225988681,1,1
0,0.10551059865839729,0,0
0,0.6452244630886679,1,1
1,0.7491702461357793,1,1
0,0.8062883019240984,1,1
0,0.20747885787829115,0,0
0,0.6061631522358235,1,1
1,0.6474918521465641,1,1
0,0.8816522285577129,1,1
1,0.8521898107811061,1,1
1,0.6098961129215151,1,1
1,0.71865066655336,1,1
1,0.6381805974720615,1,1
0,0.69904527252705,1,1
0,0.35108256064731974,0,0
0,0.07602779058038035,0,0
0,0.5226111143546991,1,1
0,0.357231256905245,0,0
0,0.07685876740103562,0,0
0,0.43131033797357765,0,0
1,0.546533037360371,1,1
0,0.19298111759397144,0,0
0,0.4178430549539542,0,0
0,0.588674595711852,1,1
0,0.1527767220265963,0,0
0,0.27200179001908353,0,0
1,0.7042204471058524,1,1
0,0.4455299713658893,0,0
0,0.7279412813485441,1,1
0,0.19106844667656903,0,0
0,0.49840374362543277,0,1
0,0.16971203024860518,0,0
1,0.23139494969170404,0,0
1,0.6676148973903452,1,1
0,0.21878862677811206,0,0
0,0.09010764469014104,0,0
0,0.16171924973218113,0,0
0,0.41783847853019973,0,0
1,0.7817167858600127,1,1
0,0.18149466381225393,0,0
1,0.761694345934818,1,1
0,0.2056850411655148,0,0
0,0.13815392221105693,0,0
0,0.5307908431170485,1,1
1,0.28902059548804154,0,0
1,0.887704737140449,1,1
1,0.7378336794554092,1,1
0,0.4228180443242026,0,0
0,0.4865638088447569,0,1
0,0.3245108500238689,0,0
1,0.7785803872682056,1,1
1,0.6625883076551772,1,1
0,0.8361196679953409,1,1
0,0.1694165793596024,0,0
1,0.7952576111877537,1,1
1,0.4747954876836565,0,1
0,0.8485328930841415,1,1
1,0.6884752695870383,1,1
0,0.10703131901710013,0,0
0,0.36461476811259774,0,0
0,0.09462946207513576,0,0
0,0.10486370724155401,0,0
1,0.6801732230753907,1,1
1,0.23026602340090038,0,0
1,0.8001586815723098,1,1
0,0.12239507496109048,0,0
1,0.3579010139485757,0,0
0,0.11885985275638196,0,0
0,0.09651784995032235,0,0
0,0.22479484412780115,0,0
0,0.34292928632523767,0,0
1,0.5451061486330068,1,1
1,0.3775120451644519,0,0
1,0.5818302085396915,1,1
1,0.5387290685310794,1,1
1,0.7906781959689209,1,1
0,0.24776869993053183,0,0
0,0.8018223231475504,1,1
0,0.1618704179124834,0,0
1,0.8917705140756932,1,1
0,0.06308722060908763,0,0
0,0.11033444660824171,0,0
0,0.4092196989553711,0,0
0,0.4016983334956822,0,0
1,0.38072036343513405,0,0
0,0.2198399679973167,0,0
1,0.5552595712810566,1,1
0,0.7782817962838293,1,1
0,0.3182379787390898,0,0
0,0.07186894303761401,0,0
0,0.20687196196676141,0,0
1,0.6255535253332722,1,1
0,0.23235281435446223,0,0
1,0.9192311663304032,1,1
0,0.45991973811669373,0,0
0,0.7769020040051653,1,1
0,0.7918193627523137,1,1
0,0.26342208739565737,0,0
0,0.08350572020846111,0,0
0,0.8784074048279759,1,1
1,0.7371455257710378,1,1
0,0.06798201642837241,0,0
1,0.900758092067637,1,1
0,0.30327122465180223,0,0
0,0.3147058189566202,0,0
0,0.3676929423747105,0,0
0,0.5060905224129332,1,1
0,0.7271760530152773,1,1
1,0.8478383121428053,1,1
0,0.18007823293015393,0,0
1,0.3054051405048779,0,0
0,0.08703273335957595,0,0
1,0.5837356228156256,1,1
1,0.7315992612790875,1,1
1,0.32880592734829367,0,0
1,0.6221359871979326,1,1
0,0.16517305625698056,0,0
0,0.5823687426650088,1,1
0,0.17672494822022294,0,0
0,0.29369016671819925,0,0
1,0.847088470424235,1,1
0,0.3466293983864135,0,0
0,0.14371231636539766,0,0
1,0.5594330015296847,1,1
0,0.42620823274210523,0,0
0,0.6915904663921564,1,1
0,0.21160892951425106,0,0
1,0.2929027828168527,0,0
1,0.15951210434551263,0,0
0,0.2008980258117148,0,0
0,0.6336829248856096,1,1
0,0.43196486848382964,0,0
1,0.753758781154633,1,1
0,0.15136273015907908,0,0
1,0.8613765975527005,1,1
0,0.1049338500815895,0,0
1,0.8819078467980549,1,1
1,0.68105481622149,1,1
0,0.0840028024058011,0,0
1,0.7711556649928266,1,1
0,0.6209506574238851,1,1
0,0.4661197714954967,0,0
0,0.200080565645471,0,0
0,0.17909428263175234,0,0
0,0.6663854082623478,1,1
1,0.8908397528940716,1,1
0,0.27731510410864485,0,0
0,0.1123326258869885,0,0
1,0.21211182198329911,0,0
0,0.1855105265022913,0,0
0,0.28251593679158166,0,0
0,0.3813336652015253,0,0
0,0.354071705136484,0,0
0,0.2100330103125189,0,0
0,0.6875379826027911,1,1
0,0.31033150933026005,0,0
0,0.8549463593456248,1,1
1,0.8404951886310212,1,1
0,0.0551955403779097,0,0
0,0.3816869410553181,0,0
0,0.1692001606406166,0,0
0,0.3343853014181823,0,0
1,0.7250909101599993,1,1
0,0.6050232969900127,1,1
1,0.7455007167390606,1,1
1,0.32360509197402487,0,0
0,0.11849726233814233,0,0
0,0.06329363986895155,0,0
0,0.14354105384147806,0,0
0,0.10485213045233102,0,0
0,0.7009549267872603,1,1
1,0.3904982919833618,0,0
0,0.17330524390144833,0,0
1,0.6594628153714173,1,1
0,0.12734194381885158,0,0
0,0.15089629742280306,0,0
1,0.9045503114573739,1,1
0,0.7777166733069979,1,1
0,0.4321736821485544,0,0
1,0.462971092904614,0,0
1,0.5414678303504668,1,1
0,0.13559664575207586,0,0
0,0.6208033712420611,1,1
1,0.7205495629967384,1,1
1,0.43646430222310845,0,0
0,0.09729461664801917,0,0
0,0.7652512813528171,1,1
0,0.16960825774236335,0,0
0,0.4554314218119344,0,0
0,0.6633007744531318,1,1
0,0.08294410293396559,0,0
1,0.7257027584665955,1,1
0,0.5655701189627536,1,1
0,0.10938652178955596,0,0
1,0.7557203694108183,1,1
0,0.14539502733075677,0,0
1,0.5304463478926024,1,1
0,0.36346083275174035,0,0
0,0.6019347356968342,1,1
0,0.30800332926619545,0,0
0,0.3069390034407395,0,0
0,0.7618277503085172,1,1
0,0.30631498333667695,0,0
0,0.2953860810434241,0,0
0,0.425966409479934,0,0
0,0.1176072224948127,0,0
0,0.15810083152288817,0,0
0,0.056359434028237496,0,0
0,0.14524308665453303,0,0
1,0.7269586328998895,1,1
0,0.520093585473193,1,1
1,0.9004633217338082,1,1
0,0.6093183955031659,1,1
1,0.8244587879329844,1,1
1,0.7237199286792179,1,1
1,0.939563349625946,1,1
0,0.34434960638307704,0,0
1,0.7440878527246693,1,1
0,0.3564079927115378,0,0
1,0.6084729555896498,1,1
0,0.17757226659688283,0,0
0,0.5700342600695819,1,1
0,0.13941325409127217,0,0
1,0.31307700101163377,0,0
1,0.70214710937773,1,1
0,0.36966177323371674,0,0
0,0.06326597506963118,0,0
1,0.7899410536620992,1,1
0,0.8226627550705204,1,1
1,0.857732056800221,1,1
0,0.609696058761481,1,1
0,0.4675390167426136,0,0
0,0.0947492308493382,0,0
0,0.5254833949041292,1,1
0,0.6048054996540011,1,1
1,0.5073557697286093,1,1
1,0.5504760323087708,1,1
0,0.20694067645555914,0,0
0,0.38986654280291305,0,0
0,0.10994177289210157,0,0
0,0.512010263239341,1,1
1,0.7559800475051757,1,1
1,0.7211417494812311,1,1
0,0.40320082777208993,0,0
1,0.8974095997091698,1,1
1,0.42818271098260874,0,0
0,0.7268382434097742,1,1
0,0.845071638312141,1,1
1,0.8874386111133551,1,1
0,0.7102488286468216,1,1
0,0.09098301135763204,0,0
1,0.8284839696366696,1,1
0,0.30747374756656903,0,0
0,0.26000826331534793,0,0
1,0.7025719757572689,1,1
0,0.13945970812772424,0,0
1,0.695915047002596,1,1
1,0.5967826627071277,1,1
0,0.7924222363583516,1,1
1,0.7649302101788635,1,1
0,0.5578632166306109,1,1
0,0.2079305366904093,0,0
0,0.07738220607881217,0,0
1,0.7031276920288861,1,1
0,0.28882351056872463,0,0
0,0.39824202375984574,0,0
1,0.716705864341302,1,1
1,0.15336301143878145,0,0
0,0.11912905771121646,0,0
0,0.1411662284708302,0,0
1,0.6386740966400318,1,1
0,0.6229136092233493,1,1
0,0.84596665427424,1,1
0,0.08509247937834415,0,0
0,0.35440657787401775,0,0
0,0.4524170451558484,0,0
0,0.28379747984625153,0,0
1,0.6391666501826777,1,1
0,0.4559847493046448,0,0
0,0.13328720893369225,0,0
0,0.3524545423934781,0,0
0,0.675885074967156,1,1
0,0.14381243129220986,0,0
0,0.4990813810989871,0,1
0,0.45121892720730494,0,0
0,0.12160121914905157,0,0
1,0.6157986707111193,1,1
1,0.5457082778235761,1,1
1,0.44584282042696693,0,0
1,0.6037339772417111,1,1
0,0.2728825757345678,0,0
0,0.10106783048409154,0,0
1,0.7216542613359462,1,1
0,0.7895312911167834,1,1
0,0.22646077071047024,0,0
0,0.585435503692403,1,1
0,0.22071329888312885,0,0
0,0.342233233433126,0,0
0,0.6883147805752006,1,1
0,0.2710359503340423,0,0
0,0.7860677599865259,1,1
0,0.6401796230480565,1,1
1,0.8275960726306487,1,1
0,0.39771632772116916,0,0
1,0.1623983450206118,0,0
0,0.8514836111051124,1,1
0,0.3200382923892675,0,0
0,0.43272695948643075,0,0
1,0.7587449788656504,1,1
0,0.10523994735398179,0,0
0,0.5699723953943586,1,1
0,0.07042681640885097,0,0
1,0.38685318202178487,0,0
0,0.6189840801390665,1,1
1,0.7629610657461418,1,1
0,0.4346592657871091,0,0
0,0.10835086979927099,0,0
0,0.9021824351553331,1,1
0,0.16655971571450665,0,0
0,0.48010222775922434,0,1
0,0.08021108145760414,0,0
1,0.5857944369080201,1,1
0,0.38849535100556826,0,0
1,0.17225140763376162,0,0
0,0.1512756513047228,0,0
0,0.3038151361984195,0,0
1,0.3280879274628665,0,0
0,0.07418794364161552,0,0
1,0.31189408681314446,0,0
0,0.23014196574376847,0,0
0,0.7635102799455699,1,1
0,0.8216841269634044,1,1
0,0.14275674458755874,0,0
0,0.10903433040769415,0,0
0,0.3766496804664562,0,0
0,0.43675308237277405,0,0
0,0.6319738100240149,1,1
1,0.6311381279676572,1,1
1,0.2043077138008804,0,0
1,0.8387599137577858,1,1
0,0.5342024183209141,1,1
0,0.6527127771416121,1,1
0,0.592272198676821,1,1
1,0.9353151670337677,1,1
0,0.2912352656790877,0,0
1,0.6295492333494228,1,1
0,0.3874286856166724,0,0
0,0.24863188595913385,0,0
1,0.9609387222470136,1,1
0,0.3084903949874396,0,0
1,0.726683588818067,1,1
1,0.8614814902725568,1,1
1,0.648806770796101,1,1
1,0.8735965067077808,1,1
0,0.2595814067846886,0,0
0,0.17313696699608588,0,0
1,0.5875568122167955,1,1
0,0.5566139220608625,1,1
0,0.30324513567474004,0,0
0,0.10539366574427973,0,0
1,0.35429172082021587,0,0
0,0.1554322356057936,0,0
0,0.2834961346149423,0,0
0,0.22226730386503268,0,0
0,0.4186418649030336,0,0
1,0.5045113471004145,1,1
1,0.19971471439183439,0,0
1,0.635248396952337,1,1
0,0.5746940950730426,1,1
1,0.5583386652294693,1,1
1,0.5137845537428234,1,1
0,0.14563700427756032,0,0
0,0.11131996080443411,0,0
0,0.31244353839697137,0,0
0,0.2994886411820996,0,0
0,0.44522178816851404,0,0
0,0.4733281948863462,0,1
0,0.902562770131936,1,1
0,0.8466898332376873,1,1
0,0.35893406324930677,0,0
0,0.2216528218747321,0,0
0,0.6804478848205667,1,1
0,0.32038694686342745,0,0
0,0.34730448855758916,0,0
0,0.8172795891846786,1,1
0,0.42938322366036696,0,0
0,0.15144968984812066,0,0
0,0.797106204382848,1,1
0,0.7938030757022396,1,1
0,0.19395200466843907,0,0
0,0.13859326462209323,0,0
0,0.6452235493928389,1,1
1,0.7395078566062362,1,1
1,0.8024177839535911,1,1
1,0.8512194768416649,1,1
1,0.4847487641724783,0,1
0,0.5893628104580878,1,1
1,0.8766448519850869,1,1
0,0.6561465205161908,1,1
0,0.08011611556275577,0,0
1,0.3084096254549101,0,0
0,0.24534081073288994,0,0
0,0.2887087007179337,0,0
0,0.21570493815753217,0,0
0,0.1907732933630784,0,0
0,0.07584937592386183,0,0
0,0.7354745555396435,1,1
1,0.4985998378676092,0,1
0,0.08827677010484603,0,0
0,0.8629718076563485,1,1
1,0.42710411091849493,0,0
0,0.3220224069307116,0,0
0,0.2766513954143655,0,0
0,0.36468022560622276,0,0
0,0.25007817265116933,0,0
1,0.7643572885846333,1,1
1,0.9275181405010441,1,1
1,0.5487690672919089,1,1
0,0.512703111786143,1,1
0,0.08104282371548006,0,0
1,0.35132669583877885,0,0
1,0.8531721345790276,1,1
0,0.44126325839239705,0,0
0,0.07230743374137141,0,0
1,0.36881555916683856,0,0
1,0.13027155410570682,0,0
0,0.1552338319646091,0,0
0,0.15676246512241634,0,0
1,0.27777518339842366,0,0
1,0.5767408774686752,1,1
0,0.2182011767563748,0,0
1,0.3021298249029081,0,0
0,0.1473965799978849,0,0
0,0.6874859622115248,1,1
0,0.20872705022041255,0,0
0,0.13385973630745454,0,0
0,0.0767209306186835,0,0
1,0.6542864515640292,1,1
0,0.5750753803261534,1,1
0,0.3981581356544346,0,0
0,0.34898551642174097,0,0
0,0.4912368645129719,0,1
1,0.626913293773912,1,1
1,0.20177449743647177,0,0
1,0.6811844624684472,1,1
0,0.15851724768514872,0,0
0,0.3497597208548927,0,0
0,0.29686778270194775,0,0
0,0.14422326027706397,0,0
1,0.8532520502442241,1,1
1,0.8566461896606372,1,1
1,0.15530558630914898,0,0
1,0.696253925761088,1,1
0,0.47107646135606857,0,1
1,0.7927844748543276,1,1
0,0.31342456318578316,0,0
1,0.42161751391586566,0,0
0,0.37065733341292756,0,0
0,0.3394124021592251,0,0
0,0.7375415619339132,1,1
0,0.6515514070037122,1,1
1,0.773748654750729,1,1
1,0.23590401166889274,0,0
1,0.8826205515427095,1,1
1,0.8569519939586152,1,1
1,0.4422811031116469,0,0
1,0.35496650707823335,0,0
0,0.049765989052226296,0,0
0,0.26363500381990984,0,0
0,0.5345920452100703,1,1
0,0.40495057364971143,0,0
0,0.514563693780592,1,1
1,0.7396408016226971,1,1
1,0.4632309004794599,0,0
1,0.529930264510856,1,1
0,0.12461128348605756,0,0
0,0.05422800888556245,0,0
0,0.2644969762282896,0,0
1,0.7984724203410338,1,1
1,0.8667424871362475,1,1
0,0.7985237604730052,1,1
0,0.5735007725039458,1,1
1,0.7115067796836961,1,1
0,0.23453289949593462,0,0
1,0.8331352958350751,1,1
1,0.7705348743512446,1,1
0,0.17315988854135383,0,0
1,0.8495674931961157,1,1
0,0.2296171457430291,0,0
0,0.1782451963634932,0,0
0,0.5479295278719446,1,1
1,0.8043671623156035,1,1
1,0.6954420804352419,1,1
1,0.2452598502958938,0,0
1,0.8716228689036091,1,1
0,0.875997633920875,1,1
0,0.31687457644233286,0,0
0,0.10855615195132458,0,0
0,0.2471968146584375,0,0
0,0.25551923230849144,0,0
1,0.4293226171296245,0,0
1,0.7597890795278306,1,1
0,0.09556166003866345,0,0
0,0.2631963611895431,0,0
1,0.5582318255431467,1,1
0,0.5852766528663017,1,1
0,0.42806280903333027,0,0
1,0.7723664016145187,1,1
0,0.8059515223357063,1,1
1,0.7863479328320002,1,1
0,0.19876789839996964,0,0
1,0.9268571808234267,1,1
1,0.8335493825372557,1,1
0,0.5222098041218987,1,1
0,0.5517953635225177,1,1
1,0.07759182627074912,0,0
0,0.34224778553826046,0,0
0,0.7700909982622672,1,1
0,0.3449655220106893,0,0
0,0.9017411918062105,1,1
1,0.8897876746651976,1,1
0,0.5307841051434469,1,1
0,0.18128093829132774,0,0
1,0.9176731210151191,1,1
1,0.6126917978508745,1,1
1,0.8792565149766882,1,1
1,0.7555794380116375,1,1
0,0.05725029963921733,0,0
0,0.5214659490846405,1,1
0,0.7493959899330248,1,1
0,0.1881553934415875,0,0
0,0.156936922043333,0,0
0,0.1047704652363987,0,0
0,0.06830776488332724,0,0
0,0.7086255292171916,1,1
1,0.8693951440282113,1,1
1,0.233170831547966,0,0
1,0.8843906935247892,1,1
0,0.3118670264707769,0,0
1,0.8273158872194984,1,1
1,0.7864517569543071,1,1
0,0.11279100424125636,0,0
0,0.1606751467430861,0,0
1,0.39757227229508174,0,0
0,0.5687458128492396,1,1
0,0.1758971363002916,0,0
0,0.1509098985535333,0,0
1,0.5365818594161468,1,1
1,0.5662593152607793,1,1
1,0.18038837644382433,0,0
0,0.26504009235214665,0,0
0,0.3715608040598338,0,0
0,0.15701875803118093,0,0
1,0.4474858763873483,0,0
1,0.8849411902184842,1,1
1,0.8689225034652519,1,1
1,0.45363751667902813,0,0
0,0.19782756388068237,0,0
1,0.40715014198591776,0,0
1,0.5818573603348358,1,1
0,0.16466179171796003,0,0
0,0.3132765409899028,0,0
0,0.5521351208747357,1,1
0,0.18439730134502888,0,0
0,0.08257762607598057,0,0
1,0.9273643391589345,1,1
0,0.25889542290706524,0,0
0,0.19985658964739728,0,0
0,0.241684578116054,0,0
1,0.5247307416889919,1,1
1,0.746810662501845,1,1
0,0.5130599045743949,1,1
0,0.7465214524125199,1,1
0,0.7790459534823342,1,1
0,0.3883012219967974,0,0
0,0.06301131875417451,0,0
0,0.48379794589892705,0,1
1,0.5474887178092641,1,1
0,0.66573735357535,1,1
1,0.8949339443906271,1,1
1,0.9328081255967512,1,1
0,0.29468041986373894,0,0
0,0.3653445641330241,0,0
0,0.06715148851642594,0,0
0,0.8482503829421966,1,1
1,0.7864575206653582,1,1
0,0.4540497401386297,0,0
0,0.491272383538608,0,1
1,0.9098434593444019,1,1
0,0.08288708329740979,0,0
1,0.7109923872143059,1,1
0,0.46201600527220316,0,0
1,0.3315617394692859,0,0
0,0.23513479939154625,0,0
0,0.28761288857284545,0,0
0,0.3057510743019904,0,0
0,0.207386351349461,0,0
0,0.7765041227521564,1,1
1,0.48069232568609954,0,1
1,0.6443898140035816,1,1
0,0.17431144834005902,0,0
1,0.723726322927619,1,1
1,0.7911340907121838,1,1
0,0.07588741188824989,0,0
0,0.24318096572423875,0,0
1,0.5496213907334014,1,1
1,0.9225411206666495,1,1
1,0.5032421924539997,1,1
0,0.08787431875456324,0,0
0,0.036120253913672004,0,0
1,0.6690128853867412,1,1
0,0.0964513854910898,0,0
1,0.7688889089677581,1,1
1,0.8267771961983799,1,1
0,0.39315269472182307,0,0
1,0.5736745050108761,1,1
0,0.3667642897337306,0,0
0,0.16684482454037552,0,0
1,0.9575510899239449,1,1
0,0.10822011743448254,0,0
1,0.5248570284114223,1,1
1,0.5731996100687922,1,1
0,0.14609722443957954,0,0
0,0.0823456407416072,0,0
0,0.24338774580627734,0,0
1,0.28006868445200334,0,0
1,0.20493577309524008,0,0
0,0.06634838656375942,0,0
0,0.21217343451774345,0,0
1,0.5308278535313946,1,1
0,0.18906415354123013,0,0
1,0.2833765406880526,0,0
0,0.11509574724100637,0,0
0,0.8015452559309059,1,1
0,0.09082220742149326,0,0
1,0.6195605856877858,1,1
1,0.9209174959915628,1,1
0,0.13779663066513523,0,0
0,0.1482419944437633,0,0
0,0.2327272047043037,0,0
1,0.4916725336671406,0,1
0,0.08182275278578681,0,0
0,0.16975503019107713,0,0
0,0.7493845995790266,1,1
1,0.8492930310821021,1,1
1,0.7134051146416073,1,1
0,0.7318707201900598,1,1
0,0.4243955877555112,0,0
0,0.1692380854708914,0,0
1,0.6426170205757734,1,1
0,0.5315921104146456,1,1
0,0.16873042325353782,0,0
0,0.06192514297416034,0,0
0,0.2385536353100617,0,0
1,0.7565590598447646,1,1
1,0.7134853463613662,1,1
0,0.5373668266181875,1,1
0,0.13787053741242478,0,0
0,0.6777058172638334,1,1
0,0.24654773204924343,0,0
0,0.17874534184279844,0,0
0,0.5038368877458302,1,1
0,0.10422036930419681,0,0
0,0.10975821992000079,0,0
0,0.08529681261773886,0,0
1,0.6801842648939134,1,1
1,0.8592122697112525,1,1
0,0.32359154472709445,0,0
0,0.15820088305929056,0,0
0,0.5764230405402225,1,1
0,0.3613694569430291,0,0
0,0.8322069111417321,1,1
0,0.11211087954439002,0,0
0,0.2808016910962788,0,0
0,0.1986221566864908,0,0
0,0.44346650315902797,0,0
0,0.10663500112374627,0,0
1,0.19619409657600112,0,0
0,0.28474600196032945,0,0
1,0.6378695826531214,1,1
1,0.128675920961051,0,0
1,0.8592531210351644,1,1
0,0.5568031856979471,1,1
1,0.7109360892185038,1,1
0,0.6961947475146906,1,1
1,0.1218756288876932,0,0
0,0.018257388541933758,0,0
0,0.8482929928797458,1,1
0,0.4058524428375869,0,0
0,0.36009273826240146,0,0
0,0.4965886925309249,0,1
0,0.07991526898270601,0,0
1,0.7550767421854242,1,1
0,0.4277298026347575,0,0
1,0.8475733820271706,1,1
0,0.13028873017259995,0,0
0,0.3818137967212686,0,0
0,0.6879611125553753,1,1
1,0.5160742637368259,1,1
0,0.26045032681244457,0,0
1,0.16388071112257885,0,0
0,0.13252403139012586,0,0
0,0.2975833603228214,0,0
0,0.306948268074402,0,0
1,0.7677350332479971,1,1
1,0.5738474636502067,1,1
1,0.948320089937749,1,1
0,0.6265746626274382,1,1
0,0.7776404141586557,1,1
0,0.08792411628334433,0,0
1,0.7960246741602041,1,1
0,0.7237747622387126,1,1
0,0.1361270168163249,0,0
1,0.6813269267451116,1,1
0,0.3619781362316607,0,0
0,0.23733794056764576,0,0
1,0.042626741479484975,0,0
0,0.09009523204603456,0,0
0,0.618517016626812,1,1
0,0.11038273583876967,0,0
0,0.019754145285003112,0,0
1,0.8264538311707686,1,1
1,0.7922632380972484,1,1
0,0.30915637043971517,0,0
0,0.5805965971563728,1,1
1,0.9137858142315081,1,1
0,0.302200673655822,0,0
0,0.7236787689422705,1,1
0,0.2672814869499259,0,0
0,0.1741420117829122,0,0
0,0.08681391371763333,0,0
0,0.3858824948518588,0,0
0,0.33833077722199595,0,0
1,0.8930760704953931,1,1
0,0.1941722640247374,0,0
0,0.26793856771887276,0,0
0,0.717741099171506,1,1
0,0.24286711031078592,0,0
1,0.5283179165622002,1,1
0,0.4768967436606724,0,1
1,0.676852131818234,1,1
1,0.8805064708808648,1,1
0,0.5496009611955189,1,1
0,0.37802534222377854,0,0
0,0.6121763311982855,1,1
1,0.41143464097139393,0,0
1,0.1851482263174402,0,0
0,0.5806089221374929,1,1
0,0.20640415237807633,0,0
0,0.2721351214049337,0,0
0,0.4155941426204065,0,0
0,0.3915572444411397,0,0
1,0.735347933926882,1,1
1,0.2289432544535102,0,0
0,0.40224791674358895,0,0
1,0.5722864886583833,1,1
0,0.8523329849258436,1,1
1,0.0749242099093353,0,0
0,0.21108489658449325,0,0
0,0.45259320093967986,0,0
1,0.7619667749505126,1,1
1,0.6596754598002272,1,1
0,0.33999702484628613,0,0
0,0.1649257449735523,0,0
0,0.0642246311592587,0,0
0,0.12546934550759112,0,0
1,0.5902545521371442,1,1
1,0.9251029229917073,1,1
0,0.34427578877056464,0,0
0,0.6642071741748454,1,1
0,0.4694481826702212,0,0
1,0.8772517842394233,1,1
0,0.5168638311312785,1,1
0,0.2563728144661002,0,0
0,0.11763606040490465,0,0
0,0.4625027165334192,0,0
0,0.3216659555532495,0,0
0,0.3652884496743675,0,0
0,0.13463653240477427,0,0
0,0.12225494930867722,0,0
0,0.13236273180149072,0,0
1,0.6085458972791078,1,1
0,0.8221428955369207,1,1
0,0.13414720571141975,0,0
0,0.15624864646978684,0,0
0,0.2385596392844569,0,0
0,0.509917041163533,1,1
0,0.6073330553256321,1,1
0,0.14709317393641322,0,0
0,0.5437831517619489,1,1
0,0.2825623805501819,0,0
0,0.43610600970025776,0,0
0,0.4223357458997594,0,0
0,0.39897339047903996,0,0
0,0.7274480848990841,1,1
1,0.8075883618023054,1,1
0,0.248988266172117,0,0
1,0.8564912530919427,1,1
1,0.717949612084528,1,1
0,0.12822309517826988,0,0
0,0.11014335188655176,0,0
0,0.2192480229318367,0,0
1,0.7371672341279042,1,1
1,0.7299222708183485,1,1
1,0.2561634058175717,0,0
1,0.8869151939899799,1,1
1,0.21605180059721785,0,0
0,0.7751845258124426,1,1
1,0.6435382964181329,1,1
0,0.10817230856424111,0,0
1,0.8561767495096445,1,1
0,0.3737755574516895,0,0
1,0.10107284438527459,0,0
0,0.4422217977470507,0,0
0,0.12360843875405426,0,0
0,0.3129885201496089,0,0
0,0.2287823432428553,0,0
1,0.8415573846025544,1,1
0,0.150995159262962,0,0
0,0.8289914114434157,1,1
0,0.3982145318391029,0,0
0,0.5728178992746559,1,1
0,0.8831695242868215,1,1
1,0.7682586086598553,1,1
1,0.5279913571337095,1,1
0,0.4634440615629206,0,0
0,0.22726449798147022,0,0
0,0.26079626466741807,0,0
0,0.5362711152306089,1,1
0,0.6271325466715924,1,1
0,0.8016095722091462,1,1
0,0.4669892608637163,0,0
0,0.6955577832979928,1,1
0,0.6111495278879957,1,1
0,0.09850509571149071,0,0
1,0.811474790686238,1,1
1,0.16665345394349715,0,0
0,0.37725877896360305,0,0
0,0.48158019142781666,0,1
1,0.7268002305031689,1,1
0,0.8342701269655513,1,1
1,0.8649237768094549,1,1
0,0.22429727783909137,0,0
1,0.330074515642767,0,0
0,0.2687231225247539,0,0
1,0.7406434192345913,1,1
0,0.6922550078840348,1,1
0,0.644783032493985,1,1
1,0.84215848709352,1,1
1,0.8165106093710471,1,1
0,0.6787982246382346,1,1
0,0.11950279616927764,0,0
0,0.17913017031790085,0,0
0,0.32607044817948966,0,0
1,0.8815291251919094,1,1
0,0.04583975692950663,0,0
0,0.6764160405463825,1,1
1,0.060222173534878534,0,0
1,0.9372574768231564,1,1
0,0.07679695742846787,0,0
0,0.46289446060909634,0,0
1,0.5537966368026962,1,1
0,0.6551088438000011,1,1
1,0.9522611602718701,1,1
0,0.3337997056516627,0,0
0,0.3820914615233409,0,0
1,0.7511861045657893,1,1
0,0.594533816494555,1,1
1,0.6184127744717426,1,1
0,0.26236046315562545,0,0
0,0.23761896909950267,0,0
0,0.03722991429133207,0,0
0,0.5446511920134146,1,1
1,0.7918699143307728,1,1
0,0.749794019615219,1,1
0,0.10811836642121164,0,0
1,0.8996707115730026,1,1
0,0.6216182481453175,1,1
0,0.21882284009574235,0,0
0,0.16688508409379754,0,0
1,0.41624744348930937,0,0
0,0.686387681026254,1,1
1,0.7649019956920827,1,1
1,0.6296761533668114,1,1
1,0.8394439142641937,1,1
0,0.4225231791528487,0,0
0,0.28900673680355576,0,0
1,0.5434118010950161,1,1
1,0.8469983286500656,1,1
0,0.369178365678415,0,0
0,0.09501867005906475,0,0
1,0.8952781204680439,1,1
1,0.903527196611127,1,1
0,0.148136455158755,0,0
1,0.878285475638316,1,1
0,0.07406272077431104,0,0
0,0.1953266872097697,0,0
1,0.507501062243715,1,1
0,0.8203181082591562,1,1
1,0.17906793533452212,0,0
0,0.5413101494877995,1,1
0,0.31142923956906876,0,0
1,0.7471737527887681,1,1
0,0.19824114264017703,0,0
0,0.27749683013471865,0,0
1,0.8758312879513921,1,1
1,0.5862827406482924,1,1
1,0.4168431335981285,0,0
1,0.8812521796678056,1,1
0,0.1664104651675438,0,0
0,0.22303892135477332,0,0
1,0.6275061202571077,1,1
0,0.4435550611999136,0,0
0,0.7663979370463708,1,1
0,0.8925623471610612,1,1
1,0.4797536248738719,0,1
0,0.4647126933828492,0,0
0,0.8558128889081431,1,1
0,0.4685400843720132,0,0
0,0.9297192684178786,1,1
0,0.1906172901241541,0,0
0,0.17330272882589665,0,0
0,0.7268739383229875,1,1
1,0.4671169370082541,0,0
0,0.12854391277369506,0,0
1,0.786768212682333,1,1
0,0.673209961969317,1,1
0,0.20063434616165976,0,0
1,0.6984885310591774,1,1
0,0.23342699960892224,0,0
0,0.13802741226900408,0,0
1,0.5141413832605051,1,1
0,0.7712665523321761,1,1
0,0.24112583968081747,0,0
0,0.29422525431110313,0,0
1,0.841219701765712,1,1
0,0.30801826069684335,0,0
1,0.48937634713107525,0,1
1,0.3830112349451917,0,0
1,0.8453532434153449,1,1
1,0.7987506832902466,1,1
0,0.574837284094351,1,1
1,0.8168783180120573,1,1
0,0.1548805629953071,0,0
1,0.21888125922981425,0,0
0,0.21759617746316173,0,0
0,0.613988290002301,1,1
0,0.10331253001354451,0,0
0,0.8702806173652385,1,1
0,0.5045971882478204,1,1
0,0.21755717601780136,0,0
0,0.13477943867532893,0,0
0,0.5710055679208862,1,1
1,0.910672994809148,1,1
1,0.4255688865487062,0,0
0,0.06688367595012208,0,0
0,0.25273425839640334,0,0
1,0.19932525748779648,0,0
0,0.0844581447377725,0,0
1,0.8196565540487822,1,1
1,0.5569680076359593,1,1
1,0.9097569291463861,1,1
0,0.8171440752753264,1,1
1,0.6852293208439825,1,1
1,0.7106541245871288,1,1
0,0.290295048206318,0,0
0,0.1742114614021662,0,0
0,0.19214095664573186,0,0
0,0.39274284114169244,0,0
0,0.18894930956522976,0,0
1,0.6655787390166332,1,1
0,0.33300074412819025,0,0
1,0.38380529865373564,0,0
0,0.18329321593707074,0,0
0,0.3478404067230679,0,0
0,0.27231069217250115,0,0
0,0.3216134625731622,0,0
0,0.361544274164995,0,0
0,0.40088786308716245,0,0
1,0.21954050265548608,0,0
0,0.8212418497566367,1,1
1,0.5009300661585138,1,1
1,0.599389998454102,1,1
1,0.8064176399788957,1,1
0,0.2879765922920639,0,0
1,0.31200828198941905,0,0
1,0.5859482658806985,1,1
1,0.8624169845330544,1,1
0,0.13874285237058603,0,0
0,0.12767936622649262,0,0
0,0.29251353605280167,0,0
1,0.6813800632281336,1,1
0,0.49222535691673186,0,1
0,0.12291305101549846,0,0
0,0.19164523364093383,0,0
0,0.10553952678659795,0,0
0,0.7979643135595058,1,1
1,0.9104440562412178,1,1
0,0.2364415997265107,0,0
1,0.4947682645571783,0,1
1,0.676816171650845,1,1
0,0.13263180934171323,0,0
0,0.10305202517654019,0,0
0,0.2519491003851124,0,0
0,0.38624996872966366,0,0
0,0.8052367462199398,1,1
1,0.8283970758882102,1,1
1,0.8607987247680854,1,1
1,0.48256268675749703,0,1
1,0.18336661813579025,0,0
0,0.2363784124039483,0,0
1,0.5664152889907202,1,1
0,0.12977556146278973,0,0
1,0.9396798033463726,1,1
0,0.22954569656555815,0,0
0,0.8626487757906642,1,1
0,0.4154495744417724,0,0
0,0.14580363016357514,0,0
0,0.5971762645797004,1,1
0,0.25131488219478604,0,0
0,0.09856757592662387,0,0
0,0.332413901025923,0,0
0,0.4644696179127801,0,0
1,0.6055640124050387,1,1
0,0.13192701356327075,0,0
0,0.42557694249677286,0,0
0,0.2696049370041059,0,0
1,0.6600545756747529,1,1
0,0.1937942725306416,0,0
1,0.8405846867912604,1,1
1,0.5405311882296037,1,1
1,0.8249821598695966,1,1
0,0.5328140817005058,1,1
1,0.6422013650549233,1,1
0,0.638663101861346,1,1
0,0.6520022689639907,1,1
1,0.5840032690124748,1,1
0,0.26020278877122854,0,0
1,0.5319363520252615,1,1
0,0.5503594255404888,1,1
1,0.7281746738614701,1,1
1,0.845252099050423,1,1
0,0.48390358379185533,0,1
1,0.8062115929523151,1,1
1,0.2615406340398135,0,0
0,0.25577687905304175,0,0
1,0.30705697687876354,0,0
1,0.8570310452345675,1,1
0,0.5655724909900781,1,1
0,0.6263180070008609,1,1
0,0.0924812932412998,0,0
0,0.5588648668783716,1,1
1,0.6120546469012579,1,1
0,0.10515519026506699,0,0
0,0.07424423366900869,0,0
0,0.1538265197269786,0,0
0,0.2666647952548583,0,0
1,0.37588738495176993,0,0
1,0.6371208406494269,1,1
0,0.15993530531227046,0,0
0,0.6975999585852174,1,1
0,0.1350144911241457,0,0
0,0.2962133435066986,0,0
1,0.8690202659617051,1,1
0,0.30198015546754786,0,0
1,0.47569795908179585,0,1
1,0.4652957187509586,0,0
0,0.22709138269068924,0,0
0,0.6586699984570332,1,1
0,0.3281543923784083,0,0
1,0.7115467521349426,1,1
0,0.11104404004789818,0,0
0,0.3267287184882503,0,0
1,0.48017340582619383,0,1
1,0.8287978736357402,1,1
0,0.6919661139050014,1,1
1,0.5333083762810895,1,1
0,0.27878433014642956,0,0
1,0.6000988379952084,1,1
0,0.25484717773436266,0,0
0,0.06941838477396937,0,0
0,0.26750490101555696,0,0
0,0.07420203154091906,0,0
0,0.09332271446850345,0,0
0,0.10759730443737668,0,0
1,0.7711510328756033,1,1
0,0.8826701330387995,1,1
1,0.4072981628197442,0,0
1,0.8414417046360371,1,1
0,0.19653019768039665,0,0
1,0.4330677598139096,0,0
0,0.23881500549181242,0,0
0,0.904954518859412,1,1
0,0.4180268288535936,0,0
0,0.1159091396492005,0,0
1,0.5633686054125805,1,1
0,0.7733225266557936,1,1
0,0.4992166804364159,0,1
0,0.10182071475642551,0,0
0,0.41898489269118755,0,0
1,0.7069861002952722,1,1
0,0.22625981723636854,0,0
0,0.55404297530341,1,1
0,0.07491265188980288,0,0
0,0.23354446086333017,0,0
0,0.6621735342312606,1,1
0,0.43354956335218675,0,0
0,0.5588756358130109,1,1
0,0.09762586614649833,0,0
0,0.27358074649102593,0,0
0,0.32074483794185854,0,0
0,0.2313927669172913,0,0
1,0.9024031454661537,1,1
0,0.4887263443258717,0,1
0,0.23820220319009763,0,0
1,0.7606071897243891,1,1
0,0.516164460440087,1,1
0,0.34318798471021655,0,0
0,0.27015944321100965,0,0
0,0.7272732933176218,1,1
0,0.5270780690865022,1,1
0,0.15319919048166877,0,0
1,0.506745505630357,1,1
1,0.42067661232949727,0,0
0,0.3317454410137449,0,0
0,0.7686485121770157,1,1
0,0.4287303483468972,0,0
1,0.4282604190690843,0,0
0,0.11996899349009409,0,0
0,0.054873331352673735,0,0
1,0.5799914765348544,1,1
1,0.8981423364314519,1,1
0,0.23251683161180395,0,0
0,0.6437421718493139,1,1
1,0.7254672310783973,1,1
0,0.35927192879602865,0,0
0,0.2625708805242197,0,0
0,0.5845580319829154,1,1
0,0.30203752118606625,0,0
1,0.36854935536013705,0,0
0,0.332818686810172,0,0
0,0.326071504612747,0,0
0,0.28387715788010315,0,0
1,0.921904505725332,1,1
1,0.36800243936500976,0,0
0,0.33689621775813483,0,0
0,0.09065054431954672,0,0
0,0.29532330086505837,0,0
0,0.6699696156461927,1,1
0,0.3700525395584596,0,0
0,0.2547615091176429,0,0
0,0.0881818417519703,0,0
0,0.04743681382248922,0,0
0,0.1850934661329559,0,0
0,0.6663402250367315,1,1
1,0.5462040622862249,1,1
0,0.3509430005696749,0,0
1,0.8229106972290255,1,1
1,0.8442877721082687,1,1
0,0.6487097518601584,1,1
0,0.17286720717657963,0,0
0,0.02529351335129107,0,0
1,0.7439408243056664,1,1
0,0.07586818539020458,0,0
0,0.597300391213734,1,1
0,0.321486670281018,0,0
0,0.8077892199511281,1,1
1,0.8633907608963056,1,1
1,0.893721779052844,1,1
1,0.44828940396296285,0,0
1,0.669463076886156,1,1
0,0.1365926808831905,0,0
0,0.3923578216577415,0,0
1,0.9197270160933939,1,1
1,0.5247125769033962,1,1
0,0.34982517400419094,0,0
0,0.11390674106005055,0,0
0,0.37063094726936663,0,0
0,0.8790992939426766,1,1
1,0.9505512207921846,1,1
0,0.08820750864433763,0,0
0,0.22508481549377854,0,0
0,0.1508087319558302,0,0
1,0.44236380616149756,0,0
0,0.22064763729705658,0,0
0,0.04953687961700788,0,0
0,0.11887500130745975,0,0
1,0.5334901032316158,1,1
0,0.8911409080157919,1,1
1,0.7400265063825127,1,1
1,0.6613605319782188,1,1
0,0.1334152995930291,0,0
1,0.7934407804499861,1,1
1,0.5408751859162758,1,1
0,0.1210599402906675,0,0
0,0.07956859627199475,0,0
1,0.848941471414935,1,1
0,0.7758161961422366,1,1
0,0.22383756430632856,0,0
0,0.8315506628438314,1,1
0,0.2440968529132747,0,0
1,0.7764946499441242,1,1
1,0.7854813471665963,1,1
1,0.3360075564094032,0,0
1,0.9491574897188744,1,1
0,0.3084143768360255,0,0
0,0.1294151271901255,0,0
0,0.30807004006104044,0,0
0,0.13896612671941178,0,0
0,0.539096663823906,1,1
0,0.7203465919412402,1,1
1,0.8595036696505466,1,1
1,0.8772555602109116,1,1
0,0.17061622937774548,0,0
0,0.4356575251050175,0,0
1,0.5891935356838298,1,1
0,0.09074357176949968,0,0
0,0.2672308678311506,0,0
0,0.6952203841061737,1,1
1,0.7475021198645208,1,1
1,0.5853938756355249,1,1
1,0.7611588757264041,1,1
1,0.8544830717289518,1,1
0,0.7605982278859509,1,1
1,0.6976999186366709,1,1
0,0.22294754278602955,0,0
1,0.15114928282333437,0,0
0,0.48670649649599906,0,1
0,0.4852477832604392,0,1
0,0.4062909783200375,0,0
1,0.6274064424493226,1,1
0,0.13688723247120624,0,0
0,0.2976525999181666,0,0
1,0.8323100125992976,1,1
1,0.9227713791377898,1,1
0,0.8856535179305763,1,1
0,0.1475494572291931,0,0
0,0.48641297843289605,0,1
0,0.26267742095519026,0,0
1,0.2861210740673416,0,0
0,0.1691687305410776,0,0
0,0.1837202354772854,0,0
0,0.3723835723347789,0,0
0,0.812640107238696,1,1
0,0.40995083533627624,0,0
0,0.6028791120694719,1,1
0,0.47293236368308395,0,1
0,0.7798055314428534,1,1
1,0.40822812416826715,0,0
0,0.33470256740818205,0,0
1,0.7434375422486699,1,1
1,0.39307655661794705,0,0
0,0.40295579684597826,0,0
0,0.20639961514358598,0,0
1,0.6558698287968192,1,1
0,0.3483861309763985,0,0
1,0.7127706829867345,1,1
1,0.878971297171896,1,1
1,0.3784919676363186,0,0
0,0.08980245054637352,0,0
0,0.4322530904471735,0,0
1,0.5232178165496861,1,1
0,0.2728396172895324,0,0
0,0.11995233267247234,0,0
1,0.5989841274261349,1,1
0,0.20294363322422448,0,0
0,0.3005698542714564,0,0
0,0.13414154778074114,0,0
0,0.8987128271202585,1,1
0,0.06039341454110696,0,0
1,0.7021528177520309,1,1
0,0.2917772266592878,0,0
0,0.5563625417467967,1,1
0,0.8045932616111438,1,1
1,0.749183146406104,1,1
0,0.4135167065962249,0,0
1,0.8824966500325608,1,1
1,0.7736472972868251,1,1
1,0.9488913782260131,1,1
0,0.05033313932330448,0,0
0,0.1642786321100258,0,0
0,0.6872410810048595,1,1
1,0.6861722502701822,1,1
0,0.13128145525309884,0,0
0,0.44857221634083244,0,0
0,0.3888155769034647,0,0
0,0.1428528896264857,0,0
0,0.505039395546597,1,1
0,0.1601011126090872,0,0
1,0.7617249322987816,1,1
0,0.3272744831236742,0,0
1,0.42031330089326213,0,0
0,0.4332509139274988,0,0
0,0.2559631598420134,0,0
0,0.6103531383369812,1,1
1,0.9072085916610845,1,1
0,0.19381003568923466,0,0
1,0.879533376541264,1,1
0,0.4297871584493552,0,0
1,0.8003295450192836,1,1
1,0.7282688016539217,1,1
0,0.11840566939874311,0,0
0,0.12848027213028823,0,0
0,0.42328511608481206,0,0
0,0.06801504814038983,0,0
0,0.13700634329246267,0,0
0,0.17648396458869275,0,0
1,0.5158053970848085,1,1
1,0.4336770151855264,0,0
0,0.19345944198877593,0,0
1,0.5558493812642513,1,1
0,0.7152723456973585,1,1
1,0.627934112321237,1,1
0,0.12292320828996348,0,0
0,0.11850559733844993,0,0
0,0.38663718318889906,0,0
1,0.738506939856437,1,1
1,0.7905111379471158,1,1
0,0.2109396730208096,0,0
0,0.09823955109730763,0,0
0,0.4755926646062578,0,1
0,0.2830548886229777,0,0
0,0.43538584708583283,0,0
1,0.8076568086649575,1,1
1,0.9525165630032734,1,1
1,0.8287079711203186,1,1
0,0.3705176082854608,0,0
1,0.5075735444186286,1,1
1,0.5536423829436681,1,1
0,0.2383981608652236,0,0
0,0.6582017750843221,1,1
0,0.2674414838658753,0,0
0,0.28459558738174523,0,0
1,0.7707807379203861,1,1
0,0.2513695299667453,0,0
0,0.4586343293965875,0,0
0,0.7278582704995784,1,1
1,0.8225856943793747,1,1
0,0.47438371089927694,0,1
0,0.051151314857761816,0,0
0,0.1607465668409605,0,0
0,0.35428938947636135,0,0
1,0.5979957832356008,1,1
0,0.7296643952818661,1,1
0,0.3012835186776167,0,0
0,0.12005743610249091,0,0
0,0.09796950493023493,0,0
0,0.055174546470849524,0,0
1,0.7082398020420564,1,1
1,0.6068811193177774,1,1
0,0.317201323586117,0,0
0,0.7393823959926986,1,1
0,0.31066045519069135,0,0
1,0.4621729334316086,0,0
1,0.4487502634471736,0,0
1,0.4104045431629546,0,0
1,0.4349760036115312,0,0
0,0.41745428552732267,0,0
0,0.08768064999888855,0,0
0,0.2880557684647485,0,0
1,0.7358874198012246,1,1
0,0.14141162202676974,0,0
0,0.5026166219720827,1,1
1,0.8448953594929601,1,1
0,0.22328985260351333,0,0
0,0.05727938650212594,0,0
0,0.48076645114962413,0,1
0,0.42519945915455115,0,0
1,0.5515126224724569,1,1
1,0.5919511309337171,1,1
0,0.32656116232312005,0,0
1,0.29742033100926324,0,0
0,0.3735482947072588,0,0
0,0.15555963434745962,0,0
0,0.46829867708203293,0,0
1,0.3321967524894319,0,0
0,0.7705844769122541,1,1
1,0.88513929582498,1,1
1,0.4860616013389004,0,1
1,0.1496949002413688,0,0
0,0.7545307499033387,1,1
0,0.49527647906509853,0,1
0,0.814888962935376,1,1
0,0.4546927752857267,0,0
0,0.18623409162869367,0,0
0,0.16894957380795306,0,0
1,0.9515049193769352,1,1
0,0.1438391309320144,0,0
1,0.3345356898692524,0,0
1,0.562479210262922,1,1
0,0.39116005062124143,0,0
1,0.9668308127928574,1,1
1,0.25096716808507524,0,0
1,0.6891104803957084,1,1
1,0.8802573789842968,1,1
0,0.6640982654638451,1,1
0,0.70496176019507,1,1
0,0.10016385172627242,0,0
0,0.11129978523321561,0,0
0,0.33898511555022237,0,0
1,0.9498917022596017,1,1
1,0.6025646990769176,1,1
1,0.9705050217814125,1,1
0,0.24880766753295394,0,0
0,0.3443148181539551,0,0
1,0.6586076729356549,1,1
1,0.14988788084406773,0,0
0,0.4418366490099685,0,0
0,0.22217621371320032,0,0
0,0.7271157013864612,1,1
0,0.16826799315850535,0,0
1,0.31230815093499087,0,0
1,0.7331012298351363,1,1
0,0.13397135894667064,0,0
1,0.2805393221225597,0,0
0,0.25719901745093543,0,0
0,0.41490482201365597,0,0
0,0.34830668430815714,0,0
0,0.12059758980092361,0,0
1,0.9479498717409631,1,1
0,0.8704636918063624,1,1
0,0.1870408807270121,0,0
0,0.17564517705363902,0,0
1,0.8706344168486528,1,1
0,0.29779880733659586,0,0
0,0.6223778893981093,1,1
0,0.3613833593858453,0,0
0,0.1101343088615872,0,0
1,0.6824561314943665,1,1
0,0.3639620941962542,0,0
0,0.12304040778766444,0,0
1,0.30589819669962764,0,0
1,0.7731111882578348,1,1
1,0.5150958336991714,1,1
0,0.9242049492115271,1,1
1,0.27527540351946705,0,0
0,0.1517866943482024,0,0
1,0.6260202660115065,1,1
0,0.4268915093474941,0,0
0,0.1341039435674071,0,0
0,0.8334232443868514,1,1
0,0.33562613502284333,0,0
0,0.18706088740987356,0,0
0,0.31044430703520587,0,0
0,0.15971201188763495,0,0
0,0.8311147289603704,1,1
1,0.4198015329755808,0,0
0,0.7293278621143948,1,1
1,0.752500798026043,1,1
0,0.33086676330491155,0,0
1,0.8727146192819661,1,1
1,0.19227714482234698,0,0
0,0.3902139053519715,0,0
0,0.3204647952406579,0,0
0,0.19052399292284655,0,0
1,0.21672697511793795,0,0
0,0.3972147868148051,0,0
1,0.7417879328992105,1,1
0,0.2572637748888199,0,0
0,0.2555112510575181,0,0
1,0.7310950439141701,1,1
1,0.8619978313237115,1,1
0,0.5826829416624851,1,1
1,0.8602025936377257,1,1
1,0.12516341394623642,0,0
0,0.7123768187989451,1,1
1,0.584672990373481,1,1
0,0.3826664841469347,0,0
1,0.36617263427473223,0,0
1,0.39510309483664746,0,0
0,0.6141237575917065,1,1
0,0.22290760097037282,0,0
1,0.7788574846462295,1,1
0,0.2297720941909277,0,0
0,0.10757035862370344,0,0
0,0.34715678027510105,0,0
1,0.3929457192087042,0,0
0,0.12352027241030672,0,0
1,0.620492008400822,1,1
0,0.2211269131618126,0,0
1,0.6838618125425905,1,1
0,0.5946949774929684,1,1
0,0.884906139629272,1,1
1,0.8221712555918276,1,1
1,0.806373936027187,1,1
1,0.9178976146966907,1,1
0,0.28569377673954316,0,0
0,0.5846408262460749,1,1
0,0.050833139163227604,0,0
0,0.6870957749075952,1,1
1,0.5408473413561422,1,1
0,0.544618195585383,1,1
0,0.13152725302470367,0,0
0,0.3362871662069901,0,0
1,0.7126908081871276,1,1
0,0.5404202676874864,1,1
1,0.6673892351699137,1,1
0,0.32339903647711205,0,0
0,0.44734921012994777,0,0
0,0.21053889982837565,0,0
1,0.787988972495598,1,1
1,0.8263197226732115,1,1
0,0.3564471395499914,0,0
0,0.08024348004847999,0,0
0,0.7872037613609958,1,1
0,0.14277449760582805,0,0
0,0.31357815603566275,0,0
1,0.5963019107831775,1,1
1,0.7462621353604837,1,1
1,0.6453651837753586,1,1
1,0.5268847813368959,1,1
0,0.4085621236081537,0,0
1,0.8767220150650686,1,1
1,0.5420246780774173,1,1
0,0.687216956850727,1,1
0,0.2993252812113497,0,0
0,0.29873905295066255,0,0
0,0.44600362681186495,0,0
1,0.6630292573447577,1,1
0,0.13551493958294428,0,0
1,0.33299694767865834,0,0
0,0.128400896890496,0,0
0,0.30703210108184664,0,0
1,0.270490045201239,0,0
0,0.6037670506626459,1,1
0,0.21554409136717323,0,0
0,0.36419216447323277,0,0
1,0.813585562865821,1,1
0,0.7710107266362435,1,1
0,0.48047786281229515,0,1
1,0.8176566758176154,1,1
1,0.44098856435199746,0,0
0,0.09839967759044622,0,0
1,0.7162401432651373,1,1
1,0.6579269465232139,1,1
1,0.4654192329655023,0,0
0,0.44991115724331043,0,0
0,0.7607733342253773,1,1
0,0.39037001908970165,0,0
0,0.19200909464766766,0,0
0,0.1604358656642957,0,0
1,0.3897295039581367,0,0
1,0.8418747320768045,1,1
1,0.6073944556174894,1,1
0,0.119800347122188,0,0
1,0.7498223133054331,1,1
0,0.1596801282653634,0,0
1,0.6277453197680158,1,1
0,0.390951573465528,0,0
0,0.31547543426000224,0,0
0,0.4335471467469097,0,0
0,0.7232162795479335,1,1
1,0.7461061969133476,1,1
1,0.7277904534580998,1,1
1,0.905910754394529,1,1
0,0.46005947978999745,0,0
1,0.31756104838989413,0,0
1,0.635655723963835,1,1
0,0.33106582444322885,0,0
0,0.8310966285904521,1,1
0,0.3661132226644831,0,0
1,0.6521464885770558,1,1
0,0.11788946060581626,0,0
0,0.10850642429202143,0,0
1,0.5819275173003123,1,1
1,0.792694800344989,1,1
1,0.537494864171602,1,1
1,0.8980668792346072,1,1
1,0.1352184700255049,0,0
0,0.39984263874900955,0,0
0,0.495892907276816,0,1
0,0.3013045404320417,0,0
0,0.30761569562241176,0,0
1,0.1922260211707413,0,0
0,0.4729402215691032,0,1
0,0.10577121639798066,0,0
0,0.24221668193213433,0,0
0,0.3489599315877231,0,0
1,0.7353448202245078,1,1
0,0.16918216247365367,0,0
1,0.8004325934391482,1,1
0,0.35863371777633996,0,0
1,0.7498907867967262,1,1
0,0.36073201073943806,0,0
1,0.17770424958668726,0,0
0,0.17922239828050224,0,0
0,0.16079514128525357,0,0
0,0.10934053861016753,0,0
0,0.33234217838935504,0,0
1,0.8139507589262741,1,1
1,0.10511614137441926,0,0
0,0.1619057597501687,0,0
0,0.11881866682043107,0,0
1,0.8842655313732983,1,1
0,0.10302208538986926,0,0
1,0.7801073047250358,1,1
0,0.1402496603512875,0,0
0,0.07198338045928054,0,0
0,0.6431301119108447,1,1
0,0.15890406836574797,0,0
1,0.858623869264948,1,1
0,0.2526114210800185,0,0
0,0.16156131184191713,0,0
0,0.49576716254022263,0,1
0,0.20710374272100912,0,0
0,0.7694254017119752,1,1
0,0.2095948137329647,0,0
0,0.48835454396601846,0,1
1,0.7340212213959788,1,1
0,0.4082749191481105,0,0
0,0.1293852777589519,0,0
1,0.19499436281341645,0,0
0,0.5666575374121099,1,1
0,0.19062948808806132,0,0
0,0.35563139543301575,0,0
1,0.8179053871690406,1,1
0,0.17184107615797545,0,0
0,0.4767168110208414,0,1
0,0.15214303880966792,0,0
1,0.6903135627528522,1,1
0,0.14949660806859164,0,0
0,0.6776235128095462,1,1
0,0.19301378467378144,0,0
1,0.13404324074543483,0,0
0,0.07637278313558159,0,0
1,0.5570769868235057,1,1
0,0.6703464960068963,1,1
0,0.04060740183149403,0,0
1,0.8460167431650819,1,1
0,0.35514419903207395,0,0
0,0.1656756975684407,0,0
1,0.8989991749347558,1,1
0,0.6554113830602851,1,1
1,0.8840855036974241,1,1
1,0.6906965457307306,1,1
0,0.6914433492717871,1,1
1,0.22880191754582005,0,0
0,0.3151468560920219,0,0
0,0.5861105760714499,1,1
1,0.7424603810735904,1,1
0,0.3548956069774244,0,0
0,0.7235542811931794,1,1
1,0.7586683523956637,1,1
0,0.3471026138621581,0,0
0,0.19792656063182892,0,0
1,0.1332480766911976,0,0
1,0.9626994414418025,1,1
0,0.32508014035443145,0,0
1,0.838272623536711,1,1
0,0.1785913865080928,0,0
0,0.15780535603651755,0,0
0,0.6330171738157887,1,1
1,0.8241628527175049,1,1
0,0.5763150933247032,1,1
1,0.72727044266483,1,1
0,0.3729681382747063,0,0
0,0.40958635510134417,0,0
0,0.18870692654980342,0,0
0,0.22668204912839976,0,0
0,0.4941518553599069,0,1
1,0.5787738217789151,1,1
1,0.7646157672104242,1,1
0,0.4628953622856358,0,0
0,0.1816152296029479,0,0
0,0.4841045750108321,0,1
1,0.5263449060559722,1,1
0,0.8254918580207443,1,1
0,0.6538139945124443,1,1
0,0.29004196240940444,0,0
0,0.1259182452368521,0,0
0,0.06090068908476973,0,0
0,0.1138454966894865,0,0
0,0.41940157860543265,0,0
0,0.2200360735689366,0,0
1,0.1886193946861733,0,0
1,0.693658528401762,1,1
1,0.27958937749080304,0,0
0,0.5647799154062243,1,1
0,0.19763817610823442,0,0
0,0.6136363258231976,1,1
0,0.7831493647393146,1,1
1,0.5903799729167575,1,1
1,0.5170880117864098,1,1
1,0.8248658619226052,1,1
1,0.7586879136543663,1,1
0,0.17078677185981067,0,0
0,0.6004017873244596,1,1
0,0.14771853259700127,0,0
0,0.3437418024237656,0,0
0,0.29865814782297506,0,0
0,0.19211045726022502,0,0
0,0.4639030619357904,0,0
0,0.4109553217682221,0,0
1,0.13212547294486277,0,0
1,0.6228984761987771,1,1
1,0.867458570437184,1,1
0,0.19201096226289793,0,0
1,0.7307404231053336,1,1
0,0.8378179497197156,1,1
0,0.12202606888824778,0,0
0,0.4913652582989489,0,1
0,0.12714304655503414,0,0
0,0.5650969564470171,1,1
1,0.6897161667250238,1,1
1,0.7389584570483283,1,1
0,0.40493265674676626,0,0
1,0.8288767134142228,1,1
0,0.2907990932342262,0,0
1,0.7005981523342972,1,1
1,0.2676715137976496,0,0
1,0.8761914732174173,1,1
0,0.4693033189342208,0,0
0,0.553818171391207,1,1
0,0.8183009194028604,1,1
0,0.15233515162999198,0,0
0,0.6965528353922262,1,1
0,0.10895598582264729,0,0
0,0.08962428797263652,0,0
1,0.9032905876129964,1,1
1,0.9221679673020041,1,1
0,0.059404366326490134,0,0
0,0.7579032406435596,1,1
0,0.16173263091863668,0,0
0,0.11930379247681097,0,0
0,0.4088359970123647,0,0
1,0.5293352130047397,1,1
0,0.5903094073890959,1,1
1,0.9088857839573574,1,1
0,0.6643782241342934,1,1
1,0.8865045422875506,1,1
1,0.84500847688459,1,1
0,0.13831303321323393,0,0
1,0.8075349007899705,1,1
0,0.628423531424859,1,1
0,0.490597195594148,0,1
0,0.4417779490361266,0,0
1,0.7551640526103509,1,1
0,0.865989289704622,1,1
0,0.17614360945156268,0,0
1,0.5743300886204126,1,1
1,0.7772346261350331,1,1
0,0.5439295944388471,1,1
1,0.7590271654696409,1,1
0,0.9293270197712773,1,1
1,0.5172373262037646,1,1
0,0.12061777914400794,0,0
0,0.3613192608700238,0,0
1,0.5841204924517543,1,1
0,0.22595287453137414,0,0
1,0.5262913860997727,1,1
0,0.5741595233444509,1,1
0,0.1649276200130792,0,0
1,0.7468413994372423,1,1
0,0.04683804349387996,0,0
0,0.5267778936189265,1,1
0,0.29504870916036974,0,0
0,0.5738168431278158,1,1
0,0.1638182166519361,0,0
0,0.2054887302357101,0,0
1,0.35019057323260183,0,0
0,0.26324450088917223,0,0
0,0.10449761540259378,0,0
1,0.8606681772004392,1,1
1,0.32578078719240383,0,0
1,0.2894460050451259,0,0
0,0.5881416166211892,1,1
1,0.8689147897808344,1,1
1,0.880643900400777,1,1
1,0.20816561719611731,0,0
0,0.7860382299376367,1,1
0,0.4732562573859621,0,1
1,0.16834804158936717,0,0
0,0.5121851169753664,1,1
0,0.18808718801336985,0,0
1,0.649268243035002,1,1
0,0.38860609005025076,0,0
0,0.07842210728234486,0,0
1,0.32947022657776803,0,0
0,0.5583840297680114,1,1
1,0.47044781174242584,0,1
1,0.9278695746252884,1,1
1,0.5593782301892565,1,1
0,0.90740510094065,1,1
1,0.9427254335833991,1,1
0,0.4923824352615197,0,1
0,0.6978783287729079,1,1
0,0.42560974719566363,0,0
0,0.3030620922386783,0,0
1,0.8370500289743411,1,1
0,0.13097917125799569,0,0
1,0.5241149144472056,1,1
0,0.6814789766234103,1,1
1,0.7158960611697306,1,1
1,0.9304058945041935,1,1
1,0.864071913483503,1,1
1,0.7499895018109562,1,1
0,0.410943369110815,0,0
0,0.2670989637778602,0,0
1,0.46903400211331875,0,0
0,0.26526736225383957,0,0
1,0.16625504426137955,0,0
1,0.8925297822812045,1,1
0,0.2521980482199101,0,0
0,0.8534502576185675,1,1
1,0.8795260135435478,1,1
0,0.1348952126288965,0,0
0,0.32239314371259026,0,0
0,0.06659354395566111,0,0
1,0.4611809511385419,0,0
1,0.607920978311935,1,1
0,0.38880109534626806,0,0
0,0.08317226731948825,0,0
0,0.6197548999664215,1,1
0,0.1460572854305128,0,0
0,0.230356128948299,0,0
1,0.740350447556638,1,1
0,0.3206201574500727,0,0
0,0.2684107931244799,0,0
1,0.3828848316281947,0,0
1,0.8366098279216266,1,1
1,0.7188312473028458,1,1
0,0.5848047591492938,1,1
0,0.18488621492365762,0,0
1,0.1527664821984714,0,0
1,0.5542677015904361,1,1
1,0.5789304183219176,1,1
1,0.8897895468551348,1,1
0,0.24048463336957826,0,0
1,0.6221566440411285,1,1
0,0.25597879714667665,0,0
1,0.7011328824014096,1,1
0,0.6583502979623548,1,1
0,0.7728717911478141,1,1
1,0.8752643029118534,1,1
1,0.4454419668049511,0,0
1,0.3953919500211682,0,0
1,0.6831143723402333,1,1
0,0.43174709251769133,0,0
1,0.4615432541484239,0,0
0,0.5112587540973864,1,1
0,0.5300947089860688,1,1
1,0.6198356784686742,1,1
1,0.8129114611675394,1,1
1,0.6598724112069408,1,1
0,0.14725460114255245,0,0
1,0.6231756506025818,1,1
0,0.4396822571504429,0,0
0,0.4007920116834726,0,0
1,0.6492652424775963,1,1
1,0.5150759559284565,1,1
1,0.3478266125582634,0,0
0,0.11615247537297536,0,0
0,0.13581469541537977,0,0
1,0.5028441272544145,1,1
0,0.3952291753590999,0,0
0,0.5345088947317159,1,1
0,0.29238565634472236,0,0
0,0.6083540510063522,1,1
0,0.5171588473128655,1,1
0,0.5742886476247178,1,1
1,0.8810956069316257,1,1
1,0.7029708441184648,1,1
1,0.7888437372875696,1,1
1,0.18113040338854217,0,0
0,0.06243929232886628,0,0
0,0.36956454018733353,0,0
1,0.7789782179859223,1,1
1,0.7361619641960164,1,1
0,0.15980866404945665,0,0
0,0.5281023415711532,1,1
0,0.6512018466364073,1,1
1,0.7775175165575279,1,1
0,0.27326491833171485,0,0
1,0.31786928223061867,0,0
0,0.23396862878005953,0,0
0,0.23860942249002312,0,0
0,0.13191584050580066,0,0
0,0.5181629503458636,1,1
1,0.15751993389730573,0,0
0,0.5674656121242291,1,1
0,0.22371958561879715,0,0
0,0.2645824359900388,0,0
0,0.10381777810991548,0,0
0,0.11053234156298193,0,0
1,0.29735810019977515,0,0
0,0.07690632330380756,0,0
0,0.2681710058595492,0,0
1,0.4401974922560123,0,0
1,0.9128381511700607,1,1
0,0.4276490223424834,0,0
1,0.7284037443438626,1,1
1,0.5516314099845475,1,1
1,0.6005103215394716,1,1
1,0.6287590578167664,1,1
0,0.7648205665000094,1,1
1,0.6859461905604374,1,1
0,0.24663197592112185,0,0
1,0.6092303898528517,1,1
1,0.7643371079752279,1,1
0,0.19118652811020917,0,0
0,0.18349648572400232,0,0
1,0.7661077150941272,1,1
0,0.18254309063849788,0,0
1,0.8388750398706067,1,1
1,0.9221879312020752,1,1
1,0.8542378559829936,1,1
0,0.7105418263202316,1,1
1,0.8284133214031772,1,1
1,0.7858905113136574,1,1
0,0.8060074810652331,1,1
0,0.566694062777558,1,1
0,0.24006710345932483,0,0
1,0.5324194946132376,1,1
0,0.10527189626291206,0,0
1,0.8420512925525352,1,1
0,0.37756284737271856,0,0
1,0.8123028348122859,1,1
1,0.7786148272756905,1,1
0,0.4774300363665542,0,1
0,0.033882926918946746,0,0
0,0.44969978692560497,0,0
1,0.5044832044307068,1,1
0,0.8187407654465948,1,1
1,0.4172319617969875,0,0
0,0.6279259337840725,1,1
0,0.7070395236475873,1,1
0,0.4532616424914819,0,0
0,0.9110858829487284,1,1
1,0.7211034498872589,1,1
0,0.17213811057701384,0,0
0,0.5199995407951438,1,1
1,0.8316779785720534,1,1
0,0.0916232590036329,0,0
0,0.07101871905098353,0,0
0,0.6524860698854101,1,1
0,0.07864501343967212,0,0
1,0.22414233692757282,0,0
0,0.1682245243210778,0,0
0,0.44619467526680423,0,0
1,0.9049071276302589,1,1
0,0.2648900412999673,0,0
0,0.6040297743779889,1,1
0,0.33993586385963886,0,0
0,0.4256312137638351,0,0
1,0.8562640562276806,1,1
0,0.7480055073634089,1,1
0,0.31470895851836217,0,0
0,0.1666896639700185,0,0
1,0.8758139043855797,1,1
1,0.8994551577796581,1,1
0,0.5906621273626517,1,1
0,0.17211294679614386,0,0
1,0.5294860113046802,1,1
0,0.32625297061125114,0,0
0,0.13654430801266182,0,0
1,0.7776542143905539,1,1
0,0.8119415517109245,1,1
0,0.23311274894449296,0,0
0,0.5676035315660641,1,1
0,0.20723367207784943,0,0
1,0.8814007551162668,1,1
0,0.38901401413802317,0,0
0,0.30134603790431425,0,0
1,0.7960093824449579,1,1
0,0.5504085897499316,1,1
1,0.5222758029861239,1,1
1,0.5574540348397236,1,1
1,0.8888062018999486,1,1
1,0.6052263029844825,1,1
0,0.3800604191030796,0,0
0,0.11456049263034344,0,0
0,0.4232104955424869,0,0
0,0.1651295091840626,0,0
1,0.5937759105323633,1,1
0,0.6378872293981508,1,1
0,0.08702154031551093,0,0
0,0.4898290463813629,0,1
0,0.07860013629559039,0,0
0,0.19864891794867542,0,0
0,0.3702997695427717,0,0
0,0.34682296370738913,0,0
1,0.5265194627115036,1,1
0,0.5642785424969707,1,1
1,0.181619142593795,0,0
0,0.785117735123347,1,1
1,0.4011357385686691,0,0
1,0.636028494787877,1,1
1,0.7822975798336951,1,1
1,0.6421812033418552,1,1
0,0.29689519735616776,0,0
1,0.24473028638711866,0,0
0,0.3738993315570522,0,0
0,0.24230802577119578,0,0
0,0.5235567496641166,1,1
0,0.10977796792322209,0,0
0,0.726603781503941,1,1
0,0.4532940031757257,0,0
0,0.34950615207180497,0,0
1,0.26166377675061364,0,0
0,0.18813357803339797,0,0
0,0.6869526582464816,1,1
1,0.7345885861625816,1,1
0,0.5152633047947084,1,1
1,0.29383296608313714,0,0
0,0.4406830383944169,0,0
1,0.3547581515922277,0,0
1,0.7265747797457045,1,1
0,0.27086962387736974,0,0
1,0.636648738777894,1,1
0,0.3950850607762338,0,0
0,0.6583517949051998,1,1
0,0.16854383342717946,0,0
0,0.5247707399122231,1,1
0,0.13997152517537625,0,0
0,0.18517409411030955,0,0
0,0.23258017467341163,0,0
1,0.6526025455150168,1,1
1,0.9025932610265558,1,1
1,0.854360211471542,1,1
1,0.9160736009640968,1,1
1,0.6079589242398087,1,1
0,0.5364297783055282,1,1
1,0.5595756200936753,1,1
1,0.8337654908364891,1,1
0,0.7205789633473304,1,1
0,0.11566245487352536,0,0
0,0.0992343992562476,0,0
0,0.271380995165303,0,0
0,0.17905622519671574,0,0
0,0.11428363769527543,0,0
1,0.3790415182683733,0,0
0,0.24114096724876824,0,0
0,0.06091108059909904,0,0
0,0.6142292555986647,1,1
0,0.3594623187315089,0,0
0,0.17618901300272688,0,0
1,0.7507004831923991,1,1
0,0.554773154532087,1,1
0,0.5250118444292237,1,1
0,0.4418853086271255,0,0
0,0.21944407773086835,0,0
0,0.21923693904578648,0,0
0,0.4445070887631075,0,0
0,0.4493681111441074,0,0
0,0.12871702528334783,0,0
1,0.8545153436371176,1,1
0,0.10952007944180715,0,0
0,0.5349908699033736,1,1
0,0.20465255325225806,0,0
1,0.6146774193762795,1,1
0,0.4621452847000225,0,0
1,0.7771512826632614,1,1
0,0.09332500971045468,0,0
0,0.6500352111583542,1,1
1,0.9135889169204433,1,1
1,0.6521254929173125,1,1
0,0.06394139119348997,0,0
1,0.8363935475557235,1,1
1,0.69101407239154,1,1
1,0.3671060512778122,0,0
0,0.5936168714281187,1,1
0,0.7719391401607448,1,1
0,0.5718610822433483,1,1
0,0.7475743157086132,1,1
0,0.5885042136484003,1,1
0,0.04821471153220524,0,0
0,0.2366230576696633,0,0
0,0.7064476032093496,1,1
0,0.11932899491872387,0,0
0,0.8390556373615751,1,1
0,0.14131091377442886,0,0
1,0.7301258395893404,1,1
0,0.6804598098602407,1,1
0,0.17222330196997204,0,0
1,0.91358143993345,1,1
0,0.6130245549811698,1,1
1,0.7786603122402868,1,1
0,0.7493522004673977,1,1
1,0.9482926795004789,1,1
1,0.858753834338919,1,1
0,0.1586032986539522,0,0
1,0.6302630764089515,1,1
0,0.13711993752514776,0,0
1,0.3996288773545029,0,0
1,0.7562426956785362,1,1
1,0.4709938527577916,0,1
0,0.2577056930211807,0,0
0,0.11978991292562621,0,0
0,0.345199675101615,0,0
1,0.545754791852825,1,1
0,0.30948039584209713,0,0
1,0.7687975283715657,1,1
0,0.4638099596729902,0,0
0,0.23675852614431642,0,0
0,0.21406405073560628,0,0
1,0.4299444983554447,0,0
0,0.1686658317724882,0,0
1,0.5192199056844444,1,1
1,0.8725092354599066,1,1
1,0.8671993651569857,1,1
1,0.8446445701973393,1,1
0,0.08317906036311583,0,0
0,0.27902019350963375,0,0
0,0.05985036753466223,0,0
0,0.07582183088285399,0,0
1,0.4585804151809871,0,0
0,0.8501147517495803,1,1
0,0.20875299308136094,0,0
0,0.24270342939929274,0,0
1,0.23298132635976035,0,0
0,0.15563637649477038,0,0
1,0.45428500450431103,0,0
1,0.6472635337503934,1,1
0,0.20211289268062285,0,0
0,0.272972652759989,0,0
0,0.3315039919753659,0,0
1,0.05553017485246214,0,0
1,0.6531806579578621,1,1
0,0.18946755964427411,0,0
1,0.6012788597185206,1,1
1,0.6065759322287607,1,1
1,0.9249451165727887,1,1
0,0.5562887155764212,1,1
1,0.8302667005549567,1,1
0,0.3846569466453656,0,0
1,0.5027797083074806,1,1
0,0.44742317411528115,0,0
0,0.7463132990281696,1,1
0,0.2385405510881486,0,0
1,0.8977187822702687,1,1
1,0.29645682639926774,0,0
1,0.6873756978494336,1,1
1,0.8607596414818931,1,1
0,0.37018625224568974,0,0
1,0.6085787029011785,1,1
0,0.4385018785152365,0,0
0,0.4240590830300914,0,0
1,0.8271708564328075,1,1
1,0.4615466748059261,0,0
1,0.44429649137274824,0,0
0,0.44671467513674534,0,0
0,0.19213765283124118,0,0
1,0.7057247612284085,1,1
1,0.7872685745283978,1,1
0,0.7022240709883935,1,1
1,0.287730211469662,0,0
0,0.47743557271255244,0,1
1,0.7652836959939494,1,1
0,0.47629232903089613,0,1
0,0.570032804297587,1,1
0,0.7425785078565007,1,1
0,0.33329894989425984,0,0
1,0.8028151382698011,1,1
1,0.7063655714268542,1,1
0,0.04723496905680083,0,0
0,0.2552948172491649,0,0
0,0.5680614293535968,1,1
1,0.3298906967231122,0,0
0,0.38301578063755953,0,0
0,0.3117552249459957,0,0
0,0.07840975077375627,0,0
1,0.4801130596395126,0,1
0,0.5229243234946617,1,1
0,0.30303118015117875,0,0
1,0.6646839302021702,1,1
1,0.7784455167163634,1,1
1,0.5249047749928694,1,1
0,0.6502543277530732,1,1
0,0.3723107562834241,0,0
0,0.06500118837113093,0,0
1,0.67524168845918,1,1
0,0.8333135006957965,1,1
0,0.1437790697159687,0,0
1,0.7678330170905524,1,1
1,0.5662072575003616,1,1
0,0.21600026758076823,0,0
0,0.46482866126117556,0,0
0,0.3198077003144454,0,0
1,0.24406407820802237,0,0
1,0.9013144908675669,1,1
0,0.3245811071117384,0,0
1,0.8411041864634663,1,1
1,0.7002182761788234,1,1
1,0.4331977748793349,0,0
1,0.8996602986023043,1,1
1,0.7357795517904893,1,1
1,0.5701443890459953,1,1
1,0.5849678448381598,1,1
0,0.16178954288279299,0,0
0,0.15200270618367653,0,0
1,0.6316573459145741,1,1
0,0.24602723565905152,0,0
0,0.7326852674962426,1,1
0,0.2154924876729582,0,0
0,0.24666646298513167,0,0
1,0.778996201067462,1,1
0,0.8534612643525219,1,1
1,0.8112769820542465,1,1
1,0.7445616129192568,1,1
1,0.7617208213394385,1,1
0,0.4276851195698009,0,0
0,0.4237480765267841,0,0
0,0.7652072606953753,1,1
1,0.9478590203414489,1,1
1,0.9135214500247234,1,1
0,0.18942746883943204,0,0
1,0.6361440052448198,1,1
0,0.3736275606059826,0,0
1,0.35677919821657295,0,0
1,0.8149137423787842,1,1
0,0.7950471264306204,1,1
0,0.4968800520141392,0,1
0,0.1285611563099219,0,0
1,0.4501030677789223,0,0
0,0.8601777086640204,1,1
0,0.09004005708911184,0,0
0,0.7937987622877319,1,1
1,0.8559366058266562,1,1
0,0.33240320395196676,0,0
0,0.14457899883488495,0,0
1,0.793983424605758,1,1
0,0.29893996030383446,0,0
1,0.6829956435931623,1,1
0,0.3581740044227893,0,0
0,0.42153983181881366,0,0
0,0.36855161443455975,0,0
0,0.273739016694516,0,0
1,0.8240510784170784,1,1
1,0.8750156913905432,1,1
0,0.4707065439981279,0,1
0,0.3043881650042672,0,0
1,0.20976610215153194,0,0
1,0.5776724509188228,1,1
0,0.26442982624378314,0,0
1,0.7677099735931389,1,1
0,0.7475887931910944,1,1
0,0.5632560331421146,1,1
1,0.3618174558516453,0,0
0,0.1961736972714956,0,0
1,0.7915244642668137,1,1
1,0.7477923259615645,1,1
0,0.7516038532290319,1,1
0,0.1992217370047233,0,0
1,0.8434422755977248,1,1
1,0.18507952831122515,0,0
0,0.5591520218327035,1,1
0,0.7118318730903886,1,1
1,0.5411959520562472,1,1
1,0.5137110738092342,1,1
1,0.564822783325362,1,1
0,0.061036405490244104,0,0
0,0.8537540363567823,1,1
1,0.8503797120621068,1,1
0,0.7682460759056836,1,1
0,0.237892024295342,0,0
1,0.41316147488907756,0,0
0,0.5102417712193585,1,1
1,0.7893191877531914,1,1
1,0.6068165389515747,1,1
0,0.3229002769354785,0,0
0,0.18253343465399874,0,0
1,0.4023140175825371,0,0
0,0.24518341154746962,0,0
0,0.3380391469122695,0,0
1,0.49311158997315996,0,1
1,0.21764960754604637,0,0
1,0.7081211301771465,1,1
0,0.21068489196768642,0,0
1,0.338877669552181,0,0
0,0.830787672522658,1,1
0,0.10638961375427566,0,0
1,0.6465378983317152,1,1
0,0.3064722237790813,0,0
0,0.3601214071286135,0,0
1,0.5597812034461617,1,1
0,0.6615212950268003,1,1
0,0.8054061180925464,1,1
0,0.28965836390441035,0,0
0,0.11127969157559701,0,0
0,0.2886011558731188,0,0
1,0.8326089037232991,1,1
1,0.31403698041360195,0,0
0,0.11636242027362857,0,0
0,0.3933080727208281,0,0
0,0.5360026630599793,1,1
0,0.2054335738680512,0,0
0,0.14714952905904968,0,0
0,0.25231147985400026,0,0
0,0.6369497070898741,1,1
1,0.6786826591912107,1,1
1,0.3395656838790299,0,0
1,0.8689147897808344,1,1
0,0.09999227439889995,0,0
0,0.5825919082541722,1,1
0,0.4993669762980982,0,1
0,0.531151519026906,1,1
0,0.10502876658877741,0,0
1,0.4611593908233573,0,0
0,0.24368110033455348,0,0
1,0.5143001145503132,1,1
0,0.6338773646310905,1,1
0,0.17544241824937193,0,0
0,0.17756959735693023,0,0
1,0.7911197489329902,1,1
0,0.32482744352019693,0,0
1,0.6802582066038688,1,1
0,0.16319682182601356,0,0
1,0.690916190155544,1,1
0,0.15329505312704125,0,0
1,0.7946652898199681,1,1
1,0.8245622149490323,1,1
1,0.15796680531895319,0,0
0,0.0902252481573842,0,0
1,0.9492791486616458,1,1
1,0.7304383522170437,1,1
0,0.10909135120062192,0,0
0,0.11834903016060962,0,0
0,0.5475025096082365,1,1
0,0.6684772389069131,1,1
0,0.3374629180030333,0,0
1,0.584907459389315,1,1
0,0.3131777131983129,0,0
0,0.07287963812715763,0,0
1,0.876392007654819,1,1
0,0.18942600810860877,0,0
1,0.3332661749227788,0,0
1,0.280595893007774,0,0
1,0.5978006816367069,1,1
0,0.26259109989022084,0,0
1,0.592010363782361,1,1
0,0.6764836324255281,1,1
1,0.45678392782065436,0,0
0,0.5228234863052038,1,1
0,0.3008617007670657,0,0
0,0.30630640648116214,0,0
0,0.07709797016199407,0,0
1,0.9495222438187834,1,1
0,0.6750136517233226,1,1
1,0.6338409564912733,1,1
0,0.5604649371098511,1,1
0,0.8294946987245141,1,1
0,0.3048140996486701,0,0
1,0.4922604190189133,0,1
0,0.4166419246605783,0,0
0,0.18916672202722754,0,0
0,0.4705186044599151,0,1
1,0.5591195810875988,1,1
0,0.797958191651167,1,1
0,0.4962294366040518,0,1
0,0.7275121204056995,1,1
0,0.11274789233850435,0,0
1,0.9139018102682945,1,1
1,0.8596903225753191,1,1
0,0.43962699787577714,0,0
0,0.30405764400987184,0,0
1,0.5701714696057563,1,1
0,0.2899524820525771,0,0
1,0.7561406102529311,1,1
1,0.6335224392081042,1,1
0,0.21295821843606702,0,0
0,0.5137636978900807,1,1
1,0.08878583173597696,0,0
0,0.6293239394621509,1,1
0,0.11897548504619311,0,0
0,0.34052141781643186,0,0
0,0.08989648965275339,0,0
0,0.3787127223117881,0,0
0,0.755022655782012,1,1
1,0.5247020716283602,1,1
0,0.3875646639804935,0,0
1,0.7129187320378221,1,1
0,0.09092575452115444,0,0
1,0.4260348554978105,0,0
1,0.8993674039514172,1,1
0,0.2035873616510889,0,0
1,0.813495053090854,1,1
0,0.27858588512781407,0,0
0,0.16696023660965412,0,0
1,0.8249924577082226,1,1
1,0.5559621471003381,1,1
0,0.43172944466243457,0,0
0,0.16513406768929326,0,0
1,0.718830313515905,1,1
0,0.5862073265113595,1,1
1,0.7828162587220924,1,1
1,0.30274000729759687,0,0
1,0.6111966356765134,1,1
1,0.35472233120064867,0,0
0,0.6333874372167915,1,1
0,0.5446873008867336,1,1
0,0.24710308582482468,0,0
1,0.30661363991611346,0,0
1,0.7613953125631678,1,1
1,0.858758396823835,1,1
0,0.37536983625287657,0,0
0,0.20465158928481514,0,0
1,0.773579411700262,1,1
0,0.08506543161906258,0,0
1,0.7310293696598548,1,1
0,0.5942862535090518,1,1
1,0.8719829580797182,1,1
0,0.44141472886217564,0,0
0,0.3150539114105647,0,0
0,0.25597509899556836,0,0
0,0.055515752279277804,0,0
1,0.7640491325273677,1,1
0,0.38171572205463056,0,0
1,0.5315361492753441,1,1
1,0.2690414977805113,0,0
0,0.9238655442677226,1,1
0,0.1046343999916441,0,0
0,0.6909877305689073,1,1
1,0.549062154668556,1,1
1,0.35347901680114063,0,0
0,0.30786166461192105,0,0
0,0.3865150298202922,0,0
0,0.7391504340494072,1,1
0,0.5941785591422933,1,1
1,0.5669539284484418,1,1
0,0.4769148129329852,0,1
1,0.6358420551453094,1,1
1,0.8017564132114886,1,1
1,0.14317714076132773,0,0
0,0.34137629857103224,0,0
1,0.8159765451819317,1,1
0,0.18905722993289623,0,0
0,0.7299226561214656,1,1
0,0.4943489616031401,0,1
1,0.19947607862466993,0,0
1,0.581041912905662,1,1
0,0.7038319453889398,1,1
0,0.14483804713007886,0,0
0,0.09721717467167396,0,0
0,0.5953518806183153,1,1
1,0.7682996087377844,1,1
0,0.10840815185538351,0,0
0,0.6099825641432318,1,1
0,0.24641141078073897,0,0
0,0.49225742875930434,0,1
1,0.6851560754995233,1,1
1,0.8440601236875191,1,1
0,0.1583468142762169,0,0
1,0.7135717305375785,1,1
1,0.13057607421653272,0,0
1,0.7740872896690832,1,1
0,0.1906216876077791,0,0
0,0.6705767027774928,1,1
1,0.4875277380945361,0,1
0,0.09105553564888665,0,0
0,0.18655724030133466,0,0
1,0.5188597120898651,1,1
0,0.2516864071495645,0,0
0,0.3427666593917883,0,0
0,0.2199682997550706,0,0
0,0.3903921070729403,0,0
1,0.6528337102401467,1,1
0,0.11330350181465478,0,0
0,0.10959550610241947,0,0
0,0.23155177955651812,0,0
1,0.7258862207334993,1,1
1,0.8630146123503439,1,1
0,0.5832742807662991,1,1
1,0.4429148087396049,0,0
0,0.33095523767401014,0,0
0,0.14286184723223283,0,0
1,0.738803633284231,1,1
0,0.40281439247696693,0,0
1,0.8599965177621588,1,1
1,0.951728080710972,1,1
1,0.5931907874049314,1,1
0,0.08327633079287937,0,0
1,0.09974796739319261,0,0
0,0.05915113436875894,0,0
1,0.680671797388823,1,1
1,0.2371451284820736,0,0
0,0.22804943716660533,0,0
1,0.904264227788909,1,1
0,0.4736610886029438,0,1
1,0.8105662584387558,1,1
0,0.1752094509146559,0,0
1,0.7341560349895686,1,1
0,0.7293352102660611,1,1
0,0.8940368646241331,1,1
0,0.2043229072389491,0,0
1,0.5289224116970673,1,1
0,0.18238422213050529,0,0
1,0.7939711793600955,1,1
0,0.20291733179460156,0,0
1,0.6923147440937226,1,1
0,0.04080262841244776,0,0
0,0.13933760175797608,0,0
0,0.13703974347316053,0,0
0,0.32287645430428374,0,0
0,0.3907428597620002,0,0
0,0.05311484447456182,0,0
0,0.3166953800629815,0,0
0,0.5387035715110058,1,1
0,0.525076363584223,1,1
1,0.6465565194845788,1,1
1,0.9319263754263469,1,1
0,0.18100632530177665,0,0
1,0.8871269695444559,1,1
0,0.31977131665949876,0,0
1,0.845018789744434,1,1
0,0.6310855073125906,1,1
0,0.41645602258917613,0,0
1,0.7563508384304582,1,1
0,0.6455326100190114,1,1
0,0.6691976448644139,1,1
1,0.9485605241980738,1,1
1,0.6862281024650566,1,1
1,0.6232316110420837,1,1
0,0.39607293720514614,0,0
0,0.2738251852062705,0,0
0,0.11833168893659009,0,0
0,0.6756544234230909,1,1
1,0.4484047654380993,0,0
0,0.36377643769370516,0,0
0,0.12242711768714055,0,0
1,0.3016314613968552,0,0
0,0.05415710963822786,0,0
0,0.06788621582786208,0,0
1,0.7909997367534992,1,1
0,0.20722628566138857,0,0
0,0.5465307964384751,1,1
0,0.4763740689590916,0,1
0,0.6285380764176633,1,1
0,0.4940172867896947,0,1
0,0.6529408104251322,1,1
1,0.8967499807344151,1,1
1,0.4551742330179722,0,0
0,0.38029239203358817,0,0
0,0.5216078545676004,1,1
1,0.6969405404214952,1,1
0,0.07282967449830856,0,0
0,0.5233741640626272,1,1
1,0.8745936220983896,1,1
0,0.34399226312224557,0,0
1,0.8319705315994297,1,1
0,0.07766573991600312,0,0
0,0.46074983765458427,0,0
0,0.8142892070507405,1,1
1,0.5358588744621684,1,1
0,0.7163221454100106,1,1
0,0.3270228267156031,0,0
0,0.6958176536101275,1,1
0,0.3972630721422413,0,0
0,0.12322336521495639,0,0
1,0.7987236531213032,1,1
1,0.6397873897572264,1,1
0,0.8391286244507454,1,1
0,0.6003298127636576,1,1
1,0.8655599179200266,1,1
0,0.4382764736371589,0,0
1,0.9277198583856566,1,1
0,0.41197371387272363,0,0
0,0.38406063205100854,0,0
1,0.4985175126258383,0,1
1,0.6777204551032824,1,1
1,0.15995539432045536,0,0
1,0.5435664318873665,1,1
1,0.5628199940643044,1,1
1,0.4763272429448819,0,1
0,0.10883648760333374,0,0
1,0.78415747325929,1,1
1,0.5328542725894254,1,1
0,0.8914317220660055,1,1
0,0.23319939888712676,0,0
0,0.13718808672658742,0,0
1,0.13600414659731502,0,0
1,0.7623118026638853,1,1
1,0.7087532589529677,1,1
1,0.7930619955409455,1,1
0,0.505550617673024,1,1
1,0.8752901162544696,1,1
1,0.6332400700076068,1,1
0,0.43619233235569516,0,0
0,0.3892430529858143,0,0
0,0.2565128969161236,0,0
0,0.8267546576732472,1,1
0,0.4322633062166693,0,0
0,0.09230050829998665,0,0
0,0.22076330854744697,0,0
0,0.5757338915959009,1,1
1,0.6601147385051654,1,1
0,0.24565367118619363,0,0
0,0.2212492067681927,0,0
1,0.8125397561216146,1,1
1,0.7563402419185835,1,1
0,0.43827347327287786,0,0
0,0.2945234967131761,0,0
0,0.8233935681591519,1,1
1,0.572118634417208,1,1
0,0.08821312886760578,0,0
0,0.22035377589808505,0,0
1,0.320948566006458,0,0
0,0.7458561907195655,1,1
1,0.8374250257265186,1,1
0,0.4282811257859422,0,0
0,0.5706349652594537,1,1
0,0.8038767163900543,1,1
0,0.4747611905726062,0,1
0,0.259912463051235,0,0
0,0.8083380533685695,1,1
1,0.5411056765203116,1,1
0,0.08703581816383324,0,0
0,0.16685449654470208,0,0
1,0.4480127753855493,0,0
0,0.35056435164659905,0,0
0,0.039488636274220994,0,0
0,0.23720578131677475,0,0
0,0.5055988397936704,1,1
0,0.24050198890616234,0,0
0,0.7225657069803063,1,1
0,0.16084116494467293,0,0
1,0.3611611646959206,0,0
1,0.7714961403166986,1,1
1,0.8444333466007973,1,1
0,0.2897816769300218,0,0
0,0.08615702253350814,0,0
0,0.3274341140998201,0,0
0,0.6070062836161826,1,1
1,0.6995560985758768,1,1
0,0.16450459270008413,0,0
0,0.5861994674791142,1,1
0,0.7961437690397284,1,1
0,0.4787950998980339,0,1
0,0.2110832798007698,0,0
1,0.42582247950727814,0,0
0,0.08167758639500951,0,0
0,0.61827650905121,1,1
0,0.1547600639704091,0,0
1,0.8259091503877241,1,1
1,0.8140455081236376,1,1
0,0.08104249592086359,0,0
1,0.66603870372321,1,1
1,0.48665119477248214,0,1
1,0.8357261346404243,1,1
0,0.5661243713487613,1,1
1,0.8380553918155184,1,1
1,0.6141542087931985,1,1
0,0.36978537432297437,0,0
1,0.3390289167487075,0,0
0,0.10897281597525603,0,0
1,0.8756838355143626,1,1
1,0.7195827015733096,1,1
0,0.08650398104785971,0,0
0,0.3264768398681647,0,0
0,0.6035610335837586,1,1
0,0.7675275299082019,1,1
1,0.5902518935539458,1,1
0,0.23315801957445847,0,0
1,0.860194397889013,1,1
0,0.45584620257299374,0,0
1,0.917081207024423,1,1
0,0.384860308100077,0,0
1,0.6869947246915479,1,1
1,0.8268389821982065,1,1
0,0.18249613131818793,0,0
0,0.4434073516393394,0,0
0,0.34471962790622773,0,0
0,0.09040682905649856,0,0
0,0.29368362882984417,0,0
0,0.8323601372032203,1,1
0,0.35141516474847584,0,0
0,0.33368112111270715,0,0
0,0.5643680919292029,1,1
1,0.6641275511680144,1,1
0,0.6845271836325412,1,1
0,0.471872225999074,0,1
1,0.7052034062579913,1,1
1,0.8241501034526018,1,1
0,0.861524717641278,1,1
0,0.5839262059959412,1,1
1,0.596067640860037,1,1
1,0.8135734639074399,1,1
0,0.6812341362360284,1,1
0,0.6905593914381257,1,1
0,0.1897911425063744,0,0
0,0.45757876883800097,0,0
1,0.4779906943279868,0,1
0,0.44281453258231895,0,0
1,0.6801364844930736,1,1
0,0.14285035774794091,0,0
1,0.7836668987156548,1,1
1,0.13551544560938927,0,0
0,0.1499409931440744,0,0
1,0.8756239128335641,1,1
0,0.5762560554015776,1,1
1,0.6363307867805397,1,1
1,0.8261852060008632,1,1
1,0.5527290991857728,1,1
1,0.9614816746932335,1,1
0,0.14538419487500467,0,0
1,0.8857139086989995,1,1
0,0.11887027453952749,0,0
0,0.7731642258998808,1,1
1,0.7682640187713432,1,1
0,0.07002710915969235,0,0
0,0.09579740543641976,0,0
0,0.7152235911992324,1,1
1,0.7860709963112184,1,1
1,0.7089774408538666,1,1
0,0.8417095478424571,1,1
0,0.20429063368192263,0,0
0,0.7689213140832722,1,1
0,0.7628715748083176,1,1
0,0.23484117506366128,0,0
1,0.8747388767725265,1,1
1,0.7245109134678767,1,1
0,0.3020820452482065,0,0
0,0.08302520882992627,0,0
0,0.6768260538166916,1,1
0,0.480214411368932,0,1
0,0.8032530862072721,1,1
1,0.7992888319912582,1,1
0,0.3681215269059272,0,0
0,0.6208273467863078,1,1
1,0.7889613070548949,1,1
0,0.6727120000788059,1,1
0,0.14760192766631328,0,0
1,0.8707948945473041,1,1
1,0.6316679931153346,1,1
1,0.5748340082381085,1,1
1,0.5796203907764239,1,1
0,0.15038290538306878,0,0
0,0.884333959143487,1,1
0,0.20757995336862506,0,0
0,0.25572112157655025,0,0
0,0.20228399650613624,0,0
1,0.47249737614543574,0,1
0,0.20115142368014724,0,0
0,0.3905665830000134,0,0
1,0.7788865361691303,1,1
0,0.38920050324623723,0,0
0,0.09288066760263984,0,0
1,0.6381576509507102,1,1
0,0.2312457714296328,0,0
0,0.39107513005209155,0,0
0,0.527536739455392,1,1
0,0.7081896041008787,1,1
1,0.3133552085431086,0,0
0,0.19488690925961397,0,0
1,0.8129834527677153,1,1
0,0.14217645393458334,0,0
0,0.6414501979070454,1,1
1,0.747508375923863,1,1
0,0.17967709740077645,0,0
0,0.28244221617450355,0,0
0,0.40472751097241955,0,0
1,0.18459299494151662,0,0
1,0.7786175302902199,1,1
1,0.8430832018456295,1,1
0,0.2955717123834378,0,0
0,0.15755883426470363,0,0
0,0.4776797224802778,0,1
1,0.8638298628528075,1,1
0,0.4105894384144452,0,0
0,0.15511302991310605,0,0
1,0.29638815864125606,0,0
0,0.19920695961509974,0,0
1,0.59853087010082,1,1
0,0.350968888424262,0,0
0,0.04884989196745414,0,0
1,0.7383181182744284,1,1
0,0.7201644760810322,1,1
0,0.10588358190010821,0,0
0,0.05691281544702195,0,0
1,0.52647107485444,1,1
1,0.7548826714607625,1,1
0,0.13928266223656974,0,0
0,0.3642827483849066,0,0
1,0.7270578360049139,1,1
1,0.6622394536798222,1,1
1,0.4881008628979478,0,1
0,0.04732437818446982,0,0
1,0.831708921960261,1,1
1,0.24604010373364196,0,0
1,0.8133212960399671,1,1
0,0.18312758960543535,0,0
1,0.1145640175804396,0,0
0,0.49287028426649065,0,1
0,0.24972687399571228,0,0
0,0.1675734877298247,0,0
1,0.553396197156365,1,1
0,0.48595645081953287,0,1
1,0.2918560415375302,0,0
0,0.5051213069324054,1,1
0,0.5959231847857046,1,1
0,0.10440730209949176,0,0
1,0.4737876300373039,0,1
0,0.3113268511244501,0,0
1,0.6561248769033778,1,1
0,0.4083263616247903,0,0
0,0.4105093370850925,0,0
0,0.721725904556135,1,1
0,0.31175009257116626,0,0
0,0.38243275529672793,0,0
0,0.5614083376593715,1,1
0,0.17189813382015504,0,0
1,0.49197423301640186,0,1
1,0.4415065614709595,0,0
0,0.13493549763544538,0,0
0,0.14994961106939048,0,0
0,0.31775544300348707,0,0
0,0.2660579222329723,0,0
0,0.0974901271191162,0,0
1,0.6737453433919633,1,1
0,0.5143375324299603,1,1
0,0.679028287210122,1,1
0,0.5589848503392949,1,1
1,0.9097055404338407,1,1
0,0.6035105990561644,1,1
0,0.4240689080203496,0,0
1,0.593523473314236,1,1
0,0.6437987658588065,1,1
0,0.5455854941224466,1,1
1,0.8608762079765034,1,1
0,0.3795928872469047,0,0
1,0.7352353142746467,1,1
0,0.1514880125818147,0,0
1,0.8516787389576288,1,1
0,0.27198235482181105,0,0
0,0.5147342309829884,1,1
1,0.7627367134834176,1,1
0,0.5120216320760826,1,1
0,0.803935307032616,1,1
0,0.08965837083926183,0,0
0,0.25172336934503053,0,0
1,0.6871635875671968,1,1
0,0.48095338429382656,0,1
1,0.28662359755422795,0,0
1,0.7645443011483063,1,1
0,0.29545711471307196,0,0
0,0.3686511309758931,0,0
0,0.42985335308874806,0,0
1,0.7183575641096362,1,1
0,0.8011547822066366,1,1
0,0.4810550918347441,0,1
0,0.09634649425901201,0,0
0,0.1345872918365797,0,0
1,0.7367338735992245,1,1
0,0.5527517652052778,1,1
0,0.31968971890346115,0,0
1,0.9540783989357013,1,1
1,0.6074194292939653,1,1
0,0.7804178873036706,1,1
0,0.12270382601017135,0,0
0,0.047390421072206486,0,0
0,0.8692342186168778,1,1
0,0.4945193373852527,0,1
1,0.8923103921264175,1,1
1,0.7933226095408036,1,1
0,0.33830572712465573,0,0
0,0.1834606374597168,0,0
0,0.2518058148738527,0,0
0,0.0984077451497816,0,0
1,0.846058159922258,1,1
0,0.0884682081851145,0,0
0,0.08418967594668005,0,0
1,0.315694772922004,0,0
0,0.2181289284739157,0,0
0,0.14636269158930684,0,0
1,0.3213338709786741,0,0
1,0.8809633339210274,1,1
0,0.2716894577855489,0,0
0,0.6375169949074629,1,1
0,0.2938095526160156,0,0
1,0.8472137690150847,1,1
0,0.4616076327864884,0,0
0,0.2802098584942753,0,0
1,0.6570391794838509,1,1
1,0.7019512371087869,1,1
0,0.30429447040157576,0,0
0,0.5112217522381534,1,1
0,0.13681364209745267,0,0
0,0.08849414643600952,0,0
0,0.16185838691690313,0,0
1,0.5280487942708013,1,1
0,0.4344971418540587,0,0
1,0.9357188264063956,1,1
0,0.25933738545339585,0,0
0,0.89995672583221,1,1
0,0.10263916684657312,0,0
1,0.9325062737642535,1,1
0,0.31059855267218195,0,0
0,0.04823236005291619,0,0
0,0.21758554045279083,0,0
0,0.6288331715147278,1,1
0,0.4394909182227805,0,0
1,0.9066265415114323,1,1
0,0.5273947481642199,1,1
1,0.6042703377902028,1,1
0,0.15021213607370848,0,0
0,0.12850302320564017,0,0
1,0.6660768679453608,1,1
0,0.14330988811174664,0,0
0,0.7449625057112008,1,1
1,0.42838534308808635,0,0
1,0.6262826134282466,1,1
1,0.11261784273379062,0,0
1,0.2515546276694546,0,0
1,0.3477018802989284,0,0
0,0.1983433111111878,0,0
0,0.27794289496552355,0,0
0,0.09000706503907835,0,0
0,0.3515965579152698,0,0
0,0.8694378543559073,1,1
0,0.27824962601802034,0,0
0,0.25021755660022943,0,0
0,0.7771677735404972,1,1
0,0.10191542886309216,0,0
1,0.8882992286525153,1,1
1,0.763733499602447,1,1
0,0.12587754851696456,0,0
0,0.2752316823969477,0,0
1,0.7711513287858479,1,1
1,0.593995105499802,1,1
0,0.24617237326073127,0,0
0,0.06460734624803346,0,0
0,0.44310252578584886,0,0
1,0.7635276985605353,1,1
1,0.8148915091380039,1,1
0,0.5316094716144381,1,1
0,0.44565400753334533,0,0
1,0.6166327658983008,1,1
0,0.1482156133285567,0,0
0,0.2694589445893625,0,0
0,0.18829415253514087,0,0
0,0.1356784378330596,0,0
0,0.752443730435072,1,1
0,0.20472488523303045,0,0
0,0.5183219499546344,1,1
0,0.9334888469735696,1,1
0,0.057782009256230754,0,0
1,0.6764815579399102,1,1
1,0.551781978761205,1,1
1,0.8711580188435464,1,1
0,0.20131681690603132,0,0
1,0.9526611988191797,1,1
1,0.8974970010596289,1,1
0,0.3214266106725623,0,0
0,0.21835387883884932,0,0
0,0.3392761818599191,0,0
0,0.6759023960844731,1,1
0,0.21017585411568793,0,0
0,0.557005316885621,1,1
0,0.40896636961983795,0,0
1,0.1365066407287714,0,0
0,0.5415985884085543,1,1
1,0.5310428720794965,1,1
1,0.8503316251816172,1,1
0,0.05594159468603481,0,0
1,0.5976701587983578,1,1
0,0.2179915632998461,0,0
1,0.6857215033815777,1,1
0,0.5027461532845687,1,1
0,0.23242490390707038,0,0
0,0.1461527136809715,0,0
0,0.29764604477913265,0,0
0,0.08195122298816983,0,0
0,0.39735111513723675,0,0
1,0.1524402172727404,0,0
0,0.17242097895410086,0,0
0,0.31464498079137093,0,0
1,0.9044529891159403,1,1
1,0.6245813883695203,1,1
0,0.5194304402766808,1,1
0,0.5150104892114489,1,1
0,0.302928289765908,0,0
0,0.24326230375640379,0,0
1,0.7189050111471615,1,1
1,0.7038731900803568,1,1
0,0.7283562124417604,1,1
1,0.6502919674083624,1,1
0,0.21793864826658382,0,0
0,0.0677724316622077,0,0
0,0.10596096795506695,0,0
1,0.330010204802327,0,0
0,0.11006295856045199,0,0
1,0.6718391987019118,1,1
1,0.14708371214093532,0,0
0,0.17177842495363205,0,0
1,0.7367705644958694,1,1
1,0.9017864956103175,1,1
1,0.5065819690160439,1,1
0,0.5427831277370482,1,1
0,0.1760868108643264,0,0
0,0.23013177099048512,0,0
0,0.6112611644299993,1,1
1,0.3578620060441399,0,0
1,0.43012595045517954,0,0
1,0.845185761140431,1,1
0,0.4069370947540799,0,0
1,0.7838315262558906,1,1
1,0.11839653782790498,0,0
1,0.8413372383995832,1,1
1,0.6848863887088822,1,1
1,0.5735166858795026,1,1
0,0.4576812775578768,0,0
1,0.4129036235530364,0,0
0,0.5961361917023219,1,1
0,0.6972908445174395,1,1
1,0.7188126236848448,1,1
0,0.8781764594476152,1,1
0,0.18929249920926117,0,0
0,0.19348063161251638,0,0
1,0.7205427437293473,1,1
0,0.1600852012010371,0,0
0,0.5302608683083405,1,1
1,0.7037647072946208,1,1
0,0.6234518450871849,1,1
0,0.8269434952886657,1,1
1,0.4777476598398274,0,1
0,0.08718324465522423,0,0
0,0.7521221594808649,1,1
1,0.8628588077733086,1,1
1,0.34962574551516007,0,0
0,0.44049738598278426,0,0
0,0.20389554012620564,0,0
0,0.1217796373348829,0,0
0,0.5809306372647342,1,1
0,0.22476883774097567,0,0
0,0.7670334234290268,1,1
1,0.4034002852906834,0,0
1,0.9555880246599816,1,1
0,0.23674236731136147,0,0
1,0.4032146930625304,0,0
0,0.8980409809196236,1,1
0,0.1057666781653201,0,0
0,0.7049084259191057,1,1
0,0.08724781791424409,0,0
1,0.7024756053597514,1,1
0,0.37095708869108995,0,0
1,0.8860860820725376,1,1
0,0.518196181770216,1,1
1,0.6946287720187274,1,1
0,0.16688520291578354,0,0
0,0.2222348374593893,0,0
0,0.12680373287282098,0,0
0,0.8638021053392986,1,1
0,0.19782453227882266,0,0
0,0.17195141500168837,0,0
0,0.06767174354662679,0,0
0,0.3977516950024992,0,0
0,0.5783686685627751,1,1
1,0.588400641519413,1,1
0,0.1083545982628483,0,0
1,0.8966229544735396,1,1
1,0.8288861933418449,1,1
1,0.8102446665920221,1,1
0,0.8718951526771623,1,1
1,0.87144530054235,1,1
0,0.7985112291089606,1,1
0,0.1730406950960661,0,0
1,0.8227028657172608,1,1
0,0.28320051241143906,0,0
0,0.16162359316023436,0,0
1,0.566714348035705,1,1
0,0.11696897738550176,0,0
0,0.40196026460478057,0,0
0,0.3442037147616628,0,0
1,0.5257044459691365,1,1
0,0.1612150196334086,0,0
1,0.5152519821471387,1,1
0,0.33228362063927663,0,0
1,0.3941248833796421,0,0
0,0.2737661949628483,0,0
1,0.8502035535218275,1,1
0,0.13167230295647717,0,0
0,0.4029660985768629,0,0
0,0.7819644628390293,1,1
0,0.46080192798097025,0,0
0,0.8749221843718392,1,1
0,0.2827892478189389,0,0
1,0.868023876016196,1,1
0,0.1596801282653634,0,0
1,0.7801290604545584,1,1
0,0.382663968284944,0,0
0,0.19387295341021485,0,0
1,0.7093078649390164,1,1
1,0.7128474602046173,1,1
0,0.34773075466204667,0,0
0,0.09857114924831262,0,0
0,0.09413372486079186,0,0
0,0.2916851889967245,0,0
0,0.18633459853864096,0,0
1,0.9092148289498789,1,1
0,0.35677424904608956,0,0
0,0.37652477922707783,0,0
1,0.7359553194291587,1,1
0,0.09165566684716438,0,0
1,0.7511358903210426,1,1
1,0.804854984905643,1,1
0,0.09261295984791294,0,0
1,0.6190091410420566,1,1
1,0.6354195702061577,1,1
0,0.08329235434691333,0,0
1,0.8340429288525402,1,1
1,0.31177751730206976,0,0
1,0.09831821564874582,0,0
0,0.6992924240450925,1,1
1,0.7793186071495003,1,1
0,0.4794356090113877,0,1
1,0.6394238048124534,1,1
0,0.877233950459893,1,1
0,0.728750173670996,1,1
0,0.8605370670286646,1,1
0,0.6326140879660356,1,1
1,0.8327208224273704,1,1
1,0.8498761037975275,1,1
0,0.08494146018274647,0,0
0,0.4112502315925226,0,0
1,0.8507348334304115,1,1
1,0.8776382885444655,1,1
0,0.15292936114923505,0,0
1,0.32831201312571556,0,0
1,0.5840969803839947,1,1
0,0.48188492389117377,0,1
0,0.20277756742633976,0,0
0,0.4806248585655824,0,1
0,0.09767836650300697,0,0
0,0.6220276191020235,1,1
1,0.6667334704048313,1,1
1,0.7167093945246318,1,1
0,0.0928031889376192,0,0
0,0.2776903754685714,0,0
0,0.4715540911614465,0,1
0,0.1366254855574069,0,0
0,0.7111594822554637,1,1
0,0.12713603357161835,0,0
0,0.10908611663747797,0,0
1,0.8703619972297272,1,1
0,0.5085592243949643,1,1
0,0.7993503908315558,1,1
1,0.7220534471822045,1,1
1,0.6901821902381602,1,1
1,0.37419368569500866,0,0
0,0.5303256967926208,1,1
0,0.2567489808729515,0,0
1,0.7075807673213151,1,1
0,0.30661782831857776,0,0
1,0.48983217529103207,0,1
0,0.7016155114650785,1,1
0,0.6226232427131715,1,1
1,0.373166195933513,0,0
0,0.3433819200549426,0,0
0,0.25655706891574215,0,0
0,0.4456544731962381,0,0
0,0.24274869036233965,0,0
0,0.5111391449516967,1,1
0,0.618730693265323,1,1
1,0.7884545240467887,1,1
0,0.08724781791424409,0,0
1,0.556715282616831,1,1
1,0.8437630192926318,1,1
0,0.41071353699760743,0,0
0,0.7872910632820932,1,1
0,0.2568778120181908,0,0
0,0.7195986131772276,1,1
1,0.928639755120012,1,1
1,0.7127547697899781,1,1
1,0.7701654442410524,1,1
0,0.34881388549473474,0,0
1,0.8978289110762907,1,1
1,0.8293464951051752,1,1
0,0.3528235089686716,0,0
1,0.4525825883751828,0,0
0,0.2894722766992032,0,0
0,0.20442470872530874,0,0
1,0.5943977216725143,1,1
1,0.3588271683569611,0,0
0,0.07157096594460695,0,0
0,0.7268280222377282,1,1
1,0.8144897506946993,1,1
1,0.8487713328572586,1,1
0,0.2351473655028725,0,0
0,0.7988598673783451,1,1
0,0.855906790369894,1,1
1,0.20006573381978573,0,0
0,0.0714156341545589,0,0
0,0.6689151653240873,1,1
0,0.09334348563560742,0,0
0,0.4829542982692368,0,1
0,0.09466407871058571,0,0
1,0.6254201916876015,1,1
1,0.37295588374926986,0,0
0,0.17312665512295383,0,0
0,0.8066595783092754,1,1
0,0.2420186044852294,0,0
0,0.0941130781935567,0,0
1,0.4390354648847747,0,0
1,0.8023305597533643,1,1
0,0.04009241565488829,0,0
0,0.49578804485460587,0,1
0,0.22401647568959682,0,0
1,0.47600099848787264,0,1
1,0.6490436387496472,1,1
0,0.6107078449681861,1,1
0,0.3795896152094295,0,0
1,0.4913430703860076,0,1
0,0.5607630432719999,1,1
0,0.3030148749873258,0,0
0,0.33820029448187366,0,0
1,0.7536251879308593,1,1
0,0.11610522936490118,0,0
0,0.4685014412125615,0,0
1,0.11019492713621303,0,0
0,0.786741231131205,1,1
1,0.525716465862326,1,1
0,0.16493799466271675,0,0
0,0.3460750657228861,0,0
1,0.3761521698818492,0,0
0,0.3687587809935889,0,0
0,0.34383514214792676,0,0
0,0.8336107818317989,1,1
0,0.4928821525322784,0,1
0,0.6616257250820111,1,1
0,0.4488566798680101,0,0
1,0.5797374814685888,1,1
1,0.7689886381002604,1,1
0,0.3024566792366145,0,0
1,0.5296176505415164,1,1
0,0.8152521953927022,1,1
0,0.4388736599758557,0,0
0,0.1306525623308188,0,0
1,0.4125454033345116,0,0
1,0.6585117989731163,1,1
1,0.7981811045818169,1,1
1,0.7917679331402502,1,1
1,0.47572563473822876,0,1
0,0.10965746905617474,0,0
0,0.3234859446246558,0,0
1,0.8625298250754146,1,1
0,0.2577056930211807,0,0
1,0.30038745262333855,0,0
1,0.8102548059209986,1,1
1,0.7890197969744671,1,1
0,0.07193689460301651,0,0
0,0.11565743059379326,0,0
0,0.7643030162831669,1,1
0,0.26764303255169286,0,0
0,0.16239828623222563,0,0
1,0.8273452381645028,1,1
0,0.372223711748817,0,0
1,0.6832947037945342,1,1
0,0.2668635251799044,0,0
1,0.6978390008154575,1,1
0,0.562512499257721,1,1
0,0.11029091491078609,0,0
1,0.849733242725744,1,1
1,0.4150434018341027,0,0
1,0.6016900207989315,1,1
0,0.8116127031715431,1,1
1,0.8498407974785672,1,1
1,0.7161551158065508,1,1
0,0.5367815228310664,1,1
1,0.6151935024932739,1,1
0,0.7922610258570597,1,1
1,0.7889772418968499,1,1
0,0.3696609173267341,0,0
0,0.5733623268552991,1,1
1,0.3671161664861128,0,0
1,0.8829007945585858,1,1
1,0.6247857264086126,1,1
1,0.6175932802129415,1,1
0,0.1451738046213989,0,0
0,0.6427965984499772,1,1
0,0.31353664789333285,0,0
0,0.34636234595877813,0,0
0,0.0980341547864068,0,0
1,0.7949898070505202,1,1
1,0.6732591888279881,1,1
1,0.8616077327795901,1,1
0,0.20007661766427257,0,0
1,0.7092681810511229,1,1
1,0.7977047186823596,1,1
1,0.7058144967096105,1,1
0,0.8552748866617824,1,1
0,0.7808366347527858,1,1
0,0.066265573194853,0,0
0,0.4994490454276611,0,1
1,0.5140651186472093,1,1
1,0.2924670652583565,0,0
0,0.3395491894668092,0,0
0,0.5430123904573032,1,1
1,0.30669716581850226,0,0
1,0.03807126692743233,0,0
0,0.49729855694274416,0,1
0,0.3159720778065393,0,0
0,0.21249800595207496,0,0
1,0.919918311142929,1,1
0,0.3920020945336642,0,0
1,0.6749104281908727,1,1
1,0.6072125302349674,1,1
0,0.25484632149017283,0,0
0,0.5745188747768704,1,1
0,0.479401109422662,0,1
0,0.6240330348817125,1,1
0,0.3834336128492186,0,0
1,0.8072577380601441,1,1
1,0.6920776620119934,1,1
0,0.6555552701217405,1,1
1,0.8473046391175184,1,1
0,0.39242575163553867,0,0
1,0.452655953938231,0,0
0,0.13532395154170068,0,0
1,0.8157311815518622,1,1
1,0.6791571805026768,1,1
0,0.17050849481796382,0,0
1,0.8691704993206644,1,1
0,0.1749418532840102,0,0
1,0.46385834366302486,0,0
1,0.5237895745886803,1,1
0,0.38226160485510835,0,0
1,0.46941527722417997,0,0
1,0.7646035880368871,1,1
0,0.13889893073009787,0,0
0,0.7236738559457325,1,1
0,0.2622987833584055,0,0
1,0.4984905067007474,0,1
1,0.4858794037546582,0,1
0,0.34001775623172953,0,0
0,0.2037574598317158,0,0
1,0.46595906834735284,0,0
0,0.28018513726604305,0,0
0,0.14518679616896643,0,0
1,0.658870739163563,1,1
1,0.7745992010578392,1,1
0,0.3961752219817907,0,0
1,0.6625233163031556,1,1
1,0.6740570021187087,1,1
0,0.21448877067363628,0,0
0,0.24908828162122368,0,0
1,0.7263084270966116,1,1
0,0.1408823665463316,0,0
0,0.2214291317266747,0,0
0,0.7018100214195517,1,1
1,0.8944160314146058,1,1
1,0.24682152308960567,0,0
0,0.24569267978688406,0,0
1,0.7289192904970659,1,1
1,0.857782365006158,1,1
0,0.7412984318634684,1,1
0,0.16444832237782045,0,0
1,0.23331234788013264,0,0
0,0.06603211831365488,0,0
1,0.833909256033772,1,1
0,0.2895421487209305,0,0
0,0.1799061691937802,0,0
1,0.5939732490291714,1,1
0,0.6563200810412826,1,1
0,0.4310279906276291,0,0
0,0.32725004765621923,0,0
0,0.178670996537379,0,0
1,0.14426950471416747,0,0
1,0.47468464585801873,0,1
1,0.5948666801982794,1,1
0,0.5997247722447732,1,1
0,0.6502479605455693,1,1
0,0.6000992278051539,1,1
0,0.17151096330889445,0,0
1,0.8555247244991154,1,1
1,0.7217628840638489,1,1
0,0.2632438412732405,0,0
0,0.11355405624330332,0,0
1,0.7958650962763759,1,1
1,0.6631649292780409,1,1
0,0.2048607176070304,0,0
0,0.5573521302811861,1,1
0,0.5044815814110559,1,1
0,0.6965970221768648,1,1
0,0.06051277820502281,0,0
1,0.8366859596670708,1,1
0,0.13613624097734806,0,0
1,0.16336415400132476,0,0
1,0.5439673212758265,1,1
1,0.8454810032971052,1,1
0,0.2538562523099703,0,0
0,0.38131673744281225,0,0
1,0.8244665177856569,1,1
0,0.15094021634591498,0,0
1,0.10103291475820073,0,0
0,0.06125708497156586,0,0
1,0.5963936541775545,1,1
0,0.20946609636289493,0,0
0,0.5805787196029815,1,1
0,0.18957691676925217,0,0
1,0.7854018142730154,1,1
0,0.29985925055490714,0,0
0,0.6194113330116666,1,1
1,0.3856255893613674,0,0
1,0.4887307291660261,0,1
1,0.42932506155575156,0,0
0,0.24633471291189163,0,0
0,0.36382024700940996,0,0
0,0.04740513065365214,0,0
0,0.2424591244707302,0,0
1,0.5265549497992011,1,1
0,0.501140394289932,1,1
0,0.3347749576516871,0,0
1,0.5994386264688742,1,1
1,0.691239025411633,1,1
0,0.5103468468904538,1,1
0,0.94095381373773,1,1
0,0.45931947880751517,0,0
0,0.09737969029494002,0,0
1,0.8998003586381146,1,1
1,0.7348893982617867,1,1
0,0.2201629490597578,0,0
1,0.7081751433403791,1,1
1,0.9036951631849431,1,1
0,0.529631817278889,1,1
1,0.6595075000775353,1,1
1,0.7346427563458089,1,1
1,0.6830887825002289,1,1
0,0.05005085674582503,0,0
0,0.30281128464936874,0,0
1,0.451726880665243,0,0
1,0.3984593482207771,0,0
1,0.6143709801733844,1,1
0,0.6136318236624967,1,1
0,0.12113489793350046,0,0
0,0.7435968688609786,1,1
0,0.38088831445887983,0,0
1,0.45059759772187635,0,0
0,0.2415344082543501,0,0
1,0.6669867779925661,1,1
0,0.32834060480153093,0,0
1,0.9061043071768524,1,1
1,0.6802372676086397,1,1
0,0.192118318063692,0,0
0,0.11046394006503844,0,0
1,0.7304337935769613,1,1
0,0.3105634539784358,0,0
1,0.6560228738128965,1,1
1,0.410426135184051,0,0
0,0.3804140746708468,0,0
0,0.1008726621596825,0,0
0,0.10807091815334978,0,0
0,0.5196293189710115,1,1
0,0.22618477621788918,0,0
0,0.255036109871275,0,0
0,0.11963835850591281,0,0
1,0.7819497109467103,1,1
0,0.751194178439707,1,1
1,0.849329020380454,1,1
0,0.6031431733465054,1,1
0,0.7071706383320241,1,1
0,0.10716403220905574,0,0
0,0.09021091796360553,0,0
0,0.5162799272852858,1,1
0,0.3063892274423008,0,0
1,0.8399238126147736,1,1
1,0.7661798183530509,1,1
0,0.692158866218089,1,1
0,0.3825858772581918,0,0
0,0.8242210614974356,1,1
0,0.09132843034559508,0,0
0,0.6842927754061577,1,1
0,0.23478709705259668,0,0
1,0.8490018317468317,1,1
1,0.6242874211862878,1,1
1,0.30317386298100985,0,0
0,0.12681835239009617,0,0
0,0.15553930153038287,0,0
0,0.6259358142706245,1,1
0,0.8087420164745411,1,1
0,0.2011114715171195,0,0
0,0.08955576816375582,0,0
1,0.7636763974237067,1,1
0,0.11835193926469692,0,0
0,0.36222580607424243,0,0
0,0.1573479325416855,0,0
0,0.29948748580117046,0,0
0,0.11146137650856268,0,0
0,0.18187678394028456,0,0
0,0.5492511692216263,1,1
0,0.6331234468097352,1,1
1,0.6009078900000623,1,1
0,0.38254477135327547,0,0
0,0.11416676383175674,0,0
1,0.746100961491921,1,1
0,0.47012110029569787,0,1
0,0.27868139247076296,0,0
1,0.583978727319364,1,1
1,0.47183819859823406,0,1
1,0.7995806231180675,1,1
1,0.7544835707800077,1,1
1,0.3830875019361388,0,0
1,0.8704384768598141,1,1
0,0.05271674357077378,0,0
0,0.8735033972375474,1,1
0,0.5883634835892227,1,1
1,0.8657746984141174,1,1
0,0.7151336773871433,1,1
0,0.5311363895198591,1,1
1,0.6074980340492565,1,1
0,0.281257250026088,0,0
0,0.046743869468257274,0,0
0,0.5455211199480692,1,1
1,0.7070645479320296,1,1
1,0.8502073171427103,1,1
0,0.21275323733162274,0,0
0,0.07912056127829752,0,0
1,0.8785124238945515,1,1
0,0.8082787828163457,1,1
0,0.4561924311390434,0,0
0,0.09989123430443171,0,0
1,0.8504148514605607,1,1
0,0.6669489391870784,1,1
0,0.17698374191089317,0,0
0,0.19180751903728863,0,0
0,0.07714507068684927,0,0
0,0.818344248327165,1,1
0,0.4197902453070182,0,0
0,0.39575618268045565,0,0
1,0.7503773953702265,1,1
1,0.3554768718389446,0,0
0,0.08388033404284881,0,0
1,0.536592253745275,1,1
1,0.9143631122075583,1,1
0,0.9017029457488834,1,1
0,0.16269200385790034,0,0
0,0.27717471766085844,0,0
0,0.4379797080081239,0,0
0,0.21826027328539108,0,0
1,0.7945748148805023,1,1
1,0.7244836089469411,1,1
0,0.1504800581273178,0,0
1,0.948080033060906,1,1
0,0.2994922678407146,0,0
0,0.8850962165006538,1,1
0,0.3867714211666085,0,0
1,0.824532194293915,1,1
0,0.16097881615415294,0,0
1,0.8913102018375584,1,1
1,0.7873075937538124,1,1
1,0.6118251807263991,1,1
0,0.6194265679306177,1,1
1,0.7632522442136933,1,1
0,0.4267108607267419,0,0
0,0.8340157455403243,1,1
0,0.3881248522486049,0,0
0,0.21831358844811777,0,0
1,0.6494386206259262,1,1
0,0.0704322329545233,0,0
0,0.25756728985026567,0,0
0,0.5090158573354497,1,1
0,0.5700957017897791,1,1
0,0.20847313866356057,0,0
0,0.4188489914194642,0,0
0,0.8397959976972436,1,1
0,0.23835719877584305,0,0
0,0.26192514519777943,0,0
0,0.5144755601786514,1,1
1,0.8863153209467938,1,1
1,0.8181863605231988,1,1
1,0.5755046391145188,1,1
1,0.9141318419830037,1,1
1,0.8065374371396461,1,1
0,0.5971520104000495,1,1
0,0.34127728263571616,0,0
0,0.2440677344340991,0,0
0,0.7721063411575548,1,1
0,0.08342034700334403,0,0
0,0.4457350557788219,0,0
0,0.2930019609546792,0,0
1,0.8678526425336339,1,1
0,0.3973768775736404,0,0
1,0.8123932258683267,1,1
1,0.16412333679183574,0,0
0,0.16373614999679934,0,0
1,0.6451376639593256,1,1
0,0.31644452904994735,0,0
0,0.13557490015492998,0,0
1,0.6125286259245962,1,1
1,0.49426901262421463,0,1
0,0.254082234043844,0,0
0,0.16043534213317295,0,0
0,0.20826245599103713,0,0
1,0.3262521062160017,0,0
1,0.8323592033518615,1,1
0,0.08222966796078253,0,0
1,0.5628128902284171,1,1
0,0.10203815304224009,0,0
0,0.6637659541657783,1,1
0,0.2557901938606662,0,0
1,0.7377672043572954,1,1
1,0.7689112633068258,1,1
0,0.538778257044127,1,1
0,0.4163518855245056,0,0
0,0.22164326095596992,0,0
1,0.8233339402135926,1,1
0,0.15099970233548066,0,0
1,0.8261173144094324,1,1
0,0.901174735273311,1,1
1,0.7335011062535408,1,1
1,0.18052669937940755,0,0
1,0.9084811595488355,1,1
1,0.9281425530651376,1,1
1,0.8564071546218041,1,1
1,0.4254821314649441,0,0
0,0.2862919718413407,0,0
1,0.3613660375894526,0,0
0,0.8782815513631826,1,1
0,0.12174941374549435,0,0
1,0.8539661365124994,1,1
0,0.6668398466464454,1,1
0,0.7581876145955656,1,1
1,0.9171213938074811,1,1
0,0.38105483209186214,0,0
0,0.21477973880534867,0,0
1,0.6546112430492232,1,1
1,0.887782785480756,1,1
1,0.4713806814238479,0,1
0,0.3351787451337434,0,0
1,0.24136393006744009,0,0
1,0.5722523365910684,1,1
0,0.642274714256396,1,1
0,0.29799399469523613,0,0
0,0.3178266851852203,0,0
1,0.4981807000593101,0,1
0,0.4034844324105306,0,0
0,0.48599493160533397,0,1
0,0.19842345559195457,0,0
0,0.48770208600442644,0,1
0,0.12366626230864956,0,0
0,0.7263611167711719,1,1
1,0.8568708776047791,1,1
1,0.6808030333225794,1,1
1,0.49760239729526196,0,1
0,0.40176963944865246,0,0
1,0.8393506706755038,1,1
0,0.44267254943380113,0,0
0,0.3640802398849067,0,0
1,0.6841977476019697,1,1
0,0.28638856470625107,0,0
0,0.3252397922004129,0,0
0,0.16202697569153998,0,0
0,0.2920137391347047,0,0
0,0.6269842539294376,1,1
1,0.9416206305513576,1,1
0,0.5338719236794207,1,1
1,0.4755179417283646,0,1
0,0.8457387325604224,1,1
0,0.572703400714508,1,1
0,0.8541667872603618,1,1
0,0.7624903238349504,1,1
1,0.6128363506400331,1,1
1,0.6183088227840243,1,1
0,0.23206343138294552,0,0
0,0.19229100394994914,0,0
0,0.4578697708720047,0,0
1,0.27163310715746025,0,0
0,0.21886035056636088,0,0
0,0.40253063759691793,0,0
0,0.6318992909028492,1,1
0,0.1493574401594334,0,0
1,0.6954549326893953,1,1
1,0.5343042419977728,1,1
0,0.06589860519208886,0,0
0,0.3748257176796218,0,0
1,0.6738314179368599,1,1
0,0.39998071366058524,0,0
1,0.9059307033140359,1,1
0,0.170670458220346,0,0
1,0.8721627474113758,1,1
0,0.06892044047105984,0,0
0,0.8326881180656233,1,1
0,0.4187823872805789,0,0
0,0.08127150268122188,0,0
0,0.45576685925281646,0,0
1,0.7926269962356032,1,1
0,0.41602746099583204,0,0
0,0.29331743549551004,0,0
0,0.21261251092603975,0,0
0,0.3954286705744283,0,0
1,0.741159354465123,1,1
1,0.5974631102764529,1,1
0,0.15829445516811108,0,0
0,0.36831295847225476,0,0
0,0.47868821181558385,0,1
0,0.35466050371109453,0,0
1,0.2757911523332159,0,0
0,0.32773534639733964,0,0
0,0.13199388504997708,0,0
0,0.4299470094585054,0,0
0,0.3800401405004158,0,0
1,0.44570044262202624,0,0
1,0.795926456058237,1,1
1,0.4536113236853704,0,0
1,0.8564219108803239,1,1
0,0.5709595555951491,1,1
0,0.1645718189160793,0,0
0,0.8042344584545207,1,1
0,0.261953848871219,0,0
1,0.5579343980652441,1,1
0,0.2835593518982952,0,0
0,0.27965692103281425,0,0
0,0.21517232158840846,0,0
0,0.4165868758048932,0,0
1,0.7938258939577155,1,1
1,0.822417151696094,1,1
1,0.9046247364581201,1,1
0,0.40231639823836424,0,0
0,0.5390433262238935,1,1
1,0.8677838039057688,1,1
1,0.7587551425862903,1,1
0,0.3527104035436304,0,0
0,0.8486833179557499,1,1
1,0.4720759655096691,0,1
0,0.357087748326682,0,0
0,0.37030068422625373,0,0
0,0.5981204860035473,1,1
1,0.7970889626978932,1,1
1,0.5284990575737084,1,1
1,0.950542690752291,1,1
1,0.8248000958101644,1,1
0,0.20283248959932823,0,0
0,0.3418996015633382,0,0
0,0.17228344355609548,0,0
1,0.11832444251406073,0,0
1,0.7225736659994411,1,1
0,0.13359635484746266,0,0
0,0.4787840808461932,0,1
0,0.5725183967489955,1,1
0,0.59199059248245,1,1
1,0.5715951469584756,1,1
0,0.8175425498626239,1,1
0,0.8118394640709552,1,1
1,0.723965759499067,1,1
0,0.613903316280011,1,1
0,0.33614809393390704,0,0
0,0.09354207092415877,0,0
1,0.30916167541012246,0,0
0,0.06447409909275471,0,0
1,0.9059029283910878,1,1
1,0.780624979929825,1,1
0,0.2842201237268346,0,0
0,0.32272031375904525,0,0
0,0.3572005010814096,0,0
0,0.22655648601688874,0,0
0,0.22564403432310431,0,0
1,0.8435237238925833,1,1
1,0.6158277181113618,1,1
1,0.5943321422968584,1,1
0,0.8084169168426492,1,1
0,0.22968887169654165,0,0
1,0.7829393499019838,1,1
1,0.8985441170564172,1,1
0,0.5388228699036152,1,1
0,0.5448622370699282,1,1
0,0.1833293969822202,0,0
1,0.7909003251651321,1,1
0,0.25451987900096423,0,0
0,0.2039343376592465,0,0
0,0.13903995718003978,0,0
0,0.7968216375015071,1,1
0,0.3406109497514522,0,0
1,0.24833730771198007,0,0
1,0.10667544717901732,0,0
0,0.16657389645096382,0,0
1,0.5160987242728448,1,1
1,0.6886780465698021,1,1
0,0.7106345300379844,1,1
0,0.4377876346908002,0,0
0,0.6073200043318607,1,1
1,0.8304947655366921,1,1
0,0.6015220795431886,1,1
0,0.14035619234982402,0,0
1,0.6093198159972656,1,1
1,0.7938711163782526,1,1
0,0.5249030728105246,1,1
0,0.08172766974333201,0,0
0,0.13262784920794424,0,0
0,0.3199643234922656,0,0
0,0.7491881174199293,1,1
1,0.5858994055065957,1,1
0,0.7468760357159361,1,1
0,0.46678612758614424,0,0
0,0.20153281735103834,0,0
0,0.21502897492986378,0,0
0,0.14990138277751092,0,0
0,0.12286265494176783,0,0
0,0.5928608955493169,1,1
1,0.8201955432421899,1,1
1,0.7886159336599173,1,1
0,0.7136546791750339,1,1
0,0.08950746234537227,0,0
0,0.15834941313590048,0,0
0,0.8619341781808387,1,1
1,0.8958722267044319,1,1
1,0.6551791393292488,1,1
0,0.33005840385611124,0,0
1,0.8575423014489196,1,1
0,0.4111661269504064,0,0
1,0.7154831628650158,1,1
1,0.8533432202966218,1,1
0,0.33182732067901083,0,0
0,0.5931339485950012,1,1
1,0.7311228153893095,1,1
0,0.3908645679315243,0,0
1,0.9500642856073779,1,1
0,0.535360258931783,1,1
0,0.42281656260641376,0,0
0,0.5104960412725461,1,1
1,0.6672718894339846,1,1
0,0.4759575316158009,0,1
0,0.1788355899358416,0,0
0,0.6957717385905181,1,1
1,0.8192584603224956,1,1
1,0.917450629843202,1,1
0,0.05232333229041413,0,0
0,0.7666563415068226,1,1
1,0.96019514672921,1,1
0,0.5636925027632208,1,1
0,0.09657306847800885,0,0
0,0.6680805493648155,1,1
0,0.12356789216136348,0,0
0,0.18701631696593585,0,0
0,0.1957145273167764,0,0
0,0.5474476324516822,1,1
0,0.027216075675631075,0,0
0,0.11940445947761666,0,0
0,0.16758240927374596,0,0
1,0.7121992459807138,1,1
0,0.15800804031400142,0,0
0,0.6499867318373748,1,1
0,0.6246114995650442,1,1
0,0.5754828640851195,1,1
1,0.6457963101226732,1,1
0,0.11361592665836504,0,0
0,0.3228782274218535,0,0
1,0.8483928332053021,1,1
0,0.029329610291474646,0,0
0,0.1456633349124556,0,0
1,0.3902534330049693,0,0
0,0.2715160530291931,0,0
0,0.37446656838276143,0,0
1,0.687451988254454,1,1
0,0.22286814067465838,0,0
0,0.16450740880486914,0,0
0,0.5110315376659493,1,1
1,0.5451615423846228,1,1
0,0.1940138134709701,0,0
0,0.16849686214929427,0,0
0,0.37314916265291653,0,0
0,0.08870914690943935,0,0
0,0.4552304116039732,0,0
0,0.34494762787365185,0,0
1,0.33003756513418214,0,0
0,0.22900623708653078,0,0
0,0.3559017660136103,0,0
0,0.6445300007490052,1,1
0,0.35201811953932377,0,0
1,0.8155308697182133,1,1
0,0.5132717206178959,1,1
0,0.20582085972704783,0,0
0,0.06647011455338919,0,0
0,0.38993967725218404,0,0
1,0.9285153989666909,1,1
0,0.9229563542052356,1,1
0,0.48152036957243366,0,1
1,0.41209095022923214,0,0
1,0.9063880265084318,1,1
1,0.6925147495545629,1,1
0,0.5456860850825378,1,1
1,0.31476571293690814,0,0
0,0.14670367226552858,0,0
0,0.34464368618244906,0,0
0,0.37832165472714546,0,0
0,0.07462994988862261,0,0
0,0.24090223433169275,0,0
0,0.31873888864183225,0,0
1,0.30409122163240726,0,0
0,0.3846441275204894,0,0
0,0.40855013130869267,0,0
0,0.3552758020160607,0,0
0,0.3111310512401338,0,0
0,0.7168818974001366,1,1
0,0.3512768431712021,0,0
0,0.2686605857311344,0,0
1,0.6234228129129482,1,1
1,0.8010467606879524,1,1
0,0.533591640245823,1,1
0,0.5785419631232706,1,1
0,0.10037746599804459,0,0
1,0.44709396203177015,0,0
1,0.5059505231143062,1,1
1,0.5784859983025843,1,1
1,0.0780447567397223,0,0
0,0.4947842577401918,0,1
0,0.3038316061961804,0,0
0,0.3928975110213858,0,0
1,0.5819882792908336,1,1
1,0.49485887147811985,0,1
0,0.7206520173543799,1,1
0,0.25504018712473403,0,0
0,0.3599710893770024,0,0
0,0.6091482186625543,1,1
0,0.2832562511588095,0,0
0,0.09120319256828796,0,0
0,0.10756926159484588,0,0
0,0.20726410724453098,0,0
1,0.7055577546329801,1,1
0,0.7669204840113276,1,1
0,0.4497973176303774,0,0
0,0.34669427452284945,0,0
1,0.8746172464487214,1,1
0,0.3545545020849035,0,0
1,0.9024047853740182,1,1
1,0.3826979750186896,0,0
1,0.5741138385523665,1,1
1,0.8854153104297443,1,1
1,0.6933278289332712,1,1
1,0.7935661194663017,1,1
0,0.3042757717011472,0,0
1,0.3287280346786886,0,0
0,0.25588983371652013,0,0
0,0.363904028092617,0,0
0,0.4760320393364419,0,1
0,0.6626802559009741,1,1
0,0.4432845017986359,0,0
1,0.2906953316184226,0,0
0,0.7559059322964805,1,1
0,0.0936900971089781,0,0
1,0.7202864027737833,1,1
0,0.5079549480065326,1,1
0,0.5322521954634333,1,1
0,0.1693874997271969,0,0
0,0.29435131437308837,0,0
1,0.1822222782097326,0,0
0,0.6923462646344812,1,1
1,0.46086370973741725,0,0
0,0.11317422450844507,0,0
1,0.25045504038330646,0,0
0,0.10659223295811646,0,0
1,0.8618378282008208,1,1
0,0.6429780378911111,1,1
0,0.4524452246386906,0,0
0,0.602785461891759,1,1
0,0.3334953661339587,0,0
0,0.39242223556080247,0,0
0,0.33789906709502626,0,0
1,0.8628980572714074,1,1
0,0.22938699315383068,0,0
0,0.24684786624945093,0,0
1,0.8419301573758532,1,1
0,0.42307670049069873,0,0
0,0.2511992199502435,0,0
0,0.87016989112601,1,1
1,0.754142906837328,1,1
1,0.7678144486115883,1,1
1,0.8926902555200672,1,1
1,0.3945484924493738,0,0
0,0.38026964130885066,0,0
0,0.3698750558745652,0,0
0,0.1885004885181624,0,0
1,0.826763285110941,1,1
0,0.7239842185685536,1,1
0,0.3189712739991783,0,0
1,0.573200207298034,1,1
0,0.07727617704117469,0,0
0,0.0623935970295518,0,0
0,0.4907155957158954,0,1
0,0.5360164588924269,1,1
1,0.7069957614714417,1,1
0,0.8411488869708388,1,1
1,0.7914915668534357,1,1
1,0.7480637066492555,1,1
0,0.34340597529847544,0,0
1,0.6593824969331953,1,1
1,0.7471493879237123,1,1
1,0.7677192967806532,1,1
0,0.49170847300342785,0,1
0,0.41358759710456683,0,0
1,0.3295620840169637,0,0
1,0.5696142004426541,1,1
0,0.20612304147321137,0,0
1,0.3869821908527737,0,0
0,0.2169109774227381,0,0
0,0.4354366953390138,0,0
0,0.1918307803888783,0,0
1,0.769108137086216,1,1
0,0.7211146796965493,1,1
0,0.10762839931343159,0,0
1,0.3489306409434162,0,0
1,0.4781657983096568,0,1
0,0.12094789240721306,0,0
0,0.6396092221386759,1,1
0,0.1373645320328364,0,0
0,0.5493676161028715,1,1
0,0.3502438134386307,0,0
0,0.8494930435384896,1,1
0,0.5241568404132038,1,1
0,0.5289816441733,1,1
1,0.6778692964893678,1,1
0,0.6745927726156158,1,1
1,0.9095583146725742,1,1
0,0.12024319797716518,0,0
1,0.144298401963284,0,0
1,0.8065597659874988,1,1
0,0.863270220986428,1,1
1,0.4291837645299363,0,0
0,0.647919484285511,1,1
0,0.1725209151055892,0,0
0,0.4711996825933967,0,1
0,0.4179754357006619,0,0
0,0.40787484513307914,0,0
1,0.6104444152346692,1,1
1,0.6517315842600712,1,1
1,0.2928273922371491,0,0
0,0.7129036972404443,1,1
0,0.08093177444893244,0,0
0,0.3757235489396836,0,0
0,0.16459887509616314,0,0
0,0.09169457704733264,0,0
0,0.23180221544401852,0,0
1,0.7677695389457985,1,1
1,0.8264780730159467,1,1
0,0.46121771489438773,0,0
1,0.42860384244950117,0,0
0,0.4064348793350057,0,0
0,0.6473530262873529,1,1
0,0.1936655899322366,0,0
1,0.4577967102153368,0,0
0,0.6453000853665055,1,1
0,0.16534701349835026,0,0
1,0.48162860184185313,0,1
0,0.29603402765585834,0,0
0,0.1409740195373025,0,0
0,0.3497273025851215,0,0
0,0.5530176799095706,1,1
0,0.6984795085723328,1,1
0,0.41840075806136334,0,0
0,0.41588863147551214,0,0
0,0.13486965900924408,0,0
1,0.8059694023275277,1,1
0,0.1682566855863701,0,0
1,0.4585489362463474,0,0
0,0.07281923422106393,0,0
0,0.23494290075583285,0,0
1,0.9005390904224078,1,1
1,0.8266606901029284,1,1
0,0.24837913016430554,0,0
1,0.7619702222871064,1,1
0,0.3867021249155029,0,0
1,0.8965055422709913,1,1
1,0.7863994015770372,1,1
1,0.8682963644824272,1,1
0,0.7289119305569142,1,1
0,0.13045873968178429,0,0
0,0.8434213908742942,1,1
0,0.4826843931181722,0,1
0,0.46286078578460776,0,0
1,0.5303022206846826,1,1
1,0.4798606826074796,0,1
1,0.5150005714480145,1,1
1,0.780261851489712,1,1
0,0.7495256976205128,1,1
1,0.7524763091000972,1,1
1,0.4003023052713781,0,0
0,0.2379255659379032,0,0
0,0.32755888971325337,0,0
0,0.5934734568279957,1,1
0,0.5706108158128093,1,1
0,0.6361034951992287,1,1
1,0.8963118457157168,1,1
1,0.2923854432410035,0,0
0,0.5639643707043591,1,1
0,0.32840857161492626,0,0
0,0.1097283333823014,0,0
0,0.7793764642072528,1,1
1,0.8669705842849786,1,1
0,0.4554143250772878,0,0
0,0.47188613265325735,0,1
0,0.8767496311721715,1,1
0,0.31812968661868923,0,0
0,0.47637738554348735,0,1
1,0.9460054500931764,1,1
0,0.1259459254421782,0,0
0,0.06641391400564343,0,0
0,0.8434860302485165,1,1
0,0.2717544114326417,0,0
0,0.21356275341853223,0,0
0,0.8230470767375436,1,1
1,0.6972864222228511,1,1
1,0.8606699311062486,1,1
1,0.92273247256942,1,1
1,0.509470305156739,1,1
1,0.7631700945412592,1,1
0,0.3549999125305747,0,0
1,0.6491725711072076,1,1
0,0.03079684142615344,0,0
0,0.8712314025018504,1,1
0,0.07124672644754539,0,0
0,0.6719943940207022,1,1
1,0.8513209082183589,1,1
0,0.17248890197597974,0,0
0,0.3915523965154746,0,0
0,0.23864398312008053,0,0
1,0.5733776046107363,1,1
0,0.2642087110221749,0,0
0,0.2800769152437579,0,0
0,0.09415238994024516,0,0
1,0.23652156078971806,0,0
0,0.5256084780228556,1,1
0,0.07090175401961428,0,0
0,0.5893484951055771,1,1
0,0.43368182732562977,0,0
1,0.7205362852145438,1,1
0,0.27784224888617354,0,0
0,0.23002462573233445,0,0
0,0.0781084931872249,0,0
1,0.06519245937973872,0,0
0,0.8514277147158046,1,1
1,0.14841189611910136,0,0
0,0.26880016252155736,0,0
1,0.3086891672539566,0,0
0,0.21021655722929564,0,0
1,0.5866377090774416,1,1
0,0.13268841886150906,0,0
0,0.24204862410561492,0,0
1,0.5311945593861959,1,1
0,0.36705636211873693,0,0
0,0.15931878065968327,0,0
1,0.5825523551979187,1,1
0,0.3470870652553705,0,0
1,0.6135868642052749,1,1
1,0.6976990448708663,1,1
0,0.49426581945174086,0,1
1,0.8284293110449563,1,1
0,0.2634957119722808,0,0
0,0.2509837939133484,0,0
1,0.8122165247485167,1,1
1,0.6219722361399992,1,1
0,0.5663499705127693,1,1
1,0.7661274824078783,1,1
0,0.555505194254006,1,1
0,0.45288169466034434,0,0
0,0.293812671977181,0,0
1,0.7192802515271379,1,1
1,0.6741647388241487,1,1
0,0.6911116118950742,1,1
0,0.09635204771826514,0,0
0,0.4289208258144136,0,0
0,0.03815486559991601,0,0
0,0.05738738981305135,0,0
1,0.5835478970289456,1,1
1,0.6109662118190033,1,1
0,0.8542299065582297,1,1
0,0.1745218220789338,0,0
1,0.6171338508162348,1,1
1,0.648738631574599,1,1
0,0.27776752949198824,0,0
1,0.6522445910124323,1,1
0,0.11727709553825193,0,0
1,0.36342725594778064,0,0
0,0.28094467628045444,0,0
0,0.5503527046541249,1,1
0,0.3622399848862937,0,0
1,0.7064777746526009,1,1
1,0.5597263235073389,1,1
0,0.3728071354006413,0,0
0,0.6708841821653025,1,1
1,0.43700462969895254,0,0
1,0.13901839173279337,0,0
0,0.1945838406932306,0,0
1,0.7196562546826121,1,1
1,0.30055153000403817,0,0
1,0.7543266390467122,1,1
0,0.6228579498422826,1,1
1,0.6817487315536577,1,1
0,0.0852888158036545,0,0
1,0.4222710034916318,0,0
1,0.7813852630334422,1,1
0,0.8488873120664482,1,1
0,0.7240844392748265,1,1
0,0.08332300044423528,0,0
0,0.77948034551624,1,1
0,0.13384040440990863,0,0
0,0.3503315023434091,0,0
0,0.31497641227309764,0,0
1,0.2864577508918723,0,0
0,0.5710999408920356,1,1
0,0.12372630128058615,0,0
1,0.5123561907098964,1,1
1,0.4268981675541459,0,0
1,0.883079211447253,1,1
0,0.3168755694496768,0,0
0,0.32094230632285975,0,0
0,0.15592450932539986,0,0
1,0.7803684667267422,1,1
0,0.8163783442622988,1,1
0,0.3673082772936697,0,0
0,0.4210365585704165,0,0
0,0.25575947892288475,0,0
0,0.3428507263724004,0,0
0,0.6034108730292721,1,1
0,0.9240335717435603,1,1
0,0.18133481128749523,0,0
1,0.550635531340715,1,1
0,0.1273429964397299,0,0
1,0.7670258759843491,1,1
1,0.7270655250684408,1,1
0,0.19041868532654332,0,0
1,0.7200714621189219,1,1
1,0.9619095123982632,1,1
0,0.5350948608593498,1,1
0,0.6241314477595064,1,1
0,0.6463911477492779,1,1
0,0.6043276911920891,1,1
1,0.7312482813537513,1,1
0,0.46796227348589364,0,0
0,0.03541025633301876,0,0
0,0.33407670110499615,0,0
1,0.7247531854965856,1,1
0,0.18248821357827327,0,0
0,0.2603145991529006,0,0
1,0.3893572309787114,0,0
1,0.5832972131934002,1,1
0,0.423652894103097,0,0
1,0.21410619123830335,0,0
0,0.20910442576088756,0,0
1,0.8047661938817762,1,1
1,0.494727958201716,0,1
0,0.325917200212737,0,0
0,0.3306412693631533,0,0
1,0.5772453878508862,1,1
1,0.6528074699937697,1,1
1,0.8047276310137049,1,1
1,0.7215690580247761,1,1
1,0.9182581022156878,1,1
1,0.5312965656009786,1,1
0,0.13191642848216154,0,0
0,0.10403545705350298,0,0
0,0.6132492900963419,1,1
0,0.6127127942497419,1,1
1,0.20905937482096743,0,0
0,0.20766689771188285,0,0
1,0.7183146916090333,1,1
1,0.6606433564433382,1,1
0,0.2406402128023149,0,0
0,0.13578607506377516,0,0
1,0.3252186295351847,0,0
0,0.3525318380133452,0,0
0,0.4316256317077541,0,0
0,0.31362285356199227,0,0
1,0.7454197340259181,1,1
0,0.692849110872183,1,1
1,0.17385410682397845,0,0
0,0.1017742231631154,0,0
0,0.13750168157888584,0,0
0,0.5853401080189262,1,1
0,0.5057344901307316,1,1
1,0.8181928726931477,1,1
0,0.15010468195505855,0,0
0,0.8918440892473691,1,1
1,0.36050796501699417,0,0
0,0.11697438390307133,0,0
0,0.3189934128823426,0,0
1,0.30738683328551836,0,0
0,0.1452572740342726,0,0
0,0.3004300511392921,0,0
0,0.09385276850277557,0,0
0,0.08736475696593973,0,0
0,0.7498113302356796,1,1
0,0.15055577484367383,0,0
0,0.554449135944738,1,1
1,0.5773917928340825,1,1
1,0.7842442601185304,1,1
1,0.9470424966921379,1,1
0,0.8947830563552948,1,1
1,0.915532897867049,1,1
0,0.2023698799219319,0,0
1,0.8792692235527785,1,1
0,0.36560616467893986,0,0
0,0.06518378530177141,0,0
0,0.6188629783737606,1,1
1,0.8410102407199891,1,1
1,0.7625159174801042,1,1
0,0.7373408153276213,1,1
0,0.6224419215419079,1,1
0,0.8421414633438791,1,1
1,0.5334599363256717,1,1
0,0.4715910319804243,0,1
1,0.798169075963617,1,1
0,0.09213218999591541,0,0
0,0.7118064268964482,1,1
0,0.6689061022397443,1,1
0,0.1621610944054469,0,0
0,0.07047453227359715,0,0
1,0.8381929139174945,1,1
0,0.3137261760670664,0,0
0,0.4973407608049806,0,1
0,0.2564369682455305,0,0
0,0.34142332993208285,0,0
0,0.49990172357920526,0,1
0,0.7784165089436621,1,1
0,0.591039410796638,1,1
1,0.6322316794391881,1,1
0,0.2985606325519728,0,0
0,0.7335781372219564,1,1
1,0.35688227612800877,0,0
0,0.15335750028996106,0,0
0,0.08817786428105163,0,0
1,0.7917966667090044,1,1
0,0.14128377011216503,0,0
1,0.6092217217502366,1,1
1,0.9057971709763787,1,1
0,0.12348539301134402,0,0
0,0.12993411694598161,0,0
0,0.18956408731848104,0,0
0,0.17297606822091802,0,0
0,0.479726715113813,0,1
0,0.1981689086686935,0,0
0,0.3933460256817801,0,0
0,0.26490128670915214,0,0
0,0.22811919610188897,0,0
1,0.3842707732118866,0,0
0,0.16823332212181438,0,0
0,0.4117339063280507,0,0
0,0.13228892195670416,0,0
0,0.7404872548853234,1,1
0,0.40430194848637785,0,0
1,0.8257596547835058,1,1
1,0.6071321124607891,1,1
0,0.18173697703416444,0,0
0,0.1901278392550115,0,0
0,0.3844380628510329,0,0
1,0.760892316642397,1,1
1,0.2086533100840701,0,0
1,0.6306286824462184,1,1
0,0.11996899349009409,0,0
0,0.156257071138259,0,0
0,0.7990739864731464,1,1
0,0.1373337569471076,0,0
0,0.3791320716667611,0,0
0,0.13377009362969933,0,0
0,0.10578756961087712,0,0
1,0.18424783916313206,0,0
0,0.09560693371472276,0,0
1,0.6380189650830732,1,1
0,0.6269396548601894,1,1
1,0.44254892498484827,0,0
0,0.7315925833728973,1,1
0,0.21257754769158957,0,0
0,0.5700102237281395,1,1
0,0.655034888479949,1,1
0,0.8469275834227333,1,1
0,0.10758694605721848,0,0
1,0.5426191744859468,1,1
0,0.7174756268218547,1,1
0,0.5241730098062891,1,1
0,0.27838850447949265,0,0
1,0.10449761540259378,0,0
0,0.5899287319656196,1,1
0,0.3964887879139172,0,0
1,0.604429214067487,1,1
0,0.038007194332041055,0,0
0,0.2603168466598783,0,0
1,0.4236655717201122,0,0
0,0.3403025241814395,0,0
1,0.4311575657142053,0,0
0,0.8477099445722146,1,1
0,0.31034700638848745,0,0
0,0.11306887898609887,0,0
1,0.6362435717828199,1,1
0,0.2492962110273099,0,0
1,0.7933671221777201,1,1
0,0.07901898768210239,0,0
0,0.6742712617778236,1,1
1,0.7373389703392503,1,1
1,0.9312867733031596,1,1
0,0.6277398348726987,1,1
0,0.43395042681176754,0,0
1,0.868532629600108,1,1
1,0.7462500918477024,1,1
0,0.44689137795352524,0,0
1,0.3154123878401245,0,0
0,0.08347307559646516,0,0
0,0.6658891365434937,1,1
0,0.11943267452442495,0,0
1,0.5258200017721247,1,1
0,0.5880993967786629,1,1
1,0.46733742768610687,0,0
0,0.32208085276420534,0,0
0,0.3952712231673624,0,0
1,0.5181538434070565,1,1
1,0.6435382805832304,1,1
0,0.33131689708157525,0,0
0,0.4012125639694593,0,0
1,0.909907630469871,1,1
0,0.06556279157755757,0,0
0,0.36569677505610254,0,0
1,0.8813499826439449,1,1
1,0.20658440704365139,0,0
0,0.3393773405016933,0,0
0,0.2073441833882596,0,0
0,0.5258080132166737,1,1
0,0.22519222241362324,0,0
1,0.5018093231831388,1,1
0,0.47031907978683973,0,1
1,0.602905264034746,1,1
1,0.29958520511412107,0,0
1,0.6696346828000777,1,1
0,0.40249956166320733,0,0
0,0.4829139423209008,0,1
0,0.2498669716761381,0,0
1,0.48314527059900053,0,1
0,0.07032631873587743,0,0
1,0.8385600865929237,1,1
1,0.8475389023571317,1,1
1,0.8680959531597161,1,1
0,0.4065660026264009,0,0
0,0.08543573445753438,0,0
0,0.7521529793136531,1,1
0,0.22565317786754638,0,0
0,0.22818453377082612,0,0
0,0.19415171322771274,0,0
0,0.36272768734006455,0,0
0,0.1730624788404085,0,0
1,0.5583341382057865,1,1
0,0.04099892576347637,0,0
1,0.8610356379605704,1,1
0,0.5410439564960562,1,1
0,0.1561178277676863,0,0
0,0.5751105305874544,1,1
1,0.6831322281333242,1,1
0,0.7174152756026504,1,1
0,0.23136976749673518,0,0
0,0.475697111508389,0,1
0,0.652990709870872,1,1
0,0.7065040456429904,1,1
0,0.11754585872013042,0,0
0,0.9095790381795784,1,1
1,0.6290983135756343,1,1
0,0.1373425429004221,0,0
1,0.7559438742329443,1,1
0,0.32521893768069704,0,0
0,0.20593421409996066,0,0
0,0.16788406579199824,0,0
1,0.8979008773396827,1,1
1,0.7254088303232012,1,1
1,0.8561865221996414,1,1
1,0.243569304517859,0,0
0,0.48688325807242244,0,1
0,0.14946271222311214,0,0
0,0.5238933213736513,1,1
0,0.3625108952649004,0,0
1,0.7004947922759044,1,1
0,0.5824005783749775,1,1
0,0.2653344228014978,0,0
0,0.5001554592243166,1,1
0,0.2985722700052138,0,0
1,0.33124499320030215,0,0
1,0.8534408236092166,1,1
0,0.41200025917534794,0,0
1,0.835696511903383,1,1
0,0.5695906152032073,1,1
0,0.37876224893324384,0,0
1,0.7674014422053079,1,1
1,0.4850585759958559,0,1
1,0.30455190758111833,0,0
1,0.5701686636284357,1,1
0,0.8253736298286414,1,1
1,0.9124367921162085,1,1
0,0.3760367829077769,0,0
0,0.31094200850566156,0,0
1,0.8103785527955973,1,1
1,0.8891879454935345,1,1
1,0.8645571431270892,1,1
0,0.17034739687486508,0,0
0,0.18205251145721185,0,0
1,0.7632956697230303,1,1
1,0.37352831040709567,0,0
0,0.5969976531964615,1,1
0,0.16376390505347807,0,0
0,0.40267851244849034,0,0
1,0.8338891696455993,1,1
0,0.11549508233401863,0,0
0,0.10840670709852213,0,0
0,0.24819131634418248,0,0
1,0.6012558809314121,1,1
1,0.8184211445575296,1,1
1,0.4474882683677329,0,0
1,0.7982782274777621,1,1
0,0.4286458653498047,0,0
0,0.2820719213661278,0,0
1,0.9162568890323284,1,1
0,0.4691516453714151,0,0
0,0.5239576627751648,1,1
1,0.7030419610491146,1,1
1,0.8985682392429265,1,1
1,0.9393613440345123,1,1
1,0.31137059122069183,0,0
0,0.32345451414754023,0,0
0,0.12974027092195864,0,0
1,0.8304599045150738,1,1
0,0.3049936889241116,0,0
0,0.4497833244405766,0,0
0,0.08691661926713454,0,0
1,0.858900919871664,1,1
1,0.6039476481272341,1,1
1,0.5182645002179769,1,1
1,0.9624095353578328,1,1
1,0.2164677204145632,0,0
1,0.8348460567503433,1,1
1,0.4602730409914316,0,0
1,0.5826733385772026,1,1
1,0.8719292559338565,1,1
0,0.8516285805527825,1,1
0,0.42520707648806283,0,0
1,0.6804582355674493,1,1
0,0.17468954322032187,0,0
0,0.1321780606813456,0,0
0,0.5152340120503245,1,1
0,0.5649857740947911,1,1
0,0.3150150436866988,0,0
0,0.40861837972278275,0,0
0,0.40494812091173177,0,0
0,0.7438776054426307,1,1
1,0.8254011866791092,1,1
0,0.21748411638807535,0,0
0,0.1863199377828156,0,0
1,0.14545182599107628,0,0
0,0.32570313356225544,0,0
0,0.19627260076237826,0,0
0,0.27169411560111095,0,0
0,0.3698003567664921,0,0
0,0.4063890404333305,0,0
0,0.6437730503777872,1,1
0,0.13912961294069418,0,0
0,0.06172974675884335,0,0
1,0.8571730216625136,1,1
0,0.05311486869510277,0,0
0,0.4640942533690228,0,0
1,0.8940692431850851,1,1
0,0.5383019003257536,1,1
1,0.8882710724616677,1,1
1,0.8003541622255631,1,1
0,0.17091314375562794,0,0
0,0.08534475377255828,0,0
0,0.5642573572803359,1,1
0,0.15360864414964306,0,0
0,0.1833676436194155,0,0
0,0.721211734777561,1,1
0,0.07777901363819202,0,0
0,0.7349345020648649,1,1
0,0.48381122009323124,0,1
1,0.4484031562067483,0,0
1,0.8955213385258981,1,1
0,0.04725556107836854,0,0
0,0.48311806241110417,0,1
0,0.3717032959709698,0,0
0,0.28525891042076096,0,0
0,0.3444072890593131,0,0
0,0.47532138591907114,0,1
1,0.3476875751496825,0,0
1,0.33648415604844195,0,0
1,0.4583132275798669,0,0
1,0.6804494556918005,1,1
1,0.4793297995961262,0,1
0,0.5668511364333665,1,1
1,0.7040582568545909,1,1
0,0.1273161881941503,0,0
0,0.20447849048314073,0,0
1,0.6982681788752879,1,1
0,0.3027455140675649,0,0
1,0.6664110233665363,1,1
0,0.605559619435777,1,1
0,0.15927759109205977,0,0
0,0.22186728593149962,0,0
1,0.5551023350971095,1,1
1,0.8598327805473033,1,1
1,0.6245251324293688,1,1
0,0.2210150364611904,0,0
0,0.5973824735307034,1,1
1,0.2265994962341845,0,0
1,0.8118481889417011,1,1
0,0.14144103696280869,0,0
0,0.0740499883464933,0,0
0,0.9022035304861421,1,1
1,0.5866890610924731,1,1
0,0.10013193250069471,0,0
0,0.08556583094289895,0,0
0,0.2976253753848508,0,0
0,0.11650483610484898,0,0
0,0.7413208451381479,1,1
0,0.14583930668935588,0,0
1,0.8669191553386366,1,1
0,0.44154637191094076,0,0
1,0.14794377258167205,0,0
1,0.9308897379472539,1,1
1,0.7370765446207934,1,1
0,0.1985708847498554,0,0
0,0.5785389885625933,1,1
0,0.22466937447086888,0,0
0,0.18293237864800393,0,0
0,0.6932027462718763,1,1
0,0.1441326630225812,0,0
1,0.8480389052852829,1,1
0,0.4307354179366318,0,0
1,0.7058946894102911,1,1
1,0.18625595089751282,0,0
1,0.5477505265016375,1,1
0,0.10308080287601157,0,0
0,0.7791853769521626,1,1
0,0.37592813920716384,0,0
1,0.687069617859101,1,1
1,0.27112028397851684,0,0
1,0.24177411437454185,0,0
0,0.5714451679464477,1,1
1,0.6656398466795346,1,1
1,0.7476194422754737,1,1
0,0.5429679282706191,1,1
1,0.8067664003503552,1,1
1,0.6629812879020549,1,1
1,0.3321235840433069,0,0
0,0.3556068973258146,0,0
1,0.7694644349577716,1,1
0,0.46133661505305645,0,0
0,0.1931370330333272,0,0
1,0.7536329933382185,1,1
0,0.8844639378868662,1,1
0,0.09302061952901239,0,0
0,0.18433742892775515,0,0
1,0.863217391707452,1,1
0,0.2652168913038482,0,0
1,0.8825158767074094,1,1
0,0.2644105946909552,0,0
0,0.2514775393164811,0,0
1,0.43973323207029813,0,0
0,0.2531285046830332,0,0
0,0.07819488401701301,0,0
0,0.6773311142874534,1,1
1,0.8348080624859483,1,1
1,0.1705721907667889,0,0
1,0.16009056132516244,0,0
1,0.5060786900380736,1,1
0,0.1638182166519361,0,0
0,0.3382127041329704,0,0
1,0.8770347133466243,1,1
0,0.3123577531284347,0,0
0,0.1417422736290062,0,0
0,0.08643987645001461,0,0
0,0.08251181426824483,0,0
1,0.7270500991131936,1,1
1,0.9075067568962841,1,1
0,0.10664387283898193,0,0
0,0.19366694478770605,0,0
0,0.5484089011129586,1,1
0,0.11370879464093464,0,0
0,0.20313142209202062,0,0
0,0.6919453708481982,1,1
1,0.24858791381345044,0,0
0,0.2316268177072724,0,0
0,0.09011330357726408,0,0
0,0.08842564156056726,0,0
0,0.09961041411666782,0,0
0,0.08579447934594601,0,0
1,0.9216177010643521,1,1
1,0.7994234383504993,1,1
0,0.5764902442177922,1,1
0,0.48219271052542195,0,1
0,0.8455290441904538,1,1
0,0.28689786582925564,0,0
1,0.32818759860690616,0,0
0,0.34501882347915414,0,0
0,0.14178102482258323,0,0
0,0.49566597706665083,0,1
0,0.2886246531514382,0,0
0,0.33262620130661924,0,0
0,0.06162712935655418,0,0
0,0.4560353991453488,0,0
1,0.43194498321080105,0,0
1,0.6210382736653024,1,1
1,0.8835789957190989,1,1
0,0.3338323415628976,0,0
1,0.45666545726117963,0,0
1,0.7368876983726144,1,1
0,0.16806649427205522,0,0
0,0.18245554491318886,0,0
0,0.8949257383321715,1,1
0,0.42255527635536644,0,0
1,0.8989253023318434,1,1
0,0.2127091293732704,0,0
1,0.808718963551394,1,1
0,0.13744312554351001,0,0
0,0.5071638777494678,1,1
0,0.1200525393322157,0,0
0,0.8472498973201983,1,1
0,0.7756655552531492,1,1
0,0.16570480278408328,0,0
1,0.9538315601116646,1,1
0,0.7778087609158099,1,1
0,0.1072080163797198,0,0
0,0.7384134049623513,1,1
0,0.3770437890506601,0,0
1,0.33744702897754414,0,0
0,0.09812192353643218,0,0
0,0.2282053823672635,0,0
0,0.6098018546156915,1,1
0,0.038558023868752796,0,0
1,0.6849776006241968,1,1
0,0.6819907479608466,1,1
0,0.47260966129404414,0,1
0,0.17662694983506075,0,0
0,0.29976111884005807,0,0
1,0.8555574707652521,1,1
0,0.11243825142956426,0,0
1,0.6532242989233127,1,1
0,0.23005727455730188,0,0
0,0.2856636215329662,0,0
0,0.33028730217758845,0,0
1,0.9352978447279803,1,1
1,0.20314348634365884,0,0
0,0.8317990155985415,1,1
1,0.8195112606293756,1,1
0,0.5686320310622082,1,1
0,0.56024126699493,1,1
0,0.45817847848727367,0,0
0,0.16484494594841687,0,0
0,0.36451909555993856,0,0
1,0.4034539282893063,0,0
0,0.25388394973697664,0,0
0,0.6778654640162082,1,1
1,0.5425123921341495,1,1
1,0.6009881806396468,1,1
1,0.6360453040362106,1,1
0,0.9186123976333247,1,1
0,0.7211891248734336,1,1
0,0.09023427619794466,0,0
1,0.766886541423807,1,1
0,0.8837622296248179,1,1
0,0.7106787083700589,1,1
0,0.793870023296573,1,1
0,0.42786278703318353,0,0
0,0.17405055787393148,0,0
1,0.7547518533933438,1,1
0,0.6664456227776683,1,1
0,0.32149120296874634,0,0
0,0.20291920218228174,0,0
0,0.342690495959501,0,0
0,0.6034868404696762,1,1
0,0.18709007911145653,0,0
1,0.6447363835356312,1,1
0,0.25163262508199224,0,0
0,0.4057686409297225,0,0
0,0.06378258520223809,0,0
1,0.7733367111369002,1,1
0,0.4619120105570404,0,0
0,0.6054630463309291,1,1
1,0.4307830908415574,0,0
0,0.7199829218634927,1,1
0,0.1701842400599531,0,0
0,0.14473759355269053,0,0
0,0.37917380380370225,0,0
0,0.05472807553702677,0,0
0,0.17611342928669124,0,0
0,0.18478594603790865,0,0
1,0.851557887780866,1,1
0,0.22668676211884622,0,0
0,0.4624770607797932,0,0
1,0.297013249047388,0,0
0,0.13568135259895506,0,0
1,0.7580677573713951,1,1
0,0.332900011187478,0,0
1,0.5496103672775964,1,1
1,0.35722376467755906,0,0
0,0.8556110038687129,1,1
0,0.45154592410474736,0,0
0,0.2068331775024485,0,0
0,0.6756095625259063,1,1
0,0.18923677506579423,0,0
0,0.35319358748416896,0,0
0,0.644238035155118,1,1
0,0.31946520928687644,0,0
1,0.9316278796735348,1,1
1,0.5394832786526041,1,1
1,0.829570473446315,1,1
1,0.7710758006091165,1,1
0,0.25538118639836105,0,0
1,0.799453049129636,1,1
0,0.46538194876020633,0,0
0,0.2908267394813329,0,0
1,0.9277679130954198,1,1
0,0.47945557944816186,0,1
0,0.16548611905646443,0,0
1,0.865221154670625,1,1
0,0.39575033481088684,0,0
1,0.8500301920694161,1,1
0,0.10016585645327858,0,0
1,0.7341930160850445,1,1
1,0.7104806641638605,1,1
0,0.13030340666432075,0,0
1,0.7290481852475067,1,1
0,0.38505209296678017,0,0
1,0.7276773936868681,1,1
1,0.6707002883685657,1,1
0,0.10189298551541273,0,0
1,0.7082534913180512,1,1
1,0.6872979773771691,1,1
0,0.40774713383925815,0,0
1,0.8485617321315987,1,1
1,0.3131598492179076,0,0
0,0.1535860329470593,0,0
0,0.16408732907670856,0,0
0,0.7213926627101943,1,1
1,0.5790818403014182,1,1
0,0.3017486435637147,0,0
0,0.751538003721502,1,1
0,0.5005202665722238,1,1
0,0.8002603832177626,1,1
0,0.09049432068287232,0,0
1,0.16544746067444766,0,0
0,0.19446343500178567,0,0
0,0.5536978762279179,1,1
1,0.7976657627357485,1,1
0,0.323070664109735,0,0
0,0.5652689677999162,1,1
0,0.4330453172035372,0,0
1,0.8686222054868374,1,1
1,0.8791370830625213,1,1
1,0.2838228626198384,0,0
0,0.26431458161984195,0,0
0,0.13043753831751473,0,0
1,0.886506490113729,1,1
0,0.5799858961188026,1,1
0,0.3527229178861542,0,0
1,0.6793803209666391,1,1
1,0.8445618797072826,1,1
1,0.5860644493585212,1,1
0,0.19549708543794872,0,0
1,0.7100402771221527,1,1
0,0.5301817238163788,1,1
0,0.1766825905324828,0,0
0,0.14444368083655187,0,0
1,0.635836529751696,1,1
1,0.841058887561994,1,1
1,0.8568688730457795,1,1
0,0.6824447226962409,1,1
0,0.2808825134975221,0,0
0,0.24635523706418416,0,0
0,0.47693122316184045,0,1
0,0.7338476262869655,1,1
1,0.6220004852467409,1,1
1,0.5110703538985374,1,1
0,0.09745777532683346,0,0
1,0.9048426177850003,1,1
0,0.595422341008806,1,1
1,0.878937805864438,1,1
0,0.17014134222889482,0,0
0,0.60304291598376,1,1
1,0.527503105380019,1,1
0,0.7219157937797478,1,1
0,0.3587133519601661,0,0
0,0.2581157916283373,0,0
0,0.44857762295371423,0,0
0,0.42408373684351,0,0
0,0.4285319687406023,0,0
0,0.11745229448385082,0,0
1,0.24508607983147795,0,0
0,0.16927336551498198,0,0
0,0.181893977580372,0,0
0,0.25949700520846625,0,0
0,0.40400590117801993,0,0
1,0.6174226782778364,1,1
0,0.19068933761792026,0,0
1,0.8569216009413618,1,1
0,0.5483082587314984,1,1
1,0.5245024172687248,1,1
0,0.20807630118517167,0,0
0,0.21087000259424132,0,0
0,0.6071038442071202,1,1
0,0.6020577213912348,1,1
1,0.8922498876947023,1,1
1,0.6020194272354138,1,1
0,0.6245442342569135,1,1
0,0.24068363832286988,0,0
0,0.2469649786485848,0,0
1,0.7107358440728818,1,1
1,0.48471218382625575,0,1
0,0.1634088741175378,0,0
0,0.5316944747321636,1,1
0,0.31606409364872495,0,0
1,0.7063941449502528,1,1
0,0.27717863843888885,0,0
1,0.6125956268108279,1,1
1,0.7664849489648504,1,1
0,0.8343853420687567,1,1
1,0.4584657168296373,0,0
0,0.20735101833303818,0,0
0,0.52825100868611,1,1
0,0.11760155544693134,0,0
0,0.20213842392631443,0,0
1,0.6747339357499901,1,1
0,0.4695008799595932,0,0
1,0.35838921103497573,0,0
0,0.6459985328917301,1,1
0,0.0681091100324489,0,0
0,0.750049342194579,1,1
0,0.17541346283889878,0,0
0,0.25918163508808806,0,0
0,0.29849773046658,0,0
0,0.2909245284749999,0,0
0,0.19791417593020727,0,0
0,0.5840731187525738,1,1
1,0.9063002772540434,1,1
0,0.3530377954496182,0,0
0,0.17239666818565524,0,0
0,0.09683814434418975,0,0
1,0.8623093008898499,1,1
1,0.6613798004952983,1,1
0,0.6059026462777554,1,1
1,0.850684676768774,1,1
0,0.39332165733289426,0,0
1,0.8599303273315129,1,1
1,0.6340013357155218,1,1
1,0.6211412439487578,1,1
0,0.28853015963934375,0,0
0,0.03427286012071295,0,0
0,0.1943310054920502,0,0
0,0.1787717677644892,0,0
0,0.08393182659972451,0,0
0,0.30642424312176675,0,0
0,0.09177267169400659,0,0
1,0.20395698741219556,0,0
0,0.17619001112185653,0,0
1,0.6308019013782,1,1
0,0.09243967632813348,0,0
0,0.7955416231262814,1,1
0,0.04703024361940318,0,0
1,0.902748994396059,1,1
1,0.823667725464825,1,1
0,0.906762319452843,1,1
1,0.4956643494584479,0,1
1,0.4176192836005526,0,0
0,0.30749527216301115,0,0
0,0.8770156260421713,1,1
1,0.6481552566979358,1,1
0,0.12722029521358325,0,0
0,0.08797245947549222,0,0
0,0.6738398113090606,1,1
0,0.5585268601897012,1,1
0,0.47255056043755095,0,1
0,0.23712386353695308,0,0
1,0.7693376284269321,1,1
0,0.6159434808815006,1,1
0,0.5540143500191669,1,1
0,0.2518384611958503,0,0
0,0.6439473770243854,1,1
0,0.17184919622918168,0,0
1,0.5811555044520166,1,1
0,0.8480181165389538,1,1
1,0.9117513940586319,1,1
0,0.10972020569143716,0,0
0,0.4499952992754406,0,0
0,0.14677803809185822,0,0
1,0.6333932811189077,1,1
0,0.5958547434140712,1,1
0,0.25892092458108024,0,0
1,0.6423502883860288,1,1
0,0.2435298682969721,0,0
0,0.3082148295741983,0,0
0,0.22236252010544993,0,0
1,0.4975830210266471,0,1
1,0.7833640958499287,1,1
1,0.5916992230526824,1,1
0,0.4273751156334107,0,0
0,0.47137958438200334,0,1
0,0.48670693065780085,0,1
0,0.36156965027546756,0,0
1,0.22660166961967812,0,0
0,0.11769094722510089,0,0
0,0.18854441081135884,0,0
0,0.8103146086116793,1,1
1,0.6123245526556373,1,1
0,0.2800055266284715,0,0
1,0.7109812773134663,1,1
1,0.38093385660168505,0,0
0,0.22883823613225907,0,0
0,0.5549029608760987,1,1
1,0.6617412289572012,1,1
0,0.6019326349277049,1,1
1,0.5078692479523295,1,1
0,0.16588237154138788,0,0
1,0.6070903457029638,1,1
1,0.6270644844218881,1,1
1,0.6940069553752665,1,1
0,0.6568645298272971,1,1
0,0.16610644579410325,0,0
0,0.8350668810744392,1,1
1,0.6459682119512429,1,1
0,0.7728684593117604,1,1
1,0.8778741912828193,1,1
0,0.47643625381771476,0,1
0,0.14258795724145046,0,0
0,0.20094929692895733,0,0
0,0.0879697184347655,0,0
1,0.875830452728104,1,1
1,0.6925032964582553,1,1
0,0.3782219458952647,0,0
0,0.4618752653049395,0,0
1,0.7531523989247602,1,1
0,0.28366272696625283,0,0
0,0.5005889337403346,1,1
0,0.08615527004419418,0,0
1,0.5593871089316421,1,1
1,0.48553569365235005,0,1
0,0.3542572376734612,0,0
0,0.2852997041967325,0,0
0,0.4545927198082927,0,0
0,0.767052724029251,1,1
1,0.765947673602024,1,1
0,0.25719829483861073,0,0
0,0.17777178056288506,0,0
0,0.483376979467816,0,1
1,0.8179480682802315,1,1
1,0.5504416562866238,1,1
1,0.8162202924749925,1,1
1,0.8429273268185888,1,1
0,0.19584629299889544,0,0
1,0.6476909668781352,1,1
0,0.450600722317475,0,0
0,0.8999267422052202,1,1
0,0.6962094440857264,1,1
1,0.748132743065783,1,1
0,0.19171816319648624,0,0
0,0.14264723641721763,0,0
0,0.25478547686779435,0,0
0,0.40652181111907343,0,0
0,0.10249739054854598,0,0
1,0.8448423596603508,1,1
1,0.9227141207065813,1,1
0,0.3203268432132531,0,0
0,0.3420055829733242,0,0
1,0.5544557649731541,1,1
1,0.9248600853645949,1,1
0,0.3727790058694621,0,0
0,0.30956727269373785,0,0
1,0.6747807206385505,1,1
0,0.611602048387084,1,1
0,0.2547072441082391,0,0
1,0.2965701578818233,0,0
1,0.6196169188219554,1,1
0,0.20312015056375746,0,0
0,0.5427509975698955,1,1
1,0.9452634869761755,1,1
0,0.4706175052724804,0,1
0,0.38965821720513155,0,0
1,0.6783642937787033,1,1
0,0.23409740334394052,0,0
0,0.34969600813384133,0,0
0,0.639343709901712,1,1
1,0.7446342182434044,1,1
0,0.715927897206693,1,1
0,0.2989238803332067,0,0
0,0.6799233107491679,1,1
1,0.7536410254467758,1,1
1,0.5517366905118668,1,1
0,0.31783095133323724,0,0
1,0.7803526147479765,1,1
0,0.65540103946152,1,1
0,0.16121965371011052,0,0
0,0.20626176660717102,0,0
0,0.6487989863584991,1,1
1,0.2769259133769888,0,0
0,0.5293532773012154,1,1
1,0.17708648157724766,0,0
1,0.8856458407825738,1,1
0,0.32647033076078324,0,0
1,0.7098374794094255,1,1
1,0.35453094872286356,0,0
1,0.713170829348186,1,1
0,0.4397051019937696,0,0
1,0.2383780273959661,0,0
1,0.8008722913292723,1,1
1,0.16837453855392787,0,0
1,0.7011989503548711,1,1
1,0.7593216275728897,1,1
1,0.532232006834386,1,1
1,0.9362261363742375,1,1
0,0.06882834344542169,0,0
1,0.4002151925308743,0,0
0,0.18088695519546275,0,0
0,0.7929496671654488,1,1
1,0.4123104019152171,0,0
0,0.9177128610661447,1,1
0,0.17152878955234782,0,0
0,0.0764201825683348,0,0
0,0.14501209406372537,0,0
1,0.6736343665391471,1,1
0,0.25999497962686163,0,0
0,0.7885812222306419,1,1
1,0.6259033872638338,1,1
1,0.7062534580021149,1,1
1,0.3071510664765198,0,0
0,0.8944128843172056,1,1
0,0.5696754625612105,1,1
1,0.3975478557337488,0,0
0,0.3679722936199786,0,0
0,0.1170201886447644,0,0
0,0.10750664710202248,0,0
1,0.7780035509316412,1,1
0,0.2433981830212795,0,0
0,0.09878614833588652,0,0
0,0.40949999982627544,0,0
0,0.30492886152577875,0,0
1,0.7611958812358182,1,1
0,0.31257359393403067,0,0
1,0.4313176069802613,0,0
0,0.46357375543470186,0,0
1,0.9112221940633195,1,1
1,0.6790975501084064,1,1
1,0.7657804467039704,1,1
0,0.14396286844566722,0,0
0,0.44497112648062526,0,0
0,0.3285555869813992,0,0
1,0.32206311182671415,0,0
0,0.196239387228846,0,0
0,0.2568502218096706,0,0
0,0.23568062621534117,0,0
0,0.17968312214062826,0,0
0,0.06453642113299327,0,0
1,0.9089811426533381,1,1
1,0.8518302693099408,1,1
0,0.369255366941268,0,0
1,0.5427834730456168,1,1
0,0.5763573263374526,1,1
1,0.909146696726601,1,1
1,0.19544576133550398,0,0
0,0.6502627274617708,1,1
0,0.20309963262026892,0,0
1,0.6633529620012053,1,1
0,0.27780599350422874,0,0
0,0.15472314564654796,0,0
1,0.8688996890206035,1,1
0,0.5396528217046563,1,1
1,0.6334780373104996,1,1
0,0.18321651394343022,0,0
1,0.544811253192662,1,1
0,0.2780580866155565,0,0
1,0.9115760346940213,1,1
0,0.3114673808747792,0,0
0,0.2577906918724076,0,0
0,0.47402781022266033,0,1
1,0.7141158633022413,1,1
0,0.5468539659937535,1,1
0,0.7703533204239773,1,1
0,0.5883050793039769,1,1
1,0.5124332952624945,1,1
1,0.5557642083096338,1,1
0,0.631965409382211,1,1
0,0.7991581200719405,1,1
0,0.15534877446634404,0,0
1,0.850716922975002,1,1
0,0.6277407665642851,1,1
1,0.13979380614682532,0,0
0,0.2473601468060597,0,0
0,0.6597568271024465,1,1
0,0.44149684754683477,0,0
1,0.8513922740422015,1,1
0,0.1084026646988727,0,0
1,0.6392542561605864,1,1
0,0.8004225266383121,1,1
1,0.5656462121808593,1,1
1,0.9301939300021143,1,1
0,0.10483871376912299,0,0
0,0.09691078104868979,0,0
1,0.8924360788558034,1,1
1,0.24945662881300448,0,0
0,0.4345360165605907,0,0
0,0.046695310345362576,0,0
0,0.46791780177781755,0,0
0,0.10792615115139009,0,0
0,0.6193936324967158,1,1
0,0.3926463716673218,0,0
0,0.33156794458915834,0,0
0,0.14185616893014105,0,0
0,0.5813717775120961,1,1
0,0.5260597299501127,1,1
0,0.5568620939116488,1,1
1,0.9216213474733046,1,1
1,0.9126606203973314,1,1
0,0.3408658484103843,0,0
0,0.15300926824650643,0,0
1,0.5946122761789602,1,1
0,0.45171856665566934,0,0
1,0.2614682196502734,0,0
0,0.03695973698235466,0,0
1,0.3019693471541838,0,0
0,0.09127731040087292,0,0
0,0.10216559958830274,0,0
0,0.25741073876491566,0,0
1,0.7749239574579055,1,1
1,0.4942325368810875,0,1
0,0.4423550376175881,0,0
0,0.36117421684091416,0,0
1,0.7998975089667556,1,1
0,0.9300447150736515,1,1
0,0.39357700358460934,0,0
0,0.5568096211270641,1,1
0,0.10968633259967486,0,0
0,0.598220219868865,1,1
0,0.10275643301804743,0,0
0,0.6885292941197761,1,1
0,0.6234503187504652,1,1
0,0.5691098286472459,1,1
0,0.21325265373822733,0,0
0,0.3849950500931301,0,0
0,0.5098043548407099,1,1
1,0.7514411377048416,1,1
1,0.5694975757158541,1,1
1,0.7567601269270621,1,1
1,0.5433332422473215,1,1
0,0.2646914126799003,0,0
0,0.17240519795117237,0,0
1,0.39325765961011905,0,0
0,0.55867532572874,1,1
1,0.47529725403659273,0,1
1,0.3419530381580687,0,0
0,0.09253438562065602,0,0
1,0.6982162390928085,1,1
0,0.1001388632803965,0,0
0,0.30599535245752146,0,0
1,0.5457838146846796,1,1
0,0.19692374852263436,0,0
0,0.23536261403865955,0,0
0,0.3969622343504626,0,0
0,0.23165809270967572,0,0
1,0.6125249921262211,1,1
1,0.8780411729861617,1,1
0,0.47340248594487855,0,1
0,0.519420154086642,1,1
0,0.3216009618748599,0,0
1,0.7781829725035103,1,1
0,0.513854738464596,1,1
1,0.5864133570701758,1,1
0,0.708410489459689,1,1
1,0.7321524910765529,1,1
1,0.9247069351376523,1,1
0,0.15393976524214506,0,0
1,0.8461188650110756,1,1
0,0.29384663682112194,0,0
0,0.42762700521982827,0,0
1,0.3087803241405584,0,0
0,0.7635395617773952,1,1
0,0.10408506213185247,0,0
0,0.40524547492951396,0,0
1,0.5486613692761803,1,1
0,0.2567874311508558,0,0
0,0.5812403088267443,1,1
0,0.5036737633049645,1,1
0,0.6526972375057906,1,1
0,0.17405105904731022,0,0
0,0.5083914172381742,1,1
0,0.4803836960235976,0,1
0,0.20411053868447657,0,0
0,0.549172827620474,1,1
0,0.2176149762306602,0,0
1,0.7798826404534356,1,1
1,0.4451976831556449,0,0
0,0.8353018132549801,1,1
1,0.8172545767485596,1,1
1,0.18069671979199772,0,0
0,0.12880368096914835,0,0
1,0.8160577013193253,1,1
0,0.23787410865929232,0,0
0,0.5568131639876215,1,1
1,0.15179996151574995,0,0
0,0.8649151486849668,1,1
0,0.5087199449990908,1,1
1,0.4330204274384218,0,0
1,0.7947636863213137,1,1
0,0.25434716140088903,0,0
1,0.9399015422683573,1,1
1,0.6257317814116069,1,1
1,0.241776280558625,0,0
0,0.20437125416646,0,0
1,0.5473939153984275,1,1
0,0.2609846390477285,0,0
0,0.3374413113516116,0,0
1,0.8180040194575778,1,1
0,0.5778790060150044,1,1
1,0.8906086610226692,1,1
1,0.8106429044893912,1,1
1,0.579427021432828,1,1
1,0.4266817493301758,0,0
0,0.597012118756735,1,1
0,0.48919897378415306,0,1
0,0.1846011225733086,0,0
0,0.47775427876976906,0,1
1,0.7007735466377351,1,1
1,0.8222800619537767,1,1
0,0.08144956910284959,0,0
1,0.3819764581657884,0,0
0,0.2024510022859431,0,0
1,0.8567173397011868,1,1
0,0.22291342768003197,0,0
0,0.33412778652275726,0,0
0,0.08648038661779024,0,0
1,0.3922255732396,0,0
0,0.25072876890753376,0,0
1,0.9124049789649671,1,1
0,0.051652491168649395,0,0
1,0.8694803032081933,1,1
0,0.5727720575232783,1,1
1,0.8781531389335377,1,1
0,0.8094905254424909,1,1
0,0.16292355530564803,0,0
1,0.3103957927088001,0,0
1,0.8685178986986576,1,1
1,0.7935643834664845,1,1
1,0.5826771384851772,1,1
0,0.6028960899332156,1,1
1,0.3696564876663399,0,0
0,0.6534294568940882,1,1
0,0.4053388611005118,0,0
1,0.835814553575367,1,1
1,0.6640627485290422,1,1
0,0.2616444961272837,0,0
0,0.3611634099449029,0,0
0,0.061527105526599284,0,0
1,0.5013714074103163,1,1
0,0.6096489194398036,1,1
0,0.15043457908525282,0,0
0,0.4530335249045204,0,0
0,0.6285079973176226,1,1
0,0.1006235976137661,0,0
1,0.8502684812550395,1,1
0,0.21468484174341565,0,0
0,0.717233183450006,1,1
0,0.05119534386065116,0,0
0,0.19237611206241656,0,0
1,0.6226353393323687,1,1
0,0.39372612143280106,0,0
1,0.6746368801916947,1,1
0,0.5886451637880512,1,1
0,0.1862077515344068,0,0
0,0.33241922947235775,0,0
1,0.8479923337578862,1,1
0,0.24035953842383034,0,0
0,0.5749366959883181,1,1
0,0.11829842094311985,0,0
1,0.705082878527105,1,1
0,0.12844421907944134,0,0
1,0.5019076634455182,1,1
0,0.3865701988162657,0,0
1,0.7913081063616951,1,1
0,0.4116158774591752,0,0
1,0.7159837329664863,1,1
0,0.08208995872117972,0,0
0,0.23994679525847565,0,0
1,0.5604880763844498,1,1
1,0.8826403591178904,1,1
0,0.8007352035480512,1,1
0,0.3818881411483782,0,0
0,0.10590859361911813,0,0
0,0.29953882090590744,0,0
0,0.3374229071957826,0,0
0,0.24789985922860114,0,0
0,0.7206854533783049,1,1
0,0.12824782602471202,0,0
0,0.5375733077638913,1,1
1,0.507303340969631,1,1
0,0.10429653158043231,0,0
1,0.7694558589294747,1,1
0,0.3212882520179158,0,0
0,0.21333906471060438,0,0
1,0.712850298611431,1,1
1,0.43554082122181537,0,0
1,0.7233932146207841,1,1
0,0.1582399432477958,0,0
1,0.5904394112484876,1,1
1,0.7514373574058728,1,1
0,0.8504045000663196,1,1
0,0.31760732458917834,0,0
1,0.8794810289165514,1,1
0,0.7616429453984881,1,1
0,0.29788363683813357,0,0
0,0.48645568824146007,0,1
0,0.30493304779460767,0,0
0,0.6635409637434974,1,1
1,0.6808966420668936,1,1
0,0.14797710611139364,0,0
0,0.4425929542028561,0,0
1,0.780195656079732,1,1
0,0.19716378581820546,0,0
1,0.6417008866718908,1,1
0,0.2759391605209575,0,0
1,0.9155806503013628,1,1
0,0.2683048530485245,0,0
0,0.9314688795123186,1,1
1,0.5948088615549576,1,1
0,0.598237685445242,1,1
0,0.40062321347778146,0,0
1,0.2687408275746212,0,0
0,0.13983993167335107,0,0
0,0.14790960994001237,0,0
1,0.5578312329777072,1,1
1,0.4004893921782424,0,0
0,0.23027221695134042,0,0
0,0.14683375788437728,0,0
1,0.7673436193596048,1,1
0,0.3180942236406017,0,0
1,0.4228619891022076,0,0
0,0.5349126914142662,1,1
0,0.3321802328526833,0,0
1,0.5829945221558512,1,1
0,0.6189272084370069,1,1
1,0.8539645982370377,1,1
0,0.36224906812339297,0,0
1,0.7492539008944531,1,1
0,0.31657467949295237,0,0
0,0.8168251628752556,1,1
1,0.3043687741238744,0,0
1,0.6006390132701833,1,1
0,0.20468928341039327,0,0
0,0.36385065091233626,0,0
0,0.11255746173982015,0,0
1,0.760656274915132,1,1
0,0.269521330890465,0,0
0,0.10885628308965482,0,0
1,0.3802788460555373,0,0
0,0.6192561274428494,1,1
0,0.5311184264581084,1,1
0,0.16577988417834896,0,0
1,0.1473547763581011,0,0
1,0.8711540092917796,1,1
0,0.29761952214381315,0,0
0,0.3445254693594636,0,0
0,0.22702832143326215,0,0
0,0.2915737025453901,0,0
1,0.6975457076592185,1,1
0,0.07093280385165913,0,0
1,0.8212259929281055,1,1
0,0.6533481502662571,1,1
0,0.23042931830202326,0,0
0,0.1808636207421091,0,0
0,0.4983335086368544,0,1
1,0.45408132449094873,0,0
1,0.8353742515050468,1,1
0,0.2474021369927593,0,0
0,0.1646252674331073,0,0
1,0.34187132838872464,0,0
0,0.5639397487571582,1,1
0,0.4764840924009819,0,1
0,0.527226738876913,1,1
1,0.37648269914303534,0,0
0,0.316090814596114,0,0
0,0.3103571538477341,0,0
0,0.2862141248792447,0,0
1,0.7942179079663342,1,1
1,0.920202793641796,1,1
1,0.7824922857766622,1,1
0,0.10691318630692345,0,0
1,0.48398895240702,0,1
0,0.06721867176648026,0,0
0,0.5012226122162348,1,1
0,0.1418278465372366,0,0
0,0.2127222587504033,0,0
1,0.7212886443512985,1,1
0,0.4735842715455962,0,1
0,0.28343240593372226,0,0
0,0.18623458825470907,0,0
1,0.2908755749985877,0,0
0,0.7383435617393428,1,1
0,0.7925184325673422,1,1
1,0.43939273225728953,0,0
1,0.8279173622945544,1,1
0,0.42625094625316134,0,0
0,0.254442975334817,0,0
0,0.08019174960559873,0,0
1,0.8393355969315276,1,1
0,0.5587773497422523,1,1
0,0.42656751613202215,0,0
0,0.13951837988195295,0,0
0,0.1934740418583489,0,0
1,0.6013148822877451,1,1
0,0.8154266735252507,1,1
0,0.2548893295181273,0,0
0,0.16949566140205607,0,0
0,0.035461380170674704,0,0
1,0.7970874116072044,1,1
1,0.9015331894500652,1,1
0,0.6842636280844809,1,1
0,0.6091539753619216,1,1
0,0.7317335573557,1,1
0,0.44332844545643285,0,0
0,0.2826948750522892,0,0
0,0.39932023421133306,0,0
0,0.5937157895773189,1,1
1,0.8653354649817785,1,1
0,0.8575562022355183,1,1
0,0.31675323214051765,0,0
0,0.9143242809310336,1,1
0,0.0730314291157346,0,0
0,0.79341714781557,1,1
0,0.05496093476133534,0,0
0,0.7714128979782942,1,1
0,0.28326935939523984,0,0
0,0.5431460015649882,1,1
1,0.26741280994805416,0,0
0,0.27127346170807853,0,0
0,0.3709122687158778,0,0
1,0.7767538337622668,1,1
1,0.5564583726372737,1,1
0,0.31976776157835196,0,0
0,0.8280127381674192,1,1
1,0.8931216917840152,1,1
1,0.4559423676237947,0,0
1,0.6241853825678552,1,1
0,0.270681883764977,0,0
0,0.4331566466200981,0,0
0,0.4943945888886731,0,1
0,0.7784474977168427,1,1
0,0.34400435477702507,0,0
0,0.10323027920913588,0,0
1,0.7358607499832575,1,1
1,0.6182503434061177,1,1
1,0.1985584775980391,0,0
1,0.6570946090073339,1,1
1,0.5866019655299485,1,1
1,0.38548665895931844,0,0
0,0.21052203606273906,0,0
0,0.1669255989151037,0,0
1,0.9138662262687794,1,1
1,0.46758522621578613,0,0
0,0.6084293894301203,1,1
0,0.2856171503763583,0,0
0,0.09328425143140197,0,0
0,0.6154307555758379,1,1
0,0.15177763346443285,0,0
1,0.3673366291636197,0,0
1,0.4110006461481665,0,0
0,0.3248778503743233,0,0
1,0.8542856413528455,1,1
0,0.4623075975399997,0,0
1,0.8145619351229808,1,1
0,0.49709380927759694,0,1
0,0.5624190868264143,1,1
0,0.44028429220496884,0,0
0,0.25005555893278075,0,0
1,0.5574258618117323,1,1
1,0.33382168678784885,0,0
1,0.7640717903540515,1,1
1,0.45918928168762435,0,0
0,0.47311511075175505,0,1
1,0.553360211931842,1,1
0,0.44672016114129665,0,0
0,0.07680018670245217,0,0
1,0.5444315096380072,1,1
1,0.7131525244634923,1,1
1,0.8676497587385923,1,1
0,0.5372643383709558,1,1
1,0.47399850878242467,0,1
0,0.7061113353571935,1,1
0,0.20515080571051222,0,0
0,0.1023837391689624,0,0
1,0.38285761702617616,0,0
1,0.3817980603036213,0,0
0,0.16153375959735708,0,0
1,0.6706611883396983,1,1
0,0.17700644764908313,0,0
1,0.7984444408099327,1,1
0,0.3963443275708397,0,0
0,0.2840271322540081,0,0
0,0.2704254905739073,0,0
0,0.6634781498032699,1,1
0,0.12373016890042669,0,0
0,0.4474202923733149,0,0
1,0.7060614412768166,1,1
0,0.2936447789385248,0,0
0,0.8410488287890172,1,1
0,0.8060584414957184,1,1
0,0.4184071072039916,0,0
0,0.29183247642171,0,0
0,0.4153583429499792,0,0
0,0.4652241677123563,0,0
0,0.7875234615554446,1,1
0,0.5762923753520434,1,1
0,0.31206673139418273,0,0
0,0.7877654827702437,1,1
0,0.3147541725968126,0,0
0,0.2781552094921642,0,0
1,0.5445930756350004,1,1
1,0.8140191482344503,1,1
0,0.466682670931266,0,0
0,0.46657554195992934,0,0
1,0.6794869056581425,1,1
0,0.22769342004544135,0,0
1,0.8687031990079241,1,1
0,0.2492092170233968,0,0
0,0.5200573932347952,1,1
1,0.8612655641576723,1,1
1,0.538425112136507,1,1
0,0.825433401374511,1,1
1,0.6044758690918305,1,1
0,0.32734121829009794,0,0
1,0.8894546662843016,1,1
0,0.17744526894377038,0,0
0,0.2539062407208571,0,0
1,0.4911563373150192,0,1
0,0.6437886709758418,1,1
0,0.23745612508392003,0,0
0,0.1152416953358688,0,0
1,0.34057073127488,0,0
0,0.6617348714477255,1,1
0,0.3198652515563983,0,0
1,0.28602273453503363,0,0
1,0.18391790416665527,0,0
0,0.31252106119226425,0,0
1,0.48932430753262185,0,1
0,0.07016854007134353,0,0
1,0.673929106614841,1,1
0,0.2486688543527397,0,0
0,0.6458792992031676,1,1
1,0.6714675146806692,1,1
1,0.9138447981085289,1,1
0,0.20698107248451786,0,0
0,0.08563467268914492,0,0
1,0.8963750478940679,1,1
0,0.2588255042021447,0,0
0,0.5407768772893984,1,1
0,0.10036127995640086,0,0
0,0.8314459033921406,1,1
1,0.15320360109399467,0,0
0,0.3802406622455818,0,0
0,0.6854115118885373,1,1
1,0.6215355161522409,1,1
1,0.738972830467174,1,1
0,0.4717068396560199,0,1
0,0.534009912745534,1,1
0,0.4148151036180547,0,0
1,0.8656200652879757,1,1
1,0.7249167791693267,1,1
1,0.4874267230552153,0,1
0,0.12786082742403454,0,0
0,0.14045618410562064,0,0
1,0.9273551501854798,1,1
0,0.2197719876773542,0,0
0,0.5362488095801434,1,1
0,0.18914288658417566,0,0
0,0.11601236867921522,0,0
0,0.5994899641516693,1,1
0,0.7288910628391407,1,1
0,0.534965206503845,1,1
1,0.8702678355206285,1,1
1,0.6333579204372503,1,1
1,0.32666432692220565,0,0
1,0.6583886553527543,1,1
1,0.7431342736859446,1,1
0,0.5052552509819133,1,1
0,0.7464985980199691,1,1
0,0.3279221199381612,0,0
1,0.7243817180040992,1,1
1,0.70249890903883,1,1
1,0.9257776633298175,1,1
1,0.8690041981078417,1,1
0,0.05986133538241852,0,0
1,0.26794856607527695,0,0
0,0.1108371916028607,0,0
0,0.07656632957149935,0,0
0,0.09819618178309358,0,0
0,0.16551397407070523,0,0
0,0.14465304260435788,0,0
0,0.44038247755666193,0,0
0,0.5155834088607235,1,1
0,0.4599489903752447,0,0
0,0.14687055172796745,0,0
0,0.18111261391820319,0,0
1,0.717941968944635,1,1
0,0.17215913213006298,0,0
0,0.3580926393461202,0,0
0,0.14116725222487833,0,0
1,0.6430322133840872,1,1
0,0.297376215181236,0,0
0,0.5188828119168785,1,1
0,0.7280129924534063,1,1
0,0.837761571305205,1,1
1,0.6774868062295446,1,1
1,0.7313649410368667,1,1
0,0.5080868854669746,1,1
1,0.5577110390552679,1,1
1,0.79812049093519,1,1
0,0.7151004002809449,1,1
1,0.9303517798808146,1,1
0,0.6678032237973767,1,1
1,0.052718636895898556,0,0
1,0.8910583334588189,1,1
1,0.4326995970523362,0,0
0,0.34886529601783267,0,0
1,0.40010609132274444,0,0
0,0.18146738682056973,0,0
0,0.34153432398781586,0,0
1,0.8101175437756517,1,1
1,0.6333487906201537,1,1
0,0.0942554958890356,0,0
0,0.3877423334001647,0,0
1,0.43692434961673193,0,0
0,0.8305720955564784,1,1
0,0.6606477817005121,1,1
0,0.3745063878773325,0,0
1,0.8243478805959267,1,1
1,0.6815895440176901,1,1
0,0.4058737162609071,0,0
0,0.57460395738706,1,1
1,0.6502576293759911,1,1
0,0.24010459947144755,0,0
1,0.9353007483358341,1,1
0,0.611180791744682,1,1
1,0.2808331271808765,0,0
0,0.33357393996375934,0,0
0,0.5513403584142752,1,1
1,0.5644091369129608,1,1
1,0.6892076182234461,1,1
1,0.4418068603435675,0,0
0,0.8659867081983316,1,1
0,0.6871823111568293,1,1
0,0.1156088282629589,0,0
0,0.6958951153346357,1,1
0,0.2891423543402319,0,0
0,0.42756485088850504,0,0
0,0.163108107221384,0,0
0,0.3724935335398465,0,0
0,0.7760537714808459,1,1
1,0.8770391006363347,1,1
0,0.29218272950583857,0,0
1,0.5078065622316869,1,1
1,0.8677220638648643,1,1
0,0.29616556522590126,0,0
1,0.5326289675958996,1,1
0,0.8379721880910113,1,1
0,0.24414302286148198,0,0
0,0.05943323613616777,0,0
0,0.39511657314584164,0,0
0,0.5584049278671748,1,1
1,0.39502002542030684,0,0
0,0.3855812535301014,0,0
0,0.6275812405188832,1,1
0,0.36357770205911266,0,0
1,0.8312361234501503,1,1
1,0.09055457390453109,0,0
1,0.8446910324893702,1,1
1,0.7740368889455795,1,1
1,0.23408898017490318,0,0
1,0.37827605744038567,0,0
0,0.43108350764350606,0,0
0,0.061861695824425245,0,0
0,0.44681346156334595,0,0
0,0.7504884758966149,1,1
0,0.0859414326108479,0,0
1,0.5067822943776775,1,1
0,0.37957148791793277,0,0
0,0.19208107487607337,0,0
0,0.8779087172829332,1,1
0,0.16709254512925517,0,0
0,0.32157288154211044,0,0
0,0.8262500658928346,1,1
0,0.35849464525987934,0,0
0,0.15591387990538177,0,0
0,0.14426264059075108,0,0
1,0.5453087435950644,1,1
0,0.10503652708280849,0,0
0,0.0632470767587012,0,0
0,0.3968373994341526,0,0
0,0.1125936657033716,0,0
0,0.30965882176051246,0,0
1,0.46546851371729686,0,0
1,0.851146430191022,1,1
0,0.3034232357333304,0,0
0,0.26401852550272153,0,0
0,0.49536531843473053,0,1
1,0.917686193475175,1,1
0,0.9366262043517053,1,1
0,0.2435011539008897,0,0
1,0.17669346087976434,0,0
0,0.08510462237326363,0,0
1,0.8143857214658206,1,1
0,0.6581266794348666,1,1
0,0.04880095856967195,0,0
0,0.44427150203069393,0,0
1,0.7689232501951444,1,1
0,0.670349988117436,1,1
0,0.24211926719960258,0,0
1,0.7790270740780273,1,1
1,0.8101085805222437,1,1
0,0.368410309569839,0,0
1,0.30483898360318334,0,0
0,0.7777509721421576,1,1
0,0.4674416921655603,0,0
0,0.3884821403855722,0,0
0,0.2175211463009251,0,0
0,0.7637890522501559,1,1
0,0.501502329769736,1,1
0,0.07198797643500447,0,0
0,0.6669916486629723,1,1
1,0.6671014085549626,1,1
0,0.07527657480953358,0,0
0,0.6114241285406559,1,1
1,0.5815480573151761,1,1
0,0.25514035515893213,0,0
0,0.33509413174594527,0,0
1,0.772367753304485,1,1
0,0.3697171454751123,0,0
1,0.8834584681948907,1,1
0,0.7830039427367996,1,1
1,0.5394301285106786,1,1
0,0.15801198412331327,0,0
1,0.2661878795202953,0,0
0,0.790351645387923,1,1
1,0.6192341935847443,1,1
0,0.315320726530094,0,0
1,0.43848866213616006,0,0
1,0.8498985725004922,1,1
0,0.3519426906517207,0,0
0,0.4634709111425279,0,0
0,0.5588201794199679,1,1
0,0.4961353312751657,0,1
0,0.4932930264028611,0,1
0,0.7445169263386446,1,1
0,0.43534094281307817,0,0
0,0.055313857764061836,0,0
0,0.12156713809672283,0,0
1,0.6646538754605166,1,1
1,0.7910607963078974,1,1
0,0.30112084455084076,0,0
0,0.4856958083072143,0,1
0,0.7439159157884465,1,1
0,0.4723707357622897,0,1
0,0.9245400799979279,1,1
1,0.9383210200918817,1,1
1,0.7347436404392753,1,1
0,0.6262877638072146,1,1
0,0.2821999989927731,0,0
1,0.6879292892676049,1,1
0,0.3245943569482004,0,0
1,0.8437526939349239,1,1
0,0.6052862610751134,1,1
0,0.08153548219108861,0,0
1,0.5751404912684939,1,1
0,0.22012417638188456,0,0
1,0.6110681144716475,1,1
0,0.12789777986054562,0,0
0,0.07241125731937256,0,0
0,0.33362196512825054,0,0
0,0.1522480065695978,0,0
1,0.556547125667096,1,1
0,0.3751557576712352,0,0
0,0.2590796264461203,0,0
0,0.45480578664933663,0,0
0,0.8770795540856421,1,1
0,0.31313207680337185,0,0
1,0.8886671371739026,1,1
0,0.08550972086793424,0,0
0,0.5948479470084878,1,1
0,0.23644009003298674,0,0
0,0.22058743502470748,0,0
1,0.6143977511991878,1,1
0,0.7394519211981003,1,1
0,0.27764211915028175,0,0
1,0.70950694869235,1,1
1,0.714528497288418,1,1
0,0.7057546626289234,1,1
0,0.2630470874206205,0,0
1,0.7385356146436999,1,1
1,0.6173890251107053,1,1
0,0.2789323378375331,0,0
1,0.20137344617293235,0,0
1,0.7345500405511634,1,1
0,0.30343975918243754,0,0
0,0.3201224675229288,0,0
0,0.7596738571394676,1,1
1,0.4197620104062754,0,0
0,0.0992576172313449,0,0
0,0.07734567068907428,0,0
1,0.3447274541812238,0,0
0,0.5136043271995986,1,1
0,0.17172936471150776,0,0
0,0.31622271710137334,0,0
1,0.6717050102651628,1,1
0,0.12305129769911453,0,0
0,0.22849296743907885,0,0
1,0.6321584183606667,1,1
0,0.6679133766566225,1,1
0,0.2228387560487551,0,0
1,0.6909860061998027,1,1
1,0.6185947768077639,1,1
1,0.1016418282224158,0,0
0,0.19375303409008862,0,0
0,0.12443016395211888,0,0
0,0.14688636141973685,0,0
1,0.8080989382682965,1,1
0,0.16315391811863203,0,0
0,0.7050928062352567,1,1
1,0.6755387540970827,1,1
1,0.8913604582251142,1,1
0,0.09834237616671601,0,0
1,0.8168692404369658,1,1
1,0.6293315582012493,1,1
0,0.7662474681031854,1,1
0,0.758033598409263,1,1
1,0.09192627677107823,0,0
0,0.4263561508173281,0,0
0,0.212460715322407,0,0
0,0.47307787709026305,0,1
1,0.7293104640347102,1,1
0,0.14884539927904952,0,0
0,0.5229393284569912,1,1
0,0.12275333299817406,0,0
1,0.8340775403667073,1,1
0,0.10025606784386656,0,0
0,0.5566328340166703,1,1
0,0.3881819253439071,0,0
0,0.34058001498827856,0,0
0,0.25591256927273187,0,0
1,0.8550225614879629,1,1
1,0.6781553133301423,1,1
0,0.12698312184916613,0,0
0,0.748760698020594,1,1
1,0.6607551266699919,1,1
0,0.5285412692108525,1,1
0,0.203773174210604,0,0
0,0.11897712341902009,0,0
1,0.6669359618136205,1,1
1,0.8394797094965247,1,1
1,0.7011629248296746,1,1
0,0.06088341246259385,0,0
1,0.3981406464299282,0,0
0,0.3391339995900912,0,0
0,0.3256453088577316,0,0
1,0.8762349851722719,1,1
1,0.3517544887627719,0,0
0,0.4443178110120282,0,0
1,0.6600384709253165,1,1
0,0.21027973444717987,0,0
0,0.24035123379569648,0,0
1,0.487582434377448,0,1
1,0.1778089098404382,0,0
0,0.5239008078228464,1,1
1,0.7848286900117202,1,1
0,0.7487382817088418,1,1
0,0.2441292715997595,0,0
0,0.5670061318878298,1,1
0,0.07252928886220551,0,0
0,0.42250308412310794,0,0
0,0.3592435581120498,0,0
0,0.24379617693488034,0,0
1,0.19436192355085152,0,0
0,0.4474360037285942,0,0
1,0.7957065224444765,1,1
0,0.6229534865959239,1,1
0,0.13106754805669665,0,0
1,0.304359104843129,0,0
0,0.49049591073441595,0,1
1,0.5014891182314185,1,1
0,0.3283155526912146,0,0
0,0.4141245853674981,0,0
1,0.23752357752874453,0,0
0,0.45410501649987045,0,0
1,0.8620441204972613,1,1
0,0.3565116270283757,0,0
0,0.5097423030437257,1,1
0,0.2477230487614169,0,0
1,0.6167517671287265,1,1
0,0.9000472914409067,1,1
1,0.8521964208403878,1,1
0,0.4230393314675927,0,0
0,0.7732848640162157,1,1
0,0.9085247213268167,1,1
0,0.5129889241000956,1,1
1,0.7617356368058369,1,1
1,0.13322304987953867,0,0
1,0.7693799686020367,1,1
1,0.748315416665961,1,1
1,0.5784039246173386,1,1
1,0.6927950650139066,1,1
0,0.314113118690136,0,0
0,0.29035993914642344,0,0
0,0.30286446228509717,0,0
1,0.7866158117796593,1,1
0,0.43128099418550214,0,0
1,0.9410423441234973,1,1
1,0.6267363251414502,1,1
0,0.6240256923619266,1,1
1,0.7664772727780361,1,1
0,0.27709450033057126,0,0
1,0.3081934764442926,0,0
0,0.2054053894398589,0,0
0,0.16737095326084359,0,0
0,0.8036650628611788,1,1
1,0.49913954003413885,0,1
1,0.8892707394260241,1,1
0,0.3107458878666849,0,0
0,0.3469111097485105,0,0
0,0.4110655682462664,0,0
1,0.8977391112177043,1,1
0,0.11287841180855691,0,0
0,0.13000763629464562,0,0
1,0.7909611428994232,1,1
1,0.9419760787967154,1,1
0,0.15402324829599578,0,0
0,0.11958172167514798,0,0
1,0.8386997059717929,1,1
0,0.9460600587860559,1,1
1,0.44133175640446404,0,0
0,0.8976639845757031,1,1
0,0.1885644249047721,0,0
0,0.22242783831072396,0,0
1,0.7337969544317879,1,1
1,0.36175525518958845,0,0
0,0.12882797982098043,0,0
0,0.7831811748962745,1,1
0,0.1881896316881372,0,0
1,0.8905853583873253,1,1
1,0.600065993452588,1,1
1,0.05567759685158561,0,0
1,0.7744106126691297,1,1
0,0.11421642389605252,0,0
1,0.8311066857427071,1,1
1,0.47527259883823664,0,1
1,0.7469625231000158,1,1
0,0.11359753389975853,0,0
0,0.3326639563612827,0,0
0,0.11413365565100422,0,0
0,0.2778734126663084,0,0
0,0.5045571426377342,1,1
0,0.17804070848694473,0,0
0,0.538990445201948,1,1
0,0.12596156724969662,0,0
0,0.5554593956549763,1,1
0,0.08514419852416655,0,0
1,0.769819100879426,1,1
0,0.06861062394749255,0,0
0,0.353216978815075,0,0
0,0.2481237543284644,0,0
0,0.39068800592934,0,0
0,0.16733813914131376,0,0
0,0.289176922562837,0,0
0,0.2483628928957477,0,0
1,0.8759500565212256,1,1
0,0.7216891677524868,1,1
0,0.7857029571885258,1,1
0,0.16141745143736005,0,0
1,0.8231500850937987,1,1
1,0.5257856816927665,1,1
1,0.8601940815523288,1,1
0,0.3525214651502094,0,0
0,0.38176435202098885,0,0
0,0.5310045339063376,1,1
1,0.7210312483554513,1,1
1,0.7590005970401953,1,1
0,0.1864826555934169,0,0
0,0.09018898718947108,0,0
0,0.3604298354001717,0,0
0,0.42192343773936475,0,0
1,0.6769352769510862,1,1
1,0.6945442819237289,1,1
1,0.6507980043592869,1,1
1,0.9395616196092179,1,1
0,0.5511842068899693,1,1
1,0.9270290745695916,1,1
0,0.27722673187963165,0,0
1,0.5746705031684389,1,1
0,0.45669615854762124,0,0
0,0.7482324219588746,1,1
1,0.768650274652487,1,1
1,0.5147207173591796,1,1
1,0.36036311059090026,0,0
1,0.7391115076288587,1,1
1,0.8860188414294886,1,1
1,0.6984091382717174,1,1
1,0.9446499372328869,1,1
0,0.20252321121554065,0,0
0,0.8335597954547492,1,1
0,0.8632085985032198,1,1
0,0.17100129222633753,0,0
1,0.4865345539313711,0,1
0,0.4608796892136779,0,0
0,0.1852462774537052,0,0
0,0.8187157848929344,1,1
1,0.19587379900290672,0,0
0,0.4392763664641208,0,0
0,0.67899626184297,1,1
0,0.12977999896745931,0,0
1,0.8528097313004361,1,1
0,0.7467850906470365,1,1
1,0.8199909889997719,1,1
0,0.2565862315813386,0,0
1,0.6729296308517063,1,1
0,0.593542478462278,1,1
0,0.13421780867477665,0,0
0,0.6590298108060423,1,1
0,0.18697502788319748,0,0
0,0.22582914988792813,0,0
1,0.7791215436426258,1,1
0,0.6189295624243306,1,1
0,0.2285683972116114,0,0
1,0.499183288043159,0,1
0,0.6872045155125244,1,1
0,0.37402412892231285,0,0
0,0.1403742858663089,0,0
1,0.3760314992585508,0,0
1,0.39895417928970595,0,0
0,0.12242565906144573,0,0
1,0.8743048736460045,1,1
0,0.05933751936535784,0,0
1,0.5886783430391845,1,1
0,0.7067731197002853,1,1
1,0.7770508833180212,1,1
1,0.35810749631106054,0,0
1,0.9488344415796014,1,1
0,0.23863717568741435,0,0
0,0.5438758950908443,1,1
1,0.1845181555225894,0,0
0,0.23117731631774532,0,0
0,0.2978574330735903,0,0
0,0.13000763629464562,0,0
0,0.053470628696860256,0,0
1,0.8695919378735366,1,1
0,0.4049905488155671,0,0
0,0.25411344447174705,0,0
0,0.11365141512508704,0,0
1,0.6510323551793784,1,1
0,0.8035298815915632,1,1
1,0.6880989168817322,1,1
1,0.8462145369510089,1,1
1,0.678364377020721,1,1
0,0.15220721266453524,0,0
0,0.2246188950840456,0,0
0,0.25899880277482484,0,0
1,0.19164894487787623,0,0
1,0.9588663676030841,1,1
0,0.6243989623939645,1,1
0,0.7322619889076427,1,1
1,0.7246824366487671,1,1
0,0.13525080371484915,0,0
0,0.09188610530035957,0,0
0,0.13312575818284728,0,0
0,0.09875096016405403,0,0
0,0.050117403853690234,0,0
0,0.2145258489876542,0,0
0,0.6274102765133249,1,1
1,0.8517642105954198,1,1
0,0.514498470714071,1,1
0,0.3575645987954071,0,0
1,0.2782405682318682,0,0
0,0.33644015737605976,0,0
0,0.1066655809261679,0,0
1,0.4190487741887834,0,0
1,0.846173989744521,1,1
0,0.2832598974808928,0,0
1,0.3857286752356746,0,0
0,0.0634796758460762,0,0
0,0.29852492357231397,0,0
0,0.11177742329649672,0,0
1,0.6976589403941815,1,1
0,0.1946556876865207,0,0
0,0.486143295095179,0,1
1,0.5450477944884038,1,1
1,0.6106472390212131,1,1
0,0.7495943609937045,1,1
1,0.06545388538590885,0,0
1,0.5142873701676938,1,1
0,0.10077337332005545,0,0
1,0.8531345605965825,1,1
1,0.4975532903487257,0,1
0,0.4273751156334107,0,0
1,0.14481459395162266,0,0
1,0.2072636311195915,0,0
0,0.2045970230899209,0,0
0,0.17395171436800932,0,0
0,0.7945732625800423,1,1
0,0.54129702597555,1,1
1,0.6015431641615229,1,1
1,0.7113941050207245,1,1
0,0.3060269484026361,0,0
0,0.5862840300312482,1,1
1,0.5024790226903925,1,1
0,0.24550351732285203,0,0
0,0.26235487113423966,0,0
1,0.07930529501197273,0,0
1,0.8846989325830653,1,1
1,0.7557074126618941,1,1
0,0.049485924236488225,0,0
1,0.6551619575569015,1,1
1,0.3825995878873218,0,0
1,0.5877833948854116,1,1
0,0.6503353009280627,1,1
0,0.671984666767962,1,1
0,0.09392496851791213,0,0
0,0.5101458141055758,1,1
0,0.5609076286207021,1,1
0,0.1894605623909176,0,0
0,0.11001216695137588,0,0
0,0.3489753727022562,0,0
1,0.5321536471595096,1,1
1,0.9299351162185914,1,1
1,0.7030242065762707,1,1
0,0.7270671379101433,1,1
0,0.36868519528559046,0,0
0,0.448800301387714,0,0
0,0.25181364713701526,0,0
0,0.11751496785803334,0,0
0,0.19792944018713868,0,0
1,0.8134573568617636,1,1
0,0.06475276722358542,0,0
0,0.7751668285126302,1,1
1,0.37554581942582244,0,0
0,0.5750402362392919,1,1
1,0.22639110166192358,0,0
1,0.8119667094497172,1,1
0,0.7505331988639514,1,1
0,0.2074501549490826,0,0
0,0.16406802713509838,0,0
0,0.24927967052262032,0,0
0,0.3145393277744152,0,0
1,0.30014039655651464,0,0
1,0.4234704024610663,0,0
0,0.8435831961191732,1,1
0,0.1893535661129965,0,0
0,0.19240381738202622,0,0
0,0.3801122278167325,0,0
0,0.5997486078659778,1,1
1,0.7869976968113552,1,1
1,0.9323501926349499,1,1
0,0.6521041093974701,1,1
1,0.5020377167128076,1,1
0,0.4697415391136445,0,0
0,0.3793134063220112,0,0
1,0.6790424345105066,1,1
0,0.2731407233990707,0,0
0,0.31017829293388216,0,0
0,0.38071229101430937,0,0
1,0.8793138159694264,1,1
0,0.09577288503234543,0,0
0,0.09810105236856623,0,0
1,0.6422706824707187,1,1
0,0.567106503322215,1,1
0,0.08410665687220079,0,0
0,0.1448010258296014,0,0
1,0.8289036903013145,1,1
0,0.17658874073134742,0,0
1,0.8092936853489203,1,1
0,0.15073085599614333,0,0
0,0.641051210245576,1,1
0,0.38476292589206124,0,0
0,0.7849813697350638,1,1
0,0.512643861659908,1,1
1,0.9385125097463193,1,1
1,0.6192014609510629,1,1
0,0.21923456410271203,0,0
1,0.5690330351433721,1,1
0,0.4731222697608929,0,1
0,0.6622414613598024,1,1
1,0.6618301798636238,1,1
0,0.518610969925702,1,1
1,0.12455163512299111,0,0
0,0.7814831053182694,1,1
0,0.06451589906908116,0,0
0,0.2560394630817735,0,0
0,0.40175474523102167,0,0
1,0.5929889782076567,1,1
1,0.715935306247393,1,1
1,0.7524032786611734,1,1
1,0.64111830094655,1,1
0,0.24783299197213868,0,0
0,0.2197707730833709,0,0
0,0.18456062426406003,0,0
0,0.7692480779480716,1,1
0,0.3772863705713217,0,0
1,0.3482715035371404,0,0
0,0.40074857932033947,0,0
0,0.11955311617527022,0,0
0,0.12105902368995741,0,0
0,0.6488640856944321,1,1
1,0.5028441383191548,1,1
0,0.07612109824417118,0,0
1,0.6837359900122124,1,1
1,0.7081987489876073,1,1
0,0.1604677028095491,0,0
1,0.9098981918897743,1,1
1,0.594108528900783,1,1
0,0.27290183425748255,0,0
1,0.49243321809151447,0,1
0,0.07956391903881185,0,0
0,0.7991175800145642,1,1
0,0.442834013840273,0,0
1,0.2288741043761207,0,0
0,0.562705313809782,1,1
0,0.370373211456685,0,0
1,0.3326151461874216,0,0
0,0.3518055886743231,0,0
1,0.7919290311471937,1,1
0,0.05256048656600515,0,0
0,0.6965987634222847,1,1
0,0.5826965414639173,1,1
1,0.61386340266728,1,1
1,0.7427807128782178,1,1
1,0.6335290708699127,1,1
0,0.1546164777786991,0,0
1,0.8012441963016451,1,1
0,0.334428203685937,0,0
0,0.5194194941643708,1,1
1,0.8919008360438104,1,1
0,0.5433749615878749,1,1
0,0.47070755195634983,0,1
1,0.7198980112940638,1,1
0,0.8214679883338247,1,1
1,0.5885112512795647,1,1
0,0.22290673666938313,0,0
0,0.3430791807653997,0,0
1,0.8051885577655471,1,1
0,0.11584169174787268,0,0
1,0.8289310786717823,1,1
0,0.7417667163206064,1,1
1,0.6996011633875066,1,1
1,0.6588025666389467,1,1
0,0.8940836931506291,1,1
1,0.9536431953490995,1,1
1,0.3120381063362013,0,0
0,0.658160581227841,1,1
0,0.45612314004033816,0,0
0,0.14314554126526458,0,0
1,0.6785730314997206,1,1
0,0.37915280891094594,0,0
1,0.4127400574224023,0,0
0,0.4810660649010161,0,1
0,0.26140636228935,0,0
1,0.14490287870105514,0,0
0,0.13386269332893774,0,0
1,0.5076463192430767,1,1
1,0.9295266336738646,1,1
0,0.9178976146966907,1,1
0,0.1379513067388306,0,0
0,0.21844185967358062,0,0
0,0.3249668935583425,0,0
1,0.5624781375943176,1,1
0,0.33659331072368087,0,0
0,0.3137299771778076,0,0
0,0.08076039865142647,0,0
1,0.4306167188363421,0,0
0,0.11270154394225579,0,0
0,0.10971861944757591,0,0
1,0.5149975492456706,1,1
1,0.7433743217022384,1,1
0,0.5172952687101586,1,1
1,0.4941370129759948,0,1
0,0.41370208493006705,0,0
0,0.07986369525060037,0,0
0,0.3536232177717716,0,0
0,0.2518859000022699,0,0
1,0.13312595318101342,0,0
0,0.6541942599618185,1,1
0,0.7504141288188066,1,1
1,0.8917665494519913,1,1
0,0.2519959552121003,0,0
1,0.6870894673823256,1,1
1,0.6220419299516761,1,1
0,0.16495435900589378,0,0
0,0.3711478798246642,0,0
1,0.33001170662741386,0,0
0,0.3290330458057284,0,0
0,0.27390986906872583,0,0
0,0.24502800699651656,0,0
1,0.6401656150672067,1,1
0,0.20472488523303045,0,0
0,0.4637464913018255,0,0
1,0.7533037688278705,1,1
0,0.22425384616581726,0,0
1,0.9281485515801239,1,1
1,0.6301533042206289,1,1
1,0.9230214809922772,1,1
0,0.7587858018802198,1,1
0,0.37898300514919026,0,0
1,0.7613296968298748,1,1
0,0.1405423675156266,0,0
1,0.2863994592492393,0,0
1,0.8416515592057779,1,1
0,0.3133689364620179,0,0
0,0.3468649328610553,0,0
1,0.6985866127671022,1,1
1,0.7949427976524195,1,1
1,0.5465957358906189,1,1
1,0.8373241600596626,1,1
0,0.16409268931282273,0,0
1,0.45969647646821543,0,0
1,0.47587686976266935,0,1
0,0.506834029007178,1,1
0,0.1836778219881621,0,0
0,0.74712471548272,1,1
0,0.5980160149510182,1,1
0,0.5521566429717014,1,1
1,0.6951472250341141,1,1
0,0.44795706118215545,0,0
0,0.2565771252180396,0,0
1,0.7663181242913273,1,1
0,0.48344061038142044,0,1
1,0.8366171497467199,1,1
1,0.8526684898018534,1,1
1,0.8323849693695141,1,1
0,0.349521596647131,0,0
0,0.6720894443690432,1,1
0,0.1871885006176245,0,0
1,0.5297904484473908,1,1
0,0.08991109542699206,0,0
0,0.1449684335470654,0,0
1,0.8768182681252421,1,1
0,0.3223644066228664,0,0
1,0.583635055496295,1,1
0,0.6259391212870119,1,1
1,0.14201057264148054,0,0
0,0.13355370828587468,0,0
0,0.09282119788865818,0,0
0,0.20110965978224965,0,0
1,0.7567975446787573,1,1
0,0.15955533929583063,0,0
0,0.10657941941098976,0,0
0,0.4098992546616886,0,0
0,0.3895396313738488,0,0
1,0.8897616848300312,1,1
0,0.29348547605274633,0,0
1,0.5445424973755043,1,1
0,0.34604171557207525,0,0
1,0.7533997919778745,1,1
0,0.4710939115730171,0,1
0,0.07021672685625305,0,0
1,0.6565084765304485,1,1
0,0.7263971968055585,1,1
0,0.2249938699069001,0,0
0,0.867596535992024,1,1
1,0.4891604444649363,0,1
1,0.6348839576077739,1,1
0,0.10661400020099558,0,0
0,0.6987054780282677,1,1
0,0.47970499553727386,0,1
1,0.5264172517951126,1,1
1,0.8704166859069022,1,1
0,0.36248439219506223,0,0
0,0.6854373023630395,1,1
0,0.3675843108449705,0,0
0,0.5190150990818363,1,1
0,0.10303393463819377,0,0
0,0.1346267051403886,0,0
0,0.8306117888860539,1,1
1,0.372344991643856,0,0
0,0.16912106982666775,0,0
1,0.7846147813660312,1,1
0,0.4090779302234046,0,0
0,0.6250664667122746,1,1
0,0.7994205665791324,1,1
0,0.48432053875147085,0,1
1,0.8149163025448386,1,1
1,0.7022157740698209,1,1
1,0.507126077721485,1,1
0,0.3829726047542439,0,0
1,0.7303061471792243,1,1
1,0.7806552659488541,1,1
0,0.1016759904725184,0,0
0,0.29960930672129593,0,0
1,0.8383027472173004,1,1
0,0.32181000777607494,0,0
0,0.5474691634233056,1,1
1,0.3067108865731053,0,0
0,0.16731267818041265,0,0
0,0.11965665576516311,0,0
1,0.6062660009203191,1,1
0,0.10909881407178246,0,0
0,0.28266416888192136,0,0
1,0.8832422640061701,1,1
0,0.7939341602458546,1,1
0,0.22494785073113585,0,0
1,0.7515191834367143,1,1
0,0.5277298969024472,1,1
0,0.4888665795075108,0,1
0,0.3420033789336428,0,0
1,0.8723528075937579,1,1
0,0.21607180626883138,0,0
1,0.9310733386610404,1,1
1,0.8208122963063138,1,1
1,0.8680556454470343,1,1
0,0.0941527697827906,0,0
0,0.32543908511723374,0,0
0,0.6365520469005679,1,1
0,0.7481665715075934,1,1
1,0.9546100194227145,1,1
0,0.1896345259257045,0,0
0,0.2257971914255446,0,0
0,0.47538011840808264,0,1
0,0.06371876245915063,0,0
0,0.8779695466072102,1,1
0,0.12258576643213305,0,0
0,0.1255885354717372,0,0
1,0.9375970681098924,1,1
1,0.37966616019492333,0,0
0,0.23168277492537656,0,0
0,0.3774507535086816,0,0
1,0.8663081562768211,1,1
0,0.4332565560080583,0,0
0,0.31594077978681434,0,0
0,0.43426864791467373,0,0
0,0.46348564017288674,0,0
1,0.41103270087813804,0,0
1,0.4554813271248302,0,0
0,0.2202223880896925,0,0
0,0.7468113965498889,1,1
0,0.544816681810249,1,1
1,0.867654645246485,1,1
0,0.7232736364251061,1,1
1,0.940742423153,1,1
0,0.5965040596050492,1,1
0,0.12098585954290382,0,0
0,0.43175829645673564,0,0
1,0.633949750536022,1,1
0,0.21614594718390048,0,0
0,0.8626658360936682,1,1
0,0.21055482243935356,0,0
0,0.27063426493530995,0,0
0,0.22289327035964274,0,0
0,0.3457210001306497,0,0
0,0.18879052617696368,0,0
0,0.11966317050346123,0,0
1,0.4138530666629626,0,0
1,0.22417114461841825,0,0
1,0.4141956774100912,0,0
0,0.19938215356872294,0,0
0,0.5181880389301456,1,1
0,0.67053593035043,1,1
0,0.5188911317272975,1,1
0,0.5291923651363503,1,1
0,0.5308532821162716,1,1
0,0.6223791665728562,1,1
0,0.07173519305181468,0,0
0,0.19180385945108355,0,0
0,0.14871596403037737,0,0
1,0.7301702751340043,1,1
0,0.36722217125978707,0,0
1,0.5502222775831243,1,1
1,0.8021391949030748,1,1
0,0.4590818514356748,0,0
1,0.47716975570693004,0,1
1,0.8513409023864845,1,1
1,0.5435807868254426,1,1
0,0.09483991889627222,0,0
1,0.8327621320833566,1,1
0,0.9066177887218501,1,1
0,0.07264140603953331,0,0
0,0.12031233829384878,0,0
0,0.13981487582672467,0,0
1,0.5659348205217508,1,1
1,0.8362175367059121,1,1
0,0.2898573845371806,0,0
0,0.2956621397860716,0,0
0,0.24204456280300907,0,0
1,0.6097774793336208,1,1
1,0.7589066113257362,1,1
1,0.4448882772192536,0,0
1,0.767288304073504,1,1
1,0.40232619601475234,0,0
0,0.4330240464853047,0,0
1,0.7617217454369675,1,1
0,0.26214414377099565,0,0
0,0.10077107167400778,0,0
0,0.3373173535680624,0,0
0,0.34160077803586897,0,0
0,0.1924846728745325,0,0
1,0.796017549544915,1,1
0,0.238463084631018,0,0
0,0.27537508597638144,0,0
0,0.07409556790133641,0,0
1,0.4355121104497432,0,0
0,0.38885313183359893,0,0
0,0.3488149997099341,0,0
0,0.15013249605389892,0,0
0,0.37320988280527795,0,0
1,0.8766509324868768,1,1
1,0.7785764058134671,1,1
1,0.9279013685353771,1,1
0,0.0789071970868837,0,0
0,0.36414333734518584,0,0
0,0.779953193685325,1,1
0,0.05750180144122471,0,0
1,0.5520492675227893,1,1
1,0.5113542666881206,1,1
0,0.9053266928634237,1,1
0,0.2103098382798398,0,0
1,0.13881174734942714,0,0
1,0.5174603521062873,1,1
0,0.04549986278628268,0,0
1,0.8810556739017885,1,1
0,0.10846166064680346,0,0
1,0.8533886149577262,1,1
0,0.3878519637886144,0,0
0,0.16279371066881473,0,0
1,0.17126795623269792,0,0
0,0.781742579187027,1,1
1,0.4315057631447058,0,0
1,0.5357336338531027,1,1
0,0.5392972889191083,1,1
1,0.7583606500842656,1,1
0,0.311899471760966,0,0
0,0.11668232875876569,0,0
1,0.8838520271589293,1,1
0,0.3113739195197254,0,0
0,0.07506228124731522,0,0
0,0.09814578009083863,0,0
1,0.09470438027286925,0,0
0,0.3263041348299586,0,0
1,0.8549316817259975,1,1
0,0.15794270463874047,0,0
0,0.2815516294130636,0,0
1,0.5171766050228874,1,1
1,0.49021118194790053,0,1
0,0.4399108961534923,0,0
0,0.3555780436527827,0,0
0,0.21319131207605344,0,0
0,0.5513001591358097,1,1
1,0.8258802004864831,1,1
1,0.46003459032689803,0,0
0,0.2598966516576643,0,0
0,0.6159954548548623,1,1
0,0.12462129246742631,0,0
0,0.8747556435386353,1,1
1,0.6790531878074764,1,1
0,0.6304121430775145,1,1
1,0.8975961541407029,1,1
1,0.5614531233146951,1,1
1,0.6429406736862362,1,1
0,0.04795089641559249,0,0
0,0.05874029367048181,0,0
0,0.24149686144803736,0,0
0,0.2566392883114468,0,0
0,0.2721364066842619,0,0
0,0.15685078981855127,0,0
0,0.26046650634486856,0,0
1,0.28707978193855255,0,0
0,0.08852024895494284,0,0
0,0.18156689013619068,0,0
1,0.6459929281476894,1,1
0,0.40035495253571013,0,0
0,0.38664354603746526,0,0
0,0.15506700831741918,0,0
0,0.5335283357976635,1,1
0,0.2554056060114092,0,0
0,0.14525732506993158,0,0
0,0.48309448121146137,0,1
0,0.23537403476333205,0,0
0,0.5009752412481545,1,1
0,0.5392529044822648,1,1
0,0.2323918509563991,0,0
1,0.6662391406643607,1,1
0,0.5046225036308294,1,1
1,0.4256578254825572,0,0
1,0.8657522479788293,1,1
0,0.1380684827488302,0,0
0,0.31145623544255324,0,0
1,0.897693517819624,1,1
0,0.4300138351998967,0,0
0,0.14383448489812067,0,0
0,0.12376494367591614,0,0
0,0.1553419327749363,0,0
1,0.8974493418924343,1,1
0,0.7243960295495386,1,1
0,0.29157272314097626,0,0
0,0.750202315025151,1,1
0,0.7365692975468506,1,1
0,0.19139312933769392,0,0
0,0.3954443454117712,0,0
1,0.7122088928711015,1,1
1,0.8823973383755037,1,1
1,0.5085989416631046,1,1
0,0.4595927915503525,0,0
0,0.05711807183780697,0,0
1,0.30958290352572093,0,0
1,0.8257325935529204,1,1
0,0.5122460307373342,1,1
0,0.44698903268789264,0,0
1,0.7639612544212495,1,1
0,0.30109715689857836,0,0
1,0.5242530274557404,1,1
0,0.326507505614481,0,0
1,0.5668542117034814,1,1
0,0.23254057892479724,0,0
0,0.06586795538683722,0,0
1,0.9034792355767156,1,1
0,0.3219259816175194,0,0
0,0.27621228068017045,0,0
1,0.9101719050239377,1,1
0,0.2918811450577093,0,0
1,0.6397871644674028,1,1
0,0.16490682583042907,0,0
0,0.8486927322594252,1,1
1,0.9127239641914812,1,1
0,0.24002198156143917,0,0
0,0.023899608361577666,0,0
0,0.5725410160840465,1,1
1,0.892458378537153,1,1
0,0.1962536750254251,0,0
0,0.0536023657374869,0,0
1,0.8688787061161427,1,1
0,0.48234248233427657,0,1
1,0.7997183285591112,1,1
1,0.4698704702857791,0,0
1,0.735503940837925,1,1
0,0.8348821455343616,1,1
0,0.31680877955746434,0,0
1,0.24745376601966057,0,0
0,0.2751911811985054,0,0
1,0.5946671725479288,1,1
0,0.10754164329442695,0,0
1,0.5557090014787444,1,1
0,0.44679534420879,0,0
1,0.9474682854498188,1,1
1,0.8094187307474777,1,1
0,0.19121388379999762,0,0
0,0.7630362634935901,1,1
0,0.3460065967285644,0,0
0,0.7321935380774152,1,1
1,0.5168932243376733,1,1
0,0.06370750520200012,0,0
0,0.29219009037819965,0,0
1,0.6872624685154242,1,1
1,0.8449740488984904,1,1
0,0.15969710091623435,0,0
1,0.49615953375280364,0,1
0,0.059100585542233734,0,0
1,0.5928529594389326,1,1
1,0.8804352262095319,1,1
0,0.5610846932502055,1,1
0,0.2121951473343044,0,0
1,0.8249432314484995,1,1
0,0.2125428768488652,0,0
0,0.4896594960385294,0,1
0,0.09760948925733261,0,0
0,0.35665733855328857,0,0
0,0.2845048776171918,0,0
0,0.2780210650908168,0,0
0,0.12008212877304321,0,0
0,0.27386302105376575,0,0
1,0.742394473206281,1,1
0,0.06495210024568668,0,0
0,0.2507544491516356,0,0
0,0.26285968097465323,0,0
0,0.1373496277573636,0,0
1,0.6465860562582765,1,1
0,0.4972382310514162,0,1
0,0.10614422210835178,0,0
0,0.7645667620627108,1,1
0,0.05237308630826535,0,0
1,0.7129950764693691,1,1
0,0.09111231082638639,0,0
0,0.2988485301007322,0,0
1,0.2829588838465017,0,0
0,0.0598735643419716,0,0
1,0.9041596131359761,1,1
0,0.16835911143610516,0,0
0,0.14205987274379778,0,0
0,0.3779919486086924,0,0
1,0.73086248682337,1,1
1,0.6387307573815121,1,1
0,0.4687495485515679,0,0
0,0.8325020434067307,1,1
0,0.23999516222262895,0,0
0,0.8976475618511844,1,1
1,0.8087893109990043,1,1
0,0.11202086602326482,0,0
1,0.16002647798693423,0,0
0,0.1564031933750331,0,0
1,0.2304034430218973,0,0
1,0.44979991306853373,0,0
0,0.16019898571068805,0,0
1,0.7441080407839751,1,1
1,0.812100418241945,1,1
1,0.5751496200557336,1,1
0,0.05588684318043462,0,0
0,0.12131541464355006,0,0
0,0.10547970714140302,0,0
0,0.19204517314340705,0,0
0,0.09567279538693463,0,0
0,0.426681547664662,0,0
0,0.12118718939221623,0,0
0,0.07432560260768682,0,0
0,0.03384280724702879,0,0
0,0.26024908808847175,0,0
0,0.21407603557723087,0,0
1,0.8717026306596277,1,1
0,0.14153320434958394,0,0
1,0.6805794225422908,1,1
1,0.8334451142643684,1,1
0,0.08506783167332001,0,0
0,0.129688595056934,0,0
1,0.3711877219933035,0,0
0,0.3147226980468003,0,0
1,0.5110557261502926,1,1
0,0.20139466989812166,0,0
0,0.5927153034037549,1,1
0,0.2282866584206078,0,0
1,0.7385175584945607,1,1
0,0.8786619234366971,1,1
0,0.7728191873582542,1,1
1,0.6408015545967642,1,1
1,0.4053395066737526,0,0
1,0.8903747131948816,1,1
0,0.11185254683124457,0,0
1,0.7932122852641594,1,1
0,0.345473862027105,0,0
0,0.2445273454764391,0,0
0,0.4248004201135713,0,0
0,0.465287028232782,0,0
0,0.16877715624165168,0,0
1,0.7738764683781119,1,1
0,0.5798494674940136,1,1
0,0.33554226566868695,0,0
1,0.7803396179127903,1,1
0,0.12535838270072003,0,0
0,0.6454534467467214,1,1
0,0.5289261027352147,1,1
0,0.3145682696151499,0,0
0,0.09536878273211595,0,0
0,0.31784875594952466,0,0
0,0.13719114605980892,0,0
1,0.2813794952156117,0,0
0,0.3986747640027118,0,0
1,0.7953317933662437,1,1
1,0.6658837254880347,1,1
0,0.20452717811901222,0,0
0,0.5604155724174147,1,1
0,0.13994388824495485,0,0
0,0.4652855905674271,0,0
0,0.671124105642164,1,1
0,0.11490511038998627,0,0
1,0.2668351880295029,0,0
0,0.27184435691626757,0,0
0,0.16957301553010215,0,0
0,0.09597775499956945,0,0
0,0.3857914055042158,0,0
1,0.7809165918432872,1,1
0,0.6069683691878485,1,1
0,0.1310725025148076,0,0
0,0.14105536907982835,0,0
0,0.14371231636539766,0,0
0,0.12611162288052674,0,0
1,0.45106416236977404,0,0
1,0.23484545268892587,0,0
0,0.4799884487645816,0,1
0,0.21776135510836211,0,0
0,0.3672662221149638,0,0
1,0.8061550600523897,1,1
0,0.8427480343390709,1,1
1,0.7369102074930104,1,1
0,0.11527895302720405,0,0
0,0.5466098934677663,1,1
0,0.09106219235696554,0,0
0,0.28037410181401673,0,0
1,0.536797427771606,1,1
1,0.552719723019302,1,1
1,0.354078345129815,0,0
0,0.2876337244139542,0,0
0,0.22084827492060247,0,0
0,0.7918426738795072,1,1
0,0.1613074248561797,0,0
0,0.1786515750262511,0,0
1,0.3909531235655775,0,0
1,0.84793610005286,1,1
0,0.4058737664303561,0,0
0,0.415363417034776,0,0
1,0.8067418113540712,1,1
1,0.6568491246913586,1,1
0,0.5120471352668512,1,1
0,0.7129496962809798,1,1
1,0.5546819092189867,1,1
1,0.7456080693488851,1,1
1,0.5167083726696654,1,1
0,0.23477002467907615,0,0
0,0.550283210757436,1,1
0,0.14168717341937484,0,0
0,0.1585830201368186,0,0
0,0.24811786665522845,0,0
1,0.6491558716165073,1,1
1,0.8579304222262399,1,1
0,0.3450277029737781,0,0
0,0.31863583570362847,0,0
0,0.39116553782339325,0,0
1,0.49015032370464323,0,1
0,0.6584126784003316,1,1
0,0.09946853082295415,0,0
0,0.10616826302784767,0,0
0,0.31738424392379444,0,0
1,0.6534352654859162,1,1
1,0.9454659016244503,1,1
0,0.3595248705044776,0,0
0,0.9075861777509979,1,1
1,0.4461725635954316,0,0
1,0.5689486401071768,1,1
0,0.06495883974312149,0,0
0,0.1451988770984869,0,0
1,0.06898724324967276,0,0
1,0.7794387142704287,1,1
0,0.27769661679341096,0,0
0,0.7353276484367848,1,1
0,0.1977487378342687,0,0
1,0.5062688023172615,1,1
0,0.18451900530662158,0,0
0,0.5096927939410649,1,1
0,0.09412990427387224,0,0
0,0.37223001251182813,0,0
1,0.6668396479698835,1,1
0,0.069792049806256,0,0
1,0.5805158916510125,1,1
0,0.7069096167170006,1,1
1,0.6824620339488837,1,1
0,0.2794147258254284,0,0
0,0.592988077256758,1,1
0,0.21785114507110773,0,0
1,0.5441878483185053,1,1
1,0.5863438070502326,1,1
0,0.1944108865913887,0,0
0,0.6713490661981935,1,1
0,0.13475090940385165,0,0
1,0.8666176503621587,1,1
0,0.3732239129128163,0,0
0,0.19175630029423912,0,0
0,0.4347678249681631,0,0
0,0.3570791792451035,0,0
0,0.49619339101367615,0,1
0,0.8700673221086385,1,1
1,0.8424069421881722,1,1
0,0.7447133761847308,1,1
0,0.5672399988507811,1,1
1,0.15862936533395677,0,0
0,0.09391726974244081,0,0
0,0.387517003244321,0,0
1,0.8321732944792641,1,1
0,0.12749857818916185,0,0
0,0.26982874675967417,0,0
0,0.5133573606824128,1,1
1,0.1379944197041152,0,0
1,0.9162365290386367,1,1
1,0.9548922586123226,1,1
0,0.196764058431763,0,0
0,0.2410641346393895,0,0
1,0.685105285871562,1,1
0,0.09610880399601962,0,0
0,0.44854650741968316,0,0
0,0.0803277930633818,0,0
0,0.03033193338413938,0,0
1,0.7368430000126643,1,1
0,0.7106168005896532,1,1
1,0.9333719118221346,1,1
0,0.341076978018558,0,0
0,0.20617231469598804,0,0
0,0.20019834315575497,0,0
0,0.4413427640078786,0,0
0,0.09444224569369976,0,0
1,0.7565598825766312,1,1
1,0.42962181249411224,0,0
0,0.3065023928918555,0,0
1,0.5677583722837418,1,1
0,0.14735247525821057,0,0
1,0.5217213950030829,1,1
0,0.22909132094522447,0,0
1,0.4083657085427719,0,0
0,0.15920783423294937,0,0
1,0.3394998234365993,0,0
0,0.4750877044933174,0,1
0,0.24669759847849976,0,0
0,0.15372970440533942,0,0
0,0.4043589827337187,0,0
0,0.23227154821800164,0,0
0,0.17476534766145543,0,0
0,0.38244643222599595,0,0
1,0.7931438438868081,1,1
0,0.3830865123987389,0,0
1,0.6187536341015248,1,1
0,0.17599152142758037,0,0
0,0.15974178745816078,0,0
1,0.8918917589542462,1,1
1,0.8959942494078798,1,1
0,0.26171657863454156,0,0
0,0.10674049570092899,0,0
0,0.32684401491668796,0,0
1,0.7209293098298536,1,1
0,0.5181142158028658,1,1
1,0.9423277355416884,1,1
1,0.34831355027052824,0,0
0,0.08379162620572397,0,0
0,0.6207746073005599,1,1
0,0.7963323421027652,1,1
0,0.15970407134044987,0,0
0,0.49069531111000725,0,1
1,0.33837890022288275,0,0
0,0.19264000602595102,0,0
1,0.8148954284048112,1,1
0,0.1363657444355703,0,0
0,0.13434940840051485,0,0
0,0.14037994569664364,0,0
0,0.0935185968024222,0,0
0,0.11282060516341991,0,0
0,0.049552191478204013,0,0
0,0.24548604396061272,0,0
0,0.3126214678352726,0,0
1,0.5288165965949917,1,1
0,0.1722849818078538,0,0
0,0.7991164552114843,1,1
0,0.7558514348163535,1,1
1,0.6591117498089675,1,1
0,0.863936771403033,1,1
1,0.5149156247738924,1,1
1,0.7387464329456568,1,1
0,0.11708806619321642,0,0
1,0.3802614415314693,0,0
0,0.6240362590455978,1,1
0,0.17535291173032333,0,0
0,0.20257697128891444,0,0
0,0.1524142444274986,0,0
1,0.9403928239938364,1,1
0,0.21483546214818713,0,0
0,0.2982657484036046,0,0
0,0.5443972684761046,1,1
0,0.3422762347427803,0,0
0,0.3411978454691554,0,0
0,0.10244831962493732,0,0
0,0.29751143890253356,0,0
0,0.34901101126515643,0,0
1,0.8151675478093132,1,1
0,0.4394455430866787,0,0
1,0.6010030969723867,1,1
1,0.7992343448926708,1,1
0,0.10688201908004856,0,0
0,0.2793993671243594,0,0
1,0.36573787619937054,0,0
0,0.18278935497074753,0,0
0,0.8000378477169208,1,1
0,0.22335379884742362,0,0
0,0.18850798191367227,0,0
1,0.5924505826925028,1,1
0,0.475099252861172,0,1
0,0.3454401363423026,0,0
0,0.8844112224894326,1,1
0,0.4853756138227808,0,1
1,0.858352731027442,1,1
1,0.7190308520382797,1,1
0,0.8699594852490262,1,1
0,0.1952998775138708,0,0
0,0.497174152698541,0,1
0,0.1607956806049075,0,0
1,0.35578933930539197,0,0
1,0.8259927140892366,1,1
1,0.444790450170314,0,0
0,0.10537729032919256,0,0
1,0.7157227361332738,1,1
0,0.55944948207607,1,1
1,0.7187194603240296,1,1
1,0.5512046946283424,1,1
1,0.8767773109282582,1,1
1,0.846262868685944,1,1
1,0.4722119508829811,0,1
0,0.25861743641628954,0,0
0,0.5318261389187129,1,1
0,0.30579996895556816,0,0
1,0.8268879178061722,1,1
1,0.47842637098584656,0,1
0,0.5139647025710642,1,1
0,0.38996276882427405,0,0
0,0.44462402809029195,0,0
1,0.6168845100860585,1,1
0,0.6980012571807984,1,1
1,0.7697394583675932,1,1
1,0.6348242859097767,1,1
0,0.0755184262479431,0,0
1,0.83145287204343,1,1
0,0.2710749919029915,0,0
0,0.21295249734513494,0,0
0,0.35025328047021353,0,0
0,0.49001200793876715,0,1
0,0.22069133419504122,0,0
0,0.620367664354204,1,1
0,0.6026506102569114,1,1
0,0.19872926226299814,0,0
0,0.03969668835284595,0,0
0,0.5552661201777425,1,1
0,0.09865631033969943,0,0
0,0.8307962383036638,1,1
1,0.11773089936805886,0,0
0,0.5908157058418914,1,1
0,0.554583118950517,1,1
0,0.4652447550854933,0,0
0,0.5288148184499813,1,1
0,0.1509319706105156,0,0
0,0.3311035945447351,0,0
1,0.0867422604632537,0,0
0,0.8636963734559624,1,1
1,0.2319251297760151,0,0
0,0.6689079533741707,1,1
0,0.1443285112846092,0,0
0,0.3825731639545191,0,0
0,0.36517349975559277,0,0
0,0.0951912417988106,0,0
1,0.8356973751092779,1,1
1,0.9011638616054614,1,1
0,0.6792300189939336,1,1
0,0.02343651613561617,0,0
0,0.7239624029455937,1,1
0,0.12036104009899337,0,0
1,0.6064759432368727,1,1
0,0.7129103200673697,1,1
0,0.32279980237375855,0,0
1,0.5039547275372576,1,1
0,0.30927434199047493,0,0
0,0.5131242072485825,1,1
0,0.4657088345011853,0,0
0,0.3741507316233801,0,0
0,0.1015227518949223,0,0
0,0.5485267491967077,1,1
1,0.7807471337597525,1,1
0,0.5838274410833534,1,1
0,0.47347030889796565,0,1
0,0.32902078317094247,0,0
0,0.7722574751778019,1,1
1,0.5453565516635468,1,1
0,0.3739345255625725,0,0
0,0.23909036888235444,0,0
0,0.035791865911671036,0,0
0,0.475366890690087,0,1
0,0.9123864721657331,1,1
0,0.3350991303156449,0,0
1,0.8216884148387383,1,1
0,0.551099436147115,1,1
0,0.07549740128630705,0,0
0,0.40865359826514996,0,0
0,0.17397004987796577,0,0
0,0.5675945549881461,1,1
0,0.23129018317861613,0,0
1,0.9110484016210089,1,1
1,0.910037986467533,1,1
0,0.24986449791216334,0,0
1,0.6423249781365398,1,1
0,0.10956670394622325,0,0
0,0.17439740557780686,0,0
0,0.23606072555125054,0,0
1,0.5772741338377361,1,1
1,0.6527386061884193,1,1
1,0.3375613800636334,0,0
0,0.6735421842666409,1,1
1,0.526471361373381,1,1
0,0.11042405308677523,0,0
0,0.3873106818753057,0,0
0,0.784176447496378,1,1
0,0.07891284088957105,0,0
0,0.5656237538668191,1,1
0,0.10593487197764928,0,0
0,0.2326982207258344,0,0
1,0.7765604394011354,1,1
1,0.8240983209240031,1,1
0,0.14538878561174617,0,0
0,0.3484915248807821,0,0
0,0.3233173031353107,0,0
0,0.6745205782516779,1,1
1,0.22031097256755,0,0
0,0.9172977505782816,1,1
1,0.18049133386284302,0,0
1,0.7753048714731838,1,1
0,0.10235305539973007,0,0
0,0.12425144506406886,0,0
0,0.6001805494211406,1,1
1,0.9309027563207283,1,1
0,0.26375192140142223,0,0
1,0.7764500386330544,1,1
0,0.2209728346581053,0,0
0,0.6808428257848035,1,1
0,0.4825232459437499,0,1
1,0.3592811135779578,0,0
0,0.10909544020349089,0,0
1,0.848903957106187,1,1
0,0.21558230026829686,0,0
1,0.8547793997242786,1,1
0,0.3858632743105044,0,0
0,0.6149432588484203,1,1
0,0.24860639750208977,0,0
1,0.8518405442823466,1,1
0,0.12039443760352779,0,0
1,0.6505172758105854,1,1
1,0.8165805110450086,1,1
0,0.2999949872445916,0,0
0,0.0820252648347884,0,0
0,0.3577481431335016,0,0
1,0.31188939682649686,0,0
1,0.10698948067830512,0,0
1,0.35937622080067305,0,0
0,0.5531316977772371,1,1
0,0.37943448398122975,0,0
0,0.34917751782779516,0,0
0,0.08259420345860545,0,0
0,0.8951848273897084,1,1
0,0.16463566246140562,0,0
0,0.260433744864155,0,0
0,0.48166317403924,0,1
1,0.4049981889677667,0,0
0,0.06527425418360604,0,0
1,0.6627180429901999,1,1
0,0.3027431307544358,0,0
0,0.08677644130162206,0,0
0,0.6399376554197739,1,1
0,0.3790618128981181,0,0
0,0.19227372649934515,0,0
1,0.1415720710155905,0,0
0,0.06999692199836079,0,0
0,0.3078969337866914,0,0
1,0.909789880664818,1,1
1,0.8176109854893217,1,1
1,0.649210787496596,1,1
1,0.9256820739302747,1,1
0,0.23478866584023111,0,0
1,0.6162943204921286,1,1
0,0.06842337103382233,0,0
0,0.2495433681249564,0,0
1,0.7434842723153441,1,1
1,0.7224796068336007,1,1
1,0.9387302055594007,1,1
1,0.6026668164386426,1,1
0,0.04752193330591939,0,0
1,0.8100278370433922,1,1
0,0.34281406868175174,0,0
0,0.4869196154537184,0,1
1,0.7661796795088962,1,1
1,0.576750430353586,1,1
1,0.7032693341877316,1,1
1,0.58839702283622,1,1
0,0.4005266876344939,0,0
0,0.2718279318548755,0,0
1,0.4207182881141143,0,0
1,0.48001990632501124,0,1
0,0.29330706016258284,0,0
0,0.37663775409170963,0,0
0,0.46038635225662033,0,0
1,0.7570801429998802,1,1
1,0.6475244720642364,1,1
0,0.3308074387316988,0,0
1,0.8908397528940716,1,1
0,0.5996961386538648,1,1
0,0.13904991315685175,0,0
0,0.5145121773732666,1,1
0,0.5260479338768136,1,1
0,0.598298908453719,1,1
0,0.5980580100898898,1,1
1,0.5721066030273343,1,1
0,0.6761006670818419,1,1
0,0.7499355482912945,1,1
0,0.23175293425924165,0,0
0,0.10058024062808672,0,0
1,0.17800778502278808,0,0
1,0.5788678335006776,1,1
0,0.6943356575807293,1,1
0,0.37604227913505195,0,0
1,0.6185546747382283,1,1
0,0.4012631502599494,0,0
0,0.5515097182635585,1,1
0,0.08946007939054208,0,0
0,0.307641815753407,0,0
1,0.701735896714697,1,1
1,0.5520796005677809,1,1
1,0.5684190970608419,1,1
0,0.09767360640166695,0,0
1,0.8394887979576294,1,1
1,0.8478061453848572,1,1
0,0.27534392935719226,0,0
1,0.6579923510135717,1,1
0,0.8828778511037623,1,1
0,0.06724568897056231,0,0
1,0.7119527055435484,1,1
0,0.7412635687291858,1,1
1,0.7731997479876859,1,1
0,0.14707715860569318,0,0
0,0.23102828995030675,0,0
1,0.7868000311154258,1,1
0,0.7031361316820316,1,1
1,0.8875909421854264,1,1
0,0.2140691478131994,0,0
0,0.7619785869420496,1,1
1,0.769316459864908,1,1
1,0.7676053426164176,1,1
0,0.1840895431668659,0,0
1,0.7253996036236251,1,1
0,0.22009985483586397,0,0
0,0.7853493845210993,1,1
1,0.48537274981417744,0,1
0,0.4042977138301225,0,0
1,0.2020997197375735,0,0
1,0.7276462383861759,1,1
0,0.37326656315372686,0,0
0,0.22007317230946385,0,0
1,0.16768882336494614,0,0
1,0.7163220828420471,1,1
1,0.6952312459014635,1,1
0,0.38123763108461695,0,0
1,0.7687030500361205,1,1
0,0.4569345479372613,0,0
1,0.2250188655483215,0,0
0,0.5177516048613942,1,1
0,0.2146681371206033,0,0
1,0.6465912547325207,1,1
1,0.8813264354751045,1,1
0,0.03411236342511231,0,0
0,0.5831886457782615,1,1
0,0.7643778883622947,1,1
1,0.8803508659000611,1,1
0,0.5667236534652556,1,1
1,0.25372617885829163,0,0
0,0.3897026632991381,0,0
0,0.45867439878411925,0,0
0,0.853661262465801,1,1
0,0.4454527985813527,0,0
1,0.41344714642178515,0,0
0,0.20552259289737493,0,0
0,0.2658190883388315,0,0
0,0.21205316718536069,0,0
0,0.07540544662594788,0,0
0,0.5235948094417084,1,1
1,0.3297066930944721,0,0
0,0.08222966796078253,0,0
0,0.7100789993327475,1,1
0,0.40976350779497145,0,0
1,0.48818239339668035,0,1
0,0.10508775229189675,0,0
1,0.34564627541271037,0,0
0,0.4952369559220599,0,1
1,0.28139304430078,0,0
0,0.06520927904422678,0,0
0,0.1689553243595311,0,0
0,0.15861795899110293,0,0
1,0.5749591912259784,1,1
1,0.36683360260984216,0,0
0,0.13195318908736375,0,0
1,0.7136895776767045,1,1
0,0.24424102985140836,0,0
1,0.37330879748857426,0,0
0,0.5430369275277742,1,1
0,0.19895554286339598,0,0
1,0.2604154503022613,0,0
0,0.7683115161270597,1,1
0,0.10265698371146918,0,0
0,0.7378959720868042,1,1
1,0.7668009817689319,1,1
0,0.8666526438908821,1,1
1,0.5413613045513594,1,1
1,0.9032003807695724,1,1
1,0.7480535335113514,1,1
1,0.709930751092243,1,1
1,0.6939344695643214,1,1
0,0.4195532491951351,0,0
0,0.1660949431904806,0,0
0,0.12207938191329398,0,0
1,0.6028523502538687,1,1
0,0.26536416896124004,0,0
1,0.8955531898026862,1,1
1,0.5570461771478099,1,1
1,0.35169870553835625,0,0
0,0.43451862742853026,0,0
1,0.883042022395906,1,1
0,0.08832289285069668,0,0
0,0.3549848407207444,0,0
0,0.8999828984692959,1,1
1,0.4924417297021952,0,1
0,0.22317617129109055,0,0
1,0.4937228905129499,0,1
0,0.8934376788509137,1,1
0,0.24493266586195883,0,0
0,0.40958673351612906,0,0
1,0.7836310505445403,1,1
0,0.7146362577626257,1,1
0,0.17105938106460075,0,0
1,0.36133339296820455,0,0
0,0.24084624919704092,0,0
0,0.3764470483929012,0,0
1,0.21156098168080673,0,0
0,0.07497084415418989,0,0
1,0.5866710809964104,1,1
1,0.7183680371853282,1,1
0,0.2978406229950476,0,0
0,0.8438118640363849,1,1
1,0.6847342831319162,1,1
1,0.6140775559187603,1,1
1,0.8181927083165137,1,1
0,0.19300000056048042,0,0
0,0.10260975650524394,0,0
0,0.8010716093732759,1,1
0,0.25810451604920737,0,0
0,0.12817034302375632,0,0
1,0.3991176559195562,0,0
0,0.46426933788769664,0,0
0,0.14604512985506415,0,0
1,0.9039113795294849,1,1
1,0.8422827201604749,1,1
1,0.5570361548012911,1,1
1,0.8238849289681447,1,1
1,0.17602856927967642,0,0
1,0.8518233755268085,1,1
0,0.2979933655552643,0,0
1,0.34296509713000684,0,0
1,0.7287362433487967,1,1
0,0.10877561760090293,0,0
0,0.8335111116240483,1,1
0,0.07212820647715999,0,0
0,0.24924762098754713,0,0
1,0.7526409874119174,1,1
1,0.7650967727323207,1,1
0,0.12849189803012864,0,0
1,0.5513123793647866,1,1
0,0.36958599371240514,0,0
0,0.7490673634687264,1,1
0,0.09989952985042519,0,0
0,0.0811944782065169,0,0
1,0.6074523459789979,1,1
1,0.8378477343683666,1,1
0,0.057591448025811086,0,0
0,0.09843381276822241,0,0
1,0.7671770913338536,1,1
0,0.1804255982286857,0,0
1,0.6164679092706432,1,1
1,0.6346552521368577,1,1
0,0.8422227945838592,1,1
0,0.41766374923835503,0,0
0,0.12074288807232159,0,0
0,0.35904247107689713,0,0
0,0.51133850749435,1,1
1,0.4214144463521365,0,0
0,0.6591908954488412,1,1
0,0.5086404850990407,1,1
0,0.16341620097648288,0,0
1,0.4292745326136036,0,0
0,0.22558080837737043,0,0
0,0.30328412419757417,0,0
1,0.6612980280809873,1,1
1,0.7966318635563957,1,1
0,0.3014228092644547,0,0
0,0.6288598565610843,1,1
1,0.434148390002338,0,0
1,0.7846421499374279,1,1
0,0.09889907148264118,0,0
0,0.7546217914686819,1,1
0,0.5465565464456632,1,1
1,0.5040764397778053,1,1
1,0.7959687092418521,1,1
1,0.8726558462358407,1,1
1,0.951233383235973,1,1
1,0.8424738041574384,1,1
0,0.687733418745823,1,1
1,0.2777816193307604,0,0
0,0.6714470721573644,1,1
0,0.39887847116038033,0,0
0,0.8308288954072054,1,1
0,0.14070540505603674,0,0
0,0.29223287247102014,0,0
1,0.4656499167890496,0,0
0,0.22833527384618565,0,0
1,0.5876389512338435,1,1
1,0.5446511408512819,1,1
0,0.3697426426861612,0,0
1,0.8622774687918608,1,1
0,0.25576357511839465,0,0
0,0.12883676599908359,0,0
0,0.5029474391592537,1,1
0,0.4964373705032561,0,1
0,0.3825698573906903,0,0
1,0.4857855939421737,0,1
0,0.277080198995632,0,0
0,0.4489322983218908,0,0
1,0.8188582484719656,1,1
1,0.3600254566541662,0,0
0,0.3914532583359057,0,0
1,0.8034886329864367,1,1
1,0.8981926095728792,1,1
0,0.8238015269600771,1,1
0,0.29279065647154606,0,0
0,0.4784080115633305,0,1
1,0.21553963069733792,0,0
0,0.06312199557975061,0,0
0,0.4259446923813398,0,0
0,0.4144108905798572,0,0
1,0.7682114806302659,1,1
1,0.9243223904965779,1,1
1,0.24385228547522828,0,0
0,0.42280126283094055,0,0
0,0.4587008079614844,0,0
0,0.8465364515355466,1,1
0,0.2807044808878815,0,0
0,0.5518088887538889,1,1
0,0.3423130563693331,0,0
0,0.1737457335724163,0,0
0,0.3704848007364165,0,0
0,0.10451913254562266,0,0
0,0.06390013323219192,0,0
0,0.6223114200012593,1,1
1,0.25138450358034525,0,0
0,0.2559810921686165,0,0
0,0.18192669976192982,0,0
0,0.14864012147093997,0,0
0,0.6486328552267204,1,1
0,0.7190966525446607,1,1
0,0.6079667827593148,1,1
0,0.2810493003446812,0,0
1,0.542771933327374,1,1
1,0.17932562089827275,0,0
0,0.289002650187832,0,0
0,0.21923693904578648,0,0
0,0.4982448981806227,0,1
0,0.5314136964157979,1,1
1,0.6987138409616822,1,1
0,0.26954548286792723,0,0
1,0.41668406752271275,0,0
1,0.7159303670279664,1,1
0,0.10266196875018421,0,0
0,0.5234082105948797,1,1
0,0.39308266391908697,0,0
0,0.24943550008466966,0,0
1,0.7375496923886631,1,1
0,0.44994197851901985,0,0
0,0.2516263229224012,0,0
1,0.7154014562327335,1,1
0,0.33565311829458816,0,0
0,0.6079238138835754,1,1
0,0.1504271636358021,0,0
0,0.5777398829275538,1,1
0,0.20759573924479813,0,0
1,0.5922440607020271,1,1
1,0.19063930700947992,0,0
0,0.8668552990704523,1,1
1,0.6499519546964402,1,1
0,0.08920987237768621,0,0
0,0.7930019808883125,1,1
1,0.4261882236004106,0,0
1,0.7095534767367867,1,1
1,0.9079335183668996,1,1
1,0.2685113886556576,0,0
0,0.29569949103978616,0,0
0,0.2252680283243303,0,0
1,0.5133173083341708,1,1
1,0.940917575003123,1,1
1,0.5897797504561825,1,1
1,0.7668974454173317,1,1
0,0.24648954292355876,0,0
1,0.7077480742427587,1,1
1,0.8347241321573957,1,1
1,0.8534906623850744,1,1
1,0.8813293095634448,1,1
0,0.6071757107030276,1,1
0,0.6988554700088746,1,1
1,0.7305134294080774,1,1
1,0.6071475756319441,1,1
1,0.7457548237076456,1,1
0,0.9031032721193153,1,1
0,0.21993993250098245,0,0
0,0.1564274083364723,0,0
1,0.7860087960788055,1,1
1,0.7551671429120408,1,1
0,0.6950677990993724,1,1
1,0.6519719310415794,1,1
0,0.5348975072424551,1,1
1,0.2532360666576585,0,0
0,0.1531600057967253,0,0
0,0.13605489620549868,0,0
1,0.751547931385736,1,1
0,0.06029161984190597,0,0
0,0.09248829566077432,0,0
1,0.623348670323658,1,1
1,0.5647134047065623,1,1
0,0.6975758530021554,1,1
0,0.3874499194673218,0,0
0,0.4824598510329585,0,1
1,0.8811213646011925,1,1
0,0.27143900701204654,0,0
0,0.08828026477644044,0,0
0,0.3042341475904854,0,0
0,0.0760262412959408,0,0
1,0.45312763262979544,0,0
0,0.1777221615471558,0,0
0,0.715097742962047,1,1
1,0.48590635310858,0,1
0,0.06281195963731592,0,0
0,0.5285396839305702,1,1
0,0.2889952247070885,0,0
1,0.8063881011446898,1,1
0,0.04050006707550625,0,0
0,0.21683572748089006,0,0
1,0.621578112979831,1,1
1,0.5365091224147216,1,1
0,0.3184933132154282,0,0
0,0.525870176954213,1,1
0,0.5110433035753199,1,1
0,0.2466334186922394,0,0
0,0.5168539984026308,1,1
1,0.766851031183325,1,1
1,0.9296886478966846,1,1
0,0.09570557790539129,0,0
0,0.22168398608927406,0,0
1,0.7832416251624551,1,1
1,0.6765207873563268,1,1
0,0.42345622001702365,0,0
0,0.4810764134650464,0,1
0,0.16971913691271062,0,0
0,0.2694344909574956,0,0
0,0.28734492200178324,0,0
0,0.3307806386704334,0,0
0,0.10934913384653787,0,0
1,0.8009199770762823,1,1
0,0.2201289918833339,0,0
0,0.5417026248900535,1,1
1,0.6469468422502693,1,1
0,0.1073161960611569,0,0
0,0.5003339558126255,1,1
0,0.15930253835226726,0,0
0,0.17740960661940205,0,0
0,0.06073964022716178,0,0
1,0.8724938490154012,1,1
0,0.6192872121278258,1,1
1,0.6584439505589091,1,1
0,0.8804752751554017,1,1
0,0.29691585596795156,0,0
0,0.07383209638716169,0,0
1,0.6302717703287585,1,1
0,0.21045011049063697,0,0
0,0.13266124988202263,0,0
0,0.20954172930138218,0,0
1,0.746670429781265,1,1
0,0.24625735638447835,0,0
0,0.7670023756994659,1,1
1,0.8016205678616074,1,1
0,0.11657931209788876,0,0
0,0.7438780273812483,1,1
0,0.12157843205377594,0,0
0,0.2585146917136236,0,0
0,0.18926025112230696,0,0
1,0.9295066812739756,1,1
0,0.38927372538054084,0,0
1,0.9018309645997352,1,1
0,0.4742968509551411,0,1
0,0.14136156140073627,0,0
1,0.5522189378267688,1,1
0,0.17549813310530626,0,0
1,0.8961745373707015,1,1
0,0.1259360264034064,0,0
0,0.36336518183251876,0,0
0,0.14553550831885506,0,0
0,0.7434940371902533,1,1
0,0.4681639634076136,0,0
1,0.38349568547953666,0,0
0,0.3117305262453785,0,0
0,0.5910840098969987,1,1
0,0.32730058167378673,0,0
0,0.18390995117377962,0,0
0,0.7805669984737105,1,1
0,0.08380587638216626,0,0
1,0.8597312053182838,1,1
0,0.06166757765758656,0,0
1,0.8787408289760761,1,1
0,0.4884210526139253,0,1
0,0.6278183671445623,1,1
0,0.6571270442052999,1,1
0,0.4526447858904847,0,0
1,0.7936337118171005,1,1
1,0.9250117697078908,1,1
1,0.7481311306035419,1,1
1,0.725525363816568,1,1
1,0.5276709022547318,1,1
0,0.6082476316153653,1,1
0,0.4813435670844084,0,1
0,0.8049095994514432,1,1
0,0.2621242922484283,0,0
1,0.8559964527813474,1,1
1,0.48236564747338073,0,1
0,0.27643636669593397,0,0
1,0.8568726377731084,1,1
1,0.07710849088494755,0,0
0,0.3225487904270967,0,0
0,0.18711591548305767,0,0
1,0.44029442725195905,0,0
0,0.9193556010384616,1,1
0,0.15932553494714288,0,0
0,0.5205114198545425,1,1
0,0.15197000200286892,0,0
1,0.9073798722508802,1,1
0,0.3612080107239499,0,0
0,0.09775071495121307,0,0
1,0.6714087389107932,1,1
0,0.06938092817517327,0,0
1,0.6724736492340041,1,1
0,0.3646978698754084,0,0
0,0.590952840574949,1,1
0,0.3286200026074865,0,0
0,0.06813344933338542,0,0
0,0.3988940105051493,0,0
1,0.8699948273005291,1,1
0,0.1856762715625905,0,0
0,0.8098540177929903,1,1
0,0.2725601529452439,0,0
0,0.729254678001942,1,1
0,0.663790365623271,1,1
0,0.6813384618632357,1,1
0,0.265003061053838,0,0
1,0.6590293970625107,1,1
1,0.12966995672347026,0,0
1,0.5614587753441665,1,1
1,0.8663970127452155,1,1
0,0.2898423978003959,0,0
1,0.6374293565580299,1,1
0,0.2502482721123336,0,0
1,0.7213619745336696,1,1
1,0.5406679611714901,1,1
0,0.1158566711178321,0,0
0,0.09638234630587972,0,0
0,0.08177141971243004,0,0
0,0.696771125354623,1,1
1,0.7803657426975036,1,1
0,0.6079893315949485,1,1
0,0.22049756233446052,0,0
0,0.374040159291602,0,0
0,0.33440874326358744,0,0
0,0.24668266558463167,0,0
0,0.1654014686597821,0,0
0,0.39523523774801456,0,0
0,0.18546838282984948,0,0
0,0.06250245762874033,0,0
1,0.29968138697127467,0,0
0,0.4476781424918928,0,0
0,0.45143715716136174,0,0
0,0.6552560641149245,1,1
0,0.10415941414143352,0,0
0,0.14662819414059433,0,0
0,0.19112230035233005,0,0
1,0.7436964899294219,1,1
0,0.10650764575071231,0,0
1,0.02198307553032837,0,0
0,0.2472784106732548,0,0
0,0.2979794530380442,0,0
0,0.0896628864339448,0,0
0,0.6606417217434902,1,1
0,0.5557344740397664,1,1
0,0.4350137150775789,0,0
1,0.32758584436995064,0,0
0,0.6307151319755677,1,1
0,0.10518757037526094,0,0
0,0.2018137517012388,0,0
0,0.22434187995542498,0,0
1,0.5347304834449431,1,1
0,0.5283433737047685,1,1
0,0.16037632394613532,0,0
1,0.29384351947244697,0,0
0,0.1854059459099488,0,0
1,0.7798976382089255,1,1
0,0.07560686070323956,0,0
0,0.09223971131218572,0,0
0,0.21967791545492038,0,0
0,0.09362637422312642,0,0
0,0.1178147753348589,0,0
0,0.15916209861859923,0,0
0,0.19359703851056592,0,0
0,0.13107036400765876,0,0
0,0.32117025932989074,0,0
1,0.6593719504277611,1,1
0,0.31468066924612614,0,0
0,0.21814132758979646,0,0
1,0.6165360879739312,1,1
1,0.6628907684724435,1,1
1,0.857944132514078,1,1
0,0.46750235194937173,0,0
1,0.6329171606013332,1,1
0,0.2643889445040746,0,0
0,0.5620043844627023,1,1
1,0.9333555455517532,1,1
0,0.22816156362128265,0,0
1,0.556463170807802,1,1
1,0.7950801968335336,1,1
0,0.3044585314976865,0,0
1,0.26984058860094556,0,0
0,0.49888523363649606,0,1
0,0.5498235284308808,1,1
0,0.12444971821707113,0,0
0,0.8878087209122597,1,1
0,0.5438845479213572,1,1
1,0.7776850327855692,1,1
1,0.7283488093171729,1,1
0,0.12864348195470132,0,0
0,0.30645562107604607,0,0
0,0.6548089979947119,1,1
0,0.30180898726496086,0,0
0,0.24616938114507045,0,0
1,0.2135723669923613,0,0
1,0.766021986535088,1,1
0,0.34801569246484004,0,0
0,0.33166811541345737,0,0
0,0.36425785004653594,0,0
0,0.22152725783986285,0,0
0,0.551544540720171,1,1
0,0.2625847692016996,0,0
0,0.1269700038624524,0,0
0,0.7816238830294168,1,1
0,0.36738949752244315,0,0
1,0.7029164266990066,1,1
0,0.18863982599532506,0,0
1,0.8458186694166338,1,1
0,0.22076630778075645,0,0
0,0.05592363285528991,0,0
0,0.26282370226674556,0,0
0,0.40892735246314127,0,0
0,0.8549426144234781,1,1
0,0.2098152138909284,0,0
0,0.09886520418103137,0,0
0,0.21510087866898633,0,0
0,0.8531368936488015,1,1
0,0.37171836096140043,0,0
1,0.8503023828051415,1,1
0,0.37087937045959635,0,0
0,0.7619108131296924,1,1
0,0.21299943211997735,0,0
1,0.3417605016201625,0,0
1,0.8693449220535379,1,1
0,0.11877911367549174,0,0
0,0.4167367391079126,0,0
1,0.20484926359273753,0,0
0,0.6032733769061749,1,1
0,0.17099195317036955,0,0
0,0.6820416627954264,1,1
0,0.19999820545640493,0,0
0,0.23599586114669652,0,0
1,0.9108969412501738,1,1
1,0.36978574328442937,0,0
0,0.8179306631602645,1,1
0,0.45353558414674855,0,0
0,0.2766880781970919,0,0
0,0.2604269691588545,0,0
1,0.6380012316672966,1,1
1,0.7922843132241857,1,1
0,0.1536065374719364,0,0
0,0.1343490867233156,0,0
0,0.6212696343190826,1,1
1,0.6172878279543081,1,1
0,0.3021918285525158,0,0
0,0.4995096084508768,0,1
1,0.3066677104193881,0,0
0,0.5358249535112862,1,1
1,0.8517889875490787,1,1
0,0.268758247103258,0,0
0,0.19852308456022502,0,0
0,0.10244502292682024,0,0
0,0.06866791906620204,0,0
0,0.07535667470526664,0,0
0,0.15416092101605366,0,0
1,0.9736227179636939,1,1
1,0.827409575458316,1,1
1,0.21186961645139318,0,0
0,0.3149381321155213,0,0
0,0.10991278913266646,0,0
0,0.2947160037971661,0,0
0,0.7981161115020469,1,1
0,0.49749737977189906,0,1
0,0.3273256034254856,0,0
0,0.31461616085105754,0,0
0,0.5081845560839255,1,1
0,0.13544061558007148,0,0
0,0.2828566191081583,0,0
0,0.33645018592884723,0,0
0,0.5972049058538592,1,1
0,0.4331575412252288,0,0
0,0.4530336160197678,0,0
0,0.5325330418214255,1,1
0,0.5714299199253761,1,1
1,0.8669162616255883,1,1
0,0.14340020660600689,0,0
0,0.18859414671854793,0,0
0,0.13785005016126126,0,0
1,0.4274439421982468,0,0
0,0.31661375378067874,0,0
1,0.4720552608801822,0,1
0,0.31213548752666187,0,0
1,0.8594340038613124,1,1
0,0.8766964335963511,1,1
0,0.3757245215782464,0,0
1,0.7252798440782151,1,1
1,0.4971195947877228,0,1
0,0.25617122839208334,0,0
0,0.22075497573338268,0,0
0,0.6508617505531932,1,1
0,0.10607621865691715,0,0
0,0.18674178930779295,0,0
0,0.7699278521235147,1,1
1,0.30366388301297603,0,0
0,0.7559848219294024,1,1
0,0.7112379558957698,1,1
1,0.24053878403598017,0,0
0,0.1486135685108322,0,0
0,0.10231770761453664,0,0
0,0.5315217144108659,1,1
0,0.28522761637489724,0,0
0,0.5343114945429766,1,1
1,0.5489085722893453,1,1
0,0.19192779476481692,0,0
0,0.08626397045551612,0,0
1,0.8318076124427576,1,1
1,0.3450924506114516,0,0
0,0.3236409065224891,0,0
1,0.7063329702988189,1,1
1,0.6073505620284736,1,1
1,0.3624106480192642,0,0
0,0.32612048789476483,0,0
0,0.18553761771256105,0,0
1,0.876052234606821,1,1
0,0.21088148355728425,0,0
0,0.35308459293435573,0,0
1,0.5698641292743757,1,1
1,0.8729258593162602,1,1
1,0.5433664488677981,1,1
1,0.4852647416622693,0,1
0,0.15085914919961843,0,0
0,0.08391235561161765,0,0
0,0.13968404529226477,0,0
0,0.15825325176589497,0,0
0,0.09801566708943213,0,0
0,0.560057044790357,1,1
0,0.25517079642071877,0,0
0,0.05182415223084105,0,0
1,0.6831666574573041,1,1
0,0.1995910972152053,0,0
0,0.28321013655364463,0,0
0,0.21557689051499357,0,0
1,0.1556352171960572,0,0
1,0.12054339468932969,0,0
1,0.9351201279637353,1,1
1,0.4268428720707407,0,0
0,0.5494741317359572,1,1
1,0.8033969500857125,1,1
1,0.3047101741870126,0,0
1,0.5357783064572538,1,1
0,0.3656350086022428,0,0
1,0.7879514771846929,1,1
1,0.6724764291503116,1,1
1,0.8478850096183072,1,1
0,0.35879436781069785,0,0
0,0.21248786534456615,0,0
0,0.30745801687385776,0,0
1,0.8066268234035614,1,1
0,0.0613230028639191,0,0
0,0.2076023743298911,0,0
0,0.6668778197234722,1,1
1,0.7950125241248921,1,1
0,0.047790343201750414,0,0
1,0.7332404611486611,1,1
0,0.14364464451144945,0,0
0,0.6311338055047391,1,1
0,0.1638177122438806,0,0
1,0.698987012242822,1,1
0,0.24897009245057666,0,0
1,0.6280499618357015,1,1
1,0.7377685817259458,1,1
0,0.8698597339632852,1,1
0,0.39838624536470496,0,0
0,0.10866637486783376,0,0
0,0.33741458561688026,0,0
0,0.8259867915043377,1,1
0,0.1002304595512789,0,0
0,0.15373266077025952,0,0
0,0.30261203943982273,0,0
0,0.4817380562356779,0,1
1,0.5440262189999819,1,1
1,0.8182073329695001,1,1
0,0.1751954044150434,0,0
0,0.5224198954039919,1,1
0,0.07445252877558095,0,0
1,0.7840858574042201,1,1
1,0.6781172402521145,1,1
1,0.8083370558132252,1,1
0,0.2824997493464717,0,0
0,0.26826823003454225,0,0
0,0.2311355116339468,0,0
0,0.2620126840118387,0,0
1,0.790754026804255,1,1
0,0.09032362768776972,0,0
1,0.7255498319554953,1,1
1,0.7926337463651892,1,1
0,0.1831651100129793,0,0
0,0.10643697792313976,0,0
0,0.3594003495282646,0,0
1,0.5603072919505573,1,1
0,0.4287779220670253,0,0
1,0.21999779960610755,0,0
0,0.7078070369731299,1,1
1,0.8119523045202018,1,1
0,0.8295263050343014,1,1
0,0.0843118833016796,0,0
1,0.5077134293511972,1,1
0,0.4216474553657038,0,0
0,0.16269370910776595,0,0
0,0.2920650088648225,0,0
1,0.38771023956140566,0,0
1,0.6460682380473641,1,1
1,0.7678850229386581,1,1
1,0.9293212417162036,1,1
0,0.8246229546317478,1,1
1,0.9649309927753119,1,1
0,0.2764021600081859,0,0
1,0.3291681521290449,0,0
0,0.15412601096183726,0,0
0,0.05973073981480731,0,0
0,0.27945988309852005,0,0
0,0.18192030000724504,0,0
0,0.47980768033647203,0,1
0,0.3946117693188135,0,0
1,0.2435948519230306,0,0
0,0.6441184984437294,1,1
0,0.32022536503062443,0,0
0,0.12431960754130761,0,0
0,0.38535459003272193,0,0
1,0.7996035079501869,1,1
1,0.12545666038164816,0,0
0,0.24666906003730338,0,0
0,0.4852013468324246,0,1
0,0.18323958908284568,0,0
0,0.13630474875602075,0,0
1,0.909847085710359,1,1
0,0.044338057636996046,0,0
0,0.7871560270384643,1,1
0,0.1439719118987481,0,0
0,0.14106381164751045,0,0
0,0.4445669411297427,0,0
0,0.34306337917482177,0,0
0,0.7082854979794178,1,1
1,0.6468013412030514,1,1
0,0.20930246252736476,0,0
1,0.9031006098398294,1,1
0,0.14521981578034418,0,0
1,0.47108919838778246,0,1
0,0.182275775080968,0,0
0,0.4821662236465087,0,1
0,0.10304933010080784,0,0
0,0.16603357298275098,0,0
0,0.2784829891510152,0,0
0,0.5593297929918061,1,1
0,0.26922619598593334,0,0
0,0.16950692934676356,0,0
1,0.5279841984157697,1,1
1,0.69663419561135,1,1
0,0.2653796117961879,0,0
0,0.3714579698508811,0,0
0,0.1572383910334694,0,0
0,0.3181054555520031,0,0
1,0.6900755945824495,1,1
1,0.6155235815539446,1,1
0,0.5404438510237074,1,1
1,0.49207989513303546,0,1
1,0.7264484723138607,1,1
1,0.6035236085984899,1,1
0,0.703867831091954,1,1
0,0.2310130611381292,0,0
0,0.5370660453973052,1,1
1,0.8803160051119184,1,1
0,0.2305792373491666,0,0
0,0.20755247495447532,0,0
1,0.2832236684512011,0,0
0,0.5563778590788734,1,1
1,0.8088909728645742,1,1
1,0.7236124025569302,1,1
0,0.19315129145146953,0,0
0,0.5519428099962989,1,1
1,0.688886229162834,1,1
1,0.45999848527405035,0,0
1,0.8687661796401589,1,1
0,0.08989511806814018,0,0
0,0.23767189789422852,0,0
0,0.16334833771270968,0,0
1,0.5168666956220039,1,1
1,0.5434767355300626,1,1
0,0.4849487687794458,0,1
1,0.797134823386513,1,1
0,0.5365514924717513,1,1
1,0.5769306496445735,1,1
0,0.40895123766602093,0,0
1,0.5511194435829557,1,1
0,0.1506599117562514,0,0
1,0.6432544082535541,1,1
1,0.864590319549059,1,1
0,0.8963877139225996,1,1
0,0.57239246152609,1,1
0,0.25738675677301737,0,0
1,0.8176581109032268,1,1
1,0.6530637045206515,1,1
0,0.566376747494968,1,1
0,0.39172270962212563,0,0
0,0.1401435067025589,0,0
0,0.42460189168858614,0,0
0,0.32193005111328565,0,0
1,0.5371287743420784,1,1
0,0.4110776119599628,0,0
0,0.17989189542255912,0,0
1,0.6948806539901198,1,1
0,0.2952358451631068,0,0
0,0.1870609997680999,0,0
0,0.8000378477169208,1,1
0,0.5589941976680037,1,1
1,0.1385183917751523,0,0
1,0.8074825259214232,1,1
1,0.954768067758537,1,1
1,0.18093327065536186,0,0
1,0.9051249419790295,1,1
0,0.39328697500508575,0,0
0,0.45429427025592,0,0
1,0.3161337773992216,0,0
1,0.8525442841543084,1,1
0,0.1940975043039202,0,0
0,0.4590098731828465,0,0
1,0.4178957762803523,0,0
0,0.5185021552676506,1,1
1,0.8279534663537185,1,1
0,0.6443266155327549,1,1
0,0.09058522844200353,0,0
1,0.7174417547504693,1,1
0,0.13811481628941846,0,0
0,0.3110606595698715,0,0
0,0.8679633544374099,1,1
0,0.12598323571733808,0,0
0,0.058205560203229034,0,0
0,0.23694496921990849,0,0
0,0.2090793682975754,0,0
1,0.9241185886985084,1,1
1,0.35578418989299426,0,0
0,0.8933075342125862,1,1
1,0.745723433710054,1,1
0,0.31400046316019947,0,0
1,0.8901457519990542,1,1
1,0.8301766382203232,1,1
1,0.5430935545805645,1,1
0,0.2582064449457038,0,0
1,0.18754953886761,0,0
0,0.18808890053110228,0,0
0,0.13952720215786846,0,0
1,0.7214658049325215,1,1
1,0.9155377768316914,1,1
0,0.6301644643301232,1,1
1,0.8681114265106684,1,1
1,0.8005043227122147,1,1
0,0.5368587325616149,1,1
1,0.3953039177269327,0,0
0,0.11840816954775658,0,0
0,0.7365879630797003,1,1
1,0.8165287513017723,1,1
0,0.178002107965135,0,0
0,0.4869350961300234,0,1
1,0.9129893132396133,1,1
0,0.55892930345877,1,1
1,0.6092214153581866,1,1
1,0.34955304973288603,0,0
1,0.8254542844318522,1,1
0,0.28817648156028314,0,0
0,0.38266275091273283,0,0
0,0.24769125054414481,0,0
0,0.5781642110506257,1,1
1,0.8683084941028871,1,1
1,0.28751938162851837,0,0
1,0.8144787142956288,1,1
0,0.27339962254155986,0,0
0,0.3887790562641096,0,0
0,0.09152762797679175,0,0
1,0.8290420836903216,1,1
0,0.5250083639564445,1,1
0,0.2165556588751899,0,0
0,0.20684027526798643,0,0
0,0.41309626133132027,0,0
1,0.7241802821839226,1,1
1,0.8514895118677462,1,1
0,0.10881470627318643,0,0
0,0.11616171750874707,0,0
0,0.10617210521156543,0,0
1,0.7221533490338687,1,1
0,0.16973866400528945,0,0
1,0.2642423677662741,0,0
0,0.3860398655372245,0,0
1,0.6964657822349107,1,1
0,0.2945376294897204,0,0
0,0.08002374918265302,0,0
0,0.07138111116193387,0,0
0,0.22757275919093073,0,0
1,0.7323480231780101,1,1
1,0.829727630070247,1,1
1,0.5959953446020231,1,1
1,0.8412455084885383,1,1
0,0.17198120001990005,0,0
1,0.6169003642065886,1,1
1,0.839329949102219,1,1
0,0.7299611584787621,1,1
0,0.8673649783733477,1,1
1,0.8082508059209585,1,1
0,0.6654818940011342,1,1
0,0.3095516859743172,0,0
1,0.8058734320317745,1,1
0,0.39256094736033315,0,0
0,0.40243374293469786,0,0
0,0.23337807561855894,0,0
1,0.8755520077002494,1,1
0,0.23888542311853236,0,0
0,0.1661708110350293,0,0
0,0.1563997787422885,0,0
1,0.722246655451023,1,1
0,0.27354380784394916,0,0
0,0.7045889768716512,1,1
0,0.0526313097843186,0,0
0,0.2299551680237022,0,0
1,0.6056930201010029,1,1
0,0.7288168198337371,1,1
0,0.35405386890415824,0,0
1,0.4533699763363422,0,0
0,0.5154015729901382,1,1
0,0.31897245520524703,0,0
1,0.7740557904805958,1,1
0,0.32034105531336177,0,0
0,0.4305842233132789,0,0
1,0.5053868549058936,1,1
1,0.34946003532188197,0,0
0,0.26370403466141706,0,0
0,0.08910012910847644,0,0
1,0.7716231656326523,1,1
0,0.3633803092132074,0,0
0,0.7457375865258564,1,1
1,0.8698003304920832,1,1
0,0.5498038592519255,1,1
0,0.4293045216190977,0,0
1,0.847244737652986,1,1
0,0.059579266103146226,0,0
0,0.14478304271329315,0,0
1,0.8009647570551157,1,1
1,0.8697653560711809,1,1
0,0.29941461964332056,0,0
0,0.069526469757761,0,0
0,0.14624563049023878,0,0
0,0.12119771266611161,0,0
0,0.28935604165203077,0,0
0,0.1356882469354047,0,0
1,0.8464694576626671,1,1
0,0.05983323049446135,0,0
0,0.5829798151221496,1,1
0,0.09549555553437067,0,0
1,0.7660389738179324,1,1
1,0.7885325016653854,1,1
1,0.4633753252569463,0,0
0,0.1809486914549579,0,0
0,0.3128445658176808,0,0
1,0.7922568381170717,1,1
0,0.17058960763830502,0,0
0,0.2443991176772024,0,0
0,0.3295623846112017,0,0
0,0.10799227522694613,0,0
1,0.9442697280852247,1,1
1,0.16005119517185665,0,0
1,0.6483407444578023,1,1
0,0.09410958029160031,0,0
1,0.81780387443407,1,1
1,0.13491380122852992,0,0
0,0.2180360703808656,0,0
0,0.6240703669997981,1,1
0,0.30211997153405007,0,0
1,0.8107799641798629,1,1
1,0.6444877759171839,1,1
0,0.5258446605908067,1,1
0,0.2933015727202498,0,0
0,0.35000141483373803,0,0
0,0.5617527382963478,1,1
0,0.1563740389701841,0,0
0,0.8523056588475317,1,1
0,0.09992914134645586,0,0
0,0.4804370080313293,0,1
0,0.1399351875592375,0,0
1,0.7751541054579995,1,1
0,0.23619807210180674,0,0
1,0.7795254526317377,1,1
1,0.8393121915442201,1,1
0,0.4022274117107376,0,0
1,0.5268405757726474,1,1
1,0.8547324854833683,1,1
0,0.16933047188244274,0,0
0,0.0721721616282201,0,0
0,0.6278570435691393,1,1
0,0.9377552714819676,1,1
0,0.3444511113755882,0,0
0,0.29235280878877984,0,0
1,0.8415259185977964,1,1
1,0.4678479019693138,0,0
0,0.2207406283618158,0,0
1,0.7870828281446242,1,1
0,0.5598061017609365,1,1
0,0.2060406144592786,0,0
0,0.08675220088969651,0,0
0,0.09034241262972607,0,0
0,0.4844839247703915,0,1
0,0.2012957993781711,0,0
1,0.11883680786867698,0,0
0,0.18500152692810673,0,0
0,0.1475047773971562,0,0
1,0.8071944583398929,1,1
1,0.7541147619492844,1,1
0,0.7029499047492304,1,1
0,0.10781942642866602,0,0
1,0.7923938604249985,1,1
0,0.19891567502473975,0,0
1,0.4522044988805197,0,0
0,0.2454862411445983,0,0
0,0.3746470257927816,0,0
1,0.5731597732278829,1,1
0,0.40929187055941757,0,0
0,0.40477767021315625,0,0
0,0.34719401734294547,0,0
0,0.7659240113089703,1,1
1,0.8640736678223516,1,1
0,0.7656117445702729,1,1
1,0.7895412538693533,1,1
0,0.1731416452348924,0,0
1,0.880468138181783,1,1
0,0.24765821329105894,0,0
0,0.424311233131708,0,0
0,0.2781667097113731,0,0
0,0.1457981610543017,0,0
1,0.7576211166670902,1,1
1,0.5073756820142576,1,1
0,0.14174633211975443,0,0
1,0.6652187471242036,1,1
1,0.6200564167895519,1,1
1,0.38126722095959503,0,0
0,0.16386066603007593,0,0
1,0.23325900821382786,0,0
1,0.9060811804988983,1,1
0,0.31614517823397925,0,0
0,0.8926673804003057,1,1
0,0.20689247664690194,0,0
0,0.19493386168779453,0,0
1,0.24029711182572194,0,0
1,0.9189684924078795,1,1
0,0.04056038358146572,0,0
0,0.45296240637127533,0,0
0,0.2803198316464581,0,0
1,0.8038949184505173,1,1
0,0.5160938934142166,1,1
1,0.5064945354662784,1,1
0,0.6766141538145692,1,1
0,0.12396462692402298,0,0
0,0.08740517085821319,0,0
0,0.8592543061632609,1,1
0,0.9135417777261605,1,1
0,0.29358999596862784,0,0
0,0.6664480175428996,1,1
0,0.07671272400771444,0,0
1,0.8002579837335986,1,1
0,0.0978102084093309,0,0
1,0.7036123904827631,1,1
1,0.2427694946969699,0,0
0,0.7375485719950218,1,1
0,0.3613947999819901,0,0
1,0.6014704859634423,1,1
0,0.1398456670559568,0,0
1,0.8543344024792556,1,1
1,0.8528053486429416,1,1
0,0.1431805746568074,0,0
0,0.0971216831116221,0,0
0,0.543607757398437,1,1
1,0.7034972069754765,1,1
0,0.34055867429285325,0,0
1,0.10918176201758542,0,0
1,0.7534136505941125,1,1
0,0.7271647521041923,1,1
1,0.9019724657335922,1,1
0,0.12408956979534404,0,0
1,0.21795443919100055,0,0
1,0.07585912317572009,0,0
0,0.1915266481310621,0,0
0,0.4348438448775931,0,0
0,0.1773021664784794,0,0
0,0.20358054286402022,0,0
0,0.14830714777376355,0,0
1,0.9046427269384028,1,1
0,0.4330692813459869,0,0
1,0.36051768713003157,0,0
0,0.08739532928613264,0,0
0,0.06765713992029276,0,0
0,0.11445555350144188,0,0
0,0.34490665814375,0,0
1,0.47341751562127604,0,1
0,0.2571907827770634,0,0
0,0.35987721155467517,0,0
0,0.2146114542274098,0,0
0,0.1374448105102171,0,0
0,0.5117109260754269,1,1
0,0.18093327065536186,0,0
1,0.6822064945367754,1,1
0,0.1677530593291761,0,0
1,0.7564049890650614,1,1
1,0.7800033489181285,1,1
1,0.44465203025180194,0,0
1,0.8024354467178507,1,1
0,0.6369444453023799,1,1
1,0.9629043351423783,1,1
1,0.4401104062654872,0,0
0,0.6674053416030566,1,1
0,0.6403657130652122,1,1
0,0.7837522711893349,1,1
0,0.26732368204717016,0,0
0,0.6621669665515049,1,1
1,0.7339467234883557,1,1
1,0.5161295461929445,1,1
1,0.7346459786608303,1,1
0,0.17826152300391682,0,0
0,0.2534406190230758,0,0
0,0.282953884754299,0,0
1,0.2526819258991112,0,0
0,0.3561169703362203,0,0
0,0.13028483767800436,0,0
1,0.6578931214694284,1,1
0,0.16653311754052785,0,0
0,0.5597794413970416,1,1
1,0.6665836745246968,1,1
1,0.7419035817583258,1,1
1,0.12905388747792568,0,0
1,0.5479464727742516,1,1
0,0.8354813424285018,1,1
0,0.23009457391069787,0,0
1,0.7403884750268391,1,1
1,0.38317858987929315,0,0
0,0.46062167463152126,0,0
0,0.2324578535855653,0,0
0,0.21872441127747502,0,0
0,0.5011793896507091,1,1
0,0.4088447849256297,0,0
0,0.472523721340352,0,1
0,0.1955503189688561,0,0
1,0.3967220126468689,0,0
0,0.5859874221593833,1,1
1,0.3447638344696625,0,0
1,0.9435616468056137,1,1
1,0.8097306481752126,1,1
1,0.8269143456630806,1,1
0,0.5200405821162486,1,1
1,0.0990307482459436,0,0
1,0.6243443873021666,1,1
1,0.5497091540126818,1,1
1,0.7546501147812088,1,1
0,0.727286513381389,1,1
0,0.46197407438085036,0,0
1,0.2824179415519018,0,0
0,0.43913226231865116,0,0
1,0.49639106376566244,0,1
1,0.8315656541923114,1,1
0,0.5175293669472762,1,1
0,0.19253081663566676,0,0
1,0.8428340896935479,1,1
0,0.4170322062365093,0,0
0,0.6514764045183019,1,1
0,0.11549132705283026,0,0
0,0.6818888538300997,1,1
1,0.7670325430170953,1,1
0,0.20107759384473112,0,0
0,0.2524393094053338,0,0
0,0.2872347252713696,0,0
0,0.10659769696463704,0,0
1,0.8221472788807905,1,1
0,0.14928647391757616,0,0
0,0.8792565149766882,1,1
0,0.38152298532038853,0,0
1,0.5364134663570613,1,1
1,0.8430545501976089,1,1
0,0.21594829281281488,0,0
1,0.5864018340177987,1,1
1,0.5809204800544865,1,1
0,0.716418583235021,1,1
1,0.8393770044157983,1,1
1,0.5729095440965468,1,1
0,0.8330768801098655,1,1
0,0.2463794725385325,0,0
1,0.7860293406894411,1,1
0,0.5798923117316346,1,1
0,0.5927836766657112,1,1
1,0.3288810087360685,0,0
0,0.8371301590770752,1,1
0,0.24660738240412652,0,0
1,0.5727573706263047,1,1
1,0.7839341291097282,1,1
1,0.4062574248847615,0,0
0,0.38278441221757825,0,0
0,0.29114757773829364,0,0
0,0.18431019238458723,0,0
0,0.5069699990665683,1,1
1,0.8997121267944488,1,1
0,0.176778601924123,0,0
0,0.3917757805581405,0,0
0,0.3605411684666646,0,0
0,0.6739924466015398,1,1
0,0.3808596943673471,0,0
0,0.30453726855079716,0,0
0,0.5572657736507848,1,1
1,0.7238516422444208,1,1
1,0.5391651205105068,1,1
0,0.2795384537020144,0,0
1,0.3453230193016342,0,0
0,0.42334457791958885,0,0
0,0.3861813521380494,0,0
0,0.14580227329697334,0,0
0,0.505683564864587,1,1
0,0.49692845200556035,0,1
1,0.7097225953235402,1,1
0,0.13149564113662596,0,0
0,0.09371168602261058,0,0
0,0.3922350580196177,0,0
1,0.4942876942728708,0,1
0,0.4310279316401365,0,0
0,0.6647275714988693,1,1
0,0.6259480107745544,1,1
1,0.8644329118773904,1,1
0,0.03795275643146504,0,0
0,0.20703242937514635,0,0
0,0.9105905965196429,1,1
1,0.8833695373030296,1,1
1,0.8170698746793421,1,1
1,0.6458304953612964,1,1
0,0.6848191675800879,1,1
1,0.769792470685172,1,1
1,0.7411899557576149,1,1
0,0.2816245687722806,0,0
0,0.8614834085563778,1,1
1,0.7469528330149239,1,1
1,0.5156508295974259,1,1
0,0.5575201337754827,1,1
1,0.4687290059975778,0,0
0,0.2987089049857637,0,0
0,0.2635201689993374,0,0
0,0.4884682410697302,0,1
1,0.4011991570551597,0,0
1,0.894330530456908,1,1
0,0.3478283767333495,0,0
0,0.37225650880788286,0,0
0,0.11910130262472712,0,0
1,0.6646019933640885,1,1
0,0.23960688032869695,0,0
0,0.19958823080416105,0,0
1,0.5288533194697813,1,1
1,0.8805808150487102,1,1
0,0.4010369734685843,0,0
0,0.1747218896961634,0,0
0,0.2321530375315925,0,0
0,0.8478725604902981,1,1
0,0.13262064924674336,0,0
0,0.6202251859190004,1,1
0,0.4372198508095271,0,0
1,0.8267323361524782,1,1
0,0.38014145036978736,0,0
1,0.8969946031905742,1,1
0,0.3865701988162657,0,0
0,0.2682101242373281,0,0
0,0.09269999529464211,0,0
1,0.5857890235800831,1,1
0,0.31644280880755543,0,0
0,0.1584935461262776,0,0
0,0.2513310021114393,0,0
1,0.8337542141275527,1,1
1,0.8992976774339551,1,1
0,0.21109228585736484,0,0
0,0.37278728459479354,0,0
0,0.46875855362928603,0,0
1,0.7938147606155727,1,1
0,0.6614716783927724,1,1
0,0.09770712595496227,0,0
0,0.28113121082804216,0,0
0,0.7485278774959196,1,1
0,0.8990334828751644,1,1
0,0.34220061195106144,0,0
0,0.24740847455242893,0,0
0,0.09694556896789415,0,0
1,0.5327073835127726,1,1
0,0.5877745622345529,1,1
0,0.5604693688835288,1,1
0,0.13729051256726885,0,0
0,0.17080559782358865,0,0
0,0.9379699119777548,1,1
1,0.7535810619434421,1,1
0,0.7960341333443597,1,1
0,0.12308256371893067,0,0
0,0.2035238633895567,0,0
1,0.9202929767292982,1,1
0,0.10174419144150289,0,0
0,0.12736430673671276,0,0
0,0.5885956838879602,1,1
1,0.38831099561527604,0,0
0,0.1823294671483408,0,0
0,0.4211176426091461,0,0
0,0.38102944797279814,0,0
1,0.5614581108050863,1,1
0,0.41299265189699597,0,0
0,0.16905545425826374,0,0
0,0.17143665549105425,0,0
1,0.3186100032344157,0,0
1,0.7097842095300428,1,1
0,0.7168080482966604,1,1
0,0.5058588928445795,1,1
0,0.19460408420312839,0,0
0,0.07375900787685802,0,0
0,0.43473665214859986,0,0
0,0.15089614029424514,0,0
0,0.12418678116146116,0,0
1,0.5584176712258493,1,1
0,0.10601393086866905,0,0
0,0.3743552355051887,0,0
1,0.6018838934866302,1,1
1,0.7495826789511103,1,1
0,0.3622305317468842,0,0
0,0.3308463018654999,0,0
0,0.534641102588342,1,1
1,0.6115646324805731,1,1
0,0.761957566169581,1,1
0,0.1763025507066879,0,0
0,0.3220044400845041,0,0
0,0.14324803182010287,0,0
0,0.18447855491011722,0,0
0,0.5437477249700584,1,1
0,0.1814366346080476,0,0
0,0.3233585036624737,0,0
1,0.5921135694658273,1,1
0,0.46155832017628257,0,0
0,0.25112501403081583,0,0
0,0.12216022620339677,0,0
1,0.49207070317381324,0,1
0,0.7607359598720942,1,1
0,0.7298059952235681,1,1
0,0.15097207629455392,0,0
0,0.4524549383513741,0,0
0,0.08877191121436687,0,0
0,0.4655720569519064,0,0
0,0.2182476623268515,0,0
0,0.7696555276800601,1,1
1,0.6024145035693578,1,1
1,0.4525227665176027,0,0
1,0.9155572187882903,1,1
0,0.11420616955783017,0,0
0,0.21077811180022768,0,0
0,0.20789667039857201,0,0
1,0.30545078969703665,0,0
1,0.844106463180775,1,1
0,0.8810435262163532,1,1
0,0.8078100376596055,1,1
0,0.10438457363048058,0,0
1,0.6505789278654815,1,1
0,0.30100266629345523,0,0
0,0.21348902256608834,0,0
0,0.3939575589236016,0,0
1,0.3688124241897494,0,0
1,0.506691407824175,1,1
0,0.4601508693956007,0,0
0,0.6778876862645539,1,1
0,0.8780487564881216,1,1
1,0.9205819934252985,1,1
0,0.6428823266704095,1,1
0,0.16551037529377713,0,0
1,0.941121687985104,1,1
0,0.17291177718105558,0,0
1,0.6736612551344295,1,1
0,0.19732790284882823,0,0
0,0.2106329113373641,0,0
1,0.7269127198632606,1,1
0,0.3211830562982038,0,0
1,0.22278606173648888,0,0
0,0.1954396105421966,0,0
0,0.3906321874478354,0,0
0,0.14441818268363707,0,0
1,0.4903749219583139,0,1
0,0.49621129278495063,0,1
0,0.47052510075979054,0,1
1,0.4163405664885275,0,0
0,0.24312423962663793,0,0
0,0.09800833918338459,0,0
0,0.19334513449547766,0,0
1,0.7222872116496106,1,1
1,0.8987186345980358,1,1
0,0.7996187080087495,1,1
1,0.9020109558397748,1,1
0,0.3353992341690101,0,0
0,0.28953525811187386,0,0
1,0.6830674227845331,1,1
1,0.6564836804774778,1,1
0,0.17384692046761488,0,0
0,0.31880244050884343,0,0
0,0.2029006824106678,0,0
1,0.7314484084616713,1,1
1,0.37762107543145784,0,0
0,0.10032297386648939,0,0
0,0.0740696739063836,0,0
1,0.8025664947292538,1,1
0,0.1664989015499626,0,0
1,0.5743473313131854,1,1
0,0.3730746542087496,0,0
0,0.7923001443614105,1,1
1,0.7044397347212653,1,1
0,0.5249598544938132,1,1
0,0.251403344270215,0,0
0,0.932979013269721,1,1
1,0.8815909394282102,1,1
0,0.18522957982990085,0,0
0,0.4196296896811704,0,0
0,0.17034322323910886,0,0
0,0.31735139263680945,0,0
0,0.29014775166349366,0,0
0,0.21038920288769988,0,0
0,0.4460657852793053,0,0
1,0.6165525897251448,1,1
1,0.7061319665702599,1,1
0,0.29107063442774483,0,0
1,0.5810596182714698,1,1
0,0.10141141314965627,0,0
0,0.5771797309094691,1,1
1,0.19139128938820457,0,0
0,0.13782019296627765,0,0
0,0.22473819857670577,0,0
0,0.44780823340418335,0,0
0,0.11319061842948884,0,0
0,0.17424028147276685,0,0
1,0.8821682090399584,1,1
0,0.07785802605351343,0,0
0,0.3891048711370116,0,0
1,0.4391521509332037,0,0
0,0.6309173149380062,1,1
0,0.3834688136890638,0,0
1,0.3853727670772652,0,0
0,0.2348706012703713,0,0
0,0.4382002604984502,0,0
1,0.46235787637721376,0,0
0,0.48070717335743607,0,1
0,0.19156739908778161,0,0
0,0.3641733012375198,0,0
0,0.30804995992329015,0,0
1,0.31994184005091697,0,0
0,0.07579530984654174,0,0
0,0.22208783622130823,0,0
1,0.8016659319635534,1,1
0,0.11754585872013042,0,0
1,0.8386434234622931,1,1
1,0.9138929962289519,1,1
0,0.20567686564142956,0,0
0,0.10667544717901732,0,0
1,0.803682596675836,1,1
0,0.616735177603416,1,1
0,0.2988962845358615,0,0
1,0.6434882941702559,1,1
1,0.8742674438457269,1,1
0,0.22979307746604477,0,0
0,0.11967769536244165,0,0
1,0.5515635047552356,1,1
0,0.17241899265493366,0,0
0,0.25635553691806906,0,0
0,0.5186563375677475,1,1
1,0.9053991286978066,1,1
1,0.72172129381522,1,1
0,0.24062853431769313,0,0
1,0.8194526672355392,1,1
0,0.1321372244885307,0,0
1,0.44214759802411985,0,0
0,0.3528578973826341,0,0
1,0.8458940159811442,1,1
0,0.23569552276104988,0,0
0,0.09983306520323407,0,0
0,0.3293885780122287,0,0
1,0.62735558734995,1,1
0,0.1711008600924116,0,0
0,0.23356284957567502,0,0
0,0.7882797306975952,1,1
0,0.3394646396137418,0,0
1,0.6150501304820734,1,1
0,0.5659512553593806,1,1
0,0.3526613816219523,0,0
0,0.36766295068891025,0,0
0,0.8035399912838345,1,1
1,0.3053705214995714,0,0
0,0.07843416839513026,0,0
0,0.7091415230925615,1,1
1,0.7548847787722278,1,1
0,0.10542844251018585,0,0
0,0.16654978834668208,0,0
0,0.46182114205900526,0,0
1,0.690573557595622,1,1
0,0.13216799610428545,0,0
1,0.8279021810984467,1,1
0,0.7472724757376131,1,1
0,0.31414460329768595,0,0
0,0.28000591519714996,0,0
0,0.7019703464886519,1,1
1,0.7313650469842592,1,1
0,0.18835098948434958,0,0
0,0.38197472042789754,0,0
0,0.4110540128324368,0,0
1,0.6837878327940483,1,1
1,0.7789417348554398,1,1
1,0.6140352368346302,1,1
1,0.8156614552868646,1,1
1,0.6681020561033554,1,1
1,0.5494658409731338,1,1
0,0.6415754126601153,1,1
0,0.20814013375958604,0,0
0,0.332930850489466,0,0
1,0.5200576293566164,1,1
1,0.623352789446474,1,1
0,0.382664555808572,0,0
0,0.8649344348497464,1,1
0,0.4234408255939132,0,0
1,0.7024916628379598,1,1
0,0.405890419969881,0,0
0,0.2556827995286656,0,0
0,0.19940027378857245,0,0
1,0.8321493880443553,1,1
1,0.8273002170628591,1,1
0,0.24718366573203862,0,0
1,0.6333916871030473,1,1
0,0.8660988473435844,1,1
1,0.8265855907004953,1,1
0,0.39369519828165067,0,0
0,0.5938180181387049,1,1
0,0.09866822197371276,0,0
0,0.2927556890796946,0,0
0,0.19234275962522857,0,0
0,0.5390033356329128,1,1
0,0.39399462412812014,0,0
0,0.3023292973473738,0,0
1,0.5318903298149871,1,1
0,0.7770911399424958,1,1
0,0.4622123219372363,0,0
1,0.7817799956451914,1,1
0,0.20395431050202353,0,0
1,0.8899844654426079,1,1
0,0.16296636372454243,0,0
1,0.5792075463781107,1,1
0,0.7800989206287848,1,1
0,0.13375191457313193,0,0
1,0.33285108102519195,0,0
1,0.8952981024882376,1,1
1,0.9300778015170365,1,1
0,0.12772006879036368,0,0
1,0.7075093346192308,1,1
1,0.7095597965619564,1,1
1,0.7858269279068912,1,1
1,0.8394443284708121,1,1
1,0.5129933643164061,1,1
0,0.8404438754728999,1,1
1,0.4552654368126882,0,0
1,0.9001383440111244,1,1
0,0.23183621755497477,0,0
1,0.8522591023913962,1,1
0,0.123020733154065,0,0
0,0.6835543991445789,1,1
0,0.12366693220766503,0,0
1,0.8252540519360418,1,1
0,0.4545236415461262,0,0
0,0.3526502427410741,0,0
0,0.12744632438640538,0,0
0,0.11861854984250046,0,0
1,0.37232927392326276,0,0
1,0.944621159517682,1,1
1,0.8721865307174528,1,1
1,0.7813458367869539,1,1
0,0.17813484046871475,0,0
0,0.697559397510387,1,1
1,0.8212880230808339,1,1
0,0.3088678038671759,0,0
0,0.15655288567347192,0,0
0,0.1410825883225798,0,0
1,0.5821561882309269,1,1
1,0.47669237553779614,0,1
1,0.44191792252710366,0,0
1,0.7906683634921673,1,1
1,0.30763250052708047,0,0
0,0.13690361369051854,0,0
0,0.3792737907334897,0,0
0,0.7365217449075842,1,1
1,0.8700209199224361,1,1
0,0.3915871318681256,0,0
1,0.5341524662012956,1,1
0,0.7315173705272672,1,1
1,0.8955206417548284,1,1
1,0.6705199580482575,1,1
0,0.48550666479484544,0,1
0,0.15375575780065778,0,0
0,0.6955938660561009,1,1
1,0.9262679494202517,1,1
0,0.08048711400228165,0,0
1,0.3653922941098161,0,0
1,0.5597520472895934,1,1
0,0.6154142284840387,1,1
0,0.46608200194364424,0,0
0,0.16539863058089488,0,0
1,0.9112329629238125,1,1
1,0.8148302537277197,1,1
0,0.33488430837239863,0,0
0,0.10608862649990812,0,0
0,0.5933569953535811,1,1
0,0.482598278434168,0,1
0,0.12769624105248525,0,0
1,0.7292569195384699,1,1
0,0.8128607400601366,1,1
0,0.4184558183905743,0,0
1,0.8760288969692923,1,1
0,0.2828006358710582,0,0
0,0.2517316826718488,0,0
1,0.8058965124382321,1,1
0,0.06062399971152879,0,0
1,0.6341231877191995,1,1
0,0.09832785602417239,0,0
0,0.28662337427178336,0,0
0,0.2271254467260289,0,0
0,0.4795808471184395,0,1
0,0.23537551802612858,0,0
1,0.4836807274841146,0,1
0,0.6787576358934608,1,1
0,0.4522795642823762,0,0
0,0.2886408027156568,0,0
1,0.6858557723194626,1,1
1,0.49120549253165546,0,1
0,0.3733582211337989,0,0
0,0.17652681108791599,0,0
0,0.15547142739260836,0,0
0,0.494168882468204,0,1
1,0.7902053833830087,1,1
0,0.36503725254818403,0,0
0,0.3577871177057159,0,0
0,0.2964952101447933,0,0
0,0.6350086904793792,1,1
1,0.12308773436824644,0,0
1,0.894623543225059,1,1
0,0.48492087589250993,0,1
1,0.7462869229144005,1,1
0,0.23867710719623936,0,0
0,0.031219316370765207,0,0
0,0.14084207802527804,0,0
0,0.847085333076043,1,1
1,0.9601951443652678,1,1
0,0.28260755827554657,0,0
1,0.6714461163460013,1,1
0,0.9289265735892074,1,1
1,0.7995268765255213,1,1
0,0.1549927509644659,0,0
0,0.6284334788378317,1,1
0,0.07276232733082333,0,0
1,0.8735081339600625,1,1
0,0.10232626319180384,0,0
0,0.8410538010813704,1,1
1,0.6337369679209859,1,1
1,0.5909929518919271,1,1
1,0.8633588930165116,1,1
0,0.22034536479575675,0,0
0,0.21964227024595326,0,0
0,0.5741070229743463,1,1
0,0.4351015544310337,0,0
0,0.621496194377909,1,1
0,0.09149945378921825,0,0
0,0.3349124205773281,0,0
1,0.7322096493027564,1,1
1,0.5854627316675592,1,1
0,0.5873377591753566,1,1
0,0.6222012287080252,1,1
1,0.166391436717416,0,0
0,0.6149207143042291,1,1
1,0.30034473565704217,0,0
1,0.6646045704734344,1,1
1,0.8696948036441441,1,1
0,0.3848133159895803,0,0
0,0.7921534038465163,1,1
1,0.736238144567169,1,1
1,0.14092234091346154,0,0
1,0.4919083819588207,0,1
0,0.43336339384898825,0,0
1,0.5318785336324217,1,1
0,0.4090026662853831,0,0
1,0.7398055554600493,1,1
0,0.8294617453877786,1,1
0,0.3341762500732132,0,0
0,0.16790457520786287,0,0
0,0.7775776867812842,1,1
0,0.14010215461267547,0,0
1,0.2513351612416416,0,0
0,0.31099481550555735,0,0
1,0.5121637013701829,1,1
0,0.06612770414424966,0,0
1,0.5877457524178338,1,1
0,0.43692434961673193,0,0
0,0.3764470483929012,0,0
0,0.10816966941413798,0,0
1,0.8601634769497252,1,1
1,0.4296781202370916,0,0
0,0.6701390153168321,1,1
1,0.7338620585717768,1,1
1,0.9072858839299125,1,1
1,0.6429346995890817,1,1
0,0.5967543536624957,1,1
0,0.23098570341361946,0,0
0,0.16190810448217408,0,0
0,0.23008051431458315,0,0
0,0.15458327058595608,0,0
0,0.19682972316457856,0,0
1,0.5642812771943162,1,1
0,0.09721043081899931,0,0
0,0.4488054038600634,0,0
0,0.2610288685385571,0,0
0,0.5969594627288667,1,1
0,0.054585870189237294,0,0
1,0.8232170446817106,1,1
1,0.4991939628201855,0,1
0,0.15751404716044917,0,0
1,0.5473406550408747,1,1
0,0.38185257265157857,0,0
0,0.6242678506844817,1,1
0,0.15729572321155613,0,0
1,0.8719300059611733,1,1
0,0.3173099463172353,0,0
1,0.510563052395456,1,1
1,0.5970523989344241,1,1
0,0.29842202620037156,0,0
0,0.2898527124089065,0,0
0,0.2022404965074139,0,0
1,0.8934110129652636,1,1
0,0.6151830137062682,1,1
0,0.08996403491291587,0,0
0,0.1198180855610451,0,0
1,0.8593632980849435,1,1
0,0.08481420616175384,0,0
1,0.39075829702609605,0,0
1,0.5272242198248461,1,1
0,0.41408506856457566,0,0
0,0.4060174039866975,0,0
0,0.30739002191980247,0,0
1,0.5414425570921627,1,1
1,0.32366651606727614,0,0
0,0.8370926277062047,1,1
0,0.4932132007250004,0,1
0,0.20194581763691213,0,0
0,0.7387079100456665,1,1
0,0.0970582168758789,0,0
0,0.388898858456068,0,0
1,0.8038912902047417,1,1
0,0.5746929637911365,1,1
1,0.6874096095860351,1,1
0,0.47605952620346276,0,1
1,0.4518660157304322,0,0
0,0.17867842730555591,0,0
0,0.24084659258242416,0,0
0,0.08543871996410274,0,0
1,0.3305367937497087,0,0
1,0.3101874565294065,0,0
1,0.334450131826369,0,0
0,0.06623763779340702,0,0
1,0.5346218155235185,1,1
1,0.5951252095348935,1,1
1,0.3752991130650614,0,0
1,0.7159336872708435,1,1
0,0.14645701220666615,0,0
0,0.37006543167945205,0,0
0,0.06708071657072277,0,0
0,0.42778677313297797,0,0
0,0.17293702815064219,0,0
0,0.19435195177213582,0,0
1,0.8971696898969455,1,1
0,0.16718001133004712,0,0
1,0.6143852322279936,1,1
0,0.296480931016468,0,0
1,0.4104204463701018,0,0
0,0.4296324162080928,0,0
1,0.44914015905510335,0,0
1,0.6663050329116336,1,1
0,0.23084191367029644,0,0
1,0.3262842319464523,0,0
0,0.22737475945021393,0,0
1,0.7339585770955545,1,1
0,0.7904948591323454,1,1
0,0.13124579167068584,0,0
0,0.12508522818600715,0,0
1,0.7374943697887754,1,1
0,0.8290618242511669,1,1
1,0.25034056444154573,0,0
0,0.13894019321627787,0,0
0,0.39704381837327474,0,0
1,0.3101179544324325,0,0
0,0.5717540205951809,1,1
1,0.09490033774980634,0,0
0,0.04822913135805967,0,0
1,0.7167582552019597,1,1
0,0.10965961044415574,0,0
0,0.39228834924310496,0,0
1,0.14874762451596016,0,0
0,0.2960380749660112,0,0
0,0.09300386961788121,0,0
1,0.6396217463885688,1,1
0,0.3203751872524558,0,0
1,0.8825689608166307,1,1
0,0.5506493903222648,1,1
0,0.1586233387583702,0,0
0,0.6938100336579904,1,1
0,0.17195458161691982,0,0
0,0.21798372184858714,0,0
0,0.8549610640934014,1,1
1,0.7842531269280164,1,1
0,0.2821372694472624,0,0
0,0.3000265772404435,0,0
0,0.4243452810445253,0,0
0,0.5729823891452439,1,1
0,0.45816780957070413,0,0
1,0.7053814657347269,1,1
1,0.1857924071025018,0,0
0,0.57821880919976,1,1
0,0.31386005037466297,0,0
0,0.5077723539938629,1,1
1,0.6585443564108335,1,1
0,0.752508500368158,1,1
0,0.12577413961806022,0,0
1,0.8359897173279809,1,1
1,0.9134048205399262,1,1
0,0.2389403665069767,0,0
1,0.9259129430647339,1,1
1,0.5290477960447462,1,1
0,0.35060307557497356,0,0
0,0.48627404139480085,0,1
0,0.9040090285972517,1,1
0,0.6539820462786947,1,1
1,0.19149905744996792,0,0
1,0.47631708752418317,0,1
1,0.4605421998341935,0,0
1,0.8479753362478455,1,1
1,0.9325534122441658,1,1
1,0.3480747574983939,0,0
0,0.10194569882669456,0,0
1,0.8429130523348316,1,1
0,0.46612724621277163,0,0
0,0.7157928014596471,1,1
0,0.6551477488232865,1,1
0,0.24540255951422313,0,0
0,0.5340224902804341,1,1
1,0.8540542937730746,1,1
0,0.2381591347751505,0,0
0,0.13595321480163197,0,0
0,0.1282805440528159,0,0
0,0.17417854210607753,0,0
0,0.23955605573518918,0,0
0,0.39401702819320616,0,0
0,0.5306446693996465,1,1
0,0.4151724006738931,0,0
1,0.8293408921305133,1,1
1,0.8884953785243911,1,1
0,0.4038681119649844,0,0
1,0.8024067771018303,1,1
0,0.42314299411450995,0,0
1,0.8195681981833397,1,1
1,0.9264450844312562,1,1
0,0.4666001651745322,0,0
0,0.46469677796339737,0,0
1,0.7319372838127844,1,1
1,0.7185812445815625,1,1
0,0.08049814663148647,0,0
1,0.8414943363159983,1,1
0,0.6165278330754831,1,1
0,0.41136760884717477,0,0
0,0.3859288850242492,0,0
1,0.2721789459329947,0,0
0,0.2873609563080695,0,0
0,0.12039471550255156,0,0
1,0.8500500203229154,1,1
0,0.10759631731859302,0,0
1,0.7798557656914413,1,1
0,0.23597276965559702,0,0
0,0.1595204509952886,0,0
1,0.8608244152080154,1,1
1,0.8467083175968796,1,1
0,0.08227276789010267,0,0
1,0.26999926190343876,0,0
0,0.15836806040466184,0,0
1,0.8684440344787557,1,1
1,0.8388772581386534,1,1
1,0.6869815902692834,1,1
0,0.3342806409338865,0,0
0,0.3238587705663246,0,0
0,0.31417589472192303,0,0
1,0.7626859461770322,1,1
0,0.46362197519841997,0,0
1,0.9172731980677266,1,1
1,0.7519965095632644,1,1
0,0.17230408582558418,0,0
0,0.5932109246896866,1,1
0,0.09647155695017463,0,0
0,0.5399264914364613,1,1
0,0.04635947332227473,0,0
0,0.21778822781735133,0,0
1,0.8905524331952804,1,1
1,0.7416465764307097,1,1
1,0.8425220245982232,1,1
1,0.7212165581711258,1,1
0,0.18383514739865162,0,0
0,0.4530338063639328,0,0
1,0.6558952564718648,1,1
0,0.8914362838687955,1,1
1,0.278195099661585,0,0
0,0.5272214366192587,1,1
1,0.5684528123285157,1,1
1,0.7252341551495087,1,1
0,0.2055515406232351,0,0
0,0.5888397569949954,1,1
0,0.5806775549267237,1,1
0,0.48079912064582436,0,1
0,0.5711665169908414,1,1
0,0.5344011464654089,1,1
1,0.7992354524335896,1,1
1,0.9091323080071079,1,1
0,0.6687742022405928,1,1
0,0.5877676355899035,1,1
1,0.73574481619033,1,1
0,0.4499996219549453,0,0
0,0.44858574900866305,0,0
0,0.2611610092918658,0,0
0,0.426312202281276,0,0
1,0.7140973490208429,1,1
1,0.8177374688212078,1,1
0,0.06968617148278056,0,0
0,0.27486422886823486,0,0
0,0.2859480800423753,0,0
0,0.38824329377618033,0,0
0,0.2945111228732449,0,0
1,0.8335158392849519,1,1
0,0.12372744018015876,0,0
0,0.6011352770683082,1,1
1,0.40965932013052847,0,0
1,0.7062304643777454,1,1
0,0.34178779026518435,0,0
0,0.8323691479874924,1,1
0,0.07834521251556965,0,0
0,0.8325401276067035,1,1
1,0.8824722216992404,1,1
0,0.7473033268692775,1,1
0,0.8297977686464854,1,1
1,0.9271878395571301,1,1
0,0.11264563677654661,0,0
1,0.3707709863910784,0,0
1,0.6259151123020604,1,1
0,0.7121366324994798,1,1
1,0.779159665384205,1,1
1,0.9285637721663387,1,1
0,0.23124000663724603,0,0
0,0.7823186618165222,1,1
0,0.5618040765556205,1,1
1,0.8372269591656434,1,1
1,0.6516641087848501,1,1
0,0.3828097175904388,0,0
1,0.545555659343739,1,1
1,0.8270445736346885,1,1
1,0.42306311413023573,0,0
1,0.9153126414857993,1,1
0,0.16630393847548447,0,0
0,0.3194349618526165,0,0
0,0.22062946067486863,0,0
0,0.47793801842213873,0,1
0,0.08492838382217767,0,0
1,0.8142622093053479,1,1
0,0.231858394531625,0,0
1,0.7785680321135052,1,1
0,0.34273025048271255,0,0
0,0.7110468098215602,1,1
1,0.7450867849142813,1,1
0,0.3712206499760417,0,0
1,0.7522757269435398,1,1
0,0.2958806796704887,0,0
0,0.09388627191464782,0,0
1,0.2892479175394167,0,0
0,0.6438160989048427,1,1
1,0.29844948009782096,0,0
0,0.2265081982951768,0,0
1,0.7757161342844303,1,1
0,0.08008365193119826,0,0
1,0.38193187281839924,0,0
1,0.9411734715048413,1,1
0,0.5908999211306994,1,1
0,0.21685365650250435,0,0
1,0.7524405236640419,1,1
0,0.41362034753637444,0,0
0,0.37267189458374456,0,0
0,0.6102688192173522,1,1
1,0.8457422695427093,1,1
1,0.42054339856204653,0,0
1,0.6470872136841951,1,1
0,0.14170762460792885,0,0
1,0.3748899654837811,0,0
0,0.6846581404854598,1,1
1,0.774976070110824,1,1
1,0.747591977260418,1,1
0,0.3247223456066194,0,0
0,0.1493056951051875,0,0
0,0.46131110694454214,0,0
1,0.6481044458270049,1,1
0,0.3351115633001569,0,0
1,0.785387200529181,1,1
0,0.3701868145572031,0,0
0,0.454922133619764,0,0
1,0.8372974424166484,1,1
1,0.38593388026185693,0,0
0,0.08545407055554634,0,0
1,0.3791077765724048,0,0
0,0.17619785097347127,0,0
0,0.925196132416942,1,1
0,0.0941419891409079,0,0
0,0.6112418740177178,1,1
0,0.31435465954367564,0,0
0,0.678877727611893,1,1
0,0.17106730492408453,0,0
0,0.46956077117930745,0,0
1,0.5167634303762465,1,1
0,0.7241883186668417,1,1
0,0.7708350677884431,1,1
1,0.23722276438556902,0,0
0,0.3351823427775097,0,0
0,0.08033927573166862,0,0
0,0.44785350500690874,0,0
1,0.3791300570508444,0,0
0,0.6965916444966342,1,1
0,0.23551494677346127,0,0
0,0.22267474039021828,0,0
0,0.23378279697619936,0,0
0,0.6075956849092299,1,1
1,0.8805858600869556,1,1
1,0.9598998610416238,1,1
0,0.6302245705359323,1,1
0,0.4033069538947799,0,0
0,0.36894517344274136,0,0
1,0.539609530219779,1,1
0,0.1054136721373753,0,0
1,0.4101952146545125,0,0
0,0.4357543857004559,0,0
1,0.8902286250234217,1,1
0,0.5994420960784193,1,1
0,0.13370477085585775,0,0
1,0.24237740149310433,0,0
0,0.244394902849835,0,0
0,0.5112377504197587,1,1
0,0.31379759824541936,0,0
1,0.2193207008110788,0,0
0,0.49577348683574857,0,1
1,0.8914242601947843,1,1
0,0.37394960967959684,0,0
1,0.642247022455014,1,1
1,0.44795338495276305,0,0
0,0.26762903792535847,0,0
0,0.262580481829615,0,0
1,0.7003867417559793,1,1
1,0.8323620967868766,1,1
0,0.09174877633631628,0,0
0,0.7063195707257885,1,1
0,0.2181357488214846,0,0
0,0.6176491661083405,1,1
0,0.46745620210456407,0,0
0,0.37237475169265394,0,0
1,0.6272533688489143,1,1
0,0.6213934429619724,1,1
0,0.32405264263666106,0,0
0,0.38625596757649805,0,0
0,0.5467369961717821,1,1
1,0.3021879159294358,0,0
0,0.5629483349802945,1,1
0,0.187919447317644,0,0
0,0.664741655046532,1,1
0,0.7439730936628849,1,1
1,0.8279109005305387,1,1
1,0.673884505846271,1,1
0,0.25484632149017283,0,0
0,0.1962049847784165,0,0
0,0.7302380096572766,1,1
0,0.4593800840282529,0,0
0,0.3309003663627874,0,0
1,0.36965867014268533,0,0
0,0.23285485361935457,0,0
1,0.6617563992084874,1,1
1,0.7608148747947352,1,1
1,0.6724386077698362,1,1
1,0.6750065654794573,1,1
1,0.6357160715855178,1,1
1,0.5949778843870774,1,1
0,0.18051959656356528,0,0
1,0.6946725476729767,1,1
1,0.569161633578233,1,1
0,0.39871989204007835,0,0
0,0.2813747058717405,0,0
1,0.5546435348686898,1,1
1,0.6529209648604649,1,1
1,0.3877860652406299,0,0
0,0.1693136720920658,0,0
0,0.24220951214623251,0,0
1,0.234371982082452,0,0
1,0.4759328974697615,0,1
0,0.07395095904705412,0,0
0,0.362387692693352,0,0
0,0.2622776126506549,0,0
0,0.7846645421761427,1,1
0,0.4339413257415909,0,0
0,0.17505013535002364,0,0
0,0.7428301941899712,1,1
1,0.8130423132382065,1,1
1,0.7849383943146541,1,1
0,0.5862002545773947,1,1
0,0.1492594054296533,0,0
0,0.12392537240870093,0,0
1,0.6828310759758977,1,1
0,0.14104342569118142,0,0
0,0.6497756283616669,1,1
0,0.08651987834382462,0,0
1,0.6047320893030596,1,1
1,0.789369237357029,1,1
1,0.7919759367656484,1,1
0,0.836515341307267,1,1
0,0.8130976621973294,1,1
1,0.6380110131510107,1,1
0,0.4259320439253672,0,0
0,0.37193447059736645,0,0
0,0.504186008801895,1,1
1,0.46490147665839854,0,0
0,0.8949476961923459,1,1
1,0.664233405103457,1,1
1,0.7310196812104849,1,1
0,0.7444752516387008,1,1
1,0.7551181150482936,1,1
0,0.38696140296772935,0,0
0,0.3147977306689331,0,0
0,0.12271334600937077,0,0
0,0.7283454325796567,1,1
0,0.12279897035624338,0,0
1,0.5446929974368887,1,1
0,0.6726847803398043,1,1
1,0.5698054286430903,1,1
0,0.4793759185720277,0,1
0,0.09819281096426598,0,0
0,0.6492873298005899,1,1
0,0.7321439475895379,1,1
0,0.6960666794456912,1,1
0,0.49356691658342144,0,1
0,0.19309319732581945,0,0
1,0.7785894785970635,1,1
1,0.878094470729348,1,1
1,0.3717879922044771,0,0
0,0.312350714969457,0,0
0,0.45490169530204644,0,0
0,0.2674211159708109,0,0
0,0.17304589517854638,0,0
0,0.9289129365655479,1,1
1,0.8218562551194424,1,1
0,0.07510884869471053,0,0
1,0.7897059292470894,1,1
0,0.0722901238366925,0,0
1,0.3227617045047293,0,0
0,0.6807939005247158,1,1
0,0.1550414833241996,0,0
1,0.6615003951493323,1,1
0,0.0626379817051701,0,0
0,0.42576471743605987,0,0
0,0.09752051421947094,0,0
0,0.39103779783338444,0,0
0,0.31027570601151566,0,0
1,0.6772745356260921,1,1
1,0.8221807826208098,1,1
0,0.3493252079758745,0,0
0,0.3085374397005804,0,0
0,0.5022351567759945,1,1
0,0.7244613493922866,1,1
0,0.5077765836308253,1,1
1,0.7182920376017629,1,1
0,0.26952230193963844,0,0
0,0.1369040704441235,0,0
0,0.3783455903692664,0,0
1,0.7160070235296524,1,1
0,0.5465794738387773,1,1
0,0.5672997461957026,1,1
0,0.2080007630011003,0,0
0,0.43935501170352614,0,0
0,0.2187976726685973,0,0
0,0.3422962046051559,0,0
0,0.32987442812716133,0,0
0,0.07491322575196031,0,0
0,0.5597292064293669,1,1
0,0.4222419200896915,0,0
0,0.2727207704627406,0,0
1,0.7588160407399138,1,1
1,0.8489546512025992,1,1
0,0.11219772469884336,0,0
0,0.13811823701091713,0,0
0,0.25194056274921517,0,0
0,0.4106836880103697,0,0
0,0.3180090890450342,0,0
0,0.37579486988895855,0,0
0,0.2778394894203676,0,0
1,0.7431293295380005,1,1
1,0.948952509561042,1,1
0,0.7552419210180246,1,1
1,0.7708023489207732,1,1
0,0.17657113985280765,0,0
1,0.6033241081296524,1,1
0,0.2788966529270534,0,0
1,0.23729514963731563,0,0
1,0.8202893703261034,1,1
0,0.2152180112541572,0,0
1,0.8748336657623978,1,1
0,0.7317244460602212,1,1
0,0.11184664607414353,0,0
0,0.5137515022858729,1,1
1,0.517868877604007,1,1
0,0.4344668233933186,0,0
0,0.32425081585321125,0,0
1,0.6885048951485785,1,1
1,0.624567700617663,1,1
0,0.4898347353391887,0,1
1,0.8734327615122975,1,1
0,0.12161978738206382,0,0
1,0.7168462065272101,1,1
0,0.2776734522382018,0,0
1,0.4634106207482583,0,0
0,0.5551192909146233,1,1
0,0.38706099072037337,0,0
1,0.8971645461716848,1,1
0,0.1769553917203415,0,0
0,0.08882000540965294,0,0
0,0.3993686356398831,0,0
1,0.7409515104074407,1,1
1,0.13537576360338283,0,0
0,0.33697101474571944,0,0
0,0.22603672958650764,0,0
0,0.6631286167152283,1,1
0,0.1772357649699321,0,0
0,0.3654978348169318,0,0
0,0.2624213557028243,0,0
1,0.7821604505976925,1,1
0,0.41874600511722737,0,0
1,0.9076805056189771,1,1
1,0.8213118621950423,1,1
0,0.6087704399446121,1,1
0,0.5477966420769449,1,1
1,0.8139067904889666,1,1
0,0.08448779869978162,0,0
0,0.20771986764136807,0,0
0,0.19286560022286095,0,0
0,0.10591877681762829,0,0
0,0.3791398545439595,0,0
0,0.28196909134789916,0,0
0,0.05341037754661574,0,0
1,0.5742949308550707,1,1
0,0.39650359308393013,0,0
1,0.7816605053547789,1,1
0,0.27263977228043473,0,0
1,0.8551981306944291,1,1
0,0.628818310048282,1,1
1,0.9203897575188772,1,1
0,0.1427890066573105,0,0
1,0.8781902601621672,1,1
0,0.6237480964077486,1,1
0,0.26102042217726634,0,0
0,0.5166777787017983,1,1
1,0.6576477155987306,1,1
1,0.7591418149337387,1,1
1,0.7850906508177905,1,1
0,0.15846133975069426,0,0
1,0.941443653195775,1,1
0,0.16871813138993366,0,0
0,0.23781405846399775,0,0
1,0.5231948104159021,1,1
0,0.6150198569194357,1,1
1,0.6159449487636004,1,1
1,0.7719290796984292,1,1
1,0.8571124271069812,1,1
1,0.6024947596322846,1,1
0,0.7786515029852065,1,1
0,0.8091604066088022,1,1
0,0.610132695334082,1,1
0,0.054828077077993524,0,0
0,0.17164977462381395,0,0
0,0.1445329442366908,0,0
0,0.31415914104418097,0,0
0,0.22839363103519295,0,0
1,0.833924060863841,1,1
1,0.7077149089626626,1,1
0,0.0713538623626245,0,0
0,0.6035419669461356,1,1
1,0.7329151003040043,1,1
1,0.8708655543323187,1,1
1,0.7254538370008777,1,1
1,0.8370117799004545,1,1
0,0.4135111350411479,0,0
1,0.4033449214748069,0,0
1,0.9152197501069523,1,1
0,0.3789074968248388,0,0
0,0.09957505894554262,0,0
0,0.2780809233121339,0,0
0,0.343023972661843,0,0
0,0.4523069027353282,0,0
0,0.23195573756515925,0,0
0,0.07921508787788696,0,0
0,0.16932410404248824,0,0
0,0.1910599232911918,0,0
0,0.3005899715368277,0,0
0,0.6720585612349834,1,1
1,0.8867776100068901,1,1
0,0.4674098158059967,0,0
1,0.7242921979261948,1,1
0,0.29924068337897014,0,0
0,0.09635204771826514,0,0
1,0.9051033606850234,1,1
0,0.1921268308308448,0,0
0,0.2728661642664217,0,0
1,0.4642885009634187,0,0
1,0.9424140830993983,1,1
0,0.21282751701486155,0,0
1,0.6573455745870387,1,1
0,0.5168812613455412,1,1
1,0.805557739852949,1,1
0,0.3776447666105051,0,0
1,0.9465894180557028,1,1
1,0.3166886328289969,0,0
0,0.4245292011115768,0,0
0,0.11117727369111889,0,0
0,0.57765599627928,1,1
0,0.2086878391007415,0,0
0,0.43563105833182836,0,0
0,0.8183446851139734,1,1
1,0.8838440566061079,1,1
0,0.10968633259967486,0,0
0,0.07328682415513374,0,0
0,0.1452744963307577,0,0
0,0.29028280091545067,0,0
0,0.252729508916243,0,0
0,0.09688061869131742,0,0
0,0.0897434009614613,0,0
0,0.19749413340825547,0,0
0,0.4407612575422351,0,0
0,0.9038109480896578,1,1
0,0.19381481489798125,0,0
0,0.7987278502829099,1,1
0,0.3716008339971391,0,0
0,0.3735701431589278,0,0
0,0.05130234415791151,0,0
0,0.17270885945398193,0,0
0,0.5714733926611645,1,1
0,0.5672833879630748,1,1
0,0.30265117080151677,0,0
0,0.4589317331501033,0,0
0,0.4814340037848541,0,1
1,0.8033554599746539,1,1
0,0.8221703083728491,1,1
0,0.3881001624426441,0,0
0,0.36517349975559277,0,0
1,0.7632875975732547,1,1
0,0.4628320943851441,0,0
0,0.3019966761594881,0,0
0,0.7374919454524206,1,1
1,0.7524678505515615,1,1
1,0.41304662848491136,0,0
0,0.4770194369548153,0,1
0,0.05901712707508947,0,0
0,0.21543655994053115,0,0
0,0.3776321703930583,0,0
1,0.8696182853697464,1,1
0,0.6228845455591921,1,1
1,0.8441844336261388,1,1
0,0.22269153275745657,0,0
0,0.5397118521247348,1,1
1,0.8628420708216149,1,1
0,0.09697155068391648,0,0
0,0.42877599066630895,0,0
0,0.16216644593085294,0,0
0,0.5456165166076301,1,1
1,0.8437243107353497,1,1
0,0.34133401028272203,0,0
0,0.797705205307034,1,1
0,0.6623192411072448,1,1
1,0.5021756834692205,1,1
1,0.8581953219263111,1,1
0,0.07809908089264046,0,0
1,0.7746002917824997,1,1
0,0.427105105103902,0,0
0,0.07099089414365474,0,0
0,0.23800150717452678,0,0
1,0.6230539912179728,1,1
1,0.8704661472045268,1,1
0,0.2260062850718892,0,0
0,0.1870998816445971,0,0
0,0.0530464646601077,0,0
0,0.1338149550171621,0,0
1,0.19217816043484914,0,0
0,0.12724087983347593,0,0
0,0.08448058695759483,0,0
0,0.5926185505531528,1,1
0,0.298969620912364,0,0
1,0.7980682196822013,1,1
0,0.08724781791424409,0,0
0,0.5328363454240349,1,1
1,0.3355329146449572,0,0
0,0.08739168521369402,0,0
1,0.8175484916486531,1,1
1,0.7066328347278854,1,1
1,0.6548665816840645,1,1
1,0.8309172723160283,1,1
1,0.6757236235579116,1,1
1,0.8852066306768915,1,1
0,0.3974064460727108,0,0
0,0.5691152114122744,1,1
0,0.31369792713326355,0,0
1,0.6573327268859837,1,1
1,0.6837160911476364,1,1
1,0.8547843823624323,1,1
1,0.7762357929016465,1,1
0,0.6025871168685801,1,1
1,0.9060885189146582,1,1
0,0.2572637563519704,0,0
0,0.4784280515982595,0,1
1,0.8748483851006427,1,1
0,0.6990588647555567,1,1
0,0.6587820957991716,1,1
0,0.3339131691895767,0,0
0,0.4804411048997458,0,1
0,0.5786699580000931,1,1
0,0.7138142031278297,1,1
1,0.3244297625642624,0,0
0,0.2026228085837162,0,0
1,0.9616909944457523,1,1
0,0.6990065406273531,1,1
0,0.24423921666293946,0,0
1,0.8296742328093724,1,1
0,0.31029607131009473,0,0
1,0.5604994303901856,1,1
0,0.0692286334965201,0,0
0,0.24846011647355432,0,0
0,0.8510721988997966,1,1
1,0.43368164995423114,0,0
0,0.2785084928559067,0,0
1,0.7163433717734831,1,1
0,0.23496495370012116,0,0
1,0.8428013123912098,1,1
0,0.05116830860084965,0,0
0,0.5876755445020556,1,1
1,0.8144197721449039,1,1
1,0.5388341278845202,1,1
1,0.39182138542966344,0,0
0,0.445339839704498,0,0
0,0.27591310224172594,0,0
0,0.1241467350434426,0,0
0,0.3910603690337244,0,0
0,0.619038113943675,1,1
0,0.16212697389091357,0,0
0,0.06211746832849477,0,0
0,0.21656842671142842,0,0
0,0.1384956196344363,0,0
1,0.5032175793636198,1,1
0,0.40897913904130334,0,0
1,0.1368766687211217,0,0
0,0.259908820729184,0,0
0,0.07710454128347913,0,0
0,0.04704093981487179,0,0
0,0.15775013025538318,0,0
0,0.21268631764818563,0,0
0,0.5028364410900906,1,1
0,0.17709306378556117,0,0
0,0.3545674770665316,0,0
1,0.1778301571574289,0,0
0,0.497088503389688,0,1
0,0.2985276264433458,0,0
0,0.42703803163316956,0,0
0,0.04970948152970964,0,0
0,0.6885946844616099,1,1
0,0.5739361958753714,1,1
1,0.3776146046655939,0,0
0,0.4473335318638,0,0
1,0.2873040123362854,0,0
1,0.552192193497246,1,1
0,0.15496444393215422,0,0
0,0.12704548378367683,0,0
0,0.1206918534647149,0,0
1,0.6927560525010393,1,1
1,0.8160647500785346,1,1
0,0.2113000270007509,0,0
0,0.6459267836630178,1,1
0,0.19166437305189324,0,0
0,0.4063571165558663,0,0
1,0.688007139575664,1,1
0,0.2738534557866282,0,0
0,0.32769250132567074,0,0
0,0.19955819466300054,0,0
0,0.15673567389306806,0,0
1,0.7674308381536556,1,1
0,0.18681257393628006,0,0
0,0.1869633581364584,0,0
0,0.5437936159103633,1,1
0,0.7454491286000821,1,1
1,0.5094012330284902,1,1
0,0.05879605621246469,0,0
0,0.3026810055234004,0,0
0,0.15673115032534518,0,0
0,0.1928837193774646,0,0
1,0.9338703520438859,1,1
1,0.5261327079320043,1,1
0,0.2212974969363295,0,0
0,0.28360042756564763,0,0
0,0.47032124664125113,0,1
0,0.5629297445173351,1,1
1,0.691340441310203,1,1
0,0.5501603114598845,1,1
0,0.2665091170797096,0,0
1,0.5348414290427634,1,1
1,0.5437357092001648,1,1
0,0.4415165400188356,0,0
1,0.6601827983428533,1,1
0,0.08497899209251125,0,0
0,0.21192423152911877,0,0
0,0.29988428903959713,0,0
0,0.2633538889041359,0,0
0,0.34731319801226024,0,0
1,0.5294744980748344,1,1
1,0.14325752159154015,0,0
0,0.17100009242645126,0,0
1,0.6438853212249135,1,1
0,0.7672776334358996,1,1
1,0.3521376269750189,0,0
1,0.8670566872099799,1,1
0,0.24034866837932736,0,0
0,0.34597690296770844,0,0
0,0.3668612856578431,0,0
0,0.259772223574944,0,0
1,0.6562786727624813,1,1
0,0.18275995559924516,0,0
0,0.06341136893311271,0,0
1,0.3626606187152664,0,0
1,0.6367271271661314,1,1
0,0.46031000515438597,0,0
1,0.2485600992318085,0,0
1,0.8924217077540981,1,1
0,0.10584118377535426,0,0
0,0.07178873922434441,0,0
0,0.8169832404262072,1,1
1,0.37375403813386127,0,0
1,0.8447674698677314,1,1
1,0.7136582402690372,1,1
0,0.8718756038639871,1,1
0,0.6746634339401113,1,1
0,0.17463666997713867,0,0
1,0.7870304289176356,1,1
0,0.2990422333169309,0,0
0,0.23894017091975553,0,0
0,0.17981756091779222,0,0
0,0.16921087896463166,0,0
1,0.3439842756696438,0,0
1,0.34588019128888464,0,0
0,0.2552309958528559,0,0
0,0.2480361966575614,0,0
1,0.8473901116941709,1,1
0,0.15793328916433413,0,0
0,0.11480776671504596,0,0
0,0.5116683545433149,1,1
0,0.8425388049533126,1,1
0,0.23551317249988524,0,0
1,0.38020306311381863,0,0
0,0.3120876809620322,0,0
0,0.36750772513192,0,0
1,0.9674681883175806,1,1
0,0.22289754013755522,0,0
0,0.6467128552583947,1,1
0,0.4913257652773252,0,1
0,0.288908212968514,0,0
0,0.15050107943260085,0,0
0,0.05336716331772185,0,0
1,0.7972135299586902,1,1
1,0.5713392722765459,1,1
0,0.7583233708678182,1,1
1,0.3229891253047463,0,0
0,0.4810394311114448,0,1
1,0.8236964904793427,1,1
0,0.5287169462195581,1,1
0,0.3452311806182131,0,0
0,0.0717619878423755,0,0
1,0.5746018805438456,1,1
1,0.742125530958094,1,1
0,0.17899070839234918,0,0
0,0.27329220729472037,0,0
1,0.5820122463472185,1,1
0,0.14851936744032718,0,0
1,0.38498167526584554,0,0
1,0.7974082445302125,1,1
0,0.05990012437118241,0,0
0,0.4471318462745016,0,0
0,0.19802880850458712,0,0
0,0.4344280182756954,0,0
1,0.8235408174653164,1,1
0,0.2029704621094069,0,0
0,0.13199388504997708,0,0
0,0.1246848567840134,0,0
1,0.9209974114927473,1,1
0,0.6474178888468147,1,1
1,0.3400442908474883,0,0
0,0.5273638382522107,1,1
1,0.7362754296479382,1,1
0,0.07637914290133577,0,0
0,0.23166086224818075,0,0
0,0.15228587627672877,0,0
0,0.6737867626984002,1,1
0,0.1684061792840059,0,0
1,0.44725282863758925,0,0
0,0.5833010916188367,1,1
0,0.832825791374882,1,1
0,0.1328640839880379,0,0
1,0.8452260012218736,1,1
0,0.32174278857847255,0,0
1,0.7703478196912875,1,1
0,0.7380532595934616,1,1
0,0.483289666524365,0,1
0,0.417042424223465,0,0
1,0.13449678493895192,0,0
1,0.6319227428418753,1,1
0,0.4765586721315282,0,1
1,0.6907378394509502,1,1
0,0.09712920941432676,0,0
1,0.7539523987689948,1,1
1,0.8797364882404882,1,1
0,0.5261646652749189,1,1
0,0.35051867782511764,0,0
1,0.8645455497839396,1,1
0,0.5398972479552471,1,1
1,0.7453495525306238,1,1
0,0.3915450983586459,0,0
0,0.1128712817806922,0,0
0,0.6925169765000273,1,1
0,0.05957295811278606,0,0
0,0.48157871239545846,0,1
1,0.7970295971452365,1,1
0,0.19529247398246555,0,0
0,0.3424083602190191,0,0
0,0.05517203441817505,0,0
1,0.9110141858387424,1,1
0,0.3785978429346412,0,0
1,0.5175371311593301,1,1
1,0.720984893032496,1,1
0,0.6135487364021213,1,1
0,0.49688233824153727,0,1
1,0.9093873484155166,1,1
1,0.7847436555248919,1,1
1,0.9676845096690049,1,1
1,0.5998039392336765,1,1
0,0.0949289393377635,0,0
0,0.2521304504718713,0,0
0,0.7647304553360036,1,1
1,0.8626359499251219,1,1
0,0.20673186704872748,0,0
1,0.23580857793350332,0,0
0,0.8764577440592816,1,1
0,0.366668901291066,0,0
0,0.35611302566598213,0,0
1,0.4662667131508327,0,0
0,0.2595904997450126,0,0
1,0.8748156950926723,1,1
0,0.13378027835691594,0,0
0,0.4489917077426298,0,0
0,0.3220909776598821,0,0
1,0.8811425337737093,1,1
0,0.5043322163534174,1,1
0,0.13733982240405665,0,0
1,0.6249690237931255,1,1
0,0.44634883984864276,0,0
1,0.8493596673756599,1,1
0,0.42447975022101486,0,0
0,0.5584205177488077,1,1
0,0.20439423082358404,0,0
0,0.26936144547445007,0,0
0,0.4258192707083386,0,0
0,0.11908457387106142,0,0
0,0.655355787045662,1,1
0,0.11805744334371585,0,0
0,0.36521649380222354,0,0
0,0.45237348413814127,0,0
1,0.7902191213366048,1,1
1,0.4128072927077302,0,0
0,0.16501603358451328,0,0
0,0.8495950895261156,1,1
1,0.21407095140661284,0,0
0,0.29260712008808776,0,0
0,0.20950136731150673,0,0
0,0.6062442084351909,1,1
0,0.2084689757325262,0,0
0,0.10806748941897183,0,0
0,0.12459146920810282,0,0
0,0.42308563177140124,0,0
0,0.05874029367048181,0,0
1,0.5747750120402387,1,1
0,0.6456245180408349,1,1
0,0.43997658160218633,0,0
1,0.7392438895649599,1,1
0,0.44162661036173345,0,0
1,0.8128645412250444,1,1
0,0.23493265398147836,0,0
0,0.814777123385489,1,1
0,0.5777753798317342,1,1
1,0.5872522074410609,1,1
1,0.22719199147018676,0,0
0,0.7346527953761197,1,1
0,0.1427451327770423,0,0
0,0.14212776202646263,0,0
0,0.21824133638862053,0,0
0,0.12516794514243876,0,0
0,0.3082996038428741,0,0
0,0.5490498082536512,1,1
1,0.564366832572266,1,1
0,0.22426224541988526,0,0
1,0.5082963310232591,1,1
0,0.13659039655788938,0,0
1,0.7871500949698089,1,1
0,0.858086420346715,1,1
0,0.47571948419745497,0,1
0,0.17196397753242984,0,0
0,0.679902344251833,1,1
0,0.18653805191150194,0,0
0,0.3720093683149816,0,0
0,0.2721016902804061,0,0
0,0.36818366126890656,0,0
0,0.04947978336420951,0,0
1,0.8325092360770692,1,1
1,0.7708235816971001,1,1
0,0.3904613457885822,0,0
1,0.34054697238467607,0,0
0,0.5002032315885347,1,1
0,0.503774201675758,1,1
1,0.8547301449178861,1,1
0,0.8301287452048037,1,1
0,0.09238602507618618,0,0
1,0.7397598446532888,1,1
1,0.3785590559260331,0,0
0,0.17536841100255288,0,0
0,0.8215553921304267,1,1
0,0.39541446427066335,0,0
0,0.22483403085858233,0,0
1,0.7308626666093408,1,1
1,0.8006319209077334,1,1
1,0.8904841609101924,1,1
0,0.49952822844072214,0,1
1,0.7742447029938515,1,1
0,0.21911594011081334,0,0
0,0.08913106753272859,0,0
0,0.07724483291945787,0,0
0,0.37444061625743263,0,0
0,0.02609859205807247,0,0
1,0.7948541254124194,1,1
1,0.5058321966036046,1,1
0,0.13415610877710918,0,0
1,0.4456528660487412,0,0
0,0.1354147473360815,0,0
0,0.392109119014939,0,0
1,0.7634159846567573,1,1
1,0.3262659098218835,0,0
0,0.2237035919947606,0,0
0,0.12140587061910088,0,0
0,0.7228841576509576,1,1
0,0.2305106191086112,0,0
1,0.3586426654488508,0,0
1,0.7172808594958614,1,1
0,0.2218312642059779,0,0
0,0.2507626280998657,0,0
1,0.19347855786353538,0,0
1,0.3200746725714238,0,0
0,0.7138349474474218,1,1
1,0.6676234480245485,1,1
1,0.5814837588499256,1,1
1,0.23568778503702886,0,0
0,0.17998140419833192,0,0
0,0.1403637586738738,0,0
0,0.7539350074468119,1,1
1,0.9093065231518965,1,1
0,0.7812432459772674,1,1
0,0.8488424308020716,1,1
0,0.08120554502774918,0,0
0,0.4999485654053485,0,1
0,0.6311368586616823,1,1
0,0.5173273548403076,1,1
1,0.5580112176301562,1,1
0,0.42733231544908773,0,0
0,0.0794415352812327,0,0
1,0.8919322187875951,1,1
1,0.8606976396419255,1,1
1,0.45811025511497555,0,0
0,0.26099474228016145,0,0
0,0.5682631626907296,1,1
0,0.40979599824083784,0,0
0,0.6378599878120862,1,1
0,0.5777890857800202,1,1
0,0.3666173493695736,0,0
0,0.3394438626791497,0,0
1,0.6618164662987109,1,1
0,0.38508763688317754,0,0
0,0.40365601154485947,0,0
1,0.6185704328749205,1,1
0,0.4338747487824287,0,0
1,0.6435626872908423,1,1
1,0.3156495268531103,0,0
0,0.49451544541257025,0,1
1,0.6850709058717747,1,1
1,0.8679913418925416,1,1
0,0.4795118958312814,0,1
0,0.7984901835439371,1,1
0,0.3445797140125101,0,0
1,0.5816021903166518,1,1
0,0.22978114915860304,0,0
0,0.10711911399557866,0,0
1,0.4446471323048256,0,0
1,0.913365169392939,1,1
0,0.20557803104425226,0,0
0,0.10186907220221003,0,0
0,0.43145628988126694,0,0
0,0.0679069664249729,0,0
0,0.16584350564402392,0,0
0,0.09829899743089858,0,0
1,0.6807424813763248,1,1
0,0.3940756514830761,0,0
0,0.3213612372062543,0,0
1,0.9259753680457358,1,1
0,0.3647717195298344,0,0
1,0.3988311990328517,0,0
0,0.41255295582208845,0,0
0,0.14179999190084452,0,0
0,0.5302310446485803,1,1
1,0.3607575565035087,0,0
1,0.6462629501603683,1,1
0,0.07886507810733864,0,0
1,0.6194757063353605,1,1
1,0.4635067813089316,0,0
0,0.7156366402221601,1,1
0,0.216359888890633,0,0
1,0.5251914145375189,1,1
1,0.38054069689603165,0,0
1,0.23131556074423165,0,0
1,0.5452410897616543,1,1
1,0.3363944275603551,0,0
0,0.08807329309187166,0,0
1,0.6477244366002013,1,1
1,0.773021402003017,1,1
0,0.6388471662584101,1,1
1,0.753719399151016,1,1
1,0.4493177263611345,0,0
1,0.58510977849305,1,1
0,0.12383495776837689,0,0
0,0.2721148008313017,0,0
1,0.8595453398620895,1,1
0,0.49854519198009833,0,1
1,0.7605054886106294,1,1
1,0.6173294602240693,1,1
1,0.9739804722395078,1,1
0,0.6135779335855858,1,1
0,0.5363249272296764,1,1
0,0.2614619304878296,0,0
1,0.7453318353097258,1,1
0,0.31607896733020424,0,0
1,0.7060343533346531,1,1
0,0.6804152898081615,1,1
0,0.6192462138841334,1,1
1,0.8304505580970024,1,1
0,0.4307411678095955,0,0
1,0.5713128464343113,1,1
0,0.3277538508202419,0,0
0,0.11813642243025423,0,0
1,0.7864236363846013,1,1
0,0.530609942731183,1,1
1,0.48562870074207026,0,1
0,0.559735239933311,1,1
0,0.47273327480581295,0,1
0,0.47552066082434274,0,1
0,0.8930189593646394,1,1
0,0.10064707555279706,0,0
0,0.14905490963518614,0,0
0,0.3633284736304247,0,0
1,0.7283474596832534,1,1
1,0.22354358631728502,0,0
0,0.4105999735277434,0,0
0,0.5376514900649675,1,1
0,0.7456628916961358,1,1
1,0.9028108051833945,1,1
1,0.774897952163243,1,1
1,0.6813714161351865,1,1
1,0.8323816952997459,1,1
0,0.13518708742351151,0,0
0,0.4194695248142296,0,0
0,0.12973664225200507,0,0
1,0.8396698428867798,1,1
1,0.7056919819840491,1,1
1,0.8196848078090399,1,1
1,0.8962662175060937,1,1
0,0.26501696545177755,0,0
0,0.4828304767979391,0,1
0,0.07894291345507957,0,0
1,0.37681148924825786,0,0
0,0.03414058270615737,0,0
0,0.5468112113122482,1,1
1,0.7693708583525684,1,1
0,0.19009873067358243,0,0
1,0.39682812698023184,0,0
0,0.5796501806794597,1,1
1,0.7984495477040162,1,1
0,0.22729542846753442,0,0
1,0.7454185642970828,1,1
0,0.4999732636971167,0,1
0,0.3106813776031444,0,0
0,0.4914184746258468,0,1
0,0.14137254000992816,0,0
0,0.1409416479261705,0,0
0,0.7555419672319301,1,1
0,0.37700635573852936,0,0
0,0.8178557612048538,1,1
0,0.42299238311857534,0,0
0,0.30512415308122487,0,0
0,0.5768490387837335,1,1
0,0.31959556668539246,0,0
0,0.45850301282128025,0,0
0,0.09378869558853996,0,0
1,0.9452338646909855,1,1
0,0.48812517012673184,0,1
0,0.5135692810713302,1,1
0,0.8160225238996657,1,1
0,0.2615377894748144,0,0
1,0.8270520252256383,1,1
0,0.706343043797879,1,1
0,0.22501042366608362,0,0
1,0.7101199928084819,1,1
0,0.09187353365708639,0,0
0,0.36751129798523224,0,0
0,0.9017246294230271,1,1
1,0.5707503936173596,1,1
1,0.49268896420503494,0,1
1,0.7271783004152513,1,1
0,0.5004730041106862,1,1
1,0.5682698014782306,1,1
0,0.3209454707646081,0,0
0,0.24184342992336103,0,0
0,0.2404948140827515,0,0
1,0.4781858367297374,0,1
0,0.10556261253170802,0,0
0,0.5940138668785614,1,1
1,0.3907820497478576,0,0
1,0.8060665148905133,1,1
0,0.7536696592934179,1,1
0,0.23954391616876303,0,0
0,0.15719043052622958,0,0
1,0.7750307683165648,1,1
1,0.33451215814486435,0,0
0,0.3266629763496441,0,0
0,0.7820542561914964,1,1
0,0.2669130711318736,0,0
1,0.9160573326110881,1,1
0,0.3014453213634372,0,0
0,0.05913656782551464,0,0
0,0.7607552197543935,1,1
1,0.8122406137965156,1,1
0,0.6181727520508167,1,1
1,0.3330468720534243,0,0
1,0.7020154388809308,1,1
0,0.5150314919062842,1,1
1,0.6820986256396838,1,1
1,0.6172316134722875,1,1
0,0.6763975100301141,1,1
0,0.08089940708452704,0,0
1,0.7944995262415454,1,1
1,0.5907075192553392,1,1
1,0.7524297279409173,1,1
0,0.07877928435271525,0,0
0,0.06217994004572378,0,0
1,0.611046532337754,1,1
1,0.6402967345745321,1,1
0,0.4760353849603534,0,1
0,0.34321228529320624,0,0
0,0.08460705635159725,0,0
0,0.15166909424079758,0,0
0,0.32135569520257135,0,0
0,0.6015537529316011,1,1
0,0.42140777529349166,0,0
1,0.7209020898520698,1,1
0,0.5552652182336256,1,1
0,0.13287974148089224,0,0
1,0.9208301019783078,1,1
0,0.5094876600737577,1,1
1,0.7265272398013879,1,1
0,0.5476463840365564,1,1
0,0.23433801074574823,0,0
1,0.46695777929689436,0,0
0,0.19331804868683627,0,0
0,0.4387136947507771,0,0
0,0.2660553728396273,0,0
0,0.12170005166663896,0,0
0,0.5984777001248227,1,1
1,0.788722976625387,1,1
1,0.8704897192810213,1,1
1,0.8700262047857659,1,1
1,0.47443932481941703,0,1
0,0.4132144325284877,0,0
0,0.1097372822791867,0,0
1,0.1433901396390148,0,0
1,0.6723093003928684,1,1
0,0.2630211785498911,0,0
1,0.8867814284715708,1,1
0,0.12668146704254502,0,0
1,0.8617504527457804,1,1
0,0.2177822173941167,0,0
1,0.1816755431459256,0,0
0,0.11751666240441491,0,0
0,0.36478986289897297,0,0
1,0.5759132304836286,1,1
1,0.8524087986262977,1,1
1,0.29342105111440075,0,0
0,0.16742390612388225,0,0
0,0.3824658681082136,0,0
0,0.27049328308897447,0,0
0,0.268394904697487,0,0
0,0.055618137587456574,0,0
0,0.37177253149998996,0,0
0,0.12640049108003293,0,0
0,0.27105218127338393,0,0
1,0.6553118291489558,1,1
0,0.6678304173130528,1,1
0,0.32497345774452896,0,0
0,0.12780776707962357,0,0
0,0.09199979743480474,0,0
0,0.14684295937237443,0,0
1,0.24131884739587128,0,0
0,0.141815586447978,0,0
1,0.8891904215892213,1,1
0,0.05459524016477475,0,0
1,0.7143399860448048,1,1
0,0.4326415729638561,0,0
0,0.1523325824932321,0,0
0,0.5018270546463526,1,1
0,0.1553280631592067,0,0
1,0.8859069689879715,1,1
1,0.8525015710417478,1,1
0,0.32575641229228425,0,0
0,0.6432303490525135,1,1
0,0.17768673841965366,0,0
1,0.6964823768159305,1,1
0,0.06142631289854871,0,0
0,0.296395347029025,0,0
0,0.24404328618485557,0,0
0,0.20623785186171384,0,0
1,0.49270173086715824,0,1
0,0.33691094922978265,0,0
0,0.4252958005372977,0,0
0,0.7046086408314914,1,1
0,0.21193507440481688,0,0
0,0.762568084607435,1,1
0,0.4440728692355479,0,0
1,0.5304994716964117,1,1
0,0.5945737972895478,1,1
0,0.1609827222641371,0,0
0,0.03576878900050509,0,0
0,0.30683540486153316,0,0
0,0.6974365714860785,1,1
0,0.6150699827855647,1,1
0,0.2912464571377324,0,0
0,0.15227726376939404,0,0
1,0.776921383742593,1,1
0,0.07036681573898348,0,0
0,0.7617803068853757,1,1
0,0.36721663904479457,0,0
0,0.10869311921663549,0,0
1,0.7981019127206614,1,1
0,0.048577835477498735,0,0
0,0.3778365558914401,0,0
0,0.7391893784791332,1,1
0,0.593924238800627,1,1
0,0.18937963416446665,0,0
0,0.48046119820780286,0,1
1,0.38915496588150333,0,0
0,0.11241091742777995,0,0
1,0.6377621522592251,1,1
0,0.9075352921306638,1,1
1,0.27327090727096365,0,0
0,0.10584303477562763,0,0
0,0.5059547228118663,1,1
0,0.20377231488324624,0,0
0,0.16625935540979545,0,0
1,0.8155605131207355,1,1
0,0.19269988808646765,0,0
0,0.04295680199048904,0,0
0,0.19532399952518256,0,0
1,0.06597213289575408,0,0
1,0.6646441868660868,1,1
0,0.6416918790428213,1,1
0,0.13031358938360277,0,0
0,0.5818401573276878,1,1
0,0.5286577377879577,1,1
1,0.6870443687768321,1,1
1,0.9336109248397311,1,1
0,0.6514710723014582,1,1
1,0.719672531246554,1,1
0,0.22122102362194254,0,0
1,0.4409483457152634,0,0
0,0.6819994262223631,1,1
0,0.27906077997770634,0,0
1,0.32982864045522403,0,0
1,0.4056083421730122,0,0
1,0.4938447658502801,0,1
0,0.39131885514457576,0,0
1,0.8790007870312578,1,1
0,0.5275441353084881,1,1
0,0.18970719571362227,0,0
1,0.9213241321059551,1,1
1,0.9132696883917608,1,1
0,0.23816245292771732,0,0
0,0.4591748337431121,0,0
1,0.400404662579277,0,0
0,0.08815169388760817,0,0
0,0.7220365600012344,1,1
0,0.40965938460776896,0,0
1,0.725996367511103,1,1
1,0.5908325014902922,1,1
1,0.7952908432140304,1,1
0,0.39326313043602235,0,0
1,0.15377808265702497,0,0
0,0.6785675344495592,1,1
1,0.5830381193663834,1,1
1,0.809747979680885,1,1
0,0.21695985575615784,0,0
1,0.7191918232422748,1,1
0,0.5881048426509919,1,1
0,0.5062640605428406,1,1
0,0.1519636055879909,0,0
0,0.20355424922014728,0,0
0,0.24280238019406208,0,0
0,0.7969714848240024,1,1
0,0.4415880450514006,0,0
0,0.32695042269277486,0,0
0,0.33261373089769675,0,0
0,0.31749987503113813,0,0
0,0.5568614069812787,1,1
0,0.7096884715826758,1,1
0,0.7989846608846158,1,1
0,0.1752598715084274,0,0
0,0.28476510136481176,0,0
0,0.10012624864865653,0,0
0,0.08520567849501129,0,0
0,0.05989002600051572,0,0
0,0.17839312300773838,0,0
0,0.1582916208472164,0,0
1,0.2712313478741257,0,0
0,0.0768773750465524,0,0
0,0.8102456785829216,1,1
0,0.29292747302854255,0,0
0,0.45714742650688445,0,0
0,0.2500911312716739,0,0
0,0.3179348688255226,0,0
0,0.24384038742821626,0,0
0,0.7480642293917616,1,1
0,0.15928499293634454,0,0
1,0.6982692303931675,1,1
1,0.3449285462053852,0,0
0,0.19110323899252069,0,0
1,0.8083659072480737,1,1
0,0.33138566383118867,0,0
0,0.30772184055895235,0,0
1,0.7572850126030732,1,1
0,0.14952624887793733,0,0
0,0.7735936561902955,1,1
1,0.8792618779764161,1,1
0,0.2947612699129763,0,0
0,0.6586516614651847,1,1
1,0.7553437559895109,1,1
0,0.7192460036123368,1,1
0,0.47655354091412794,0,1
0,0.8288897847104302,1,1
1,0.5844280535086372,1,1
0,0.155022138597838,0,0
0,0.15348391615008777,0,0
1,0.8808720278282336,1,1
1,0.6539235408418669,1,1
0,0.4393316039649687,0,0
1,0.5611349210831239,1,1
1,0.6115153449129638,1,1
1,0.4977335840270482,0,1
1,0.2492718173471376,0,0
0,0.7235353153544499,1,1
0,0.3519613901133017,0,0
0,0.7237760571065628,1,1
0,0.7087253158894977,1,1
1,0.39192727481669454,0,0
1,0.7509705631463799,1,1
1,0.549706718615704,1,1
1,0.37069632969717975,0,0
0,0.15364235989194636,0,0
0,0.5057299803418864,1,1
1,0.39056689123230687,0,0
1,0.4585146177719987,0,0
0,0.328241585153114,0,0
0,0.5114922904368788,1,1
0,0.462125968456357,0,0
1,0.7845662604953549,1,1
0,0.5151041988615292,1,1
1,0.29185810543890084,0,0
1,0.6093666506166713,1,1
1,0.8470336182907123,1,1
1,0.8183644183407005,1,1
1,0.3378745718961932,0,0
1,0.6611344660992353,1,1
1,0.7746280092460521,1,1
1,0.8440770301231411,1,1
0,0.34702783540902343,0,0
0,0.16645133459074732,0,0
0,0.560664811553113,1,1
1,0.7755824991474862,1,1
0,0.11164200651684791,0,0
1,0.9419697340842932,1,1
1,0.9025225112695952,1,1
0,0.2162990809242056,0,0
0,0.5003678032648557,1,1
0,0.1787150975068562,0,0
0,0.40869783707733426,0,0
0,0.2914266217334352,0,0
0,0.5083121905004324,1,1
1,0.815570554249504,1,1
0,0.22225503848056685,0,0
0,0.8141612773032116,1,1
1,0.6278784389232397,1,1
0,0.3181590314639362,0,0
1,0.45795544749405626,0,0
0,0.500334662546604,1,1
0,0.22213928733769048,0,0
0,0.11225654522277421,0,0
0,0.34961037263265815,0,0
1,0.7742493389799864,1,1
0,0.08361718564333141,0,0
1,0.6624849910300006,1,1
0,0.8777781317490367,1,1
1,0.8044117808510121,1,1
1,0.4159990073919249,0,0
0,0.49108156954369964,0,1
1,0.6600473938906847,1,1
0,0.20650326393814672,0,0
0,0.5021010170310142,1,1
0,0.45984441041118124,0,0
0,0.23182097137690022,0,0
0,0.6548697778469484,1,1
0,0.598615626554639,1,1
0,0.051594445202036425,0,0
1,0.6721145345485435,1,1
1,0.2175188521754632,0,0
0,0.43509005715722043,0,0
0,0.16127970419499052,0,0
1,0.697775609536818,1,1
0,0.9223276803916727,1,1
1,0.32989470827878653,0,0
1,0.7860967444539722,1,1
1,0.666431028661503,1,1
0,0.7891865083004036,1,1
1,0.4682654879368406,0,0
0,0.1148973421209048,0,0
0,0.12734404585774603,0,0
0,0.11820386740732404,0,0
1,0.504833674533156,1,1
1,0.7172912588487833,1,1
1,0.4874027090274023,0,1
0,0.9058303938230998,1,1
0,0.6136191044634104,1,1
0,0.5694893913042021,1,1
0,0.23901189470542517,0,0
1,0.2588463340091733,0,0
1,0.5117943955305606,1,1
0,0.2594483046760263,0,0
1,0.660796695731133,1,1
0,0.17200112674611573,0,0
0,0.25911943542529925,0,0
0,0.443868066487448,0,0
0,0.24840303010261805,0,0
1,0.4840542728122586,0,1
0,0.23384378217524493,0,0
1,0.5257077162404526,1,1
0,0.8421533822681002,1,1
0,0.8635285731674401,1,1
1,0.8088446566068742,1,1
0,0.28965565280073846,0,0
0,0.9061092084601199,1,1
1,0.552944202958396,1,1
1,0.5943569872105204,1,1
0,0.7592617346786875,1,1
0,0.22505262603412113,0,0
1,0.9136555666833116,1,1
0,0.4614438221168192,0,0
1,0.5369955815262091,1,1
1,0.7497516308239839,1,1
0,0.44573113421720517,0,0
1,0.8413506776337809,1,1
1,0.6274249335093992,1,1
1,0.4212881299009749,0,0
1,0.5408802629086148,1,1
0,0.3197622357030578,0,0
0,0.7669144159777646,1,1
0,0.41108593350416905,0,0
0,0.16963917467626316,0,0
1,0.8967792578189098,1,1
0,0.24563076621340685,0,0
1,0.7505312736561873,1,1
0,0.0944602592765455,0,0
0,0.28472143832161295,0,0
0,0.47195968859676657,0,1
0,0.22637109012729312,0,0
0,0.43023747370956966,0,0
0,0.4601334295979575,0,0
1,0.7981849190624049,1,1
1,0.7640147795068171,1,1
0,0.2567516453202337,0,0
1,0.7561950319404684,1,1
0,0.30158877922036975,0,0
0,0.07609612976543996,0,0
0,0.37504374928903694,0,0
1,0.5518771874908758,1,1
1,0.7560376696745292,1,1
0,0.2527449888662851,0,0
1,0.6428115971351637,1,1
1,0.7865285300063253,1,1
1,0.8652056290532125,1,1
0,0.25028062072378277,0,0
1,0.6784870512059769,1,1
0,0.18923921079083686,0,0
0,0.6689980747739778,1,1
1,0.5613093844864119,1,1
0,0.5376898943970739,1,1
1,0.32901930105916216,0,0
0,0.13110218974041918,0,0
1,0.814854191680888,1,1
1,0.7390992796070367,1,1
1,0.313253502921185,0,0
0,0.8504173896361227,1,1
0,0.5759504103466739,1,1
0,0.15544575897449703,0,0
0,0.14524970550033856,0,0
0,0.25087371031355216,0,0
0,0.665550835957606,1,1
0,0.11479163734893562,0,0
0,0.08449915615904272,0,0
0,0.4621603545578805,0,0
0,0.2563323503393641,0,0
0,0.5193568491801687,1,1
0,0.22782374405855277,0,0
0,0.15456332464187816,0,0
1,0.3766488633899895,0,0
1,0.8618453782371118,1,1
1,0.49934250390565893,0,1
0,0.4268091991320344,0,0
1,0.9285568121396505,1,1
0,0.3280568263443207,0,0
0,0.3380323996734622,0,0
0,0.47094614459192335,0,1
0,0.059350072494849276,0,0
0,0.17635755470669248,0,0
0,0.10718087033454689,0,0
1,0.8314626505816836,1,1
0,0.29545632845043057,0,0
0,0.22827962416445474,0,0
1,0.4669605731339337,0,0
1,0.1839256670240624,0,0
1,0.3733251882435945,0,0
1,0.2783275699275982,0,0
1,0.8942952584529237,1,1
0,0.5897804850156942,1,1
0,0.7159151185300857,1,1
0,0.8241335677409087,1,1
0,0.35384748644127184,0,0
1,0.9528354834555457,1,1
0,0.2846984410336525,0,0
1,0.16926928314310924,0,0
0,0.5714951597704254,1,1
1,0.5971628927920123,1,1
1,0.5513326529037297,1,1
0,0.28678316375880397,0,0
1,0.5397608221915385,1,1
1,0.642360420144374,1,1
0,0.47417800324851433,0,1
0,0.7726304483403762,1,1
0,0.28256274603946924,0,0
0,0.2450557124900133,0,0
1,0.8273126798045378,1,1
1,0.9357151963438665,1,1
0,0.5895181474452288,1,1
0,0.05024453687655939,0,0
0,0.34077274388466666,0,0
1,0.4940519187591975,0,1
1,0.7654613159451007,1,1
0,0.18013429525455152,0,0
0,0.73727635965052,1,1
0,0.18389937552903174,0,0
0,0.2452810832348082,0,0
0,0.5382033330971354,1,1
0,0.2937346137180972,0,0
1,0.5588969156070214,1,1
0,0.8164993553395407,1,1
0,0.5793667120457685,1,1
0,0.8524026405376062,1,1
0,0.19136997236995074,0,0
1,0.29533476899571787,0,0
0,0.6598349845580597,1,1
0,0.09843959118849796,0,0
1,0.8839030847367326,1,1
0,0.41260626531461203,0,0
0,0.4149508688428311,0,0
0,0.5338159295684793,1,1
1,0.4266452602058301,0,0
0,0.5537014602522117,1,1
0,0.4228222892653787,0,0
1,0.6461422841808022,1,1
0,0.3466035986038166,0,0
0,0.0924223802280418,0,0
0,0.09575713220235411,0,0
0,0.42134181697605944,0,0
0,0.07602922575336891,0,0
1,0.7837875644710598,1,1
0,0.2212492067681927,0,0
1,0.4679539153054928,0,0
1,0.1583565707410662,0,0
1,0.7783854008084176,1,1
0,0.12535723161482523,0,0
0,0.1030194248497748,0,0
0,0.33328275787186384,0,0
1,0.5638573301932956,1,1
1,0.7639471152183673,1,1
0,0.36000190979454977,0,0
0,0.33393837133513354,0,0
1,0.6075163361197474,1,1
1,0.5476407965569341,1,1
1,0.9069399419443346,1,1
1,0.49668049738833303,0,1
1,0.8996530532264049,1,1
1,0.7670106039890545,1,1
0,0.09226348194822487,0,0
1,0.583744986957321,1,1
0,0.4326952979816861,0,0
0,0.06744769083907182,0,0
0,0.5546928817483588,1,1
0,0.5646993913768554,1,1
0,0.10027621173264871,0,0
0,0.2882284078095742,0,0
0,0.4794639755597338,0,1
0,0.5578346165537997,1,1
1,0.6852007517726357,1,1
0,0.4066804055508556,0,0
0,0.3253111684525452,0,0
0,0.04850558336666952,0,0
1,0.5725263531200392,1,1
0,0.1752094509146559,0,0
0,0.8117344530134282,1,1
0,0.3526751453923658,0,0
0,0.5790973591959796,1,1
0,0.47538924008287153,0,1
0,0.5507348605446521,1,1
0,0.7235603308077929,1,1
1,0.778957481290201,1,1
0,0.23696330866759927,0,0
0,0.1598008888257165,0,0
0,0.43060750331849446,0,0
0,0.2198508660638805,0,0
0,0.29312056557998456,0,0
0,0.20630860014767124,0,0
1,0.4038909958351901,0,0
0,0.4808781680259956,0,1
1,0.4991025620851843,0,1
1,0.7949840526883043,1,1
0,0.358105373885204,0,0
0,0.23075337497467197,0,0
1,0.6236384901147995,1,1
0,0.5603911334585853,1,1
1,0.6504152582491836,1,1
0,0.21469975092395954,0,0
0,0.31351411254131645,0,0
0,0.16563286827964607,0,0
1,0.28364850176562245,0,0
0,0.21700165899003765,0,0
0,0.27826716879857766,0,0
0,0.25642677949393095,0,0
0,0.8119811540806957,1,1
1,0.5746651475025544,1,1
0,0.20747177398902833,0,0
0,0.40486556338667723,0,0
0,0.17972264451244996,0,0
1,0.497497584733278,0,1
0,0.4948477087877998,0,1
0,0.24994306354717652,0,0
0,0.16065874132662586,0,0
0,0.6532938383607955,1,1
1,0.8288844072916145,1,1
0,0.17355865477308247,0,0
1,0.8696584932590798,1,1
0,0.12880452806497156,0,0
0,0.6620489318356125,1,1
1,0.7501233470527606,1,1
1,0.2625877044767512,0,0
0,0.540855443733816,1,1
1,0.17169050506790087,0,0
1,0.960835479424389,1,1
0,0.20923394237479012,0,0
0,0.08299186186818948,0,0
1,0.9077758428199161,1,1
0,0.11182374994249827,0,0
0,0.3296170614986,0,0
0,0.07291301393973029,0,0
0,0.2693034858405556,0,0
0,0.8177736608575038,1,1
1,0.9507403407603178,1,1
0,0.3066950332813381,0,0
0,0.6269756421361997,1,1
1,0.9315998247731112,1,1
1,0.6558778222844595,1,1
0,0.9272801800838242,1,1
0,0.6564012285739513,1,1
1,0.38772717480632113,0,0
0,0.08757539260045115,0,0
0,0.17236660440625884,0,0
1,0.8613193859374892,1,1
0,0.35621301789725474,0,0
0,0.3800565686621194,0,0
1,0.427123199179633,0,0
0,0.8761108127146645,1,1
1,0.6334013222483711,1,1
0,0.5696776415989482,1,1
0,0.13568456886416774,0,0
0,0.5465806097394205,1,1
0,0.34852741338073556,0,0
1,0.8988760198396515,1,1
1,0.9035032805557524,1,1
0,0.692409749994202,1,1
0,0.4700579713294128,0,1
1,0.3431205019927898,0,0
0,0.21592818503992456,0,0
0,0.7063256114280004,1,1
1,0.7662229104432925,1,1
0,0.2701330860803975,0,0
0,0.8969649409298942,1,1
1,0.6212007918270043,1,1
1,0.5654465661413799,1,1
0,0.3527616342231766,0,0
0,0.1773075176193396,0,0
1,0.6657528605282945,1,1
1,0.7309181098428851,1,1
0,0.11459403984253135,0,0
1,0.6048462412958303,1,1
0,0.067918257981894,0,0
1,0.6066705146956347,1,1
0,0.1375870217247001,0,0
0,0.4104355504987987,0,0
0,0.5319183962718546,1,1
0,0.22836213648929615,0,0
0,0.49812355750590664,0,1
0,0.4182731141139366,0,0
1,0.10968796189397312,0,0
0,0.0881904353089818,0,0
0,0.918600840474732,1,1
0,0.2524508793932001,0,0
0,0.2696953074326161,0,0
0,0.07051115312731869,0,0
0,0.28763280254598456,0,0
0,0.7356787768950599,1,1
0,0.08818417069122024,0,0
1,0.8952631461895375,1,1
0,0.5860609377910452,1,1
1,0.12436378136796529,0,0
1,0.8425755631882687,1,1
1,0.27482164303392936,0,0
1,0.7356263977210544,1,1
0,0.31423987167305195,0,0
0,0.5932603973654098,1,1
0,0.5348855037591483,1,1
0,0.17011545145486015,0,0
1,0.11182211426253819,0,0
0,0.2898418800009155,0,0
0,0.11417330531881073,0,0
0,0.42825194912198333,0,0
1,0.7273379918853575,1,1
1,0.6337853896445277,1,1
1,0.2408385030788382,0,0
1,0.7717464417870442,1,1
1,0.8204714949922856,1,1
0,0.7761720814814482,1,1
0,0.19858350482157305,0,0
0,0.12561072519282132,0,0
0,0.480141718971528,0,1
1,0.38972267426560214,0,0
0,0.38264490442545906,0,0
0,0.25138018258982503,0,0
0,0.3515756687972099,0,0
1,0.7118783905062915,1,1
0,0.6742307455025603,1,1
1,0.9222951404570952,1,1
1,0.7679714106466913,1,1
0,0.3447446423674504,0,0
0,0.4213262733198756,0,0
0,0.1688830777342749,0,0
1,0.462125968456357,0,0
0,0.8112246582484468,1,1
0,0.08285011889607591,0,0
1,0.4886338766471315,0,1
1,0.7146036123692381,1,1
0,0.1253951504220645,0,0
1,0.4224124658103452,0,0
0,0.7013354658219223,1,1
0,0.19034153098263276,0,0
1,0.4159318145004249,0,0
1,0.36642557847825036,0,0
0,0.5707211800542541,1,1
1,0.8863735239593619,1,1
1,0.8547266990460115,1,1
1,0.7126369496470707,1,1
0,0.1761782392553421,0,0
0,0.11194750211684587,0,0
1,0.15793328916433413,0,0
1,0.12506267185451825,0,0
0,0.0681091100324489,0,0
1,0.8269662495719289,1,1
0,0.3660152697499002,0,0
0,0.6241103454770949,1,1
1,0.3874681137470313,0,0
0,0.2979489704166619,0,0
0,0.07608642802611155,0,0
0,0.13307168672431785,0,0
1,0.5789308091012747,1,1
0,0.4477238182366988,0,0
0,0.14277344148231658,0,0
1,0.9538357536226219,1,1
1,0.5825889266455632,1,1
0,0.2135848195275754,0,0
1,0.825997832796389,1,1
0,0.15379367439956318,0,0
0,0.1644602494494212,0,0
0,0.8176499270944849,1,1
1,0.46432274254893885,0,0
0,0.5552958010599266,1,1
1,0.3328577715792582,0,0
1,0.7131032734378485,1,1
0,0.5822787713567955,1,1
1,0.6620764592379027,1,1
0,0.14140889356441053,0,0
0,0.12799635037275986,0,0
0,0.8692078521605561,1,1
0,0.34606989665567156,0,0
0,0.4078786959733877,0,0
1,0.9118438530930423,1,1
0,0.24644347624966656,0,0
0,0.1778390510398271,0,0
0,0.10997168419202083,0,0
0,0.44691411158496686,0,0
0,0.5403427946904468,1,1
1,0.22545964153267556,0,0
0,0.14832088395201298,0,0
0,0.529707197196248,1,1
1,0.2110383915767411,0,0
1,0.8478220553680108,1,1
0,0.5522086644637603,1,1
1,0.7240580845372525,1,1
0,0.5384589136309575,1,1
0,0.4000493366181227,0,0
0,0.7426397857290862,1,1
0,0.6233347917371548,1,1
0,0.6458489024833982,1,1
0,0.3049932738888135,0,0
1,0.6451545336052674,1,1
0,0.17475614445202656,0,0
1,0.6772325253057833,1,1
0,0.2579091847994383,0,0
0,0.11212230288493252,0,0
0,0.1763850285328889,0,0
0,0.3411361190840719,0,0
0,0.16117582398429228,0,0
0,0.42914655959886977,0,0
1,0.42865882456776105,0,0
1,0.4553493471666272,0,0
0,0.6262061159165843,1,1
0,0.3289077347932544,0,0
0,0.6131517507701639,1,1
1,0.8891286462672299,1,1
0,0.953999233029537,1,1
0,0.7017986740506196,1,1
1,0.7136875305965524,1,1
1,0.4980338757628747,0,1
0,0.5230724608915704,1,1
1,0.5924953317091075,1,1
0,0.2327867513097176,0,0
0,0.4660176926434862,0,0
0,0.1264940333188307,0,0
0,0.24326963235883506,0,0
0,0.0831884465571077,0,0
0,0.2710363305237791,0,0
0,0.27952957930464534,0,0
0,0.29966473165918195,0,0
0,0.4128848307486606,0,0
1,0.4448929703553822,0,0
0,0.3932189274358465,0,0
0,0.33577158339150953,0,0
0,0.5534966846695121,1,1
0,0.6791368729812801,1,1
1,0.898934127520411,1,1
0,0.33664405953724363,0,0
0,0.6593368059730356,1,1
0,0.37274450199653514,0,0
1,0.7398533852199757,1,1
1,0.7461520457896259,1,1
1,0.8485409171140105,1,1
0,0.46249824193017863,0,0
0,0.3259864112817466,0,0
1,0.8421092285022769,1,1
0,0.11806083617682578,0,0
1,0.6590675585419318,1,1
1,0.9303684466319857,1,1
0,0.208501999894703,0,0
1,0.6215281114758855,1,1
1,0.8674400222419231,1,1
0,0.7487167633746721,1,1
1,0.6190905929658134,1,1
0,0.2858397426623165,0,0
0,0.7283522848940077,1,1
1,0.8760487351248198,1,1
0,0.5206486582301513,1,1
1,0.8269384176787066,1,1
1,0.8197518084644843,1,1
0,0.08321617426992395,0,0
0,0.23424094803560624,0,0
1,0.2901714335023774,0,0
0,0.15750596009414058,0,0
0,0.6395742865540253,1,1
1,0.3706059881658897,0,0
0,0.40037052293119507,0,0
0,0.2190349616699402,0,0
1,0.6427014920415057,1,1
0,0.19415279494688584,0,0
1,0.7611380640396163,1,1
1,0.7419076863476205,1,1
0,0.35011370698844674,0,0
0,0.13155506889867244,0,0
0,0.12166902261204994,0,0
0,0.6674305896769509,1,1
1,0.6089857329931152,1,1
0,0.6293504422921056,1,1
0,0.739811267586255,1,1
0,0.14603569178063683,0,0
0,0.10332574722825999,0,0
0,0.21659109107959568,0,0
0,0.1901186008868566,0,0
1,0.42634230375434035,0,0
0,0.07260292025749211,0,0
1,0.3553495062769654,0,0
1,0.856311034250171,1,1
0,0.26047876828171873,0,0
1,0.503675956364993,1,1
1,0.7313790977268975,1,1
1,0.8586436792825679,1,1
1,0.8407274424017688,1,1
0,0.5803449128470113,1,1
1,0.7938340142912831,1,1
0,0.19927657839511176,0,0
1,0.7938012000440863,1,1
0,0.20301570893277734,0,0
1,0.8970177034987139,1,1
0,0.11641041294230195,0,0
0,0.2297563901822816,0,0
0,0.30409122163240726,0,0
1,0.885885989102001,1,1
1,0.5536330047332433,1,1
0,0.5612016701143241,1,1
0,0.1338158774025501,0,0
1,0.09818666120232597,0,0
0,0.5464235552052056,1,1
0,0.0790345985147968,0,0
0,0.7720018022112604,1,1
0,0.25950531493474466,0,0
1,0.6113674607123967,1,1
0,0.5826694194165525,1,1
0,0.6676346868772178,1,1
0,0.36210854863574765,0,0
1,0.42688627322420963,0,0
0,0.28317927591498193,0,0
1,0.5294247493687407,1,1
0,0.29621071715855407,0,0
0,0.35949394866694884,0,0
0,0.4491265286352469,0,0
0,0.18449756611490467,0,0
0,0.4817971771530799,0,1
0,0.12373475385325321,0,0
0,0.3298341996190625,0,0
0,0.8988192794555461,1,1
1,0.3478790486847544,0,0
1,0.7303546697717866,1,1
0,0.17221628655133295,0,0
0,0.15297084379151984,0,0
0,0.15058641363085268,0,0
1,0.36993123888620416,0,0
0,0.09125904736056796,0,0
0,0.09778019986131155,0,0
0,0.3199403735720945,0,0
1,0.8154699137546603,1,1
0,0.8886467668872442,1,1
0,0.08014665745641918,0,0
1,0.34061216437316955,0,0
0,0.8147323531932512,1,1
0,0.29929024109023245,0,0
0,0.19056713553924215,0,0
1,0.649661900640454,1,1
0,0.3689447848080842,0,0
0,0.11355758041792029,0,0
1,0.4912932849723556,0,1
0,0.7938743792411358,1,1
0,0.3016297007640673,0,0
0,0.0541452655259634,0,0
1,0.9052032990775181,1,1
0,0.2201971714910327,0,0
1,0.15427482574032972,0,0
0,0.19138857630203762,0,0
0,0.3623740506949975,0,0
1,0.4689738850303555,0,0
1,0.6699107134468467,1,1
0,0.37953254622281657,0,0
1,0.8380126662657988,1,1
1,0.4346579477601166,0,0
0,0.17590295619470678,0,0
1,0.9197859152547092,1,1
0,0.6475322031974597,1,1
0,0.361114970416747,0,0
0,0.421535540016377,0,0
0,0.5097483060628982,1,1
0,0.13985011802608271,0,0
1,0.7334728584878143,1,1
0,0.33323576914921893,0,0
0,0.23133704956431678,0,0
0,0.14842814715700536,0,0
0,0.0816316103570838,0,0
0,0.11962749396619451,0,0
0,0.511385405849672,1,1
0,0.2159993781209863,0,0
0,0.18338014928086746,0,0
0,0.2900970770570371,0,0
0,0.2853998239224334,0,0
0,0.22036998625309562,0,0
0,0.3663328254514431,0,0
1,0.7737104102394111,1,1
0,0.10825549293364281,0,0
1,0.6493342466601696,1,1
0,0.0882307842694069,0,0
1,0.5493604767101276,1,1
1,0.819214210532113,1,1
1,0.7758273257163592,1,1
1,0.2325057449830862,0,0
0,0.1260592099454974,0,0
0,0.4835003838175566,0,1
0,0.3681619263082235,0,0
1,0.782767136982113,1,1
0,0.8020603453101388,1,1
0,0.6580140774792986,1,1
0,0.8748182288530313,1,1
0,0.17975431335392011,0,0
1,0.2007602227225833,0,0
1,0.37914528983180884,0,0
1,0.8034500948737345,1,1
0,0.669533770976521,1,1
0,0.8015419074681782,1,1
0,0.0683870721099128,0,0
1,0.42297584197105126,0,0
0,0.515227447251818,1,1
1,0.6208400327926944,1,1
0,0.18759476443225967,0,0
0,0.12343865412365768,0,0
1,0.7340705113788438,1,1
1,0.3433082987880213,0,0
0,0.09472116142517237,0,0
1,0.6474715565790611,1,1
0,0.09470438027286925,0,0
0,0.41758622930178313,0,0
1,0.30744569380778936,0,0
1,0.28549123753356326,0,0
1,0.563091818972098,1,1
0,0.20779039829371826,0,0
0,0.12496499088398784,0,0
1,0.8695502059652217,1,1
0,0.17714446350856605,0,0
0,0.49209459789552507,0,1
0,0.31498082095747393,0,0
0,0.24002106231272619,0,0
0,0.3735872276120368,0,0
0,0.08884066712193144,0,0
1,0.8051495665723173,1,1
0,0.0906282471568346,0,0
1,0.7356437460770741,1,1
1,0.5606100984856782,1,1
0,0.5021098307093124,1,1
1,0.8433427379129108,1,1
1,0.9375201927600624,1,1
0,0.7286145635325453,1,1
0,0.2312610643930511,0,0
1,0.8977332879068417,1,1
0,0.262023353515581,0,0
0,0.3804746200493998,0,0
1,0.707984001144866,1,1
0,0.27231800629497904,0,0
1,0.7544224501812642,1,1
1,0.7386170154695274,1,1
0,0.23958331555902185,0,0
1,0.856705584174271,1,1
1,0.18226550326089314,0,0
1,0.7360651854632664,1,1
0,0.247207085480313,0,0
1,0.5998633907455674,1,1
0,0.09181425830336068,0,0
1,0.536376531560063,1,1
0,0.09942641683864899,0,0
1,0.7202690823396691,1,1
1,0.9422586723908611,1,1
0,0.28753821266158025,0,0
0,0.4577618823925634,0,0
0,0.5377470654584136,1,1
1,0.3208846051132528,0,0
0,0.3706339767670049,0,0
0,0.1327838911389954,0,0
0,0.5810272099169742,1,1
1,0.9238314908630056,1,1
0,0.41361981922484253,0,0
0,0.45781085128749777,0,0
1,0.8292515570790147,1,1
0,0.607096760588071,1,1
0,0.10165131343407437,0,0
0,0.2883730539813254,0,0
1,0.925754048309699,1,1
0,0.32055538038275716,0,0
0,0.34965746486192656,0,0
0,0.23115438767197685,0,0
0,0.6679245013844809,1,1
1,0.49864827466009093,0,1
0,0.3019633183670398,0,0
0,0.4620622492335347,0,0
0,0.5120051455739426,1,1
0,0.4075669605407757,0,0
0,0.39085990338698656,0,0
0,0.4554054731742379,0,0
0,0.5789569563409442,1,1
1,0.4445447838638913,0,0
0,0.24868591367936957,0,0
1,0.3083954106578885,0,0
0,0.5170758239672858,1,1
0,0.11631670446006934,0,0
1,0.3445525733925926,0,0
1,0.937350810548952,1,1
1,0.4946988232003736,0,1
0,0.7152545918619077,1,1
0,0.13929104762401207,0,0
1,0.9287012123492355,1,1
1,0.6367678677867954,1,1
1,0.7138979122880678,1,1
0,0.20094211582782515,0,0
1,0.4008096081409239,0,0
1,0.6813388158620066,1,1
0,0.7444648546707049,1,1
0,0.268297742785428,0,0
0,0.44291897081349,0,0
1,0.6343101934063977,1,1
0,0.17859567850588695,0,0
0,0.2056403161600721,0,0
0,0.1984582142918978,0,0
1,0.7744356945864396,1,1
0,0.42611630616750057,0,0
0,0.30958550268914437,0,0
0,0.38525378719064085,0,0
1,0.8385119903542173,1,1
0,0.46822939170432437,0,0
0,0.4878625031913737,0,1
0,0.593117588384201,1,1
1,0.6619296738667916,1,1
1,0.8728462918637577,1,1
0,0.23681929735624385,0,0
1,0.57991373343991,1,1
0,0.05079069389094897,0,0
0,0.23266401318978402,0,0
0,0.6266224669921175,1,1
0,0.0832571533562706,0,0
1,0.6987552981744417,1,1
0,0.6124379247419434,1,1
0,0.5141444682872306,1,1
1,0.7343046385379791,1,1
0,0.6775108925713501,1,1
0,0.09525767992866413,0,0
1,0.9236909410379381,1,1
0,0.10311253267605365,0,0
1,0.9369974528285708,1,1
1,0.42395423358363843,0,0
1,0.6638640103069037,1,1
0,0.40057466135086517,0,0
0,0.3644227975611202,0,0
1,0.24253999029120824,0,0
1,0.6951758188566394,1,1
0,0.15110034013574558,0,0
0,0.6199798812900656,1,1
1,0.5934640039601238,1,1
1,0.49999693704937,0,1
1,0.8701497507731301,1,1
1,0.529319494362056,1,1
1,0.6920797078048463,1,1
0,0.22264274426280364,0,0
0,0.4872186165292642,0,1
0,0.1752011740010121,0,0
1,0.9010879378595399,1,1
0,0.17512001742702557,0,0
0,0.15311415414828816,0,0
0,0.05097219018912637,0,0
0,0.257284921041472,0,0
1,0.6943279889129936,1,1
1,0.5510844054706954,1,1
1,0.668231809729066,1,1
0,0.3233236734081021,0,0
0,0.6811365881050501,1,1
0,0.2961912071766035,0,0
0,0.14973170910712089,0,0
0,0.4172280680142549,0,0
0,0.34385903960521846,0,0
1,0.8647611028084806,1,1
1,0.7862733266781198,1,1
1,0.8161009157523538,1,1
0,0.32316206946417325,0,0
1,0.5576531167536853,1,1
0,0.22575220365344162,0,0
1,0.8515362956786504,1,1
1,0.21793073969393068,0,0
0,0.1988950598335208,0,0
0,0.7223680392411246,1,1
1,0.8795250274930584,1,1
0,0.21385874388478007,0,0
1,0.34796713549084024,0,0
1,0.8612368390937948,1,1
0,0.16914852083373216,0,0
0,0.6284252216567334,1,1
0,0.4783668266123487,0,1
1,0.613653893788948,1,1
0,0.2309304437071644,0,0
0,0.11936919644617172,0,0
0,0.4385347379307053,0,0
0,0.046035240053690675,0,0
0,0.36655031941580973,0,0
0,0.5937300786822355,1,1
0,0.07093988091142298,0,0
1,0.18928343597397557,0,0
1,0.7611344788465619,1,1
0,0.2236873544828781,0,0
0,0.21367477712660696,0,0
1,0.6678165521058719,1,1
1,0.5918887676633222,1,1
0,0.872330177110644,1,1
0,0.3808421724307572,0,0
0,0.21515901479874872,0,0
0,0.379140649828357,0,0
0,0.6141008728634267,1,1
1,0.673992953652079,1,1
0,0.08291542370615929,0,0
0,0.20152870393778408,0,0
1,0.8986914573220989,1,1
0,0.5475852652633834,1,1
0,0.5899360556369884,1,1
0,0.7679047667330928,1,1
1,0.8690366002221797,1,1
1,0.9172912499164455,1,1
0,0.39635637231655124,0,0
0,0.9203721496753946,1,1
0,0.5322461178108925,1,1
0,0.7013744703854251,1,1
0,0.160436654873709,0,0
0,0.6134418134665364,1,1
0,0.1829767904763508,0,0
1,0.5781654219678775,1,1
1,0.4433104133191821,0,0
0,0.2654962590379324,0,0
0,0.430331007453361,0,0
1,0.8934501914938467,1,1
0,0.08433914227630691,0,0
1,0.3987121896098273,0,0
0,0.4819305053203192,0,1
0,0.20955456208196938,0,0
1,0.6571905819220252,1,1
1,0.8398617205653598,1,1
1,0.885280143184251,1,1
0,0.1187485893814356,0,0
0,0.8064172191896484,1,1
0,0.22865633092890522,0,0
1,0.44492980736026266,0,0
0,0.20835373469169294,0,0
0,0.20409362784759802,0,0
0,0.37731079623347963,0,0
1,0.8532364601275673,1,1
1,0.6304187248150797,1,1
1,0.896822770856123,1,1
0,0.3448783335649892,0,0
0,0.0808042598998892,0,0
0,0.10689564296802692,0,0
1,0.12257277338385382,0,0
1,0.4102463920306995,0,0
0,0.2830810149509339,0,0
0,0.07157775365896361,0,0
0,0.07963770636952201,0,0
0,0.07806013194315674,0,0
1,0.7907226640543744,1,1
1,0.8466495021949839,1,1
0,0.13989183402899977,0,0
0,0.22499293256443126,0,0
1,0.8796226970731311,1,1
0,0.5751853806976901,1,1
1,0.8312809254115074,1,1
0,0.25166209362272685,0,0
0,0.21598160553226978,0,0
0,0.19127125764600467,0,0
0,0.39597102548496227,0,0
1,0.7583192801793861,1,1
0,0.4022519628958312,0,0
0,0.6827698837967082,1,1
1,0.4519422037620761,0,0
0,0.13689161478989811,0,0
1,0.5607637164863241,1,1
1,0.12442672061192857,0,0
1,0.6981818987087652,1,1
0,0.08884218000570694,0,0
0,0.29995308687849426,0,0
0,0.344084131940721,0,0
0,0.086418785547571,0,0
0,0.23618999519544948,0,0
1,0.8586017845641742,1,1
0,0.4645087860761673,0,0
1,0.513350625622222,1,1
1,0.5892766051653865,1,1
1,0.5615929457407028,1,1
0,0.28820232889002184,0,0
1,0.08343753677959533,0,0
1,0.8730139356494842,1,1
0,0.5243924208824576,1,1
1,0.7701314673741986,1,1
0,0.28817944164704973,0,0
1,0.4601752921061328,0,0
0,0.12835076164456424,0,0
1,0.6878903616478058,1,1
1,0.8635320591355128,1,1
0,0.42113148261260874,0,0
1,0.5265402245697984,1,1
0,0.08370669745116277,0,0
0,0.22402834037060895,0,0
0,0.8970501867142721,1,1
0,0.8465919511657541,1,1
0,0.644786122751637,1,1
0,0.3772501201286877,0,0
0,0.29275240334742597,0,0
0,0.12755117366900526,0,0
0,0.429699519289031,0,0
0,0.16888689398399684,0,0
0,0.10695611198054622,0,0
1,0.5747967187916052,1,1
0,0.17489520554465007,0,0
1,0.8281724932984036,1,1
0,0.27199106982286625,0,0
0,0.48127785686980423,0,1
0,0.18042790999516914,0,0
0,0.33741974238863837,0,0
1,0.13734683521032226,0,0
0,0.2199729709596742,0,0
0,0.1273141995814255,0,0
0,0.8302666034587403,1,1
0,0.5583555337967648,1,1
0,0.5183675042610877,1,1
0,0.5255708854589966,1,1
0,0.6657752273522942,1,1
0,0.12902321110280895,0,0
0,0.2798393130636557,0,0
0,0.29151522566296145,0,0
1,0.7432381573052842,1,1
0,0.24066292734887473,0,0
0,0.44082064613939853,0,0
1,0.5349368858209564,1,1
0,0.33015635884726047,0,0
0,0.28312418318661364,0,0
0,0.5488441707610358,1,1
1,0.8545326712641772,1,1
0,0.43557780061489626,0,0
0,0.26956471388835085,0,0
0,0.34197488295231193,0,0
0,0.16408171740820385,0,0
1,0.2093013166618352,0,0
0,0.17101836961655995,0,0
0,0.8134470936185009,1,1
0,0.17103544324594927,0,0
1,0.8944521264292575,1,1
1,0.9013777839719569,1,1
1,0.6558958753780674,1,1
0,0.33304362707448393,0,0
0,0.09991708506632137,0,0
0,0.3489051705083298,0,0
0,0.09663484425302413,0,0
0,0.17165869722712246,0,0
1,0.8960832273850857,1,1
0,0.037103709143210664,0,0
0,0.20598909495660067,0,0
0,0.6536016173904847,1,1
1,0.5227667184517074,1,1
0,0.720412788661984,1,1
1,0.788120416133147,1,1
0,0.5093466040911935,1,1
1,0.6667174922936617,1,1
0,0.4949656746789173,0,1
0,0.8337516488075319,1,1
0,0.1872255034529395,0,0
1,0.11368544583795429,0,0
1,0.7430737486663636,1,1
0,0.27913133983672617,0,0
1,0.8440735986218078,1,1
0,0.11320948106105781,0,0
1,0.8605746936915118,1,1
1,0.5458255193495064,1,1
1,0.6540521249880268,1,1
0,0.1552144261827847,0,0
1,0.301817445069157,0,0
1,0.8865872601139395,1,1
0,0.23674880853901137,0,0
1,0.830437009903957,1,1
1,0.1208901814925774,0,0
1,0.7047818385161185,1,1
0,0.23124641868562573,0,0
0,0.275528088903313,0,0
0,0.3354702298542544,0,0
1,0.26376655011842803,0,0
0,0.9500636743525523,1,1
0,0.47357672631754755,0,1
0,0.7319907035132929,1,1
0,0.09085247890940527,0,0
0,0.7426309389828638,1,1
0,0.4240493511619178,0,0
1,0.6981870871578599,1,1
0,0.14774687742438306,0,0
1,0.6886851632792911,1,1
0,0.1368139644137379,0,0
0,0.6385605329812504,1,1
1,0.21862212657951496,0,0
1,0.636865480460318,1,1
1,0.6596108527026859,1,1
0,0.238503277418796,0,0
1,0.2296862477591069,0,0
0,0.2141384281526438,0,0
1,0.6335854319039603,1,1
0,0.5007020076034736,1,1
0,0.1996654531060662,0,0
0,0.09476618608684546,0,0
1,0.7383324074325962,1,1
1,0.7120454421509587,1,1
0,0.40502321293636667,0,0
0,0.082221570235204,0,0
1,0.9025251797237308,1,1
0,0.06932058024491598,0,0
1,0.7010355419603003,1,1
1,0.7687544781279009,1,1
1,0.8252313639267407,1,1
0,0.040176568310787156,0,0
1,0.7794801225347248,1,1
1,0.16547581296823013,0,0
1,0.5001018497720376,1,1
0,0.2739182425545201,0,0
0,0.40647836976781776,0,0
0,0.08221513336208354,0,0
1,0.5375964172359878,1,1
1,0.29452096708278525,0,0
1,0.5771681120381454,1,1
1,0.5800002188562583,1,1
1,0.6866523643427251,1,1
1,0.7486164323848536,1,1
0,0.0728481756631787,0,0
0,0.45996684225705925,0,0
0,0.11166762508906258,0,0
1,0.8045227732492721,1,1
0,0.6795402764831037,1,1
0,0.29415034151455094,0,0
1,0.3494242648826075,0,0
1,0.33064819750870234,0,0
0,0.11355182437160478,0,0
1,0.7476785841681977,1,1
0,0.09306226707147103,0,0
0,0.42935533884588495,0,0
1,0.6928310391406024,1,1
0,0.1663106338413683,0,0
0,0.10626240640015419,0,0
1,0.7271677205985938,1,1
1,0.7191487044771965,1,1
1,0.7820943490269997,1,1
1,0.5731797166182013,1,1
0,0.7878716066952692,1,1
0,0.6527480445473262,1,1
0,0.6217248479529568,1,1
1,0.8045951710622896,1,1
0,0.2858643020314694,0,0
0,0.48663497025264596,0,1
0,0.1480271063355123,0,0
1,0.5279974728469502,1,1
0,0.46733146064114534,0,0
0,0.40489740765763255,0,0
0,0.7190720965511312,1,1
0,0.6371114314628009,1,1
0,0.42790478591316605,0,0
0,0.19022013995200227,0,0
1,0.17299142636530676,0,0
1,0.23710337387088595,0,0
1,0.5939487918464158,1,1
0,0.4647123035975249,0,0
0,0.8309485432704352,1,1
0,0.27221322480152244,0,0
1,0.8933295687425926,1,1
0,0.5465655830797326,1,1
1,0.6876127321364115,1,1
0,0.35964753787900045,0,0
0,0.7260923954931039,1,1
0,0.8232510585184375,1,1
0,0.5751092699684497,1,1
0,0.31345929542313,0,0
1,0.5677412756652739,1,1
0,0.06137203315936693,0,0
0,0.0877512741289688,0,0
1,0.8362653013755452,1,1
0,0.16561591866877776,0,0
1,0.6932245302765289,1,1
1,0.8752657989710394,1,1
1,0.3612504307162804,0,0
0,0.3022200897385498,0,0
0,0.7511420224080234,1,1
0,0.827295981440348,1,1
1,0.7807261955706423,1,1
0,0.8487026026183212,1,1
1,0.8306633179813088,1,1
0,0.2601481391480878,0,0
0,0.08887147140965357,0,0
1,0.8219612269249829,1,1
0,0.34354876405292006,0,0
1,0.3038563337830778,0,0
0,0.13957795738461612,0,0
1,0.7338637489571275,1,1
0,0.9086166712335576,1,1
0,0.16656336542301656,0,0
1,0.9640561575975404,1,1
1,0.858117501759783,1,1
1,0.9258468647375961,1,1
1,0.6720271305467247,1,1
1,0.8521869249969837,1,1
1,0.803040346465056,1,1
1,0.4712037297422726,0,1
0,0.6765043713706628,1,1
0,0.5592452982067462,1,1
0,0.23808085475090318,0,0
0,0.07754766147667778,0,0
0,0.27010836212307926,0,0
0,0.5435508902403042,1,1
1,0.6923316908209839,1,1
1,0.4164511702609788,0,0
1,0.892041778764507,1,1
0,0.526446099816181,1,1
0,0.15851612170426613,0,0
0,0.1624250122173529,0,0
0,0.18693561137345552,0,0
1,0.6544972972136344,1,1
0,0.09625201014374914,0,0
1,0.44078815646872604,0,0
0,0.37727539958615197,0,0
1,0.6947168429807696,1,1
0,0.20331547886004214,0,0
0,0.1283300836534817,0,0
0,0.2939785359591232,0,0
1,0.4872585601251663,0,1
1,0.48285483853953076,0,1
0,0.3168164193850688,0,0
0,0.416519707509196,0,0
0,0.4071032247417119,0,0
1,0.5668344521056073,1,1
1,0.7426400791285496,1,1
0,0.2935019758037045,0,0
0,0.34332938739417357,0,0
0,0.8181973727841423,1,1
1,0.8727363050991045,1,1
1,0.8186315318659693,1,1
0,0.7271135637720082,1,1
0,0.0702074685077581,0,0
1,0.5850546573235748,1,1
0,0.5049561607141304,1,1
0,0.44606509441485587,0,0
0,0.4861736346713462,0,1
0,0.19958770771896972,0,0
0,0.1411067887559875,0,0
0,0.1138530834132536,0,0
1,0.7767756491749551,1,1
0,0.852620949594786,1,1
1,0.8389573938716255,1,1
0,0.13367445375703874,0,0
0,0.49695773261290627,0,1
1,0.899692561893884,1,1
0,0.6918851753593298,1,1
0,0.28183202372400024,0,0
1,0.9110281612344311,1,1
0,0.09621044314162394,0,0
0,0.10670631234707721,0,0
1,0.6607984122994491,1,1
1,0.8979397026504912,1,1
0,0.30027510387073575,0,0
0,0.16136073718756416,0,0
1,0.490869417937828,0,1
1,0.9120922939106755,1,1
1,0.8995982480089322,1,1
0,0.5547267288702878,1,1
0,0.6980306355727068,1,1
1,0.3550561093739396,0,0
0,0.9267818295001324,1,1
1,0.7513033613760659,1,1
0,0.562125663334135,1,1
0,0.5382127103592731,1,1
1,0.7175807090026264,1,1
1,0.7615412570823796,1,1
0,0.34115135190066587,0,0
1,0.9085150185644486,1,1
1,0.8732722258550163,1,1
1,0.7515103040309336,1,1
1,0.8375760519749775,1,1
0,0.1679873890682642,0,0
1,0.2883409942713461,0,0
1,0.8526217687281987,1,1
0,0.2320337298513957,0,0
0,0.23345634319844838,0,0
1,0.8620458258941567,1,1
1,0.6641082108560857,1,1
1,0.4167685176033665,0,0
0,0.40020574542798265,0,0
0,0.1674532496422003,0,0
0,0.8161006404327812,1,1
1,0.8658144638716038,1,1
0,0.2872155923365756,0,0
0,0.09353089905851805,0,0
1,0.6979397393283063,1,1
0,0.46504636945857586,0,0
1,0.6990097102801576,1,1
1,0.5778875322188425,1,1
1,0.5221475305692386,1,1
0,0.458163520476148,0,0
1,0.6382023773204206,1,1
0,0.2870251585650711,0,0
0,0.15182924544723023,0,0
1,0.8040798153653114,1,1
0,0.2327026294973299,0,0
0,0.18097282534445144,0,0
1,0.584481737947645,1,1
1,0.7475198984806053,1,1
1,0.849503559115519,1,1
0,0.5648759914608996,1,1
0,0.65832307869398,1,1
1,0.6731322858123682,1,1
0,0.4787607578237396,0,1
0,0.292739409570456,0,0
0,0.09615498044898192,0,0
1,0.8306467186821745,1,1
1,0.8507383935227756,1,1
1,0.6293111787682713,1,1
1,0.08606152484083111,0,0
1,0.4794921813661972,0,1
0,0.6944756501022162,1,1
1,0.8045532603506095,1,1
0,0.16105907338772277,0,0
1,0.8580793694643911,1,1
0,0.07349253899822467,0,0
0,0.09148434450777067,0,0
0,0.4451707734021588,0,0
1,0.3204394427688234,0,0
1,0.6266334672532226,1,1
0,0.38576558260687915,0,0
0,0.6192909619849394,1,1
0,0.414493162647584,0,0
0,0.22597672433642452,0,0
0,0.9233644691374074,1,1
0,0.2601955968540664,0,0
1,0.6783633688457573,1,1
0,0.10154789490966731,0,0
0,0.203164558776934,0,0
1,0.9540959713460295,1,1
0,0.6814025381878078,1,1
1,0.7912232001972677,1,1
1,0.7541262383485395,1,1
0,0.6017361865489668,1,1
1,0.7611776834615274,1,1
1,0.6777985950203178,1,1
1,0.8182787648341026,1,1
0,0.5633430911262335,1,1
0,0.400985001983482,0,0
0,0.4738776732557452,0,1
0,0.36085189008938223,0,0
0,0.20230768380793537,0,0
0,0.04838773520465616,0,0
1,0.8282692989735267,1,1
1,0.8647122903562405,1,1
0,0.2861525102324661,0,0
0,0.30671594005233593,0,0
0,0.17328417152913309,0,0
1,0.8958395768946515,1,1
0,0.23366707177070653,0,0
1,0.07271571486881895,0,0
1,0.8841635312958375,1,1
0,0.8355640234756855,1,1
1,0.7585251174823365,1,1
0,0.49714973983403293,0,1
0,0.12801241591918042,0,0
0,0.19326487566757758,0,0
0,0.35304922034975655,0,0
1,0.0768790876522939,0,0
1,0.8586098876876692,1,1
0,0.19937275978992772,0,0
1,0.40202484309308717,0,0
0,0.20987234448474204,0,0
0,0.19923613438957696,0,0
0,0.2371822936169968,0,0
0,0.5390399485770176,1,1
0,0.06466047093210842,0,0
0,0.9032497498822168,1,1
0,0.3810314422031582,0,0
1,0.39011604188414284,0,0
0,0.20652693792873777,0,0
0,0.2543246114559603,0,0
1,0.2034733503837944,0,0
0,0.6939008077210407,1,1
1,0.9409096179422969,1,1
0,0.39249580092369596,0,0
1,0.928045282309147,1,1
0,0.22249867678409654,0,0
0,0.5597191407902998,1,1
1,0.7105023799680705,1,1
1,0.7667611618908128,1,1
1,0.3056429405313097,0,0
0,0.5528596928961184,1,1
0,0.6959892164615235,1,1
1,0.9523502189848029,1,1
0,0.39453523731868284,0,0
0,0.22056978235922817,0,0
0,0.1423667159680699,0,0
0,0.2939881985218168,0,0
1,0.29866079462115624,0,0
0,0.8785920174440834,1,1
0,0.18776012473151268,0,0
1,0.8698385746489852,1,1
0,0.4145537594167484,0,0
0,0.5182594845237701,1,1
0,0.28235085843393204,0,0
1,0.7826944390477478,1,1
0,0.2496948197835882,0,0
0,0.23247475790067643,0,0
0,0.7136430845719942,1,1
0,0.08175001570577335,0,0
1,0.7109569963696722,1,1
0,0.7431887520956162,1,1
0,0.13696469790610125,0,0
1,0.8392980266298463,1,1
0,0.1353656357011863,0,0
0,0.5086551868671835,1,1
0,0.422672352616399,0,0
0,0.4542723371974153,0,0
0,0.41961850636700976,0,0
1,0.8348782347421079,1,1
0,0.5908571490043744,1,1
1,0.31209669800918705,0,0
0,0.41788718589673757,0,0
0,0.17546208524729565,0,0
1,0.11464817200738091,0,0
0,0.6253545887889256,1,1
0,0.12973664225200507,0,0
0,0.3049225123128406,0,0
0,0.5771235205863822,1,1
0,0.86730385269822,1,1
1,0.8328116604598306,1,1
0,0.07268653464983943,0,0
0,0.06967876014608565,0,0
0,0.1138896667793452,0,0
1,0.8083469684630145,1,1
0,0.34657608115456756,0,0
1,0.4479574209139318,0,0
0,0.49094404865719005,0,1
1,0.8120729962644846,1,1
0,0.2957779395389464,0,0
0,0.18816714146301458,0,0
1,0.4470814311967167,0,0
0,0.2347208070343409,0,0
1,0.48760372097949134,0,1
0,0.28268217285125424,0,0
1,0.5574702299381177,1,1
1,0.7878607558758328,1,1
1,0.697305626142023,1,1
1,0.8896381315201102,1,1
1,0.6979054784721983,1,1
0,0.5512086040405115,1,1
1,0.8685245629847431,1,1
0,0.09178823897243973,0,0
0,0.39057306478885206,0,0
1,0.732456387515966,1,1
0,0.04783824654370614,0,0
0,0.7533517247609588,1,1
1,0.7415450444666467,1,1
1,0.8184348711345567,1,1
0,0.15365443312383759,0,0
1,0.6392774127858925,1,1
0,0.46368539103614176,0,0
0,0.31892141418010533,0,0
0,0.8104107395789395,1,1
1,0.2362075573682935,0,0
0,0.20720239510953173,0,0
1,0.8076270633403531,1,1
1,0.7492831990603568,1,1
0,0.7666291564360389,1,1
0,0.6777381893737962,1,1
0,0.4564040988374157,0,0
0,0.7224288164584751,1,1
1,0.6302734365208865,1,1
0,0.2838308239944624,0,0
0,0.43522111606751773,0,0
0,0.14551286502730265,0,0
0,0.6977240727537561,1,1
1,0.697123005015151,1,1
0,0.13254632073268294,0,0
0,0.5237025883901337,1,1
0,0.5641374793478536,1,1
1,0.44178312564383265,0,0
0,0.6326328978408275,1,1
1,0.4448022684111703,0,0
0,0.7145305311385132,1,1
1,0.5955730646573248,1,1
1,0.7044064550135147,1,1
1,0.8853496343830862,1,1
1,0.8251549556228469,1,1
0,0.13431982993668634,0,0
1,0.8432033062556233,1,1
0,0.7973351087559152,1,1
0,0.23143809415413252,0,0
1,0.6545101252978668,1,1
1,0.5087973912211592,1,1
0,0.1994384439610274,0,0
1,0.176317233847324,0,0
1,0.6911767382190456,1,1
1,0.3890889686142957,0,0
0,0.5214624570200102,1,1
0,0.2545854939725115,0,0
0,0.28335167698601477,0,0
0,0.8082957156169245,1,1
0,0.7538546883166977,1,1
0,0.1999049810158945,0,0
1,0.6480015065980866,1,1
0,0.6147716360049337,1,1
0,0.32462754476942357,0,0
1,0.8541698511978828,1,1
0,0.23042925938077408,0,0
1,0.8501756010492457,1,1
1,0.7492863747758952,1,1
0,0.05013285883038567,0,0
0,0.20474459172399426,0,0
1,0.9045433353460287,1,1
0,0.5966057097939887,1,1
0,0.18759922549906236,0,0
0,0.15134878776523844,0,0
1,0.3308917335852256,0,0
0,0.07720195978428974,0,0
1,0.6938115465714535,1,1
0,0.37528046993764663,0,0
1,0.7906407809853394,1,1
0,0.47757108350490834,0,1
0,0.462453770085173,0,0
1,0.7249438507797474,1,1
0,0.3186832709804868,0,0
1,0.6894627648274559,1,1
0,0.6168659505801495,1,1
1,0.893778062468535,1,1
0,0.6161510510290406,1,1
0,0.08704740190871386,0,0
0,0.8316887070080011,1,1
0,0.1878856606173541,0,0
0,0.3075482562110978,0,0
0,0.5820596478796235,1,1
1,0.5799308653556718,1,1
0,0.17189381594706968,0,0
0,0.37803823338367976,0,0
1,0.49656825265543875,0,1
0,0.34693398112882945,0,0
0,0.08522664790698815,0,0
0,0.6383124913213117,1,1
1,0.16851424192771838,0,0
0,0.21336282369532325,0,0
0,0.4936054457034092,0,1
0,0.2092572598098303,0,0
1,0.8996791431103844,1,1
1,0.4195977809678957,0,0
1,0.45216126549945523,0,0
0,0.3484116210286582,0,0
0,0.24508475742119332,0,0
0,0.1083240743692012,0,0
1,0.1385596185117011,0,0
0,0.3415239245261701,0,0
1,0.5635640404877177,1,1
1,0.8182278456781733,1,1
0,0.857915055061853,1,1
0,0.18144519540847895,0,0
0,0.3069588433178526,0,0
1,0.6316587868749934,1,1
0,0.10138137850192645,0,0
0,0.7473368925772521,1,1
0,0.5417632811780876,1,1
0,0.3232835922326822,0,0
1,0.6237104081290211,1,1
0,0.31850037125256875,0,0
1,0.605367007726476,1,1
0,0.18181636994117853,0,0
0,0.17552599090179594,0,0
0,0.4948180380454965,0,1
0,0.2970933437318384,0,0
0,0.2021184357606567,0,0
0,0.32248383980408013,0,0
0,0.8371906537775965,1,1
1,0.7942336528145914,1,1
0,0.4253180493257693,0,0
1,0.7004690094305843,1,1
0,0.050169382294663036,0,0
0,0.6698370024535963,1,1
0,0.7060603559433335,1,1
1,0.6916754872755931,1,1
0,0.8013093144956862,1,1
0,0.12008855494113768,0,0
1,0.8511016084921789,1,1
0,0.10409906399782283,0,0
0,0.8920582913007706,1,1
1,0.5503160742857377,1,1
0,0.19615754990376064,0,0
0,0.5898627379936758,1,1
0,0.5499501847823438,1,1
0,0.11508893198866665,0,0
1,0.7464920581562232,1,1
0,0.11814605133098771,0,0
0,0.43177250285103563,0,0
0,0.21379891180054156,0,0
0,0.12561693614443106,0,0
0,0.5956338054834612,1,1
0,0.49065579654631153,0,1
0,0.45096980248540797,0,0
0,0.036392215687904655,0,0
1,0.9022086311273967,1,1
1,0.7318181800362454,1,1
1,0.5586462885296601,1,1
0,0.40847505100779447,0,0
1,0.8571332861432788,1,1
1,0.4045016828004344,0,0
0,0.18336213482770408,0,0
0,0.4780556421259785,0,1
1,0.1545100993647103,0,0
1,0.6047847306303052,1,1
0,0.11231358355057192,0,0
0,0.7667832974767872,1,1
1,0.8209131520910145,1,1
1,0.49437856360960847,0,1
1,0.674998796986382,1,1
0,0.21822535454340083,0,0
0,0.4365769539036541,0,0
1,0.947076902002785,1,1
0,0.34348433417980356,0,0
0,0.8276498681974321,1,1
0,0.4572815117407815,0,0
0,0.17673608034970656,0,0
0,0.408230672472333,0,0
0,0.5508090943670766,1,1
0,0.34855931235494747,0,0
1,0.8384177307346075,1,1
0,0.15402324829599578,0,0
0,0.5906496399115766,1,1
1,0.7063779208841449,1,1
0,0.3868184048686395,0,0
0,0.6635014756499186,1,1
0,0.13490472183421828,0,0
0,0.11657931209788876,0,0
0,0.4984663020559282,0,1
0,0.11944281992218454,0,0
0,0.2142617909038885,0,0
1,0.77413482451079,1,1
0,0.3346459989341584,0,0
0,0.23336512653100774,0,0
0,0.6183351988429547,1,1
0,0.47428154896785596,0,1
1,0.7309678339977664,1,1
0,0.46601867148252907,0,0
0,0.24841187050036093,0,0
0,0.4842073654865216,0,1
0,0.6296987792417374,1,1
1,0.8228214441316332,1,1
0,0.6071022810767281,1,1
0,0.23144429734981276,0,0
0,0.6800239603171475,1,1
1,0.5920057444445742,1,1
1,0.6379064161290907,1,1
0,0.9165937368356261,1,1
0,0.5627787302044185,1,1
1,0.5892065025699968,1,1
1,0.8078998030537424,1,1
0,0.14641274468065527,0,0
1,0.9361466919998239,1,1
0,0.1531151221854349,0,0
1,0.33792220562343955,0,0
0,0.1156003197474935,0,0
0,0.4241836254913528,0,0
0,0.06503245086442512,0,0
1,0.6115479835916167,1,1
0,0.29450188098552155,0,0
0,0.6935587867313485,1,1
1,0.5905955860756362,1,1
0,0.13594085907929357,0,0
0,0.2698201346949226,0,0
1,0.7135962724535934,1,1
0,0.572380534375138,1,1
0,0.24097629569162218,0,0
1,0.7738972523143188,1,1
0,0.2093275993118059,0,0
0,0.27412518164861044,0,0
1,0.7595414974057398,1,1
0,0.2640312905179364,0,0
0,0.19108369103832837,0,0
0,0.13307518003253221,0,0
1,0.39153929698692974,0,0
0,0.23316836929915094,0,0
0,0.22076540769731903,0,0
1,0.29947397582454127,0,0
1,0.6424168057363141,1,1
1,0.1178445355455563,0,0
0,0.7976210670539603,1,1
0,0.19174307424773773,0,0
1,0.4470671507987039,0,0
0,0.45384409628797595,0,0
1,0.7528079437444887,1,1
0,0.4336694275166159,0,0
0,0.26450659052671444,0,0
0,0.24226230413766395,0,0
0,0.2600352794883941,0,0
0,0.5248965225374217,1,1
0,0.26216464498238345,0,0
0,0.7274126587587728,1,1
1,0.4880059848941366,0,1
0,0.3395250590409528,0,0
0,0.12939983372570737,0,0
1,0.2509887816993007,0,0
1,0.7060073593592935,1,1
1,0.8491553261166858,1,1
0,0.28250648868328243,0,0
0,0.5598235451593843,1,1
1,0.9030886357816135,1,1
1,0.6244301846508773,1,1
0,0.23266310955911704,0,0
0,0.7421896456606102,1,1
0,0.24257619829113752,0,0
0,0.21271598173574138,0,0
0,0.35594203662489365,0,0
0,0.09635204771826514,0,0
0,0.557377861955751,1,1
0,0.47440125126824517,0,1
1,0.5008388190880916,1,1
1,0.6252278107839494,1,1
1,0.7672954850703572,1,1
1,0.931399284952787,1,1
1,0.38251796194539206,0,0
0,0.9018813845847472,1,1
0,0.13988178513982497,0,0
0,0.345257375491353,0,0
1,0.7403166513546748,1,1
1,0.6301113086125382,1,1
1,0.7876543055382796,1,1
0,0.2754573474658834,0,0
0,0.09434667379024514,0,0
1,0.39694956903959305,0,0
0,0.5498525875766872,1,1
0,0.3643631431366038,0,0
1,0.8226039118580505,1,1
1,0.814758546561452,1,1
0,0.5854071936539251,1,1
1,0.8621207953128295,1,1
0,0.22512597542212043,0,0
1,0.3054414258442288,0,0
0,0.5456679961118657,1,1
1,0.8395306531042975,1,1
0,0.5559979894202636,1,1
1,0.5465650762231439,1,1
0,0.5411174048474361,1,1
0,0.5259623518815427,1,1
0,0.21552350563207445,0,0
0,0.37543033234604356,0,0
0,0.16677323734879962,0,0
0,0.13068960868514923,0,0
0,0.6626342268118276,1,1
0,0.3469452108924637,0,0
0,0.1181248520729332,0,0
0,0.08522343911532368,0,0
1,0.5498073474705358,1,1
1,0.7585524123511691,1,1
0,0.2883972867296273,0,0
0,0.4891392490131987,0,1
0,0.12419331391095707,0,0
0,0.14396437586306177,0,0
1,0.9516065540748052,1,1
1,0.41521807755261453,0,0
0,0.45261055971921066,0,0
1,0.9046071836560086,1,1
1,0.9400810267991423,1,1
1,0.7139725436647731,1,1
0,0.11920070439396716,0,0
1,0.75004881075374,1,1
0,0.4677770132978511,0,0
0,0.3823141097769987,0,0
0,0.7475525773132452,1,1
0,0.5934106348049946,1,1
0,0.5995666094654731,1,1
0,0.36058460348684984,0,0
1,0.6122843163591108,1,1
1,0.7157163581831507,1,1
0,0.057561394738453835,0,0
1,0.6413722089043611,1,1
0,0.3315710318512737,0,0
0,0.09581651578951729,0,0
0,0.1656412364217525,0,0
1,0.8007931774828889,1,1
0,0.18564237879052992,0,0
0,0.030715902192425874,0,0
1,0.7441225706714778,1,1
0,0.11501974011720083,0,0
0,0.5342308789938361,1,1
0,0.13738355438312516,0,0
0,0.12416802838539774,0,0
0,0.449744527583336,0,0
0,0.3645786085143213,0,0
0,0.7296770504941908,1,1
0,0.25424201896922577,0,0
0,0.1300722606331094,0,0
0,0.27919169932632787,0,0
0,0.4153000015802638,0,0
0,0.13827100673148646,0,0
1,0.8236818864864163,1,1
0,0.6983449614503077,1,1
0,0.39225591067336346,0,0
1,0.8352540954553589,1,1
0,0.2794191712125403,0,0
1,0.7699801801493723,1,1
0,0.21310285634202528,0,0
0,0.3791323396342762,0,0
0,0.21164113710631788,0,0
1,0.4489952837687191,0,0
0,0.903023022313332,1,1
0,0.36005896207176635,0,0
0,0.22276206994056744,0,0
0,0.12623062910229033,0,0
0,0.6946751116306847,1,1
0,0.1986511449682891,0,0
1,0.6079424706791825,1,1
1,0.269426195672656,0,0
0,0.6718410568087676,1,1
0,0.7105934667733071,1,1
0,0.48861643935014026,0,1
0,0.5862972354884392,1,1
0,0.16370701198634444,0,0
1,0.7051304684514935,1,1
1,0.692353108930869,1,1
1,0.7763435819347084,1,1
0,0.3410460491354872,0,0
0,0.2117358986727787,0,0
1,0.5230861590284459,1,1
0,0.3144768492993611,0,0
0,0.44820655788578684,0,0
1,0.7916876046752368,1,1
0,0.6904619723017367,1,1
0,0.10240333539902204,0,0
0,0.6524863648135665,1,1
0,0.39653895568713154,0,0
1,0.1945694307612433,0,0
1,0.6669645367067841,1,1
0,0.8161104631652045,1,1
0,0.349829416675251,0,0
0,0.1305215241056126,0,0
1,0.26026840950218855,0,0
1,0.139416676042653,0,0
0,0.347345929097521,0,0
1,0.9445353914861431,1,1
0,0.3076953010657564,0,0
0,0.2467933032469061,0,0
0,0.8194966442464615,1,1
1,0.7446657813871791,1,1
1,0.8316053082108253,1,1
0,0.219969893765884,0,0
0,0.13575093816052802,0,0
0,0.19408147901380143,0,0
0,0.3777966859171679,0,0
1,0.87918716870441,1,1
1,0.4769236014189897,0,1
0,0.33120345602896595,0,0
1,0.6755818717733105,1,1
0,0.16330679941963577,0,0
0,0.17959088577806978,0,0
1,0.80117254661772,1,1
1,0.631375939728644,1,1
0,0.11414116396002091,0,0
1,0.5963205284376868,1,1
0,0.21257954411963118,0,0
0,0.5409735512531064,1,1
1,0.16677203584604994,0,0
1,0.7660900287538233,1,1
0,0.14433590174977076,0,0
0,0.31950408226241833,0,0
0,0.47662172542659514,0,1
0,0.12212121755096528,0,0
0,0.15038588258589805,0,0
0,0.6717481133876829,1,1
0,0.21465657586332373,0,0
0,0.4307004089600778,0,0
0,0.09292672009114607,0,0
0,0.4599797171667283,0,0
0,0.8829698488412856,1,1
1,0.16816211277827225,0,0
1,0.44076869712744093,0,0
0,0.3920759524823995,0,0
1,0.9403736246563725,1,1
1,0.7419080877250867,1,1
0,0.08648551596171328,0,0
0,0.22413666198602028,0,0
1,0.7736767514368394,1,1
0,0.8191995946372043,1,1
1,0.6287780110313946,1,1
1,0.25508710688491565,0,0
0,0.5817551149649209,1,1
0,0.27542169621709817,0,0
0,0.8796579209206516,1,1
0,0.42467805045638846,0,0
1,0.9110296608017812,1,1
0,0.22029184984151484,0,0
0,0.1669086948403444,0,0
1,0.3252966113608856,0,0
0,0.4211417177867848,0,0
0,0.11685473090389138,0,0
1,0.8838815263185106,1,1
1,0.8117025624295819,1,1
0,0.48654575078394163,0,1
1,0.8972603478060855,1,1
0,0.20605935821821114,0,0
0,0.09302519941884489,0,0
1,0.9564388001875146,1,1
1,0.4348119591279695,0,0
0,0.18720406629044278,0,0
0,0.18031664342152037,0,0
0,0.4060456921801177,0,0
0,0.6557268306909265,1,1
1,0.8905564989384317,1,1
0,0.507215253815232,1,1
0,0.19090725794861219,0,0
0,0.30097688792037136,0,0
0,0.2160903200348853,0,0
1,0.6091524788646245,1,1
0,0.5627539877371579,1,1
0,0.30945791337142475,0,0
0,0.366624645437746,0,0
0,0.29944524408929346,0,0
1,0.8092159636344816,1,1
0,0.12031935145466953,0,0
1,0.8114486446185867,1,1
1,0.875593309924358,1,1
0,0.7663961692407837,1,1
1,0.18907296606211466,0,0
0,0.17196560662601065,0,0
0,0.11737842016017493,0,0
1,0.8275531408418589,1,1
0,0.45896812778500573,0,0
0,0.1797125605177399,0,0
0,0.1399313747020171,0,0
1,0.711880226764727,1,1
1,0.5264525857132326,1,1
0,0.14587073805283893,0,0
0,0.18850906134122028,0,0
0,0.2637818608633512,0,0
1,0.6554260621174002,1,1
1,0.17243791219987595,0,0
0,0.12559082481395084,0,0
0,0.6509682211223767,1,1
0,0.3119863945416482,0,0
0,0.24684353084084773,0,0
1,0.975805278360749,1,1
0,0.34344541207857254,0,0
0,0.03589002568820383,0,0
0,0.6721375663040013,1,1
0,0.09511175570839156,0,0
0,0.7124677377506502,1,1
0,0.17887537672713613,0,0
1,0.8604541025714064,1,1
1,0.9159720165230829,1,1
0,0.09408896760386094,0,0
1,0.4089776269843728,0,0
1,0.4103816572477353,0,0
0,0.1562249795840399,0,0
0,0.25029619884495635,0,0
1,0.6408542186115999,1,1
0,0.8910515235551038,1,1
1,0.6734047078796738,1,1
0,0.5407121281937655,1,1
0,0.4561931047615025,0,0
0,0.5118151286350087,1,1
1,0.7846967168933068,1,1
1,0.8659932737153707,1,1
0,0.12410418416303891,0,0
0,0.15525187761565043,0,0
1,0.5378441316455672,1,1
0,0.1447605333150807,0,0
0,0.29933103404439937,0,0
1,0.5112616372294115,1,1
0,0.08201430837127392,0,0
1,0.5449057706595228,1,1
1,0.8453741843714077,1,1
1,0.3958010469163266,0,0
1,0.30215841397811793,0,0
0,0.66556864351224,1,1
1,0.40297644112466696,0,0
0,0.8173470262436557,1,1
0,0.9260440664120106,1,1
0,0.23177922098315293,0,0
0,0.5362574677216367,1,1
1,0.1391814490995592,0,0
1,0.4696730147180775,0,0
0,0.32313777909035546,0,0
0,0.5480678974029568,1,1
0,0.10775399541112592,0,0
0,0.5544084794809399,1,1
0,0.08354668267172081,0,0
0,0.18097991955177192,0,0
0,0.04091634699961715,0,0
0,0.3064510036353377,0,0
0,0.09580865458708628,0,0
0,0.20357610770444096,0,0
1,0.8857617017163151,1,1
1,0.5766834726855172,1,1
1,0.6775286005932253,1,1
1,0.7073749125832977,1,1
1,0.23416377687774517,0,0
0,0.7356560739786383,1,1
0,0.6449959974295316,1,1
0,0.1408560883829133,0,0
1,0.8844745292957631,1,1
0,0.5804331770673364,1,1
0,0.0426454325876199,0,0
0,0.2533759516741491,0,0
0,0.1289367412679471,0,0
1,0.8797510395542566,1,1
0,0.4399487635971822,0,0
0,0.2906355767807628,0,0
1,0.8856041988257176,1,1
0,0.10665293477402918,0,0
0,0.3835945236685713,0,0
0,0.3400908448471921,0,0
0,0.1639087020345748,0,0
1,0.7527342570562685,1,1
1,0.7851479132472687,1,1
0,0.46989207833178204,0,0
0,0.4433057289985074,0,0
0,0.5293909817259295,1,1
1,0.5538656142377271,1,1
0,0.5527449404524901,1,1
1,0.9086300901425856,1,1
1,0.7024654880619738,1,1
1,0.40671064219867514,0,0
0,0.5331508308623361,1,1
1,0.8507213400672848,1,1
1,0.8428978952200014,1,1
0,0.49680153018008194,0,1
1,0.48873579093830016,0,1
0,0.3358435887378362,0,0
0,0.20041034187673237,0,0
0,0.4380636001738001,0,0
0,0.43602094141352854,0,0
0,0.39451139080677305,0,0
0,0.21076173361751427,0,0
0,0.1834334564155061,0,0
0,0.1727731165478025,0,0
0,0.4428943723630521,0,0
0,0.3258802544759087,0,0
0,0.24984325809777344,0,0
1,0.4591902627395803,0,0
1,0.6081563700397943,1,1
0,0.9282998655403633,1,1
0,0.5976695892952878,1,1
1,0.13124579167068584,0,0
1,0.8583598855055984,1,1
1,0.8899194658229108,1,1
0,0.4793049618133862,0,1
1,0.7930092375256272,1,1
1,0.4698696232752576,0,0
1,0.8203286823078901,1,1
0,0.503679407425296,1,1
1,0.4568656941751438,0,0
0,0.5218145895941068,1,1
1,0.6149123939273059,1,1
0,0.31775515647489916,0,0
0,0.29999416971552295,0,0
0,0.1288962135937061,0,0
0,0.8131152804502286,1,1
0,0.4405699736356161,0,0
1,0.20525579611426675,0,0
1,0.5605475714051217,1,1
1,0.8006979912494349,1,1
0,0.7003236556088439,1,1
0,0.7791606672636686,1,1
0,0.16096511401749042,0,0
1,0.9069043028049192,1,1
0,0.2808185576776726,0,0
1,0.7944615722859952,1,1
1,0.8697212147415255,1,1
0,0.41011564303029563,0,0
0,0.05680809753687871,0,0
1,0.8431970713015123,1,1
0,0.3043046979681534,0,0
1,0.7766667154687008,1,1
1,0.880208275747592,1,1
0,0.09920585172204381,0,0
1,0.6697907073800039,1,1
0,0.45140039967014467,0,0
1,0.6034643500629189,1,1
0,0.3345177228627506,0,0
0,0.1429475505516964,0,0
0,0.31611844678795686,0,0
1,0.8567585472103755,1,1
1,0.9593667759015859,1,1
0,0.8129879840197644,1,1
0,0.7174732740364342,1,1
0,0.2745731310999669,0,0
1,0.3049711041895315,0,0
0,0.1378001159020651,0,0
0,0.15498483926055517,0,0
0,0.6156853082405489,1,1
1,0.43006464789394344,0,0
1,0.7537823777346588,1,1
0,0.22837516283682166,0,0
0,0.27915533916994084,0,0
1,0.7146982821049925,1,1
1,0.4252564656875044,0,0
0,0.31103041247778124,0,0
1,0.8475119437903262,1,1
0,0.8085135831242543,1,1
0,0.5684201856195301,1,1
0,0.06815123944380301,0,0
1,0.6328022663002097,1,1
0,0.9391413290963919,1,1
0,0.14621086671796082,0,0
0,0.21679513270526918,0,0
0,0.30934126450041893,0,0
0,0.45343111401272146,0,0
1,0.38535220826347116,0,0
1,0.9402496738629108,1,1
1,0.8578481568197016,1,1
0,0.1701313852815708,0,0
0,0.19391858578515164,0,0
1,0.8638962048252266,1,1
0,0.3534643993266244,0,0
1,0.3777807205609484,0,0
0,0.1532760921442199,0,0
1,0.8583971977437405,1,1
0,0.3639124767129998,0,0
0,0.08799987964326468,0,0
0,0.14053028938349876,0,0
1,0.5705238985287874,1,1
0,0.1913948681083859,0,0
0,0.12309532920543904,0,0
1,0.5926095585923742,1,1
0,0.7734981099629038,1,1
1,0.8474095893312281,1,1
1,0.37667196964842875,0,0
1,0.7591728146977823,1,1
0,0.16412391780059202,0,0
1,0.741594576659813,1,1
1,0.472847150405922,0,1
0,0.28748946616918875,0,0
1,0.7256728649996947,1,1
0,0.12009601443842877,0,0
0,0.06801830570238612,0,0
0,0.11763446335653227,0,0
1,0.6430459998148891,1,1
1,0.36125462441743633,0,0
1,0.8587885496071926,1,1
0,0.11445592709910475,0,0
1,0.7318114814989144,1,1
0,0.046512066857732064,0,0
0,0.075348936703714,0,0
0,0.8633575792222469,1,1
0,0.19709432728473952,0,0
0,0.19282479442419334,0,0
1,0.6459864113027104,1,1
0,0.8789373001805666,1,1
0,0.5951193312433526,1,1
0,0.2310588989738297,0,0
0,0.7539711541295041,1,1
0,0.5283468781817187,1,1
0,0.08747793367627041,0,0
1,0.5704487076306115,1,1
0,0.0540382675693528,0,0
0,0.45768789524291426,0,0
1,0.8021045770517219,1,1
0,0.10370495690991051,0,0
0,0.5119807028337254,1,1
0,0.525335789206324,1,1
1,0.8607393651857337,1,1
0,0.4819491650513577,0,1
0,0.08729296742039076,0,0
0,0.25636535453699577,0,0
0,0.0803300348484139,0,0
1,0.9247094869351845,1,1
1,0.7356164643599578,1,1
0,0.4661647102991438,0,0
0,0.1855499638427928,0,0
1,0.6262922704390318,1,1
1,0.6062478576875058,1,1
1,0.6301614458052099,1,1
0,0.5790191818381902,1,1
1,0.870353958792284,1,1
0,0.21408712294466345,0,0
0,0.0572039137693003,0,0
1,0.29231672016075716,0,0
1,0.6988651893034632,1,1
0,0.6078071757706052,1,1
0,0.4248166247873041,0,0
0,0.1556518520029036,0,0
1,0.45957548775852625,0,0
0,0.8001003950323181,1,1
0,0.3754350135953686,0,0
0,0.2393105883968594,0,0
0,0.6073739815069551,1,1
0,0.8375720821070914,1,1
0,0.06162970740486385,0,0
1,0.9362087527786825,1,1
0,0.5516932252304614,1,1
1,0.8333889283123753,1,1
0,0.40944640538761967,0,0
0,0.40732222723082134,0,0
1,0.8145217396535257,1,1
1,0.6859254876072202,1,1
1,0.16128370954826227,0,0
1,0.6237364877387978,1,1
0,0.09977520320678723,0,0
0,0.37024198575714906,0,0
1,0.5400783701619448,1,1
1,0.6895214960293079,1,1
0,0.6870763083414416,1,1
1,0.6653369789453053,1,1
0,0.8893286061641458,1,1
1,0.11373951501092307,0,0
1,0.3982847791934419,0,0
0,0.055113515408355185,0,0
1,0.639109356747801,1,1
0,0.3091660388636926,0,0
0,0.3844881113177143,0,0
1,0.945178226985627,1,1
0,0.12436034762991896,0,0
0,0.24015964463005274,0,0
1,0.817843519140309,1,1
1,0.6688980043950041,1,1
0,0.10293352341833766,0,0
0,0.05626491844252231,0,0
0,0.7106203317309299,1,1
0,0.28543626226594015,0,0
1,0.9505825040749307,1,1
0,0.2916854229389606,0,0
0,0.06582948226755325,0,0
0,0.08569798759871408,0,0
0,0.3549355231211561,0,0
0,0.10513716395248514,0,0
1,0.619030163661073,1,1
1,0.48463820415416553,0,1
0,0.3645641981247266,0,0
0,0.08672850747678798,0,0
0,0.2623562093318578,0,0
0,0.7729488566349343,1,1
1,0.4953982513493391,0,1
1,0.578025625462625,1,1
0,0.10958513674688516,0,0
0,0.25609224557187693,0,0
1,0.25805933970560047,0,0
1,0.9509650744688954,1,1
1,0.4978767322051389,0,1
0,0.5153744623623484,1,1
1,0.7928823100712455,1,1
1,0.5034965480539947,1,1
0,0.07119238417915082,0,0
1,0.8178011312108161,1,1
0,0.20733456570798361,0,0
0,0.06383509168802101,0,0
0,0.1104089391225583,0,0
0,0.059292248205500574,0,0
0,0.765372241904943,1,1
0,0.34138679219888424,0,0
0,0.37406285244373827,0,0
1,0.699399168829032,1,1
0,0.4938767038935733,0,1
1,0.8969481590947532,1,1
0,0.29557919921467635,0,0
1,0.4806111556216563,0,1
1,0.46763067264990527,0,0
0,0.6665441410178108,1,1
0,0.25695935227022243,0,0
0,0.3037363323541181,0,0
0,0.27961103400232623,0,0
1,0.39392818900209325,0,0
1,0.1171214556558957,0,0
1,0.8199474450280777,1,1
0,0.12124501358084322,0,0
0,0.22990380944893946,0,0
1,0.5256998594059993,1,1
1,0.6989514684963329,1,1
1,0.09044567893290031,0,0
1,0.4144758568170659,0,0
0,0.7051999079170901,1,1
0,0.39776235151990497,0,0
1,0.41816325931230036,0,0
1,0.11830734743710705,0,0
0,0.3430126085095453,0,0
0,0.1642144367554069,0,0
1,0.5543262921529111,1,1
1,0.6605381581376147,1,1
1,0.819781203467405,1,1
0,0.0740499883464933,0,0
0,0.1221354075997632,0,0
1,0.7310014949572162,1,1
1,0.7626297135131517,1,1
0,0.6784241760717538,1,1
1,0.8283943210516284,1,1
1,0.31981248186615263,0,0
0,0.33933160559364,0,0
0,0.04024795915865931,0,0
0,0.601665883262406,1,1
0,0.5195943294580689,1,1
0,0.09243650154251082,0,0
0,0.601401516311394,1,1
0,0.8884398461219273,1,1
0,0.6475328895421562,1,1
1,0.7297229684151072,1,1
0,0.33483083387422247,0,0
0,0.3647720483601348,0,0
1,0.6388173488041738,1,1
1,0.6013242850562138,1,1
1,0.1293771226746839,0,0
1,0.4630588773393895,0,0
1,0.6496336189168244,1,1
1,0.7564057349249211,1,1
0,0.34786946535935165,0,0
0,0.8315959879956255,1,1
1,0.5833739652734684,1,1
1,0.7066405104501566,1,1
0,0.40107802072819587,0,0
0,0.12217818757709972,0,0
0,0.8950703835906544,1,1
1,0.46860006032726875,0,0
0,0.6197180224628538,1,1
0,0.3053617117637104,0,0
0,0.4564370387762718,0,0
1,0.8925351915413108,1,1
1,0.6922543428601722,1,1
0,0.07125508280487308,0,0
1,0.8205802255902106,1,1
0,0.10345118269050833,0,0
1,0.8548397386268716,1,1
1,0.786110895712873,1,1
1,0.7204664695325455,1,1
0,0.39319585244282423,0,0
0,0.3301175057263646,0,0
0,0.2837480954802807,0,0
0,0.4456769561352102,0,0
0,0.3113230447717298,0,0
0,0.2790846128675098,0,0
1,0.5079965856791135,1,1
0,0.09144189826389205,0,0
1,0.9164771376647346,1,1
1,0.5888346486165128,1,1
0,0.07509812348200014,0,0
0,0.219955884952861,0,0
0,0.47113217999162943,0,1
0,0.11352827767009105,0,0
0,0.2270463064131806,0,0
0,0.07770931903253797,0,0
1,0.8442117747378907,1,1
0,0.4890022513243337,0,1
1,0.7514037505825659,1,1
0,0.6615133700215423,1,1
1,0.9432434587294111,1,1
0,0.49670441191915876,0,1
0,0.6483885869669315,1,1
0,0.1191622582043481,0,0
0,0.3056455951763786,0,0
0,0.6771860177527528,1,1
0,0.413800194489336,0,0
0,0.7981061693469185,1,1
1,0.8850509708949644,1,1
1,0.6275390715188778,1,1
1,0.7792693758477677,1,1
0,0.8210866904297753,1,1
0,0.2593843890639869,0,0
0,0.5296792188514771,1,1
0,0.33976805354801537,0,0
0,0.20930424400093448,0,0
1,0.8003261646595721,1,1
1,0.5622659610496853,1,1
1,0.8246445592214605,1,1
0,0.23865612929991847,0,0
1,0.6878697770281448,1,1
1,0.8154018815895174,1,1
0,0.5318304825221061,1,1
1,0.7388556073656677,1,1
0,0.1309587881421059,0,0
0,0.23496920118217643,0,0
1,0.3344122899447855,0,0
1,0.8259957583294544,1,1
0,0.12793220498781077,0,0
1,0.15100355854994363,0,0
0,0.31979644963595727,0,0
0,0.5462323102597224,1,1
0,0.33337238040474926,0,0
0,0.5038772072878589,1,1
0,0.10382130051033604,0,0
0,0.3402291303001229,0,0
1,0.666959048284004,1,1
0,0.5225679547085811,1,1
0,0.2579806748126364,0,0
0,0.13061835193537197,0,0
0,0.291406496735356,0,0
1,0.8305446574643077,1,1
1,0.7665095224546116,1,1
0,0.06687415359671046,0,0
0,0.7290042290116353,1,1
1,0.897684912603508,1,1
1,0.928030718734374,1,1
1,0.7914807259657438,1,1
1,0.1413138027565603,0,0
0,0.7924194719307054,1,1
0,0.37421830812975937,0,0
1,0.5244035469662239,1,1
0,0.6247190481678797,1,1
0,0.12054959939671757,0,0
0,0.13052347979177276,0,0
1,0.5888450376407844,1,1
0,0.20144482070282863,0,0
0,0.4059672478302804,0,0
0,0.705112687566732,1,1
1,0.18838906571578704,0,0
1,0.8637963335009441,1,1
0,0.12339692590344768,0,0
0,0.38699442687659225,0,0
0,0.15135208411015055,0,0
1,0.38524188172232693,0,0
1,0.14473131397988517,0,0
0,0.5444172806541371,1,1
1,0.7176798866266462,1,1
0,0.11657931209788876,0,0
0,0.11409200015521946,0,0
1,0.6890817984257327,1,1
1,0.1995333855987584,0,0
0,0.22995814900809836,0,0
0,0.18235902067969356,0,0
1,0.8650365367501907,1,1
0,0.5218602894767388,1,1
0,0.47164836189946413,0,1
0,0.26752258737357093,0,0
0,0.20874786274413,0,0
0,0.5153460024760744,1,1
0,0.5354629338829388,1,1
0,0.22556318722394642,0,0
1,0.46251386717084625,0,0
0,0.09549970815329653,0,0
1,0.7156623588591556,1,1
0,0.0877512741289688,0,0
0,0.1555388322809134,0,0
1,0.8613344165051935,1,1
0,0.3329119296384292,0,0
0,0.3123696664814402,0,0
0,0.43526005001317636,0,0
1,0.5330581798466629,1,1
1,0.7086189703935691,1,1
1,0.6269131193653003,1,1
0,0.7506910370163061,1,1
0,0.10352598541942608,0,0
1,0.8931104275108577,1,1
0,0.22341485692347754,0,0
0,0.21580097557635922,0,0
1,0.797360028907633,1,1
0,0.5015404803274537,1,1
0,0.7011491100773215,1,1
0,0.1618302637114173,0,0
0,0.7513388593753308,1,1
1,0.6374936942651728,1,1
0,0.33314211156716045,0,0
0,0.8450885928462981,1,1
0,0.6866726419403509,1,1
1,0.8944044358689527,1,1
1,0.4866039741664368,0,1
0,0.36516545798236105,0,0
1,0.5567377843037321,1,1
0,0.7284975917869134,1,1
1,0.8248855567280841,1,1
0,0.37640642732593255,0,0
1,0.5573035963185787,1,1
0,0.9190010225463161,1,1
0,0.3405727310730659,0,0
0,0.1995799648416493,0,0
0,0.2286889758956681,0,0
0,0.7287181834719361,1,1
0,0.3508829536952661,0,0
1,0.8428884187683716,1,1
1,0.7239085787141722,1,1
1,0.8632960156111947,1,1
0,0.12459878588795698,0,0
0,0.5984235220978225,1,1
1,0.6011829967302328,1,1
0,0.2534207187173066,0,0
0,0.6216601462072038,1,1
0,0.7838563181363928,1,1
1,0.8626063043057041,1,1
0,0.5188796096728181,1,1
1,0.6776318092919199,1,1
0,0.2626395592270041,0,0
0,0.5814180820711194,1,1
1,0.7738561078744715,1,1
0,0.4114227136845243,0,0
0,0.35248294449889966,0,0
0,0.13444069934180614,0,0
0,0.3705900576583343,0,0
0,0.47137591679184027,0,1
0,0.06683119292102163,0,0
1,0.7645534001583946,1,1
1,0.4805544639013686,0,1
0,0.3177250820521007,0,0
0,0.5133407446395643,1,1
0,0.27635346181435777,0,0
0,0.39913198142581774,0,0
0,0.28970860114545616,0,0
0,0.7961316112693521,1,1
0,0.23591356382872333,0,0
0,0.5900845916627026,1,1
0,0.212689118867494,0,0
1,0.42012996596508545,0,0
0,0.224056806403373,0,0
1,0.825460083027715,1,1
0,0.5172730361371042,1,1
0,0.54894516456421,1,1
1,0.4263758886698515,0,0
0,0.2624139833211948,0,0
0,0.10029533945779677,0,0
0,0.11845618925330398,0,0
1,0.5672660957186573,1,1
0,0.3100133057465875,0,0
0,0.3344898957651502,0,0
1,0.2639167551778112,0,0
0,0.7468016643008166,1,1
0,0.5851838964779597,1,1
0,0.07708669220762494,0,0
1,0.6091487595857614,1,1
1,0.5198150503687674,1,1
0,0.3473009517706719,0,0
0,0.22389275067281608,0,0
0,0.6249861020094329,1,1
0,0.33330981678561455,0,0
1,0.5071284388230146,1,1
1,0.34649835078607716,0,0
0,0.5222054924420133,1,1
0,0.2679008513614874,0,0
0,0.6441265114050104,1,1
1,0.37206703410937375,0,0
0,0.2463091973897042,0,0
0,0.5289382112922749,1,1
0,0.2771105584138501,0,0
0,0.07099398303223188,0,0
1,0.7955347773049936,1,1
1,0.7890730892694642,1,1
0,0.7543547879257071,1,1
1,0.43868925629827504,0,0
0,0.6940724292040947,1,1
0,0.0682632655454177,0,0
0,0.7426867557407534,1,1
1,0.4815704243437861,0,1
0,0.6718885195566637,1,1
1,0.8238516628715364,1,1
0,0.5088178489779767,1,1
0,0.06502153818091552,0,0
1,0.686486830030378,1,1
1,0.278427732810153,0,0
1,0.6977907175659251,1,1
0,0.07614274317633121,0,0
0,0.7104054880915641,1,1
1,0.6868002662491856,1,1
0,0.16795982486437383,0,0
1,0.6879884186752973,1,1
0,0.8295078556404476,1,1
0,0.8494428666658068,1,1
0,0.48192124190697494,0,1
0,0.2917484376461677,0,0
1,0.8261763209136718,1,1
0,0.23327044988809995,0,0
1,0.619649401396195,1,1
0,0.18985012690657155,0,0
1,0.8067718149466051,1,1
0,0.13895514850932353,0,0
0,0.5586397419905577,1,1
1,0.9123043445619815,1,1
1,0.8753577189870172,1,1
1,0.39022109640235664,0,0
0,0.3813180146059741,0,0
0,0.6544667861673126,1,1
0,0.06912220364513641,0,0
0,0.22443066963933037,0,0
0,0.30335215284708017,0,0
0,0.29010904445875685,0,0
0,0.3341966856975095,0,0
0,0.27037471963955134,0,0
0,0.15072121308585082,0,0
0,0.3454981451144572,0,0
0,0.3134485036426788,0,0
0,0.43698328899757827,0,0
1,0.7667162508600976,1,1
0,0.9062325100767743,1,1
0,0.5087165526521825,1,1
0,0.09212255279500525,0,0
1,0.47243181825986236,0,1
1,0.8871930614616601,1,1
1,0.6081868631607197,1,1
1,0.7706131735338659,1,1
1,0.881573312563951,1,1
0,0.0462260125947585,0,0
0,0.16614165970576256,0,0
0,0.18621320035478128,0,0
0,0.19855652916975997,0,0
1,0.8931900168707274,1,1
0,0.10389689945051382,0,0
0,0.45330768235081964,0,0
0,0.2477634272714962,0,0
1,0.8182612348840064,1,1
1,0.7835544274527663,1,1
0,0.40280325497516545,0,0
1,0.4209387753950131,0,0
0,0.08888917623464596,0,0
0,0.295313801898377,0,0
0,0.5193208265324596,1,1
0,0.23122549305271778,0,0
1,0.14616146097351038,0,0
0,0.36313241648198985,0,0
1,0.5322892977384678,1,1
1,0.39816974593499344,0,0
0,0.7304267796742446,1,1
1,0.5892319190129373,1,1
0,0.30732385089455727,0,0
0,0.30575353970419966,0,0
0,0.14455703739392015,0,0
1,0.1682737530935811,0,0
0,0.35854133482769807,0,0
1,0.7896331818862657,1,1
1,0.7615748635130817,1,1
0,0.7255763191330874,1,1
1,0.5699095232980748,1,1
0,0.35451759721500337,0,0
1,0.6141358909158966,1,1
1,0.6204792750472682,1,1
0,0.44156006936793735,0,0
1,0.7689992686366653,1,1
0,0.14704565566005123,0,0
0,0.7531542831299654,1,1
0,0.32943539654001497,0,0
0,0.4270552002129525,0,0
0,0.41496159338501687,0,0
0,0.3178318948770988,0,0
0,0.24842017148341008,0,0
1,0.8607604618280019,1,1
0,0.937941930756588,1,1
0,0.18573154232666564,0,0
0,0.38702424049693024,0,0
1,0.5754855120419048,1,1
0,0.48272845417453414,0,1
0,0.6416703436901917,1,1
1,0.3084943288760178,0,0
0,0.36268741460911935,0,0
0,0.14512750295645221,0,0
1,0.6869264388607867,1,1
0,0.0986546461168512,0,0
0,0.7012065384965241,1,1
1,0.7000855793636951,1,1
0,0.3454049508863753,0,0
1,0.4001344203500323,0,0
0,0.6099888161063575,1,1
0,0.18908556364038087,0,0
0,0.44139896200291545,0,0
1,0.5648425047173732,1,1
1,0.7890171594742469,1,1
0,0.7198109104219736,1,1
0,0.46834655937455305,0,0
1,0.9189138371347544,1,1
0,0.5590596881508597,1,1
1,0.7455487619111956,1,1
0,0.339937563639491,0,0
1,0.8173949813185831,1,1
0,0.14026633682659775,0,0
1,0.7896279414650159,1,1
1,0.5827455585576987,1,1
0,0.40361248108050585,0,0
1,0.3036631065085413,0,0
0,0.5383284139214136,1,1
0,0.2523042454471284,0,0
0,0.1862026907263961,0,0
0,0.06065305276004719,0,0
0,0.2313030497234569,0,0
0,0.1442552765268388,0,0
0,0.05384390991091415,0,0
0,0.6030420327739296,1,1
1,0.7108743095880781,1,1
0,0.8273466403319331,1,1
0,0.4736935032308738,0,1
0,0.07557044167679469,0,0
0,0.47605869190896277,0,1
1,0.844761153055995,1,1
0,0.49502054995220984,0,1
0,0.3152873770269605,0,0
0,0.21193750561912114,0,0
1,0.8732863561090418,1,1
0,0.5210375268554946,1,1
1,0.6679576320378057,1,1
1,0.9755571997941149,1,1
1,0.5684247585974392,1,1
0,0.07619655728668479,0,0
0,0.32468687147223035,0,0
1,0.30175558631108235,0,0
0,0.09987167926261133,0,0
0,0.0998950964176802,0,0
1,0.8306931738826122,1,1
1,0.6796266593395645,1,1
0,0.25302663860916885,0,0
0,0.39863131286870007,0,0
0,0.4753703217626301,0,1
1,0.784174893683047,1,1
1,0.8636802601000761,1,1
1,0.8622383818518917,1,1
0,0.4329320538833774,0,0
0,0.5282873893855572,1,1
1,0.8136681397516193,1,1
0,0.129882678379582,0,0
0,0.21633978170393736,0,0
0,0.23658081166775655,0,0
0,0.040476544454772945,0,0
0,0.6683626997521657,1,1
1,0.8647714854624509,1,1
1,0.3569510842962722,0,0
0,0.43165840998379357,0,0
0,0.10795747087163363,0,0
1,0.2571974374980207,0,0
1,0.8705854588289622,1,1
0,0.4094637752073859,0,0
0,0.4502710434009428,0,0
0,0.22507721841834763,0,0
0,0.5050394692301519,1,1
1,0.2698944532679743,0,0
0,0.20759950540343855,0,0
0,0.3841829663253866,0,0
0,0.49892479924719835,0,1
0,0.3983508963004635,0,0
1,0.7057923869556604,1,1
1,0.7921200079163856,1,1
0,0.18030449524837355,0,0
1,0.7966801007903913,1,1
1,0.8544849876162413,1,1
0,0.10276347151111602,0,0
1,0.8495058562277159,1,1
0,0.15401242389111514,0,0
1,0.6582574661846918,1,1
0,0.2946422793547105,0,0
0,0.8330632370225046,1,1
1,0.7416054849732236,1,1
0,0.38226688150104876,0,0
1,0.938863582346667,1,1
0,0.3491968935073398,0,0
0,0.21992536480089844,0,0
0,0.35463870484614535,0,0
0,0.13859343527137702,0,0
0,0.8140909214731795,1,1
1,0.7505866631773432,1,1
0,0.7352744082929277,1,1
0,0.23353264464749643,0,0
0,0.3511865729209151,0,0
0,0.33995978001778165,0,0
0,0.3517361434988256,0,0
0,0.783344998515761,1,1
0,0.34580678378112284,0,0
1,0.8439392211074543,1,1
0,0.49729491665742914,0,1
0,0.5214692546438634,1,1
0,0.1975986133268568,0,0
0,0.6330067247616197,1,1
1,0.6939530815194067,1,1
0,0.09428976664858013,0,0
0,0.11091499033651274,0,0
1,0.40991150088920697,0,0
0,0.4120085765955149,0,0
0,0.7717765884162254,1,1
0,0.2020548920609987,0,0
0,0.23509464970259863,0,0
1,0.925624760345836,1,1
0,0.15648795721991016,0,0
0,0.44258697817290626,0,0
1,0.6967155994019367,1,1
0,0.10129875139499078,0,0
0,0.17979969564363232,0,0
1,0.7396402486561996,1,1
1,0.4459407074181216,0,0
1,0.5372509228394382,1,1
0,0.24760426472536584,0,0
0,0.4342597094099734,0,0
0,0.6779395045364032,1,1
1,0.7157209349880034,1,1
0,0.13022017405288075,0,0
0,0.25841036979575693,0,0
0,0.15067668805725393,0,0
0,0.09534128184211905,0,0
0,0.553237114573666,1,1
0,0.3756638157543483,0,0
1,0.8294278377475256,1,1
0,0.4346085463050134,0,0
0,0.1563472850525813,0,0
1,0.5139795983516657,1,1
0,0.5845570528773019,1,1
1,0.4051576568758912,0,0
0,0.46113637949598746,0,0
0,0.577538339991078,1,1
0,0.4514751334642263,0,0
0,0.7357776246253236,1,1
0,0.42551762075421756,0,0
1,0.8397541650083927,1,1
0,0.24952827648650322,0,0
1,0.37787890014000386,0,0
0,0.421257952074331,0,0
0,0.4535549521164865,0,0
1,0.24632495043676475,0,0
1,0.8938943444209778,1,1
0,0.12023278509780598,0,0
0,0.7543853491756334,1,1
0,0.09939433002706889,0,0
1,0.7795744646243827,1,1
0,0.2006555951396261,0,0
0,0.7167228249242305,1,1
1,0.5511766350709358,1,1
1,0.6921266805076307,1,1
1,0.1560455075895129,0,0
1,0.7346265711702179,1,1
1,0.9166800618548934,1,1
0,0.7385351631120282,1,1
0,0.30430259015150435,0,0
0,0.38538676663222254,0,0
0,0.39901010634364775,0,0
0,0.07850999596701651,0,0
1,0.4941161603154658,0,1
1,0.6109927988874907,1,1
0,0.3571430762508612,0,0
1,0.7950545973304766,1,1
0,0.09865726531486536,0,0
0,0.39910860678867627,0,0
1,0.9222393344149742,1,1
1,0.10260975650524394,0,0
0,0.5084181238072721,1,1
0,0.47495809356266294,0,1
1,0.6383371419673535,1,1
0,0.5149432665537395,1,1
0,0.3942704414049812,0,0
0,0.25054027703485754,0,0
0,0.5561718596954596,1,1
0,0.932331118234117,1,1
0,0.0720812174121219,0,0
0,0.11237057559184131,0,0
1,0.38910175409609044,0,0
1,0.6230224846728869,1,1
1,0.8529107835686355,1,1
0,0.5060332942389958,1,1
0,0.7591461143961667,1,1
0,0.16931323538815254,0,0
0,0.1621622909911276,0,0
1,0.8178561798921923,1,1
0,0.30385056703406965,0,0
0,0.37978716124867523,0,0
1,0.8622254021786186,1,1
0,0.40321000581893585,0,0
1,0.495801729402759,0,1
0,0.20456398821471974,0,0
0,0.6194819317127914,1,1
0,0.5837856161938395,1,1
0,0.8902887693707403,1,1
1,0.41359786111760544,0,0
0,0.11735397439382503,0,0
0,0.2941218053148143,0,0
0,0.45185153996475813,0,0
1,0.25149233402224797,0,0
0,0.5231764626564909,1,1
0,0.4015657220153113,0,0
0,0.6843198558998731,1,1
0,0.16965374068734637,0,0
0,0.6805986873727687,1,1
1,0.6004222158825367,1,1
0,0.361530866684742,0,0
1,0.6269431517376922,1,1
1,0.8558197514897254,1,1
0,0.10903579244869897,0,0
0,0.46615212708641546,0,0
0,0.8245445571841624,1,1
0,0.3413756757029835,0,0
0,0.8784107354432787,1,1
0,0.4466627810280684,0,0
1,0.7725271805811261,1,1
0,0.14855171485469196,0,0
0,0.395554619638892,0,0
0,0.6203134160475405,1,1
0,0.6283353607555439,1,1
0,0.13032051186273264,0,0
0,0.7822798825385922,1,1
1,0.2745598221089005,0,0
0,0.5162061260636004,1,1
0,0.12191191208237626,0,0
1,0.5911029217288578,1,1
1,0.6173886305693314,1,1
1,0.45400675287241055,0,0
0,0.4483150672124989,0,0
0,0.21544851208696808,0,0
0,0.44967069685972477,0,0
1,0.7490612155913735,1,1
0,0.6098881041014828,1,1
0,0.8084298674248902,1,1
0,0.13162758172169,0,0
0,0.1821601841502401,0,0
0,0.42662340488217004,0,0
1,0.8860360902390803,1,1
0,0.09469844880982027,0,0
1,0.2872965452115988,0,0
0,0.4823213839181366,0,1
0,0.4396385724425691,0,0
0,0.3082026383008933,0,0
0,0.15849358411980008,0,0
0,0.5315658135008895,1,1
0,0.3012209831620019,0,0
0,0.16267591916947538,0,0
0,0.07791991648567591,0,0
1,0.8503824431159163,1,1
0,0.4616770425822402,0,0
0,0.5021793239302501,1,1
0,0.4027739405199768,0,0
0,0.5014215353656913,1,1
1,0.8616084911208237,1,1
0,0.37332788660289484,0,0
0,0.8432043386262444,1,1
1,0.872131714175479,1,1
0,0.8674111761694919,1,1
0,0.25668576007832716,0,0
0,0.20571686300944864,0,0
0,0.30197411973722627,0,0
0,0.7327042381337205,1,1
0,0.6444528106196412,1,1
1,0.837885829806487,1,1
1,0.9518367122678404,1,1
0,0.2489374760289705,0,0
1,0.11624950841159122,0,0
0,0.4033328927632341,0,0
0,0.12204213716365447,0,0
0,0.6780178404259688,1,1
0,0.664175733561509,1,1
1,0.4390031819748947,0,0
0,0.07691183196178097,0,0
1,0.794624023161508,1,1
0,0.15841707293321564,0,0
0,0.800976309709573,1,1
1,0.29599540236204036,0,0
0,0.3357752664446223,0,0
0,0.3840210240026131,0,0
0,0.24661453589384214,0,0
0,0.11659697226158942,0,0
1,0.7874905263352103,1,1
0,0.753428034366171,1,1
0,0.25170731644709726,0,0
0,0.5781302082973169,1,1
0,0.9047684908585714,1,1
1,0.8801434986328937,1,1
1,0.6328169164178045,1,1
0,0.9184672551673775,1,1
1,0.6011222678248352,1,1
1,0.7628884495127317,1,1
0,0.21007643805603352,0,0
0,0.1439879972690451,0,0
0,0.5135079317335258,1,1
0,0.14194323159864244,0,0
0,0.426483210322364,0,0
1,0.09582760975928724,0,0
1,0.8533218854790482,1,1
1,0.2896509352838698,0,0
0,0.3697867100843042,0,0
0,0.4067951849984579,0,0
1,0.12298232150177522,0,0
0,0.18634085673263281,0,0
0,0.797990859948109,1,1
1,0.9198488694407584,1,1
1,0.9499866705624161,1,1
0,0.35580130710912133,0,0
1,0.9132067271506648,1,1
1,0.5949467873307247,1,1
0,0.36238952527499846,0,0
0,0.4590934117872951,0,0
0,0.4311939729951245,0,0
0,0.12423721895167975,0,0
0,0.4372414399254602,0,0
0,0.1783791311751689,0,0
0,0.12063235866871928,0,0
1,0.6908246583163423,1,1
0,0.40317116709514456,0,0
1,0.37262705714465844,0,0
0,0.21136336553087173,0,0
1,0.6298532444448842,1,1
1,0.2954473041164967,0,0
0,0.38683660559783983,0,0
1,0.21730684756773008,0,0
0,0.8571610487587945,1,1
0,0.4475365514183517,0,0
1,0.3202110880754026,0,0
0,0.5653276792841226,1,1
0,0.3509080908703434,0,0
1,0.7944546252016678,1,1
1,0.3702310441287306,0,0
1,0.22152043793785517,0,0
0,0.08482917275655201,0,0
1,0.9192833029057217,1,1
0,0.2251299365194753,0,0
0,0.5526181350781528,1,1
1,0.542392448509534,1,1
1,0.8846861141370268,1,1
1,0.7673968420839296,1,1
0,0.882391312565192,1,1
0,0.4288224005319534,0,0
0,0.07975113551850434,0,0
0,0.8208677291867714,1,1
1,0.8530484830834734,1,1
1,0.6194380613866878,1,1
1,0.17988760894019573,0,0
1,0.9631967371942904,1,1
1,0.23725423129624676,0,0
1,0.7961358206032563,1,1
1,0.9245368029693635,1,1
1,0.6938996788988855,1,1
1,0.4994680513654338,0,1
0,0.23019133851675938,0,0
0,0.22715486636076815,0,0
0,0.2527404622366075,0,0
1,0.7380023079877883,1,1
0,0.21820772527771787,0,0
0,0.06319167922700497,0,0
0,0.8567925688436537,1,1
1,0.6471484101556739,1,1
0,0.8092215897559413,1,1
1,0.7062489761785257,1,1
0,0.42610376656125737,0,0
0,0.2559320941834904,0,0
0,0.3494416574320708,0,0
1,0.7079335748627297,1,1
0,0.13839851099789563,0,0
0,0.3596526712988191,0,0
1,0.6940215578320583,1,1
1,0.779271134788585,1,1
0,0.2451731935144836,0,0
1,0.5441164784742853,1,1
0,0.20447037580600158,0,0
0,0.07757004161596338,0,0
1,0.9160096275124215,1,1
0,0.05149888904629269,0,0
0,0.18370329569463295,0,0
0,0.11848849187827887,0,0
0,0.22072244352968193,0,0
1,0.883073569048434,1,1
0,0.3229874113713628,0,0
1,0.10140057536626457,0,0
1,0.07976830291121526,0,0
0,0.16784668967308985,0,0
0,0.3097511002212437,0,0
1,0.8884085907013339,1,1
0,0.22545928431806375,0,0
0,0.20791383036802516,0,0
0,0.11331252312156163,0,0
1,0.739179414552847,1,1
0,0.10509107372839031,0,0
0,0.21328495202684872,0,0
1,0.37983660443053324,0,0
1,0.7370003936550898,1,1
1,0.6240593670806038,1,1
1,0.358397472042327,0,0
1,0.6297775257724602,1,1
1,0.9215944166682482,1,1
0,0.3357989492646252,0,0
1,0.5626253204413192,1,1
1,0.5218738408096678,1,1
1,0.7068663719413925,1,1
0,0.06828616954746944,0,0
0,0.18644308847792487,0,0
0,0.1277437287060852,0,0
0,0.08382439061874432,0,0
1,0.7342211846875172,1,1
1,0.8236646703801258,1,1
0,0.6537325884062986,1,1
0,0.7621139749325936,1,1
1,0.7620643793577094,1,1
0,0.15282312012196533,0,0
0,0.8676078264703958,1,1
0,0.6849722660242867,1,1
0,0.17753146943816575,0,0
0,0.2838231562508736,0,0
0,0.42592826432556585,0,0
0,0.18147165788559852,0,0
0,0.8394589850274812,1,1
0,0.06855265835218041,0,0
0,0.2961978282859453,0,0
1,0.46738707200986257,0,0
1,0.9014999647726768,1,1
0,0.11884058681328272,0,0
0,0.4094617788387086,0,0
0,0.6503856099645736,1,1
1,0.36711616648444495,0,0
1,0.49985082589425855,0,1
1,0.3495361411035594,0,0
1,0.9699532988039976,1,1
0,0.35140760111443275,0,0
0,0.19273933025282344,0,0
0,0.08821444422879782,0,0
1,0.583373693448143,1,1
0,0.5352096492291953,1,1
0,0.24855595742160816,0,0
0,0.27486413399252785,0,0
1,0.6298067817447388,1,1
0,0.4726297827428102,0,1
0,0.09381727527664019,0,0
0,0.7128280526335528,1,1
1,0.7340172717022474,1,1
1,0.5119996326652683,1,1
1,0.5053007700659748,1,1
1,0.9697869694333938,1,1
0,0.09985754299555585,0,0
1,0.38018548154269516,0,0
0,0.40852156557541114,0,0
0,0.20586562954176518,0,0
1,0.8538231672852017,1,1
1,0.3482792589337023,0,0
0,0.10103317206551028,0,0
1,0.07986832922249654,0,0
1,0.823335743301542,1,1
1,0.9087887078059457,1,1
0,0.8516841943741811,1,1
0,0.2442513582796543,0,0
0,0.4098110582883784,0,0
0,0.31985512102196295,0,0
0,0.13234697613478852,0,0
0,0.32676465951444256,0,0
0,0.536868598301015,1,1
1,0.7551420845991325,1,1
0,0.7124571462718033,1,1
1,0.5680288435410149,1,1
1,0.5209527815456279,1,1
0,0.3038616069678144,0,0
0,0.11616719079334956,0,0
0,0.1755813699452576,0,0
0,0.5743080269572923,1,1
0,0.09249757750806745,0,0
0,0.39450496037572624,0,0
1,0.5858240009915998,1,1
1,0.3114381933491371,0,0
1,0.7957280509647907,1,1
0,0.48391591527503564,0,1
0,0.24427446249124724,0,0
0,0.06766310356407068,0,0
1,0.9278184100894136,1,1
0,0.0821968044861623,0,0
0,0.2433173907116263,0,0
0,0.40714826273944316,0,0
0,0.09391385479699622,0,0
0,0.7849733475215406,1,1
0,0.07653849955473575,0,0
1,0.4743306999349981,0,1
0,0.815848640437685,1,1
1,0.2807321864977447,0,0
0,0.20863453945095514,0,0
0,0.7459312811048826,1,1
0,0.35430493198577173,0,0
0,0.07811871304217852,0,0
0,0.09058095444580674,0,0
0,0.2980414844776353,0,0
1,0.7257838421222286,1,1
1,0.830395254983119,1,1
1,0.28266249580054736,0,0
1,0.811337972384984,1,1
0,0.2155633352406846,0,0
0,0.07188155692513204,0,0
0,0.5150913834099744,1,1
0,0.2965212879534364,0,0
0,0.3573492870960317,0,0
1,0.5082793205957371,1,1
1,0.800757992999787,1,1
0,0.11754585872013042,0,0
0,0.18598213435249814,0,0
0,0.36997287804577456,0,0
1,0.6273885098899529,1,1
0,0.3681989593698898,0,0
0,0.2405726983959832,0,0
1,0.873279091658755,1,1
1,0.9329065989866328,1,1
1,0.4030716963713027,0,0
1,0.8292857623247987,1,1
0,0.13920384032114652,0,0
0,0.23895341091539157,0,0
1,0.7575213089219699,1,1
1,0.5449094237845377,1,1
0,0.3191957308967698,0,0
1,0.9165120497663886,1,1
0,0.10101001328625595,0,0
0,0.5830344406583482,1,1
0,0.08863986303447638,0,0
1,0.5644936307135875,1,1
0,0.22041961163250923,0,0
1,0.7438200664656636,1,1
1,0.14613270361045438,0,0
1,0.6025018814227122,1,1
1,0.3699685480232025,0,0
1,0.6430210331581966,1,1
1,0.2567076212831212,0,0
1,0.6658108821326848,1,1
1,0.44341164807802014,0,0
1,0.8457327951138156,1,1
0,0.47771093288474464,0,1
0,0.39233020179285855,0,0
0,0.3999703723141305,0,0
1,0.919832434824183,1,1
1,0.46298680141461046,0,0
1,0.3764288663348011,0,0
0,0.23462370451099346,0,0
1,0.7330894511011306,1,1
0,0.5591583056429755,1,1
0,0.41154316110692735,0,0
1,0.728419057217873,1,1
0,0.4906158654514388,0,1
0,0.3133833035238506,0,0
0,0.08426972613408223,0,0
1,0.5389037508143447,1,1
1,0.8789791332622614,1,1
0,0.1786563526690857,0,0
0,0.10668477821942277,0,0
0,0.4102435670830048,0,0
0,0.19573653737739155,0,0
0,0.21304102906250344,0,0
0,0.730884401532872,1,1
1,0.31072482507077187,0,0
1,0.7911268741702167,1,1
0,0.10463120320547054,0,0
0,0.302792363407247,0,0
1,0.6970566679483902,1,1
0,0.3646226283044641,0,0
1,0.9173075500218336,1,1
1,0.8453856440389808,1,1
1,0.8128580626740661,1,1
0,0.20986620400263276,0,0
0,0.5621261712960491,1,1
0,0.5851602141047413,1,1
1,0.21043515108845504,0,0
0,0.7717456207706354,1,1
1,0.17270275598566073,0,0
1,0.4826292596897973,0,1
0,0.417356064863532,0,0
1,0.2046963785734661,0,0
0,0.7242502315400661,1,1
0,0.7215979198633705,1,1
0,0.3113733515278655,0,0
1,0.8397973592656717,1,1
0,0.7922983935365266,1,1
1,0.44001162674656835,0,0
0,0.2009428853280274,0,0
0,0.431356992935024,0,0
0,0.09136129189054067,0,0
0,0.46618757459796073,0,0
1,0.7621877802350371,1,1
1,0.3159955008442181,0,0
0,0.8176021777667308,1,1
0,0.35923214894289374,0,0
0,0.6926821222663616,1,1
0,0.12096812072254404,0,0
0,0.30467721454909696,0,0
0,0.25607970127989904,0,0
0,0.1376903854141969,0,0
1,0.5984021330410245,1,1
1,0.6397778222896187,1,1
1,0.4350416506198176,0,0
0,0.5373290678798803,1,1
0,0.20783709101844308,0,0
1,0.6054826078444299,1,1
0,0.08727926907947903,0,0
1,0.7813994332927521,1,1
0,0.6272964074261788,1,1
0,0.47178160402202113,0,1
1,0.7886399546642887,1,1
0,0.053169076483073424,0,0
1,0.8695997795961892,1,1
0,0.07700637798127413,0,0
1,0.44716870880982756,0,0
0,0.8119415099832499,1,1
0,0.10128427335135408,0,0
1,0.6587428675533961,1,1
0,0.03138462561890131,0,0
0,0.6280970800619294,1,1
0,0.8257862411595228,1,1
0,0.16127794762091804,0,0
0,0.13642086177240328,0,0
0,0.47907813580614905,0,1
0,0.48802927817541475,0,1
1,0.8029966599172054,1,1
1,0.3995832948379235,0,0
0,0.2516744349688277,0,0
1,0.622101405215454,1,1
0,0.4787533216393105,0,1
0,0.36352168727160844,0,0
0,0.19838032508488634,0,0
0,0.4510705273653347,0,0
1,0.4793279810507512,0,1
0,0.09112771847689391,0,0
1,0.5851816732118789,1,1
1,0.8427337577867883,1,1
0,0.08906566210057726,0,0
1,0.7780444405149856,1,1
0,0.1989741962015644,0,0
0,0.3921056702053447,0,0
0,0.6227209539126785,1,1
1,0.8042653144523846,1,1
0,0.3330222356844894,0,0
0,0.05669685951948521,0,0
1,0.8078422628354652,1,1
0,0.2647849909357488,0,0
1,0.6477785401241068,1,1
0,0.6840161487894357,1,1
1,0.11909451151948051,0,0
0,0.7720770120591149,1,1
0,0.4946100449304954,0,1
1,0.6576295201768521,1,1
0,0.6512505451534011,1,1
0,0.147314999105623,0,0
0,0.11504356198167992,0,0
0,0.3087524023565103,0,0
0,0.4603970085098135,0,0
0,0.8134580520063336,1,1
0,0.14186295803119428,0,0
0,0.10106922630471671,0,0
0,0.10220531203560311,0,0
0,0.30360815360043575,0,0
1,0.8849454056657734,1,1
1,0.30685993533715406,0,0
1,0.07816803886143057,0,0
0,0.10590544197458236,0,0
0,0.37705225648314306,0,0
1,0.41575002312224657,0,0
0,0.4575315927498672,0,0
0,0.46364581503024255,0,0
0,0.13349475829729635,0,0
0,0.31500196085375265,0,0
0,0.8238462531403126,1,1
0,0.34530645929886905,0,0
1,0.8413005846387117,1,1
0,0.527088747736724,1,1
0,0.0797550336898683,0,0
1,0.7316893949335416,1,1
1,0.7576845180010295,1,1
0,0.08508978887099977,0,0
0,0.3399539864391729,0,0
0,0.5373386481806512,1,1
0,0.5294693315085277,1,1
1,0.3744964355583327,0,0
0,0.6356234637100256,1,1
0,0.18642768455695735,0,0
1,0.7644011846679465,1,1
1,0.6319175493346112,1,1
0,0.30216768989014864,0,0
1,0.5358859430987591,1,1
0,0.5698244831709385,1,1
0,0.13076306770743373,0,0
1,0.9214227390891088,1,1
0,0.7184687621000784,1,1
0,0.1058052475973827,0,0
0,0.5743924616125806,1,1
0,0.21785618280069183,0,0
0,0.19892263688407122,0,0
0,0.1489519800777368,0,0
0,0.27589980646404844,0,0
0,0.522596649845704,1,1
1,0.6751450393776257,1,1
0,0.36418287434157637,0,0
0,0.6119294858856554,1,1
1,0.7079424263886985,1,1
0,0.6910094477793735,1,1
1,0.2827819096143824,0,0
0,0.036971026363935657,0,0
0,0.07894923981411436,0,0
0,0.29811108780890827,0,0
0,0.19210567935843512,0,0
0,0.6206267904574148,1,1
1,0.5238116055980943,1,1
1,0.700176802729436,1,1
0,0.11232891205664125,0,0
1,0.802316543654458,1,1
0,0.6515315429371205,1,1
0,0.20004498977588087,0,0
0,0.7020370545037744,1,1
1,0.686092700060203,1,1
0,0.4310336309402894,0,0
0,0.7307349883564822,1,1
1,0.6590436115631941,1,1
0,0.22008626602756076,0,0
1,0.4145053273679318,0,0
1,0.5570521254521084,1,1
0,0.2840854393677334,0,0
0,0.6973354710114573,1,1
0,0.15817632350959376,0,0
1,0.5209585773209875,1,1
1,0.7594899863614432,1,1
0,0.3544109533674309,0,0
0,0.07847289068613068,0,0
0,0.06092838703788812,0,0
1,0.5500750186248795,1,1
1,0.6019939491963266,1,1
0,0.6318096252571219,1,1
1,0.8675794028389632,1,1
0,0.7305021695837834,1,1
1,0.5154679812074975,1,1
0,0.35272457324396855,0,0
0,0.447332653928959,0,0
1,0.7877094502611274,1,1
0,0.6273340497311657,1,1
0,0.1100698844883167,0,0
0,0.2605479306146283,0,0
0,0.09969642723199929,0,0
1,0.4925275121304589,0,1
1,0.5710033602430399,1,1
0,0.6330790710974306,1,1
0,0.2594877447754219,0,0
0,0.48495250637685927,0,1
0,0.0869931220834336,0,0
1,0.7285492689128495,1,1
1,0.3416811064462639,0,0
0,0.7598677884670139,1,1
0,0.16362875048788864,0,0
1,0.2866758793027927,0,0
1,0.8417061668549574,1,1
0,0.31920078402496865,0,0
0,0.25504704337623224,0,0
0,0.39126352103253953,0,0
0,0.7797723867145513,1,1
1,0.8181747844031566,1,1
1,0.793840385690092,1,1
1,0.5409087537945071,1,1
0,0.5592404645769868,1,1
0,0.1493593833218006,0,0
1,0.8261163360086408,1,1
0,0.7924981165166464,1,1
1,0.21919837787265006,0,0
0,0.3561612381277489,0,0
0,0.7363373141775066,1,1
1,0.7771093487767471,1,1
0,0.11788946060581626,0,0
0,0.2990466395868129,0,0
0,0.10818839609431374,0,0
0,0.10938156312517465,0,0
0,0.4100238448398472,0,0
0,0.06791001107856745,0,0
1,0.5302812792299876,1,1
0,0.13647653161711082,0,0
1,0.9154305490168528,1,1
0,0.1854698203666154,0,0
1,0.7272334669577203,1,1
0,0.5885848192780099,1,1
0,0.07133549248840375,0,0
1,0.7677647890665702,1,1
0,0.3234435170915922,0,0
0,0.2610406325907644,0,0
1,0.6548703398577963,1,1
1,0.8391517783643969,1,1
0,0.4313679224659614,0,0
1,0.7929368865376791,1,1
1,0.33841370589374725,0,0
0,0.4288334021691558,0,0
0,0.18625560236636232,0,0
1,0.722018064432336,1,1
1,0.785503919361257,1,1
0,0.2967192629885682,0,0
0,0.5717422978067292,1,1
0,0.8124339074630886,1,1
1,0.1649411629997485,0,0
0,0.34190698071705805,0,0
0,0.5376318657014139,1,1
1,0.3155279158393254,0,0
0,0.0817058727700788,0,0
1,0.44837032761846274,0,0
0,0.1326969716940993,0,0
0,0.4079521727266162,0,0
1,0.8143640862752385,1,1
1,0.7237824437872011,1,1
1,0.4975428072129721,0,1
1,0.5643780030041121,1,1
1,0.621046393078494,1,1
0,0.5171658071498763,1,1
0,0.7604987912741095,1,1
0,0.4770181424441059,0,1
0,0.8992750690552983,1,1
0,0.21511259743814581,0,0
0,0.16096088297340802,0,0
0,0.6577264142592307,1,1
1,0.7454484008200195,1,1
0,0.16498277969686848,0,0
0,0.11531612363583423,0,0
1,0.7631848647225977,1,1
0,0.19581833849140065,0,0
0,0.13642939112621463,0,0
0,0.5707102917805116,1,1
0,0.14389867271175105,0,0
0,0.4116849905552835,0,0
0,0.3391432806011955,0,0
0,0.3555065804052911,0,0
0,0.513737340396233,1,1
0,0.6483739627789104,1,1
0,0.27306053860690566,0,0
0,0.6727305057661382,1,1
0,0.09828886714788584,0,0
0,0.06520531449648095,0,0
0,0.32830703430225294,0,0
1,0.7912079728753566,1,1
0,0.6908711763989349,1,1
0,0.09623506933983281,0,0
1,0.11857160512421293,0,0
0,0.6085712497889433,1,1
1,0.8545451796017699,1,1
0,0.19654383965517852,0,0
0,0.6170411450402677,1,1
1,0.6058872804805057,1,1
1,0.3515156960472978,0,0
0,0.3560902150979295,0,0
0,0.5678137516878518,1,1
0,0.24997558252239122,0,0
1,0.6790609575315966,1,1
1,0.6353077576221108,1,1
1,0.45298051251436394,0,0
0,0.14372476508747484,0,0
0,0.3028761114594213,0,0
0,0.4626509363979937,0,0
1,0.8234627658823368,1,1
0,0.18138896819012806,0,0
0,0.45791257013868825,0,0
0,0.4495464579674754,0,0
0,0.10876051830990294,0,0
0,0.8512979882917148,1,1
0,0.25256077115596565,0,0
0,0.19746800156506214,0,0
0,0.33057222961980315,0,0
1,0.7681703593415798,1,1
0,0.6231186145551271,1,1
1,0.320270479846594,0,0
1,0.8697618407695484,1,1
0,0.6336135836441921,1,1
0,0.060703979144092444,0,0
0,0.4316939856915956,0,0
0,0.3859688995780057,0,0
1,0.4592684420115173,0,0
0,0.49637631196308796,0,1
0,0.6374868831534408,1,1
0,0.47615006343180666,0,1
0,0.12276494828768886,0,0
1,0.6800028678312808,1,1
0,0.09103881110624329,0,0
0,0.2706123137917185,0,0
1,0.5819414311512832,1,1
1,0.12308015007367504,0,0
0,0.23366570381346016,0,0
0,0.16360124381703148,0,0
0,0.7894775682411679,1,1
1,0.6330656447515246,1,1
0,0.8224990160835544,1,1
1,0.5062586771251933,1,1
1,0.5926219341539675,1,1
0,0.20607734144236708,0,0
0,0.3704174927196829,0,0
0,0.8470201034750895,1,1
1,0.5991817502402138,1,1
0,0.24620642816023355,0,0
0,0.17211678871922947,0,0
1,0.5126928552408924,1,1
1,0.7707916524173728,1,1
0,0.3732354296924232,0,0
0,0.2730432155791592,0,0
0,0.41357818982553934,0,0
0,0.8046169987598379,1,1
0,0.12909898361458874,0,0
1,0.8993446995701218,1,1
0,0.1273770648146158,0,0
1,0.4169547122189874,0,0
0,0.08580362913298879,0,0
0,0.1713605049721318,0,0
0,0.1403759902686226,0,0
0,0.4679002059753605,0,0
0,0.8791277907486398,1,1
1,0.7277520903411059,1,1
0,0.2558043380565494,0,0
0,0.7500566585796523,1,1
0,0.547375062196663,1,1
1,0.8269335352978333,1,1
0,0.40923888772482975,0,0
0,0.39911185600462745,0,0
0,0.5342798134491905,1,1
0,0.5771063255435613,1,1
1,0.43798442903287105,0,0
0,0.6316062433525905,1,1
1,0.9124031756019569,1,1
1,0.6476997027127182,1,1
0,0.6241673641579487,1,1
1,0.5937236472441073,1,1
0,0.22696472475214743,0,0
1,0.8265706284054825,1,1
0,0.26037630707837783,0,0
0,0.424975843382071,0,0
1,0.7815442119249966,1,1
0,0.34384572014966486,0,0
0,0.12532004599210875,0,0
1,0.6122813405346252,1,1
0,0.609983368240044,1,1
0,0.1628304336830958,0,0
0,0.11317968357824051,0,0
1,0.6395644290424776,1,1
0,0.1385336323743101,0,0
0,0.31073402288283125,0,0
1,0.5137719650090548,1,1
0,0.7091007988271262,1,1
0,0.2955776406500405,0,0
0,0.19636706739727625,0,0
1,0.5530758955785746,1,1
0,0.6436754243192272,1,1
0,0.4646862943640242,0,0
0,0.8509370490598092,1,1
0,0.15482795456769283,0,0
1,0.7900445670599606,1,1
0,0.3695574491560688,0,0
0,0.11878291233740854,0,0
1,0.43308330007338713,0,0
0,0.061111212056869646,0,0
0,0.4323720214892539,0,0
0,0.28233991456050916,0,0
1,0.860887979606088,1,1
0,0.2505176514841261,0,0
0,0.1225185818031357,0,0
0,0.3272476694678619,0,0
0,0.4920815847466328,0,1
1,0.7959652682372044,1,1
0,0.18763248929506027,0,0
0,0.40549046557098534,0,0
1,0.7599020882213094,1,1
1,0.7224079203458063,1,1
0,0.5397573389744779,1,1
0,0.4819665835325466,0,1
1,0.32568424523092593,0,0
0,0.48560651389662685,0,1
1,0.7976882828967614,1,1
1,0.8631752540642785,1,1
0,0.6673539326361969,1,1
0,0.03149609035385808,0,0
1,0.7606618227497259,1,1
1,0.26764701625650056,0,0
0,0.21554933463531606,0,0
1,0.3313695898513655,0,0
0,0.1693464924776025,0,0
0,0.30278902244791206,0,0
0,0.4812027165797921,0,1
1,0.7306788868063635,1,1
0,0.1993001151033515,0,0
0,0.7257581665820046,1,1
0,0.4818994674692642,0,1
0,0.2922124844915627,0,0
1,0.4402749860633561,0,0
1,0.9047237305284701,1,1
1,0.9418543987416877,1,1
0,0.19908113711202632,0,0
0,0.15746811449193956,0,0
0,0.8443275875157542,1,1
0,0.31424884852581136,0,0
0,0.36463772534717287,0,0
1,0.44645811885358083,0,0
1,0.6272512697768766,1,1
0,0.2914389299251052,0,0
0,0.11645769548779712,0,0
0,0.05472807553702677,0,0
0,0.30081642730204333,0,0
1,0.7589696220588156,1,1
0,0.1557523247191273,0,0
0,0.18157184867088338,0,0
0,0.4231799356712307,0,0
1,0.8850494031917071,1,1
0,0.2549111371451662,0,0
1,0.42943898119444995,0,0
0,0.472610605158524,0,1
0,0.06875408797725636,0,0
0,0.4847005814255072,0,1
1,0.7660671170730945,1,1
1,0.7616889191135755,1,1
1,0.5689769973858575,1,1
0,0.8474161669111782,1,1
1,0.5532467222131807,1,1
1,0.7832982554011065,1,1
0,0.2370371280699819,0,0
0,0.1519230454482435,0,0
0,0.5720250645574141,1,1
0,0.2213635273206327,0,0
1,0.5784255383913045,1,1
0,0.24617746414942504,0,0
0,0.1919756679706016,0,0
0,0.9021768999602295,1,1
0,0.181591143760384,0,0
0,0.08204650381759541,0,0
1,0.3304428845382314,0,0
1,0.918625772481189,1,1
1,0.7586989146008375,1,1
0,0.07873433648997312,0,0
0,0.6868579325562484,1,1
0,0.915206519291744,1,1
1,0.7513772514833054,1,1
1,0.867266738160105,1,1
1,0.5963159672098767,1,1
0,0.2775485653303751,0,0
0,0.2468404960790285,0,0
0,0.22820725213163648,0,0
0,0.8736250981284909,1,1
0,0.22839581686104382,0,0
1,0.8678534738491641,1,1
1,0.9150425347844598,1,1
1,0.7717618383116277,1,1
0,0.25200622747547696,0,0
0,0.157832532062561,0,0
0,0.853661774272184,1,1
1,0.441957551839943,0,0
0,0.4478634740655983,0,0
0,0.10520890428248206,0,0
1,0.7086864233490632,1,1
1,0.845606682071235,1,1
0,0.6201252324659671,1,1
1,0.6196799484456391,1,1
0,0.26803389994900395,0,0
0,0.07114001424947965,0,0
0,0.6002362790977518,1,1
0,0.7937468163489667,1,1
0,0.10748594887952427,0,0
1,0.3812052190376365,0,0
0,0.4517941426036759,0,0
1,0.32998788739497376,0,0
0,0.5017463711211528,1,1
0,0.2261638777481731,0,0
0,0.7866796239472428,1,1
1,0.20671646873555885,0,0
0,0.2974676388002684,0,0
0,0.3000422010576996,0,0
0,0.5768985819397042,1,1
1,0.3805678904784339,0,0
1,0.19116416452714108,0,0
0,0.7052061766229315,1,1
0,0.48295582053442887,0,1
1,0.08286149254133078,0,0
1,0.6981786540296105,1,1
0,0.0873590799912864,0,0
0,0.261270236679617,0,0
1,0.9257565892456617,1,1
0,0.19256275003833237,0,0
0,0.2591489543679764,0,0
0,0.5105063171479144,1,1
0,0.34809670986382735,0,0
1,0.5383539976955205,1,1
0,0.6597998234597925,1,1
0,0.5025949168318079,1,1
0,0.9015698794856297,1,1
0,0.09707080808570578,0,0
0,0.305327861739553,0,0
1,0.5580935806298326,1,1
0,0.14365077986127903,0,0
1,0.5264858857086077,1,1
0,0.26020242568919133,0,0
1,0.596437042032956,1,1
0,0.29789877259898906,0,0
0,0.20175347802180882,0,0
1,0.8039318993193645,1,1
1,0.8165601920887363,1,1
1,0.8678439243455767,1,1
0,0.2344103004700927,0,0
0,0.36094580495167444,0,0
0,0.49307515290783926,0,1
0,0.7839045785684737,1,1
1,0.6557459221979055,1,1
1,0.19485874858347976,0,0
1,0.377525755391744,0,0
0,0.16266199743598184,0,0
0,0.16230589839452006,0,0
0,0.25245762405881134,0,0
0,0.28751610165983676,0,0
1,0.9187290690710805,1,1
1,0.6542820184317741,1,1
0,0.31350248673399816,0,0
0,0.15144938734796032,0,0
1,0.9345585782863713,1,1
0,0.7427238466584333,1,1
1,0.3858435762861486,0,0
0,0.06996973729537387,0,0
0,0.22763915835256912,0,0
0,0.2928206392280628,0,0
0,0.13809797653503425,0,0
0,0.33860212481658764,0,0
1,0.8570590190752714,1,1
0,0.14491437937412197,0,0
0,0.15626906363100396,0,0
0,0.35182243316347855,0,0
0,0.8198209521020499,1,1
0,0.7172944758085258,1,1
0,0.7493766894865934,1,1
1,0.6748927878500204,1,1
0,0.4157405691454172,0,0
0,0.1535659988292141,0,0
0,0.6773175157943436,1,1
1,0.3712551848180565,0,0
0,0.35514171527449745,0,0
1,0.7758578857655278,1,1
1,0.5058183221696002,1,1
1,0.7251013388583173,1,1
0,0.7471070035810907,1,1
1,0.8469995811309048,1,1
0,0.6238833961806104,1,1
0,0.14298079267974095,0,0
0,0.2978026233318806,0,0
1,0.5449468716768464,1,1
1,0.7319075319716393,1,1
0,0.6307540259519318,1,1
0,0.42711070374794224,0,0
1,0.7147948760798399,1,1
1,0.4408826165376894,0,0
1,0.3725251047586115,0,0
1,0.8030445534843158,1,1
1,0.3455754891939147,0,0
0,0.18861240441091548,0,0
1,0.8349768328897461,1,1
0,0.47544242696403316,0,1
0,0.32746840358229923,0,0
0,0.2915586137336956,0,0
0,0.11851818881229172,0,0
0,0.26013860785022913,0,0
0,0.3376081360538467,0,0
1,0.7371786572086524,1,1
1,0.7566065642079033,1,1
0,0.3974044226674726,0,0
1,0.6677664073476982,1,1
1,0.49912902669933157,0,1
1,0.5511428581757457,1,1
0,0.1914075648592874,0,0
0,0.12488532835386366,0,0
0,0.2856864996617403,0,0
0,0.3106052205054232,0,0
0,0.2246917382703893,0,0
0,0.43746440517593066,0,0
0,0.39391698794199137,0,0
0,0.5763943894000058,1,1
0,0.7162341035005928,1,1
1,0.8284093092730651,1,1
0,0.48944038196357315,0,1
0,0.07214030770394536,0,0
0,0.42535990633708853,0,0
1,0.5958473693706525,1,1
1,0.5352286168726589,1,1
0,0.4709415251743146,0,1
0,0.07841980593736542,0,0
0,0.6852367413517773,1,1
0,0.2612512992609508,0,0
1,0.6691000487129345,1,1
0,0.10239801126408704,0,0
0,0.14805259407064275,0,0
0,0.7623808776350802,1,1
0,0.751264117532278,1,1
1,0.6907407387544277,1,1
1,0.537229203229961,1,1
1,0.8733140588651985,1,1
1,0.9195217513618018,1,1
1,0.4080577646869764,0,0
0,0.0819609811055508,0,0
1,0.3827259615100049,0,0
1,0.7449169386215557,1,1
0,0.6357661596845825,1,1
0,0.1637815901552622,0,0
0,0.1489519800777368,0,0
1,0.31579924649213176,0,0
0,0.1538096538188381,0,0
0,0.2314828478944458,0,0
0,0.5428097984944437,1,1
0,0.5505529074532994,1,1
1,0.6180271980472454,1,1
1,0.28002400330723226,0,0
0,0.1523515199482425,0,0
1,0.09672696505727262,0,0
0,0.34165909941037,0,0
0,0.13822490319314013,0,0
0,0.19790501486857592,0,0
0,0.4261508025753047,0,0
1,0.7687883197108668,1,1
1,0.7909437418546938,1,1
1,0.920439206104725,1,1
0,0.6979230149256291,1,1
0,0.2182907324018399,0,0
1,0.6849311439607172,1,1
0,0.07671133956403448,0,0
1,0.7641463255632137,1,1
0,0.11359310107775622,0,0
0,0.14962592899219285,0,0
0,0.26883602740884915,0,0
1,0.6985700390931157,1,1
0,0.3563610461641288,0,0
0,0.02969337996423065,0,0
0,0.30248954300273334,0,0
0,0.5872809181223334,1,1
0,0.7082581406176921,1,1
0,0.292365686486498,0,0
1,0.8450028503400516,1,1
0,0.6895014503988753,1,1
1,0.554700070702108,1,1
0,0.1593754261743885,0,0
1,0.9049247739396673,1,1
1,0.4609507708075726,0,0
0,0.25502049511292213,0,0
0,0.5751944893316571,1,1
0,0.23631346643905657,0,0
1,0.6805293915927256,1,1
1,0.9590784831398851,1,1
0,0.5443238319666951,1,1
0,0.7145707739912042,1,1
0,0.565665426589556,1,1
1,0.11271963269918905,0,0
0,0.12112475053956534,0,0
0,0.16502691220142135,0,0
0,0.596566119103047,1,1
1,0.8503270856264512,1,1
1,0.755021985573286,1,1
0,0.20858470297592593,0,0
0,0.2913664365797133,0,0
1,0.7313255139735314,1,1
0,0.4975162363578951,0,1
1,0.8183342572565977,1,1
0,0.5349975573089303,1,1
0,0.2533859589831608,0,0
0,0.10204973086903578,0,0
1,0.7652535958414759,1,1
0,0.5055642208543664,1,1
0,0.8348399558138833,1,1
0,0.7908555310429137,1,1
0,0.18700484268529133,0,0
0,0.47495888309815554,0,1
0,0.29173761497290635,0,0
1,0.5837106695715792,1,1
0,0.14859834582513495,0,0
0,0.4321842776166689,0,0
0,0.6813514135785066,1,1
0,0.20131243395652557,0,0
0,0.5898666087155293,1,1
1,0.6233199580671883,1,1
0,0.48766540822805904,0,1
0,0.3854925713674509,0,0
1,0.7438019724599401,1,1
0,0.28229402720939695,0,0
0,0.5748440648355675,1,1
1,0.2945357009383682,0,0
1,0.9145602384752246,1,1
1,0.8019011082636318,1,1
1,0.6474919101983644,1,1
1,0.07909718601789364,0,0
0,0.3680856653617762,0,0
1,0.24807528197331247,0,0
1,0.8380665144819474,1,1
1,0.5812025231941443,1,1
0,0.19811985622669032,0,0
0,0.35607912027706123,0,0
0,0.8422731192304984,1,1
0,0.25711404705627683,0,0
0,0.2124321965228753,0,0
1,0.4127889248727701,0,0
0,0.6546618650418052,1,1
1,0.16407311665609273,0,0
1,0.537702631061987,1,1
1,0.5730772726357289,1,1
1,0.6668341215137179,1,1
0,0.8805697252450889,1,1
0,0.2604477273775085,0,0
1,0.85942058151144,1,1
0,0.038080139883941495,0,0
0,0.4409251386399809,0,0
1,0.27979987824341007,0,0
0,0.25639933443735263,0,0
0,0.8054843989977263,1,1
0,0.5808343352603841,1,1
1,0.07005728494106307,0,0
0,0.21821006725731495,0,0
0,0.3609357073549535,0,0
1,0.33784336911993496,0,0
0,0.5868369754887052,1,1
0,0.14188337540968737,0,0
1,0.28395220861657033,0,0
1,0.29902551146666495,0,0
0,0.5733608251603517,1,1
0,0.33282136117831834,0,0
0,0.6654367218213747,1,1
0,0.3347951297676035,0,0
0,0.6398509289414767,1,1
0,0.7272299698469649,1,1
1,0.8698034551908821,1,1
0,0.31150717066934824,0,0
0,0.45810628568471357,0,0
0,0.64367728284211,1,1
1,0.7714642430404068,1,1
1,0.84208692702634,1,1
0,0.5373374268324792,1,1
0,0.8120550529506584,1,1
0,0.5252387581720879,1,1
1,0.4071798738978095,0,0
0,0.19866347549942415,0,0
1,0.4970853946136034,0,1
0,0.43729464317905975,0,0
0,0.3265864465426112,0,0
0,0.1417485963681102,0,0
0,0.09121825566735274,0,0
0,0.24940385126957507,0,0
0,0.45634106924063467,0,0
0,0.2692869098645654,0,0
0,0.36240476945673294,0,0
0,0.41449655610384784,0,0
0,0.5275913038944395,1,1
0,0.571372027036977,1,1
0,0.11650554949008697,0,0
1,0.8332193426869331,1,1
0,0.28462965339556495,0,0
0,0.5912653160386246,1,1
0,0.21142907437551395,0,0
1,0.12598119074603073,0,0
0,0.8085135831242543,1,1
0,0.059153104590246496,0,0
1,0.8787764962152205,1,1
1,0.770872190480683,1,1
1,0.8539737018853716,1,1
0,0.2292229180973034,0,0
0,0.817837643592633,1,1
0,0.0828909802097701,0,0
0,0.18437599955086495,0,0
0,0.486504918617864,0,1
0,0.7478514628951146,1,1
0,0.4877450899095384,0,1
0,0.15471058479230396,0,0
1,0.737292288342964,1,1
0,0.6850211415010632,1,1
0,0.436385222313077,0,0
0,0.3546213979367979,0,0
0,0.06869110684559102,0,0
0,0.12131295012151067,0,0
0,0.12809094590210385,0,0
1,0.785472265261907,1,1
1,0.9007626036499597,1,1
0,0.05254341597522291,0,0
0,0.22577493470999463,0,0
0,0.3697683130667183,0,0
1,0.6361490171527066,1,1
0,0.6457208537047112,1,1
0,0.5403191370890081,1,1
0,0.17162842422746444,0,0
1,0.8511239321582789,1,1
1,0.2099579788995818,0,0
0,0.15421246605581393,0,0
1,0.8443075854351414,1,1
1,0.41063829482575365,0,0
0,0.48040012296779333,0,1
0,0.7181103162379927,1,1
0,0.3254132969651676,0,0
1,0.6684547227324322,1,1
0,0.7002642154504126,1,1
1,0.6229805479178654,1,1
1,0.46806235753185205,0,0
0,0.16081356678475034,0,0
1,0.8595563512308848,1,1
1,0.4626797370808063,0,0
1,0.66259444622144,1,1
0,0.10823794268199693,0,0
1,0.4885530234683796,0,1
1,0.8705742359709037,1,1
1,0.7629111171042787,1,1
1,0.8880204417005076,1,1
1,0.741808906116325,1,1
0,0.13329579662985716,0,0
1,0.23854280722664165,0,0
1,0.6246402717467436,1,1
1,0.8064789254509581,1,1
0,0.20346914031137645,0,0
1,0.4203690818260821,0,0
1,0.8961514492663816,1,1
0,0.05753986952171167,0,0
1,0.4244433695126988,0,0
0,0.2983923009410717,0,0
0,0.2058050007336375,0,0
0,0.5597262395741038,1,1
0,0.16074155911227722,0,0
0,0.885906726907923,1,1
1,0.21125117928196036,0,0
0,0.4724434463708155,0,1
1,0.6906387882806675,1,1
0,0.16471912459480673,0,0
0,0.17821412459316485,0,0
0,0.5010051253330835,1,1
0,0.20571793546151074,0,0
1,0.34816100731092503,0,0
1,0.6960226580126128,1,1
0,0.2887738570162107,0,0
0,0.21474268682244446,0,0
0,0.28184812929749453,0,0
0,0.0645507273743689,0,0
1,0.6003153191702347,1,1
0,0.2863853916301171,0,0
1,0.7540882278197224,1,1
1,0.6748752520280777,1,1
1,0.8944575097705854,1,1
0,0.13813122271120862,0,0
0,0.5176745883123752,1,1
0,0.2902754049864272,0,0
0,0.49010654835620376,0,1
0,0.24086745953660088,0,0
1,0.6264343056923897,1,1
1,0.7116973239355243,1,1
1,0.6687110514826299,1,1
1,0.8952258309906933,1,1
0,0.32113501222756075,0,0
0,0.24267872402389734,0,0
0,0.1467677186787955,0,0
0,0.4324333829147666,0,0
1,0.2201487132315505,0,0
0,0.5083512247330989,1,1
0,0.484477053214257,0,1
1,0.4615600618564403,0,0
0,0.09175644931975399,0,0
1,0.6876688920262624,1,1
0,0.10687782210055165,0,0
1,0.27358934702832327,0,0
1,0.3063150421098303,0,0
0,0.3149556310588354,0,0
1,0.35118803900387446,0,0
1,0.13499280069365321,0,0
0,0.6896275460707714,1,1
0,0.5092278058335785,1,1
1,0.8054607419623568,1,1
0,0.11715206221633827,0,0
0,0.8418901800774669,1,1
0,0.19278083703023272,0,0
0,0.6832529315145959,1,1
0,0.4639824137023506,0,0
0,0.2849615620581893,0,0
0,0.5363033548498959,1,1
0,0.39804601596826883,0,0
0,0.5247818328844958,1,1
1,0.7414862315924586,1,1
1,0.298860299974875,0,0
1,0.9306284308873977,1,1
1,0.7463025949919063,1,1
0,0.7620089433402839,1,1
1,0.8559351113670798,1,1
1,0.4280776805924893,0,0
0,0.14642258544620515,0,0
1,0.5771754015617069,1,1
0,0.4202280530380218,0,0
0,0.07106829052589786,0,0
1,0.2277657086647717,0,0
1,0.6524712020194472,1,1
1,0.45885776428312547,0,0
0,0.1508130034756308,0,0
1,0.8069803837137628,1,1
1,0.7043503192295029,1,1
0,0.7996000067508253,1,1
1,0.838443161177009,1,1
1,0.34755361297451676,0,0
0,0.40397328889624085,0,0
0,0.598879740980707,1,1
0,0.3368673837456656,0,0
0,0.5473423285676876,1,1
1,0.8198250762678553,1,1
0,0.22932656680528174,0,0
1,0.8791517120014796,1,1
0,0.3083813157744588,0,0
0,0.33073577841427637,0,0
1,0.3150478202450453,0,0
0,0.3032901970215541,0,0
1,0.67775466552732,1,1
1,0.5494639038877548,1,1
0,0.7595092843502395,1,1
1,0.6064270784358151,1,1
0,0.20134155108480864,0,0
1,0.9286777673354359,1,1
0,0.50605404765121,1,1
1,0.39182131415081206,0,0
0,0.20060744146720194,0,0
1,0.6578308266094642,1,1
1,0.7048785157108244,1,1
0,0.12617945789987567,0,0
0,0.40289074164723715,0,0
0,0.16333157788871536,0,0
0,0.3856462029866148,0,0
0,0.24103700075152798,0,0
0,0.29172273034230134,0,0
1,0.7016223093608477,1,1
0,0.26917312993723014,0,0
1,0.8103127530980683,1,1
0,0.26581326761843915,0,0
0,0.6998785072861858,1,1
0,0.5415852176102864,1,1
0,0.32688111315456186,0,0
1,0.20227989485710188,0,0
1,0.9310984703108409,1,1
1,0.48083136160888784,0,1
1,0.42675182895732416,0,0
0,0.307190528044113,0,0
0,0.11535316110318768,0,0
0,0.8769142594189748,1,1
1,0.8333917387397138,1,1
0,0.2185802178944821,0,0
1,0.8635068398392114,1,1
0,0.3653302398063018,0,0
0,0.4398673068574649,0,0
0,0.3460813363354601,0,0
0,0.7485225419738644,1,1
1,0.4989679996489093,0,1
0,0.13979979221675842,0,0
0,0.08876187775362511,0,0
1,0.4923093528149205,0,1
1,0.4654643200156691,0,0
0,0.41813186528946855,0,0
1,0.8194030812044841,1,1
0,0.127831981648983,0,0
0,0.4318649624167376,0,0
0,0.6838227361971561,1,1
0,0.13431284861644766,0,0
0,0.796174464365824,1,1
0,0.35111355633456354,0,0
0,0.5037964793051194,1,1
0,0.45476697121097676,0,0
0,0.24312610521499217,0,0
1,0.9236374625378593,1,1
0,0.5618268288238072,1,1
0,0.5820965191373251,1,1
0,0.6566172575984116,1,1
1,0.8609838717351981,1,1
0,0.4615109091042387,0,0
1,0.4048070750490295,0,0
1,0.5161295461929445,1,1
0,0.388634654574223,0,0
0,0.685379952031741,1,1
0,0.8580750765705393,1,1
0,0.4739479551829757,0,1
1,0.6848764737781994,1,1
1,0.30492187902671836,0,0
0,0.04592352980676022,0,0
1,0.7533823334221988,1,1
1,0.8631003283000872,1,1
1,0.8745669343204266,1,1
0,0.16580655277385806,0,0
1,0.45417706002183406,0,0
1,0.3426122203855516,0,0
0,0.44848957706009973,0,0
0,0.5279305766995711,1,1
1,0.21073384578018897,0,0
0,0.3843123304523489,0,0
0,0.6419469724835398,1,1
1,0.7148538628956578,1,1
1,0.9186794748860314,1,1
0,0.20338520402710927,0,0
0,0.2084786375593689,0,0
1,0.25145858512222435,0,0
0,0.7596325952142946,1,1
0,0.22219970445901632,0,0
0,0.6353625299604815,1,1
0,0.06721368208095381,0,0
0,0.5201194736189535,1,1
0,0.7608376914109852,1,1
1,0.3415085103641065,0,0
0,0.15104404550718634,0,0
0,0.1462534652900417,0,0
0,0.16163378266631995,0,0
0,0.5672880865371382,1,1
0,0.17816918488199798,0,0
0,0.6160075512592784,1,1
1,0.27441175546275054,0,0
0,0.4694685680523286,0,0
0,0.17553229730996572,0,0
0,0.07400584931342045,0,0
0,0.20638568501850332,0,0
0,0.15519233964817547,0,0
1,0.36191843816913244,0,0
1,0.8650680686064829,1,1
1,0.3505154625297769,0,0
0,0.12379314416471268,0,0
0,0.6988419237144609,1,1
0,0.229906377604299,0,0
1,0.5741301117941672,1,1
0,0.8481546264843877,1,1
0,0.12642176130567057,0,0
0,0.8231877796144159,1,1
0,0.10837096580483056,0,0
1,0.5593780786430324,1,1
1,0.6555636218908643,1,1
1,0.6919626414296789,1,1
0,0.3844223782491748,0,0
0,0.36134061429106096,0,0
0,0.10808578885565019,0,0
1,0.46546719486663546,0,0
0,0.5036660111329545,1,1
0,0.392486897728377,0,0
1,0.8213693939308309,1,1
0,0.2587108958722058,0,0
0,0.1959491552589788,0,0
0,0.2497293306545436,0,0
0,0.4713096870479858,0,1
1,0.9095503465934657,1,1
1,0.6103415990081765,1,1
0,0.7750796499762204,1,1
0,0.355668310369719,0,0
0,0.28536975038879003,0,0
1,0.8223667376929108,1,1
1,0.8724970815513036,1,1
1,0.35951418117733885,0,0
1,0.7848005510239647,1,1
0,0.069572466429567,0,0
0,0.33493898045695447,0,0
1,0.2306316234788661,0,0
0,0.25272447644347745,0,0
0,0.440070612161121,0,0
1,0.8031227713694676,1,1
1,0.5877331461288392,1,1
0,0.3751007150648341,0,0
0,0.40113079342532837,0,0
1,0.41985312386039475,0,0
0,0.45816363697936163,0,0
1,0.9327963746806116,1,1
1,0.4870587093541368,0,1
0,0.17116976545884285,0,0
1,0.6907066418102829,1,1
0,0.40052463723916254,0,0
1,0.7231009553403539,1,1
0,0.39794828781585784,0,0
1,0.6642355385571056,1,1
1,0.1492669275385156,0,0
0,0.10833540555116486,0,0
0,0.27344656325235056,0,0
0,0.1639286799161263,0,0
1,0.8084056830776775,1,1
0,0.14626203676680835,0,0
1,0.5071239686570505,1,1
0,0.3097628997759285,0,0
1,0.8897262883867028,1,1
0,0.5929035022002626,1,1
0,0.7774987511248174,1,1
1,0.2972173874567356,0,0
0,0.14237819809564534,0,0
0,0.6827800293669816,1,1
0,0.7683458284549013,1,1
0,0.3559108592765512,0,0
0,0.14269247953338018,0,0
1,0.8686415668078703,1,1
1,0.8497769046173321,1,1
0,0.30860251359401264,0,0
0,0.5074891320489929,1,1
0,0.647082161201661,1,1
0,0.044066351163795994,0,0
1,0.6787902832574753,1,1
0,0.2276006499932408,0,0
1,0.7556253230323651,1,1
1,0.48764834348064334,0,1
0,0.1737457335724163,0,0
1,0.2297342406911492,0,0
1,0.5186098366466556,1,1
0,0.19879643319585347,0,0
1,0.8026651288595688,1,1
1,0.773336910467406,1,1
0,0.20287047606761968,0,0
1,0.4670783969161348,0,0
1,0.2716056903020107,0,0
1,0.7573568779264664,1,1
1,0.4286130539681295,0,0
1,0.7797415519784767,1,1
0,0.6376846146735164,1,1
0,0.19636391488392804,0,0
0,0.17889656981312663,0,0
1,0.8344329359448458,1,1
0,0.06717217551251825,0,0
0,0.13800210181520492,0,0
0,0.11324990857775347,0,0
0,0.3599340881084013,0,0
0,0.1750793909073872,0,0
0,0.5324882326141734,1,1
0,0.885034645252211,1,1
0,0.06242527647882832,0,0
0,0.3545701478988545,0,0
1,0.5635812443698806,1,1
1,0.8465315251617,1,1
0,0.09958795641058214,0,0
0,0.49567423536169675,0,1
0,0.8045186590755142,1,1
0,0.38575989890822504,0,0
1,0.9376581743553141,1,1
0,0.09462292464298358,0,0
0,0.22195749094288397,0,0
0,0.7796284647704066,1,1
0,0.16037059278193677,0,0
1,0.5935405370225586,1,1
0,0.6335598457235189,1,1
0,0.3637414186903035,0,0
0,0.2759055929365044,0,0
0,0.20644671113229449,0,0
0,0.236465423220389,0,0
0,0.13724172769190518,0,0
1,0.15882887664884993,0,0
1,0.4352469368823707,0,0
0,0.4690480580404594,0,0
0,0.3529773013993758,0,0
0,0.12515469649881159,0,0
1,0.10362580154635037,0,0
0,0.20341244687087043,0,0
0,0.5091015509528535,1,1
1,0.7999252503822235,1,1
1,0.2655472578289757,0,0
0,0.45047380668623843,0,0
1,0.8381890435014192,1,1
1,0.8044137218218562,1,1
1,0.5776816152144965,1,1
0,0.07256170216326346,0,0
0,0.046219698222193066,0,0
0,0.1825258416923766,0,0
0,0.15416462844283219,0,0
0,0.1827094377580497,0,0
0,0.15185424231024844,0,0
0,0.17380451334231625,0,0
0,0.6729262675943255,1,1
1,0.6496627035484019,1,1
0,0.2447474399312231,0,0
0,0.08425191663410052,0,0
1,0.47127442711686374,0,1
0,0.7081847722447863,1,1
1,0.4365975738197644,0,0
0,0.8469954101706096,1,1
1,0.9094192270575416,1,1
1,0.2283588623573312,0,0
1,0.7158119348066623,1,1
0,0.07764133597391959,0,0
0,0.15429894382367576,0,0
1,0.6736141495629534,1,1
1,0.21540760402986234,0,0
1,0.6817847618276798,1,1
0,0.39942371269681726,0,0
0,0.7124179686977302,1,1
0,0.37838849638857047,0,0
0,0.1432155951160505,0,0
0,0.8727326729389719,1,1
0,0.13988442202779075,0,0
0,0.2668873790032432,0,0
1,0.6586575992297493,1,1
0,0.33179501927857635,0,0
0,0.4815882599230801,0,1
1,0.7347068643466135,1,1
0,0.16278225092714466,0,0
0,0.3911933173211784,0,0
0,0.6770440119496917,1,1
1,0.9191906160552886,1,1
0,0.34271773448234316,0,0
0,0.4485580819439595,0,0
0,0.1996442730704761,0,0
1,0.7231517803665835,1,1
0,0.3980645773629592,0,0
0,0.414429561792751,0,0
0,0.40470939749229845,0,0
0,0.31362285356199227,0,0
0,0.6248636952141703,1,1
1,0.3836157684848287,0,0
0,0.31101918626588015,0,0
0,0.6460144199606397,1,1
0,0.4321747233287079,0,0
0,0.2060306969840903,0,0
0,0.15687578298855495,0,0
0,0.25072362070137305,0,0
0,0.12081180803423598,0,0
1,0.5556018586485056,1,1
0,0.7488029293260778,1,1
0,0.14188829674545766,0,0
0,0.6565630192326977,1,1
1,0.5305739948615046,1,1
1,0.8448028584966558,1,1
0,0.16009729583342014,0,0
0,0.6059757931742465,1,1
1,0.6872832056014624,1,1
0,0.3345761224302296,0,0
0,0.27928995590752503,0,0
0,0.11920796918643028,0,0
0,0.35067664904835655,0,0
0,0.07675339232208611,0,0
0,0.42015696374022743,0,0
0,0.3305831372712871,0,0
0,0.5776866541102929,1,1
0,0.4108301428175718,0,0
1,0.650679694120381,1,1
0,0.16776609451231897,0,0
0,0.21102295684589256,0,0
0,0.7711998728919938,1,1
0,0.21263873502823677,0,0
0,0.20597324596953853,0,0
1,0.6976395143916013,1,1
0,0.49233956148276564,0,1
0,0.13738355438312516,0,0
0,0.8029220020451538,1,1
0,0.38836294208079797,0,0
1,0.6584634348699652,1,1
0,0.08245231017073586,0,0
1,0.684679858174007,1,1
0,0.1284147379266887,0,0
0,0.2992460274364794,0,0
1,0.8405774037308414,1,1
0,0.0821884715956183,0,0
1,0.49268977791292035,0,1
0,0.5739696227623879,1,1
0,0.5857279131575439,1,1
0,0.7373324870589184,1,1
1,0.6754968592423961,1,1
0,0.13316960438185488,0,0
0,0.685855178954327,1,1
0,0.4764948469681919,0,1
0,0.4260453088666452,0,0
0,0.32188477602203003,0,0
0,0.4805599933904697,0,1
0,0.15563958003085246,0,0
0,0.3244001286032125,0,0
1,0.8952092840650617,1,1
1,0.3028535021783299,0,0
0,0.5299936523676333,1,1
0,0.5617779982424871,1,1
1,0.5364440822346741,1,1
1,0.44865662302021597,0,0
1,0.7389004295521435,1,1
0,0.3286935264805238,0,0
0,0.600542567606034,1,1
0,0.3941293339916108,0,0
1,0.5553195720426511,1,1
0,0.47515090239145935,0,1
1,0.862495046933804,1,1
0,0.1415149144014322,0,0
0,0.8529612065965552,1,1
0,0.5302593921231888,1,1
0,0.10313939879535548,0,0
0,0.7575794608817618,1,1
0,0.4774717482753438,0,1
0,0.0565744949580472,0,0
0,0.26852793864568425,0,0
0,0.2692523248271709,0,0
0,0.06892653511220256,0,0
0,0.17358586156847594,0,0
1,0.2143830272935344,0,0
1,0.5667069526868368,1,1
0,0.6065978908925844,1,1
0,0.9129895697853697,1,1
0,0.08296209585288172,0,0
0,0.36830017647666446,0,0
0,0.13712392035332,0,0
0,0.08318087442038252,0,0
0,0.40848549624319025,0,0
1,0.22958652576261515,0,0
1,0.8718376206424562,1,1
1,0.7042378949795218,1,1
0,0.2141198334394722,0,0
0,0.3056118826332409,0,0
1,0.7614010005031088,1,1
0,0.27459578126219525,0,0
1,0.5922916299506246,1,1
0,0.3588009915585912,0,0
0,0.14444168889333742,0,0
1,0.3556174765537926,0,0
0,0.7060446667549661,1,1
0,0.4641735500073996,0,0
1,0.8454976529306278,1,1
0,0.43428810306044885,0,0
1,0.6884600131968529,1,1
0,0.18421633835598653,0,0
1,0.37200095019636215,0,0
0,0.08727104039470748,0,0
0,0.46693439246637564,0,0
0,0.28234237215040997,0,0
0,0.30432065846475814,0,0
1,0.8089833868037277,1,1
0,0.5271275374204155,1,1
0,0.6310668051747808,1,1
0,0.24988952754579447,0,0
1,0.6570797513214578,1,1
0,0.3832873191881579,0,0
0,0.21584533630454195,0,0
1,0.5826677550070759,1,1
1,0.9085928386933085,1,1
0,0.1121291405632397,0,0
0,0.550255147714675,1,1
1,0.956015581570837,1,1
0,0.09055067181599111,0,0
0,0.43296886634480547,0,0
1,0.7523782686956301,1,1
1,0.9295416666860158,1,1
0,0.6122800522229301,1,1
0,0.12931869487192146,0,0
0,0.33417588470413684,0,0
0,0.6573318498461083,1,1
1,0.6106374392712169,1,1
1,0.8526335558300996,1,1
0,0.5226019049839755,1,1
0,0.12332080670627649,0,0
0,0.3727852993812279,0,0
1,0.34161952377864385,0,0
1,0.8942800648055023,1,1
0,0.21799892841141258,0,0
0,0.2208955865022356,0,0
0,0.35765909098589044,0,0
0,0.2359319730449156,0,0
0,0.4194325659204076,0,0
1,0.2617898259722595,0,0
1,0.9142001527912529,1,1
0,0.24572920188076858,0,0
1,0.3376922137165554,0,0
0,0.11000825139359027,0,0
0,0.2843538640372195,0,0
0,0.17127102131625016,0,0
0,0.5183588851473755,1,1
0,0.22088988036364787,0,0
0,0.04432319105824386,0,0
0,0.553637689363912,1,1
0,0.5209515485015281,1,1
0,0.36912610007763125,0,0
0,0.1795959349623914,0,0
1,0.32054507299335544,0,0
1,0.7548940001548398,1,1
0,0.6354508385700505,1,1
0,0.8011677782611691,1,1
1,0.8500382129778533,1,1
0,0.09785343522966322,0,0
0,0.36665296289048804,0,0
0,0.1500941637399802,0,0
1,0.4590307443081184,0,0
0,0.8262637765980224,1,1
0,0.5193968848616328,1,1
0,0.4617310587962339,0,0
0,0.15048664330695333,0,0
0,0.09940124069400885,0,0
1,0.5828307967672722,1,1
1,0.6770786081321643,1,1
0,0.4610252919708416,0,0
0,0.4215387173166212,0,0
1,0.7711211910556119,1,1
0,0.32676740487737144,0,0
0,0.24472281555905784,0,0
0,0.4405402083847697,0,0
0,0.37819424157159265,0,0
0,0.4947920847085356,0,1
0,0.21823941186400228,0,0
1,0.14221109655846775,0,0
1,0.9148391751461343,1,1
0,0.34939914170522124,0,0
0,0.048087113125776154,0,0
1,0.5458957333447998,1,1
1,0.7252263866076998,1,1
0,0.4495271937720517,0,0
0,0.36143327106441225,0,0
1,0.7584594478468374,1,1
0,0.8251509982222512,1,1
1,0.4767437402252332,0,1
0,0.232883574348317,0,0
0,0.7582922921567349,1,1
1,0.35469546375421807,0,0
1,0.48894778579939885,0,1
1,0.9106475207325648,1,1
1,0.8722691293138516,1,1
0,0.06625384437984996,0,0
0,0.2245454808528026,0,0
0,0.22058709726603726,0,0
0,0.4440530417512634,0,0
0,0.24933469716145673,0,0
0,0.09330141234109555,0,0
0,0.15845788388985402,0,0
1,0.8967673167550991,1,1
0,0.7149858319529527,1,1
0,0.12302064593075589,0,0
1,0.2766018884375302,0,0
0,0.11663914362276928,0,0
1,0.42948079062014083,0,0
0,0.3413451170152073,0,0
1,0.4764796370941716,0,1
1,0.6786355584370432,1,1
1,0.3832692262534978,0,0
1,0.3879938171840135,0,0
0,0.6771490300288489,1,1
0,0.11785501727712368,0,0
1,0.2900738036380763,0,0
1,0.6655109331909569,1,1
0,0.18368667265195238,0,0
1,0.6160490380273301,1,1
0,0.3993928932325617,0,0
0,0.31673729476105444,0,0
0,0.0715945217491485,0,0
0,0.5908067953015917,1,1
1,0.7587594212234163,1,1
1,0.6419692250049885,1,1
0,0.21804671469010398,0,0
0,0.3113407615686524,0,0
0,0.1558975791987089,0,0
0,0.49655928282205947,0,1
0,0.48128381434167383,0,1
0,0.14050331015415263,0,0
0,0.1009974418167337,0,0
1,0.8078478904963443,1,1
0,0.048718391789816164,0,0
1,0.8384597525800432,1,1
0,0.46804097801145367,0,0
0,0.86595790372979,1,1
0,0.43599245127159264,0,0
0,0.41455879089077247,0,0
0,0.6237534710491489,1,1
0,0.18402342036329505,0,0
0,0.5003654776464729,1,1
0,0.544896968358348,1,1
0,0.1427348252334549,0,0
0,0.09966098292572591,0,0
1,0.8419934785407857,1,1
0,0.1200771675627941,0,0
0,0.21085736739948344,0,0
0,0.21272482708574883,0,0
0,0.32304730275978594,0,0
1,0.8253374653723587,1,1
0,0.2708466965312431,0,0
0,0.05290895148621575,0,0
0,0.13546228731458287,0,0
1,0.19125297115218234,0,0
1,0.515836243441152,1,1
0,0.22966327855647858,0,0
0,0.20418615959541137,0,0
1,0.2414611450958468,0,0
0,0.6070942909296426,1,1
0,0.7628304447238778,1,1
0,0.25973928326673557,0,0
1,0.9175743131444536,1,1
1,0.6757240842927,1,1
1,0.6887070189610142,1,1
1,0.6886019626636646,1,1
0,0.07216187896644458,0,0
1,0.8085018952957564,1,1
0,0.13744960621680946,0,0
1,0.7196213648467397,1,1
0,0.1786813825614002,0,0
0,0.7384075146246734,1,1
1,0.8436460144533782,1,1
0,0.3638386369391054,0,0
1,0.4525761039373641,0,0
0,0.8703564107956314,1,1
0,0.8580846622871587,1,1
0,0.37709885992005865,0,0
1,0.13600868907951463,0,0
0,0.5012431369619563,1,1
0,0.14051059016597664,0,0
1,0.6944932513661314,1,1
0,0.22066370230283866,0,0
1,0.8404246766836686,1,1
0,0.832126287566529,1,1
0,0.5053741430822107,1,1
0,0.0803169531098118,0,0
0,0.6765195596464659,1,1
0,0.08871040475618372,0,0
1,0.9171669242959268,1,1
0,0.17866664801275742,0,0
1,0.49882746191982985,0,1
0,0.08101907236872978,0,0
0,0.2518246571526044,0,0
0,0.3888343969706125,0,0
0,0.5252405974969051,1,1
0,0.2986753951558278,0,0
1,0.8332563055068674,1,1
0,0.6105716269569678,1,1
0,0.33605873778217443,0,0
1,0.8691292424637342,1,1
1,0.7832002698920364,1,1
0,0.152884869569033,0,0
0,0.5203099096715106,1,1
1,0.7639784040135819,1,1
0,0.6171395482959461,1,1
0,0.2585630217268496,0,0
0,0.3388011360548896,0,0
0,0.25727666084219625,0,0
0,0.47675288950621736,0,1
0,0.6291908106532494,1,1
1,0.8856916645569674,1,1
1,0.7699085413063731,1,1
0,0.9382704090084054,1,1
1,0.8936083255663405,1,1
1,0.4896372223055369,0,1
0,0.1823065318743293,0,0
0,0.4969843467968177,0,1
1,0.2691129641268963,0,0
1,0.3387960455635189,0,0
1,0.3896667952435657,0,0
0,0.07442534752420057,0,0
1,0.9140866250911279,1,1
1,0.21661677618880615,0,0
1,0.7154884212721567,1,1
1,0.6431582719071687,1,1
0,0.1135187889713513,0,0
0,0.6772270922513297,1,1
0,0.3636166094629264,0,0
1,0.5289274614216993,1,1
0,0.530612654773621,1,1
0,0.3641790785487384,0,0
0,0.1300927606380907,0,0
0,0.12505732884214896,0,0
0,0.29312490971499,0,0
1,0.8355704244722005,1,1
1,0.617866344046117,1,1
1,0.18168526709142518,0,0
0,0.7073712292601905,1,1
0,0.5628758130407804,1,1
1,0.3929873932626267,0,0
0,0.16315285635044374,0,0
0,0.40530901688296117,0,0
0,0.3141724507402922,0,0
0,0.5687009158060102,1,1
1,0.5130417286445459,1,1
1,0.928011859721346,1,1
1,0.6820953282554592,1,1
0,0.25548174879655305,0,0
0,0.4805172687246477,0,1
1,0.4560996413595318,0,0
1,0.7268188722732012,1,1
0,0.8258765821493507,1,1
0,0.9407216225611897,1,1
0,0.32592849502885285,0,0
0,0.38276798645314014,0,0
0,0.13313107965337606,0,0
1,0.5747767997343669,1,1
0,0.09580778500948679,0,0
0,0.3697584749126503,0,0
0,0.17162842422746444,0,0
1,0.8623638831367377,1,1
1,0.7244577074050825,1,1
1,0.8429818909264873,1,1
1,0.7540398339630985,1,1
0,0.1095437797755171,0,0
1,0.3971428768611897,0,0
1,0.5032756648338647,1,1
1,0.8866036648635857,1,1
0,0.5120340224159828,1,1
0,0.24920251974058644,0,0
0,0.07712241108278184,0,0
0,0.4828818882385093,0,1
0,0.1109702350052145,0,0
0,0.07167636005789495,0,0
0,0.14458955533410472,0,0
0,0.20581819198794257,0,0
0,0.4034434721052094,0,0
0,0.35755654327350506,0,0
0,0.0921824369620686,0,0
0,0.34699345028716544,0,0
0,0.6672230051034904,1,1
0,0.11111169420186096,0,0
0,0.5242536531970735,1,1
0,0.2793748083190442,0,0
1,0.6902507219827901,1,1
0,0.5062102843827271,1,1
0,0.6423448123000646,1,1
1,0.9202409489256431,1,1
1,0.5206454222574611,1,1
0,0.31202079941438426,0,0
0,0.28647043448023984,0,0
0,0.36180851280689763,0,0
0,0.23273413912827778,0,0
0,0.15807100529461457,0,0
1,0.3719056052147488,0,0
0,0.26742876780164004,0,0
0,0.414871257543637,0,0
0,0.12430410370911482,0,0
0,0.1683736538972516,0,0
0,0.24244321629039914,0,0
0,0.07983972012307208,0,0
0,0.190111867739284,0,0
0,0.18950277458197815,0,0
0,0.5057617944879815,1,1
0,0.21965274646617228,0,0
0,0.5042246553648083,1,1
1,0.8923023652471984,1,1
1,0.7283413608938634,1,1
0,0.3553341924019089,0,0
0,0.6158930274134301,1,1
0,0.31113930340006957,0,0
1,0.22719377753135503,0,0
0,0.5679834172991574,1,1
0,0.08147666574158216,0,0
1,0.5268422317963578,1,1
0,0.32004854476303907,0,0
0,0.09417479801685551,0,0
0,0.2728425601676147,0,0
0,0.3069288771092157,0,0
0,0.1984534121916418,0,0
1,0.8385924023984858,1,1
0,0.8752535340181463,1,1
0,0.46683057642639675,0,0
0,0.2990114372652946,0,0
0,0.8663796935312702,1,1
1,0.0825585028747721,0,0
0,0.08644711800620279,0,0
1,0.6368910685930679,1,1
0,0.11868079053025926,0,0
0,0.4615869855157237,0,0
0,0.19734839179196811,0,0
1,0.4184071072039916,0,0
0,0.5063352760063639,1,1
1,0.6519195523186908,1,1
0,0.15569420443280857,0,0
1,0.8118539223949207,1,1
0,0.1285307638713463,0,0
0,0.1101845737354061,0,0
0,0.7917396690302536,1,1
1,0.7612955663380995,1,1
0,0.09609323948754195,0,0
1,0.9271542629863505,1,1
0,0.3923845950344638,0,0
1,0.8191200514000159,1,1
0,0.6064027282616262,1,1
1,0.8574829438735712,1,1
0,0.1278486132850982,0,0
0,0.11832040538265846,0,0
0,0.5889598078781706,1,1
1,0.29106903891339647,0,0
0,0.46972279883719215,0,0
0,0.3451823816149299,0,0
0,0.4369553611119201,0,0
1,0.20485385422081662,0,0
0,0.1178216255699283,0,0
1,0.8759188839212814,1,1
0,0.3502345614788816,0,0
0,0.28537140295384944,0,0
0,0.1506940217413944,0,0
1,0.7258591415233672,1,1
0,0.5450007648912033,1,1
1,0.6018123845973947,1,1
0,0.5450773665084524,1,1
1,0.6383810370212527,1,1
1,0.2652889842766635,0,0
1,0.8106968466381633,1,1
0,0.12223943841004492,0,0
1,0.4850734723305426,0,1
0,0.2507534118864764,0,0
0,0.4419557398465328,0,0
0,0.5347603996991659,1,1
0,0.8303176333660353,1,1
0,0.10922270412631556,0,0
1,0.8936557204337554,1,1
0,0.39941027422840547,0,0
0,0.6486581772335422,1,1
1,0.6532941681664574,1,1
1,0.10975410202939634,0,0
0,0.7110486533380281,1,1
0,0.1300155718952629,0,0
0,0.3268003522829781,0,0
0,0.37944637342841686,0,0
0,0.08711477230087686,0,0
0,0.5329968266399221,1,1
0,0.1295418328244516,0,0
1,0.08492730310324967,0,0
0,0.8186342607388494,1,1
0,0.38995224001331863,0,0
0,0.5528272357104868,1,1
0,0.70699948277125,1,1
0,0.11045724685939386,0,0
1,0.7950588174968501,1,1
1,0.9316714725802064,1,1
0,0.9293164995304767,1,1
0,0.32102296767676763,0,0
0,0.43972160296426704,0,0
0,0.780233723127167,1,1
0,0.3097533957570899,0,0
0,0.5969700041911902,1,1
0,0.17833325034613215,0,0
1,0.6177821350353917,1,1
0,0.5068547904583979,1,1
0,0.4019943666746017,0,0
0,0.2830057031796669,0,0
0,0.16010730093175335,0,0
1,0.8053476133641401,1,1
0,0.760526652713716,1,1
0,0.27419626733332414,0,0
1,0.7451411202720285,1,1
0,0.4265233460535869,0,0
1,0.7839534208759446,1,1
0,0.24571160034654596,0,0
0,0.35966249761553726,0,0
0,0.5800964412221242,1,1
0,0.31347120773036685,0,0
0,0.6443733470423888,1,1
0,0.14625892180701847,0,0
0,0.06620360485604705,0,0
0,0.10872222697983952,0,0
1,0.8178388761295481,1,1
1,0.7801778302595748,1,1
0,0.10958019008938859,0,0
0,0.09130812355450106,0,0
1,0.6784271743954368,1,1
1,0.5717329454748404,1,1
0,0.07539728515114552,0,0
0,0.19627817388122082,0,0
0,0.17904822206487878,0,0
1,0.4153109559983909,0,0
0,0.33078105265217783,0,0
1,0.478598848602919,0,1
0,0.2063038326193975,0,0
0,0.5604226972830155,1,1
0,0.18577470237326882,0,0
0,0.0644700676686445,0,0
0,0.330746781372323,0,0
0,0.14504903741668737,0,0
0,0.6314914645210361,1,1
0,0.6041584712200105,1,1
1,0.3047597301939153,0,0
0,0.08995194353863506,0,0
0,0.5320288652670007,1,1
0,0.0459763929986302,0,0
0,0.48083789691150075,0,1
0,0.2192307710650845,0,0
0,0.12517009828007605,0,0
0,0.30568891806026993,0,0
0,0.30952000434569293,0,0
0,0.12883370561963303,0,0
1,0.4146650886143884,0,0
0,0.867275398487091,1,1
0,0.08429912225138024,0,0
0,0.1376452368498212,0,0
0,0.8051826501919742,1,1
1,0.23649049270633068,0,0
0,0.7785431774157919,1,1
0,0.09619744503691974,0,0
1,0.32004117472918325,0,0
0,0.3883259936099747,0,0
1,0.7931094206311988,1,1
1,0.9194978790733324,1,1
1,0.35140228738968377,0,0
0,0.09623217668109656,0,0
1,0.8652120138277347,1,1
1,0.751431217123443,1,1
1,0.8639558775879201,1,1
0,0.1602288916097798,0,0
0,0.5906727553318829,1,1
1,0.10682546497538646,0,0
0,0.6387706242461088,1,1
1,0.6531603398596816,1,1
1,0.9230854223566192,1,1
0,0.7901594032178396,1,1
0,0.4059774504608697,0,0
0,0.22333052806362516,0,0
0,0.1323285454326878,0,0
0,0.8538952153884277,1,1
0,0.1970260409564014,0,0
1,0.7681383077845142,1,1
0,0.717984100053673,1,1
0,0.7936508025621046,1,1
0,0.07599252548111465,0,0
0,0.3359657211157155,0,0
0,0.3446300378602363,0,0
0,0.5602599644396621,1,1
0,0.49436283753782584,0,1
1,0.7481169833262616,1,1
0,0.11621225654742216,0,0
1,0.3452742653312847,0,0
0,0.09020239951846712,0,0
1,0.8424011167235902,1,1
0,0.7245961344045794,1,1
1,0.5775177980276478,1,1
0,0.06343455158889671,0,0
0,0.24913869393670038,0,0
0,0.20389632451830128,0,0
0,0.17882805973144095,0,0
0,0.31617553455425434,0,0
0,0.6692199586587705,1,1
1,0.7599234281901566,1,1
0,0.7824722217925811,1,1
0,0.26704341815728716,0,0
0,0.14535539791951335,0,0
0,0.40056131184635735,0,0
0,0.42563351763251644,0,0
0,0.08242145657420044,0,0
0,0.5815973907037818,1,1
0,0.5700156387323125,1,1
1,0.343868823414454,0,0
0,0.30306280491970056,0,0
0,0.2949099362835928,0,0
0,0.7769416874487585,1,1
0,0.6384975990223283,1,1
1,0.4837854189379037,0,1
1,0.6447046301785825,1,1
1,0.9636016794831874,1,1
1,0.566247972581433,1,1
1,0.5780689344073108,1,1
1,0.8891208474403048,1,1
0,0.2470443508133531,0,0
0,0.6336588178145918,1,1
0,0.7774665306695181,1,1
0,0.8414217446665248,1,1
1,0.1828526220118201,0,0
0,0.8802623239433093,1,1
1,0.5784306491312151,1,1
0,0.3263827983201477,0,0
1,0.678686194454165,1,1
1,0.34531013520209886,0,0
0,0.8085848591820562,1,1
0,0.4303376819690322,0,0
0,0.2716324961093976,0,0
1,0.6489725768747064,1,1
0,0.253643121199973,0,0
1,0.8561486526079625,1,1
0,0.3236553443904697,0,0
0,0.4620876304446303,0,0
1,0.2819274245047505,0,0
0,0.1127882974393314,0,0
0,0.06566745929790109,0,0
0,0.4091783576516187,0,0
0,0.1435271554538266,0,0
1,0.6622384637961922,1,1
1,0.667808713959204,1,1
0,0.15895575654975636,0,0
0,0.5049567572955018,1,1
0,0.28004450713576545,0,0
0,0.09605841926692125,0,0
0,0.41955628847060383,0,0
0,0.5249220247404215,1,1
0,0.4201099710372008,0,0
0,0.43715060332219113,0,0
0,0.40835452900520625,0,0
1,0.6926343754509725,1,1
0,0.13353473558530973,0,0
0,0.23731126242544953,0,0
1,0.6521657767454866,1,1
1,0.6293100258951958,1,1
1,0.6067072596242782,1,1
1,0.6741609106670327,1,1
0,0.7714473490158912,1,1
1,0.7360581009488808,1,1
0,0.09483896566618871,0,0
0,0.14903411097159877,0,0
0,0.1273301616738544,0,0
0,0.10630828330177564,0,0
0,0.15229484784430125,0,0
0,0.23429974155640712,0,0
0,0.10360315778736193,0,0
1,0.6965808516987739,1,1
1,0.8499347429893438,1,1
1,0.35024383369228884,0,0
0,0.7850230053904164,1,1
1,0.3411222644949638,0,0
0,0.4598567925156778,0,0
0,0.10991179000071208,0,0
0,0.4259131827340818,0,0
1,0.6952537098717433,1,1
0,0.6725322085719859,1,1
1,0.17660229081679737,0,0
1,0.30507571619306756,0,0
0,0.19413782471430066,0,0
0,0.3278163621085543,0,0
0,0.7659469610071304,1,1
1,0.5468833752091941,1,1
1,0.8670729949731327,1,1
0,0.5056771842313219,1,1
0,0.12120034316906479,0,0
0,0.12097951791467462,0,0
1,0.446867183697518,0,0
1,0.8388881333140713,1,1
0,0.2612169720847164,0,0
0,0.47229975060188484,0,1
1,0.6301748045030596,1,1
0,0.2774141823262697,0,0
1,0.32995205293793445,0,0
1,0.7458827772161534,1,1
0,0.45460022059547406,0,0
0,0.7643315474806758,1,1
0,0.40038627702431445,0,0
0,0.44605168230498965,0,0
0,0.4470173987450471,0,0
1,0.8123892665264179,1,1
0,0.5883940185485549,1,1
1,0.3615618218482189,0,0
1,0.7933114098217012,1,1
1,0.9136433161007432,1,1
0,0.5764420280486818,1,1
1,0.5278404789584522,1,1
0,0.1437616807155674,0,0
0,0.8112862103053369,1,1
1,0.7618792086134297,1,1
1,0.9343475088500552,1,1
1,0.5994564126697037,1,1
0,0.11660514292687242,0,0
0,0.3498477616779772,0,0
0,0.6598344767901966,1,1
0,0.36070335105516704,0,0
0,0.2888581632937883,0,0
1,0.6315919433516947,1,1
0,0.19084991396003284,0,0
0,0.2665768789398923,0,0
1,0.8060502344440231,1,1
1,0.8546202983649895,1,1
0,0.46099123568708616,0,0
0,0.19406751622760315,0,0
0,0.07380677684930266,0,0
0,0.09941208720454961,0,0
0,0.45663987528468797,0,0
1,0.7233923523543182,1,1
0,0.10726622536651238,0,0
1,0.8096129742144414,1,1
0,0.2313927669172913,0,0
1,0.8283403447879666,1,1
1,0.7692874289367694,1,1
0,0.2758749380941255,0,0
0,0.4965111902935193,0,1
0,0.20022085286150154,0,0
0,0.28620561086365176,0,0
0,0.18453768960436193,0,0
0,0.13166420080345717,0,0
0,0.03354177625880454,0,0
1,0.7804519299856149,1,1
0,0.20538883948268863,0,0
0,0.3771123859878423,0,0
0,0.44350612516504007,0,0
1,0.7296524412218626,1,1
0,0.6568772645162434,1,1
0,0.1283150807141549,0,0
0,0.5175649502679491,1,1
0,0.6507474549026374,1,1
0,0.07515043028566212,0,0
0,0.4936632846965927,0,1
1,0.4361881930217439,0,0
0,0.14216567403984853,0,0
0,0.7954600505993522,1,1
1,0.5736943611160265,1,1
1,0.506320576741962,1,1
0,0.23391671476952278,0,0
0,0.44485617914345155,0,0
1,0.54037811446875,1,1
0,0.34846623854398,0,0
1,0.09089158459865039,0,0
0,0.7007404876851553,1,1
0,0.49602542226706,0,1
1,0.5606622906230154,1,1
0,0.1486071015059773,0,0
0,0.43135681630981354,0,0
0,0.5816157748875795,1,1
1,0.1639543874883175,0,0
0,0.061267283173470445,0,0
1,0.3528578973826341,0,0
0,0.6031409946407918,1,1
1,0.7218822437683,1,1
1,0.6013329846700431,1,1
1,0.6586503767510844,1,1
0,0.48731610225122973,0,1
1,0.8571632158183604,1,1
0,0.2731472562197597,0,0
0,0.7480046238077732,1,1
1,0.909731495337546,1,1
0,0.24762322463742417,0,0
1,0.787417659352901,1,1
0,0.07857533471548113,0,0
1,0.4090634160128146,0,0
0,0.34680460487592585,0,0
1,0.3186240590788844,0,0
1,0.8844959459758487,1,1
1,0.7788431223232497,1,1
0,0.4848707410170843,0,1
0,0.5368257025681912,1,1
0,0.1554016100485421,0,0
1,0.7842133496631416,1,1
1,0.3837221139020893,0,0
0,0.10748857453996236,0,0
1,0.7197666720384546,1,1
0,0.42678657611118354,0,0
0,0.5835993633353996,1,1
1,0.9169425862346737,1,1
0,0.17477611039284757,0,0
0,0.18951114597493654,0,0
1,0.5557513141850963,1,1
1,0.6016552911885665,1,1
0,0.26881706168261615,0,0
1,0.853730997141131,1,1
1,0.6765997598588382,1,1
0,0.836912775531738,1,1
1,0.2989510458965063,0,0
0,0.16660437934682756,0,0
1,0.6669980121430148,1,1
1,0.8562868456153687,1,1
0,0.34934820739159217,0,0
0,0.3144285545148778,0,0
1,0.8244454723319867,1,1
0,0.10616512631274248,0,0
0,0.3163212897035707,0,0
0,0.7186227039440716,1,1
0,0.21019941179057938,0,0
0,0.12379788894540239,0,0
1,0.5142633857515465,1,1
1,0.7158424092462148,1,1
1,0.5937233848888821,1,1
0,0.17019988753054574,0,0
0,0.3930289119446772,0,0
0,0.281570777576677,0,0
0,0.0731371108108741,0,0
0,0.09436319569340773,0,0
1,0.8009429264715042,1,1
1,0.7193771215065279,1,1
1,0.44150306311908827,0,0
0,0.20142888794927116,0,0
0,0.624286759167389,1,1
0,0.6355732874560543,1,1
0,0.7810764565195967,1,1
0,0.3791488218971941,0,0
0,0.19053602850470575,0,0
1,0.2167283807221039,0,0
1,0.8335289743446124,1,1
0,0.4534969762603441,0,0
0,0.19331419020596127,0,0
0,0.13016673436882797,0,0
1,0.91403651056493,1,1
0,0.51069526061635,1,1
1,0.5903316757035502,1,1
0,0.4367637968493594,0,0
0,0.496618257811319,0,1
1,0.9309511647045275,1,1
0,0.3372724912046169,0,0
0,0.24700045591370548,0,0
1,0.8531762246353316,1,1
1,0.8657852039063709,1,1
0,0.6650455014190816,1,1
0,0.2976024386075243,0,0
0,0.3759057214276813,0,0
1,0.8607827067909267,1,1
1,0.2686263505562288,0,0
0,0.36511069327285245,0,0
0,0.5627623491930084,1,1
0,0.4379603130355175,0,0
0,0.481207300238529,0,1
0,0.22169499364992531,0,0
1,0.8243559906040702,1,1
0,0.2338383535808764,0,0
0,0.4418009484308125,0,0
0,0.17946012689366883,0,0
0,0.3063707496880632,0,0
0,0.8504934593230782,1,1
1,0.8243850319825965,1,1
0,0.3905840896530033,0,0
1,0.7371238171897507,1,1
0,0.6434699212761873,1,1
1,0.8235867917625468,1,1
1,0.9603944681796468,1,1
1,0.26722817263233906,0,0
1,0.36790152809013604,0,0
0,0.2648437479169625,0,0
0,0.5475928254705165,1,1
0,0.813290756328162,1,1
0,0.07937328354882926,0,0
0,0.7818334350803368,1,1
0,0.12108623607245579,0,0
1,0.7393505657434162,1,1
0,0.6380182881407627,1,1
1,0.5792342943384242,1,1
0,0.7102971841928669,1,1
0,0.2625921740916329,0,0
1,0.7394917255275836,1,1
1,0.7425295347484697,1,1
0,0.6968696574311652,1,1
1,0.7425423786608796,1,1
1,0.6076490056310513,1,1
0,0.41915176578796925,0,0
0,0.22561308537166502,0,0
0,0.19467773551449494,0,0
0,0.9198421349140246,1,1
1,0.27108045677295,0,0
1,0.83095268700529,1,1
0,0.2402914644254009,0,0
0,0.4826316005226578,0,1
0,0.21109795957295488,0,0
0,0.8848490051410016,1,1
1,0.502621060081506,1,1
0,0.08797066251843755,0,0
0,0.4133484902730644,0,0
0,0.3070749040964361,0,0
1,0.3489433312872426,0,0
0,0.47987717088626525,0,1
1,0.8028701867127178,1,1
0,0.6864770563612365,1,1
1,0.6594709042431752,1,1
0,0.5714451875003629,1,1
1,0.85387470892656,1,1
0,0.10241088569404999,0,0
1,0.850795873067127,1,1
0,0.654705278811803,1,1
0,0.2759953662836489,0,0
1,0.256942561740937,0,0
0,0.18947155518054254,0,0
0,0.2892667089165228,0,0
0,0.49013739113959204,0,1
0,0.36877887244320967,0,0
0,0.9227387973358949,1,1
0,0.39883854832454474,0,0
1,0.8039474584858324,1,1
1,0.6066772715581977,1,1
1,0.53424535980438,1,1
0,0.6707340632917875,1,1
0,0.4102210303896585,0,0
0,0.5448911335821757,1,1
0,0.540705168766508,1,1
1,0.9518554781507056,1,1
1,0.8868334942292593,1,1
1,0.4832948654972288,0,1
0,0.17490479686710275,0,0
0,0.7963785299036109,1,1
0,0.6227069772886556,1,1
0,0.17762391202587746,0,0
0,0.2649627093156766,0,0
0,0.45843493257583817,0,0
1,0.8210578951046824,1,1
0,0.28504361997219174,0,0
0,0.21057829964309707,0,0
0,0.3567160615506685,0,0
1,0.5619878601523585,1,1
0,0.14729459227790323,0,0
1,0.7689204317868855,1,1
0,0.3644656711383212,0,0
0,0.749580734973449,1,1
1,0.8618078683919369,1,1
0,0.3747495890371399,0,0
0,0.17357129650928613,0,0
0,0.3192574843843016,0,0
0,0.12072235148131144,0,0
0,0.07540621817658236,0,0
1,0.6107416786827166,1,1
1,0.6729452961313634,1,1
0,0.2361434466120754,0,0
0,0.11113117143213888,0,0
0,0.3166978497512041,0,0
0,0.5304566295802354,1,1
1,0.6470284622827105,1,1
0,0.2780234367261428,0,0
1,0.5639211857729767,1,1
1,0.13744388898090926,0,0
0,0.4314429259280922,0,0
0,0.4679111230890248,0,0
1,0.6509267058278756,1,1
0,0.3994540683867665,0,0
0,0.2828298423431284,0,0
0,0.09454947332794533,0,0
0,0.7917658302413513,1,1
0,0.1310244454166555,0,0
1,0.7040252025890213,1,1
1,0.7187755918381686,1,1
0,0.1711882595451269,0,0
1,0.726433168832253,1,1
0,0.5401527704371806,1,1
0,0.4505765038963465,0,0
0,0.14770309962026615,0,0
0,0.5723412304620509,1,1
0,0.24822089417154142,0,0
0,0.3441768933905372,0,0
0,0.23227055375498717,0,0
1,0.12331990873864973,0,0
0,0.46500851919753655,0,0
0,0.1898495993573787,0,0
1,0.7689718138435522,1,1
0,0.2786254670357689,0,0
0,0.37887284422239753,0,0
0,0.6587926028372372,1,1
1,0.4400677400084902,0,0
0,0.41263589368622483,0,0
0,0.43688509996495306,0,0
0,0.6774708198558302,1,1
1,0.8344169312559577,1,1
0,0.5060927732021163,1,1
1,0.7778092408357496,1,1
0,0.5443160054511246,1,1
1,0.5506569229374859,1,1
0,0.47175341646424257,0,1
0,0.028372596758401786,0,0
0,0.3476667471708211,0,0
0,0.6747967184331167,1,1
1,0.5984777811778204,1,1
0,0.373615567679395,0,0
0,0.197690940171297,0,0
1,0.8371548835348571,1,1
0,0.8264603521074285,1,1
0,0.8177717173357292,1,1
0,0.763170474450426,1,1
1,0.24509274849704668,0,0
0,0.8202248882056125,1,1
0,0.9320606151906136,1,1
0,0.08541858851847622,0,0
0,0.17415187612700933,0,0
0,0.8972083830271378,1,1
0,0.8608149574724894,1,1
1,0.7384152134081762,1,1
0,0.1271184644654942,0,0
0,0.3790476550287599,0,0
1,0.574001901092081,1,1
1,0.08712673977052014,0,0
0,0.07420503364926448,0,0
0,0.20379395777111678,0,0
1,0.9234245893225534,1,1
0,0.0668483331424614,0,0
0,0.9126335747617105,1,1
0,0.37607498658913185,0,0
0,0.705840713752937,1,1
0,0.37985297407675644,0,0
1,0.6861415845839556,1,1
0,0.25968695250766766,0,0
0,0.30794318317534025,0,0
0,0.6199317044918687,1,1
0,0.09432452807131929,0,0
0,0.3304336702022907,0,0
1,0.5517675691967989,1,1
0,0.5585477406800675,1,1
1,0.43977639473556074,0,0
0,0.4155194921743278,0,0
0,0.3834380866909769,0,0
0,0.4126568030130669,0,0
0,0.6988026003502726,1,1
0,0.7251690597530397,1,1
0,0.6101844830063805,1,1
0,0.5510769456833302,1,1
0,0.30286446228509717,0,0
1,0.7730360060802902,1,1
1,0.45588964800000253,0,0
0,0.8067832168656691,1,1
0,0.2448448039418858,0,0
0,0.7757208333278809,1,1
0,0.38078199037713356,0,0
1,0.4458129378234113,0,0
0,0.3439637546537983,0,0
1,0.34882278894184876,0,0
0,0.5419852633107343,1,1
0,0.09040152595105325,0,0
0,0.7985895214186911,1,1
1,0.4674176841372161,0,0
0,0.32550577157811916,0,0
0,0.5229261210911437,1,1
0,0.044608798103081874,0,0
1,0.8142895425064893,1,1
0,0.608945463800657,1,1
0,0.8086694031886471,1,1
0,0.1574513128846666,0,0
1,0.9153068513720827,1,1
0,0.25923472101402506,0,0
0,0.2723279196955658,0,0
0,0.13321171828344527,0,0
0,0.510582572149524,1,1
0,0.27906267800377604,0,0
0,0.1912909859599348,0,0
1,0.8161115340915714,1,1
0,0.8258708792281579,1,1
0,0.6854031579973074,1,1
0,0.5425459070765889,1,1
0,0.14734461675525948,0,0
0,0.10208604083496964,0,0
0,0.31021359896825035,0,0
0,0.22845287657417376,0,0
1,0.8268041546901216,1,1
0,0.33946571107606127,0,0
1,0.3545304611658466,0,0
1,0.4285382444007719,0,0
0,0.31005989236361897,0,0
1,0.8318968868800837,1,1
1,0.664327187427663,1,1
1,0.583333330750703,1,1
0,0.5079951345085794,1,1
1,0.6329461327356498,1,1
0,0.34899220626759225,0,0
0,0.13551061992464808,0,0
0,0.4684918329978891,0,0
0,0.48151259499232996,0,1
0,0.2946180032041326,0,0
0,0.0688413907057924,0,0
0,0.3659873726019295,0,0
1,0.8047396325751583,1,1
0,0.13256159337356774,0,0
0,0.4350699635221759,0,0
0,0.36657072989483236,0,0
1,0.6024970335422637,1,1
1,0.864048775797773,1,1
0,0.8866436585594822,1,1
1,0.9343196065878513,1,1
0,0.3533505265628729,0,0
0,0.6569447436918765,1,1
0,0.12187845893513707,0,0
0,0.266405917149808,0,0
0,0.07249599190297226,0,0
0,0.5335631892947528,1,1
0,0.25753139176117507,0,0
0,0.32790399545839016,0,0
0,0.1961124125898456,0,0
0,0.0930779926982557,0,0
0,0.15329914494119903,0,0
1,0.7460469784868016,1,1
1,0.7968910322369777,1,1
0,0.11656645202128649,0,0
1,0.46305280891712247,0,0
0,0.8164818652311933,1,1
0,0.7101934124497207,1,1
1,0.8462835939260982,1,1
0,0.2174350816572694,0,0
0,0.4941975024461512,0,1
1,0.18958963389681968,0,0
1,0.5753815548485917,1,1
0,0.21248643581927038,0,0
0,0.448559310350907,0,0
0,0.1630195220851087,0,0
1,0.5269401553468774,1,1
0,0.4179771770956926,0,0
0,0.7628266492844353,1,1
0,0.879197029234669,1,1
1,0.7733833962130994,1,1
0,0.3897612441182263,0,0
0,0.10196260588715794,0,0
0,0.4344497016528784,0,0
0,0.3304983898570363,0,0
0,0.1580371329936459,0,0
1,0.5405397452006356,1,1
0,0.07751800662802644,0,0
0,0.5755493595114578,1,1
1,0.6621130681435777,1,1
1,0.35541750931753086,0,0
0,0.6736671754671424,1,1
0,0.35311013349301457,0,0
0,0.1694910221118359,0,0
0,0.3602468288592386,0,0
1,0.8786426182566829,1,1
0,0.28115299357168444,0,0
1,0.34159051473669805,0,0
0,0.4619210593801224,0,0
1,0.49481227512559667,0,1
1,0.25107474875025126,0,0
0,0.16344920978821628,0,0
0,0.2094114512884687,0,0
0,0.10064880503153265,0,0
0,0.16294235900117407,0,0
0,0.3511805653679518,0,0
0,0.22976807289069007,0,0
0,0.08258775308801293,0,0
0,0.10383047599321617,0,0
0,0.7517196969511831,1,1
0,0.6405071074986117,1,1
1,0.7935719470604008,1,1
1,0.7821916739888495,1,1
0,0.12264855582336165,0,0
0,0.5864116344882175,1,1
1,0.6920858223142393,1,1
1,0.624205020668265,1,1
1,0.21793477770470163,0,0
0,0.6444586138334353,1,1
0,0.5023174373220526,1,1
1,0.7509148796466224,1,1
0,0.13835066960384237,0,0
1,0.41030566987788214,0,0
0,0.29807718224120416,0,0
0,0.2788494807858143,0,0
0,0.24817940025747973,0,0
0,0.14713137276175048,0,0
1,0.8513087377970485,1,1
0,0.14716230645176245,0,0
0,0.2792633878754039,0,0
0,0.2885675832552876,0,0
0,0.17912946555918666,0,0
0,0.7653586029313612,1,1
0,0.20303317200914595,0,0
0,0.17340286033235933,0,0
0,0.16305931938528734,0,0
1,0.07634233960419755,0,0
1,0.912115332706515,1,1
1,0.7792030799779028,1,1
0,0.04407862223690915,0,0
1,0.8768747246872061,1,1
1,0.7388234028299298,1,1
0,0.37270784192705836,0,0
1,0.4373960326945275,0,0
1,0.787076709167367,1,1
0,0.29607826128498366,0,0
0,0.37584638628770406,0,0
0,0.21604556627710111,0,0
0,0.4761514365132182,0,1
0,0.12104840165482966,0,0
0,0.12118334168961997,0,0
1,0.44492063930421016,0,0
1,0.7521329964753369,1,1
0,0.13449630854954875,0,0
1,0.6552689719512003,1,1
0,0.24023359222414725,0,0
0,0.4031703415290696,0,0
1,0.23305442652869687,0,0
0,0.19888124048012867,0,0
1,0.6731630342186399,1,1
1,0.6847348003314794,1,1
0,0.4424107323356854,0,0
0,0.09940003030372688,0,0
0,0.141517474591148,0,0
1,0.8262239542330194,1,1
0,0.48232084796549957,0,1
0,0.6191439349104044,1,1
0,0.5025008386950043,1,1
0,0.42180261132072766,0,0
0,0.5365728284727415,1,1
0,0.21209285581174184,0,0
0,0.27474826485131615,0,0
1,0.7098794991122057,1,1
0,0.4000750594794334,0,0
1,0.39588093727960505,0,0
0,0.2325186306494399,0,0
1,0.931045364645332,1,1
0,0.7753605167751438,1,1
1,0.3527831603594174,0,0
0,0.649609480314408,1,1
1,0.16374906905301695,0,0
0,0.43291532678486483,0,0
0,0.23276194741348807,0,0
1,0.6981406934819072,1,1
0,0.1281397545573635,0,0
1,0.12149666216468097,0,0
1,0.790657405346036,1,1
0,0.38090321435630264,0,0
1,0.7199450192288491,1,1
0,0.5397127509555126,1,1
0,0.1308771273005646,0,0
0,0.39687442456383226,0,0
0,0.31717592721018356,0,0
0,0.09110789633038832,0,0
0,0.13135618946473102,0,0
1,0.6995306364170952,1,1
1,0.5069946135596964,1,1
1,0.32808831543184236,0,0
1,0.6164172699835475,1,1
1,0.3071456185308784,0,0
1,0.5959320983947377,1,1
1,0.7621847247869009,1,1
0,0.5256611488687366,1,1
1,0.5942862394846229,1,1
0,0.16947189791669792,0,0
1,0.8577591699355788,1,1
0,0.3535983752504574,0,0
1,0.7981683763060083,1,1
0,0.4448166551881478,0,0
0,0.746133632096802,1,1
0,0.10266308084733229,0,0
0,0.31973580728625084,0,0
1,0.9284772511867964,1,1
0,0.19454859824202583,0,0
0,0.5481847863870344,1,1
1,0.8374732586751851,1,1
0,0.4388609554983233,0,0
0,0.2154566455448931,0,0
0,0.7056100807699319,1,1
1,0.8910674699100923,1,1
1,0.7429429268120964,1,1
0,0.19496654784940107,0,0
0,0.042743598368879615,0,0
1,0.6680666568751994,1,1
1,0.9234746855506206,1,1
0,0.6730434893329749,1,1
0,0.47690702915317046,0,1
0,0.11116178335319855,0,0
0,0.28004564888773026,0,0
1,0.10449761540259378,0,0
0,0.5759395768652251,1,1
1,0.855637372555511,1,1
0,0.0773075986827104,0,0
0,0.3284798951947985,0,0
0,0.05419066535233735,0,0
1,0.7788462376564457,1,1
0,0.6280934121398892,1,1
0,0.1749547599114091,0,0
1,0.35645320657962287,0,0
1,0.4971153948128128,0,1
0,0.05867040498142542,0,0
0,0.11060611482640068,0,0
0,0.5544078668524111,1,1
1,0.8637410759138936,1,1
0,0.12423804393040182,0,0
0,0.6391385897391422,1,1
1,0.593882492727978,1,1
0,0.2734351419008966,0,0
1,0.7156133419755943,1,1
0,0.3792214950299278,0,0
0,0.12496570156001428,0,0
0,0.1552075224542986,0,0
1,0.8126574004274827,1,1
0,0.4773595234173596,0,1
0,0.0826090961387342,0,0
1,0.4791123799646374,0,1
0,0.21851062743136346,0,0
0,0.33284688711219557,0,0
0,0.18984087614313447,0,0
1,0.6236479416476711,1,1
1,0.18513165230807951,0,0
0,0.7323682797308126,1,1
0,0.6575518946992086,1,1
0,0.07070868610915833,0,0
0,0.2321471778333193,0,0
0,0.10606484568959793,0,0
1,0.4891470201994203,0,1
0,0.18729323252657104,0,0
0,0.45707268534481055,0,0
1,0.3470589704182923,0,0
0,0.3254186909073962,0,0
1,0.9265497114734749,1,1
0,0.6339850831154105,1,1
0,0.5100685947055641,1,1
0,0.12886584559283995,0,0
0,0.16492200306291024,0,0
1,0.31584603900046876,0,0
1,0.6861506409047443,1,1
1,0.6521918300987976,1,1
1,0.5714533210749487,1,1
0,0.08911635824520205,0,0
0,0.3356178839178666,0,0
0,0.3324285419720338,0,0
0,0.486149767036802,0,1
0,0.12504229057016614,0,0
0,0.3405772293783289,0,0
0,0.6943411805620643,1,1
1,0.5543390263631319,1,1
1,0.8868920891293609,1,1
1,0.6752281328391664,1,1
0,0.23969309207377812,0,0
0,0.30202337818596886,0,0
1,0.17161600634133586,0,0
0,0.458186800382613,0,0
1,0.9371103578449571,1,1
0,0.5081807421438816,1,1
0,0.50097950845602,1,1
0,0.16475958353392112,0,0
0,0.10946102109410187,0,0
1,0.7206581244053504,1,1
1,0.14811073588149165,0,0
0,0.8017193953952122,1,1
1,0.47906263924421094,0,1
0,0.4561992379480964,0,0
0,0.38153184947210955,0,0
0,0.7204105205751729,1,1
0,0.5235137670941011,1,1
1,0.4943587583030448,0,1
0,0.34926673311113776,0,0
1,0.07866773272099041,0,0
0,0.49847131637542047,0,1
0,0.4231451547220107,0,0
1,0.8706386994061532,1,1
1,0.9365415359055466,1,1
0,0.9421578117617355,1,1
1,0.4901153571185969,0,1
0,0.7060530161612804,1,1
0,0.07337265098482272,0,0
0,0.2719735721287873,0,0
0,0.9097843108453528,1,1
0,0.07646088089070108,0,0
0,0.39635931893050497,0,0
0,0.11550911746364508,0,0
0,0.3000408112608991,0,0
1,0.7512550667779537,1,1
0,0.5845099273545948,1,1
0,0.500084009700296,1,1
1,0.3321246854104353,0,0
0,0.34506123831003743,0,0
0,0.204981887177946,0,0
0,0.2970000999159386,0,0
0,0.10749806279701259,0,0
0,0.8432913744283972,1,1
0,0.22529410516323192,0,0
0,0.6142460135992862,1,1
0,0.7277182345519867,1,1
1,0.8357374792485981,1,1
0,0.45569616062335055,0,0
0,0.6398002982087309,1,1
0,0.7317012998014166,1,1
1,0.6484872285071913,1,1
0,0.3200921847679867,0,0
0,0.0981184953634134,0,0
1,0.945580965366439,1,1
0,0.26557994990026773,0,0
0,0.7784059285596983,1,1
1,0.7333921735191073,1,1
0,0.21285581972115014,0,0
0,0.40847201432664665,0,0
1,0.7831782722458355,1,1
1,0.8755094335570122,1,1
1,0.8578334216582103,1,1
0,0.28651614892354627,0,0
0,0.13902224619350437,0,0
0,0.307947728141496,0,0
1,0.7225721520379682,1,1
0,0.7106665023748016,1,1
0,0.37356121581732565,0,0
0,0.675278991914758,1,1
0,0.1106975717014739,0,0
0,0.16534777754758176,0,0
0,0.2767012207640099,0,0
1,0.5880414571962128,1,1
0,0.484166837124259,0,1
0,0.6164939983486538,1,1
0,0.21695639308076178,0,0
0,0.269796007983812,0,0
0,0.2718861228148895,0,0
0,0.1409740195373025,0,0
1,0.12994020722164165,0,0
1,0.882140791803905,1,1
0,0.39563937998183146,0,0
0,0.17165838963826685,0,0
0,0.6395857888541667,1,1
1,0.5499704885777531,1,1
1,0.9123139912962492,1,1
1,0.2791333492252007,0,0
0,0.08634940785895082,0,0
0,0.08193809213132797,0,0
1,0.1745450928131563,0,0
1,0.7753666364970491,1,1
1,0.8987025637685119,1,1
0,0.3824237728876736,0,0
0,0.7386786394628773,1,1
0,0.8481909442265619,1,1
0,0.3632069496522844,0,0
0,0.13538943899254247,0,0
1,0.6296992679628,1,1
1,0.890464146018996,1,1
0,0.11342291402393287,0,0
1,0.8506878915221696,1,1
0,0.1490867357610328,0,0
0,0.7310062549558832,1,1
0,0.2992159290057193,0,0
0,0.33161381388047373,0,0
1,0.44476081440003695,0,0
0,0.17156310342342074,0,0
0,0.13827698355093368,0,0
1,0.6201982127358585,1,1
1,0.15931978319745227,0,0
1,0.4389669267020073,0,0
1,0.8020475592882282,1,1
0,0.06760036838459925,0,0
0,0.22717336215389214,0,0
1,0.8239206107994826,1,1
1,0.5795702961268286,1,1
0,0.16170631711480224,0,0
0,0.09657450306278213,0,0
0,0.36882845472574577,0,0
0,0.07772397228345626,0,0
1,0.36641644390921807,0,0
0,0.21159159186586465,0,0
1,0.5467745518565154,1,1
1,0.11607850661034678,0,0
0,0.43990793745800383,0,0
1,0.8805160270789302,1,1
0,0.2889556467935283,0,0
1,0.8949283875909858,1,1
0,0.34955960636135,0,0
1,0.7659865541441931,1,1
0,0.039279276182343385,0,0
0,0.21987197977486223,0,0
0,0.09597775499956945,0,0
0,0.4667857271003259,0,0
1,0.6363181359843454,1,1
0,0.43775813539949476,0,0
1,0.8302640282387216,1,1
1,0.6017942254948352,1,1
0,0.20119338322168664,0,0
1,0.4646207052980051,0,0
0,0.11521323274164857,0,0
1,0.8207718575348724,1,1
0,0.5732883320949955,1,1
1,0.3195679154007996,0,0
0,0.0969755886078573,0,0
1,0.8249864498574326,1,1
0,0.05655685717614219,0,0
1,0.6979157970331773,1,1
0,0.2903831722096124,0,0
0,0.2283356497036631,0,0
1,0.44665106433544727,0,0
0,0.3435633462021019,0,0
0,0.33392102600611673,0,0
1,0.7506243311415457,1,1
1,0.088068562790048,0,0
1,0.8355412586262553,1,1
0,0.10369374777438348,0,0
0,0.49117333209690656,0,1
1,0.8430995755543464,1,1
0,0.1217564232437935,0,0
1,0.8587139305192564,1,1
0,0.3170324469941461,0,0
0,0.07050000562425987,0,0
0,0.334907056889951,0,0
0,0.5514095437183758,1,1
1,0.8731655124586634,1,1
1,0.7278744721242565,1,1
1,0.4759338428979485,0,1
0,0.4113321235955553,0,0
0,0.22687117635666243,0,0
0,0.1052023666462839,0,0
0,0.33654421822879677,0,0
1,0.8641814315695024,1,1
0,0.10548844362596864,0,0
0,0.37194120902676747,0,0
0,0.4374678812984751,0,0
1,0.330335161934505,0,0
1,0.5915019695316901,1,1
0,0.1935876676697043,0,0
1,0.664994404773376,1,1
0,0.3505891462540303,0,0
0,0.15131705526342448,0,0
0,0.3337525479980031,0,0
1,0.4210075296708325,0,0
0,0.1707002148181504,0,0
1,0.5274987037412687,1,1
1,0.43048911623741526,0,0
0,0.5168830488398238,1,1
0,0.24739502418939197,0,0
0,0.36216449924280036,0,0
0,0.0900239578925946,0,0
0,0.16288576388746775,0,0
1,0.540043426797404,1,1
1,0.6508638054789142,1,1
0,0.5135365579173581,1,1
1,0.46715570241639803,0,0
1,0.3416007961213871,0,0
0,0.17410663335973975,0,0
0,0.7869901045412889,1,1
1,0.4500929036706457,0,0
0,0.28207865234651647,0,0
0,0.273448437267806,0,0
0,0.7759809962169596,1,1
0,0.26195409428782723,0,0
0,0.14578207543629662,0,0
0,0.2608245509137236,0,0
1,0.5978421100799272,1,1
1,0.6485169652861765,1,1
1,0.29744283773823044,0,0
1,0.536572300568469,1,1
0,0.6230452180882108,1,1
0,0.23135133859647336,0,0
0,0.5100705463758114,1,1
0,0.1890771522833495,0,0
0,0.3609874477200846,0,0
1,0.10602902875580753,0,0
0,0.25807550259499623,0,0
1,0.3788850662499472,0,0
0,0.2963873530251212,0,0
0,0.7878877143791039,1,1
1,0.4117912103333553,0,0
0,0.41032458156409024,0,0
0,0.08693791337901476,0,0
0,0.6443029502956102,1,1
0,0.334420688651771,0,0
1,0.6468218539052535,1,1
0,0.545157206214142,1,1
0,0.2307156380658273,0,0
0,0.35445138298250656,0,0
0,0.23974131637201157,0,0
0,0.3873300487018395,0,0
0,0.13047757404490914,0,0
0,0.30472492396315737,0,0
1,0.7657860601374382,1,1
0,0.4323371560336744,0,0
1,0.8087626264465739,1,1
1,0.6789290330111565,1,1
0,0.5932823984306573,1,1
1,0.8895838315559669,1,1
1,0.4933532745071472,0,1
0,0.2748806058725701,0,0
0,0.41396332541603337,0,0
0,0.32758702049394733,0,0
0,0.25698012246244617,0,0
0,0.7382966482048334,1,1
0,0.2159148899388512,0,0
0,0.31205990504504366,0,0
1,0.8618454238448383,1,1
0,0.275541840313964,0,0
0,0.8403384446701821,1,1
0,0.16482453898529498,0,0
1,0.4317958442656971,0,0
0,0.08569486171762097,0,0
0,0.2864456339248073,0,0
1,0.5362800165934949,1,1
1,0.8944333851921755,1,1
1,0.8990555827850063,1,1
1,0.6400743030513396,1,1
0,0.6583759835431259,1,1
1,0.9313524217245213,1,1
0,0.8975070111097919,1,1
1,0.7762970160988379,1,1
0,0.06449288517732595,0,0
1,0.4588744881563609,0,0
0,0.33550307168826693,0,0
0,0.24426077379595143,0,0
1,0.838556615034381,1,1
0,0.5808690737748538,1,1
1,0.2946440365716172,0,0
1,0.21605679897259808,0,0
0,0.6349429654245509,1,1
0,0.21228336527794686,0,0
0,0.42188753381242855,0,0
1,0.7300386926376623,1,1
1,0.621969077184965,1,1
0,0.09072604702706437,0,0
0,0.6234472407112986,1,1
1,0.534613225651382,1,1
0,0.26535245488578935,0,0
1,0.691073945668755,1,1
1,0.669709977762533,1,1
0,0.20431662349144708,0,0
1,0.72756996085307,1,1
0,0.17762731066198803,0,0
1,0.6373639003085005,1,1
1,0.8532644665750182,1,1
0,0.394184530376898,0,0
0,0.2875761745288755,0,0
0,0.3450647832729099,0,0
0,0.8745885179266457,1,1
0,0.576091163584886,1,1
0,0.18339669529484715,0,0
0,0.42642760217636205,0,0
1,0.5529513030636134,1,1
0,0.8057010904198524,1,1
0,0.08958533303824422,0,0
0,0.47455405913651744,0,1
1,0.7601982396454574,1,1
0,0.5009784823055805,1,1
0,0.1255863565930487,0,0
1,0.6691185418547407,1,1
0,0.4333090517277037,0,0
0,0.22328561035782943,0,0
0,0.9370150757326557,1,1
0,0.351725959747873,0,0
1,0.15199887580023627,0,0
0,0.2950522756772922,0,0
1,0.7912165283044253,1,1
1,0.08574454215474288,0,0
1,0.64508639405763,1,1
1,0.7596198781773184,1,1
1,0.5529332003625342,1,1
1,0.8295407763502138,1,1
0,0.07470096676193702,0,0
0,0.13754522802795152,0,0
0,0.820136304744703,1,1
0,0.211700469664065,0,0
1,0.6462371791545638,1,1
0,0.3279099514245545,0,0
1,0.8145791978779892,1,1
1,0.44774012438299715,0,0
1,0.713948834325229,1,1
1,0.4727627983842608,0,1
1,0.6881827263241674,1,1
0,0.24899703727571834,0,0
0,0.8027624922284469,1,1
1,0.8451753547594638,1,1
0,0.6769674864908036,1,1
0,0.08571657475000419,0,0
0,0.18014437161480976,0,0
0,0.3286551677409101,0,0
0,0.08153656504843351,0,0
0,0.207404005095922,0,0
1,0.714524385790817,1,1
1,0.16111055935823484,0,0
0,0.21629497245648552,0,0
1,0.7423484378995132,1,1
0,0.24083693246216534,0,0
0,0.35310027013602974,0,0
0,0.10983092958560865,0,0
0,0.06998874264851272,0,0
1,0.7302005335742064,1,1
0,0.1844766357130777,0,0
0,0.49142847745230434,0,1
1,0.7804126412526192,1,1
0,0.4348855028691757,0,0
1,0.7356136036783845,1,1
1,0.7838297579629624,1,1
0,0.2128228304899799,0,0
0,0.23740496208876924,0,0
1,0.6097152493402916,1,1
1,0.33649301730909126,0,0
1,0.6924188796801578,1,1
0,0.527733149819169,1,1
1,0.5491122655768711,1,1
0,0.31903835180459517,0,0
0,0.1746711633716374,0,0
0,0.5569540146455005,1,1
1,0.7448831538093502,1,1
0,0.4699627789103287,0,0
0,0.13402542669992756,0,0
0,0.12018109177748673,0,0
0,0.24750359424447846,0,0
1,0.7807262207920822,1,1
0,0.402135068697648,0,0
0,0.18922741787265057,0,0
0,0.0531128822038315,0,0
1,0.8709320623968047,1,1
1,0.3733230689901095,0,0
0,0.5959946963118467,1,1
1,0.7080511669130722,1,1
0,0.2941515244911098,0,0
0,0.4139799287904466,0,0
1,0.3687386797192473,0,0
0,0.3918282483278284,0,0
0,0.22047867792376497,0,0
0,0.04997947546267123,0,0
0,0.08814313818686456,0,0
0,0.2501160082379872,0,0
0,0.2144017887690384,0,0
1,0.2958320677020067,0,0
0,0.4294887119887219,0,0
0,0.10201663052860935,0,0
0,0.19014872453650017,0,0
1,0.595519013849603,1,1
1,0.7459621656910725,1,1
1,0.7504195195480751,1,1
0,0.3491588506119983,0,0
1,0.41247745798104696,0,0
1,0.7819228324379983,1,1
0,0.24290085090381952,0,0
0,0.2157383871336942,0,0
1,0.6426468403140028,1,1
0,0.7883967783748138,1,1
0,0.33573953996000533,0,0
0,0.18538339480142138,0,0
1,0.6080098705269019,1,1
0,0.5993835408342746,1,1
0,0.2792031722803785,0,0
1,0.2313689390116406,0,0
1,0.40541192343816435,0,0
0,0.03754817354688786,0,0
1,0.4888971591886593,0,1
0,0.32534567254838015,0,0
1,0.681366017427878,1,1
1,0.31503078991281647,0,0
0,0.8120913210948459,1,1
0,0.19394298173130686,0,0
1,0.8809613206106587,1,1
0,0.1689826368425514,0,0
0,0.3256391834194836,0,0
1,0.8688076017033718,1,1
0,0.3249785262271458,0,0
0,0.17109249758773304,0,0
1,0.756949439670984,1,1
1,0.37844348658022414,0,0
0,0.3326559536222587,0,0
0,0.49516554627087944,0,1
1,0.34713087037172285,0,0
0,0.1016418282224158,0,0
1,0.8994570608593376,1,1
0,0.34382403575063286,0,0
0,0.1550270696917752,0,0
1,0.8296385323032335,1,1
0,0.7786612949357246,1,1
1,0.6725308022171091,1,1
1,0.9150276110177437,1,1
0,0.8490394011711475,1,1
0,0.15144619770577644,0,0
0,0.05013921595443499,0,0
1,0.8221621631817676,1,1
0,0.10823770797013886,0,0
0,0.2540632677027906,0,0
1,0.8848073297149308,1,1
0,0.353824620942385,0,0
0,0.1501408111015888,0,0
1,0.6275359534632732,1,1
0,0.11327968002957932,0,0
1,0.4789828104422306,0,1
0,0.11950841363367216,0,0
0,0.16206819516024626,0,0
1,0.665114353438394,1,1
1,0.7653553261785019,1,1
0,0.1627912198021649,0,0
0,0.454978074251781,0,0
1,0.8248931442996503,1,1
0,0.7533770782947383,1,1
0,0.5074388521937082,1,1
0,0.2849221073547815,0,0
0,0.5338303505237174,1,1
0,0.47242455651362814,0,1
1,0.8769993446667796,1,1
1,0.4116864492403505,0,0
0,0.24620527142917906,0,0
0,0.06211578325357955,0,0
1,0.8508147605127411,1,1
0,0.1919398243536411,0,0
0,0.7925945452073938,1,1
1,0.8566916405089822,1,1
0,0.15020702445790904,0,0
0,0.5793184444457709,1,1
1,0.2858884789680682,0,0
0,0.6505686169887137,1,1
1,0.6003946901179613,1,1
0,0.49730936749517035,0,1
0,0.41415981852172246,0,0
0,0.3664098752205089,0,0
0,0.61225924383743,1,1
0,0.20525862804116185,0,0
1,0.5053888550247714,1,1
0,0.5888093588822049,1,1
1,0.923333237530747,1,1
0,0.12713241159303898,0,0
1,0.6462321839473119,1,1
1,0.3201332590771491,0,0
0,0.4718384658023231,0,1
0,0.22663167914586835,0,0
0,0.25964627189727274,0,0
0,0.10498809463109664,0,0
0,0.7371216115342062,1,1
0,0.1951103356596336,0,0
1,0.8103995139612153,1,1
0,0.5205780173945148,1,1
1,0.30483898360318334,0,0
1,0.6898048829978013,1,1
0,0.4769915265352844,0,1
0,0.14062135043100865,0,0
0,0.1741859757801438,0,0
0,0.2020798712977773,0,0
1,0.7414842207029871,1,1
0,0.2329173619899553,0,0
1,0.5695424893010821,1,1
0,0.451726264897026,0,0
0,0.40323361686111003,0,0
0,0.7948929462729751,1,1
1,0.19107766899593184,0,0
1,0.7358538467545309,1,1
1,0.9463465438183607,1,1
0,0.14426229175393354,0,0
1,0.8353432093518051,1,1
0,0.7760365100550122,1,1
0,0.14589563887481047,0,0
1,0.6875224342199883,1,1
0,0.31360117115200187,0,0
0,0.4538819698708127,0,0
0,0.18095785651932872,0,0
0,0.35781181146158914,0,0
0,0.7300982597556095,1,1
0,0.20167450213642776,0,0
0,0.5848672276811687,1,1
0,0.24120773634237055,0,0
1,0.5841081079605137,1,1
0,0.26307036044729765,0,0
1,0.898345446594139,1,1
1,0.635112714244932,1,1
0,0.16383412362209962,0,0
1,0.8358351406706686,1,1
0,0.2716713279374592,0,0
0,0.26268150865206114,0,0
0,0.31197339067597685,0,0
0,0.2840226962897238,0,0
0,0.4576805068265277,0,0
0,0.21291401352973513,0,0
0,0.26465386128935225,0,0
1,0.6828861561365727,1,1
0,0.2708229135346998,0,0
0,0.3272019676085038,0,0
0,0.1781208306351668,0,0
1,0.888295981753776,1,1
0,0.41730402429124247,0,0
0,0.5713570832570373,1,1
1,0.19489788908761332,0,0
1,0.6968468156706901,1,1
0,0.42150321233453497,0,0
0,0.37766031118592663,0,0
1,0.31422959450397503,0,0
0,0.7123382263799733,1,1
0,0.4904387095860235,0,1
0,0.46062276000603664,0,0
1,0.7650624557833406,1,1
0,0.39117806269979516,0,0
1,0.8910351473865961,1,1
1,0.4760118172680289,0,1
0,0.8551121002365812,1,1
0,0.6959670669352724,1,1
0,0.06026030385074412,0,0
1,0.9698442627697578,1,1
0,0.29116851568427843,0,0
0,0.4387026110431058,0,0
0,0.24323653418679367,0,0
0,0.19995767762041503,0,0
1,0.4254013797100131,0,0
1,0.8806360801155403,1,1
0,0.15964170276399006,0,0
1,0.7234124867575292,1,1
0,0.5457247689240895,1,1
0,0.30975835674379193,0,0
0,0.7679315698013908,1,1
1,0.6326799764979647,1,1
1,0.4217337871387718,0,0
0,0.3432683043277918,0,0
0,0.9207524171013703,1,1
0,0.18513614770733916,0,0
0,0.31902788379214814,0,0
1,0.3811651186565277,0,0
1,0.6573962254655756,1,1
0,0.21362968260123683,0,0
0,0.1769910108922022,0,0
0,0.41371445631497333,0,0
0,0.41662219217882906,0,0
1,0.6881997145184856,1,1
0,0.18107078736416407,0,0
0,0.844117862317203,1,1
0,0.9054620591352839,1,1
1,0.43238497625161165,0,0
0,0.0975524039519884,0,0
0,0.46490359490254063,0,0
0,0.38811480675582,0,0
0,0.5418155690056721,1,1
0,0.18171845066486925,0,0
0,0.5419056936009933,1,1
1,0.7686041512268678,1,1
0,0.22717183228765167,0,0
0,0.6289233072083192,1,1
1,0.4592344919872387,0,0
0,0.1910848188600153,0,0
1,0.8076966057044309,1,1
1,0.9043022018485151,1,1
0,0.11690058660710219,0,0
1,0.7476122619038084,1,1
0,0.5248710574518766,1,1
0,0.09140521044260068,0,0
0,0.10322951506524877,0,0
0,0.5742194106662453,1,1
1,0.9116264946110378,1,1
1,0.8564182273261524,1,1
0,0.09584838198862781,0,0
0,0.3457618508355051,0,0
0,0.6876603564319876,1,1
1,0.9164739161340576,1,1
1,0.9207477546470297,1,1
0,0.170741817549366,0,0
0,0.06763534027567843,0,0
0,0.22919529626372928,0,0
0,0.43192699876292256,0,0
0,0.5487282948107544,1,1
0,0.1258917352770248,0,0
0,0.10331854476473226,0,0
0,0.5949753690432936,1,1
0,0.5825673172643584,1,1
1,0.34580681092241666,0,0
1,0.6209194986375506,1,1
0,0.5745906674139969,1,1
0,0.17607906935418746,0,0
0,0.3659508508808785,0,0
1,0.5734130480375541,1,1
1,0.5086512958003034,1,1
1,0.9470449770605651,1,1
1,0.720335673569075,1,1
1,0.5873961138937224,1,1
0,0.11322747174776984,0,0
0,0.5297792741894106,1,1
0,0.3637564470242969,0,0
1,0.19791792384049336,0,0
0,0.11386284785594446,0,0
0,0.6586758194319758,1,1
1,0.4193522498047093,0,0
0,0.1825717922128741,0,0
0,0.849516624668383,1,1
0,0.36814858526704264,0,0
1,0.2065093504228725,0,0
0,0.1783758313430847,0,0
0,0.5924698838028202,1,1
1,0.597981872473518,1,1
0,0.30003661014714134,0,0
1,0.40903435193357374,0,0
0,0.2974990112292458,0,0
1,0.9033237005608988,1,1
1,0.680580090783159,1,1
1,0.7974922483504319,1,1
1,0.859341263963959,1,1
0,0.7411022927466424,1,1
0,0.46772247098269737,0,0
1,0.7831060353188578,1,1
1,0.3596625559163994,0,0
0,0.3262218757664893,0,0
0,0.5115091765353615,1,1
1,0.3909485608354854,0,0
1,0.9129253071130456,1,1
1,0.7200310401683894,1,1
0,0.07418660492627492,0,0
1,0.7387005934209828,1,1
0,0.208219403870508,0,0
1,0.7300369229036642,1,1
1,0.5026396615708218,1,1
1,0.4717404380046964,0,1
0,0.32037374840154464,0,0
0,0.5841298992834401,1,1
0,0.13901079174372302,0,0
0,0.06619032875663038,0,0
0,0.658339774986574,1,1
0,0.776306677601901,1,1
1,0.5773448923300845,1,1
1,0.2532246095311732,0,0
0,0.3655880739096886,0,0
1,0.8116429447639042,1,1
0,0.3312600155657709,0,0
1,0.46563126290677026,0,0
0,0.1422273564719517,0,0
0,0.06855090792099398,0,0
0,0.5102460662640476,1,1
0,0.6002212262924358,1,1
0,0.3545582085097175,0,0
0,0.3637108243099034,0,0
0,0.5025146154556286,1,1
1,0.7900908229695964,1,1
0,0.5035188117559044,1,1
0,0.288104472074366,0,0
0,0.14708749182966474,0,0
1,0.3300649263583983,0,0
1,0.47727494500133594,0,1
1,0.7705982073528923,1,1
1,0.6245598699815872,1,1
0,0.17476709749054656,0,0
1,0.4127647837050934,0,0
1,0.6853551547154967,1,1
1,0.18533774077790624,0,0
0,0.5665773991993424,1,1
0,0.3828497237005123,0,0
0,0.5622842678181468,1,1
1,0.8296812299421478,1,1
0,0.19097736956540295,0,0
0,0.19749177408902024,0,0
0,0.45469502235429216,0,0
1,0.8378382256940774,1,1
0,0.11802554623716013,0,0
0,0.17521544634290487,0,0
0,0.17097065478688692,0,0
0,0.06011745043992866,0,0
0,0.13582023205044688,0,0
1,0.8224214242980352,1,1
0,0.38586030447608677,0,0
1,0.6643064213254856,1,1
1,0.8122016912180039,1,1
0,0.33093782242764125,0,0
1,0.7461556364359183,1,1
0,0.31024174804515064,0,0
1,0.7929826679644033,1,1
0,0.47051035608269526,0,1
0,0.3793017255493936,0,0
1,0.6303323352559378,1,1
0,0.1335391396377823,0,0
0,0.10685334921262098,0,0
0,0.7646275070385162,1,1
0,0.5998220602936087,1,1
1,0.28728338441634194,0,0
1,0.7905610690911602,1,1
0,0.20124372938437507,0,0
1,0.13225419540539676,0,0
0,0.6350009712664333,1,1
0,0.5372027101450594,1,1
1,0.8260755276124053,1,1
0,0.04227501116899013,0,0
1,0.8138980090139722,1,1
1,0.8550326899442431,1,1
0,0.1718012187436775,0,0
0,0.6924209836111962,1,1
1,0.4945208067162091,0,1
0,0.23301346144753982,0,0
0,0.42090800181122323,0,0
0,0.10296763665146716,0,0
0,0.26469956302378217,0,0
0,0.38794358332883744,0,0
1,0.7375600596187873,1,1
0,0.18922762856313147,0,0
0,0.09046978793906921,0,0
1,0.36078193322489194,0,0
1,0.6246141235223648,1,1
1,0.5226363236842396,1,1
1,0.8393549316468064,1,1
1,0.8772025053838696,1,1
0,0.05908480962698948,0,0
1,0.4249453601817914,0,0
0,0.5660065886344758,1,1
0,0.4195221589089858,0,0
0,0.23157432081500365,0,0
0,0.1801810458940765,0,0
1,0.6815193868452442,1,1
1,0.49555829561278497,0,1
1,0.24099602841512044,0,0
1,0.2904605965283995,0,0
0,0.46848317576705045,0,0
0,0.3864244327149211,0,0
0,0.15284850755973245,0,0
0,0.282931766576535,0,0
1,0.36571194468488327,0,0
1,0.6928029309483331,1,1
1,0.610698861478463,1,1
0,0.3650249198378178,0,0
1,0.4843531393343481,0,1
0,0.6965694709790498,1,1
0,0.663284226545327,1,1
0,0.3100997664485314,0,0
1,0.45825363475047354,0,0
0,0.4892500817022397,0,1
0,0.3626469061443439,0,0
1,0.8237371458385216,1,1
0,0.37405555285631564,0,0
1,0.7773740939577709,1,1
0,0.3711222365220075,0,0
0,0.06511774491509112,0,0
1,0.4678295104100358,0,0
1,0.9488379932355158,1,1
0,0.5348672718968597,1,1
0,0.16691160785714113,0,0
0,0.7908237921807557,1,1
1,0.7266332478977898,1,1
1,0.850168150625638,1,1
1,0.7720924795694813,1,1
1,0.5038212629633154,1,1
0,0.3113842800859515,0,0
1,0.6177687388492332,1,1
0,0.062137904139602955,0,0
1,0.76060808791971,1,1
0,0.37243628079871705,0,0
0,0.9082885915852155,1,1
0,0.3619450295568513,0,0
0,0.5434304167977062,1,1
1,0.9189513930883687,1,1
0,0.1180579448249989,0,0
0,0.475950835933967,0,1
0,0.3670478881093486,0,0
1,0.2608467357320178,0,0
1,0.5650278786515667,1,1
0,0.03962831364819629,0,0
0,0.8314532253118192,1,1
1,0.6628414494282988,1,1
0,0.5659876990998873,1,1
0,0.6437223488452174,1,1
0,0.18316114923554164,0,0
0,0.7669106576238611,1,1
0,0.42921476141405474,0,0
0,0.42579912314260593,0,0
1,0.8000064426474657,1,1
1,0.6488994221977226,1,1
0,0.10932353688420189,0,0
1,0.8686221945940664,1,1
0,0.2060306969840903,0,0
0,0.06219576387299976,0,0
1,0.3896406612524328,0,0
1,0.8689496986699984,1,1
0,0.7088031039345394,1,1
0,0.3251228968283198,0,0
0,0.6082138151710347,1,1
1,0.8284734608542286,1,1
1,0.7858205027893,1,1
1,0.9266238362867704,1,1
1,0.7535340793118471,1,1
0,0.17866831068146308,0,0
0,0.11535050127724557,0,0
0,0.02968811080064421,0,0
0,0.08022847400160883,0,0
0,0.9176682782330164,1,1
0,0.8399116902956277,1,1
0,0.37771883387865923,0,0
0,0.1915284800906242,0,0
0,0.5718869057530355,1,1
0,0.05355485712625986,0,0
1,0.8832352374516684,1,1
1,0.5346230732752034,1,1
0,0.5935434636551129,1,1
0,0.2307611539968551,0,0
0,0.07536536864602209,0,0
1,0.8775954320904367,1,1
1,0.9443403565830766,1,1
1,0.7603037198503854,1,1
1,0.644595579401343,1,1
0,0.14422216871229157,0,0
0,0.452620467627444,0,0
0,0.22216416577026438,0,0
0,0.10474158843813959,0,0
0,0.13589932800211815,0,0
1,0.6371205819267262,1,1
0,0.3579370654606263,0,0
0,0.5510113010506301,1,1
0,0.07025794795843618,0,0
0,0.09270063709242436,0,0
0,0.1669906690076797,0,0
0,0.11167969213438234,0,0
0,0.37823660138524795,0,0
1,0.9265497114734749,1,1
0,0.4034086985926759,0,0
1,0.8865312188176765,1,1
1,0.49803542735926853,0,1
0,0.10888144333432587,0,0
0,0.11777673023694092,0,0
0,0.6452210340488805,1,1
0,0.19505740286698717,0,0
0,0.5102564715527721,1,1
1,0.3254076897587556,0,0
0,0.27787957687296116,0,0
0,0.21663433284421477,0,0
0,0.888794344352394,1,1
0,0.5353498679727142,1,1
0,0.6793727236585726,1,1
0,0.17520975214296947,0,0
0,0.13384040440990863,0,0
0,0.35476439410269583,0,0
0,0.789149337148956,1,1
0,0.7659295979495411,1,1
0,0.393267178374133,0,0
0,0.31575553097210973,0,0
1,0.7204689913650686,1,1
0,0.4340284207919822,0,0
0,0.648943663908071,1,1
1,0.798112533640404,1,1
1,0.7365060152344655,1,1
0,0.1812855673309844,0,0
0,0.31359403303558375,0,0
1,0.47221047680831557,0,1
0,0.08655398263367622,0,0
1,0.86685941502083,1,1
1,0.5694345740660771,1,1
0,0.11570655033077012,0,0
0,0.6391901837062764,1,1
0,0.19967679487173406,0,0
0,0.17626161137849955,0,0
0,0.4655993812279761,0,0
0,0.19819221809165147,0,0
1,0.2698665696372595,0,0
1,0.7167047444499806,1,1
0,0.2020742392698934,0,0
0,0.11210564302885417,0,0
0,0.09530039145186472,0,0
0,0.22553457675238514,0,0
0,0.15709779377261776,0,0
0,0.1832999632328911,0,0
0,0.3401253966543334,0,0
0,0.5020674682775134,1,1
0,0.1897315627969463,0,0
1,0.5744829348500489,1,1
0,0.42888138172423507,0,0
0,0.1387065239219787,0,0
0,0.10566714532009433,0,0
1,0.5919106884204939,1,1
0,0.14124722193681685,0,0
1,0.2981528898899771,0,0
0,0.07522660158027092,0,0
0,0.26855955569871764,0,0
0,0.34191419204093776,0,0
1,0.47115663647371114,0,1
0,0.29804008950173133,0,0
0,0.5306541770275035,1,1
0,0.1161307816437535,0,0
0,0.8313065684961204,1,1
0,0.8647423559071244,1,1
1,0.5578564677848566,1,1
0,0.2586212611653511,0,0
0,0.7306426011643592,1,1
0,0.12166192132333009,0,0
1,0.8368276591864412,1,1
0,0.1646346198714164,0,0
0,0.34206299013250097,0,0
0,0.1344776872280866,0,0
0,0.25210350924615915,0,0
0,0.6654720786902063,1,1
0,0.22717383786811707,0,0
1,0.5519164837970748,1,1
1,0.39523065251201595,0,0
1,0.7196041499651382,1,1
1,0.4172357468109943,0,0
1,0.5319701485907201,1,1
0,0.3885096889020721,0,0
1,0.7782712307062901,1,1
1,0.8829466356126207,1,1
0,0.13696472395237366,0,0
0,0.3078190915932035,0,0
1,0.47529163742133884,0,1
0,0.3521070661424903,0,0
1,0.9403695580887035,1,1
0,0.2308282718118266,0,0
1,0.7578945282875584,1,1
0,0.1327329387295447,0,0
1,0.7090805037867055,1,1
1,0.7321986080825164,1,1
1,0.8721946609528073,1,1
0,0.2496829752985342,0,0
1,0.9440483437649092,1,1
1,0.7518873427431494,1,1
1,0.569714505932485,1,1
0,0.1406557096067023,0,0
0,0.20572097909276704,0,0
0,0.33060103397611185,0,0
0,0.495694034490364,0,1
0,0.7612938708675016,1,1
0,0.5632104532101692,1,1
1,0.8498519000058065,1,1
1,0.7907850177645229,1,1
1,0.45059489365007577,0,0
0,0.6036801029180912,1,1
1,0.8228875077878561,1,1
1,0.8170893480371265,1,1
1,0.806843529171475,1,1
0,0.30323792278426637,0,0
0,0.5916381144994839,1,1
1,0.7791584143650113,1,1
1,0.7707245976306132,1,1
1,0.9316582537197177,1,1
0,0.22346196898550144,0,0
0,0.40027139933210826,0,0
1,0.7518610783763306,1,1
1,0.3581449600701213,0,0
0,0.5185612164996172,1,1
1,0.7792208019443225,1,1
0,0.38666816409323246,0,0
0,0.07690017729011227,0,0
0,0.4664574150316152,0,0
1,0.7436411980953529,1,1
1,0.6339282750887856,1,1
0,0.11818864887781935,0,0
0,0.08118914578067903,0,0
0,0.2505878434260712,0,0
0,0.2025975784867138,0,0
0,0.42771216550825386,0,0
0,0.17024976423134394,0,0
1,0.8801710159630589,1,1
0,0.8036361995275247,1,1
1,0.7202910686603331,1,1
0,0.33653548519213544,0,0
1,0.2958772848235575,0,0
0,0.5017798824900173,1,1
0,0.8539037278823923,1,1
1,0.3455216380530675,0,0
1,0.7348032077310152,1,1
0,0.18317402868209678,0,0
0,0.29917940821519096,0,0
1,0.34033273795887664,0,0
0,0.6804110525642613,1,1
1,0.46498149036045805,0,0
0,0.8023891877088,1,1
0,0.4290780387595561,0,0
0,0.4442657818095496,0,0
0,0.06346069909460529,0,0
1,0.7857538526390658,1,1
0,0.204583627050443,0,0
0,0.5994293257126857,1,1
1,0.5998976337908449,1,1
1,0.6791212790854118,1,1
0,0.23677495140860647,0,0
0,0.40820900810435234,0,0
0,0.45321780661690925,0,0
1,0.6790926341781348,1,1
0,0.18676092260753313,0,0
1,0.9292079952126565,1,1
0,0.6096154665650763,1,1
0,0.09023266300871487,0,0
1,0.3754907681045327,0,0
0,0.045488613054463625,0,0
1,0.8048645599462307,1,1
0,0.15587081342666836,0,0
1,0.6025788332883604,1,1
1,0.14378630242829338,0,0
1,0.8139143559478516,1,1
0,0.250880113350867,0,0
1,0.9352579990244342,1,1
1,0.18489291083401685,0,0
0,0.5797975578209718,1,1
0,0.1971260646223589,0,0
0,0.8977246102248886,1,1
1,0.5278314953586747,1,1
0,0.42181448228019325,0,0
0,0.7667916075995916,1,1
1,0.9544486948697275,1,1
0,0.478755779145409,0,1
0,0.5288382446678229,1,1
1,0.7753178832137756,1,1
0,0.7864850404684749,1,1
0,0.2625556578225031,0,0
0,0.5250445041409182,1,1
0,0.5656012835632293,1,1
1,0.212876092606103,0,0
1,0.6003103284912468,1,1
1,0.7734819497547115,1,1
0,0.08110622128894719,0,0
0,0.7468519856001298,1,1
0,0.75757696637904,1,1
1,0.8666925337783662,1,1
0,0.22070000259057176,0,0
0,0.7221357811385616,1,1
0,0.10359108886841012,0,0
0,0.40844531034634485,0,0
1,0.5841607099559808,1,1
1,0.7608827631605228,1,1
0,0.09489208337522682,0,0
1,0.5119999522807923,1,1
1,0.6254588472099248,1,1
0,0.6245784377330332,1,1
0,0.3311466876157335,0,0
1,0.2632171863603639,0,0
0,0.4057993027225132,0,0
0,0.23052256308314778,0,0
0,0.7436634887649947,1,1
1,0.674788679190807,1,1
0,0.30223708892238244,0,0
1,0.9470436933591352,1,1
1,0.6992020358949376,1,1
0,0.20829075127851596,0,0
0,0.10664701775302446,0,0
1,0.8808635413343912,1,1
0,0.48871707715485224,0,1
0,0.17092102370460305,0,0
0,0.24426871818416138,0,0
1,0.5913831681548284,1,1
0,0.39022663585057327,0,0
0,0.15729680684109734,0,0
0,0.31433149689414686,0,0
1,0.8470621673839266,1,1
0,0.3687134624837549,0,0
0,0.22881228217144722,0,0
0,0.09292672009114607,0,0
0,0.44686127825328936,0,0
0,0.7584527650842857,1,1
0,0.1437079268319517,0,0
0,0.1254576164151973,0,0
1,0.21222647541073753,0,0
0,0.38973331850459586,0,0
0,0.2937502463458909,0,0
0,0.8136765832004194,1,1
0,0.3802832569382675,0,0
1,0.7872775991193504,1,1
0,0.37473641966332205,0,0
0,0.1979457576550157,0,0
1,0.12207907285125841,0,0
0,0.28195767115149334,0,0
1,0.4470045872529148,0,0
1,0.6314219696499765,1,1
0,0.941610855149418,1,1
1,0.3807037343869447,0,0
0,0.45904510208711213,0,0
0,0.14502267386169865,0,0
1,0.695688934422009,1,1
1,0.9017096338448373,1,1
0,0.7267949934484831,1,1
1,0.881081376104686,1,1
0,0.1187016942112741,0,0
0,0.12478468506305976,0,0
1,0.7128184577308649,1,1
0,0.08327751087835232,0,0
0,0.113444756769357,0,0
0,0.46792350245719255,0,0
0,0.09496757051253596,0,0
0,0.20755259694201275,0,0
1,0.3222034067479061,0,0
0,0.08159269857080341,0,0
1,0.9043416251404316,1,1
0,0.7027164278874305,1,1
1,0.31423513137870557,0,0
0,0.4728638441035263,0,1
0,0.443402814214516,0,0
0,0.09053248169300483,0,0
1,0.6321378336470495,1,1
0,0.13187643624802844,0,0
0,0.0677021976976136,0,0
1,0.674845362452492,1,1
0,0.20880688970873257,0,0
0,0.3006992453505286,0,0
0,0.20272917045427147,0,0
0,0.8259306799008794,1,1
0,0.6313851179560448,1,1
0,0.2428372228960489,0,0
0,0.3677811889301637,0,0
0,0.42520351653755917,0,0
0,0.7928081983182789,1,1
0,0.6785307925066177,1,1
0,0.2532056912741894,0,0
0,0.21864780798637765,0,0
0,0.9232151656146351,1,1
0,0.6782716374924421,1,1
1,0.549599520446395,1,1
1,0.6255780443894234,1,1
1,0.5801478839608298,1,1
0,0.29031110666250115,0,0
0,0.1095387664952366,0,0
0,0.4281893097113171,0,0
0,0.40141777636392495,0,0
0,0.7128689048548675,1,1
0,0.39782101334515113,0,0
0,0.30837729551246107,0,0
1,0.6121710554680114,1,1
1,0.2531345494008318,0,0
1,0.08467598871340591,0,0
0,0.2642662987898736,0,0
0,0.7685276997706088,1,1
1,0.3527095032109939,0,0
0,0.147552512950037,0,0
1,0.6979760065020781,1,1
0,0.3403606921684258,0,0
0,0.5508351675979781,1,1
1,0.3724081922718306,0,0
1,0.6598924051474067,1,1
0,0.753692390841983,1,1
1,0.4265125440862803,0,0
0,0.3030029751607318,0,0
0,0.19606296761478445,0,0
0,0.43320540460700785,0,0
0,0.4669143623634995,0,0
1,0.9060784302785203,1,1
0,0.13795623078444655,0,0
0,0.14110535177753708,0,0
1,0.9187834834046278,1,1
0,0.8073497905006164,1,1
0,0.17200113565614672,0,0
1,0.9389079980145318,1,1
1,0.134057559842061,0,0
0,0.5530745478598297,1,1
1,0.8289208862480391,1,1
1,0.5860875377589125,1,1
0,0.24116520187777266,0,0
0,0.15277170881139132,0,0
0,0.17104743375312487,0,0
1,0.5139558228434238,1,1
0,0.07290278479087745,0,0
0,0.8843851729920221,1,1
1,0.4445408111527706,0,0
1,0.7128414764006126,1,1
