iter	Logloss
0	0.685703374
1	0.6780453431
2	0.6713443649
3	0.6645311372
4	0.6579127538
5	0.651916843
6	0.6468013856
7	0.6415649435
8	0.6365984686
9	0.6315256683
10	0.6272285629
11	0.6233704805
12	0.6199351212
13	0.6162526668
14	0.6122694421
15	0.6091239526
16	0.6061485657
17	0.602406001
18	0.5994185868
19	0.5960738173
20	0.592837201
21	0.5899527525
22	0.5870251424
23	0.5840752535
24	0.5811031825
25	0.5784412367
26	0.5760268368
27	0.5737950361
28	0.5714820321
29	0.5692373983
30	0.567650576
31	0.5656834294
32	0.5635773973
33	0.5619125
34	0.5601204476
35	0.558451645
36	0.5573505307
37	0.5558937816
38	0.5546479765
39	0.553853362
40	0.5525432769
41	0.5511189823
42	0.5498755016
43	0.5484753988
44	0.5473542958
45	0.5462286406
46	0.5451998156
47	0.54432651
48	0.543458023
49	0.5427372579
50	0.5418683068
51	0.5408581153
52	0.5402105984
53	0.5392972354
54	0.5385412972
55	0.5377259391
56	0.5370548952
57	0.5363563609
58	0.5357898298
59	0.5350902234
60	0.5344907647
61	0.5339312692
62	0.5333156237
63	0.5326894052
64	0.5321614249
65	0.5315585612
66	0.531081668
67	0.5306572424
68	0.5302856667
69	0.5299511154
70	0.5294573484
71	0.5290867123
72	0.5286415377
73	0.5282488786
74	0.5279316789
75	0.5274088172
76	0.527135887
77	0.5267958023
78	0.5264780443
79	0.5261708609
80	0.5258404245
81	0.5255768976
82	0.5253319308
83	0.5251674439
84	0.5248078284
85	0.5244712772
86	0.5241308117
87	0.5237691336
88	0.523426801
89	0.5231503781
90	0.522918273
91	0.5225723564
92	0.5222715132
93	0.5220099122
94	0.5217412761
95	0.5214295268
96	0.5212148161
97	0.5209836326
98	0.5207719843
99	0.5205752138
100	0.5203398651
101	0.5201769857
102	0.5199582001
103	0.5198156951
104	0.5196259596
105	0.5193220169
106	0.5191011949
107	0.51885198
108	0.5187065983
109	0.5185168298
110	0.5184031433
111	0.5182634667
112	0.518116328
113	0.5179061804
114	0.5178022645
115	0.5176023432
116	0.5174802999
117	0.5174054484
118	0.5173408303
119	0.5172105434
120	0.5170066777
121	0.5168700285
122	0.5166985064
123	0.5165275591
124	0.516443041
125	0.5163487723
126	0.5162321451
127	0.5161551621
128	0.5160122373
129	0.5158759418
130	0.5158502308
131	0.5157626416
132	0.5156344724
133	0.51554706
134	0.5154340948
135	0.5153178446
136	0.5151895412
137	0.5151317005
138	0.5150315367
139	0.5149513343
140	0.514874117
141	0.5147936026
142	0.5146974176
143	0.5145605245
144	0.5144752326
145	0.5143648117
146	0.5143386181
147	0.5142746138
148	0.5141888245
149	0.5140928297
150	0.5140484105
151	0.5139601513
152	0.5138508364
153	0.5137517113
154	0.5136998657
155	0.5136159089
156	0.5135562209
157	0.5134557986
158	0.5133328174
159	0.5132608468
160	0.5132100448
161	0.5131499096
162	0.5130631023
163	0.5130131017
164	0.5129480084
165	0.5128852726
166	0.5127997906
167	0.5127545514
168	0.5126732992
169	0.5126082374
170	0.5125778092
171	0.512524986
172	0.5124398165
173	0.5123704369
174	0.5123219141
175	0.5122623883
176	0.5122190422
177	0.5121487838
178	0.5120943993
179	0.5120512868
180	0.5120103868
181	0.5119574302
182	0.5119329572
183	0.5118757671
184	0.511804104
185	0.5117565869
186	0.5117394535
187	0.5116858765
188	0.5116550854
189	0.5116056714
190	0.5115449181
191	0.5114873025
192	0.5114358486
193	0.5113646244
194	0.5113276388
195	0.5112645415
196	0.5112192059
197	0.5111685532
198	0.5111656704
199	0.5110981562
200	0.5110703732
201	0.5110356823
202	0.5109308047
203	0.5108545459
204	0.5108286962
205	0.5108027465
206	0.5107731016
207	0.5107026063
208	0.5106737399
209	0.5106306085
210	0.510577742
211	0.5105361891
212	0.5105134251
213	0.5104918811
214	0.510450563
215	0.5104055532
216	0.5103762684
217	0.5103345484
218	0.510331086
219	0.5102853327
220	0.5102338139
221	0.5101899741
222	0.5101867698
223	0.5101671926
224	0.5101152499
225	0.5100957433
226	0.5100736934
227	0.5100478602
228	0.5100202743
229	0.5099881463
230	0.5099284251
231	0.5099023985
232	0.5098593532
233	0.5098216558
234	0.5097917056
235	0.5097341854
236	0.5097275806
237	0.5096850445
238	0.5096650627
239	0.5096385348
240	0.5096075609
241	0.5096075607
242	0.5095858748
243	0.5095555851
244	0.509527066
245	0.5094644521
246	0.5094545322
247	0.509431095
248	0.5094033123
249	0.5093761824
250	0.5093211526
251	0.5093158989
252	0.509315424
253	0.5092550824
254	0.5092550757
255	0.5092029338
256	0.5091673472
257	0.5091279992
258	0.509121412
259	0.5090752533
260	0.5090117199
261	0.5089849834
262	0.508949179
263	0.5089223785
264	0.5088919716
265	0.5088442648
266	0.5088102488
267	0.5087843083
268	0.5087757317
269	0.5087507997
270	0.5087324597
271	0.5087278977
272	0.5086772738
273	0.5086456467
274	0.5086432574
275	0.5086307264
276	0.5086090807
277	0.5085767152
278	0.5085590295
279	0.5085259657
280	0.5085182423
281	0.5084984452
282	0.5084670282
283	0.5084026777
284	0.5083876933
285	0.5083611376
286	0.5083396791
287	0.5083010817
288	0.5083010816
289	0.5082669068
290	0.5082462973
291	0.5082245354
292	0.5082017527
293	0.5081927739
294	0.5081764526
295	0.5081572741
296	0.5081337803
297	0.5081130858
298	0.5081003848
299	0.5080748618
300	0.5080372075
301	0.507989142
302	0.507980841
303	0.507964807
304	0.507948233
305	0.5079164517
306	0.5078901036
307	0.5078682945
308	0.5078646305
309	0.5078422743
310	0.5078311606
311	0.5078311602
312	0.5078086845
313	0.5077718541
314	0.5077499712
315	0.5077265351
316	0.5077108885
317	0.5076634143
318	0.5076365073
319	0.507618937
320	0.5076057492
321	0.5075475839
322	0.507531055
323	0.5075149496
324	0.50749732
325	0.5074819112
326	0.5074541711
327	0.507420978
328	0.5074177408
329	0.5074177407
330	0.5073994982
331	0.5073827654
332	0.5073621349
333	0.5073475215
334	0.5073376972
335	0.5073221421
336	0.5072983997
337	0.5072860986
338	0.5072651963
339	0.5072562087
340	0.5072562084
341	0.5072461558
342	0.5072405829
343	0.5072179943
344	0.5072048824
345	0.5071907876
346	0.5071775999
347	0.50715562
348	0.5071293933
349	0.5071076207
350	0.5070686822
351	0.5070610454
352	0.5070301916
353	0.507010749
354	0.5070022623
355	0.5069774469
356	0.5069774466
357	0.5069634935
358	0.5069398762
359	0.5069300529
360	0.5069202965
361	0.5069110144
362	0.5068955087
363	0.5068912087
364	0.5068750648
365	0.5068665006
366	0.5068462689
367	0.5068310196
368	0.5068176026
369	0.506806221
370	0.506806211
371	0.5067820785
372	0.5067758968
373	0.5067639227
374	0.5067429665
375	0.5067301872
376	0.5067213058
377	0.5067108304
378	0.5066945688
379	0.5066749017
380	0.5066623771
381	0.5066537045
382	0.5066443788
383	0.5066235215
384	0.5065989621
385	0.5065692373
386	0.506557174
387	0.5065458447
388	0.5065370036
389	0.5065351967
390	0.5065142319
391	0.5065005011
392	0.506471482
393	0.5064520984
394	0.5064520984
395	0.5064490078
396	0.5064348395
397	0.5064214855
398	0.5064018497
399	0.5063914253
400	0.5063740771
401	0.5063586646
402	0.506332946
403	0.506323752
404	0.5063149553
405	0.5063013201
406	0.5062943813
407	0.5062860505
408	0.5062782795
409	0.5062671726
410	0.5062621978
411	0.506257411
412	0.5062255898
413	0.5062234194
414	0.5061809263
415	0.5061574383
416	0.5061170858
417	0.5061055314
418	0.5060944051
419	0.5060703546
420	0.5060512865
421	0.5060452473
422	0.5060402074
423	0.5060299857
424	0.5060212306
425	0.5060212301
426	0.5059915
427	0.5059873592
428	0.5059465214
429	0.5059327995
430	0.5059087643
431	0.5058947376
432	0.5058821642
433	0.5058527394
434	0.5058423243
435	0.5058337758
436	0.505818958
437	0.5057981
438	0.5057622705
439	0.5057343149
440	0.5057337776
441	0.5057226727
442	0.5057120522
443	0.5057042746
444	0.5056829898
445	0.5056721572
446	0.5056595721
447	0.5056513424
448	0.5056356405
449	0.5056014778
450	0.5056014777
451	0.5055914334
452	0.5055694801
453	0.5055523933
454	0.505548192
455	0.505538524
456	0.5055250933
457	0.505496077
458	0.5054892457
459	0.5054892453
460	0.5054892449
461	0.5054621469
462	0.5054512595
463	0.5054338399
464	0.5053857362
465	0.5053748925
466	0.5053714817
467	0.5053227632
468	0.505309205
469	0.5052794511
470	0.5052399828
471	0.5052115456
472	0.5051891803
473	0.5051779865
474	0.5051562743
475	0.5051330099
476	0.5051316367
477	0.5051114163
478	0.5051008555
479	0.5050988686
480	0.5050636895
481	0.5050522712
482	0.5050390799
483	0.5050236392
484	0.5050154727
485	0.5050039858
486	0.5049866074
487	0.5049458402
488	0.5049226277
489	0.5049011706
490	0.5048785813
491	0.5048445683
492	0.5048275699
493	0.5048173111
494	0.5048006438
495	0.5047886709
496	0.5047602615
497	0.5047436422
498	0.5047337157
499	0.5046792481
500	0.5046778334
501	0.5046331102
502	0.5045994645
503	0.5045909437
504	0.5045904287
505	0.5045682539
506	0.5045280767
507	0.5045237833
508	0.5045150737
509	0.5044870217
510	0.5044732347
511	0.5044398142
512	0.5044167139
513	0.5043869852
514	0.5043563501
515	0.5043264303
516	0.5043031551
517	0.504264304
518	0.5042315001
519	0.5042204029
520	0.5041921233
521	0.5041692635
522	0.5041530311
523	0.5041272539
524	0.5041056032
525	0.5040931347
526	0.504049139
527	0.5040291212
528	0.504015265
529	0.5040002195
530	0.5039928054
531	0.5039649704
532	0.503947722
533	0.5039222196
534	0.5039045594
535	0.5038905099
536	0.5038421024
537	0.503810793
538	0.5037856779
539	0.5037603698
540	0.503731334
541	0.5036941895
542	0.5036632834
543	0.5036320262
544	0.5035992416
545	0.5035531462
546	0.5035030519
547	0.5034995832
548	0.5034820703
549	0.503450751
550	0.5034061348
551	0.5033883451
552	0.5033592024
553	0.5033525538
554	0.503340177
555	0.5033236549
556	0.5032719518
557	0.5032419044
558	0.503210702
559	0.5031830115
560	0.5031406588
561	0.5031052491
562	0.5030655171
563	0.5030274777
564	0.5029990067
565	0.5029644622
566	0.5029334845
567	0.5029016726
568	0.502882553
569	0.502869859
570	0.5028412282
571	0.5028230176
572	0.5027908766
573	0.5027465337
574	0.5027344287
575	0.5026977751
576	0.5026820774
577	0.5026537203
578	0.5026225281
579	0.5025924351
580	0.5025471717
581	0.5025017551
582	0.5024628697
583	0.5024249034
584	0.5024001257
585	0.5023753585
586	0.5023309998
587	0.5022954955
588	0.5022675604
589	0.5022491377
590	0.502230444
591	0.5021987246
592	0.5021601746
593	0.5021333588
594	0.5020918135
595	0.5020624857
596	0.5020304762
597	0.5020140048
598	0.5019790034
599	0.501947549
600	0.5019213552
601	0.5018905037
602	0.5018668135
603	0.5018301384
604	0.5017940455
605	0.5017645601
606	0.5017332141
607	0.5016936506
608	0.5016616308
609	0.501639411
610	0.5016123423
611	0.5015636893
612	0.5015321171
613	0.5014966439
614	0.5014695182
615	0.5014346836
616	0.5014151478
617	0.5013781465
618	0.5013440772
619	0.5013084221
620	0.5012790547
621	0.5012606835
622	0.5012349119
623	0.5012043146
624	0.5011720058
625	0.5011392195
626	0.5010986585
627	0.5010667842
628	0.5010432367
629	0.5010168443
630	0.5009929644
631	0.5009600224
632	0.5009357607
633	0.5009111944
634	0.5008816778
635	0.5008647758
636	0.5008337247
637	0.5008044718
638	0.5007734154
639	0.5007393275
640	0.5007259717
641	0.5006921338
642	0.5006708376
643	0.5006476733
644	0.500619316
645	0.5005941188
646	0.5005770998
647	0.5005458198
648	0.5005198254
649	0.500488338
650	0.5004654708
651	0.5004350779
652	0.5004026282
653	0.5003694237
654	0.5003416475
655	0.5003009195
656	0.5002689028
657	0.5002452025
658	0.5002290527
659	0.5001952031
660	0.5001758042
661	0.5001548474
662	0.5001208756
663	0.500099264
664	0.5000763263
665	0.5000541764
666	0.5000224837
667	0.4999992244
668	0.4999828212
669	0.499957454
670	0.4999381884
671	0.4999144927
672	0.4998932669
673	0.4998712627
674	0.4998570962
675	0.499830041
676	0.4998142596
677	0.4997878326
678	0.4997633176
679	0.4997405621
680	0.4997206797
681	0.4996953797
682	0.4996759806
683	0.4996496522
684	0.4996188163
685	0.4996060456
686	0.4995857709
687	0.4995565288
688	0.4995335352
689	0.4995064078
690	0.4994818569
691	0.4994584377
692	0.4994398025
693	0.4994185811
694	0.4993977152
695	0.4993814373
696	0.4993624026
697	0.4993453235
698	0.4993226694
699	0.4993050902
700	0.4992828257
701	0.4992620863
702	0.4992458542
703	0.4992265844
704	0.4992091058
705	0.499193397
706	0.4991782261
707	0.4991551499
708	0.4991493843
709	0.4991313278
710	0.4991030027
711	0.4990820333
712	0.4990697834
713	0.4990504588
714	0.4990400185
715	0.4990237863
716	0.4990030939
717	0.4989784033
718	0.4989564574
719	0.4989340143
720	0.4989164203
721	0.4988992454
722	0.4988918843
723	0.4988776754
724	0.4988472832
725	0.4988332701
726	0.498815472
727	0.4987941906
728	0.4987723529
729	0.4987538651
730	0.4987410167
731	0.4987256729
732	0.4987107729
733	0.4986800698
734	0.4986667745
735	0.4986454315
736	0.4986290737
737	0.4986123128
738	0.4985898861
739	0.4985662744
740	0.4985454645
741	0.4985220016
742	0.4985097886
743	0.498498182
744	0.4984830713
745	0.4984694879
746	0.4984518939
747	0.4984364759
748	0.4984227897
749	0.4983999508
750	0.4983858116
751	0.4983681859
752	0.4983486838
753	0.4983367406
754	0.4983198881
755	0.4982984201
756	0.4982884894
757	0.4982661817
758	0.4982542477
759	0.4982488604
760	0.498227074
761	0.498209098
762	0.498194816
763	0.498175983
764	0.4981587354
765	0.4981309968
766	0.4981066217
767	0.4980931634
768	0.4980751505
769	0.4980536352
770	0.4980260246
771	0.4980044947
772	0.4979896538
773	0.497972277
774	0.4979438429
775	0.4979271986
776	0.4979155529
777	0.4978969549
778	0.4978733502
779	0.4978572472
780	0.4978421262
781	0.4978230677
782	0.4978145197
783	0.4978018911
784	0.4977821944
785	0.4977646677
786	0.4977529998
787	0.4977375722
788	0.4977249829
789	0.4977103274
790	0.4976932704
791	0.4976832827
792	0.4976670301
793	0.4976482709
794	0.497637226
795	0.497613965
796	0.4976031978
797	0.4975849378
798	0.4975749262
799	0.4975631275
800	0.4975424125
801	0.4975319901
802	0.4975243234
803	0.497502624
804	0.4974785523
805	0.4974553757
806	0.4974328174
807	0.4974212907
808	0.497408037
809	0.4973945645
810	0.4973827939
811	0.497369091
812	0.4973549545
813	0.4973313538
814	0.4973061383
815	0.4972804607
816	0.4972623721
817	0.497255389
818	0.4972464806
819	0.4972308833
820	0.497211767
821	0.4971921187
822	0.4971797886
823	0.4971600509
824	0.4971476272
825	0.4971267654
826	0.4971128163
827	0.4970970524
828	0.4970744241
829	0.4970550245
830	0.4970460652
831	0.4970281946
832	0.497009289
833	0.4969976513
834	0.4969777698
835	0.4969660668
836	0.4969490201
837	0.4969357086
838	0.4969248587
839	0.4969095249
840	0.4968939004
841	0.4968730779
842	0.4968579509
843	0.4968518245
844	0.4968373284
845	0.4968259667
846	0.496811942
847	0.4967939918
848	0.4967790765
849	0.4967633425
850	0.496747621
851	0.4967345518
852	0.4967153135
853	0.4966905883
854	0.4966668998
855	0.4966452087
856	0.4966263646
857	0.4966161138
858	0.4965985756
859	0.4965879877
860	0.496571742
861	0.4965525449
862	0.4965328291
863	0.4965200484
864	0.4964925763
865	0.4964750829
866	0.4964531478
867	0.4964431918
868	0.4964284632
869	0.496415753
870	0.4963938146
871	0.4963769071
872	0.4963601223
873	0.496353681
874	0.4963501666
875	0.4963391125
876	0.4963272169
877	0.4963125967
878	0.4962949328
879	0.4962780671
880	0.4962648611
881	0.4962463259
882	0.4962288087
883	0.4962192764
884	0.4962040444
885	0.4961970007
886	0.4961882707
887	0.4961747038
888	0.4961587425
889	0.4961476771
890	0.4961327277
891	0.4961172351
892	0.4961051431
893	0.4960944467
894	0.4960822286
895	0.4960752367
896	0.4960658108
897	0.4960513642
898	0.4960286823
899	0.4960163223
900	0.4960075323
901	0.495999734
902	0.4959895197
903	0.4959716368
904	0.4959569323
905	0.4959424033
906	0.4959333879
907	0.4959249122
908	0.4959081856
909	0.4958934949
910	0.4958743451
911	0.4958675566
912	0.4958600488
913	0.4958483434
914	0.4958395372
915	0.4958225362
916	0.4958060801
917	0.4957973954
918	0.4957930685
919	0.4957822359
920	0.4957759779
921	0.4957613295
922	0.495744951
923	0.4957299686
924	0.4957125796
925	0.4956961583
926	0.4956779132
927	0.4956705086
928	0.4956610039
929	0.4956403613
930	0.4956327198
931	0.4956172278
932	0.4956050137
933	0.4955938571
934	0.4955835249
935	0.4955757777
936	0.4955680933
937	0.4955605843
938	0.495538576
939	0.4955206701
940	0.4955058322
941	0.4954900713
942	0.4954832141
943	0.4954667544
944	0.4954548074
945	0.4954453665
946	0.4954252531
947	0.495410553
948	0.4953999421
949	0.4953828942
950	0.4953719094
951	0.4953617595
952	0.495346267
953	0.4953399482
954	0.4953252264
955	0.4953160785
956	0.4953011792
957	0.4952943965
958	0.495276483
959	0.49526465
960	0.4952556527
961	0.4952498044
962	0.4952394797
963	0.4952281301
964	0.4952151417
965	0.4951988418
966	0.4951904308
967	0.4951774208
968	0.4951705868
969	0.4951626616
970	0.4951549437
971	0.4951463555
972	0.495144977
973	0.4951294278
974	0.495118876
975	0.4951090548
976	0.4950933334
977	0.4950752962
978	0.4950636577
979	0.4950545424
980	0.4950474287
981	0.4950414556
982	0.4950286426
983	0.4950165398
984	0.4950013438
985	0.4949925235
986	0.494984683
987	0.4949732896
988	0.4949594347
989	0.4949465527
990	0.4949366424
991	0.4949247619
992	0.4949175955
993	0.4949051063
994	0.4948961195
995	0.4948892019
996	0.4948787795
997	0.4948645307
998	0.4948543432
999	0.4948341823
1000	0.494826823
1001	0.4948139165
1002	0.4948070864
1003	0.4948015297
1004	0.494800058
1005	0.4947912267
1006	0.4947785448
1007	0.4947700178
1008	0.4947595895
1009	0.4947453797
1010	0.4947383732
1011	0.4947294654
1012	0.494716749
1013	0.4946985937
1014	0.4946873169
1015	0.4946703326
1016	0.494660903
1017	0.4946543148
1018	0.4946461876
1019	0.4946317813
1020	0.4946185647
1021	0.4946071374
1022	0.4945985093
1023	0.4945882039
1024	0.4945829728
1025	0.4945745459
1026	0.494569453
1027	0.4945646487
1028	0.4945550329
1029	0.4945447419
1030	0.4945402477
1031	0.4945315352
1032	0.4945276585
1033	0.4945137554
1034	0.4945052148
1035	0.4945014276
1036	0.4945000907
1037	0.4944930511
1038	0.4944831533
1039	0.4944698637
1040	0.4944631021
1041	0.4944461864
1042	0.4944363943
1043	0.4944271682
1044	0.4944159845
1045	0.4944113448
1046	0.4943981513
1047	0.4943832155
1048	0.494380448
1049	0.4943759404
1050	0.4943679451
1051	0.4943597922
1052	0.4943544706
1053	0.4943374967
1054	0.494332704
1055	0.4943263401
1056	0.4943157689
1057	0.494306913
1058	0.4942989611
1059	0.4942905395
1060	0.4942789091
1061	0.4942600167
1062	0.4942528316
1063	0.494238854
1064	0.4942348695
1065	0.4942305071
1066	0.4942222476
1067	0.4942086334
1068	0.4941991323
1069	0.494188361
1070	0.494181032
1071	0.4941679541
1072	0.4941585736
1073	0.4941535959
1074	0.4941435364
1075	0.4941383021
1076	0.4941243732
1077	0.4941085573
1078	0.4941023987
1079	0.4940901513
1080	0.4940734232
1081	0.4940618316
1082	0.4940494891
1083	0.4940310008
1084	0.4940278342
1085	0.4940196915
1086	0.4940109976
1087	0.4940047827
1088	0.4939921331
1089	0.4939796205
1090	0.4939746877
1091	0.4939650698
1092	0.4939567377
1093	0.4939503545
1094	0.4939386895
1095	0.4939309507
1096	0.4939208361
1097	0.4939081782
1098	0.4938971514
1099	0.4938910789
1100	0.4938813409
1101	0.493866809
1102	0.4938579316
1103	0.4938486742
1104	0.4938440369
1105	0.4938338207
1106	0.4938230138
1107	0.4938140234
1108	0.4938090607
1109	0.4938049385
1110	0.4938020389
1111	0.4937936188
1112	0.4937895434
1113	0.4937786216
1114	0.4937598463
1115	0.4937536014
1116	0.4937423744
1117	0.493735513
1118	0.4937261176
1119	0.4937144318
1120	0.493705363
1121	0.4937012017
1122	0.4936935903
1123	0.493683318
1124	0.4936727954
1125	0.4936673512
1126	0.4936592239
1127	0.4936423559
1128	0.4936350516
1129	0.4936260295
1130	0.4936226753
1131	0.4936159563
1132	0.4936115583
1133	0.4936068893
1134	0.493599898
1135	0.4935943023
1136	0.493587261
1137	0.4935762121
1138	0.4935648406
1139	0.4935547662
1140	0.4935456176
1141	0.4935371665
1142	0.4935283272
1143	0.4935208908
1144	0.4935090458
1145	0.4935031731
1146	0.4934875114
1147	0.4934787733
1148	0.4934715968
1149	0.4934631299
1150	0.4934559857
1151	0.4934473173
1152	0.4934387184
1153	0.4934263313
1154	0.4934184391
1155	0.4934088406
1156	0.4934031868
1157	0.4933988232
1158	0.4933921064
1159	0.4933852403
1160	0.4933767899
1161	0.4933693645
1162	0.4933522394
1163	0.493343071
1164	0.4933342715
1165	0.493326426
1166	0.4933137744
1167	0.4933042731
1168	0.4932921916
1169	0.4932867969
1170	0.4932752616
1171	0.4932682753
1172	0.4932584611
1173	0.4932507528
1174	0.4932454801
1175	0.4932387633
1176	0.4932293935
1177	0.4932191986
1178	0.4931985434
1179	0.493188723
1180	0.4931753029
1181	0.4931673295
1182	0.4931568414
1183	0.493149985
1184	0.4931426428
1185	0.4931306399
1186	0.4931257939
1187	0.4931190681
1188	0.493110497
1189	0.4930999214
1190	0.4930926896
1191	0.4930872609
1192	0.4930800278
1193	0.493074341
1194	0.4930722082
1195	0.4930627489
1196	0.4930518337
1197	0.4930371019
1198	0.4930290085
1199	0.49302343
1200	0.4930142669
1201	0.493005594
1202	0.4929991392
1203	0.4929916158
1204	0.4929845854
1205	0.492973375
1206	0.4929698553
1207	0.4929666318
1208	0.4929573266
1209	0.4929468443
1210	0.4929367764
1211	0.4929340846
1212	0.4929252799
1213	0.4929202495
1214	0.4929061124
1215	0.4929046764
1216	0.492895177
1217	0.4928901068
1218	0.4928818235
1219	0.4928809289
1220	0.4928721234
1221	0.4928640801
1222	0.4928542017
1223	0.4928446493
1224	0.4928374886
1225	0.4928237302
1226	0.4928168928
1227	0.4928078475
1228	0.4927979865
1229	0.4927929767
1230	0.4927852858
1231	0.4927770343
1232	0.4927706988
1233	0.4927674709
1234	0.4927574503
1235	0.4927543446
1236	0.4927387946
1237	0.4927282866
1238	0.4927177886
1239	0.4927090309
1240	0.4927038547
1241	0.4926930674
1242	0.4926807065
1243	0.4926736508
1244	0.4926660593
1245	0.4926559522
1246	0.4926460746
1247	0.4926368574
1248	0.4926326194
1249	0.4926229905
1250	0.4926176503
1251	0.4926162794
1252	0.4926013921
1253	0.4925918907
1254	0.492585645
1255	0.4925833258
1256	0.4925762196
1257	0.4925680892
1258	0.4925586989
1259	0.4925516486
1260	0.4925469915
1261	0.4925375844
1262	0.4925293403
1263	0.4925155542
1264	0.4925036612
1265	0.4924984584
1266	0.492486153
1267	0.4924793225
1268	0.4924739978
1269	0.49246207
1270	0.4924448597
1271	0.4924427315
1272	0.4924317227
1273	0.4924260897
1274	0.4924135851
1275	0.4924022959
1276	0.4923888318
1277	0.4923806221
1278	0.4923768076
1279	0.4923669555
1280	0.4923586571
1281	0.4923487158
1282	0.4923366658
1283	0.4923212827
1284	0.4923115736
1285	0.4923024387
1286	0.4922952318
1287	0.4922847696
1288	0.492270687
1289	0.4922596686
1290	0.4922517802
1291	0.4922474222
1292	0.4922411225
1293	0.4922382963
1294	0.4922295413
1295	0.4922229667
1296	0.4922140254
1297	0.492209069
1298	0.4922010973
1299	0.4921837402
1300	0.492168617
1301	0.4921621848
1302	0.4921563469
1303	0.4921478759
1304	0.492139079
1305	0.492130246
1306	0.4921230686
1307	0.4921203235
1308	0.4921146076
1309	0.4921097032
1310	0.4921076063
1311	0.4921019192
1312	0.4920978529
1313	0.4920885091
1314	0.4920825139
1315	0.4920806907
1316	0.4920779365
1317	0.4920717936
1318	0.4920663299
1319	0.4920607424
1320	0.492051024
1321	0.4920364821
1322	0.4920306361
1323	0.4920260944
1324	0.4920193682
1325	0.4920154063
1326	0.4920126612
1327	0.4919979105
1328	0.491996528
1329	0.4919894686
1330	0.4919804398
1331	0.4919720686
1332	0.4919598262
1333	0.4919520323
1334	0.4919367696
1335	0.4919271431
1336	0.4919142409
1337	0.4918996985
1338	0.4918966536
1339	0.4918867642
1340	0.4918764543
1341	0.4918690503
1342	0.4918557283
1343	0.4918498772
1344	0.4918422557
1345	0.4918364083
1346	0.491833373
1347	0.491826186
1348	0.4918213684
1349	0.4918162937
1350	0.4918070588
1351	0.4918026286
1352	0.4917933532
1353	0.4917771027
1354	0.4917706586
1355	0.4917680146
1356	0.4917542104
1357	0.4917486661
1358	0.4917397993
1359	0.4917361885
1360	0.4917256496
1361	0.4917192658
1362	0.491714532
1363	0.4917071879
1364	0.4917013277
1365	0.4916974482
1366	0.4916837638
1367	0.4916786021
1368	0.4916668835
1369	0.4916592189
1370	0.4916539891
1371	0.4916502279
1372	0.4916452675
1373	0.491642573
1374	0.49163497
1375	0.4916300345
1376	0.4916248984
1377	0.4916163954
1378	0.4916113855
1379	0.4916021811
1380	0.491598381
1381	0.4915969756
1382	0.4915886043
1383	0.4915856891
1384	0.4915813817
1385	0.4915770637
1386	0.4915700936
1387	0.491567329
1388	0.4915570151
1389	0.4915499001
1390	0.4915434616
1391	0.4915391758
1392	0.4915334939
1393	0.4915248358
1394	0.4915156935
1395	0.4915104193
1396	0.4915036238
1397	0.4914926767
1398	0.491486027
1399	0.4914806519
1400	0.4914745224
1401	0.4914700435
1402	0.4914629002
1403	0.4914594881
1404	0.4914543753
1405	0.4914474482
1406	0.4914437528
1407	0.4914391837
1408	0.4914324585
1409	0.4914289025
1410	0.4914191431
1411	0.4914132599
1412	0.4914052135
1413	0.4913966635
1414	0.4913842915
1415	0.4913780089
1416	0.4913753953
1417	0.491370705
1418	0.4913647288
1419	0.4913607337
1420	0.491354189
1421	0.4913404919
1422	0.4913388304
1423	0.4913362532
1424	0.4913319211
1425	0.4913287491
1426	0.4913213986
1427	0.4913182926
1428	0.4913056212
1429	0.4913027302
1430	0.491289849
1431	0.4912865869
1432	0.4912812825
1433	0.4912758733
1434	0.4912727839
1435	0.4912706651
1436	0.4912668855
1437	0.4912526608
1438	0.4912465511
1439	0.4912375861
1440	0.4912303893
1441	0.4912265894
1442	0.4912216976
1443	0.491219048
1444	0.4912154375
1445	0.4912075641
1446	0.4912003039
1447	0.4911915483
1448	0.4911772619
1449	0.491174259
1450	0.4911693374
1451	0.4911609967
1452	0.4911565226
1453	0.4911502754
1454	0.4911397195
1455	0.4911330699
1456	0.4911288651
1457	0.4911224119
1458	0.4911188104
1459	0.4911147483
1460	0.4911094841
1461	0.4911037182
1462	0.4911021482
1463	0.4910999668
1464	0.4910942068
1465	0.4910865857
1466	0.4910843678
1467	0.4910766747
1468	0.4910634614
1469	0.4910525678
1470	0.49104796
1471	0.4910462409
1472	0.4910391059
1473	0.4910344411
1474	0.4910281079
1475	0.4910239749
1476	0.4910181778
1477	0.4910097756
1478	0.4910058764
1479	0.4909938382
1480	0.4909906427
1481	0.4909866881
1482	0.4909823265
1483	0.4909751296
1484	0.4909739075
1485	0.4909651332
1486	0.490957685
1487	0.4909551224
1488	0.4909453736
1489	0.4909418785
1490	0.490933414
1491	0.4909200974
1492	0.4909145575
1493	0.490911767
1494	0.4909011643
1495	0.4908879544
1496	0.4908840124
1497	0.4908811044
1498	0.4908764905
1499	0.4908692275
1500	0.4908599477
1501	0.490855183
1502	0.4908509793
1503	0.4908477725
1504	0.4908417797
1505	0.4908328191
1506	0.4908175615
1507	0.4908090219
1508	0.4908045601
1509	0.4907985183
1510	0.4907939907
1511	0.4907838008
1512	0.4907787204
1513	0.490773441
1514	0.4907615715
1515	0.4907593948
1516	0.490755605
1517	0.490746532
1518	0.4907432354
1519	0.4907410928
1520	0.4907338721
1521	0.4907253584
1522	0.4907176749
1523	0.4907104173
1524	0.4907032855
1525	0.4907013034
1526	0.4906996932
1527	0.4906976784
1528	0.4906902199
1529	0.4906775512
1530	0.4906747554
1531	0.4906691339
1532	0.4906659317
1533	0.4906609794
1534	0.4906537412
1535	0.4906498411
1536	0.4906449367
1537	0.4906403175
1538	0.4906336823
1539	0.4906230022
1540	0.490613635
1541	0.4906078002
1542	0.4905926368
1543	0.49058471
1544	0.4905816932
1545	0.4905757616
1546	0.4905657011
1547	0.4905577911
1548	0.4905545016
1549	0.4905487263
1550	0.4905365117
1551	0.4905326863
1552	0.4905226581
1553	0.4905126221
1554	0.4905089341
1555	0.4905030399
1556	0.490499853
1557	0.490496165
1558	0.4904885736
1559	0.4904849857
1560	0.4904830382
1561	0.490476563
1562	0.4904692494
1563	0.4904652463
1564	0.4904547778
1565	0.4904494262
1566	0.4904420488
1567	0.4904381949
1568	0.4904304984
1569	0.4904267422
1570	0.4904237106
1571	0.4904180299
1572	0.4904080251
1573	0.4903989607
1574	0.4903883064
1575	0.4903806384
1576	0.4903685612
1577	0.4903670401
1578	0.4903620249
1579	0.4903570511
1580	0.4903493692
1581	0.4903374311
1582	0.4903292677
1583	0.4903222385
1584	0.4903130517
1585	0.4903042027
1586	0.4902954716
1587	0.4902920656
1588	0.4902887675
1589	0.4902853619
1590	0.490277764
1591	0.4902742429
1592	0.4902658514
1593	0.4902608672
1594	0.4902544937
1595	0.4902475739
1596	0.4902415968
1597	0.4902293433
1598	0.4902193734
1599	0.4902056552
1600	0.4901964101
1601	0.4901893433
1602	0.4901821049
1603	0.4901757195
1604	0.4901742746
1605	0.4901664303
1606	0.4901604551
1607	0.4901536526
1608	0.490142604
1609	0.4901339996
1610	0.4901257112
1611	0.4901184476
1612	0.4901120118
1613	0.4901028697
1614	0.4900947893
1615	0.4900849822
1616	0.4900782595
1617	0.4900680867
1618	0.4900587281
1619	0.4900526618
1620	0.4900449914
1621	0.4900407099
1622	0.4900339153
1623	0.4900297048
1624	0.4900252761
1625	0.4900215486
1626	0.4900186072
1627	0.4900116512
1628	0.4900075005
1629	0.4900022864
1630	0.4899848355
1631	0.4899799472
1632	0.4899762959
1633	0.4899688591
1634	0.489964955
1635	0.4899587358
1636	0.4899522797
1637	0.4899437142
1638	0.4899372116
1639	0.4899321077
1640	0.4899304331
1641	0.4899219002
1642	0.4899185958
1643	0.4899122388
1644	0.4899100769
1645	0.489905617
1646	0.4898989949
1647	0.4898875236
1648	0.4898838631
1649	0.4898808618
1650	0.489872892
1651	0.4898699706
1652	0.489865626
1653	0.4898526471
1654	0.4898415805
1655	0.4898378826
1656	0.4898346065
1657	0.4898229724
1658	0.4898137317
1659	0.4898097075
1660	0.4898045344
1661	0.4897920049
1662	0.4897827481
1663	0.4897751127
1664	0.4897697246
1665	0.4897655588
1666	0.4897586911
1667	0.4897522353
1668	0.4897477428
1669	0.4897455492
1670	0.4897430403
1671	0.489738719
1672	0.4897310745
1673	0.4897243328
1674	0.4897174801
1675	0.4897163995
1676	0.4897148558
1677	0.4897079473
1678	0.4897019728
1679	0.4896944005
1680	0.4896899672
1681	0.4896788926
1682	0.4896749746
1683	0.4896709069
1684	0.48966783
1685	0.4896646914
1686	0.4896551061
1687	0.4896522753
1688	0.4896477992
1689	0.4896358147
1690	0.4896335476
1691	0.4896284733
1692	0.4896220479
1693	0.4896167415
1694	0.489605664
1695	0.489599583
1696	0.4895913799
1697	0.4895862654
1698	0.4895784034
1699	0.4895717348
1700	0.4895668357
1701	0.4895627764
1702	0.4895592868
1703	0.4895563201
1704	0.4895536532
1705	0.4895516223
1706	0.4895482896
1707	0.4895432659
1708	0.4895385874
1709	0.4895332107
1710	0.4895317073
1711	0.4895266866
1712	0.489522675
1713	0.4895139907
1714	0.4895118973
1715	0.4895042198
1716	0.4895023497
1717	0.4894953819
1718	0.4894867469
1719	0.4894830856
1720	0.4894763426
1721	0.4894744803
1722	0.4894673485
1723	0.4894621374
1724	0.4894543069
1725	0.4894481423
1726	0.4894445499
1727	0.4894390338
1728	0.4894295357
1729	0.4894253119
1730	0.4894193415
1731	0.4894109452
1732	0.4894044971
1733	0.4893967596
1734	0.4893899867
1735	0.4893806173
1736	0.4893762864
1737	0.4893688729
1738	0.4893662645
1739	0.4893576456
1740	0.4893516705
1741	0.4893454272
1742	0.4893391737
1743	0.4893351389
1744	0.4893328942
1745	0.4893264349
1746	0.4893202494
1747	0.489314903
1748	0.4893095024
1749	0.4893045784
1750	0.4893041238
1751	0.4893023387
1752	0.4893006792
1753	0.4892993261
1754	0.489290638
1755	0.4892865292
1756	0.4892771924
1757	0.4892660488
1758	0.4892589885
1759	0.4892550222
1760	0.4892510921
1761	0.4892481228
1762	0.4892402402
1763	0.4892339962
1764	0.4892268286
1765	0.4892219327
1766	0.4892212833
1767	0.4892065217
1768	0.4892025129
1769	0.489200625
1770	0.4891950888
1771	0.4891903202
1772	0.4891884627
1773	0.489181825
1774	0.4891724595
1775	0.4891639589
1776	0.4891619437
1777	0.4891602826
1778	0.4891527887
1779	0.4891501028
1780	0.4891452253
1781	0.489136508
1782	0.4891300431
1783	0.4891233492
1784	0.489118282
1785	0.4891043623
1786	0.4891003113
1787	0.489094587
1788	0.4890911673
1789	0.4890856289
1790	0.4890789176
1791	0.4890737231
1792	0.4890679885
1793	0.4890619305
1794	0.4890581742
1795	0.4890541031
1796	0.4890502729
1797	0.4890450707
1798	0.4890375855
1799	0.4890292813
1800	0.4890211969
1801	0.4890172587
1802	0.4890099483
1803	0.4890071588
1804	0.4890013231
1805	0.488994911
1806	0.4889926994
1807	0.4889851137
1808	0.4889792856
1809	0.4889751702
1810	0.4889683759
1811	0.4889644034
1812	0.4889542727
1813	0.4889450499
1814	0.4889354312
1815	0.4889308224
1816	0.488917512
1817	0.4889060608
1818	0.4889016799
1819	0.4888916688
1820	0.4888870284
1821	0.4888801227
1822	0.4888726989
1823	0.4888680736
1824	0.488863365
1825	0.4888597313
1826	0.4888498377
1827	0.4888461527
1828	0.4888434907
1829	0.488838924
1830	0.4888330513
1831	0.4888227779
1832	0.4888132976
1833	0.4888015837
1834	0.4887968282
1835	0.4887901145
1836	0.4887888296
1837	0.4887845391
1838	0.4887800785
1839	0.488775881
1840	0.4887708424
1841	0.488765908
1842	0.4887593549
1843	0.4887574649
1844	0.4887502752
1845	0.4887432198
1846	0.4887371468
1847	0.4887315555
1848	0.4887294474
1849	0.4887284071
1850	0.4887212432
1851	0.4887094251
1852	0.488702869
1853	0.488695751
1854	0.4886879257
1855	0.4886816099
1856	0.4886769482
1857	0.4886702049
1858	0.4886671989
1859	0.4886604893
1860	0.4886515346
1861	0.4886480073
1862	0.488645476
1863	0.4886385208
1864	0.4886318597
1865	0.4886206118
1866	0.4886139052
1867	0.4886068771
1868	0.4886021817
1869	0.4885940431
1870	0.4885890707
1871	0.4885864735
1872	0.4885853874
1873	0.4885834975
1874	0.4885738391
1875	0.4885687288
1876	0.4885640148
1877	0.4885587178
1878	0.4885537622
1879	0.4885452133
1880	0.4885418081
1881	0.4885376522
1882	0.4885324513
1883	0.4885269039
1884	0.4885227565
1885	0.48852197
1886	0.4885183797
1887	0.4885067372
1888	0.488502286
1889	0.4884965734
1890	0.48849374
1891	0.4884825272
1892	0.4884757981
1893	0.4884723516
1894	0.4884680082
1895	0.488462276
1896	0.488456963
1897	0.4884557774
1898	0.4884537887
1899	0.4884460774
1900	0.4884427148
1901	0.4884419442
1902	0.4884348529
1903	0.4884305903
1904	0.4884241619
1905	0.4884162983
1906	0.4884062702
1907	0.4883992061
1908	0.4883975892
1909	0.4883950666
1910	0.4883906897
1911	0.4883809364
1912	0.4883783002
1913	0.4883735324
1914	0.4883710245
1915	0.4883695314
1916	0.4883669714
1917	0.4883598934
1918	0.4883560776
1919	0.4883499398
1920	0.4883449407
1921	0.4883392687
1922	0.4883369155
1923	0.4883286445
1924	0.4883244721
1925	0.4883219765
1926	0.4883207327
1927	0.4883166947
1928	0.4883124732
1929	0.4883114106
1930	0.4883082343
1931	0.4883028749
1932	0.4882974469
1933	0.4882948075
1934	0.4882921954
1935	0.4882872868
1936	0.4882822891
1937	0.488279746
1938	0.4882747949
1939	0.4882640723
1940	0.4882593378
1941	0.4882581676
1942	0.4882527751
1943	0.4882499346
1944	0.4882418272
1945	0.4882334779
1946	0.4882247986
1947	0.4882222057
1948	0.4882194353
1949	0.4882161245
1950	0.4882141777
1951	0.4882063191
1952	0.488203774
1953	0.4882004958
1954	0.488198186
1955	0.4881933424
1956	0.4881897191
1957	0.4881820265
1958	0.4881787538
1959	0.4881749583
1960	0.4881695564
1961	0.4881661075
1962	0.4881614871
1963	0.4881592288
1964	0.4881570467
1965	0.4881520594
1966	0.4881476341
1967	0.4881436834
1968	0.4881386072
1969	0.4881337715
1970	0.4881254446
1971	0.4881205211
1972	0.4881179184
1973	0.4881141507
1974	0.4881096125
1975	0.4881056268
1976	0.4881010258
1977	0.4880979428
1978	0.4880912835
1979	0.488084438
1980	0.4880779012
1981	0.4880686005
1982	0.4880598394
1983	0.4880497465
1984	0.488048003
1985	0.4880428394
1986	0.488039705
1987	0.4880348958
1988	0.4880343423
1989	0.4880307579
1990	0.488024379
1991	0.4880197086
1992	0.4880162334
1993	0.4880089869
1994	0.4880074842
1995	0.488003187
1996	0.4879994371
1997	0.4879959945
1998	0.4879907088
1999	0.4879833127
2000	0.4879771639
2001	0.4879713404
2002	0.4879667851
2003	0.4879632448
2004	0.4879586264
2005	0.4879504128
2006	0.4879429335
2007	0.4879351519
2008	0.4879314345
2009	0.4879264479
2010	0.4879220995
2011	0.4879190505
2012	0.4879090356
2013	0.4878979686
2014	0.4878939978
2015	0.4878906336
2016	0.4878871154
2017	0.4878825924
2018	0.4878773292
2019	0.4878684154
2020	0.4878606948
2021	0.4878516468
2022	0.4878491502
2023	0.4878393935
2024	0.4878361208
2025	0.487830257
2026	0.487822608
2027	0.4878110976
2028	0.487804987
2029	0.487799177
2030	0.4877980794
2031	0.487790388
2032	0.4877848864
2033	0.4877783984
2034	0.4877756266
2035	0.4877647858
2036	0.4877582669
2037	0.4877489976
2038	0.4877401731
2039	0.48773281
2040	0.4877307599
2041	0.4877276053
2042	0.4877183324
2043	0.4877102532
2044	0.4877002783
2045	0.4876939258
2046	0.4876879904
2047	0.4876794301
2048	0.4876715422
2049	0.4876646212
2050	0.4876556427
2051	0.4876508837
2052	0.4876419701
2053	0.4876356572
2054	0.4876242555
2055	0.4876181092
2056	0.4876144132
2057	0.4876114488
2058	0.4876056472
2059	0.4875976891
2060	0.4875906585
2061	0.4875851655
2062	0.4875768637
2063	0.4875676182
2064	0.487562806
2065	0.4875582951
2066	0.4875458339
2067	0.487541727
2068	0.4875325137
2069	0.4875259399
2070	0.4875170875
2071	0.4875146421
2072	0.4875062415
2073	0.4875037084
2074	0.4874962549
2075	0.487494236
2076	0.4874884921
2077	0.4874838501
2078	0.4874751356
2079	0.4874678762
2080	0.4874632781
2081	0.4874591571
2082	0.4874539977
2083	0.4874480047
2084	0.4874371156
2085	0.4874357128
2086	0.4874279852
2087	0.4874236491
2088	0.4874154957
2089	0.4874094527
2090	0.4874013234
2091	0.4874008272
2092	0.487398448
2093	0.4873939365
2094	0.487387727
2095	0.4873824006
2096	0.4873778818
2097	0.4873757076
2098	0.4873673262
2099	0.4873654328
2100	0.4873580193
2101	0.4873555688
2102	0.4873528354
2103	0.4873448659
2104	0.4873415099
2105	0.4873384597
2106	0.4873369231
2107	0.4873315322
2108	0.487326366
2109	0.4873211003
2110	0.4873109124
2111	0.4873040797
2112	0.4872966601
2113	0.4872878102
2114	0.4872839395
2115	0.4872799744
2116	0.4872736337
2117	0.4872686373
2118	0.4872665037
2119	0.4872641134
2120	0.487262574
2121	0.4872552425
2122	0.4872484992
2123	0.4872438346
2124	0.4872370104
2125	0.4872310938
2126	0.4872230324
2127	0.4872153704
2128	0.4872083464
2129	0.4872005762
2130	0.4871913427
2131	0.4871808382
2132	0.4871759835
2133	0.4871693761
2134	0.48716229
2135	0.4871518313
2136	0.4871473901
2137	0.487144068
2138	0.4871363844
2139	0.487131066
2140	0.4871227617
2141	0.4871180638
2142	0.4871131699
2143	0.4871067707
2144	0.4871015418
2145	0.4870949864
2146	0.4870919106
2147	0.4870900723
2148	0.4870889486
2149	0.487081542
2150	0.487075098
2151	0.4870689284
2152	0.487064777
2153	0.4870632632
2154	0.4870540315
2155	0.4870460678
2156	0.4870389651
2157	0.4870341083
2158	0.4870311066
2159	0.4870202955
2160	0.4870156678
2161	0.4870123883
2162	0.4870063747
2163	0.4870020129
2164	0.487000027
2165	0.4869906206
2166	0.4869832262
2167	0.4869726975
2168	0.4869692526
2169	0.4869618013
2170	0.4869575851
2171	0.4869525789
2172	0.486946768
2173	0.4869419372
2174	0.4869398013
2175	0.4869375641
2176	0.486934995
2177	0.4869273303
2178	0.4869231774
2179	0.4869173304
2180	0.4869091292
2181	0.4869065893
2182	0.486902153
2183	0.4868914947
2184	0.4868894757
2185	0.4868842803
2186	0.4868798674
2187	0.4868763434
2188	0.4868736662
2189	0.4868717784
2190	0.4868663634
2191	0.4868658167
2192	0.4868593888
2193	0.4868530321
2194	0.4868484841
2195	0.486838323
2196	0.4868301614
2197	0.4868243538
2198	0.4868208123
2199	0.4868162767
2200	0.486810069
2201	0.4868061754
2202	0.4868043665
2203	0.4867990171
2204	0.4867974483
2205	0.4867877945
2206	0.4867812849
2207	0.4867749759
2208	0.4867714871
2209	0.4867684308
2210	0.4867585022
2211	0.4867449767
2212	0.4867366157
2213	0.4867330927
2214	0.4867180404
2215	0.486706311
2216	0.4867016031
2217	0.4866974442
2218	0.4866925281
2219	0.4866883187
2220	0.4866845199
2221	0.4866792317
2222	0.4866772457
2223	0.4866723962
2224	0.4866682174
2225	0.4866643109
2226	0.4866619866
2227	0.4866560941
2228	0.4866503969
2229	0.4866402168
2230	0.486636555
2231	0.4866341294
2232	0.4866217285
2233	0.4866199216
2234	0.4866142391
2235	0.4866107391
2236	0.486607114
2237	0.4866007175
2238	0.4865956461
2239	0.4865904226
2240	0.4865837334
2241	0.4865786342
2242	0.4865754601
2243	0.4865719107
2244	0.4865626941
2245	0.4865548087
2246	0.4865513716
2247	0.4865444136
2248	0.4865439395
2249	0.4865403799
2250	0.4865327724
2251	0.48652909
2252	0.4865250269
2253	0.4865174802
2254	0.4865115712
2255	0.4865091006
2256	0.4865000106
2257	0.4864928705
2258	0.4864901129
2259	0.4864847755
2260	0.4864781496
2261	0.4864754172
2262	0.4864706984
2263	0.4864652785
2264	0.4864610663
2265	0.4864541692
2266	0.4864493287
2267	0.4864436784
2268	0.4864405556
2269	0.4864384606
2270	0.4864359299
2271	0.48642841
2272	0.4864269709
2273	0.4864218631
2274	0.4864201072
2275	0.4864162359
2276	0.4864086913
2277	0.4864078383
2278	0.4864052463
2279	0.4864016007
2280	0.4864007169
2281	0.4863944561
2282	0.4863904903
2283	0.4863841816
2284	0.4863759476
2285	0.486369082
2286	0.4863654243
2287	0.4863642462
2288	0.4863600372
2289	0.4863547792
2290	0.4863514576
2291	0.486351277
2292	0.4863490459
2293	0.4863453593
2294	0.4863430665
2295	0.4863332407
2296	0.4863266994
2297	0.4863230153
2298	0.4863114471
2299	0.4863064114
2300	0.4863007841
2301	0.486297994
2302	0.4862964819
2303	0.4862908757
2304	0.4862815554
2305	0.486277429
2306	0.486272391
2307	0.4862654112
2308	0.4862631398
2309	0.4862586072
2310	0.4862505617
2311	0.4862477668
2312	0.4862438689
2313	0.4862374354
2314	0.486228717
2315	0.4862262906
2316	0.4862176964
2317	0.4862091374
2318	0.4862019433
2319	0.4861984276
2320	0.4861862105
2321	0.486183455
2322	0.486177664
2323	0.486171628
2324	0.4861676424
2325	0.4861653096
2326	0.4861552221
2327	0.4861512893
2328	0.4861493525
2329	0.4861429623
2330	0.4861359369
2331	0.4861356357
2332	0.4861313636
2333	0.4861279714
2334	0.4861262547
2335	0.4861154019
2336	0.4861076538
2337	0.4861025163
2338	0.486099927
2339	0.4860975587
2340	0.4860957743
2341	0.4860895261
2342	0.4860842619
2343	0.4860769001
2344	0.486073302
2345	0.4860671142
2346	0.4860622802
2347	0.4860612414
2348	0.4860555742
2349	0.486052026
2350	0.4860441812
2351	0.4860418281
2352	0.4860388057
2353	0.4860326827
2354	0.4860298256
2355	0.4860270141
2356	0.4860243671
2357	0.4860197004
2358	0.4860137954
2359	0.4860117829
2360	0.4860067356
2361	0.4860035407
2362	0.4859965554
2363	0.4859902176
2364	0.4859872008
2365	0.4859835123
2366	0.48597842
2367	0.4859742375
2368	0.4859688952
2369	0.4859630712
2370	0.4859603027
2371	0.4859551344
2372	0.4859496597
2373	0.4859420516
2374	0.4859349547
2375	0.4859272991
2376	0.4859260596
2377	0.4859177021
2378	0.4859040526
2379	0.485900134
2380	0.4858945844
2381	0.4858866366
2382	0.4858823145
2383	0.4858794258
2384	0.4858738732
2385	0.4858668325
2386	0.4858623778
2387	0.4858572563
2388	0.4858478121
2389	0.4858441474
2390	0.4858410982
2391	0.4858353235
2392	0.4858319433
2393	0.4858231763
2394	0.4858171649
2395	0.485809525
2396	0.4858046785
2397	0.4857965428
2398	0.4857908476
2399	0.4857848783
2400	0.4857822605
2401	0.4857753753
2402	0.4857678867
2403	0.4857634368
2404	0.4857592429
2405	0.4857555333
2406	0.4857494863
2407	0.4857427332
2408	0.4857401083
2409	0.4857314693
2410	0.4857214065
2411	0.4857195008
2412	0.4857135672
2413	0.4857060748
2414	0.4857038974
2415	0.4856986544
2416	0.4856897065
2417	0.4856837168
2418	0.4856814296
2419	0.485676264
2420	0.4856738188
2421	0.4856674456
2422	0.4856642511
2423	0.4856595369
2424	0.4856577638
2425	0.485650826
2426	0.4856426262
2427	0.4856413763
2428	0.4856374994
2429	0.4856293001
2430	0.4856254674
2431	0.4856212019
2432	0.4856156756
2433	0.4856091475
2434	0.485606615
2435	0.4855981303
2436	0.4855962511
2437	0.4855914762
2438	0.485581155
2439	0.4855771439
2440	0.4855711474
2441	0.4855622377
2442	0.4855594752
2443	0.4855535986
2444	0.4855491718
2445	0.4855438467
2446	0.4855427984
2447	0.4855396057
2448	0.4855310596
2449	0.4855289792
2450	0.4855252787
2451	0.4855202448
2452	0.4855142881
2453	0.4855132826
2454	0.4855098758
2455	0.4855060928
2456	0.4854989063
2457	0.4854952748
2458	0.4854891664
2459	0.4854799639
2460	0.4854791177
2461	0.4854780907
2462	0.4854679196
2463	0.4854659562
2464	0.4854644131
2465	0.4854597907
2466	0.4854582223
2467	0.4854542346
2468	0.4854496418
2469	0.4854459768
2470	0.4854400782
2471	0.4854388827
2472	0.4854341466
2473	0.485426821
2474	0.4854198474
2475	0.4854142128
2476	0.4854090833
2477	0.4854035267
2478	0.4853936933
2479	0.48538933
2480	0.4853842291
2481	0.4853775036
2482	0.4853737559
2483	0.4853675488
2484	0.4853599488
2485	0.485354632
2486	0.4853530149
2487	0.4853443175
2488	0.4853408938
2489	0.4853360779
2490	0.4853326633
2491	0.4853265088
2492	0.485322606
2493	0.4853168679
2494	0.4853133812
2495	0.4853095915
2496	0.4853041808
2497	0.485300783
2498	0.485298413
2499	0.4852954035
2500	0.4852944263
2501	0.4852876136
2502	0.4852833869
2503	0.485278939
2504	0.4852772169
2505	0.4852716602
2506	0.4852674436
2507	0.4852648897
2508	0.4852615121
2509	0.4852562111
2510	0.4852533315
2511	0.4852438508
2512	0.4852346711
2513	0.4852327375
2514	0.4852281812
2515	0.485225523
2516	0.485222704
2517	0.4852190752
2518	0.4852147277
2519	0.4852072718
2520	0.4852006709
2521	0.485194371
2522	0.4851876805
2523	0.4851860125
2524	0.4851806558
2525	0.4851752086
2526	0.4851740419
2527	0.4851733686
2528	0.4851652431
2529	0.4851586755
2530	0.4851531401
2531	0.4851475438
2532	0.4851460816
2533	0.4851427941
2534	0.4851333721
2535	0.4851294301
2536	0.4851237886
2537	0.485120927
2538	0.485116697
2539	0.4851084034
2540	0.4851023273
2541	0.4850996273
2542	0.4850972952
2543	0.4850960147
2544	0.4850921028
2545	0.4850890918
2546	0.4850833141
2547	0.4850754099
2548	0.4850733885
2549	0.4850670744
2550	0.4850620495
2551	0.4850498357
2552	0.4850435264
2553	0.4850397228
2554	0.4850359002
2555	0.4850305296
2556	0.4850301802
2557	0.4850253694
2558	0.485023566
2559	0.4850195527
2560	0.4850122073
2561	0.4850090989
2562	0.4850021197
2563	0.4849968748
2564	0.4849942926
2565	0.4849916636
2566	0.4849894349
2567	0.4849798585
2568	0.4849769391
2569	0.4849722655
2570	0.4849709535
2571	0.4849627099
2572	0.4849583324
2573	0.4849573551
2574	0.4849566725
2575	0.4849488844
2576	0.4849419058
2577	0.4849387182
2578	0.4849349844
2579	0.4849322057
2580	0.4849304973
2581	0.484925981
2582	0.4849200235
2583	0.4849185771
2584	0.4849148957
2585	0.4849134319
2586	0.4849096543
2587	0.4849035084
2588	0.4849009323
2589	0.4848982384
2590	0.4848943958
2591	0.4848885116
2592	0.4848874088
2593	0.4848800897
2594	0.4848737811
2595	0.4848686148
2596	0.4848632896
2597	0.4848559888
2598	0.4848508156
2599	0.4848447467
2600	0.4848379486
2601	0.484835863
2602	0.4848271075
2603	0.4848232072
2604	0.484820436
2605	0.4848143789
2606	0.484810857
2607	0.4848095534
2608	0.4848047093
2609	0.4848039059
2610	0.4847967104
2611	0.4847865537
2612	0.4847857699
2613	0.4847835079
2614	0.4847799672
2615	0.4847763402
2616	0.4847746701
2617	0.4847709171
2618	0.4847679693
2619	0.4847646464
2620	0.4847591123
2621	0.4847517866
2622	0.4847418544
2623	0.4847392164
2624	0.4847288271
2625	0.4847226178
2626	0.4847166513
2627	0.4847078873
2628	0.4847029683
2629	0.4846970072
2630	0.4846945869
2631	0.4846879533
2632	0.4846796497
2633	0.4846737434
2634	0.4846655199
2635	0.4846615779
2636	0.4846552013
2637	0.4846509455
2638	0.4846472584
2639	0.4846446906
2640	0.4846413567
2641	0.4846318123
2642	0.4846198871
2643	0.4846126897
2644	0.4846086285
2645	0.4846072962
2646	0.4846002577
2647	0.4845950092
2648	0.4845924421
2649	0.484584866
2650	0.4845801459
2651	0.4845716941
2652	0.4845663298
2653	0.4845620939
2654	0.4845577787
2655	0.484555166
2656	0.4845499449
2657	0.4845425134
2658	0.4845393253
2659	0.4845350927
2660	0.484534127
2661	0.4845337087
2662	0.4845281448
2663	0.4845134651
2664	0.4845083482
2665	0.4845033438
2666	0.4844979187
2667	0.4844935298
2668	0.4844858549
2669	0.4844792452
2670	0.484471251
2671	0.4844689813
2672	0.484467237
2673	0.4844571512
2674	0.4844543476
2675	0.4844473054
2676	0.4844431144
2677	0.4844361391
2678	0.4844330489
2679	0.4844273949
2680	0.4844224743
2681	0.4844196813
2682	0.4844130352
2683	0.4844125965
2684	0.4844074914
2685	0.4844033565
2686	0.4843969295
2687	0.484393285
2688	0.4843909855
2689	0.4843860657
2690	0.4843786182
2691	0.4843742415
2692	0.4843696996
2693	0.484360327
2694	0.4843529273
2695	0.4843490498
2696	0.484343022
2697	0.4843372178
2698	0.4843329318
2699	0.4843304632
2700	0.4843258183
2701	0.484324014
2702	0.4843172461
2703	0.4843125422
2704	0.4843113272
2705	0.4843100944
2706	0.4843099196
2707	0.484302364
2708	0.4842994839
2709	0.4842941375
2710	0.48429162
2711	0.4842884701
2712	0.484283624
2713	0.484278435
2714	0.4842711658
2715	0.4842672439
2716	0.4842582345
2717	0.4842563799
2718	0.4842532429
2719	0.4842503869
2720	0.4842488464
2721	0.4842422835
2722	0.4842365986
2723	0.4842321059
2724	0.4842269421
2725	0.4842210832
2726	0.4842174067
2727	0.4842147151
2728	0.4842095657
2729	0.4842081863
2730	0.4842065507
2731	0.4842003561
2732	0.4841943185
2733	0.484189464
2734	0.4841867105
2735	0.4841810356
2736	0.4841788686
2737	0.4841760535
2738	0.4841687185
2739	0.4841594884
2740	0.4841573643
2741	0.4841532143
2742	0.4841465505
2743	0.4841428987
2744	0.4841329763
2745	0.4841261222
2746	0.4841202688
2747	0.4841111771
2748	0.4841071141
2749	0.4841032833
2750	0.4841000467
2751	0.4840975183
2752	0.484091976
2753	0.4840858117
2754	0.4840805781
2755	0.4840778797
2756	0.4840736624
2757	0.4840648663
2758	0.4840616279
2759	0.4840572041
2760	0.4840490302
2761	0.4840397847
2762	0.4840344141
2763	0.4840251106
2764	0.4840163867
2765	0.4840123843
2766	0.4840073077
2767	0.484004362
2768	0.4839911819
2769	0.483985025
2770	0.4839803274
2771	0.4839659959
2772	0.4839647873
2773	0.4839634729
2774	0.4839535958
2775	0.4839496267
2776	0.4839410293
2777	0.483936038
2778	0.483935165
2779	0.4839296903
2780	0.4839249619
2781	0.4839171999
2782	0.4839099991
2783	0.4839035769
2784	0.4839014904
2785	0.4838987321
2786	0.483891215
2787	0.483888067
2788	0.4838858433
2789	0.4838811965
2790	0.4838772259
2791	0.4838727702
2792	0.4838707087
2793	0.4838661161
2794	0.4838612729
2795	0.4838577455
2796	0.4838562012
2797	0.4838518977
2798	0.483844469
2799	0.4838414746
2800	0.4838356168
2801	0.4838319778
2802	0.4838287012
2803	0.4838249827
2804	0.4838220072
2805	0.4838188568
2806	0.4838145909
2807	0.4838089722
2808	0.4838072899
2809	0.4838033982
2810	0.4838019667
2811	0.483797804
2812	0.4837950638
2813	0.4837892315
2814	0.4837846036
2815	0.4837789719
2816	0.483775321
2817	0.4837717471
2818	0.4837623148
2819	0.4837586401
2820	0.483756422
2821	0.4837558053
2822	0.4837520732
2823	0.4837456656
2824	0.4837447413
2825	0.4837334063
2826	0.4837263612
2827	0.4837235706
2828	0.4837166396
2829	0.4837118299
2830	0.483707406
2831	0.4837017766
2832	0.4836975643
2833	0.4836910021
2834	0.4836903964
2835	0.4836876996
2836	0.4836825104
2837	0.4836796703
2838	0.4836669951
2839	0.4836617713
2840	0.4836570975
2841	0.4836566054
2842	0.4836552409
2843	0.4836504642
2844	0.4836419136
2845	0.4836359993
2846	0.4836269699
2847	0.4836229655
2848	0.483621522
2849	0.4836201045
2850	0.4836156528
2851	0.4836119795
2852	0.483607057
2853	0.4836056044
2854	0.4836008199
2855	0.4835966247
2856	0.4835942747
2857	0.4835894467
2858	0.4835833478
2859	0.4835803888
2860	0.4835759372
2861	0.4835742194
2862	0.4835693368
2863	0.4835600549
2864	0.4835535782
2865	0.4835494092
2866	0.483543594
2867	0.4835366085
2868	0.483532314
2869	0.4835293634
2870	0.4835221765
2871	0.4835192655
2872	0.4835150193
2873	0.4835048742
2874	0.4835006602
2875	0.4834960039
2876	0.4834938335
2877	0.4834875021
2878	0.4834827888
2879	0.4834759784
2880	0.4834723675
2881	0.4834712521
2882	0.4834663922
2883	0.4834635318
2884	0.4834575676
2885	0.4834568416
2886	0.483449295
2887	0.4834472454
2888	0.483443115
2889	0.4834355177
2890	0.4834291353
2891	0.4834197321
2892	0.4834125576
2893	0.4834086938
2894	0.4834060891
2895	0.4834007492
2896	0.4833966691
2897	0.4833931053
2898	0.4833853831
2899	0.4833830923
2900	0.4833791858
2901	0.4833761308
2902	0.4833677422
2903	0.4833663966
2904	0.4833576365
2905	0.4833528005
2906	0.4833463103
2907	0.4833397397
2908	0.4833352418
2909	0.4833273708
2910	0.4833202349
2911	0.4833141214
2912	0.4833042266
2913	0.4832956946
2914	0.4832921097
2915	0.4832852033
2916	0.4832819836
2917	0.4832764735
2918	0.483270193
2919	0.4832669467
2920	0.4832578956
2921	0.48325447
2922	0.4832506525
2923	0.4832427465
2924	0.4832387134
2925	0.4832342238
2926	0.4832253686
2927	0.4832247873
2928	0.4832189559
2929	0.4832140323
2930	0.4832127628
2931	0.4832111339
2932	0.4832074102
2933	0.4832034103
2934	0.4831989298
2935	0.4831934444
2936	0.483191626
2937	0.4831792603
2938	0.4831778201
2939	0.4831745383
2940	0.4831681516
2941	0.4831641294
2942	0.483154128
2943	0.4831480671
2944	0.483144799
2945	0.4831387481
2946	0.4831332009
2947	0.4831282956
2948	0.4831221846
2949	0.4831176782
2950	0.4831106692
2951	0.4831022591
2952	0.4830980654
2953	0.4830941372
2954	0.4830898981
2955	0.4830845766
2956	0.4830831437
2957	0.4830787578
2958	0.4830758432
2959	0.4830716214
2960	0.4830602097
2961	0.4830544627
2962	0.483049293
2963	0.4830468646
2964	0.4830417362
2965	0.4830378914
2966	0.4830360369
2967	0.4830317456
2968	0.4830294907
2969	0.4830232159
2970	0.4830183236
2971	0.4830157659
2972	0.4830136243
2973	0.4830120387
2974	0.4830067607
2975	0.4830004053
2976	0.4829992174
2977	0.482992278
2978	0.4829868775
2979	0.4829811949
2980	0.4829795544
2981	0.4829752778
2982	0.4829698639
2983	0.482959221
2984	0.4829566844
2985	0.4829543648
2986	0.4829522204
2987	0.4829472586
2988	0.4829431815
2989	0.4829367673
2990	0.4829346978
2991	0.4829316778
2992	0.4829238194
2993	0.4829185542
2994	0.4829134051
2995	0.4829090459
2996	0.4829049187
2997	0.4829013169
2998	0.4828989216
2999	0.4828966635
3000	0.4828943758
3001	0.4828919608
3002	0.4828890317
3003	0.482886128
3004	0.4828818839
3005	0.4828775112
3006	0.4828718995
3007	0.4828680484
3008	0.4828622707
3009	0.4828552087
3010	0.4828533986
3011	0.4828483876
3012	0.482845589
3013	0.4828393059
3014	0.4828350994
3015	0.4828309067
3016	0.4828260737
3017	0.4828215942
3018	0.4828191291
3019	0.482814891
3020	0.4828126662
3021	0.4828104441
3022	0.4828052773
3023	0.4828022599
3024	0.4827994538
3025	0.4827907543
3026	0.4827829323
3027	0.482777786
3028	0.4827761349
3029	0.4827706991
3030	0.482761985
3031	0.4827597384
3032	0.4827520838
3033	0.4827501253
3034	0.4827451112
3035	0.4827432962
3036	0.4827345476
3037	0.4827280488
3038	0.4827253048
3039	0.4827243865
3040	0.4827207794
3041	0.4827193047
3042	0.482712574
3043	0.4827066304
3044	0.4826990376
3045	0.4826925385
3046	0.4826877681
3047	0.4826816197
3048	0.4826807246
3049	0.4826745814
3050	0.4826723537
3051	0.4826683461
3052	0.4826637039
3053	0.482660402
3054	0.4826579589
3055	0.4826545117
3056	0.4826493875
3057	0.4826468138
3058	0.4826420612
3059	0.4826387524
3060	0.482634483
3061	0.4826316697
3062	0.4826269695
3063	0.4826205168
3064	0.4826133509
3065	0.4826055093
3066	0.482596572
3067	0.4825957604
3068	0.4825928718
3069	0.4825866249
3070	0.4825774163
3071	0.4825755567
3072	0.482562676
3073	0.4825590871
3074	0.4825526443
3075	0.4825494909
3076	0.4825378136
3077	0.4825339839
3078	0.4825301616
3079	0.4825274804
3080	0.4825248006
3081	0.482518176
3082	0.4825112466
3083	0.4825084315
3084	0.4825019994
3085	0.4824964683
3086	0.4824885587
3087	0.4824833538
3088	0.4824769492
3089	0.4824740958
3090	0.4824726807
3091	0.4824689418
3092	0.4824589214
3093	0.482454995
3094	0.4824501945
3095	0.4824478045
3096	0.4824447335
3097	0.4824429629
3098	0.4824412349
3099	0.4824392383
3100	0.4824369331
3101	0.482433247
3102	0.4824287197
3103	0.4824275074
3104	0.4824216415
3105	0.4824147295
3106	0.4824060436
3107	0.4824027986
3108	0.4823999015
3109	0.4823960788
3110	0.4823911517
3111	0.4823842417
3112	0.4823752247
3113	0.4823729902
3114	0.4823715654
3115	0.482367635
3116	0.4823633191
3117	0.4823547227
3118	0.4823521008
3119	0.4823459402
3120	0.4823419171
3121	0.4823356464
3122	0.4823317433
3123	0.482327548
3124	0.4823186183
3125	0.4823140663
3126	0.482309894
3127	0.48230485
3128	0.4823023048
3129	0.482298227
3130	0.4822908771
3131	0.4822865807
3132	0.4822786727
3133	0.4822747475
3134	0.4822721684
3135	0.4822694058
3136	0.482264959
3137	0.4822611346
3138	0.4822598694
3139	0.482257205
3140	0.482255205
3141	0.4822513683
3142	0.4822467949
3143	0.4822453513
3144	0.4822439854
3145	0.4822427585
3146	0.4822349687
3147	0.4822310461
3148	0.4822303601
3149	0.4822259141
3150	0.4822238121
3151	0.4822179433
3152	0.4822160226
3153	0.4822104547
3154	0.4822034914
3155	0.4822004477
3156	0.4821980751
3157	0.4821900607
3158	0.4821870374
3159	0.4821821547
3160	0.4821776096
3161	0.4821706448
3162	0.4821658178
3163	0.4821601525
3164	0.4821578389
3165	0.4821545622
3166	0.4821506147
3167	0.4821453552
3168	0.4821397412
3169	0.4821333968
3170	0.4821246501
3171	0.4821172776
3172	0.4821141182
3173	0.4821076731
3174	0.4821029504
3175	0.4820956824
3176	0.4820903098
3177	0.4820872128
3178	0.4820828343
3179	0.4820811716
3180	0.4820702599
3181	0.4820644103
3182	0.482062821
3183	0.4820560976
3184	0.4820528874
3185	0.4820502831
3186	0.482042914
3187	0.4820370344
3188	0.4820309765
3189	0.4820272271
3190	0.4820207141
3191	0.482018995
3192	0.4820174083
3193	0.4820149979
3194	0.4820109823
3195	0.4820075853
3196	0.4819986964
3197	0.481992879
3198	0.4819868333
3199	0.4819863011
3200	0.4819833922
3201	0.4819775984
3202	0.4819689747
3203	0.4819624762
3204	0.481960713
3205	0.4819549455
3206	0.4819487964
3207	0.4819452957
3208	0.4819410497
3209	0.4819342469
3210	0.4819284946
3211	0.4819261111
3212	0.4819166363
3213	0.481913238
3214	0.4819051363
3215	0.4819004913
3216	0.4818951992
3217	0.4818948715
3218	0.4818877427
3219	0.4818850197
3220	0.4818825589
3221	0.4818809447
3222	0.4818783436
3223	0.4818728961
3224	0.4818679867
3225	0.4818635471
3226	0.4818619205
3227	0.4818559635
3228	0.4818515519
3229	0.4818466675
3230	0.4818455741
3231	0.4818406404
3232	0.4818356791
3233	0.4818299885
3234	0.4818270021
3235	0.4818207696
3236	0.4818127548
3237	0.4818116447
3238	0.4818065304
3239	0.4818061032
3240	0.4818006013
3241	0.4817946983
3242	0.4817890672
3243	0.4817846772
3244	0.4817804047
3245	0.4817760229
3246	0.4817705852
3247	0.4817628431
3248	0.4817561577
3249	0.4817539194
3250	0.4817483266
3251	0.4817455625
3252	0.481741282
3253	0.4817401841
3254	0.481735832
3255	0.4817334716
3256	0.4817301356
3257	0.4817239459
3258	0.4817224472
3259	0.48171754
3260	0.4817155713
3261	0.4817102629
3262	0.4817094789
3263	0.4816994654
3264	0.4816973077
3265	0.481691923
3266	0.4816909
3267	0.481687487
3268	0.4816846245
3269	0.4816809956
3270	0.4816797367
3271	0.4816744468
3272	0.4816678237
3273	0.4816658033
3274	0.4816608465
3275	0.4816596664
3276	0.4816557992
3277	0.4816469174
3278	0.4816430601
3279	0.4816400566
3280	0.4816371681
3281	0.4816344858
3282	0.4816311744
3283	0.4816285036
3284	0.4816282752
3285	0.4816264563
3286	0.4816232289
3287	0.4816184627
3288	0.4816178213
3289	0.4816143858
3290	0.4816111986
3291	0.4816092466
3292	0.4816078756
3293	0.4816057612
3294	0.4815995379
3295	0.4815940926
3296	0.4815869785
3297	0.4815849003
3298	0.4815828771
3299	0.4815776182
3300	0.4815743471
3301	0.4815685473
3302	0.4815651665
3303	0.481561302
3304	0.4815603595
3305	0.4815546019
3306	0.4815440179
3307	0.4815421819
3308	0.4815400258
3309	0.4815342432
3310	0.481529711
3311	0.4815246841
3312	0.4815216714
3313	0.481518101
3314	0.4815121646
3315	0.4815113153
3316	0.4815061563
3317	0.4815047627
3318	0.4815000752
3319	0.4814975034
3320	0.4814903903
3321	0.4814848938
3322	0.4814825335
3323	0.481477835
3324	0.481472385
3325	0.481467922
3326	0.4814654865
3327	0.4814617933
3328	0.4814580849
3329	0.481457054
3330	0.4814566102
3331	0.4814537237
3332	0.4814519606
3333	0.4814478415
3334	0.4814456538
3335	0.4814398397
3336	0.4814374919
3337	0.4814355858
3338	0.481432945
3339	0.4814241038
3340	0.4814205706
3341	0.4814141667
3342	0.4814090139
3343	0.4814074113
3344	0.4814041988
3345	0.4813993733
3346	0.4813979184
3347	0.4813894126
3348	0.4813850012
3349	0.4813809094
3350	0.4813783074
3351	0.4813761923
3352	0.4813719539
3353	0.4813685772
3354	0.4813660411
3355	0.4813619048
3356	0.4813565572
3357	0.4813553252
3358	0.481350488
3359	0.4813454718
3360	0.4813409183
3361	0.4813369947
3362	0.4813346385
3363	0.4813240309
3364	0.4813181137
3365	0.4813116591
3366	0.4813068392
3367	0.4813036351
3368	0.4812943932
3369	0.4812899214
3370	0.4812877233
3371	0.4812855682
3372	0.4812836952
3373	0.4812781689
3374	0.4812744779
3375	0.4812705263
3376	0.4812679222
3377	0.481265882
3378	0.4812647913
3379	0.4812625177
3380	0.4812603969
3381	0.4812587911
3382	0.4812521587
3383	0.4812460659
3384	0.4812413015
3385	0.4812348187
3386	0.4812316667
3387	0.4812246858
3388	0.4812193812
3389	0.4812159359
3390	0.4812096957
3391	0.4812050709
3392	0.4811959853
3393	0.4811876579
3394	0.4811816786
3395	0.4811788153
3396	0.4811752701
3397	0.4811697459
3398	0.4811666553
3399	0.4811606936
3400	0.4811519144
3401	0.4811459078
3402	0.481143817
3403	0.4811397627
3404	0.481134195
3405	0.4811305157
3406	0.4811263508
3407	0.4811262049
3408	0.4811188246
3409	0.4811104041
3410	0.4811062006
3411	0.4811051487
3412	0.4811035603
3413	0.481094789
3414	0.4810881903
3415	0.4810758826
3416	0.4810663787
3417	0.4810641827
3418	0.4810586988
3419	0.481055892
3420	0.4810534236
3421	0.4810443701
3422	0.481040638
3423	0.4810373231
3424	0.4810316106
3425	0.4810265153
3426	0.4810231755
3427	0.4810208978
3428	0.4810152997
3429	0.4810113767
3430	0.4810058379
3431	0.480997325
3432	0.4809960374
3433	0.4809916751
3434	0.4809875426
3435	0.4809825707
3436	0.4809772333
3437	0.4809730058
3438	0.4809651275
3439	0.4809602735
3440	0.4809562025
3441	0.4809525279
3442	0.4809467886
3443	0.4809454263
3444	0.480942779
3445	0.4809408459
3446	0.4809397033
3447	0.4809339855
3448	0.4809276125
3449	0.4809191689
3450	0.4809146592
3451	0.4809107966
3452	0.4809049685
3453	0.48089979
3454	0.4808936598
3455	0.4808883436
3456	0.4808842745
3457	0.4808784191
3458	0.4808735077
3459	0.4808683297
3460	0.4808623862
3461	0.480857872
3462	0.4808512347
3463	0.4808462347
3464	0.4808408171
3465	0.4808400886
3466	0.4808366426
3467	0.4808342106
3468	0.4808286522
3469	0.4808234764
3470	0.4808182915
3471	0.4808112559
3472	0.4808048449
3473	0.4807975366
3474	0.4807944936
3475	0.4807907574
3476	0.4807849234
3477	0.480780329
3478	0.4807751278
3479	0.480769859
3480	0.4807636704
3481	0.4807582162
3482	0.4807528235
3483	0.4807462179
3484	0.4807443801
3485	0.4807396382
3486	0.4807365267
3487	0.4807298954
3488	0.4807281761
3489	0.4807253478
3490	0.4807194016
3491	0.4807151351
3492	0.4807127781
3493	0.4807086708
3494	0.4807032466
3495	0.4806982464
3496	0.4806944383
3497	0.4806868492
3498	0.4806839695
3499	0.4806788991
3500	0.4806715466
3501	0.4806658271
3502	0.4806607637
3503	0.4806560055
3504	0.4806504052
3505	0.4806454584
3506	0.48064271
3507	0.4806393901
3508	0.4806341062
3509	0.4806298645
3510	0.4806244871
3511	0.4806178051
3512	0.480614955
3513	0.4806139977
3514	0.4806109116
3515	0.4806097034
3516	0.4806059462
3517	0.4806000253
3518	0.4805983254
3519	0.4805950059
3520	0.4805894525
3521	0.4805791238
3522	0.4805751848
3523	0.4805710609
3524	0.4805695954
3525	0.4805680161
3526	0.4805652669
3527	0.480563386
3528	0.4805574508
3529	0.4805539083
3530	0.4805508751
3531	0.4805449707
3532	0.4805394688
3533	0.4805340951
3534	0.4805301236
3535	0.4805287798
3536	0.4805262431
3537	0.4805202711
3538	0.4805133727
3539	0.4805058408
3540	0.4805023812
3541	0.4805002471
3542	0.4804983345
3543	0.4804940113
3544	0.4804913188
3545	0.4804901369
3546	0.4804845067
3547	0.4804774368
3548	0.4804746964
3549	0.480471594
3550	0.4804700859
3551	0.4804692248
3552	0.4804632729
3553	0.480459212
3554	0.480455698
3555	0.4804498328
3556	0.4804450102
3557	0.48044269
3558	0.4804413735
3559	0.4804370918
3560	0.480436062
3561	0.480429905
3562	0.4804257919
3563	0.4804252735
3564	0.4804190563
3565	0.4804088292
3566	0.4804053798
3567	0.4803945707
3568	0.4803888183
3569	0.4803851188
3570	0.4803813407
3571	0.4803745145
3572	0.4803670246
3573	0.4803577671
3574	0.4803567228
3575	0.4803466477
3576	0.4803421525
3577	0.4803362881
3578	0.4803327003
3579	0.4803290301
3580	0.4803238358
3581	0.4803204225
3582	0.4803158753
3583	0.4803105354
3584	0.4803048659
3585	0.4802985616
3586	0.4802981263
3587	0.4802961061
3588	0.4802913351
3589	0.4802902427
3590	0.4802839071
3591	0.4802800932
3592	0.4802715926
3593	0.4802676971
3594	0.4802619465
3595	0.4802595155
3596	0.4802573648
3597	0.480244145
3598	0.4802368982
3599	0.4802314867
3600	0.4802219388
3601	0.4802180186
3602	0.480216337
3603	0.480213499
3604	0.4802086655
3605	0.4802067875
3606	0.4802031908
3607	0.4801970221
3608	0.4801929509
3609	0.4801902976
3610	0.4801844521
3611	0.4801809255
3612	0.4801786923
3613	0.4801744836
3614	0.4801687233
3615	0.4801626626
3616	0.4801587739
3617	0.4801552169
3618	0.4801526311
3619	0.4801498511
3620	0.4801482499
3621	0.4801451867
3622	0.4801433525
3623	0.4801365408
3624	0.4801324373
3625	0.4801300459
3626	0.4801231737
3627	0.4801216745
3628	0.4801136279
3629	0.4801118183
3630	0.4801100286
3631	0.4801086071
3632	0.4801080262
3633	0.4801037151
3634	0.4801028695
3635	0.4800984199
3636	0.4800900132
3637	0.480087407
3638	0.4800818912
3639	0.4800777096
3640	0.4800733221
3641	0.4800708373
3642	0.4800695625
3643	0.4800640896
3644	0.4800588308
3645	0.4800547026
3646	0.480052458
3647	0.4800508275
3648	0.480043645
3649	0.480041733
3650	0.4800402978
3651	0.4800371971
3652	0.4800294132
3653	0.4800252127
3654	0.4800209155
3655	0.4800146028
3656	0.4800120684
3657	0.4800105078
3658	0.4800064638
3659	0.4800052645
3660	0.4799998523
3661	0.4799955962
3662	0.4799948687
3663	0.4799882018
3664	0.4799846471
3665	0.4799802359
3666	0.4799727253
3667	0.4799716654
3668	0.479965408
3669	0.4799586357
3670	0.4799570333
3671	0.4799526489
3672	0.4799463089
3673	0.4799424632
3674	0.4799378619
3675	0.4799344786
3676	0.4799289932
3677	0.4799236478
3678	0.4799216908
3679	0.4799162099
3680	0.4799140928
3681	0.4799084976
3682	0.4799043531
3683	0.4799006009
3684	0.4798943295
3685	0.4798892586
3686	0.479883837
3687	0.4798791215
3688	0.4798783424
3689	0.4798754375
3690	0.4798714009
3691	0.4798607587
3692	0.479856754
3693	0.4798509505
3694	0.4798432099
3695	0.4798388529
3696	0.479835057
3697	0.4798297213
3698	0.4798243706
3699	0.479821017
3700	0.4798159503
3701	0.479810997
3702	0.4798047806
3703	0.4797968997
3704	0.4797923809
3705	0.4797877996
3706	0.4797833562
3707	0.4797756838
3708	0.4797705797
3709	0.4797671219
3710	0.4797626452
3711	0.4797568944
3712	0.4797502597
3713	0.4797422561
3714	0.4797374248
3715	0.4797323487
3716	0.4797289026
3717	0.4797231191
3718	0.4797164737
3719	0.4797115809
3720	0.4797058152
3721	0.4797004286
3722	0.4796961241
3723	0.4796898987
3724	0.4796811319
3725	0.4796787791
3726	0.4796755292
3727	0.4796699791
3728	0.4796661433
3729	0.4796605123
3730	0.4796561868
3731	0.4796532715
3732	0.4796511815
3733	0.4796447521
3734	0.4796414555
3735	0.4796370697
3736	0.4796276903
3737	0.4796221248
3738	0.4796139425
3739	0.4796090943
3740	0.4796054477
3741	0.4796020353
3742	0.4795994941
3743	0.4795985368
3744	0.4795931349
3745	0.4795866737
3746	0.4795821462
3747	0.4795790816
3748	0.4795733836
3749	0.4795689288
3750	0.4795639497
3751	0.4795628893
3752	0.4795579608
3753	0.479554028
3754	0.4795495181
3755	0.4795409576
3756	0.4795347964
3757	0.4795299165
3758	0.4795236759
3759	0.4795210922
3760	0.4795170558
3761	0.4795139814
3762	0.4795090537
3763	0.4795040367
3764	0.4795002649
3765	0.4794951502
3766	0.4794930151
3767	0.4794843195
3768	0.4794830188
3769	0.4794827113
3770	0.4794764352
3771	0.4794714556
3772	0.4794689408
3773	0.4794656727
3774	0.4794640363
3775	0.4794577986
3776	0.4794517859
3777	0.4794465033
3778	0.4794388394
3779	0.4794335848
3780	0.4794226445
3781	0.4794179401
3782	0.4794161318
3783	0.4794114847
3784	0.4794080308
3785	0.479403208
3786	0.4793972901
3787	0.4793912377
3788	0.4793877446
3789	0.4793835992
3790	0.4793784758
3791	0.4793739873
3792	0.4793703834
3793	0.4793616612
3794	0.4793583323
3795	0.4793568543
3796	0.4793500301
3797	0.4793447968
3798	0.4793396781
3799	0.4793360951
3800	0.4793342871
3801	0.4793327511
3802	0.4793275537
3803	0.4793236611
3804	0.4793162046
3805	0.4793107259
3806	0.4793084688
3807	0.4793041889
3808	0.4793020586
3809	0.4792996615
3810	0.4792970189
3811	0.4792909425
3812	0.4792859787
3813	0.4792822948
3814	0.4792770707
3815	0.4792714636
3816	0.4792686436
3817	0.4792662885
3818	0.4792615148
3819	0.4792588648
3820	0.4792479653
3821	0.4792430753
3822	0.4792362856
3823	0.4792347394
3824	0.4792292743
3825	0.4792250711
3826	0.4792241319
3827	0.4792208054
3828	0.4792179946
3829	0.4792158472
3830	0.4792122251
3831	0.4792044099
3832	0.4791979232
3833	0.4791956391
3834	0.4791905832
3835	0.4791856859
3836	0.4791826802
3837	0.4791770255
3838	0.4791716997
3839	0.4791667054
3840	0.4791613592
3841	0.4791565452
3842	0.4791515437
3843	0.4791504196
3844	0.4791480559
3845	0.479140761
3846	0.4791362205
3847	0.4791330832
3848	0.4791292035
3849	0.4791259133
3850	0.4791198978
3851	0.4791144175
3852	0.4791127789
3853	0.4791078062
3854	0.4791014835
3855	0.4790970355
3856	0.4790918418
3857	0.479087697
3858	0.4790815726
3859	0.4790760414
3860	0.4790705698
3861	0.4790661126
3862	0.4790602918
3863	0.4790550867
3864	0.4790484489
3865	0.4790416908
3866	0.4790339223
3867	0.479031467
3868	0.4790277205
3869	0.4790259113
3870	0.4790231185
3871	0.4790195887
3872	0.4790154693
3873	0.4790131325
3874	0.4790085794
3875	0.4790067297
3876	0.4790030895
3877	0.4790005248
3878	0.4789907869
3879	0.4789860706
3880	0.4789778542
3881	0.4789750224
3882	0.4789720542
3883	0.4789653945
3884	0.4789636901
3885	0.4789573994
3886	0.478951699
3887	0.478947285
3888	0.4789400235
3889	0.4789333869
3890	0.4789301171
3891	0.4789264678
3892	0.4789206113
3893	0.4789150053
3894	0.4789113045
3895	0.4789087317
3896	0.4789031802
3897	0.4788973241
3898	0.4788899038
3899	0.4788855191
3900	0.4788800968
3901	0.4788755753
3902	0.4788695014
3903	0.4788642303
3904	0.478860282
3905	0.4788559256
3906	0.4788500434
3907	0.4788476797
3908	0.478842893
3909	0.4788420286
3910	0.4788357366
3911	0.4788318606
3912	0.4788269505
3913	0.4788208544
3914	0.4788156328
3915	0.4788094278
3916	0.4788075822
3917	0.4788059432
3918	0.4787969454
3919	0.4787934724
3920	0.4787872314
3921	0.4787841095
3922	0.4787782707
3923	0.4787760355
3924	0.4787732176
3925	0.4787675674
3926	0.4787631032
3927	0.4787572179
3928	0.4787515084
3929	0.47874698
3930	0.4787435159
3931	0.478736924
3932	0.4787330773
3933	0.4787282404
3934	0.4787252294
3935	0.4787210177
3936	0.4787169914
3937	0.4787144696
3938	0.4787104249
3939	0.4787062847
3940	0.4787031828
3941	0.4786961224
3942	0.4786946749
3943	0.4786900565
3944	0.4786879783
3945	0.4786834642
3946	0.4786788531
3947	0.4786738331
3948	0.4786725689
3949	0.4786686224
3950	0.4786678495
3951	0.47866341
3952	0.4786592034
3953	0.4786564679
3954	0.4786523947
3955	0.4786482469
3956	0.4786454044
3957	0.4786432579
3958	0.4786383729
3959	0.4786357699
3960	0.4786311035
3961	0.4786255412
3962	0.4786209898
3963	0.4786145897
3964	0.4786084314
3965	0.478602553
3966	0.4785958767
3967	0.4785915463
3968	0.4785882218
3969	0.4785874146
3970	0.4785830322
3971	0.4785811348
3972	0.4785809133
3973	0.47857501
3974	0.4785683388
3975	0.478563381
3976	0.4785619216
3977	0.4785568531
3978	0.4785559236
3979	0.4785505477
3980	0.4785468693
3981	0.478540247
3982	0.4785355949
3983	0.4785329353
3984	0.4785301632
3985	0.4785261291
3986	0.4785253246
3987	0.4785232506
3988	0.4785201525
3989	0.4785156867
3990	0.478509898
3991	0.4785019938
3992	0.4784962601
3993	0.4784928879
3994	0.4784877531
3995	0.4784841528
3996	0.4784779187
3997	0.4784763234
3998	0.4784737776
3999	0.4784704206
4000	0.4784648525
4001	0.4784597201
4002	0.4784588229
4003	0.4784548498
4004	0.478450146
4005	0.4784364041
4006	0.4784340397
4007	0.4784296084
4008	0.4784236358
4009	0.4784212388
4010	0.4784166584
4011	0.4784143816
4012	0.4784092861
4013	0.4784047439
4014	0.4784024398
4015	0.478398109
4016	0.4783921653
4017	0.478388001
4018	0.4783805168
4019	0.4783747947
4020	0.4783724591
4021	0.4783684503
4022	0.4783655281
4023	0.4783618101
4024	0.4783575863
4025	0.4783553273
4026	0.4783514334
4027	0.4783489721
4028	0.4783464075
4029	0.4783399475
4030	0.4783361099
4031	0.4783342988
4032	0.4783301882
4033	0.4783268123
4034	0.4783236499
4035	0.4783185803
4036	0.478311483
4037	0.4783058545
4038	0.4783028378
4039	0.4782987736
4040	0.478296518
4041	0.4782911203
4042	0.4782891926
4043	0.4782851897
4044	0.4782797851
4045	0.4782753543
4046	0.4782734642
4047	0.4782691147
4048	0.4782640272
4049	0.4782560532
4050	0.4782531892
4051	0.4782492738
4052	0.4782444398
4053	0.4782431511
4054	0.4782389116
4055	0.4782340839
4056	0.4782274604
4057	0.4782192219
4058	0.4782123017
4059	0.4782058861
4060	0.4782034373
4061	0.4782007056
4062	0.4781985206
4063	0.4781940358
4064	0.4781916165
4065	0.4781880593
4066	0.478184448
4067	0.4781808286
4068	0.4781751598
4069	0.4781706338
4070	0.4781684055
4071	0.478160807
4072	0.4781545095
4073	0.478151475
4074	0.4781441997
4075	0.4781392051
4076	0.4781351513
4077	0.4781301098
4078	0.4781226521
4079	0.478119831
4080	0.4781157713
4081	0.4781120176
4082	0.4781070559
4083	0.4781047854
4084	0.4781024378
4085	0.4781006617
4086	0.4780988274
4087	0.4780955623
4088	0.4780915867
4089	0.478089593
4090	0.4780874353
4091	0.4780852035
4092	0.4780790847
4093	0.4780755038
4094	0.4780687201
4095	0.4780640714
4096	0.4780573848
4097	0.4780474017
4098	0.4780411432
4099	0.4780363019
4100	0.4780338589
4101	0.4780331915
4102	0.4780295771
4103	0.4780251005
4104	0.4780196081
4105	0.4780142369
4106	0.478009629
4107	0.4780025726
4108	0.4779961029
4109	0.4779890296
4110	0.4779835981
4111	0.4779811725
4112	0.4779806352
4113	0.4779765692
4114	0.4779730807
4115	0.4779659362
4116	0.4779625313
4117	0.4779592675
4118	0.4779498504
4119	0.4779459441
4120	0.4779401273
4121	0.4779328246
4122	0.4779273259
4123	0.4779254671
4124	0.4779213304
4125	0.4779143431
4126	0.4779123022
4127	0.4779085592
4128	0.4779044207
4129	0.4779005592
4130	0.4778939958
4131	0.4778892159
4132	0.4778800132
4133	0.4778783713
4134	0.477874043
4135	0.4778699942
4136	0.4778665103
4137	0.4778628983
4138	0.4778613945
4139	0.477857922
4140	0.4778549608
4141	0.4778531428
4142	0.4778511231
4143	0.4778460624
4144	0.4778436311
4145	0.477839926
4146	0.4778369432
4147	0.4778338394
4148	0.477831274
4149	0.4778258062
4150	0.4778235626
4151	0.4778173352
4152	0.4778152267
4153	0.4778086343
4154	0.4778051539
4155	0.4778040533
4156	0.4778024138
4157	0.4777996175
4158	0.4777938229
4159	0.4777921854
4160	0.4777870805
4161	0.4777803353
4162	0.4777735898
4163	0.4777697861
4164	0.4777662295
4165	0.4777629436
4166	0.4777569188
4167	0.4777531189
4168	0.4777477563
4169	0.4777393864
4170	0.4777328797
4171	0.4777293944
4172	0.4777240401
4173	0.477721797
4174	0.4777170235
4175	0.4777125539
4176	0.4777078624
4177	0.4777058271
4178	0.477700503
4179	0.4776985097
4180	0.4776952898
4181	0.4776943208
4182	0.477690284
4183	0.477685958
4184	0.4776786825
4185	0.4776758565
4186	0.4776753667
4187	0.4776698852
4188	0.4776670854
4189	0.4776624595
4190	0.4776607228
4191	0.477656948
4192	0.4776531786
4193	0.4776517056
4194	0.4776475264
4195	0.4776459962
4196	0.4776420056
4197	0.4776381378
4198	0.4776332889
4199	0.4776318473
4200	0.4776241544
4201	0.4776195742
4202	0.4776163983
4203	0.4776108776
4204	0.4776083792
4205	0.4775996853
4206	0.4775933942
4207	0.4775885636
4208	0.4775870574
4209	0.4775805226
4210	0.4775754817
4211	0.4775737962
4212	0.4775686584
4213	0.4775666177
4214	0.4775643428
4215	0.4775612434
4216	0.4775567247
4217	0.4775548096
4218	0.4775500446
4219	0.4775483552
4220	0.4775463123
4221	0.4775402824
4222	0.4775366496
4223	0.4775269311
4224	0.4775219962
4225	0.4775186906
4226	0.4775134256
4227	0.4775047754
4228	0.4775026439
4229	0.4775001064
4230	0.4774985612
4231	0.4774968864
4232	0.4774919324
4233	0.4774906352
4234	0.4774850817
4235	0.4774774589
4236	0.4774718723
4237	0.4774672701
4238	0.4774645201
4239	0.4774618979
4240	0.4774594136
4241	0.4774520186
4242	0.477448987
4243	0.4774439011
4244	0.4774405337
4245	0.4774361461
4246	0.4774317167
4247	0.4774268714
4248	0.4774251731
4249	0.4774215546
4250	0.4774205255
4251	0.4774148181
4252	0.4774125393
4253	0.4774079183
4254	0.4773987568
4255	0.4773920426
4256	0.4773915917
4257	0.4773894895
4258	0.4773818333
4259	0.4773747923
4260	0.4773706693
4261	0.4773685657
4262	0.4773630479
4263	0.4773595918
4264	0.4773571516
4265	0.4773527881
4266	0.4773508891
4267	0.4773485776
4268	0.4773450592
4269	0.4773439132
4270	0.4773413031
4271	0.477339296
4272	0.4773340962
4273	0.4773315191
4274	0.4773276596
4275	0.4773264338
4276	0.4773244387
4277	0.4773230746
4278	0.4773186325
4279	0.4773166711
4280	0.4773083932
4281	0.477305922
4282	0.4773004964
4283	0.4772969119
4284	0.4772930488
4285	0.4772889955
4286	0.4772857219
4287	0.4772840612
4288	0.47728178
4289	0.4772766408
4290	0.4772729458
4291	0.4772689954
4292	0.4772673368
4293	0.4772615777
4294	0.4772567039
4295	0.4772561934
4296	0.4772513452
4297	0.4772490597
4298	0.4772455033
4299	0.4772433128
4300	0.4772390759
4301	0.477237259
4302	0.4772359129
4303	0.4772322271
4304	0.477227965
4305	0.4772232929
4306	0.4772178332
4307	0.4772111139
4308	0.4772037546
4309	0.4771976067
4310	0.4771922573
4311	0.4771860328
4312	0.4771769643
4313	0.4771696951
4314	0.4771686357
4315	0.4771640619
4316	0.4771621915
4317	0.4771578775
4318	0.4771537944
4319	0.4771504257
4320	0.4771445092
4321	0.4771431251
4322	0.477139908
4323	0.477133761
4324	0.4771286458
4325	0.4771257047
4326	0.4771234567
4327	0.4771183001
4328	0.4771161608
4329	0.4771117981
4330	0.4771060617
4331	0.4771007657
4332	0.4770979571
4333	0.4770955088
4334	0.4770901996
4335	0.4770873914
4336	0.4770848813
4337	0.4770772189
4338	0.4770756037
4339	0.4770725802
4340	0.4770699925
4341	0.4770691965
4342	0.4770647659
4343	0.4770601026
4344	0.4770540187
4345	0.4770516685
4346	0.4770465861
4347	0.4770456986
4348	0.4770424258
4349	0.4770374899
4350	0.4770367286
4351	0.477033171
4352	0.4770280471
4353	0.4770232496
4354	0.4770179991
4355	0.477013315
4356	0.477009737
4357	0.4770068716
4358	0.4770040934
4359	0.4769980796
4360	0.4769947507
4361	0.4769881502
4362	0.476981397
4363	0.4769764097
4364	0.47697078
4365	0.4769641455
4366	0.4769592295
4367	0.476955864
4368	0.4769540385
4369	0.4769490465
4370	0.4769440963
4371	0.4769420103
4372	0.4769389392
4373	0.476936647
4374	0.4769331511
4375	0.4769307148
4376	0.4769269158
4377	0.4769262174
4378	0.4769231703
4379	0.4769210833
4380	0.4769168733
4381	0.4769111427
4382	0.4769089007
4383	0.4769048837
4384	0.4769028185
4385	0.4769000228
4386	0.4768975025
4387	0.4768930556
4388	0.4768909323
4389	0.4768873839
4390	0.4768833372
4391	0.4768759022
4392	0.4768746383
4393	0.4768722617
4394	0.4768703087
4395	0.4768662128
4396	0.4768576972
4397	0.4768569907
4398	0.4768541331
4399	0.4768524608
4400	0.4768511688
4401	0.4768458752
4402	0.4768441111
4403	0.4768402396
4404	0.4768376233
4405	0.4768366008
4406	0.4768348054
4407	0.4768324414
4408	0.4768280883
4409	0.4768232869
4410	0.4768192933
4411	0.4768163956
4412	0.4768123072
4413	0.4768106525
4414	0.4768072071
4415	0.476804468
4416	0.4768024947
4417	0.4767975241
4418	0.4767920025
4419	0.476788296
4420	0.4767818307
4421	0.4767792993
4422	0.47677786
4423	0.4767706015
4424	0.4767639332
4425	0.4767580512
4426	0.4767552717
4427	0.4767500588
4428	0.476745122
4429	0.4767414513
4430	0.4767382993
4431	0.4767362552
4432	0.4767299529
4433	0.4767265177
4434	0.4767195471
4435	0.4767156089
4436	0.47671359
4437	0.4767082532
4438	0.476705249
4439	0.4767016742
4440	0.4766967963
4441	0.4766886213
4442	0.4766863585
4443	0.4766819267
4444	0.4766763339
4445	0.476674274
4446	0.4766706397
4447	0.4766670145
4448	0.4766596862
4449	0.476654291
4450	0.4766521828
4451	0.4766480165
4452	0.4766448364
4453	0.4766357655
4454	0.4766343025
4455	0.4766328301
4456	0.4766296435
4457	0.4766265093
4458	0.4766218667
4459	0.4766210418
4460	0.4766195324
4461	0.4766178639
4462	0.4766149714
4463	0.4766095143
4464	0.4766040135
4465	0.4766020225
4466	0.4765965639
4467	0.4765873637
4468	0.4765830559
4469	0.476579656
4470	0.4765740144
4471	0.4765709504
4472	0.4765680068
4473	0.476565895
4474	0.476560784
4475	0.4765591306
4476	0.476550886
4477	0.4765480037
4478	0.4765434266
4479	0.4765409592
4480	0.4765388861
4481	0.4765368819
4482	0.4765318513
4483	0.4765266609
4484	0.476519901
4485	0.4765150606
4486	0.4765090229
4487	0.4765078544
4488	0.4765056735
4489	0.4765021607
4490	0.4764978068
4491	0.4764973595
4492	0.4764903484
4493	0.4764871245
4494	0.476484127
4495	0.4764792336
4496	0.4764759734
4497	0.4764720029
4498	0.4764670164
4499	0.4764658956
4500	0.4764614496
4501	0.476456951
4502	0.4764519606
4503	0.4764503526
4504	0.4764446229
4505	0.4764428411
4506	0.4764401314
4507	0.4764353859
4508	0.4764334563
4509	0.4764299773
4510	0.4764260977
4511	0.4764219831
4512	0.4764182317
4513	0.4764133199
4514	0.476401865
4515	0.4763987832
4516	0.4763946879
4517	0.4763914708
4518	0.4763898576
4519	0.4763822358
4520	0.4763752241
4521	0.476368772
4522	0.4763681437
4523	0.4763656089
4524	0.4763619107
4525	0.4763604791
4526	0.4763566675
4527	0.4763542545
4528	0.4763494387
4529	0.476347634
4530	0.476345929
4531	0.4763450236
4532	0.4763421532
4533	0.4763362857
4534	0.4763303748
4535	0.4763270084
4536	0.4763225698
4537	0.4763189023
4538	0.4763135934
4539	0.4763081923
4540	0.4763043785
4541	0.4763007415
4542	0.4762983013
4543	0.4762944007
4544	0.476289662
4545	0.4762861354
4546	0.4762816525
4547	0.4762731719
4548	0.4762718389
4549	0.4762675767
4550	0.4762648498
4551	0.4762636554
4552	0.4762611352
4553	0.476254203
4554	0.4762520071
4555	0.4762448291
4556	0.4762380536
4557	0.4762324617
4558	0.4762303162
4559	0.4762268435
4560	0.4762220188
4561	0.476216327
4562	0.4762112323
4563	0.4762075785
4564	0.4762052581
4565	0.4762013661
4566	0.4761913564
4567	0.4761885387
4568	0.4761851794
4569	0.4761799473
4570	0.4761773925
4571	0.4761704431
4572	0.4761644486
4573	0.4761588431
4574	0.4761536353
4575	0.4761492876
4576	0.4761471538
4577	0.4761467041
4578	0.4761438739
4579	0.4761424772
4580	0.4761385082
4581	0.4761343379
4582	0.4761297393
4583	0.4761284383
4584	0.476123081
4585	0.4761174699
4586	0.4761154844
4587	0.4761124637
4588	0.4761105294
4589	0.4761092903
4590	0.4761068094
4591	0.4761027357
4592	0.4760980695
4593	0.4760968477
4594	0.4760933556
4595	0.4760900191
4596	0.476089239
4597	0.4760832951
4598	0.4760805054
4599	0.476077478
4600	0.4760727294
4601	0.4760670631
4602	0.4760604007
4603	0.4760556016
4604	0.4760481867
4605	0.4760467207
4606	0.4760447711
4607	0.4760390152
4608	0.4760366466
4609	0.4760350911
4610	0.4760303629
4611	0.4760267152
4612	0.4760233626
4613	0.4760149491
4614	0.4760129115
4615	0.4760091458
4616	0.4760026904
4617	0.4759983493
4618	0.4759932452
4619	0.4759901635
4620	0.4759841074
4621	0.4759819608
4622	0.4759788555
4623	0.4759730794
4624	0.4759709794
4625	0.4759659029
4626	0.4759638492
4627	0.4759581897
4628	0.4759530002
4629	0.4759485353
4630	0.475945137
4631	0.475941738
4632	0.4759358136
4633	0.4759306183
4634	0.4759288285
4635	0.4759272639
4636	0.4759249903
4637	0.4759212327
4638	0.4759180844
4639	0.4759166835
4640	0.4759103689
4641	0.4759038177
4642	0.4758999228
4643	0.4758979606
4644	0.4758931946
4645	0.4758889757
4646	0.4758882894
4647	0.4758830752
4648	0.4758802521
4649	0.4758766985
4650	0.4758713069
4651	0.4758695429
4652	0.4758654736
4653	0.47586343
4654	0.4758615789
4655	0.4758531305
4656	0.4758468053
4657	0.4758458291
4658	0.4758443639
4659	0.4758423928
4660	0.4758404221
4661	0.4758371419
4662	0.4758336539
4663	0.4758296069
4664	0.4758275329
4665	0.4758249136
4666	0.4758218715
4667	0.475819135
4668	0.4758148532
4669	0.4758092391
4670	0.475805589
4671	0.4757979472
4672	0.475793433
4673	0.4757898323
4674	0.475784399
4675	0.4757773194
4676	0.4757737021
4677	0.4757692764
4678	0.4757642336
4679	0.4757589473
4680	0.475757479
4681	0.4757540902
4682	0.4757503093
4683	0.4757430272
4684	0.4757409261
4685	0.4757369782
4686	0.47573238
4687	0.4757301872
4688	0.4757229759
4689	0.4757188896
4690	0.4757137193
4691	0.4757097006
4692	0.4757064178
4693	0.4757057106
4694	0.4757008643
4695	0.4756941257
4696	0.4756886853
4697	0.4756852848
4698	0.4756805988
4699	0.4756773402
4700	0.475674562
4701	0.4756714998
4702	0.4756677177
4703	0.4756637868
4704	0.4756593128
4705	0.4756510675
4706	0.4756496443
4707	0.4756489056
4708	0.4756454847
4709	0.4756420103
4710	0.4756346066
4711	0.4756323606
4712	0.4756262677
4713	0.4756230852
4714	0.4756152294
4715	0.4756116921
4716	0.475605846
4717	0.4756054278
4718	0.4756026869
4719	0.4756013246
4720	0.4755952134
4721	0.4755925664
4722	0.4755876959
4723	0.4755840267
4724	0.4755813704
4725	0.4755794818
4726	0.4755774112
4727	0.4755741885
4728	0.4755703901
4729	0.4755661371
4730	0.4755636829
4731	0.4755599143
4732	0.4755568185
4733	0.4755536472
4734	0.4755515795
4735	0.475547139
4736	0.4755442327
4737	0.4755370004
4738	0.4755346368
4739	0.4755293566
4740	0.4755245835
4741	0.4755174957
4742	0.4755146249
4743	0.4755122972
4744	0.4755099026
4745	0.4755063461
4746	0.4755021798
4747	0.4754970422
4748	0.4754955513
4749	0.4754909805
4750	0.4754867899
4751	0.4754852833
4752	0.4754780687
4753	0.4754739429
4754	0.4754700126
4755	0.4754650757
4756	0.4754630331
4757	0.4754565418
4758	0.4754547894
4759	0.4754506329
4760	0.4754461372
4761	0.4754444707
4762	0.4754419062
4763	0.4754386896
4764	0.4754368868
4765	0.4754324961
4766	0.4754298195
4767	0.4754291632
4768	0.4754243154
4769	0.4754220749
4770	0.4754194355
4771	0.4754190855
4772	0.475414114
4773	0.4754075484
4774	0.4754044464
4775	0.4754031279
4776	0.4753996288
4777	0.4753970786
4778	0.4753919978
4779	0.4753871239
4780	0.4753832261
4781	0.4753782336
4782	0.4753736213
4783	0.4753675428
4784	0.4753635937
4785	0.4753587528
4786	0.4753546067
4787	0.4753521156
4788	0.4753480739
4789	0.4753428136
4790	0.4753395588
4791	0.4753346665
4792	0.4753317956
4793	0.4753244965
4794	0.475320635
4795	0.4753128824
4796	0.4753096721
4797	0.4753016878
4798	0.4752973356
4799	0.4752926286
4800	0.4752898193
4801	0.4752806631
4802	0.4752751114
4803	0.4752720214
4804	0.4752690541
4805	0.4752625384
4806	0.4752591744
4807	0.4752535257
4808	0.47524919
4809	0.4752441036
4810	0.4752388907
4811	0.475234571
4812	0.4752317584
4813	0.4752251127
4814	0.475222648
4815	0.4752183705
4816	0.4752158539
4817	0.4752126526
4818	0.4752074499
4819	0.4752047117
4820	0.4751987321
4821	0.4751923655
4822	0.4751887546
4823	0.4751836388
4824	0.4751808329
4825	0.4751739327
4826	0.4751689929
4827	0.4751667709
4828	0.4751629787
4829	0.4751605694
4830	0.4751507197
4831	0.4751467747
4832	0.4751443199
4833	0.4751404771
4834	0.4751350548
4835	0.4751304119
4836	0.4751287446
4837	0.4751253057
4838	0.4751241455
4839	0.4751188657
4840	0.4751162605
4841	0.4751089799
4842	0.4751039626
4843	0.4751026278
4844	0.4750989782
4845	0.475097129
4846	0.4750915969
4847	0.4750879097
4848	0.4750852572
4849	0.4750826084
4850	0.4750762575
4851	0.4750739284
4852	0.4750701904
4853	0.4750677889
4854	0.4750654766
4855	0.4750602415
4856	0.4750571761
4857	0.4750558165
4858	0.4750520227
4859	0.4750478658
4860	0.47504453
4861	0.475040296
4862	0.4750366822
4863	0.4750291467
4864	0.4750254703
4865	0.4750219821
4866	0.4750200882
4867	0.4750154809
4868	0.4750123386
4869	0.475009127
4870	0.4750073129
4871	0.4750053655
4872	0.4749999174
4873	0.4749977919
4874	0.4749960969
4875	0.4749896452
4876	0.4749878765
4877	0.4749814892
4878	0.4749798242
4879	0.47497313
4880	0.4749715069
4881	0.4749687117
4882	0.4749647045
4883	0.47496007
4884	0.474955823
4885	0.4749526169
4886	0.4749418158
4887	0.4749366356
4888	0.4749309278
4889	0.4749230541
4890	0.4749195713
4891	0.4749157889
4892	0.4749125525
4893	0.4749101988
4894	0.4749084234
4895	0.4749039892
4896	0.4749017298
4897	0.4748980803
4898	0.4748953868
4899	0.4748902582
4900	0.4748877602
4901	0.4748840732
4902	0.4748791473
4903	0.4748773834
4904	0.4748762391
4905	0.4748754297
4906	0.4748735646
4907	0.4748701976
4908	0.4748685851
4909	0.4748652703
4910	0.4748596499
4911	0.474854218
4912	0.4748489759
4913	0.4748473565
4914	0.474845239
4915	0.4748429237
4916	0.4748419388
4917	0.474840039
4918	0.4748373665
4919	0.4748332593
4920	0.4748302438
4921	0.4748276637
4922	0.4748236053
4923	0.4748205051
4924	0.4748175524
4925	0.4748131052
4926	0.4748114142
4927	0.4748037263
4928	0.4748007841
4929	0.4747970168
4930	0.4747908887
4931	0.4747877082
4932	0.4747841287
4933	0.4747779485
4934	0.4747768559
4935	0.4747701546
4936	0.4747663767
4937	0.4747640168
4938	0.4747597853
4939	0.4747540486
4940	0.4747476085
4941	0.4747404319
4942	0.4747352497
4943	0.4747335043
4944	0.474731587
4945	0.4747245036
4946	0.4747188919
4947	0.4747169375
4948	0.4747158814
4949	0.4747120265
4950	0.4747038781
4951	0.4747003548
4952	0.4746949281
4953	0.4746896711
4954	0.4746794403
4955	0.474672721
4956	0.4746681081
4957	0.4746633849
4958	0.4746570321
4959	0.4746555377
4960	0.4746498058
4961	0.4746467412
4962	0.4746436132
4963	0.4746418421
4964	0.4746347501
4965	0.4746301545
4966	0.4746275786
4967	0.4746239554
4968	0.4746201815
4969	0.4746170214
4970	0.4746137108
4971	0.474607253
4972	0.4746030627
4973	0.4745987178
4974	0.4745922045
4975	0.4745901476
4976	0.474589424
4977	0.4745823805
4978	0.4745761661
4979	0.4745710959
4980	0.4745690758
4981	0.4745662346
4982	0.4745641347
4983	0.4745597792
4984	0.4745582368
4985	0.4745554879
4986	0.4745528341
4987	0.474547741
4988	0.4745462535
4989	0.4745400551
4990	0.4745381714
4991	0.4745359343
4992	0.474532906
4993	0.4745291259
4994	0.4745270955
4995	0.4745237652
4996	0.4745202342
4997	0.4745187585
4998	0.4745116447
4999	0.474509871
5000	0.4745018299
5001	0.4745003641
5002	0.4744919346
5003	0.4744881402
5004	0.4744857746
5005	0.4744822915
5006	0.4744788818
5007	0.4744730249
5008	0.4744704584
5009	0.4744679863
5010	0.4744642126
5011	0.4744594863
5012	0.4744538638
5013	0.4744532341
5014	0.474444098
5015	0.4744388932
5016	0.4744364157
5017	0.4744327161
5018	0.4744277897
5019	0.4744258576
5020	0.4744177292
5021	0.4744168475
5022	0.4744115493
5023	0.4744023004
5024	0.4743989895
5025	0.4743953423
5026	0.4743910075
5027	0.4743840258
5028	0.4743811746
5029	0.4743757599
5030	0.4743714715
5031	0.4743654583
5032	0.4743640784
5033	0.4743599043
5034	0.474354519
5035	0.4743521916
5036	0.4743482537
5037	0.4743446867
5038	0.4743436471
5039	0.4743420702
5040	0.474338484
5041	0.4743347442
5042	0.4743289446
5043	0.4743262899
5044	0.4743243058
5045	0.4743205418
5046	0.4743181574
5047	0.4743149791
5048	0.4743121135
5049	0.4743087779
5050	0.4743061203
5051	0.4743003137
5052	0.4742967822
5053	0.4742937925
5054	0.474285887
5055	0.4742834479
5056	0.4742805514
5057	0.4742782311
5058	0.4742758203
5059	0.4742718634
5060	0.4742687793
5061	0.4742626397
5062	0.4742586917
5063	0.4742579262
5064	0.4742518179
5065	0.4742495899
5066	0.4742447327
5067	0.4742389769
5068	0.4742341688
5069	0.4742251828
5070	0.4742168789
5071	0.4742147885
5072	0.4742112315
5073	0.4742065819
5074	0.4741993742
5075	0.4741959931
5076	0.4741931368
5077	0.4741877306
5078	0.4741854428
5079	0.4741811053
5080	0.4741801678
5081	0.4741768337
5082	0.4741716969
5083	0.4741687895
5084	0.4741643585
5085	0.474159132
5086	0.4741550204
5087	0.4741530737
5088	0.4741501494
5089	0.4741459872
5090	0.4741435044
5091	0.4741396699
5092	0.4741348804
5093	0.4741308927
5094	0.4741263781
5095	0.4741249115
5096	0.474120398
5097	0.4741155362
5098	0.4741130016
5099	0.4741099233
5100	0.4741078286
5101	0.4741032763
5102	0.474099962
5103	0.4740991696
5104	0.4740974937
5105	0.4740957759
5106	0.4740934728
5107	0.4740906326
5108	0.4740875047
5109	0.4740808837
5110	0.4740772875
5111	0.4740741825
5112	0.474072706
5113	0.4740680305
5114	0.4740655466
5115	0.4740625207
5116	0.4740585455
5117	0.4740528127
5118	0.4740513698
5119	0.4740471077
5120	0.474041615
5121	0.474039653
5122	0.4740304029
5123	0.4740236291
5124	0.4740207853
5125	0.4740161568
5126	0.4740145846
5127	0.4740131221
5128	0.474010815
5129	0.4740070718
5130	0.474003957
5131	0.4739992954
5132	0.4739956196
5133	0.4739915306
5134	0.4739890097
5135	0.4739878727
5136	0.4739832889
5137	0.4739792998
5138	0.4739779104
5139	0.4739746313
5140	0.4739710234
5141	0.4739650529
5142	0.4739605576
5143	0.4739588406
5144	0.4739573727
5145	0.4739547067
5146	0.4739518033
5147	0.4739465742
5148	0.473944987
5149	0.473941759
5150	0.4739392279
5151	0.4739367311
5152	0.4739348488
5153	0.4739318113
5154	0.4739297035
5155	0.4739283291
5156	0.4739238778
5157	0.4739186515
5158	0.4739158121
5159	0.4739152501
5160	0.4739094877
5161	0.4739077531
5162	0.4739037575
5163	0.4739000819
5164	0.4738967429
5165	0.4738950746
5166	0.4738917739
5167	0.473886333
5168	0.4738831502
5169	0.4738814165
5170	0.4738774237
5171	0.4738752257
5172	0.4738724761
5173	0.4738683913
5174	0.4738652962
5175	0.4738565876
5176	0.4738549136
5177	0.4738526083
5178	0.4738488448
5179	0.4738454612
5180	0.473840564
5181	0.4738356882
5182	0.4738307073
5183	0.4738301673
5184	0.473827079
5185	0.4738196331
5186	0.4738136453
5187	0.4738124032
5188	0.4738087238
5189	0.473804507
5190	0.4737989374
5191	0.473794355
5192	0.4737934914
5193	0.4737860744
5194	0.4737830525
5195	0.473780982
5196	0.4737770673
5197	0.4737735749
5198	0.4737673302
5199	0.4737658504
5200	0.47376439
5201	0.473761146
5202	0.4737601758
5203	0.4737562486
5204	0.4737524467
5205	0.4737504213
5206	0.4737457639
5207	0.4737434627
5208	0.4737415736
5209	0.4737392135
5210	0.4737339071
5211	0.4737283999
5212	0.4737238273
5213	0.4737218503
5214	0.473720491
5215	0.4737165249
5216	0.4737119488
5217	0.4737072052
5218	0.4737027279
5219	0.4737006908
5220	0.4736993093
5221	0.4736970553
5222	0.4736920362
5223	0.4736910626
5224	0.4736870778
5225	0.4736853676
5226	0.4736808758
5227	0.4736756826
5228	0.4736696551
5229	0.4736633253
5230	0.4736576597
5231	0.4736523615
5232	0.4736454008
5233	0.4736427282
5234	0.4736395882
5235	0.4736341688
5236	0.4736308321
5237	0.4736259116
5238	0.4736222993
5239	0.4736182429
5240	0.4736132103
5241	0.4736089979
5242	0.4736043066
5243	0.4735999876
5244	0.4735994793
5245	0.4735971051
5246	0.4735918467
5247	0.4735903198
5248	0.4735870634
5249	0.4735794026
5250	0.4735743971
5251	0.4735671233
5252	0.4735647442
5253	0.4735579293
5254	0.4735517385
5255	0.4735483121
5256	0.4735455358
5257	0.4735417719
5258	0.4735345667
5259	0.4735324579
5260	0.4735287603
5261	0.4735264146
5262	0.4735220794
5263	0.4735201307
5264	0.47351776
5265	0.4735140545
5266	0.4735100802
5267	0.4735041342
5268	0.4734987605
5269	0.4734933179
5270	0.4734881976
5271	0.4734860703
5272	0.473483369
5273	0.473480792
5274	0.4734751229
5275	0.4734713606
5276	0.4734696098
5277	0.4734674086
5278	0.4734624344
5279	0.4734578085
5280	0.4734559124
5281	0.4734492197
5282	0.4734446129
5283	0.4734355697
5284	0.4734319388
5285	0.4734283296
5286	0.4734259228
5287	0.4734212919
5288	0.473413413
5289	0.4734050409
5290	0.4733983659
5291	0.4733938206
5292	0.4733902724
5293	0.4733855729
5294	0.4733790935
5295	0.473376495
5296	0.4733749665
5297	0.4733729551
5298	0.4733665317
5299	0.4733629874
5300	0.473359587
5301	0.4733561515
5302	0.473353942
5303	0.473350772
5304	0.4733465103
5305	0.4733409228
5306	0.4733377845
5307	0.4733308784
5308	0.4733248913
5309	0.4733222843
5310	0.4733165763
5311	0.47331373
5312	0.4733084459
5313	0.4733068287
5314	0.4733052111
5315	0.4733002193
5316	0.4732973987
5317	0.4732920747
5318	0.4732911804
5319	0.4732873273
5320	0.4732831872
5321	0.4732792922
5322	0.4732772473
5323	0.4732733655
5324	0.4732712799
5325	0.4732671438
5326	0.4732607335
5327	0.4732513788
5328	0.4732443139
5329	0.4732406077
5330	0.473236279
5331	0.4732346991
5332	0.4732330941
5333	0.4732303372
5334	0.4732254491
5335	0.4732185247
5336	0.4732151819
5337	0.4732124605
5338	0.4732046388
5339	0.4732007842
5340	0.4731998323
5341	0.4731966392
5342	0.4731928611
5343	0.4731914443
5344	0.4731880673
5345	0.4731819678
5346	0.4731753677
5347	0.4731714962
5348	0.4731660005
5349	0.4731618571
5350	0.4731600041
5351	0.4731538657
5352	0.4731497439
5353	0.4731470829
5354	0.4731435553
5355	0.4731430003
5356	0.4731395706
5357	0.4731356076
5358	0.4731305441
5359	0.4731272737
5360	0.4731232389
5361	0.4731184228
5362	0.4731157525
5363	0.4731099462
5364	0.4731062702
5365	0.4731041314
5366	0.4731019305
5367	0.4730956755
5368	0.4730907433
5369	0.4730868714
5370	0.4730837722
5371	0.4730795978
5372	0.4730766463
5373	0.4730745781
5374	0.4730728811
5375	0.4730718084
5376	0.4730687984
5377	0.4730649402
5378	0.473061483
5379	0.4730595361
5380	0.4730542663
5381	0.473049556
5382	0.4730481455
5383	0.4730457183
5384	0.473041383
5385	0.4730378567
5386	0.4730345626
5387	0.4730332382
5388	0.4730322491
5389	0.4730275105
5390	0.4730261508
5391	0.473019698
5392	0.4730143348
5393	0.4730067158
5394	0.4729995689
5395	0.4729947093
5396	0.4729917541
5397	0.4729905498
5398	0.4729863463
5399	0.4729815105
5400	0.4729805549
5401	0.4729753464
5402	0.4729709754
5403	0.4729682172
5404	0.4729642259
5405	0.4729600451
5406	0.4729557729
5407	0.4729547437
5408	0.4729475234
5409	0.4729403373
5410	0.472939468
5411	0.4729349736
5412	0.4729313859
5413	0.4729282251
5414	0.4729245052
5415	0.4729196854
5416	0.4729145604
5417	0.4729124733
5418	0.4729101271
5419	0.4729053702
5420	0.4729007411
5421	0.472894269
5422	0.4728900857
5423	0.4728866068
5424	0.4728834475
5425	0.4728786611
5426	0.4728719021
5427	0.472867247
5428	0.4728615694
5429	0.472856928
5430	0.4728548367
5431	0.4728507365
5432	0.4728480124
5433	0.4728459298
5434	0.472840149
5435	0.472836451
5436	0.4728334223
5437	0.4728280203
5438	0.4728227744
5439	0.4728172197
5440	0.472811644
5441	0.4728097027
5442	0.4728043123
5443	0.4728004341
5444	0.4727978018
5445	0.4727920614
5446	0.4727903678
5447	0.4727875454
5448	0.4727853951
5449	0.472781153
5450	0.4727782085
5451	0.472775595
5452	0.472771654
5453	0.4727656089
5454	0.472762179
5455	0.4727599309
5456	0.472754097
5457	0.4727524356
5458	0.4727462403
5459	0.4727441291
5460	0.4727418569
5461	0.4727375706
5462	0.4727363426
5463	0.4727307473
5464	0.4727260732
5465	0.472722074
5466	0.4727156748
5467	0.4727057475
5468	0.4727005313
5469	0.472696678
5470	0.4726926676
5471	0.4726885397
5472	0.4726856771
5473	0.4726837285
5474	0.4726812203
5475	0.4726752853
5476	0.4726732945
5477	0.4726677817
5478	0.4726658827
5479	0.4726642398
5480	0.4726586505
5481	0.4726564693
5482	0.4726510618
5483	0.4726456934
5484	0.4726410675
5485	0.4726346797
5486	0.4726292991
5487	0.4726269883
5488	0.4726213557
5489	0.4726151997
5490	0.4726094079
5491	0.4726032535
5492	0.4725990467
5493	0.4725954215
5494	0.4725889306
5495	0.4725825037
5496	0.4725801571
5497	0.472573436
5498	0.4725656185
5499	0.4725608393
5500	0.4725562926
5501	0.4725521228
5502	0.4725497194
5503	0.4725484813
5504	0.4725454565
5505	0.4725427224
5506	0.4725389575
5507	0.4725323426
5508	0.4725290646
5509	0.4725259098
5510	0.4725248906
5511	0.4725212988
5512	0.4725166748
5513	0.4725116324
5514	0.4725044836
5515	0.4725006843
5516	0.4724943263
5517	0.4724918504
5518	0.4724881966
5519	0.4724826892
5520	0.4724785978
5521	0.4724764372
5522	0.4724737408
5523	0.4724696394
5524	0.4724659385
5525	0.4724634394
5526	0.4724600248
5527	0.4724595893
5528	0.472457615
5529	0.4724539467
5530	0.4724482335
5531	0.4724426484
5532	0.4724367455
5533	0.4724308978
5534	0.4724287995
5535	0.4724236874
5536	0.4724211524
5537	0.4724179058
5538	0.4724159972
5539	0.4724038642
5540	0.4723953475
5541	0.4723924112
5542	0.4723885275
5543	0.47238716
5544	0.4723824987
5545	0.4723788737
5546	0.4723777471
5547	0.4723754635
5548	0.4723718462
5549	0.4723695416
5550	0.472365689
5551	0.4723627295
5552	0.4723610131
5553	0.4723559545
5554	0.4723474128
5555	0.472344338
5556	0.4723427683
5557	0.4723370442
5558	0.472332237
5559	0.472328697
5560	0.4723239045
5561	0.4723203065
5562	0.4723156061
5563	0.4723108087
5564	0.4723055813
5565	0.4723019916
5566	0.4722980269
5567	0.4722947598
5568	0.4722932441
5569	0.4722898861
5570	0.4722861877
5571	0.4722825693
5572	0.4722783321
5573	0.4722686247
5574	0.4722664893
5575	0.4722643253
5576	0.4722634424
5577	0.4722599906
5578	0.4722567526
5579	0.4722558583
5580	0.4722510483
5581	0.4722483631
5582	0.4722434073
5583	0.4722414206
5584	0.4722355762
5585	0.4722331946
5586	0.4722274761
5587	0.4722233008
5588	0.4722223594
5589	0.4722198491
5590	0.4722132798
5591	0.4722093112
5592	0.4722054649
5593	0.4722003908
5594	0.4721967088
5595	0.4721920939
5596	0.4721874775
5597	0.4721850171
5598	0.4721807053
5599	0.4721792139
5600	0.4721779541
5601	0.4721734046
5602	0.4721697694
5603	0.4721659754
5604	0.4721598064
5605	0.472155669
5606	0.4721495255
5607	0.4721465446
5608	0.4721408823
5609	0.4721381105
5610	0.4721366413
5611	0.4721318801
5612	0.4721262942
5613	0.4721239063
5614	0.4721215862
5615	0.4721181908
5616	0.4721168714
5617	0.4721147594
5618	0.4721116643
5619	0.4721063425
5620	0.4721052612
5621	0.4721034467
5622	0.4721010516
5623	0.4720960194
5624	0.4720910333
5625	0.4720878222
5626	0.4720831852
5627	0.4720816627
5628	0.472076991
5629	0.4720715241
5630	0.4720681511
5631	0.4720618768
5632	0.472060598
5633	0.4720532402
5634	0.4720505849
5635	0.4720476127
5636	0.4720447988
5637	0.4720429449
5638	0.4720407803
5639	0.4720375551
5640	0.4720370288
5641	0.4720343892
5642	0.4720290365
5643	0.472025087
5644	0.4720235112
5645	0.4720227122
5646	0.4720200833
5647	0.4720136556
5648	0.4720106182
5649	0.4720041695
5650	0.4720015593
5651	0.4719974306
5652	0.4719930542
5653	0.4719795616
5654	0.4719754835
5655	0.4719712495
5656	0.4719657683
5657	0.4719615645
5658	0.4719589166
5659	0.4719546926
5660	0.471951837
5661	0.4719489604
5662	0.4719431331
5663	0.4719384522
5664	0.471937705
5665	0.4719348716
5666	0.4719295583
5667	0.4719251403
5668	0.4719216115
5669	0.471916218
5670	0.4719116972
5671	0.4719098236
5672	0.471906976
5673	0.4719049245
5674	0.4718980279
5675	0.4718931911
5676	0.4718911775
5677	0.4718836515
5678	0.4718779136
5679	0.4718735118
5680	0.4718671983
5681	0.4718628827
5682	0.471858494
5683	0.4718526695
5684	0.4718498481
5685	0.4718434341
5686	0.4718365054
5687	0.4718307848
5688	0.4718276874
5689	0.4718234356
5690	0.4718198931
5691	0.4718143912
5692	0.4718123029
5693	0.4718076574
5694	0.4718058955
5695	0.4718010105
5696	0.4717963019
5697	0.4717939285
5698	0.4717907778
5699	0.4717876563
5700	0.4717861608
5701	0.4717840951
5702	0.4717772316
5703	0.4717731283
5704	0.4717711458
5705	0.4717672047
5706	0.4717644044
5707	0.4717604078
5708	0.4717502122
5709	0.4717470816
5710	0.4717445011
5711	0.4717419462
5712	0.4717369543
5713	0.4717339542
5714	0.4717278355
5715	0.4717237218
5716	0.4717185479
5717	0.4717135234
5718	0.4717103628
5719	0.4717079335
5720	0.4717030001
5721	0.4716980725
5722	0.4716963552
5723	0.4716881708
5724	0.4716825426
5725	0.4716809367
5726	0.4716760725
5727	0.4716746016
5728	0.4716705474
5729	0.4716692871
5730	0.4716665173
5731	0.4716615342
5732	0.4716570209
5733	0.4716538316
5734	0.4716523156
5735	0.4716501739
5736	0.4716455725
5737	0.4716412166
5738	0.4716352349
5739	0.4716322138
5740	0.4716280389
5741	0.4716236011
5742	0.4716186525
5743	0.4716136481
5744	0.4716052573
5745	0.4716007174
5746	0.4715981529
5747	0.4715922252
5748	0.471587478
5749	0.4715824611
5750	0.471581883
5751	0.4715792509
5752	0.4715753629
5753	0.4715712842
5754	0.4715674913
5755	0.4715640108
5756	0.4715628148
5757	0.4715589828
5758	0.4715544137
5759	0.4715475554
5760	0.4715463181
5761	0.4715426707
5762	0.471535861
5763	0.4715336955
5764	0.4715305149
5765	0.4715250308
5766	0.4715238889
5767	0.4715175809
5768	0.4715132544
5769	0.471508356
5770	0.4715035314
5771	0.4714991288
5772	0.4714955726
5773	0.4714897982
5774	0.471487942
5775	0.4714858804
5776	0.471480476
5777	0.4714788567
5778	0.471475736
5779	0.4714732328
5780	0.4714665105
5781	0.4714633161
5782	0.4714606784
5783	0.4714582965
5784	0.4714561378
5785	0.4714544491
5786	0.471451318
5787	0.4714485597
5788	0.4714431768
5789	0.4714398389
5790	0.4714324693
5791	0.4714273839
5792	0.4714245749
5793	0.4714195702
5794	0.4714173683
5795	0.4714167305
5796	0.471414539
5797	0.4714109931
5798	0.4714073533
5799	0.4714007051
5800	0.4713962693
5801	0.4713951456
5802	0.4713886249
5803	0.4713866205
5804	0.4713835474
5805	0.4713761319
5806	0.4713749265
5807	0.4713690259
5808	0.471366337
5809	0.4713652996
5810	0.471363488
5811	0.4713593336
5812	0.4713578925
5813	0.4713558455
5814	0.4713537736
5815	0.4713515666
5816	0.4713468062
5817	0.4713438983
5818	0.4713382317
5819	0.4713334408
5820	0.4713308162
5821	0.4713251
5822	0.4713167795
5823	0.4713138966
5824	0.4713073346
5825	0.4713058032
5826	0.4713017136
5827	0.4712972241
5828	0.4712950436
5829	0.471290577
5830	0.471284664
5831	0.4712807862
5832	0.4712739956
5833	0.4712716536
5834	0.4712668652
5835	0.4712643333
5836	0.4712639478
5837	0.4712596657
5838	0.4712548818
5839	0.4712477122
5840	0.4712432153
5841	0.4712406676
5842	0.4712356533
5843	0.4712326174
5844	0.4712277607
5845	0.4712216
5846	0.471216915
5847	0.4712135073
5848	0.4712095961
5849	0.4712026787
5850	0.4711977032
5851	0.4711968233
5852	0.4711924288
5853	0.4711896049
5854	0.471188393
5855	0.4711813565
5856	0.4711791484
5857	0.471171556
5858	0.4711660987
5859	0.4711633565
5860	0.4711610857
5861	0.4711583944
5862	0.4711573394
5863	0.4711502557
5864	0.4711471772
5865	0.4711431039
5866	0.4711409271
5867	0.4711386192
5868	0.4711362535
5869	0.4711295537
5870	0.4711257771
5871	0.4711203574
5872	0.4711159338
5873	0.4711140027
5874	0.4711045326
5875	0.4711027189
5876	0.4711005898
5877	0.4710956804
5878	0.4710920429
5879	0.4710908884
5880	0.4710898159
5881	0.4710845848
5882	0.4710797909
5883	0.4710735691
5884	0.4710721911
5885	0.4710687603
5886	0.4710583575
5887	0.4710568227
5888	0.4710553845
5889	0.4710529952
5890	0.4710473675
5891	0.4710413353
5892	0.4710358703
5893	0.4710332665
5894	0.4710282568
5895	0.4710229813
5896	0.4710182595
5897	0.4710166954
5898	0.4710141363
5899	0.4710107731
5900	0.4710060727
5901	0.4710048155
5902	0.4709993965
5903	0.4709928787
5904	0.4709882557
5905	0.4709852178
5906	0.4709830391
5907	0.4709802943
5908	0.4709734125
5909	0.4709645973
5910	0.4709609538
5911	0.4709603936
5912	0.4709585698
5913	0.4709552948
5914	0.4709464203
5915	0.4709415282
5916	0.4709374798
5917	0.470936327
5918	0.470933276
5919	0.4709316321
5920	0.4709265271
5921	0.4709213997
5922	0.4709163914
5923	0.4709104275
5924	0.4709077811
5925	0.4709036939
5926	0.4709017258
5927	0.4708979113
5928	0.4708950921
5929	0.4708903676
5930	0.4708842584
5931	0.4708793296
5932	0.4708752006
5933	0.470870238
5934	0.4708651744
5935	0.4708598405
5936	0.4708537317
5937	0.470849602
5938	0.4708421572
5939	0.4708378803
5940	0.4708335906
5941	0.4708284998
5942	0.4708205412
5943	0.470813823
5944	0.4708124921
5945	0.4708108131
5946	0.4708071995
5947	0.4708014967
5948	0.4707983377
5949	0.4707919631
5950	0.4707894998
5951	0.4707822987
5952	0.4707769131
5953	0.4707716133
5954	0.4707669318
5955	0.4707622608
5956	0.4707606755
5957	0.4707544312
5958	0.4707513747
5959	0.4707467817
5960	0.4707452639
5961	0.4707431502
5962	0.4707395226
5963	0.4707362935
5964	0.4707349497
5965	0.4707329297
5966	0.4707270416
5967	0.4707228761
5968	0.4707197833
5969	0.470714385
5970	0.4707099257
5971	0.4707072507
5972	0.4707025662
5973	0.4706992883
5974	0.4706935859
5975	0.4706908019
5976	0.4706904077
5977	0.4706889765
5978	0.4706826459
5979	0.4706754409
5980	0.4706715685
5981	0.4706683346
5982	0.4706626602
5983	0.4706564998
5984	0.4706519022
5985	0.4706506402
5986	0.4706451859
5987	0.4706417791
5988	0.4706382442
5989	0.4706378753
5990	0.4706337149
5991	0.4706310205
5992	0.470629259
5993	0.4706264712
5994	0.4706250492
5995	0.4706215014
5996	0.4706197517
5997	0.4706193568
5998	0.4706152571
5999	0.4706123538
