iter	Passed	Remaining
0	81	487114
1	134	402890
2	201	402676
3	283	425483
4	352	422596
5	443	442991
6	500	428913
7	576	431756
8	653	435265
9	721	432400
10	788	429469
11	840	419191
12	890	410041
13	961	410995
14	1054	420789
15	1139	425987
16	1202	423325
17	1313	436663
18	1398	440156
19	1486	444371
20	1547	440478
21	1630	442995
22	1708	443897
23	1786	444844
24	1854	443335
25	1965	451518
26	2021	447151
27	2101	448232
28	2205	454027
29	2269	451714
30	2330	448781
31	2427	452719
32	2523	456348
33	2592	454965
34	2662	453774
35	2734	453016
36	2819	454374
37	2898	454739
38	2947	450453
39	2991	445794
40	3084	448285
41	3174	450312
42	3259	451489
43	3339	452099
44	3427	453613
45	3499	452963
46	3571	452315
47	3668	454851
48	3768	457651
49	3856	458918
50	3943	460018
51	4034	461482
52	4103	460452
53	4178	460147
54	4265	461065
55	4330	459658
56	4415	460382
57	4489	459989
58	4576	460870
59	4666	461956
60	4756	463140
61	4852	464714
62	4940	465563
63	5031	466692
64	5121	467627
65	5206	468092
66	5283	467887
67	5361	467750
68	5451	468558
69	5524	468031
70	5608	468375
71	5688	468343
72	5756	467420
73	5855	468886
74	5948	469927
75	6016	468989
76	6098	469073
77	6176	468975
78	6262	469377
79	6348	469765
80	6455	471742
81	6531	471368
82	6626	472387
83	6686	470920
84	6776	471585
85	6865	472112
86	6955	472707
87	7037	472772
88	7128	473413
89	7212	473635
90	7301	474124
91	7408	475774
92	7489	475702
93	7588	476779
94	7666	476544
95	7750	476631
96	7828	476390
97	7901	475864
98	7980	475662
99	8057	475380
100	8127	474702
101	8180	473013
102	8257	472783
103	8306	470936
104	8399	471586
105	8487	471947
106	8579	472489
107	8650	471923
108	8743	472570
109	8823	472446
110	8895	471955
111	8989	472597
112	9058	471932
113	9151	472510
114	9213	471472
115	9293	471410
116	9369	471102
117	9461	471639
118	9505	469784
119	9597	470299
120	9712	471899
121	9806	472472
122	9885	472343
123	9975	472729
124	10061	472874
125	10146	473004
126	10220	472635
127	10311	473040
128	10406	473606
129	10505	474367
130	10535	471999
131	10617	471984
132	10705	472227
133	10797	472687
134	10874	472430
135	10971	473079
136	11055	473126
137	11136	473069
138	11211	472719
139	11311	473475
140	11408	474069
141	11482	473679
142	11567	473789
143	11659	474133
144	11738	473973
145	11803	473284
146	11842	471516
147	11926	471573
148	12035	472601
149	12099	471868
150	12186	472050
151	12252	471399
152	12349	471960
153	12435	472055
154	12522	472203
155	12603	472136
156	12687	472192
157	12775	472360
158	12854	472221
159	12935	472151
160	12999	471457
161	13076	471244
162	13163	471396
163	13242	471256
164	13318	470995
165	13417	471557
166	13492	471277
167	13575	471263
168	13667	471559
169	13745	471385
170	13811	470794
171	13898	470919
172	13981	470909
173	14081	471503
174	14167	471574
175	14264	472032
176	14335	471621
177	14431	472007
178	14510	471874
179	14614	472526
180	14697	472503
181	14784	472607
182	14842	471784
183	14943	472337
184	15025	472287
185	15114	472461
186	15163	471358
187	15260	471776
188	15339	471638
189	15440	472153
190	15528	472278
191	15604	472034
192	15690	472085
193	15771	471998
194	15844	471678
195	15947	472239
196	16014	471726
197	16112	472132
198	16140	470520
199	16222	470450
200	16300	470282
201	16368	469821
202	16477	470543
203	16555	470376
204	16662	471034
205	16760	471414
206	16859	471817
207	16935	471584
208	17037	472072
209	17120	472049
210	17199	471889
211	17294	472177
212	17382	472260
213	17480	472622
214	17598	473530
215	17711	474287
216	17826	475071
217	17934	475676
218	17969	474341
219	18054	474344
220	18137	474273
221	18228	474435
222	18270	473307
223	18337	472833
224	18410	472529
225	18483	472238
226	18559	472010
227	18637	471833
228	18702	471310
229	18799	471622
230	18886	471673
231	18989	472121
232	19089	472476
233	19175	472514
234	19252	472293
235	19336	472268
236	19368	470962
237	19474	471482
238	19569	471715
239	19640	471362
240	19720	471244
241	19735	469574
242	19812	469378
243	19896	469357
244	19984	469435
245	20054	469086
246	20080	467709
247	20155	467487
248	20232	467303
249	20334	467700
250	20411	467509
251	20455	466582
252	20489	465427
253	20588	465748
254	20613	464419
255	20704	464557
256	20804	464910
257	20886	464840
258	20927	463874
259	21026	464208
260	21132	464671
261	21224	464828
262	21314	464948
263	21389	464730
264	21481	464891
265	21577	465126
266	21655	464981
267	21743	465054
268	21838	465263
269	21914	465070
270	21975	464576
271	21999	463288
272	22080	463201
273	22157	463048
274	22190	461961
275	22254	461540
276	22338	461529
277	22418	461431
278	22499	461356
279	22583	461345
280	22661	461209
281	22730	460899
282	22823	461073
283	22919	461295
284	22991	461042
285	23076	461038
286	23159	461011
287	23250	461134
288	23263	459720
289	23352	459796
290	23421	459488
291	23515	459673
292	23632	460307
293	23706	460098
294	23785	459990
295	23885	460273
296	23964	460171
297	24064	460457
298	24172	460894
299	24258	460917
300	24357	461180
301	24427	460883
302	24474	460165
303	24580	460559
304	24684	460907
305	24768	460888
306	24876	461307
307	24969	461442
308	24998	460417
309	25076	460271
310	25156	460177
311	25175	458972
312	25256	458891
313	25343	458926
314	25438	459112
315	25522	459074
316	25604	459024
317	25700	459213
318	25803	459532
319	25882	459406
320	25959	459262
321	26047	459305
322	26130	459264
323	26219	459331
324	26292	459113
325	26363	458854
326	26437	458646
327	26525	458698
328	26571	458020
329	26587	456813
330	26678	456912
331	26767	456977
332	26838	456746
333	26918	456653
334	27009	456748
335	27105	456922
336	27191	456924
337	27280	456984
338	27351	456739
339	27418	456429
340	27435	455301
341	27516	455222
342	27600	455207
343	27675	455032
344	27759	455009
345	27850	455099
346	27943	455233
347	28029	455241
348	28112	455198
349	28196	455168
350	28273	455026
351	28340	454741
352	28421	454659
353	28530	455041
354	28611	454965
355	28734	455554
356	28752	454481
357	28828	454337
358	28897	454067
359	28968	453842
360	29046	453723
361	29132	453733
362	29221	453780
363	29318	453955
364	29426	454293
365	29468	453624
366	29543	453460
367	29617	453270
368	29712	453411
369	29799	453436
370	29838	452732
371	29947	453078
372	30036	453118
373	30127	453205
374	30209	453135
375	30290	453068
376	30375	453055
377	30459	453029
378	30539	452930
379	30618	452838
380	30707	452879
381	30789	452808
382	30877	452847
383	30972	452969
384	31075	453214
385	31177	453443
386	31316	454209
387	31418	454428
388	31501	454375
389	31529	453541
390	31617	453565
391	31738	454056
392	31832	454160
393	31937	454426
394	31959	453504
395	31996	452799
396	32088	452881
397	32192	453118
398	32260	452862
399	32350	452901
400	32437	452906
401	32534	453049
402	32611	452924
403	32708	453065
404	32793	453040
405	32871	452910
406	32948	452775
407	33031	452732
408	33106	452560
409	33174	452304
410	33236	451973
411	33277	451351
412	33371	451447
413	33420	450937
414	33489	450693
415	33581	450761
416	33667	450755
417	33739	450561
418	33822	450509
419	33889	450252
420	33959	450026
421	34042	449971
422	34127	449951
423	34228	450140
424	34312	450096
425	34326	449150
426	34415	449179
427	34463	448669
428	34550	448677
429	34652	448867
430	34766	449226
431	34855	449254
432	34938	449202
433	35031	449269
434	35120	449305
435	35181	448972
436	35289	449238
437	35389	449393
438	35510	449824
439	35592	449757
440	35625	449080
441	35720	449172
442	35815	449268
443	35898	449216
444	35997	449358
445	36088	449407
446	36200	449707
447	36316	450059
448	36425	450335
449	36533	450578
450	36557	449793
451	36652	449880
452	36761	450146
453	36858	450261
454	36907	449790
455	36994	449777
456	37087	449841
457	37197	450104
458	37313	450440
459	37336	449667
460	37360	448899
461	37449	448902
462	37530	448827
463	37609	448714
464	37692	448666
465	37770	448545
466	37821	448106
467	37965	448775
468	38082	449113
469	38160	448993
470	38235	448843
471	38305	448625
472	38405	448763
473	38498	448824
474	38592	448897
475	38701	449131
476	38784	449071
477	38890	449277
478	38967	449142
479	39069	449297
480	39157	449290
481	39217	448966
482	39302	448925
483	39382	448833
484	39478	448910
485	39562	448862
486	39650	448860
487	39724	448691
488	39812	448679
489	39895	448621
490	39977	448550
491	40072	448618
492	40153	448535
493	40224	448337
494	40316	448363
495	40388	448183
496	40466	448057
497	40573	448259
498	40671	448368
499	40779	448573
500	40820	448051
501	40931	448293
502	41039	448493
503	41106	448252
504	41147	447733
505	41234	447714
506	41330	447789
507	41438	447992
508	41515	447864
509	41593	447745
510	41673	447640
511	41761	447631
512	41856	447688
513	41931	447541
514	42026	447599
515	42119	447637
516	42222	447785
517	42289	447545
518	42393	447703
519	42476	447633
520	42548	447456
521	42642	447502
522	42744	447632
523	42839	447687
524	42923	447631
525	42974	447232
526	43067	447260
527	43132	447007
528	43209	446877
529	43305	446946
530	43405	447054
531	43495	447056
532	43596	447167
533	43692	447239
534	43782	447240
535	43892	447436
536	43998	447606
537	44074	447463
538	44135	447165
539	44225	447166
540	44316	447179
541	44399	447112
542	44511	447324
543	44580	447114
544	44664	447051
545	44759	447103
546	44856	447173
547	44907	446779
548	44998	446788
549	45089	446796
550	45169	446696
551	45243	446537
552	45361	446810
553	45400	446303
554	45499	446383
555	45583	446320
556	45671	446298
557	45766	446348
558	45869	446471
559	45963	446499
560	46059	446558
561	46124	446310
562	46199	446158
563	46286	446118
564	46373	446091
565	46467	446117
566	46550	446043
567	46640	446043
568	46729	446025
569	46816	445990
570	46915	446066
571	47004	446047
572	47101	446104
573	47202	446199
574	47296	446234
575	47387	446233
576	47497	446412
577	47603	446553
578	47702	446624
579	47797	446660
580	47886	446638
581	47968	446549
582	48054	446507
583	48115	446220
584	48211	446262
585	48286	446118
586	48365	446003
587	48476	446179
588	48557	446086
589	48640	446008
590	48734	446027
591	48828	446055
592	48935	446199
593	49012	446062
594	49120	446213
595	49204	446139
596	49288	446074
597	49362	445913
598	49446	445846
599	49537	445837
600	49623	445786
601	49709	445735
602	49821	445914
603	49923	446006
604	50041	446241
605	50138	446279
606	50246	446425
607	50315	446223
608	50416	446300
609	50501	446235
610	50584	446150
611	50678	446170
612	50765	446119
613	50902	446518
614	50988	446461
615	51066	446331
616	51148	446247
617	51243	446264
618	51346	446357
619	51437	446347
620	51530	446349
621	51610	446238
622	51698	446198
623	51778	446095
624	51894	446291
625	51998	446390
626	52077	446267
627	52146	446068
628	52240	446082
629	52330	446052
630	52423	446052
631	52513	446036
632	52623	446180
633	52714	446160
634	52841	446448
635	52936	446464
636	53037	446530
637	53126	446495
638	53207	446392
639	53277	446203
640	53367	446175
641	53461	446177
642	53552	446156
643	53628	446019
644	53697	445815
645	53795	445849
646	53901	445957
647	53995	445958
648	54111	446147
649	54207	446167
650	54295	446121
651	54412	446319
652	54506	446318
653	54594	446273
654	54682	446225
655	54773	446203
656	54899	446464
657	54976	446325
658	55070	446330
659	55137	446114
660	55245	446227
661	55357	446376
662	55430	446199
663	55541	446337
664	55636	446349
665	55728	446333
666	55823	446340
667	55911	446283
668	56018	446386
669	56134	446563
670	56230	446576
671	56314	446490
672	56402	446443
673	56505	446511
674	56616	446637
675	56733	446822
676	56864	447103
677	56977	447248
678	57068	447215
679	57178	447339
680	57259	447226
681	57363	447300
682	57456	447287
683	57553	447303
684	57630	447165
685	57715	447082
686	57793	446951
687	57869	446807
688	57964	446805
689	58046	446704
690	58125	446581
691	58231	446666
692	58321	446628
693	58432	446748
694	58528	446749
695	58639	446872
696	58733	446860
697	58821	446803
698	58914	446792
699	58973	446511
700	59086	446643
701	59218	446925
702	59304	446851
703	59404	446880
704	59501	446893
705	59587	446820
706	59651	446587
707	59748	446592
708	59829	446484
709	59903	446320
710	59986	446229
711	60073	446166
712	60177	446226
713	60271	446211
714	60386	446354
715	60491	446423
716	60575	446332
717	60657	446233
718	60759	446277
719	60847	446214
720	60924	446077
721	61004	445961
722	61102	445974
723	61215	446093
724	61309	446077
725	61394	445998
726	61488	445985
727	61583	445975
728	61685	446015
729	61781	446014
730	61896	446148
731	61993	446149
732	62090	446152
733	62182	446119
734	62255	445954
735	62344	445896
736	62431	445829
737	62524	445803
738	62620	445799
739	62716	445794
740	62798	445689
741	62899	445723
742	62986	445656
743	63088	445691
744	63143	445391
745	63228	445311
746	63316	445249
747	63399	445154
748	63506	445226
749	63597	445183
750	63707	445276
751	63805	445283
752	63889	445190
753	64008	445346
754	64090	445235
755	64197	445303
756	64302	445363
757	64395	445332
758	64515	445487
759	64633	445631
760	64729	445622
761	64814	445533
762	64924	445624
763	65039	445743
764	65134	445722
765	65215	445607
766	65298	445512
767	65388	445460
768	65476	445390
769	65556	445271
770	65641	445186
771	65719	445054
772	65829	445133
773	65941	445231
774	66052	445324
775	66177	445503
776	66291	445609
777	66384	445581
778	66471	445507
779	66594	445670
780	66710	445788
781	66821	445875
782	66951	446083
783	67044	446048
784	67168	446221
785	67267	446222
786	67368	446241
787	67467	446246
788	67583	446357
789	67713	446565
790	67821	446630
791	67913	446582
792	68020	446634
793	68138	446764
794	68225	446685
795	68322	446674
796	68423	446683
797	68515	446635
798	68640	446805
799	68721	446687
800	68814	446649
801	68929	446753
802	69060	446956
803	69157	446946
804	69265	446999
805	69337	446822
806	69424	446744
807	69513	446675
808	69620	446727
809	69729	446782
810	69835	446824
811	69944	446886
812	70037	446845
813	70126	446779
814	70222	446753
815	70322	446752
816	70411	446684
817	70483	446512
818	70567	446411
819	70678	446479
820	70757	446351
821	70858	446355
822	70939	446238
823	71030	446181
824	71128	446171
825	71217	446103
826	71296	445968
827	71387	445911
828	71474	445833
829	71561	445751
830	71643	445641
831	71759	445734
832	71880	445869
833	71973	445823
834	72076	445838
835	72181	445870
836	72290	445919
837	72356	445708
838	72459	445724
839	72546	445640
840	72614	445441
841	72715	445447
842	72844	445620
843	72916	445446
844	73017	445449
845	73130	445527
846	73232	445532
847	73340	445575
848	73462	445705
849	73547	445610
850	73635	445530
851	73751	445624
852	73844	445575
853	73923	445446
854	73989	445237
855	74077	445157
856	74160	445047
857	74288	445210
858	74383	445173
859	74510	445331
860	74627	445423
861	74723	445394
862	74805	445279
863	74887	445163
864	74983	445134
865	75069	445042
866	75153	444942
867	75245	444886
868	75361	444970
869	75458	444946
870	75528	444761
871	75600	444585
872	75686	444498
873	75796	444546
874	75902	444573
875	76014	444632
876	76098	444530
877	76208	444578
878	76279	444400
879	76389	444448
880	76470	444330
881	76538	444132
882	76646	444166
883	76747	444161
884	76849	444164
885	76938	444090
886	77050	444145
887	77139	444072
888	77221	443956
889	77302	443836
890	77408	443861
891	77502	443814
892	77594	443759
893	77691	443725
894	77800	443769
895	77895	443728
896	77992	443698
897	78098	443717
898	78165	443518
899	78257	443459
900	78357	443445
901	78450	443390
902	78552	443391
903	78628	443244
904	78738	443285
905	78853	443357
906	78957	443363
907	79073	443437
908	79170	443406
909	79270	443393
910	79343	443227
911	79428	443126
912	79513	443030
913	79600	442941
914	79687	442852
915	79790	442856
916	79873	442746
917	79941	442553
918	80054	442606
919	80145	442544
920	80251	442559
921	80357	442574
922	80453	442539
923	80524	442361
924	80600	442215
925	80691	442148
926	80780	442070
927	80902	442175
928	80984	442057
929	81058	441897
930	81159	441889
931	81248	441811
932	81365	441887
933	81463	441855
934	81566	441854
935	81655	441778
936	81750	441730
937	81845	441687
938	81920	441531
939	82006	441440
940	82119	441491
941	82214	441443
942	82302	441359
943	82379	441219
944	82502	441322
945	82602	441303
946	82692	441229
947	82773	441109
948	82878	441117
949	83011	441273
950	83115	441272
951	83211	441229
952	83314	441223
953	83419	441233
954	83496	441089
955	83622	441203
956	83696	441047
957	83778	440932
958	83884	440941
959	83999	440997
960	84115	441058
961	84227	441099
962	84335	441118
963	84414	440986
964	84490	440836
965	84600	440870
966	84701	440852
967	84789	440766
968	84890	440748
969	85002	440786
970	85118	440847
971	85215	440808
972	85310	440754
973	85390	440630
974	85492	440616
975	85584	440547
976	85684	440524
977	85772	440438
978	85888	440494
979	85969	440375
980	86071	440360
981	86183	440397
982	86258	440241
983	86359	440222
984	86429	440044
985	86528	440011
986	86620	439946
987	86732	439982
988	86833	439961
989	86917	439855
990	87014	439816
991	87106	439748
992	87205	439713
993	87318	439756
994	87406	439665
995	87483	439523
996	87605	439607
997	87695	439533
998	87797	439514
999	87878	439392
1000	87972	439337
1001	88074	439319
1002	88178	439311
1003	88317	439476
1004	88415	439439
1005	88520	439436
1006	88609	439353
1007	88710	439328
1008	88801	439254
1009	88892	439180
1010	89012	439252
1011	89101	439170
1012	89183	439048
1013	89272	438965
1014	89359	438874
1015	89446	438781
1016	89541	438726
1017	89620	438593
1018	89719	438562
1019	89805	438463
1020	89897	438393
1021	89974	438252
1022	90074	438220
1023	90174	438193
1024	90277	438174
1025	90365	438087
1026	90463	438047
1027	90551	437960
1028	90649	437921
1029	90739	437840
1030	90832	437773
1031	90888	437531
1032	90981	437470
1033	91065	437362
1034	91135	437185
1035	91230	437129
1036	91308	436997
1037	91391	436881
1038	91486	436827
1039	91574	436737
1040	91656	436622
1041	91735	436492
1042	91853	436545
1043	91934	436423
1044	91996	436213
1045	92080	436106
1046	92157	435966
1047	92259	435942
1048	92356	435899
1049	92435	435769
1050	92532	435723
1051	92627	435667
1052	92729	435644
1053	92798	435468
1054	92910	435491
1055	93033	435563
1056	93118	435461
1057	93199	435344
1058	93292	435276
1059	93396	435264
1060	93497	435235
1061	93594	435188
1062	93708	435221
1063	93787	435089
1064	93891	435074
1065	93986	435016
1066	94082	434966
1067	94176	434906
1068	94265	434818
1069	94367	434794
1070	94448	434675
1071	94526	434537
1072	94622	434488
1073	94719	434438
1074	94819	434405
1075	94920	434374
1076	95005	434275
1077	95096	434195
1078	95205	434204
1079	95309	434187
1080	95407	434141
1081	95499	434072
1082	95589	433990
1083	95650	433782
1084	95742	433711
1085	95834	433635
1086	95916	433521
1087	96005	433438
1088	96115	433445
1089	96192	433307
1090	96305	433329
1091	96399	433269
1092	96505	433257
1093	96613	433261
1094	96712	433221
1095	96806	433155
1096	96907	433123
1097	96981	432971
1098	97059	432836
1099	97149	432756
1100	97238	432670
1101	97319	432551
1102	97408	432464
1103	97501	432399
1104	97592	432322
1105	97670	432189
1106	97764	432126
1107	97857	432055
1108	97948	431978
1109	98043	431923
1110	98132	431835
1111	98216	431730
1112	98317	431694
1113	98412	431637
1114	98488	431492
1115	98599	431503
1116	98700	431471
1117	98798	431423
1118	98896	431379
1119	98973	431240
1120	99064	431164
1121	99175	431174
1122	99311	431292
1123	99426	431321
1124	99521	431259
1125	99600	431130
1126	99681	431008
1127	99732	430760
1128	99852	430806
1129	99950	430758
1130	100027	430622
1131	100105	430490
1132	100199	430425
1133	100297	430377
1134	100410	430392
1135	100493	430282
1136	100576	430171
1137	100663	430074
1138	100751	429984
1139	100859	429979
1140	100944	429876
1141	101040	429818
1142	101118	429689
1143	101203	429583
1144	101310	429572
1145	101386	429434
1146	101458	429276
1147	101540	429157
1148	101632	429085
1149	101718	428985
1150	101822	428962
1151	101918	428906
1152	102006	428818
1153	102096	428736
1154	102190	428667
1155	102292	428635
1156	102385	428569
1157	102476	428491
1158	102581	428471
1159	102697	428496
1160	102788	428416
1161	102891	428388
1162	102948	428171
1163	103038	428089
1164	103137	428041
1165	103246	428037
1166	103333	427944
1167	103421	427852
1168	103501	427730
1169	103575	427582
1170	103659	427474
1171	103750	427396
1172	103846	427338
1173	103958	427343
1174	104055	427293
1175	104159	427267
1176	104266	427252
1177	104357	427173
1178	104440	427062
1179	104523	426950
1180	104601	426822
1181	104699	426769
1182	104796	426714
1183	104879	426604
1184	104982	426575
1185	105070	426482
1186	105178	426471
1187	105287	426469
1188	105376	426381
1189	105461	426275
1190	105555	426210
1191	105678	426260
1192	105773	426195
1193	105860	426100
1194	105959	426054
1195	106119	426252
1196	106241	426298
1197	106325	426190
1198	106417	426115
1199	106525	426102
1200	106636	426101
1201	106703	425926
1202	106816	425932
1203	106902	425833
1204	107001	425788
1205	107097	425723
1206	107193	425665
1207	107282	425575
1208	107362	425453
1209	107482	425488
1210	107562	425364
1211	107641	425236
1212	107723	425122
1213	107792	424956
1214	107879	424860
1215	107967	424766
1216	108062	424703
1217	108159	424644
1218	108255	424585
1219	108367	424586
1220	108447	424465
1221	108537	424378
1222	108638	424339
1223	108743	424314
1224	108856	424319
1225	108973	424336
1226	109098	424391
1227	109191	424316
1228	109304	424322
1229	109396	424244
1230	109488	424166
1231	109569	424047
1232	109671	424010
1233	109759	423916
1234	109853	423846
1235	109948	423782
1236	110016	423614
1237	110089	423460
1238	110159	423300
1239	110270	423297
1240	110386	423311
1241	110471	423207
1242	110571	423161
1243	110639	422992
1244	110736	422933
1245	110813	422800
1246	110924	422795
1247	111022	422739
1248	111112	422653
1249	111208	422593
1250	111293	422488
1251	111386	422413
1252	111467	422295
1253	111556	422205
1254	111650	422138
1255	111742	422058
1256	111817	421919
1257	111908	421837
1258	112002	421768
1259	112090	421671
1260	112200	421664
1261	112317	421678
1262	112407	421593
1263	112503	421533
1264	112633	421596
1265	112731	421542
1266	112835	421508
1267	112912	421374
1268	113006	421301
1269	113083	421170
1270	113165	421053
1271	113270	421025
1272	113372	420983
1273	113452	420859
1274	113558	420834
1275	113649	420754
1276	113758	420737
1277	113834	420599
1278	113926	420519
1279	114035	420505
1280	114118	420393
1281	114224	420365
1282	114316	420289
1283	114412	420224
1284	114514	420182
1285	114609	420115
1286	114721	420110
1287	114832	420100
1288	114943	420093
1289	115062	420110
1290	115156	420039
1291	115244	419945
1292	115361	419959
1293	115458	419898
1294	115546	419802
1295	115635	419713
1296	115732	419651
1297	115818	419553
1298	115906	419457
1299	116030	419495
1300	116133	419454
1301	116251	419468
1302	116354	419428
1303	116464	419414
1304	116564	419364
1305	116661	419302
1306	116773	419296
1307	116871	419235
1308	116979	419213
1309	117095	419219
1310	117191	419154
1311	117281	419065
1312	117389	419043
1313	117475	418940
1314	117557	418825
1315	117643	418725
1316	117743	418672
1317	117835	418592
1318	117936	418546
1319	118031	418475
1320	118134	418432
1321	118225	418349
1322	118341	418353
1323	118447	418324
1324	118524	418189
1325	118634	418174
1326	118725	418088
1327	118800	417950
1328	118878	417820
1329	118964	417717
1330	119070	417686
1331	119160	417598
1332	119299	417682
1333	119423	417712
1334	119507	417604
1335	119614	417575
1336	119708	417502
1337	119785	417369
1338	119873	417273
1339	119962	417181
1340	120054	417101
1341	120174	417117
1342	120271	417054
1343	120375	417014
1344	120463	416920
1345	120535	416771
1346	120637	416724
1347	120760	416749
1348	120845	416644
1349	120945	416591
1350	121049	416549
1351	121122	416402
1352	121226	416362
1353	121350	416390
1354	121437	416291
1355	121550	416283
1356	121666	416284
1357	121781	416280
1358	121881	416225
1359	121984	416181
1360	122080	416113
1361	122195	416109
1362	122299	416069
1363	122394	415998
1364	122491	415931
1365	122591	415878
1366	122687	415807
1367	122785	415747
1368	122870	415639
1369	122966	415574
1370	123059	415494
1371	123132	415347
1372	123208	415210
1373	123303	415139
1374	123397	415063
1375	123487	414974
1376	123580	414898
1377	123675	414823
1378	123759	414714
1379	123836	414584
1380	123921	414478
1381	124008	414379
1382	124105	414312
1383	124194	414221
1384	124300	414185
1385	124407	414153
1386	124487	414032
1387	124575	413935
1388	124667	413851
1389	124740	413707
1390	124838	413645
1391	124942	413601
1392	125031	413511
1393	125118	413410
1394	125210	413328
1395	125313	413284
1396	125401	413186
1397	125488	413087
1398	125577	412997
1399	125679	412946
1400	125774	412874
1401	125874	412818
1402	125964	412727
1403	126052	412634
1404	126174	412649
1405	126248	412508
1406	126328	412386
1407	126413	412281
1408	126519	412243
1409	126646	412273
1410	126744	412212
1411	126835	412124
1412	126925	412036
1413	127040	412028
1414	127136	411957
1415	127238	411906
1416	127325	411808
1417	127424	411747
1418	127525	411694
1419	127642	411693
1420	127747	411650
1421	127831	411540
1422	127900	411385
1423	127998	411321
1424	128093	411248
1425	128180	411149
1426	128265	411042
1427	128371	411003
1428	128474	410957
1429	128596	410967
1430	128697	410915
1431	128782	410807
1432	128866	410700
1433	128973	410663
1434	129068	410591
1435	129178	410564
1436	129273	410492
1437	129383	410462
1438	129499	410457
1439	129587	410359
1440	129724	410420
1441	129840	410411
1442	129937	410343
1443	130037	410283
1444	130154	410280
1445	130249	410206
1446	130340	410118
1447	130460	410121
1448	130559	410060
1449	130649	409967
1450	130755	409927
1451	130858	409879
1452	130955	409811
1453	131045	409718
1454	131151	409678
1455	131248	409610
1456	131347	409549
1457	131453	409508
1458	131557	409461
1459	131657	409400
1460	131746	409306
1461	131840	409229
1462	131926	409124
1463	132004	408997
1464	132093	408904
1465	132180	408802
1466	132291	408779
1467	132395	408731
1468	132471	408597
1469	132559	408499
1470	132649	408410
1471	132749	408348
1472	132862	408330
1473	132965	408277
1474	133091	408297
1475	133181	408205
1476	133273	408123
1477	133389	408109
1478	133487	408044
1479	133582	407966
1480	133684	407912
1481	133788	407866
1482	133904	407852
1483	134041	407904
1484	134143	407851
1485	134249	407806
1486	134354	407760
1487	134445	407673
1488	134553	407635
1489	134624	407487
1490	134680	407293
1491	134766	407190
1492	134873	407149
1493	134959	407046
1494	135042	406933
1495	135133	406846
1496	135228	406770
1497	135319	406680
1498	135415	406606
1499	135546	406639
1500	135636	406547
1501	135720	406439
1502	135812	406353
1503	135903	406265
1504	135979	406132
1505	136093	406111
1506	136192	406047
1507	136285	405965
1508	136370	405858
1509	136482	405832
1510	136577	405755
1511	136670	405671
1512	136745	405537
1513	136827	405421
1514	136896	405267
1515	136977	405150
1516	137077	405086
1517	137175	405018
1518	137279	404970
1519	137381	404913
1520	137490	404879
1521	137588	404809
1522	137687	404744
1523	137760	404604
1524	137852	404519
1525	137926	404380
1526	138024	404310
1527	138126	404255
1528	138215	404160
1529	138300	404055
1530	138408	404016
1531	138525	404002
1532	138624	403937
1533	138728	403885
1534	138813	403780
1535	138898	403674
1536	138990	403587
1537	139089	403523
1538	139161	403378
1539	139244	403267
1540	139317	403124
1541	139405	403029
1542	139496	402939
1543	139599	402885
1544	139693	402804
1545	139805	402778
1546	139907	402719
1547	140014	402678
1548	140128	402655
1549	140245	402641
1550	140360	402621
1551	140473	402595
1552	140585	402565
1553	140677	402478
1554	140781	402425
1555	140867	402323
1556	140958	402235
1557	141061	402179
1558	141159	402111
1559	141232	401969
1560	141330	401900
1561	141423	401817
1562	141502	401693
1563	141592	401602
1564	141666	401464
1565	141765	401396
1566	141850	401292
1567	141952	401232
1568	142020	401078
1569	142136	401059
1570	142235	400994
1571	142327	400906
1572	142416	400812
1573	142504	400714
1574	142611	400669
1575	142703	400583
1576	142796	400500
1577	142897	400439
1578	143001	400385
1579	143109	400344
1580	143211	400284
1581	143287	400155
1582	143399	400122
1583	143476	399995
1584	143580	399940
1585	143656	399810
1586	143748	399724
1587	143863	399701
1588	143968	399651
1589	144081	399621
1590	144209	399634
1591	144325	399613
1592	144406	399496
1593	144495	399402
1594	144590	399322
1595	144695	399273
1596	144778	399159
1597	144876	399089
1598	144965	398995
1599	145083	398978
1600	145185	398919
1601	145294	398878
1602	145409	398856
1603	145499	398764
1604	145595	398687
1605	145695	398620
1606	145787	398533
1607	145873	398429
1608	145994	398422
1609	146087	398336
1610	146172	398232
1611	146270	398161
1612	146354	398051
1613	146436	397936
1614	146520	397828
1615	146646	397831
1616	146719	397693
1617	146797	397569
1618	146883	397466
1619	146974	397375
1620	147059	397270
1621	147167	397224
1622	147270	397167
1623	147375	397116
1624	147492	397096
1625	147580	396997
1626	147686	396946
1627	147773	396845
1628	147877	396791
1629	147983	396739
1630	148102	396726
1631	148193	396634
1632	148276	396525
1633	148370	396441
1634	148461	396351
1635	148580	396336
1636	148680	396269
1637	148816	396299
1638	148917	396234
1639	149002	396127
1640	149108	396077
1641	149212	396020
1642	149310	395948
1643	149401	395859
1644	149507	395809
1645	149661	395884
1646	149776	395857
1647	149877	395791
1648	149979	395732
1649	150072	395644
1650	150175	395585
1651	150275	395520
1652	150378	395459
1653	150480	395397
1654	150591	395360
1655	150683	395270
1656	150784	395205
1657	150880	395128
1658	150985	395074
1659	151068	394962
1660	151158	394868
1661	151238	394747
1662	151334	394669
1663	151413	394548
1664	151513	394481
1665	151620	394432
1666	151746	394431
1667	151844	394357
1668	151936	394269
1669	152029	394183
1670	152118	394086
1671	152217	394018
1672	152344	394019
1673	152448	393963
1674	152536	393863
1675	152623	393760
1676	152703	393642
1677	152802	393572
1678	152897	393490
1679	152995	393415
1680	153076	393300
1681	153172	393221
1682	153290	393200
1683	153379	393103
1684	153466	393002
1685	153567	392936
1686	153644	392809
1687	153745	392744
1688	153835	392649
1689	153912	392523
1690	154014	392460
1691	154106	392370
1692	154199	392284
1693	154279	392166
1694	154375	392085
1695	154468	391999
1696	154533	391843
1697	154625	391754
1698	154730	391698
1699	154820	391604
1700	154919	391533
1701	155007	391434
1702	155089	391320
1703	155173	391212
1704	155259	391108
1705	155352	391021
1706	155424	390882
1707	155540	390855
1708	155626	390751
1709	155724	390676
1710	155824	390607
1711	155917	390523
1712	155987	390378
1713	156086	390308
1714	156190	390249
1715	156278	390148
1716	156375	390072
1717	156466	389983
1718	156588	389967
1719	156704	389939
1720	156805	389873
1721	156883	389747
1722	156955	389609
1723	157025	389467
1724	157141	389436
1725	157237	389358
1726	157333	389279
1727	157422	389182
1728	157522	389113
1729	157627	389057
1730	157734	389005
1731	157839	388948
1732	157953	388913
1733	158051	388839
1734	158128	388712
1735	158224	388633
1736	158314	388539
1737	158409	388458
1738	158511	388393
1739	158627	388363
1740	158741	388328
1741	158819	388205
1742	158908	388107
1743	158999	388017
1744	159091	387929
1745	159193	387864
1746	159292	387791
1747	159415	387777
1748	159502	387675
1749	159604	387611
1750	159682	387487
1751	159760	387365
1752	159842	387251
1753	159931	387154
1754	160009	387030
1755	160091	386917
1756	160158	386768
1757	160249	386676
1758	160364	386642
1759	160447	386532
1760	160544	386454
1761	160616	386317
1762	160717	386249
1763	160796	386131
1764	160895	386057
1765	160993	385982
1766	161103	385936
1767	161188	385831
1768	161286	385757
1769	161396	385710
1770	161501	385653
1771	161611	385605
1772	161716	385548
1773	161811	385464
1774	161904	385378
1775	162003	385304
1776	162092	385208
1777	162165	385075
1778	162261	384995
1779	162352	384904
1780	162439	384801
1781	162524	384697
1782	162655	384698
1783	162745	384603
1784	162823	384483
1785	162918	384399
1786	163010	384311
1787	163107	384233
1788	163204	384154
1789	163292	384056
1790	163388	383977
1791	163484	383897
1792	163575	383805
1793	163679	383744
1794	163776	383665
1795	163864	383567
1796	163945	383452
1797	164042	383374
1798	164141	383301
1799	164241	383230
1800	164354	383189
1801	164477	383172
1802	164569	383083
1803	164665	383002
1804	164798	383007
1805	164884	382903
1806	164983	382830
1807	165070	382729
1808	165176	382672
1809	165271	382590
1810	165357	382486
1811	165451	382401
1812	165545	382317
1813	165658	382274
1814	165762	382212
1815	165853	382120
1816	165938	382014
1817	166035	381937
1818	166145	381887
1819	166232	381787
1820	166338	381728
1821	166436	381652
1822	166537	381584
1823	166614	381460
1824	166715	381389
1825	166818	381325
1826	166900	381212
1827	166984	381105
1828	167084	381032
1829	167187	380969
1830	167272	380861
1831	167384	380817
1832	167472	380718
1833	167542	380580
1834	167683	380601
1835	167802	380572
1836	167896	380485
1837	167995	380411
1838	168097	380344
1839	168200	380280
1840	168285	380174
1841	168380	380089
1842	168464	379981
1843	168574	379932
1844	168689	379894
1845	168782	379805
1846	168862	379688
1847	168957	379605
1848	169049	379516
1849	169131	379402
1850	169247	379366
1851	169334	379264
1852	169409	379136
1853	169487	379015
1854	169596	378963
1855	169696	378890
1856	169800	378827
1857	169884	378720
1858	169976	378629
1859	170060	378520
1860	170139	378403
1861	170216	378279
1862	170315	378205
1863	170434	378174
1864	170523	378076
1865	170633	378026
1866	170763	378020
1867	170861	377943
1868	170946	377838
1869	171029	377728
1870	171118	377632
1871	171251	377631
1872	171352	377560
1873	171440	377461
1874	171553	377416
1875	171648	377333
1876	171740	377242
1877	171843	377178
1878	171944	377106
1879	172054	377054
1880	172149	376971
1881	172248	376896
1882	172354	376837
1883	172468	376793
1884	172557	376696
1885	172626	376555
1886	172731	376494
1887	172819	376395
1888	172931	376347
1889	173024	376259
1890	173104	376143
1891	173189	376037
1892	173313	376015
1893	173399	375911
1894	173490	375820
1895	173574	375712
1896	173661	375610
1897	173752	375517
1898	173844	375428
1899	173944	375353
1900	174033	375256
1901	174129	375173
1902	174224	375091
1903	174337	375044
1904	174424	374943
1905	174532	374887
1906	174618	374784
1907	174733	374743
1908	174836	374675
1909	174924	374577
1910	175003	374458
1911	175089	374355
1912	175185	374272
1913	175299	374228
1914	175410	374179
1915	175490	374061
1916	175571	373948
1917	175669	373869
1918	175763	373782
1919	175869	373721
1920	175954	373617
1921	176069	373574
1922	176153	373468
1923	176250	373386
1924	176385	373387
1925	176459	373258
1926	176556	373177
1927	176646	373083
1928	176759	373036
1929	176857	372959
1930	176944	372858
1931	177053	372801
1932	177150	372722
1933	177243	372633
1934	177332	372536
1935	177438	372474
1936	177538	372399
1937	177648	372347
1938	177773	372324
1939	177856	372215
1940	177956	372140
1941	178044	372040
1942	178159	371998
1943	178336	372085
1944	178427	371991
1945	178500	371861
1946	178579	371741
1947	178672	371654
1948	178767	371568
1949	178869	371499
1950	178994	371475
1951	179106	371425
1952	179197	371332
1953	179310	371285
1954	179424	371238
1955	179530	371175
1956	179618	371076
1957	179702	370970
1958	179806	370903
1959	179904	370823
1960	179991	370722
1961	180082	370628
1962	180177	370542
1963	180258	370428
1964	180346	370329
1965	180450	370263
1966	180542	370172
1967	180654	370122
1968	180776	370091
1969	180875	370014
1970	180975	369939
1971	181084	369882
1972	181170	369779
1973	181248	369658
1974	181346	369579
1975	181447	369506
1976	181564	369465
1977	181685	369433
1978	181775	369337
1979	181887	369286
1980	181969	369175
1981	182055	369070
1982	182147	368979
1983	182226	368862
1984	182298	368728
1985	182378	368614
1986	182481	368543
1987	182579	368465
1988	182664	368358
1989	182741	368238
1990	182832	368144
1991	182935	368075
1992	183022	367973
1993	183112	367877
1994	183217	367813
1995	183333	367769
1996	183405	367637
1997	183509	367570
1998	183608	367492
1999	183708	367417
2000	183805	367335
2001	183921	367290
2002	184029	367231
2003	184130	367158
2004	184219	367060
2005	184334	367014
2006	184429	366928
2007	184525	366846
2008	184633	366785
2009	184730	366703
2010	184839	366644
2011	184946	366583
2012	185121	366657
2013	185226	366591
2014	185344	366548
2015	185432	366449
2016	185549	366407
2017	185667	366365
2018	185783	366321
2019	185914	366306
2020	186034	366269
2021	186142	366208
2022	186233	366114
2023	186332	366037
2024	186423	365941
2025	186524	365867
2026	186617	365777
2027	186712	365691
2028	186805	365600
2029	186912	365538
2030	187024	365485
2031	187138	365436
2032	187283	365446
2033	187389	365381
2034	187502	365329
2035	187600	365250
2036	187733	365237
2037	187854	365200
2038	188021	365254
2039	188145	365224
2040	188261	365177
2041	188380	365136
2042	188494	365087
2043	188604	365029
2044	188713	364969
2045	188831	364926
2046	188986	364955
2047	189103	364910
2048	189220	364866
2049	189336	364819
2050	189455	364778
2051	189579	364746
2052	189693	364695
2053	189788	364609
2054	189908	364568
2055	190031	364535
2056	190133	364460
2057	190241	364398
2058	190332	364302
2059	190440	364240
2060	190578	364235
2061	190687	364173
2062	190799	364119
2063	190898	364038
2064	191034	364030
2065	191140	363963
2066	191232	363869
2067	191342	363809
2068	191433	363714
2069	191532	363635
2070	191640	363571
2071	191733	363479
2072	191833	363400
2073	191942	363339
2074	192068	363311
2075	192175	363245
2076	192279	363174
2077	192380	363096
2078	192510	363075
2079	192625	363025
2080	192739	362972
2081	192841	362898
2082	192967	362867
2083	193076	362805
2084	193221	362812
2085	193342	362772
2086	193455	362717
2087	193560	362647
2088	193667	362581
2089	193751	362473
2090	193848	362389
2091	193965	362340
2092	194059	362250
2093	194167	362187
2094	194265	362104
2095	194376	362044
2096	194484	361980
2097	194575	361884
2098	194686	361825
2099	194796	361765
2100	194913	361717
2101	195029	361668
2102	195138	361605
2103	195276	361595
2104	195399	361558
2105	195506	361491
2106	195605	361410
2107	195702	361325
2108	195808	361257
2109	195922	361202
2110	196036	361149
2111	196122	361043
2112	196209	360939
2113	196289	360823
2114	196415	360791
2115	196521	360723
2116	196653	360702
2117	196773	360659
2118	196901	360630
2119	197028	360599
2120	197161	360579
2121	197281	360535
2122	197366	360428
2123	197455	360328
2124	197553	360244
2125	197644	360147
2126	197738	360056
2127	197828	359958
2128	197925	359872
2129	198051	359840
2130	198153	359763
2131	198242	359662
2132	198350	359597
2133	198465	359544
2134	198554	359444
2135	198657	359369
2136	198754	359283
2137	198860	359214
2138	198953	359120
2139	199066	359064
2140	199182	359012
2141	199291	358947
2142	199388	358862
2143	199487	358779
2144	199572	358671
2145	199666	358581
2146	199777	358519
2147	199869	358425
2148	199970	358346
2149	200095	358311
2150	200179	358201
2151	200281	358124
2152	200377	358036
2153	200467	357937
2154	200566	357855
2155	200649	357744
2156	200726	357622
2157	200835	357557
2158	200931	357469
2159	201020	357369
2160	201148	357338
2161	201234	357232
2162	201323	357132
2163	201417	357040
2164	201502	356933
2165	201579	356811
2166	201673	356720
2167	201771	356636
2168	201882	356576
2169	202009	356541
2170	202124	356486
2171	202249	356450
2172	202362	356392
2173	202481	356345
2174	202616	356326
2175	202729	356268
2176	202839	356202
2177	202914	356077
2178	203015	355998
2179	203146	355971
2180	203247	355892
2181	203345	355808
2182	203458	355748
2183	203586	355717
2184	203712	355681
2185	203796	355572
2186	203904	355504
2187	203999	355413
2188	204091	355318
2189	204170	355200
2190	204266	355111
2191	204351	355005
2192	204441	354906
2193	204513	354776
2194	204607	354684
2195	204663	354526
2196	204761	354441
2197	204847	354335
2198	204931	354227
2199	205015	354117
2200	205076	353968
2201	205172	353879
2202	205269	353793
2203	205367	353709
2204	205455	353607
2205	205569	353549
2206	205656	353446
2207	205749	353352
2208	205863	353294
2209	205956	353201
2210	206054	353116
2211	206131	352995
2212	206216	352887
2213	206290	352762
2214	206382	352667
2215	206468	352561
2216	206548	352445
2217	206645	352359
2218	206748	352283
2219	206837	352182
2220	206937	352101
2221	207036	352018
2222	207133	351931
2223	207242	351865
2224	207351	351798
2225	207456	351725
2226	207572	351670
2227	207730	351686
2228	207823	351593
2229	207901	351474
2230	208002	351395
2231	208121	351345
2232	208212	351248
2233	208319	351178
2234	208415	351089
2235	208497	350977
2236	208622	350937
2237	208708	350830
2238	208802	350739
2239	208918	350684
2240	209044	350646
2241	209136	350551
2242	209249	350491
2243	209338	350390
2244	209431	350295
2245	209531	350215
2246	209634	350136
2247	209721	350032
2248	209815	349941
2249	209909	349848
2250	210008	349765
2251	210113	349691
2252	210207	349598
2253	210314	349528
2254	210420	349457
2255	210564	349447
2256	210685	349399
2257	210780	349310
2258	210886	349237
2259	210992	349165
2260	211096	349089
2261	211196	349006
2262	211301	348931
2263	211403	348853
2264	211505	348774
2265	211597	348677
2266	211693	348590
2267	211780	348485
2268	211865	348378
2269	211972	348307
2270	212061	348206
2271	212157	348117
2272	212244	348013
2273	212349	347938
2274	212435	347833
2275	212523	347731
2276	212612	347631
2277	212712	347549
2278	212813	347467
2279	212939	347427
2280	213055	347371
2281	213168	347309
2282	213273	347235
2283	213374	347154
2284	213488	347093
2285	213615	347055
2286	213696	346941
2287	213801	346866
2288	213910	346798
2289	214042	346767
2290	214160	346713
2291	214267	346641
2292	214380	346580
2293	214493	346517
2294	214604	346452
2295	214702	346367
2296	214810	346296
2297	214898	346194
2298	214998	346110
2299	215111	346049
2300	215197	345944
2301	215283	345837
2302	215378	345745
2303	215465	345642
2304	215566	345560
2305	215680	345499
2306	215790	345433
2307	215892	345352
2308	216018	345311
2309	216118	345228
2310	216222	345150
2311	216313	345054
2312	216379	344915
2313	216489	344848
2314	216593	344772
2315	216684	344674
2316	216777	344579
2317	216859	344467
2318	216959	344384
2319	217044	344278
2320	217125	344164
2321	217273	344157
2322	217390	344099
2323	217501	344034
2324	217587	343928
2325	217683	343838
2326	217785	343758
2327	217863	343640
2328	217963	343556
2329	218060	343468
2330	218158	343381
2331	218282	343336
2332	218380	343249
2333	218475	343158
2334	218584	343088
2335	218690	343015
2336	218790	342930
2337	218873	342820
2338	218981	342749
2339	219086	342674
2340	219185	342588
2341	219268	342477
2342	219354	342373
2343	219433	342255
2344	219519	342150
2345	219616	342062
2346	219696	341947
2347	219779	341837
2348	219885	341762
2349	219990	341687
2350	220089	341601
2351	220185	341511
2352	220279	341419
2353	220361	341308
2354	220446	341200
2355	220516	341070
2356	220595	340953
2357	220680	340847
2358	220773	340753
2359	220863	340654
2360	220987	340607
2361	221072	340499
2362	221167	340408
2363	221255	340306
2364	221346	340209
2365	221423	340090
2366	221535	340024
2367	221647	339959
2368	221748	339876
2369	221840	339781
2370	221934	339687
2371	222023	339587
2372	222131	339516
2373	222246	339455
2374	222346	339371
2375	222427	339258
2376	222520	339164
2377	222608	339061
2378	222687	338945
2379	222785	338858
2380	222870	338752
2381	222956	338646
2382	223063	338572
2383	223172	338502
2384	223268	338412
2385	223360	338317
2386	223457	338229
2387	223575	338172
2388	223669	338078
2389	223767	337991
2390	223857	337892
2391	223960	337812
2392	224030	337684
2393	224127	337595
2394	224222	337504
2395	224320	337417
2396	224398	337299
2397	224487	337199
2398	224569	337088
2399	224663	336995
2400	224747	336887
2401	224840	336791
2402	224939	336706
2403	225067	336665
2404	225156	336563
2405	225250	336471
2406	225369	336415
2407	225457	336313
2408	225555	336225
2409	225641	336122
2410	225727	336017
2411	225821	335922
2412	225924	335844
2413	226048	335794
2414	226137	335694
2415	226241	335616
2416	226339	335529
2417	226432	335434
2418	226518	335329
2419	226596	335213
2420	226693	335124
2421	226775	335013
2422	226868	334919
2423	226975	334844
2424	227084	334774
2425	227170	334669
2426	227280	334599
2427	227363	334490
2428	227453	334390
2429	227549	334300
2430	227634	334195
2431	227718	334086
2432	227799	333974
2433	227898	333889
2434	228003	333811
2435	228095	333715
2436	228189	333623
2437	228320	333584
2438	228415	333492
2439	228505	333393
2440	228588	333284
2441	228678	333185
2442	228771	333090
2443	228858	332987
2444	228955	332899
2445	229064	332826
2446	229160	332736
2447	229233	332613
2448	229316	332504
2449	229394	332387
2450	229479	332282
2451	229573	332189
2452	229670	332099
2453	229763	332005
2454	229866	331925
2455	229968	331843
2456	230075	331769
2457	230186	331701
2458	230278	331605
2459	230352	331483
2460	230438	331378
2461	230523	331271
2462	230611	331170
2463	230711	331086
2464	230792	330974
2465	230892	330889
2466	230984	330793
2467	231061	330676
2468	231151	330577
2469	231247	330487
2470	231339	330390
2471	231424	330284
2472	231528	330207
2473	231616	330105
2474	231695	329991
2475	231828	329953
2476	231916	329851
2477	232012	329761
2478	232091	329646
2479	232178	329544
2480	232263	329437
2481	232342	329323
2482	232429	329220
2483	232536	329146
2484	232640	329067
2485	232745	328988
2486	232817	328865
2487	232913	328775
2488	233014	328691
2489	233091	328575
2490	233192	328491
2491	233296	328411
2492	233399	328332
2493	233492	328237
2494	233579	328134
2495	233672	328040
2496	233771	327954
2497	233878	327879
2498	233978	327794
2499	234074	327704
2500	234181	327629
2501	234273	327532
2502	234355	327423
2503	234433	327307
2504	234558	327257
2505	234639	327147
2506	234710	327021
2507	234793	326914
2508	234889	326823
2509	235007	326763
2510	235091	326657
2511	235173	326546
2512	235283	326476
2513	235376	326380
2514	235455	326266
2515	235539	326159
2516	235618	326046
2517	235742	325994
2518	235827	325889
2519	235921	325796
2520	236028	325721
2521	236128	325636
2522	236220	325540
2523	236320	325455
2524	236408	325354
2525	236491	325246
2526	236560	325118
2527	236634	324998
2528	236715	324887
2529	236805	324788
2530	236889	324681
2531	236983	324588
2532	237064	324477
2533	237169	324400
2534	237264	324308
2535	237362	324220
2536	237451	324121
2537	237548	324032
2538	237638	323932
2539	237720	323824
2540	237802	323715
2541	237878	323597
2542	237971	323502
2543	238065	323409
2544	238156	323313
2545	238257	323229
2546	238330	323108
2547	238443	323039
2548	238547	322961
2549	238636	322861
2550	238725	322761
2551	238796	322636
2552	238895	322551
2553	238987	322455
2554	239090	322374
2555	239203	322306
2556	239293	322209
2557	239402	322135
2558	239496	322042
2559	239601	321964
2560	239679	321849
2561	239768	321749
2562	239884	321687
2563	239981	321597
2564	240059	321483
2565	240150	321386
2566	240258	321311
2567	240331	321190
2568	240416	321086
2569	240501	320980
2570	240582	320870
2571	240664	320761
2572	240748	320654
2573	240832	320548
2574	240926	320455
2575	241033	320379
2576	241136	320298
2577	241234	320210
2578	241322	320110
2579	241408	320007
2580	241497	319907
2581	241574	319791
2582	241662	319690
2583	241763	319606
2584	241867	319527
2585	241989	319470
2586	242113	319418
2587	242217	319337
2588	242314	319248
2589	242394	319137
2590	242480	319033
2591	242573	318938
2592	242650	318823
2593	242761	318752
2594	242868	318677
2595	242981	318609
2596	243074	318515
2597	243179	318435
2598	243291	318365
2599	243403	318296
2600	243500	318207
2601	243609	318133
2602	243720	318063
2603	243833	317995
2604	243951	317933
2605	244029	317819
2606	244120	317721
2607	244233	317653
2608	244357	317598
2609	244489	317555
2610	244614	317502
2611	244716	317419
2612	244803	317316
2613	244908	317238
2614	245019	317167
2615	245130	317095
2616	245248	317032
2617	245340	316936
2618	245431	316840
2619	245535	316759
2620	245650	316693
2621	245760	316620
2622	245851	316522
2623	245972	316464
2624	246080	316388
2625	246181	316304
2626	246293	316234
2627	246394	316150
2628	246500	316071
2629	246637	316033
2630	246746	315959
2631	246881	315918
2632	246980	315831
2633	247090	315758
2634	247183	315662
2635	247282	315575
2636	247366	315469
2637	247449	315362
2638	247547	315274
2639	247638	315175
2640	247755	315112
2641	247864	315037
2642	247962	314948
2643	248055	314854
2644	248147	314757
2645	248241	314664
2646	248328	314561
2647	248398	314438
2648	248489	314341
2649	248599	314267
2650	248706	314189
2651	248831	314135
2652	248935	314054
2653	249047	313984
2654	249161	313914
2655	249265	313834
2656	249377	313763
2657	249480	313680
2658	249580	313594
2659	249669	313494
2660	249772	313412
2661	249850	313298
2662	249944	313205
2663	250040	313113
2664	250170	313065
2665	250258	312964
2666	250368	312890
2667	250474	312811
2668	250571	312721
2669	250688	312655
2670	250791	312574
2671	250902	312501
2672	251016	312432
2673	251166	312408
2674	251266	312322
2675	251374	312245
2676	251478	312163
2677	251576	312074
2678	251666	311975
2679	251745	311863
2680	251877	311817
2681	251988	311744
2682	252082	311650
2683	252192	311576
2684	252306	311506
2685	252411	311425
2686	252497	311322
2687	252585	311222
2688	252671	311117
2689	252753	311009
2690	252840	310906
2691	252937	310816
2692	253059	310756
2693	253182	310698
2694	253269	310595
2695	253384	310527
2696	253483	310440
2697	253570	310337
2698	253681	310264
2699	253784	310180
2700	253923	310142
2701	254030	310064
2702	254140	309989
2703	254245	309908
2704	254343	309818
2705	254436	309724
2706	254540	309642
2707	254659	309578
2708	254785	309523
2709	254880	309429
2710	254983	309347
2711	255077	309253
2712	255177	309165
2713	255281	309084
2714	255377	308992
2715	255471	308898
2716	255589	308832
2717	255666	308718
2718	255760	308624
2719	255896	308581
2720	256003	308503
2721	256118	308433
2722	256240	308372
2723	256359	308309
2724	256466	308230
2725	256575	308154
2726	256666	308055
2727	256774	307978
2728	256867	307883
2729	256995	307829
2730	257070	307712
2731	257171	307627
2732	257254	307518
2733	257350	307427
2734	257438	307325
2735	257543	307244
2736	257640	307154
2737	257722	307045
2738	257811	306945
2739	257925	306875
2740	258026	306788
2741	258118	306691
2742	258207	306591
2743	258328	306529
2744	258433	306448
2745	258526	306352
2746	258623	306262
2747	258753	306210
2748	258856	306126
2749	259002	306093
2750	259082	305983
2751	259192	305906
2752	259290	305817
2753	259406	305748
2754	259503	305658
2755	259624	305596
2756	259721	305505
2757	259819	305414
2758	259913	305321
2759	260021	305242
2760	260106	305138
2761	260195	305036
2762	260301	304956
2763	260410	304879
2764	260480	304757
2765	260583	304673
2766	260673	304574
2767	260785	304501
2768	260867	304392
2769	260983	304323
2770	261082	304235
2771	261186	304151
2772	261283	304061
2773	261374	303963
2774	261490	303894
2775	261596	303814
2776	261683	303711
2777	261768	303606
2778	261846	303493
2779	261950	303409
2780	262077	303354
2781	262222	303318
2782	262315	303222
2783	262420	303141
2784	262506	303037
2785	262609	302953
2786	262715	302871
2787	262825	302795
2788	262925	302708
2789	263042	302640
2790	263151	302563
2791	263244	302467
2792	263342	302377
2793	263438	302284
2794	263540	302199
2795	263696	302175
2796	263800	302092
2797	263882	301984
2798	263964	301876
2799	264042	301762
2800	264147	301680
2801	264258	301605
2802	264379	301541
2803	264460	301432
2804	264557	301340
2805	264642	301236
2806	264726	301129
2807	264820	301035
2808	264910	300936
2809	265003	300840
2810	265106	300756
2811	265212	300675
2812	265309	300583
2813	265432	300522
2814	265532	300434
2815	265665	300383
2816	265761	300291
2817	265841	300180
2818	265967	300122
2819	266051	300015
2820	266165	299942
2821	266265	299855
2822	266366	299768
2823	266467	299681
2824	266541	299564
2825	266617	299449
2826	266692	299333
2827	266782	299233
2828	266853	299113
2829	266973	299048
2830	267078	298965
2831	267160	298857
2832	267258	298766
2833	267342	298661
2834	267410	298537
2835	267499	298437
2836	267606	298357
2837	267711	298275
2838	267844	298223
2839	267974	298169
2840	268134	298147
2841	268237	298062
2842	268360	298000
2843	268486	297940
2844	268584	297850
2845	268701	297781
2846	268923	297827
2847	269020	297736
2848	269111	297637
2849	269224	297563
2850	269331	297483
2851	269425	297387
2852	269568	297347
2853	269665	297255
2854	269809	297215
2855	269927	297146
2856	270068	297104
2857	270215	297066
2858	270321	296984
2859	270446	296923
2860	270564	296855
2861	270635	296734
2862	270733	296643
2863	270820	296540
2864	270928	296461
2865	271060	296407
2866	271182	296342
2867	271305	296278
2868	271431	296218
2869	271594	296198
2870	271693	296108
2871	271778	296003
2872	271858	295893
2873	271947	295793
2874	272032	295687
2875	272154	295622
2876	272243	295521
2877	272333	295421
2878	272427	295326
2879	272554	295266
2880	272655	295179
2881	272746	295081
2882	272830	294975
2883	272914	294868
2884	272999	294763
2885	273091	294665
2886	273186	294572
2887	273288	294485
2888	273376	294383
2889	273459	294276
2890	273561	294190
2891	273642	294080
2892	273732	293980
2893	273827	293886
2894	273911	293781
2895	273994	293674
2896	274091	293581
2897	274181	293481
2898	274276	293387
2899	274365	293287
2900	274465	293197
2901	274546	293089
2902	274657	293012
2903	274732	292896
2904	274822	292796
2905	274893	292677
2906	274969	292562
2907	275072	292477
2908	275162	292377
2909	275259	292285
2910	275373	292211
2911	275485	292135
2912	275577	292038
2913	275700	291973
2914	275844	291931
2915	275948	291846
2916	276027	291735
2917	276128	291647
2918	276202	291531
2919	276303	291443
2920	276403	291354
2921	276511	291273
2922	276642	291217
2923	276749	291136
2924	276826	291022
2925	276908	290914
2926	276977	290793
2927	277067	290693
2928	277162	290599
2929	277248	290495
2930	277342	290401
2931	277414	290282
2932	277508	290187
2933	277609	290098
2934	277704	290005
2935	277786	289897
2936	277857	289778
2937	277922	289652
2938	277999	289539
2939	278096	289447
2940	278187	289348
2941	278272	289244
2942	278371	289154
2943	278428	289020
2944	278522	288925
2945	278601	288815
2946	278715	288740
2947	278808	288644
2948	278907	288554
2949	279009	288467
2950	279120	288389
2951	279231	288312
2952	279322	288214
2953	279401	288103
2954	279492	288004
2955	279575	287898
2956	279660	287793
2957	279737	287681
2958	279851	287606
2959	279947	287513
2960	280053	287430
2961	280170	287358
2962	280273	287272
2963	280353	287163
2964	280435	287056
2965	280536	286968
2966	280634	286877
2967	280738	286791
2968	280836	286701
2969	280931	286606
2970	281025	286511
2971	281120	286417
2972	281205	286313
2973	281306	286225
2974	281403	286132
2975	281492	286032
2976	281570	285921
2977	281674	285836
2978	281761	285734
2979	281858	285642
2980	281941	285535
2981	282025	285430
2982	282137	285353
2983	282234	285261
2984	282333	285170
2985	282420	285068
2986	282499	284958
2987	282609	284879
2988	282701	284782
2989	282808	284699
2990	282900	284602
2991	282989	284503
2992	283081	284406
2993	283174	284309
2994	283267	284213
2995	283353	284109
2996	283439	284006
2997	283518	283896
2998	283616	283805
2999	283712	283712
3000	283831	283642
3001	283935	283557
3002	284043	283475
3003	284150	283393
3004	284240	283294
3005	284326	283191
3006	284415	283091
3007	284499	282986
3008	284598	282895
3009	284689	282798
3010	284765	282684
3011	284846	282576
3012	284950	282492
3013	285034	282386
3014	285114	282277
3015	285199	282173
3016	285289	282074
3017	285377	281973
3018	285490	281897
3019	285576	281794
3020	285659	281688
3021	285741	281580
3022	285849	281499
3023	285947	281408
3024	286054	281325
3025	286197	281279
3026	286301	281194
3027	286409	281113
3028	286495	281009
3029	286572	280898
3030	286658	280795
3031	286735	280682
3032	286823	280581
3033	286912	280482
3034	287019	280399
3035	287119	280310
3036	287206	280208
3037	287318	280130
3038	287391	280014
3039	287469	279904
3040	287562	279808
3041	287657	279714
3042	287774	279641
3043	287867	279545
3044	287966	279455
3045	288082	279381
3046	288196	279305
3047	288291	279211
3048	288410	279140
3049	288503	279043
3050	288599	278951
3051	288688	278851
3052	288782	278755
3053	288877	278662
3054	288962	278558
3055	289087	278492
3056	289167	278384
3057	289263	278291
3058	289378	278216
3059	289463	278111
3060	289560	278019
3061	289651	277921
3062	289801	277880
3063	289898	277788
3064	289994	277694
3065	290124	277633
3066	290255	277573
3067	290369	277497
3068	290477	277415
3069	290580	277329
3070	290700	277258
3071	290843	277209
3072	290959	277136
3073	291101	277085
3074	291271	277063
3075	291417	277017
3076	291520	276929
3077	291646	276865
3078	291811	276836
3079	291974	276807
3080	292107	276748
3081	292223	276673
3082	292322	276582
3083	292423	276493
3084	292522	276402
3085	292605	276296
3086	292729	276229
3087	292827	276138
3088	292959	276077
3089	293080	276008
3090	293201	275937
3091	293336	275880
3092	293488	275839
3093	293593	275754
3094	293710	275680
3095	293813	275592
3096	293899	275489
3097	293999	275399
3098	294104	275313
3099	294236	275253
3100	294336	275163
3101	294434	275071
3102	294559	275004
3103	294673	274926
3104	294782	274845
3105	294902	274773
3106	295005	274686
3107	295119	274609
3108	295205	274506
3109	295314	274423
3110	295411	274331
3111	295534	274262
3112	295643	274180
3113	295740	274086
3114	295851	274006
3115	295948	273913
3116	296042	273817
3117	296202	273783
3118	296384	273768
3119	296506	273698
3120	296607	273609
3121	296721	273531
3122	296845	273462
3123	296966	273392
3124	297077	273311
3125	297191	273233
3126	297304	273154
3127	297422	273080
3128	297544	273010
3129	297655	272930
3130	297756	272840
3131	297884	272775
3132	297992	272691
3133	298106	272614
3134	298205	272522
3135	298294	272421
3136	298395	272332
3137	298499	272244
3138	298590	272146
3139	298702	272066
3140	298832	272002
3141	298951	271929
3142	299046	271834
3143	299175	271770
3144	299279	271683
3145	299394	271605
3146	299483	271504
3147	299575	271407
3148	299671	271312
3149	299757	271208
3150	299839	271102
3151	299924	270997
3152	300022	270905
3153	300116	270808
3154	300197	270700
3155	300291	270605
3156	300394	270516
3157	300476	270410
3158	300569	270313
3159	300668	270221
3160	300758	270120
3161	300838	270012
3162	300943	269926
3163	301045	269837
3164	301140	269742
3165	301231	269643
3166	301322	269544
3167	301420	269451
3168	301523	269363
3169	301590	269243
3170	301681	269144
3171	301785	269057
3172	301895	268975
3173	301985	268875
3174	302073	268774
3175	302158	268669
3176	302237	268560
3177	302324	268458
3178	302432	268373
3179	302543	268293
3180	302610	268172
3181	302728	268098
3182	302833	268011
3183	302912	267902
3184	302992	267794
3185	303089	267700
3186	303178	267600
3187	303297	267525
3188	303389	267428
3189	303492	267339
3190	303592	267249
3191	303690	267156
3192	303808	267080
3193	303885	266970
3194	303985	266879
3195	304091	266793
3196	304186	266698
3197	304277	266600
3198	304389	266519
3199	304495	266433
3200	304600	266346
3201	304720	266273
3202	304823	266185
3203	304916	266088
3204	304998	265981
3205	305095	265887
3206	305193	265795
3207	305346	265750
3208	305479	265687
3209	305588	265604
3210	305702	265526
3211	305788	265422
3212	305891	265334
3213	306017	265265
3214	306100	265160
3215	306190	265060
3216	306288	264967
3217	306367	264858
3218	306476	264774
3219	306569	264678
3220	306679	264595
3221	306769	264495
3222	306858	264394
3223	306967	264312
3224	307056	264211
3225	307151	264115
3226	307242	264017
3227	307342	263926
3228	307438	263831
3229	307522	263726
3230	307605	263621
3231	307692	263518
3232	307786	263422
3233	307871	263318
3234	307950	263209
3235	308024	263096
3236	308121	263003
3237	308216	262907
3238	308350	262844
3239	308439	262744
3240	308527	262643
3241	308610	262537
3242	308701	262439
3243	308805	262351
3244	308889	262246
3245	308978	262146
3246	309061	262040
3247	309144	261935
3248	309243	261843
3249	309387	261789
3250	309493	261703
3251	309587	261606
3252	309679	261509
3253	309762	261403
3254	309847	261300
3255	309941	261203
3256	310042	261113
3257	310125	261008
3258	310208	260902
3259	310306	260809
3260	310385	260700
3261	310472	260599
3262	310575	260510
3263	310675	260419
3264	310757	260312
3265	310870	260233
3266	311005	260171
3267	311108	260082
3268	311211	259993
3269	311302	259894
3270	311372	259778
3271	311468	259684
3272	311557	259583
3273	311651	259487
3274	311739	259386
3275	311835	259291
3276	311924	259191
3277	312005	259084
3278	312107	258994
3279	312188	258888
3280	312271	258783
3281	312356	258679
3282	312451	258584
3283	312550	258491
3284	312646	258397
3285	312761	258318
3286	312847	258215
3287	312950	258127
3288	313038	258026
3289	313121	257921
3290	313222	257830
3291	313326	257742
3292	313426	257650
3293	313515	257550
3294	313603	257450
3295	313696	257353
3296	313785	257252
3297	313868	257147
3298	313957	257047
3299	314040	256942
3300	314137	256848
3301	314233	256754
3302	314320	256652
3303	314404	256548
3304	314489	256444
3305	314565	256334
3306	314666	256243
3307	314767	256152
3308	314858	256054
3309	314937	255946
3310	315022	255843
3311	315114	255745
3312	315203	255645
3313	315296	255548
3314	315368	255434
3315	315444	255323
3316	315541	255230
3317	315636	255134
3318	315721	255031
3319	315812	254932
3320	315909	254839
3321	316008	254746
3322	316099	254649
3323	316197	254556
3324	316332	254492
3325	316438	254406
3326	316541	254317
3327	316636	254222
3328	316754	254145
3329	316845	254047
3330	316940	253951
3331	317044	253864
3332	317151	253778
3333	317266	253698
3334	317375	253614
3335	317493	253537
3336	317599	253451
3337	317697	253358
3338	317779	253253
3339	317883	253165
3340	317980	253070
3341	318076	252976
3342	318167	252878
3343	318293	252807
3344	318390	252713
3345	318493	252624
3346	318586	252527
3347	318693	252442
3348	318804	252359
3349	318894	252260
3350	318994	252168
3351	319103	252084
3352	319218	252004
3353	319322	251916
3354	319447	251844
3355	319540	251747
3356	319650	251663
3357	319723	251551
3358	319806	251446
3359	319906	251354
3360	319996	251255
3361	320120	251183
3362	320212	251085
3363	320349	251022
3364	320484	250958
3365	320592	250873
3366	320690	250780
3367	320800	250697
3368	320909	250612
3369	321056	250557
3370	321172	250478
3371	321277	250390
3372	321369	250292
3373	321520	250240
3374	321618	250148
3375	321698	250040
3376	321788	249941
3377	321887	249848
3378	321987	249757
3379	322082	249661
3380	322194	249579
3381	322273	249471
3382	322365	249373
3383	322472	249286
3384	322559	249185
3385	322660	249094
3386	322739	248986
3387	322856	248908
3388	322947	248809
3389	323064	248731
3390	323176	248648
3391	323263	248547
3392	323338	248436
3393	323435	248342
3394	323533	248248
3395	323643	248165
3396	323742	248072
3397	323833	247973
3398	323933	247882
3399	324029	247787
3400	324117	247686
3401	324221	247597
3402	324307	247495
3403	324411	247406
3404	324524	247324
3405	324615	247226
3406	324791	247192
3407	324872	247086
3408	324961	246985
3409	325066	246897
3410	325164	246804
3411	325262	246711
3412	325338	246601
3413	325467	246531
3414	325562	246435
3415	325647	246332
3416	325723	246222
3417	325811	246122
3418	325918	246035
3419	326025	245948
3420	326124	245856
3421	326209	245753
3422	326312	245663
3423	326419	245577
3424	326551	245509
3425	326671	245432
3426	326787	245352
3427	326905	245274
3428	327026	245198
3429	327141	245117
3430	327290	245062
3431	327434	245003
3432	327555	244927
3433	327681	244854
3434	327836	244803
3435	327983	244746
3436	328084	244655
3437	328238	244603
3438	328336	244510
3439	328445	244424
3440	328568	244349
3441	328697	244278
3442	328810	244196
3443	328898	244095
3444	329002	244006
3445	329141	243943
3446	329276	243876
3447	329401	243803
3448	329549	243746
3449	329676	243673
3450	329773	243579
3451	329892	243501
3452	330013	243424
3453	330142	243353
3454	330240	243259
3455	330342	243169
3456	330431	243068
3457	330520	242967
3458	330605	242864
3459	330690	242761
3460	330755	242642
3461	330847	242545
3462	330962	242463
3463	331089	242390
3464	331193	242301
3465	331277	242197
3466	331382	242109
3467	331467	242006
3468	331577	241920
3469	331674	241826
3470	331763	241725
3471	331837	241614
3472	331931	241517
3473	332025	241420
3474	332099	241309
3475	332196	241215
3476	332292	241119
3477	332379	241018
3478	332471	240919
3479	332565	240823
3480	332678	240740
3481	332776	240646
3482	332879	240556
3483	332983	240466
3484	333073	240367
3485	333192	240288
3486	333294	240197
3487	333390	240102
3488	333475	239999
3489	333575	239906
3490	333660	239803
3491	333750	239704
3492	333864	239621
3493	333974	239536
3494	334078	239446
3495	334173	239350
3496	334285	239266
3497	334387	239175
3498	334470	239071
3499	334569	238978
3500	334678	238891
3501	334763	238789
3502	334855	238691
3503	334953	238597
3504	335048	238500
3505	335132	238397
3506	335217	238294
3507	335298	238187
3508	335397	238094
3509	335495	238001
3510	335582	237899
3511	335671	237799
3512	335755	237695
3513	335841	237592
3514	335930	237492
3515	336043	237409
3516	336133	237309
3517	336217	237206
3518	336310	237108
3519	336412	237018
3520	336560	236959
3521	336672	236875
3522	336817	236814
3523	336978	236764
3524	337107	236692
3525	337191	236588
3526	337293	236497
3527	337384	236398
3528	337491	236311
3529	337600	236225
3530	337734	236155
3531	337854	236077
3532	337994	236012
3533	338091	235918
3534	338192	235826
3535	338296	235736
3536	338390	235639
3537	338485	235542
3538	338564	235435
3539	338654	235335
3540	338740	235233
3541	338825	235130
3542	338914	235030
3543	338999	234927
3544	339088	234827
3545	339183	234730
3546	339261	234623
3547	339370	234536
3548	339482	234452
3549	339599	234371
3550	339719	234292
3551	339817	234198
3552	339881	234080
3553	339970	233980
3554	340052	233875
3555	340139	233774
3556	340217	233666
3557	340311	233569
3558	340390	233462
3559	340485	233366
3560	340570	233263
3561	340663	233166
3562	340787	233090
3563	340875	232989
3564	340960	232886
3565	341063	232795
3566	341162	232702
3567	341250	232601
3568	341341	232502
3569	341435	232405
3570	341523	232304
3571	341605	232199
3572	341695	232100
3573	341790	232004
3574	341883	231906
3575	341975	231808
3576	342083	231721
3577	342191	231634
3578	342290	231540
3579	342395	231451
3580	342466	231339
3581	342563	231244
3582	342642	231137
3583	342734	231039
3584	342848	230956
3585	342940	230858
3586	343034	230761
3587	343143	230674
3588	343272	230601
3589	343363	230503
3590	343485	230424
3591	343578	230327
3592	343667	230227
3593	343756	230127
3594	343854	230033
3595	343949	229937
3596	344071	229859
3597	344151	229753
3598	344243	229655
3599	344335	229557
3600	344448	229472
3601	344554	229383
3602	344642	229283
3603	344729	229181
3604	344817	229081
3605	344910	228983
3606	344999	228883
3607	345089	228784
3608	345175	228682
3609	345265	228582
3610	345371	228494
3611	345471	228401
3612	345556	228298
3613	345649	228201
3614	345750	228109
3615	345842	228011
3616	345932	227912
3617	346014	227807
3618	346158	227743
3619	346254	227648
3620	346340	227546
3621	346457	227464
3622	346578	227385
3623	346691	227301
3624	346780	227201
3625	346902	227122
3626	346994	227024
3627	347081	226922
3628	347156	226814
3629	347258	226722
3630	347355	226627
3631	347455	226534
3632	347537	226430
3633	347636	226337
3634	347742	226248
3635	347851	226160
3636	347944	226063
3637	348024	225957
3638	348099	225848
3639	348203	225758
3640	348295	225659
3641	348410	225576
3642	348500	225477
3643	348602	225386
3644	348704	225294
3645	348792	225194
3646	348884	225095
3647	348993	225008
3648	349104	224923
3649	349180	224814
3650	349291	224729
3651	349382	224630
3652	349478	224535
3653	349574	224439
3654	349683	224352
3655	349771	224251
3656	349859	224151
3657	349932	224040
3658	350031	223947
3659	350105	223837
3660	350205	223744
3661	350300	223649
3662	350398	223554
3663	350489	223455
3664	350587	223361
3665	350673	223260
3666	350751	223153
3667	350831	223047
3668	350923	222949
3669	351029	222860
3670	351147	222779
3671	351231	222675
3672	351313	222571
3673	351422	222484
3674	351538	222401
3675	351650	222316
3676	351740	222217
3677	351816	222109
3678	351897	222004
3679	351982	221902
3680	352099	221819
3681	352195	221724
3682	352298	221633
3683	352388	221533
3684	352507	221453
3685	352613	221364
3686	352709	221268
3687	352788	221162
3688	352866	221055
3689	352954	220955
3690	353044	220855
3691	353116	220745
3692	353238	220666
3693	353340	220574
3694	353435	220478
3695	353542	220390
3696	353698	220331
3697	353792	220235
3698	353882	220136
3699	353969	220034
3700	354095	219957
3701	354204	219871
3702	354289	219768
3703	354396	219680
3704	354501	219590
3705	354634	219517
3706	354763	219442
3707	354850	219341
3708	354944	219244
3709	355037	219147
3710	355144	219058
3711	355252	218970
3712	355379	218893
3713	355464	218791
3714	355550	218689
3715	355653	218598
3716	355761	218510
3717	355858	218415
3718	355942	218312
3719	356041	218219
3720	356144	218127
3721	356211	218014
3722	356303	217916
3723	356390	217815
3724	356487	217720
3725	356586	217626
3726	356686	217533
3727	356802	217450
3728	356897	217354
3729	356994	217259
3730	357076	217155
3731	357170	217058
3732	357262	216960
3733	357407	216894
3734	357499	216796
3735	357616	216713
3736	357720	216623
3737	357838	216541
3738	357915	216433
3739	358004	216334
3740	358084	216228
3741	358171	216127
3742	358255	216025
3743	358350	215928
3744	358454	215838
3745	358552	215743
3746	358638	215642
3747	358723	215540
3748	358828	215450
3749	358937	215362
3750	359041	215272
3751	359137	215175
3752	359224	215075
3753	359319	214979
3754	359416	214884
3755	359506	214785
3756	359596	214686
3757	359716	214604
3758	359832	214520
3759	359916	214418
3760	360015	214324
3761	360130	214240
3762	360234	214149
3763	360343	214061
3764	360436	213964
3765	360531	213868
3766	360635	213777
3767	360712	213670
3768	360818	213580
3769	360901	213477
3770	360996	213381
3771	361105	213293
3772	361199	213196
3773	361393	213158
3774	361508	213074
3775	361604	212978
3776	361697	212881
3777	361806	212793
3778	361900	212696
3779	361984	212594
3780	362074	212495
3781	362154	212389
3782	362233	212284
3783	362322	212184
3784	362402	212079
3785	362498	211984
3786	362613	211899
3787	362717	211808
3788	362796	211703
3789	362879	211599
3790	362940	211483
3791	363043	211392
3792	363134	211293
3793	363222	211193
3794	363302	211088
3795	363424	211008
3796	363527	210917
3797	363601	210808
3798	363704	210716
3799	363792	210616
3800	363876	210514
3801	363979	210422
3802	364070	210323
3803	364147	210217
3804	364265	210134
3805	364381	210050
3806	364476	209954
3807	364578	209862
3808	364665	209761
3809	364768	209670
3810	364881	209584
3811	364991	209496
3812	365092	209403
3813	365203	209317
3814	365338	209243
3815	365453	209159
3816	365570	209075
3817	365685	208990
3818	365795	208902
3819	365904	208814
3820	366000	208719
3821	366079	208613
3822	366173	208516
3823	366262	208416
3824	366342	208312
3825	366445	208220
3826	366531	208119
3827	366635	208028
3828	366742	207938
3829	366862	207856
3830	366970	207767
3831	367060	207668
3832	367175	207583
3833	367267	207485
3834	367374	207396
3835	367472	207302
3836	367568	207206
3837	367678	207118
3838	367770	207020
3839	367866	206924
3840	368009	206855
3841	368106	206760
3842	368177	206650
3843	368271	206553
3844	368347	206446
3845	368425	206341
3846	368531	206251
3847	368636	206160
3848	368744	206071
3849	368845	205978
3850	368925	205873
3851	369026	205781
3852	369121	205685
3853	369244	205604
3854	369359	205518
3855	369465	205429
3856	369562	205333
3857	369679	205250
3858	369834	205186
3859	369942	205097
3860	370061	205014
3861	370162	204921
3862	370252	204822
3863	370328	204715
3864	370430	204623
3865	370522	204525
3866	370615	204427
3867	370708	204330
3868	370791	204227
3869	370886	204131
3870	370997	204043
3871	371099	203951
3872	371216	203867
3873	371302	203766
3874	371409	203676
3875	371485	203569
3876	371594	203480
3877	371678	203378
3878	371744	203266
3879	371867	203185
3880	371994	203106
3881	372078	203004
3882	372178	202910
3883	372311	202835
3884	372402	202736
3885	372541	202664
3886	372623	202560
3887	372734	202472
3888	372844	202384
3889	372930	202283
3890	373012	202180
3891	373099	202079
3892	373185	201978
3893	373303	201894
3894	373418	201808
3895	373498	201704
3896	373597	201610
3897	373725	201532
3898	373818	201434
3899	373900	201331
3900	373981	201227
3901	374070	201127
3902	374223	201062
3903	374326	200970
3904	374428	200877
3905	374536	200788
3906	374647	200700
3907	374742	200604
3908	374839	200508
3909	374925	200407
3910	375014	200308
3911	375109	200212
3912	375211	200119
3913	375305	200022
3914	375442	199948
3915	375541	199853
3916	375656	199768
3917	375776	199685
3918	375896	199602
3919	376001	199511
3920	376113	199423
3921	376196	199320
3922	376302	199230
3923	376428	199150
3924	376554	199070
3925	376671	198985
3926	376789	198901
3927	376956	198842
3928	377069	198755
3929	377216	198686
3930	377331	198600
3931	377449	198516
3932	377537	198416
3933	377645	198326
3934	377748	198233
3935	377844	198138
3936	377938	198041
3937	378052	197954
3938	378177	197873
3939	378296	197789
3940	378417	197706
3941	378512	197609
3942	378628	197524
3943	378743	197438
3944	378829	197337
3945	378937	197247
3946	379036	197152
3947	379127	197054
3948	379203	196947
3949	379281	196842
3950	379369	196741
3951	379487	196657
3952	379595	196567
3953	379711	196481
3954	379831	196398
3955	379927	196302
3956	380021	196205
3957	380151	196126
3958	380246	196030
3959	380336	195931
3960	380439	195838
3961	380529	195739
3962	380623	195642
3963	380704	195538
3964	380819	195452
3965	380906	195351
3966	380997	195252
3967	381105	195163
3968	381210	195071
3969	381308	194976
3970	381421	194888
3971	381518	194793
3972	381600	194690
3973	381700	194596
3974	381812	194508
3975	381912	194414
3976	382015	194321
3977	382121	194230
3978	382231	194141
3979	382346	194055
3980	382457	193966
3981	382578	193883
3982	382677	193788
3983	382791	193701
3984	382904	193614
3985	383004	193520
3986	383109	193428
3987	383221	193340
3988	383304	193237
3989	383405	193144
3990	383513	193054
3991	383587	192946
3992	383680	192849
3993	383781	192755
3994	383887	192664
3995	384002	192577
3996	384122	192493
3997	384214	192395
3998	384303	192295
3999	384380	192190
4000	384504	192107
4001	384603	192013
4002	384705	191920
4003	384803	191825
4004	384912	191735
4005	385006	191638
4006	385099	191540
4007	385215	191454
4008	385306	191355
4009	385391	191254
4010	385494	191161
4011	385580	191060
4012	385680	190966
4013	385782	190873
4014	385903	190789
4015	386004	190695
4016	386118	190607
4017	386196	190503
4018	386277	190399
4019	386383	190308
4020	386479	190212
4021	386567	190111
4022	386649	190009
4023	386757	189918
4024	386856	189823
4025	386967	189735
4026	387072	189643
4027	387151	189538
4028	387245	189441
4029	387347	189348
4030	387438	189249
4031	387523	189148
4032	387667	189075
4033	387744	188970
4034	387825	188866
4035	387950	188784
4036	388057	188693
4037	388160	188601
4038	388270	188511
4039	388402	188433
4040	388505	188340
4041	388598	188242
4042	388701	188149
4043	388802	188055
4044	388898	187959
4045	389006	187868
4046	389119	187781
4047	389240	187697
4048	389366	187615
4049	389491	187533
4050	389604	187444
4051	389725	187360
4052	389892	187298
4053	390038	187226
4054	390205	187163
4055	390340	187086
4056	390545	187041
4057	390648	186949
4058	390782	186870
4059	390891	186780
4060	391005	186692
4061	391169	186628
4062	391290	186544
4063	391422	186465
4064	391527	186373
4065	391627	186278
4066	391716	186178
4067	391826	186088
4068	391934	185997
4069	392029	185901
4070	392124	185803
4071	392228	185711
4072	392345	185624
4073	392457	185536
4074	392596	185459
4075	392693	185363
4076	392800	185272
4077	392902	185178
4078	393016	185090
4079	393137	185005
4080	393251	184917
4081	393338	184816
4082	393424	184715
4083	393529	184623
4084	393645	184536
4085	393778	184457
4086	393887	184366
4087	394010	184282
4088	394134	184199
4089	394227	184101
4090	394312	183999
4091	394416	183906
4092	394509	183808
4093	394622	183720
4094	394776	183650
4095	394900	183567
4096	395030	183486
4097	395163	183406
4098	395239	183300
4099	395343	183207
4100	395493	183136
4101	395581	183035
4102	395682	182941
4103	395776	182843
4104	395876	182749
4105	395967	182650
4106	396067	182555
4107	396193	182472
4108	396287	182375
4109	396398	182285
4110	396491	182187
4111	396579	182087
4112	396672	181989
4113	396771	181893
4114	396867	181797
4115	396976	181706
4116	397097	181621
4117	397184	181520
4118	397293	181429
4119	397384	181330
4120	397493	181240
4121	397588	181142
4122	397691	181049
4123	397777	180948
4124	397870	180850
4125	397974	180756
4126	398104	180675
4127	398181	180570
4128	398300	180484
4129	398388	180384
4130	398486	180288
4131	398616	180207
4132	398704	180106
4133	398857	180035
4134	399060	179987
4135	399212	179915
4136	399315	179822
4137	399440	179738
4138	399535	179641
4139	399649	179552
4140	399736	179451
4141	399847	179361
4142	399956	179270
4143	400037	179167
4144	400140	179073
4145	400256	178985
4146	400382	178902
4147	400547	178836
4148	400655	178745
4149	400757	178651
4150	400888	178569
4151	401000	178480
4152	401123	178395
4153	401266	178319
4154	401432	178253
4155	401559	178170
4156	401687	178087
4157	401785	177991
4158	401934	177917
4159	402041	177825
4160	402139	177730
4161	402239	177634
4162	402339	177539
4163	402463	177455
4164	402589	177371
4165	402687	177275
4166	402806	177188
4167	402940	177108
4168	403058	177020
4169	403154	176923
4170	403244	176824
4171	403332	176723
4172	403419	176622
4173	403510	176523
4174	403587	176418
4175	403702	176329
4176	403810	176238
4177	403900	176138
4178	403997	176041
4179	404085	175941
4180	404185	175846
4181	404277	175747
4182	404379	175653
4183	404492	175563
4184	404570	175458
4185	404660	175359
4186	404765	175266
4187	404880	175177
4188	404973	175079
4189	405058	174977
4190	405186	174894
4191	405288	174800
4192	405380	174701
4193	405478	174604
4194	405557	174500
4195	405642	174399
4196	405732	174299
4197	405834	174205
4198	405939	174112
4199	406031	174013
4200	406122	173914
4201	406230	173822
4202	406385	173751
4203	406531	173675
4204	406652	173588
4205	406796	173512
4206	406935	173433
4207	407091	173361
4208	407204	173272
4209	407326	173186
4210	407439	173096
4211	407537	173000
4212	407624	172899
4213	407731	172807
4214	407853	172721
4215	407940	172620
4216	408060	172532
4217	408177	172445
4218	408283	172352
4219	408373	172252
4220	408472	172156
4221	408555	172053
4222	408634	171949
4223	408745	171858
4224	408863	171771
4225	408959	171673
4226	409055	171576
4227	409151	171479
4228	409246	171382
4229	409323	171277
4230	409402	171172
4231	409486	171070
4232	409571	170969
4233	409647	170863
4234	409721	170757
4235	409812	170658
4236	409926	170568
4237	410034	170476
4238	410131	170380
4239	410220	170280
4240	410329	170188
4241	410426	170091
4242	410543	170003
4243	410652	169911
4244	410748	169814
4245	410850	169720
4246	410971	169633
4247	411090	169545
4248	411202	169455
4249	411296	169357
4250	411384	169257
4251	411490	169164
4252	411566	169058
4253	411660	168960
4254	411760	168865
4255	411876	168776
4256	411956	168673
4257	412052	168575
4258	412138	168474
4259	412244	168381
4260	412365	168294
4261	412480	168205
4262	412630	168130
4263	412728	168033
4264	412838	167942
4265	412969	167859
4266	413092	167773
4267	413211	167685
4268	413387	167620
4269	413502	167531
4270	413643	167452
4271	413780	167371
4272	413878	167275
4273	413965	167174
4274	414054	167074
4275	414151	166977
4276	414243	166878
4277	414349	166785
4278	414481	166703
4279	414577	166605
4280	414661	166503
4281	414758	166406
4282	414842	166304
4283	414928	166203
4284	415008	166100
4285	415108	166004
4286	415185	165900
4287	415281	165802
4288	415384	165708
4289	415479	165610
4290	415555	165505
4291	415655	165409
4292	415749	165312
4293	415840	165212
4294	415937	165116
4295	416025	165015
4296	416155	164931
4297	416261	164838
4298	416359	164742
4299	416458	164646
4300	416572	164556
4301	416714	164477
4302	416868	164402
4303	416998	164319
4304	417106	164226
4305	417207	164131
4306	417306	164035
4307	417406	163939
4308	417499	163841
4309	417594	163743
4310	417711	163654
4311	417767	163541
4312	417863	163444
4313	417949	163343
4314	418048	163247
4315	418135	163146
4316	418224	163046
4317	418326	162951
4318	418402	162846
4319	418522	162758
4320	418617	162661
4321	418710	162562
4322	418791	162459
4323	418907	162370
4324	419000	162271
4325	419087	162171
4326	419167	162067
4327	419262	161969
4328	419389	161884
4329	419476	161784
4330	419588	161693
4331	419670	161590
4332	419789	161502
4333	419878	161402
4334	419976	161305
4335	420100	161219
4336	420189	161119
4337	420265	161014
4338	420370	160920
4339	420477	160827
4340	420572	160730
4341	420672	160634
4342	420753	160531
4343	420840	160430
4344	420925	160329
4345	421016	160230
4346	421101	160128
4347	421195	160031
4348	421333	159949
4349	421467	159866
4350	421570	159772
4351	421656	159671
4352	421750	159573
4353	421845	159475
4354	421941	159378
4355	422018	159274
4356	422117	159177
4357	422225	159085
4358	422311	158984
4359	422395	158882
4360	422494	158786
4361	422584	158687
4362	422673	158587
4363	422766	158489
4364	422875	158396
4365	422979	158302
4366	423098	158213
4367	423229	158129
4368	423335	158036
4369	423437	157941
4370	423536	157844
4371	423631	157747
4372	423730	157651
4373	423815	157549
4374	423917	157455
4375	424018	157359
4376	424112	157261
4377	424186	157156
4378	424317	157071
4379	424412	156974
4380	424550	156892
4381	424644	156794
4382	424743	156698
4383	424879	156616
4384	424983	156521
4385	425074	156422
4386	425174	156326
4387	425272	156230
4388	425361	156130
4389	425475	156039
4390	425579	155945
4391	425699	155857
4392	425819	155768
4393	425934	155678
4394	426089	155602
4395	426207	155513
4396	426304	155416
4397	426396	155317
4398	426496	155222
4399	426600	155127
4400	426700	155031
4401	426800	154935
4402	426892	154837
4403	426991	154740
4404	427094	154645
4405	427198	154551
4406	427292	154453
4407	427374	154351
4408	427464	154251
4409	427555	154152
4410	427648	154054
4411	427749	153958
4412	427852	153864
4413	427951	153767
4414	428093	153686
4415	428170	153582
4416	428315	153503
4417	428434	153413
4418	428552	153324
4419	428649	153227
4420	428750	153132
4421	428840	153032
4422	428934	152934
4423	429022	152834
4424	429142	152745
4425	429226	152644
4426	429306	152540
4427	429437	152456
4428	429520	152354
4429	429607	152253
4430	429698	152154
4431	429805	152061
4432	429906	151965
4433	429986	151862
4434	430077	151763
4435	430224	151684
4436	430317	151585
4437	430411	151487
4438	430523	151396
4439	430627	151301
4440	430731	151207
4441	430826	151109
4442	430932	151015
4443	431053	150927
4444	431133	150823
4445	431220	150723
4446	431325	150629
4447	431421	150532
4448	431524	150437
4449	431637	150345
4450	431743	150251
4451	431858	150161
4452	431962	150066
4453	432045	149964
4454	432139	149866
4455	432234	149768
4456	432355	149680
4457	432448	149581
4458	432541	149483
4459	432629	149383
4460	432725	149285
4461	432842	149195
4462	432933	149096
4463	433039	149002
4464	433139	148907
4465	433261	148818
4466	433362	148722
4467	433440	148619
4468	433540	148523
4469	433634	148425
4470	433740	148331
4471	433826	148230
4472	433928	148135
4473	434035	148041
4474	434133	147944
4475	434236	147850
4476	434345	147756
4477	434461	147666
4478	434555	147568
4479	434656	147472
4480	434783	147385
4481	434876	147287
4482	434983	147193
4483	435100	147103
4484	435190	147004
4485	435299	146911
4486	435379	146808
4487	435487	146714
4488	435575	146614
4489	435710	146530
4490	435802	146431
4491	435904	146336
4492	436054	146257
4493	436140	146156
4494	436213	146051
4495	436308	145953
4496	436404	145856
4497	436500	145758
4498	436595	145661
4499	436679	145559
4500	436787	145466
4501	436885	145369
4502	436982	145272
4503	437076	145174
4504	437162	145073
4505	437259	144976
4506	437349	144877
4507	437440	144778
4508	437540	144682
4509	437616	144578
4510	437712	144480
4511	437788	144376
4512	437897	144284
4513	438002	144189
4514	438112	144096
4515	438207	143999
4516	438311	143904
4517	438419	143810
4518	438519	143714
4519	438607	143614
4520	438709	143519
4521	438798	143419
4522	438872	143315
4523	438992	143225
4524	439086	143127
4525	439216	143041
4526	439316	142945
4527	439397	142843
4528	439527	142756
4529	439623	142659
4530	439734	142566
4531	439823	142467
4532	439927	142372
4533	440032	142277
4534	440130	142181
4535	440247	142090
4536	440328	141988
4537	440424	141890
4538	440539	141799
4539	440646	141705
4540	440773	141618
4541	440895	141529
4542	440982	141428
4543	441065	141327
4544	441170	141232
4545	441259	141133
4546	441347	141033
4547	441438	140934
4548	441531	140835
4549	441645	140744
4550	441748	140649
4551	441837	140549
4552	441949	140456
4553	442057	140363
4554	442158	140267
4555	442256	140170
4556	442357	140075
4557	442468	139982
4558	442609	139899
4559	442705	139801
4560	442791	139701
4561	442905	139609
4562	443020	139518
4563	443129	139424
4564	443240	139331
4565	443327	139231
4566	443455	139144
4567	443575	139054
4568	443667	138955
4569	443759	138856
4570	443836	138753
4571	443913	138650
4572	443998	138549
4573	444085	138449
4574	444201	138357
4575	444304	138262
4576	444402	138165
4577	444491	138066
4578	444608	137975
4579	444709	137879
4580	444800	137780
4581	444901	137684
4582	444994	137586
4583	445084	137486
4584	445178	137388
4585	445275	137291
4586	445363	137191
4587	445465	137096
4588	445557	136997
4589	445648	136898
4590	445750	136802
4591	445842	136704
4592	445942	136608
4593	446043	136512
4594	446136	136413
4595	446246	136320
4596	446337	136221
4597	446428	136122
4598	446542	136030
4599	446647	135936
4600	446766	135845
4601	446862	135748
4602	446958	135650
4603	447065	135556
4604	447190	135468
4605	447286	135370
4606	447377	135271
4607	447456	135169
4608	447581	135080
4609	447706	134991
4610	447813	134897
4611	447897	134796
4612	448033	134711
4613	448126	134612
4614	448212	134512
4615	448308	134414
4616	448401	134316
4617	448496	134218
4618	448588	134120
4619	448677	134020
4620	448789	133928
4621	448911	133838
4622	448995	133737
4623	449079	133636
4624	449166	133536
4625	449258	133437
4626	449359	133341
4627	449453	133243
4628	449567	133151
4629	449649	133049
4630	449768	132958
4631	449864	132861
4632	449993	132773
4633	450086	132675
4634	450167	132573
4635	450280	132481
4636	450369	132381
4637	450481	132288
4638	450587	132194
4639	450711	132105
4640	450811	132008
4641	450911	131912
4642	451012	131816
4643	451113	131720
4644	451225	131627
4645	451317	131528
4646	451415	131432
4647	451527	131339
4648	451621	131241
4649	451729	131147
4650	451829	131050
4651	451919	130951
4652	452007	130852
4653	452087	130749
4654	452175	130650
4655	452265	130550
4656	452371	130456
4657	452469	130359
4658	452636	130282
4659	452751	130190
4660	452841	130091
4661	452938	129993
4662	453053	129901
4663	453148	129803
4664	453261	129711
4665	453362	129615
4666	453457	129517
4667	453610	129436
4668	453706	129338
4669	453805	129242
4670	453888	129141
4671	453972	129040
4672	454086	128947
4673	454170	128846
4674	454289	128755
4675	454418	128667
4676	454515	128570
4677	454625	128476
4678	454743	128385
4679	454855	128292
4680	454960	128197
4681	455061	128101
4682	455164	128005
4683	455247	127904
4684	455356	127810
4685	455470	127718
4686	455569	127621
4687	455701	127534
4688	455796	127436
4689	455896	127339
4690	456021	127250
4691	456128	127155
4692	456246	127064
4693	456329	126963
4694	456423	126865
4695	456513	126766
4696	456612	126669
4697	456727	126577
4698	456895	126499
4699	456996	126403
4700	457118	126312
4701	457237	126221
4702	457335	126124
4703	457464	126036
4704	457557	125937
4705	457642	125837
4706	457738	125739
4707	457832	125641
4708	457925	125542
4709	458030	125447
4710	458182	125365
4711	458292	125271
4712	458397	125176
4713	458479	125075
4714	458584	124979
4715	458677	124881
4716	458789	124788
4717	458865	124685
4718	458956	124586
4719	459042	124486
4720	459127	124385
4721	459213	124285
4722	459307	124187
4723	459401	124088
4724	459493	123990
4725	459577	123889
4726	459686	123795
4727	459777	123696
4728	459868	123597
4729	459970	123501
4730	460052	123400
4731	460157	123305
4732	460254	123207
4733	460364	123113
4734	460478	123021
4735	460576	122924
4736	460674	122827
4737	460766	122728
4738	460867	122632
4739	460993	122542
4740	461087	122444
4741	461203	122352
4742	461277	122248
4743	461377	122152
4744	461474	122055
4745	461573	121958
4746	461664	121859
4747	461755	121760
4748	461862	121665
4749	461965	121569
4750	462053	121470
4751	462141	121370
4752	462256	121278
4753	462346	121178
4754	462447	121082
4755	462540	120984
4756	462619	120881
4757	462729	120788
4758	462838	120693
4759	462953	120601
4760	463044	120502
4761	463160	120410
4762	463257	120312
4763	463350	120214
4764	463446	120116
4765	463558	120023
4766	463690	119935
4767	463775	119834
4768	463856	119733
4769	463948	119634
4770	464034	119534
4771	464102	119429
4772	464199	119332
4773	464330	119243
4774	464432	119147
4775	464552	119056
4776	464677	118965
4777	464783	118871
4778	464882	118774
4779	464990	118679
4780	465098	118584
4781	465191	118486
4782	465284	118388
4783	465365	118286
4784	465460	118188
4785	465536	118086
4786	465636	117989
4787	465724	117890
4788	465810	117789
4789	465898	117690
4790	466023	117600
4791	466121	117502
4792	466222	117406
4793	466351	117317
4794	466440	117218
4795	466557	117125
4796	466675	117033
4797	466778	116937
4798	466887	116843
4799	466993	116748
4800	467110	116655
4801	467222	116562
4802	467329	116467
4803	467442	116374
4804	467551	116279
4805	467656	116184
4806	467777	116092
4807	467859	115991
4808	467969	115897
4809	468058	115798
4810	468183	115707
4811	468286	115611
4812	468410	115521
4813	468522	115427
4814	468612	115328
4815	468713	115231
4816	468815	115135
4817	468921	115040
4818	469037	114947
4819	469145	114853
4820	469230	114752
4821	469325	114654
4822	469415	114555
4823	469554	114468
4824	469666	114374
4825	469770	114279
4826	469896	114188
4827	469997	114092
4828	470101	113996
4829	470194	113898
4830	470289	113800
4831	470403	113706
4832	470490	113607
4833	470589	113509
4834	470692	113413
4835	470813	113322
4836	470915	113226
4837	470991	113123
4838	471105	113030
4839	471228	112939
4840	471340	112845
4841	471469	112755
4842	471566	112657
4843	471651	112557
4844	471745	112459
4845	471846	112362
4846	472000	112279
4847	472090	112179
4848	472175	112079
4849	472294	111987
4850	472372	111885
4851	472456	111784
4852	472565	111690
4853	472650	111589
4854	472740	111490
4855	472857	111398
4856	472974	111305
4857	473070	111207
4858	473173	111111
4859	473286	111017
4860	473389	110921
4861	473513	110830
4862	473626	110736
4863	473727	110640
4864	473804	110538
4865	473932	110447
4866	474030	110350
4867	474126	110252
4868	474227	110156
4869	474325	110059
4870	474397	109955
4871	474498	109859
4872	474592	109761
4873	474673	109659
4874	474810	109571
4875	474903	109473
4876	475028	109382
4877	475125	109284
4878	475212	109184
4879	475327	109091
4880	475436	108996
4881	475546	108902
4882	475628	108801
4883	475718	108702
4884	475819	108605
4885	475926	108510
4886	476022	108412
4887	476123	108316
4888	476224	108219
4889	476298	108116
4890	476379	108015
4891	476473	107917
4892	476569	107819
4893	476677	107724
4894	476760	107624
4895	476847	107524
4896	476932	107424
4897	477013	107323
4898	477164	107237
4899	477256	107139
4900	477358	107042
4901	477465	106947
4902	477574	106852
4903	477683	106757
4904	477774	106659
4905	477854	106557
4906	477948	106459
4907	478069	106367
4908	478148	106266
4909	478243	106168
4910	478374	106078
4911	478509	105988
4912	478604	105891
4913	478703	105794
4914	478788	105693
4915	478873	105593
4916	478966	105495
4917	479070	105399
4918	479181	105304
4919	479269	105205
4920	479385	105112
4921	479491	105016
4922	479574	104916
4923	479661	104816
4924	479747	104716
4925	479831	104616
4926	479931	104519
4927	480024	104420
4928	480117	104322
4929	480208	104223
4930	480321	104129
4931	480429	104034
4932	480523	103936
4933	480610	103836
4934	480691	103735
4935	480783	103637
4936	480864	103536
4937	480965	103439
4938	481042	103337
4939	481148	103242
4940	481253	103146
4941	481338	103046
4942	481448	102951
4943	481549	102855
4944	481646	102757
4945	481736	102658
4946	481853	102565
4947	481934	102464
4948	482036	102368
4949	482127	102269
4950	482249	102177
4951	482336	102077
4952	482433	101980
4953	482545	101885
4954	482649	101789
4955	482745	101692
4956	482847	101595
4957	482939	101497
4958	483022	101396
4959	483136	101302
4960	483244	101207
4961	483348	101111
4962	483439	101012
4963	483537	100915
4964	483655	100822
4965	483768	100728
4966	483907	100639
4967	484004	100541
4968	484103	100444
4969	484216	100350
4970	484298	100249
4971	484385	100150
4972	484472	100050
4973	484559	99951
4974	484645	99851
4975	484732	99751
4976	484812	99651
4977	484922	99556
4978	485017	99458
4979	485122	99362
4980	485205	99262
4981	485303	99164
4982	485391	99065
4983	485494	98969
4984	485585	98870
4985	485697	98776
4986	485809	98681
4987	485892	98581
4988	486003	98486
4989	486099	98388
4990	486207	98293
4991	486308	98196
4992	486429	98104
4993	486521	98005
4994	486626	97909
4995	486720	97811
4996	486832	97717
4997	486922	97618
4998	486998	97516
4999	487092	97418
5000	487172	97317
5001	487252	97216
5002	487359	97121
5003	487455	97023
5004	487550	96925
5005	487650	96828
5006	487772	96736
5007	487870	96638
5008	487955	96539
5009	488045	96440
5010	488156	96345
5011	488230	96243
5012	488330	96146
5013	488427	96049
5014	488519	95950
5015	488589	95847
5016	488668	95746
5017	488762	95648
5018	488845	95548
5019	488930	95448
5020	489049	95355
5021	489134	95255
5022	489216	95155
5023	489332	95061
5024	489455	94968
5025	489537	94868
5026	489617	94767
5027	489732	94673
5028	489823	94575
5029	489915	94476
5030	489997	94376
5031	490094	94278
5032	490174	94178
5033	490269	94080
5034	490375	93984
5035	490475	93887
5036	490579	93791
5037	490672	93693
5038	490778	93597
5039	490864	93497
5040	490954	93399
5041	491048	93301
5042	491145	93203
5043	491302	93117
5044	491384	93017
5045	491465	92916
5046	491562	92819
5047	491664	92722
5048	491763	92625
5049	491862	92528
5050	491958	92430
5051	492063	92334
5052	492186	92242
5053	492276	92143
5054	492388	92048
5055	492503	91954
5056	492578	91853
5057	492672	91755
5058	492771	91658
5059	492840	91555
5060	492932	91456
5061	493007	91355
5062	493091	91255
5063	493201	91160
5064	493291	91061
5065	493372	90961
5066	493465	90863
5067	493542	90761
5068	493641	90664
5069	493712	90562
5070	493793	90462
5071	493875	90362
5072	493983	90266
5073	494093	90171
5074	494195	90075
5075	494297	89978
5076	494382	89878
5077	494480	89781
5078	494584	89685
5079	494668	89585
5080	494759	89487
5081	494845	89387
5082	494952	89291
5083	495053	89195
5084	495169	89101
5085	495247	89000
5086	495348	88903
5087	495445	88806
5088	495541	88708
5089	495624	88608
5090	495710	88509
5091	495812	88412
5092	495906	88314
5093	496014	88219
5094	496098	88119
5095	496197	88022
5096	496319	87929
5097	496397	87828
5098	496493	87731
5099	496579	87631
5100	496673	87533
5101	496786	87439
5102	496900	87344
5103	496996	87247
5104	497085	87148
5105	497186	87051
5106	497276	86952
5107	497350	86851
5108	497433	86751
5109	497572	86661
5110	497669	86563
5111	497746	86463
5112	497842	86365
5113	497929	86266
5114	498024	86168
5115	498112	86069
5116	498205	85971
5117	498317	85876
5118	498407	85777
5119	498507	85681
5120	498607	85584
5121	498691	85484
5122	498842	85396
5123	498993	85308
5124	499070	85207
5125	499181	85112
5126	499275	85014
5127	499353	84913
5128	499433	84813
5129	499531	84715
5130	499625	84617
5131	499700	84516
5132	499787	84417
5133	499875	84318
5134	499977	84222
5135	500069	84123
5136	500176	84028
5137	500281	83931
5138	500369	83833
5139	500464	83735
5140	500566	83638
5141	500687	83545
5142	500790	83448
5143	500877	83349
5144	500985	83254
5145	501071	83154
5146	501162	83056
5147	501276	82961
5148	501380	82865
5149	501470	82767
5150	501555	82667
5151	501648	82569
5152	501730	82469
5153	501830	82372
5154	501919	82273
5155	502019	82176
5156	502105	82077
5157	502202	81980
5158	502270	81878
5159	502366	81780
5160	502452	81681
5161	502540	81582
5162	502625	81483
5163	502762	81392
5164	502865	81295
5165	502951	81196
5166	503062	81101
5167	503208	81011
5168	503307	80914
5169	503405	80817
5170	503501	80719
5171	503598	80622
5172	503735	80531
5173	503852	80437
5174	503948	80339
5175	504027	80239
5176	504146	80145
5177	504272	80052
5178	504385	79957
5179	504481	79859
5180	504582	79763
5181	504681	79666
5182	504791	79570
5183	504883	79472
5184	504989	79376
5185	505110	79282
5186	505221	79187
5187	505313	79089
5188	505405	78990
5189	505533	78898
5190	505632	78801
5191	505716	78701
5192	505799	78602
5193	505922	78508
5194	506002	78408
5195	506093	78310
5196	506194	78213
5197	506313	78119
5198	506408	78021
5199	506511	77924
5200	506606	77827
5201	506724	77732
5202	506833	77637
5203	506969	77545
5204	507090	77451
5205	507188	77354
5206	507347	77266
5207	507432	77167
5208	507531	77069
5209	507629	76972
5210	507716	76873
5211	507826	76778
5212	507946	76684
5213	508056	76588
5214	508199	76497
5215	508295	76400
5216	508383	76301
5217	508500	76206
5218	508607	76110
5219	508711	76014
5220	508801	75915
5221	508887	75816
5222	508985	75719
5223	509071	75620
5224	509163	75521
5225	509250	75422
5226	509340	75324
5227	509428	75225
5228	509544	75130
5229	509643	75033
5230	509734	74935
5231	509840	74838
5232	509956	74744
5233	510056	74647
5234	510157	74550
5235	510264	74454
5236	510360	74356
5237	510455	74258
5238	510555	74161
5239	510688	74069
5240	510780	73971
5241	510883	73874
5242	510988	73778
5243	511105	73683
5244	511220	73588
5245	511309	73489
5246	511413	73393
5247	511526	73297
5248	511640	73202
5249	511726	73103
5250	511817	73005
5251	511909	72907
5252	512022	72811
5253	512117	72714
5254	512236	72619
5255	512327	72521
5256	512435	72425
5257	512532	72327
5258	512627	72229
5259	512721	72131
5260	512814	72033
5261	512931	71939
5262	513038	71842
5263	513119	71743
5264	513208	71644
5265	513334	71551
5266	513459	71457
5267	513549	71358
5268	513640	71260
5269	513758	71165
5270	513858	71068
5271	513949	70970
5272	514069	70875
5273	514179	70780
5274	514265	70681
5275	514348	70581
5276	514436	70482
5277	514532	70385
5278	514649	70290
5279	514776	70196
5280	514892	70101
5281	515023	70008
5282	515147	69915
5283	515237	69816
5284	515317	69716
5285	515416	69619
5286	515510	69521
5287	515628	69426
5288	515724	69328
5289	515840	69233
5290	515948	69137
5291	516022	69037
5292	516124	68940
5293	516256	68847
5294	516346	68748
5295	516463	68653
5296	516566	68556
5297	516672	68460
5298	516775	68363
5299	516888	68268
5300	517020	68175
5301	517111	68076
5302	517209	67979
5303	517299	67880
5304	517417	67786
5305	517527	67690
5306	517631	67593
5307	517739	67497
5308	517884	67405
5309	517971	67307
5310	518086	67211
5311	518193	67115
5312	518280	67016
5313	518370	66917
5314	518475	66821
5315	518573	66723
5316	518658	66624
5317	518753	66526
5318	518885	66433
5319	518981	66335
5320	519064	66236
5321	519160	66138
5322	519261	66041
5323	519379	65946
5324	519483	65850
5325	519579	65752
5326	519670	65653
5327	519741	65552
5328	519824	65453
5329	519951	65359
5330	520039	65261
5331	520130	65162
5332	520218	65063
5333	520289	64963
5334	520385	64865
5335	520469	64766
5336	520567	64668
5337	520691	64574
5338	520786	64476
5339	520876	64377
5340	520958	64278
5341	521062	64181
5342	521160	64084
5343	521249	63985
5344	521357	63889
5345	521470	63793
5346	521562	63695
5347	521670	63599
5348	521764	63501
5349	521862	63403
5350	521951	63305
5351	522087	63212
5352	522194	63115
5353	522327	63022
5354	522439	62926
5355	522528	62828
5356	522610	62728
5357	522747	62635
5358	522844	62538
5359	522942	62440
5360	523053	62344
5361	523162	62248
5362	523279	62153
5363	523373	62055
5364	523479	61958
5365	523573	61860
5366	523691	61765
5367	523783	61667
5368	523867	61568
5369	524014	61476
5370	524090	61376
5371	524162	61275
5372	524270	61179
5373	524362	61081
5374	524441	60981
5375	524534	60883
5376	524640	60786
5377	524738	60689
5378	524820	60590
5379	524935	60494
5380	525077	60401
5381	525173	60304
5382	525259	60205
5383	525378	60110
5384	525480	60013
5385	525626	59921
5386	525729	59824
5387	525832	59727
5388	525933	59629
5389	526029	59532
5390	526126	59434
5391	526231	59337
5392	526325	59239
5393	526438	59143
5394	526517	59044
5395	526609	58945
5396	526698	58847
5397	526785	58748
5398	526895	58652
5399	526989	58554
5400	527075	58455
5401	527174	58358
5402	527284	58261
5403	527434	58170
5404	527544	58073
5405	527638	57975
5406	527777	57882
5407	527884	57786
5408	527976	57687
5409	528098	57592
5410	528186	57494
5411	528304	57398
5412	528428	57304
5413	528535	57207
5414	528636	57110
5415	528720	57011
5416	528825	56914
5417	528909	56815
5418	529016	56718
5419	529144	56624
5420	529246	56527
5421	529360	56431
5422	529461	56334
5423	529554	56235
5424	529644	56137
5425	529757	56041
5426	529848	55943
5427	529948	55845
5428	530053	55748
5429	530146	55650
5430	530255	55554
5431	530348	55456
5432	530437	55357
5433	530559	55262
5434	530663	55165
5435	530763	55068
5436	530864	54970
5437	530981	54875
5438	531053	54774
5439	531171	54679
5440	531280	54582
5441	531366	54484
5442	531481	54388
5443	531583	54291
5444	531710	54196
5445	531813	54099
5446	531907	54001
5447	531994	53902
5448	532086	53804
5449	532178	53706
5450	532261	53606
5451	532342	53507
5452	532448	53410
5453	532551	53313
5454	532649	53216
5455	532748	53118
5456	532852	53021
5457	532963	52925
5458	533055	52827
5459	533141	52728
5460	533242	52630
5461	533351	52534
5462	533437	52435
5463	533558	52340
5464	533673	52244
5465	533784	52148
5466	533891	52051
5467	533979	51952
5468	534086	51855
5469	534183	51758
5470	534278	51660
5471	534365	51561
5472	534456	51463
5473	534537	51364
5474	534627	51265
5475	534710	51166
5476	534806	51068
5477	534929	50973
5478	535009	50874
5479	535123	50778
5480	535245	50682
5481	535345	50585
5482	535456	50488
5483	535569	50392
5484	535706	50298
5485	535835	50204
5486	536005	50113
5487	536111	50016
5488	536192	49917
5489	536300	49820
5490	536405	49723
5491	536488	49624
5492	536593	49527
5493	536681	49428
5494	536777	49330
5495	536856	49231
5496	536929	49131
5497	537037	49034
5498	537150	48938
5499	537239	48839
5500	537342	48742
5501	537445	48645
5502	537533	48546
5503	537628	48449
5504	537733	48352
5505	537828	48254
5506	537939	48157
5507	538027	48059
5508	538137	47962
5509	538229	47864
5510	538348	47768
5511	538443	47670
5512	538551	47573
5513	538636	47475
5514	538721	47376
5515	538802	47277
5516	538927	47181
5517	539010	47082
5518	539103	46984
5519	539201	46887
5520	539279	46787
5521	539373	46689
5522	539485	46593
5523	539599	46496
5524	539687	46398
5525	539807	46302
5526	539905	46205
5527	540000	46107
5528	540097	46009
5529	540182	45910
5530	540292	45813
5531	540378	45715
5532	540477	45617
5533	540562	45518
5534	540643	45419
5535	540761	45323
5536	540883	45228
5537	540976	45130
5538	541082	45033
5539	541182	44935
5540	541273	44837
5541	541376	44740
5542	541497	44644
5543	541617	44548
5544	541734	44452
5545	541887	44359
5546	542001	44262
5547	542100	44165
5548	542203	44068
5549	542311	43971
5550	542421	43874
5551	542557	43779
5552	542662	43682
5553	542779	43586
5554	542900	43490
5555	543019	43394
5556	543123	43297
5557	543216	43199
5558	543305	43100
5559	543442	43006
5560	543558	42909
5561	543744	42819
5562	543863	42723
5563	543998	42628
5564	544157	42535
5565	544286	42439
5566	544398	42343
5567	544491	42245
5568	544598	42147
5569	544716	42051
5570	544858	41957
5571	544975	41860
5572	545092	41764
5573	545213	41668
5574	545326	41572
5575	545477	41478
5576	545583	41380
5577	545703	41284
5578	545860	41191
5579	545978	41095
5580	546078	40997
5581	546247	40904
5582	546403	40811
5583	546534	40716
5584	546653	40619
5585	546759	40522
5586	546856	40424
5587	546945	40326
5588	547040	40227
5589	547141	40130
5590	547283	40035
5591	547382	39937
5592	547526	39843
5593	547651	39747
5594	547784	39651
5595	547939	39558
5596	548056	39461
5597	548152	39363
5598	548258	39266
5599	548363	39168
5600	548499	39073
5601	548615	38976
5602	548714	38879
5603	548810	38781
5604	548932	38684
5605	549052	38588
5606	549177	38492
5607	549317	38397
5608	549446	38301
5609	549547	38203
5610	549670	38107
5611	549780	38010
5612	549941	37916
5613	550080	37821
5614	550194	37724
5615	550306	37627
5616	550413	37530
5617	550531	37433
5618	550619	37335
5619	550746	37239
5620	550883	37143
5621	551021	37048
5622	551148	36952
5623	551265	36855
5624	551376	36758
5625	551480	36660
5626	551585	36563
5627	551674	36464
5628	551777	36366
5629	551899	36270
5630	552032	36174
5631	552175	36079
5632	552306	35983
5633	552483	35890
5634	552620	35795
5635	552756	35699
5636	552865	35602
5637	552992	35506
5638	553114	35409
5639	553220	35311
5640	553327	35214
5641	553470	35119
5642	553577	35021
5643	553666	34922
5644	553793	34826
5645	553892	34728
5646	553991	34630
5647	554128	34534
5648	554293	34440
5649	554409	34343
5650	554525	34246
5651	554639	34149
5652	554782	34054
5653	554923	33958
5654	555041	33861
5655	555153	33764
5656	555276	33667
5657	555368	33569
5658	555459	33470
5659	555571	33373
5660	555660	33274
5661	555779	33177
5662	555879	33079
5663	556000	32983
5664	556081	32883
5665	556216	32787
5666	556334	32690
5667	556459	32594
5668	556569	32496
5669	556696	32400
5670	556788	32301
5671	556898	32204
5672	556999	32106
5673	557102	32008
5674	557193	31909
5675	557287	31811
5676	557371	31712
5677	557464	31613
5678	557564	31515
5679	557660	31417
5680	557764	31319
5681	557899	31223
5682	558025	31126
5683	558133	31029
5684	558245	30931
5685	558363	30834
5686	558479	30737
5687	558565	30638
5688	558645	30539
5689	558720	30439
5690	558812	30341
5691	558924	30243
5692	559111	30150
5693	559221	30053
5694	559315	29954
5695	559429	29857
5696	559531	29759
5697	559623	29660
5698	559710	29561
5699	559815	29463
5700	559916	29365
5701	560004	29267
5702	560100	29168
5703	560224	29071
5704	560339	28974
5705	560450	28877
5706	560555	28779
5707	560659	28681
5708	560750	28582
5709	560835	28483
5710	560972	28387
5711	561138	28292
5712	561279	28196
5713	561398	28099
5714	561546	28003
5715	561648	27905
5716	561744	27807
5717	561867	27710
5718	561971	27612
5719	562094	27515
5720	562238	27419
5721	562346	27321
5722	562441	27222
5723	562540	27124
5724	562652	27026
5725	562743	26928
5726	562847	26830
5727	562962	26732
5728	563085	26635
5729	563194	26537
5730	563314	26440
5731	563430	26343
5732	563576	26247
5733	563695	26149
5734	563781	26050
5735	563865	25951
5736	563955	25853
5737	564056	25755
5738	564174	25657
5739	564318	25561
5740	564434	25463
5741	564536	25365
5742	564641	25267
5743	564743	25169
5744	564836	25071
5745	564949	24973
5746	565060	24875
5747	565171	24777
5748	565271	24679
5749	565372	24581
5750	565473	24483
5751	565580	24385
5752	565709	24288
5753	565868	24192
5754	565961	24093
5755	566089	23996
5756	566207	23899
5757	566324	23801
5758	566449	23704
5759	566558	23606
5760	566684	23509
5761	566800	23411
5762	566915	23314
5763	567105	23219
5764	567203	23121
5765	567352	23024
5766	567449	22926
5767	567542	22827
5768	567659	22729
5769	567784	22632
5770	567930	22536
5771	568083	22439
5772	568195	22341
5773	568355	22245
5774	568499	22149
5775	568603	22051
5776	568731	21953
5777	568868	21856
5778	568986	21759
5779	569144	21662
5780	569251	21564
5781	569370	21467
5782	569468	21368
5783	569603	21271
5784	569686	21172
5785	569801	21074
5786	569887	20975
5787	569989	20877
5788	570093	20779
5789	570201	20680
5790	570293	20582
5791	570394	20483
5792	570508	20385
5793	570635	20288
5794	570759	20190
5795	570859	20092
5796	570972	19994
5797	571116	19897
5798	571232	19799
5799	571344	19701
5800	571443	19603
5801	571567	19505
5802	571690	19407
5803	571802	19309
5804	571929	19212
5805	572045	19114
5806	572141	19015
5807	572287	18918
5808	572388	18820
5809	572488	18721
5810	572591	18623
5811	572704	18525
5812	572862	18428
5813	573038	18332
5814	573143	18234
5815	573273	18136
5816	573385	18038
5817	573494	17940
5818	573598	17841
5819	573705	17743
5820	573785	17644
5821	573883	17545
5822	573971	17446
5823	574097	17349
5824	574201	17250
5825	574317	17152
5826	574457	17055
5827	574557	16956
5828	574657	16858
5829	574763	16759
5830	574878	16661
5831	574997	16563
5832	575099	16465
5833	575195	16366
5834	575365	16269
5835	575477	16171
5836	575583	16073
5837	575691	15975
5838	575799	15876
5839	575903	15778
5840	576053	15680
5841	576230	15584
5842	576390	15487
5843	576507	15389
5844	576622	15291
5845	576721	15192
5846	576829	15094
5847	576934	14995
5848	577036	14896
5849	577133	14798
5850	577275	14700
5851	577397	14602
5852	577523	14504
5853	577646	14406
5854	577759	14308
5855	577879	14210
5856	578029	14112
5857	578126	14013
5858	578252	13915
5859	578380	13817
5860	578511	13720
5861	578618	13621
5862	578759	13523
5863	578847	13424
5864	578966	13326
5865	579093	13228
5866	579193	13129
5867	579279	13030
5868	579381	12932
5869	579488	12833
5870	579569	12734
5871	579691	12636
5872	579791	12537
5873	579899	12439
5874	579999	12340
5875	580121	12242
5876	580219	12143
5877	580370	12045
5878	580470	11947
5879	580571	11848
5880	580683	11749
5881	580801	11651
5882	580904	11552
5883	581050	11455
5884	581154	11356
5885	581274	11258
5886	581355	11159
5887	581471	11060
5888	581580	10962
5889	581686	10863
5890	581820	10765
5891	581933	10666
5892	582008	10567
5893	582123	10469
5894	582221	10370
5895	582343	10272
5896	582439	10173
5897	582548	10074
5898	582646	9975
5899	582754	9877
5900	582868	9778
5901	582969	9679
5902	583078	9581
5903	583162	9482
5904	583268	9383
5905	583403	9285
5906	583520	9186
5907	583644	9088
5908	583797	8990
5909	583922	8892
5910	584059	8793
5911	584164	8695
5912	584277	8596
5913	584421	8498
5914	584535	8399
5915	584677	8301
5916	584797	8203
5917	584897	8104
5918	585003	8005
5919	585120	7907
5920	585227	7808
5921	585325	7709
5922	585450	7610
5923	585557	7512
5924	585659	7413
5925	585756	7314
5926	585864	7215
5927	585983	7117
5928	586097	7018
5929	586257	6920
5930	586422	6822
5931	586545	6723
5932	586631	6624
5933	586735	6525
5934	586831	6426
5935	586945	6328
5936	587050	6229
5937	587167	6130
5938	587289	6032
5939	587392	5933
5940	587473	5834
5941	587578	5735
5942	587682	5636
5943	587783	5537
5944	587904	5438
5945	588024	5340
5946	588181	5241
5947	588318	5143
5948	588422	5044
5949	588537	4945
5950	588629	4846
5951	588726	4747
5952	588867	4649
5953	588962	4550
5954	589069	4451
5955	589165	4352
5956	589277	4253
5957	589389	4154
5958	589475	4055
5959	589589	3956
5960	589692	3858
5961	590024	3760
5962	590196	3662
5963	590338	3563
5964	590455	3464
5965	590557	3365
5966	590678	3266
5967	590789	3167
5968	590927	3068
5969	591053	2970
5970	591175	2871
5971	591324	2772
5972	591429	2673
5973	591539	2574
5974	591681	2475
5975	591778	2376
5976	591879	2277
5977	591978	2178
5978	592073	2079
5979	592176	1980
5980	592322	1881
5981	592432	1782
5982	592536	1683
5983	592657	1584
5984	592772	1485
5985	592890	1386
5986	593020	1287
5987	593158	1188
5988	593293	1089
5989	593424	990
5990	593538	891
5991	593675	792
5992	593789	693
5993	593906	594
5994	594011	495
5995	594134	396
5996	594285	297
5997	594401	198
5998	594506	99
5999	594605	0
