iter	Logloss
0	0.685760641
1	0.6800056637
2	0.672749683
3	0.6662628074
4	0.6605999282
5	0.6552833879
6	0.6498737196
7	0.6444103044
8	0.6392303901
9	0.6340918137
10	0.630577747
11	0.625765211
12	0.6217393006
13	0.6175048195
14	0.6139470404
15	0.6102810107
16	0.6071586216
17	0.6038548572
18	0.6002908604
19	0.5972072669
20	0.5944934551
21	0.591586514
22	0.5885414757
23	0.5857067669
24	0.5833202836
25	0.5810740904
26	0.5787332077
27	0.5768614737
28	0.5747504731
29	0.5727683012
30	0.5711028018
31	0.5695541705
32	0.5675604939
33	0.5661084705
34	0.5647839497
35	0.5631457246
36	0.5617766939
37	0.5603771868
38	0.5589723741
39	0.5577564583
40	0.5562926445
41	0.5551491762
42	0.5537429107
43	0.5525496131
44	0.5513250611
45	0.5503603411
46	0.549295262
47	0.5484483535
48	0.5473669677
49	0.5463285483
50	0.5452810564
51	0.5445214694
52	0.5437289995
53	0.5427361817
54	0.5421577157
55	0.5411541225
56	0.5403122909
57	0.5395933916
58	0.5391651951
59	0.538547083
60	0.5377604441
61	0.5372279188
62	0.5367828999
63	0.5361503423
64	0.5358389467
65	0.5351390405
66	0.5345717376
67	0.533936736
68	0.5334575364
69	0.5329612313
70	0.5323550149
71	0.5318228881
72	0.5312576068
73	0.5307571054
74	0.5302830229
75	0.5298391318
76	0.5293397473
77	0.5289385207
78	0.5285522817
79	0.5282626614
80	0.5279093501
81	0.5276269267
82	0.5273570486
83	0.5270604529
84	0.5269488818
85	0.5266583129
86	0.5264147474
87	0.5261298935
88	0.5258832005
89	0.5255384537
90	0.5253019657
91	0.5249655683
92	0.5247732403
93	0.5244858557
94	0.524247228
95	0.5239468894
96	0.5236994121
97	0.5234915116
98	0.5233198062
99	0.5230770819
100	0.5228899196
101	0.5226797564
102	0.5225142925
103	0.5222725565
104	0.5220308174
105	0.5218469813
106	0.5216338419
107	0.5213918008
108	0.5212499808
109	0.521104423
110	0.520945939
111	0.5208165944
112	0.5207356311
113	0.5205342967
114	0.5203539501
115	0.5202182496
116	0.5200896338
117	0.5199363259
118	0.5197720229
119	0.5196389434
120	0.5194976355
121	0.5193036939
122	0.5190898669
123	0.5189805355
124	0.5188428945
125	0.518726091
126	0.5186033073
127	0.5184532204
128	0.5183369419
129	0.5181629195
130	0.517968964
131	0.5178631793
132	0.5177102799
133	0.5175973694
134	0.5174645963
135	0.5174345383
136	0.5173246938
137	0.5171841196
138	0.5171025647
139	0.5169824596
140	0.5168443988
141	0.5167398322
142	0.5166677424
143	0.5165621227
144	0.5164767188
145	0.5164356287
146	0.516333282
147	0.5162401835
148	0.5161581269
149	0.516077581
150	0.5160124054
151	0.515944323
152	0.5158787632
153	0.5158354217
154	0.5157188771
155	0.5156260546
156	0.5155417501
157	0.5154373943
158	0.5153538709
159	0.5153205907
160	0.5151840025
161	0.5150952925
162	0.5150387913
163	0.5149860507
164	0.5148889514
165	0.5148319979
166	0.5147632178
167	0.5146868272
168	0.5146560097
169	0.5146150918
170	0.5145775252
171	0.5145369829
172	0.5145239867
173	0.5144662992
174	0.5144069169
175	0.5143614535
176	0.5142994889
177	0.514239245
178	0.5141868207
179	0.5141249012
180	0.5140582315
181	0.5140089314
182	0.5139270739
183	0.5138957048
184	0.5138529927
185	0.5138087834
186	0.5137875774
187	0.5137132939
188	0.5136499781
189	0.5136045534
190	0.5135767295
191	0.513544191
192	0.5134687731
193	0.513452416
194	0.5133933773
195	0.5133684683
196	0.5133218266
197	0.5133027249
198	0.5132550871
199	0.5132230587
200	0.5131986329
201	0.5131654586
202	0.5131500145
203	0.5130880327
204	0.5130544317
205	0.5129884817
206	0.5129815055
207	0.512950325
208	0.5129171504
209	0.5128917205
210	0.5128107806
211	0.5127550084
212	0.5127067011
213	0.5126698816
214	0.5126173929
215	0.5125850756
216	0.5125823172
217	0.5125518418
218	0.5124954313
219	0.512426718
220	0.5123908138
221	0.5123835437
222	0.512355134
223	0.5123063581
224	0.5122953627
225	0.5122555525
226	0.5122238062
227	0.5121917561
228	0.5121522413
229	0.5121256099
230	0.5120833716
231	0.5120463366
232	0.5119848606
233	0.5119472245
234	0.5118905527
235	0.5118514361
236	0.5118354917
237	0.5118130585
238	0.5117844324
239	0.5117734326
240	0.5117291794
241	0.5117045114
242	0.5116858117
243	0.5116802938
244	0.5116489108
245	0.5116393715
246	0.5115746649
247	0.5115236424
248	0.5115078409
249	0.5114689413
250	0.5113905055
251	0.5113828118
252	0.5113575054
253	0.5113080424
254	0.5112966547
255	0.5112665261
256	0.5112405064
257	0.5112074273
258	0.5112005039
259	0.5111917035
260	0.5111601793
261	0.5111292986
262	0.5110917843
263	0.5110713788
264	0.5110244422
265	0.5109928689
266	0.5109648503
267	0.5109244202
268	0.5108958974
269	0.510888416
270	0.510835826
271	0.5107729468
272	0.5107605063
273	0.5107440501
274	0.5107030996
275	0.5106917009
276	0.510675535
277	0.5106602436
278	0.5106233289
279	0.5105953334
280	0.5105764041
281	0.5105417124
282	0.5105232956
283	0.5104923515
284	0.5104738325
285	0.5104526671
286	0.5104414661
287	0.5103788146
288	0.5103574171
289	0.510322805
290	0.510291587
291	0.5102391444
292	0.5102158421
293	0.5101550901
294	0.5101296983
295	0.5101218711
296	0.5100970477
297	0.5100940439
298	0.5100540016
299	0.5100364812
300	0.5100102245
301	0.5099858543
302	0.5099561582
303	0.5099150925
304	0.5098890279
305	0.5098674771
306	0.5098450039
307	0.5098046007
308	0.50979194
309	0.5097614427
310	0.5097432326
311	0.5097224412
312	0.509681716
313	0.50964403
314	0.5096336463
315	0.5096266142
316	0.509614578
317	0.5096021675
318	0.5096021673
319	0.5095900231
320	0.5095778776
321	0.5095420925
322	0.509520625
323	0.5094896781
324	0.50946682
325	0.5094544024
326	0.50944057
327	0.5094405692
328	0.5094376406
329	0.5094293849
330	0.5094227688
331	0.5094082525
332	0.509392389
333	0.509370375
334	0.5093154823
335	0.5092681835
336	0.5092483676
337	0.5092435432
338	0.5092309291
339	0.5092135037
340	0.5092130726
341	0.5091939618
342	0.5091763973
343	0.5091567814
344	0.5091274695
345	0.5091108991
346	0.5090797335
347	0.5090669833
348	0.5090544032
349	0.5090408069
350	0.5090225371
351	0.5089930209
352	0.5089797119
353	0.5089720715
354	0.5089610574
355	0.5089455311
356	0.5089218257
357	0.5088923199
358	0.5088691154
359	0.508853427
360	0.508821361
361	0.5088044923
362	0.5087897749
363	0.5087815644
364	0.5087538491
365	0.5087351946
366	0.5087165563
367	0.508683138
368	0.5086798204
369	0.5086486741
370	0.5086340485
371	0.5086181319
372	0.5086088679
373	0.5085769973
374	0.5085715826
375	0.508544911
376	0.5085123825
377	0.5084939404
378	0.5084780047
379	0.5084327187
380	0.508416341
381	0.5083754744
382	0.5083599337
383	0.5083292385
384	0.5083226415
385	0.508314869
386	0.5083028311
387	0.5082907199
388	0.5082767313
389	0.5082530095
390	0.5082457738
391	0.5082345091
392	0.5081955067
393	0.5081637318
394	0.5081532271
395	0.5081446871
396	0.5081126218
397	0.5080818428
398	0.508081842
399	0.5080617154
400	0.50802529
401	0.5079986178
402	0.5079859917
403	0.507970766
404	0.5079533167
405	0.5079317321
406	0.5079124721
407	0.5079010877
408	0.5078842146
409	0.5078638602
410	0.5078149619
411	0.5078005621
412	0.5077945785
413	0.5077848838
414	0.5077467404
415	0.5077244451
416	0.5076947523
417	0.5076856846
418	0.5076764944
419	0.5076696243
420	0.5076522574
421	0.5076428823
422	0.5076428818
423	0.5076276852
424	0.5076259053
425	0.507608394
426	0.5075931278
427	0.5075904356
428	0.5075599559
429	0.5075575888
430	0.5075430026
431	0.5075335424
432	0.5075158886
433	0.5074918337
434	0.5074819076
435	0.5074596269
436	0.5074452381
437	0.5074248956
438	0.5073814093
439	0.507350273
440	0.5073303076
441	0.5073175896
442	0.5072685133
443	0.5072322714
444	0.5072198576
445	0.5072132445
446	0.507190636
447	0.507173788
448	0.5071737875
449	0.5071651873
450	0.5071498909
451	0.5070962993
452	0.5070609727
453	0.5070477096
454	0.5070249228
455	0.5069826188
456	0.5069544774
457	0.5069334495
458	0.5069061378
459	0.5068928472
460	0.5068820378
461	0.5068795883
462	0.5068478296
463	0.5068175749
464	0.5068020292
465	0.5067864275
466	0.5067771376
467	0.5067469416
468	0.5067296001
469	0.5067138546
470	0.506684965
471	0.5066660009
472	0.5066480695
473	0.506639824
474	0.5066394505
475	0.5066214798
476	0.5066200249
477	0.506605108
478	0.506561628
479	0.5065506624
480	0.5065294829
481	0.5065152741
482	0.5065026316
483	0.5064895078
484	0.50647824
485	0.5064391492
486	0.5064120278
487	0.5063987168
488	0.5063619179
489	0.5063561591
490	0.5063215411
491	0.5063130191
492	0.5062817024
493	0.5062730457
494	0.5062386017
495	0.5062279249
496	0.5061949865
497	0.5061824004
498	0.5061613295
499	0.5061353921
500	0.5061065175
501	0.5060811846
502	0.5060654638
503	0.506029309
504	0.5060151226
505	0.5059945947
506	0.505973507
507	0.5059477481
508	0.5059193258
509	0.5059085322
510	0.5058756839
511	0.5058361374
512	0.5057959052
513	0.5057706076
514	0.5057557527
515	0.5056975551
516	0.5056749791
517	0.5056519059
518	0.5056097734
519	0.505588378
520	0.505573814
521	0.5055418203
522	0.5055033995
523	0.5054751886
524	0.5054640338
525	0.5054401115
526	0.5054048819
527	0.505400195
528	0.5053900418
529	0.5053611396
530	0.5053544734
531	0.5053200623
532	0.5052926597
533	0.5052663031
534	0.5052633043
535	0.5052229391
536	0.505201301
537	0.5051894728
538	0.5051453884
539	0.5051105866
540	0.5050837492
541	0.5050589745
542	0.5050245526
543	0.5049956333
544	0.504954823
545	0.5049164474
546	0.5048861035
547	0.504868688
548	0.5048222493
549	0.5047807866
550	0.5047458594
551	0.5047166034
552	0.5046831893
553	0.5046686124
554	0.5046295877
555	0.5045999693
556	0.5045592353
557	0.5045131407
558	0.5044788337
559	0.5044471086
560	0.5044301989
561	0.5044113978
562	0.5043756751
563	0.5043400785
564	0.50431483
565	0.5042598999
566	0.5042127441
567	0.5041630482
568	0.5041454219
569	0.5041203695
570	0.5040640886
571	0.5040214923
572	0.5039964665
573	0.5039562706
574	0.5039170799
575	0.5038762536
576	0.5038306896
577	0.5038035872
578	0.5037619948
579	0.5037387916
580	0.5037015855
581	0.5036767232
582	0.5036376612
583	0.5035934644
584	0.5035560813
585	0.5035139688
586	0.503472544
587	0.5034358667
588	0.503406562
589	0.5033816506
590	0.5033484426
591	0.5033303697
592	0.5032998404
593	0.5032616424
594	0.5032176608
595	0.5031799789
596	0.5031554052
597	0.5031201514
598	0.503091186
599	0.5030628645
600	0.5030389223
601	0.5030085414
602	0.502970915
603	0.5029448415
604	0.5029323805
605	0.5029057111
606	0.502867853
607	0.5028263604
608	0.5027908377
609	0.5027508189
610	0.5027153927
611	0.5026810445
612	0.50265274
613	0.5026320541
614	0.5026033468
615	0.5025729154
616	0.5025418871
617	0.5025246423
618	0.5024984526
619	0.5024667245
620	0.502452675
621	0.5024229349
622	0.5023907577
623	0.502357324
624	0.5023220112
625	0.5022840498
626	0.5022680679
627	0.5022329085
628	0.5022026557
629	0.502176485
630	0.5021461686
631	0.5021125646
632	0.5020816157
633	0.5020534658
634	0.5020304419
635	0.5020000197
636	0.5019821651
637	0.5019626602
638	0.5019448529
639	0.5019198493
640	0.5018902254
641	0.5018528547
642	0.5018305161
643	0.5018045611
644	0.5017803133
645	0.501765644
646	0.5017277855
647	0.5017017886
648	0.5016692197
649	0.5016483267
650	0.5016182105
651	0.5015984077
652	0.501565795
653	0.5015442201
654	0.5015197031
655	0.5014874666
656	0.5014613677
657	0.5014351322
658	0.50140072
659	0.5013752067
660	0.5013502807
661	0.5013228501
662	0.5012998231
663	0.5012767106
664	0.5012587632
665	0.5012354758
666	0.5012146236
667	0.5011924379
668	0.501166431
669	0.5011387258
670	0.5011140489
671	0.5010896554
672	0.5010481831
673	0.5010281668
674	0.5010099077
675	0.5009881515
676	0.500961482
677	0.5009375478
678	0.5009225047
679	0.500898981
680	0.5008737556
681	0.5008549906
682	0.5008412062
683	0.5008211039
684	0.5007949362
685	0.5007747274
686	0.5007509671
687	0.5007297369
688	0.500715405
689	0.5006875436
690	0.5006585472
691	0.5006286432
692	0.50060004
693	0.5005791812
694	0.5005553764
695	0.5005279937
696	0.5005158422
697	0.5005068732
698	0.5004829152
699	0.5004759476
700	0.5004593315
701	0.5004407602
702	0.5004228134
703	0.5004057866
704	0.5003804074
705	0.5003533505
706	0.5003400434
707	0.5003242817
708	0.5003068613
709	0.500284406
710	0.500263816
711	0.5002494386
712	0.5002337619
713	0.5002150737
714	0.5001900923
715	0.5001638719
716	0.5001467546
717	0.5001264632
718	0.5001013436
719	0.5000838461
720	0.5000642732
721	0.5000445234
722	0.5000325597
723	0.5000147535
724	0.4999885277
725	0.4999724041
726	0.4999533261
727	0.4999339524
728	0.499923017
729	0.4999096943
730	0.4998885444
731	0.4998724982
732	0.4998488361
733	0.4998318281
734	0.4998161947
735	0.4997958984
736	0.4997731585
737	0.4997482478
738	0.4997325891
739	0.4997166729
740	0.4997020547
741	0.4996784211
742	0.4996648009
743	0.499639703
744	0.4996271894
745	0.4996093305
746	0.4995839478
747	0.4995686639
748	0.4995552518
749	0.499540196
750	0.4995336941
751	0.4995103371
752	0.4994915475
753	0.4994735561
754	0.4994609007
755	0.4994440028
756	0.499414098
757	0.4993992137
758	0.4993775276
759	0.499365063
760	0.4993523187
761	0.4993309574
762	0.4993066556
763	0.4992884696
764	0.4992723837
765	0.4992402843
766	0.4992209068
767	0.4992115409
768	0.4991971381
769	0.4991848999
770	0.4991595497
771	0.4991454751
772	0.4991330565
773	0.4991160918
774	0.4991027741
775	0.4990865514
776	0.4990747093
777	0.4990514837
778	0.4990376564
779	0.4990225587
780	0.4990000762
781	0.4989841962
782	0.4989645743
783	0.498949673
784	0.4989348034
785	0.4989205014
786	0.4989073777
787	0.4988936618
788	0.4988635677
789	0.4988497036
790	0.498828599
791	0.4988164043
792	0.4988075095
793	0.4987963337
794	0.4987832644
795	0.4987670519
796	0.498750733
797	0.4987351749
798	0.4987222646
799	0.4987126063
800	0.4986897802
801	0.498667658
802	0.4986554765
803	0.4986424719
804	0.4986305715
805	0.4986056566
806	0.4985957993
807	0.4985702704
808	0.4985599548
809	0.4985422437
810	0.4985340771
811	0.4985181159
812	0.4985027947
813	0.4984899739
814	0.4984808131
815	0.4984638751
816	0.498440324
817	0.4984180149
818	0.498405872
819	0.4983876678
820	0.4983675317
821	0.4983527572
822	0.4983346155
823	0.4983145659
824	0.4982985168
825	0.498284976
826	0.4982655099
827	0.4982557511
828	0.4982516005
829	0.4982343614
830	0.4982203348
831	0.4982146162
832	0.4981987053
833	0.4981872655
834	0.4981737131
835	0.4981609202
836	0.4981469376
837	0.4981345589
838	0.4981240833
839	0.4981011313
840	0.4980897251
841	0.4980764393
842	0.4980531583
843	0.4980361996
844	0.4980239012
845	0.498007595
846	0.4979954387
847	0.4979826373
848	0.4979555663
849	0.4979469428
850	0.4979317887
851	0.4979148198
852	0.4978962152
853	0.4978792479
854	0.4978618332
855	0.4978442863
856	0.4978341571
857	0.4978206166
858	0.4978043077
859	0.4977915978
860	0.4977841836
861	0.4977679193
862	0.4977547208
863	0.4977484354
864	0.49773448
865	0.4977147059
866	0.4977042019
867	0.4976880742
868	0.4976812
869	0.4976620338
870	0.4976374818
871	0.4976280942
872	0.4976099393
873	0.4975929794
874	0.4975801134
875	0.4975637461
876	0.4975500228
877	0.4975237013
878	0.4975099704
879	0.4974986274
880	0.4974840334
881	0.4974685631
882	0.4974494489
883	0.4974376462
884	0.4974272453
885	0.4974139976
886	0.497397174
887	0.4973786379
888	0.4973677612
889	0.4973579462
890	0.4973498736
891	0.4973365083
892	0.4973207805
893	0.4972970651
894	0.4972864924
895	0.4972806019
896	0.4972708786
897	0.4972572426
898	0.49724882
899	0.4972330592
900	0.4972252196
901	0.4972112395
902	0.4971897576
903	0.4971777269
904	0.4971538449
905	0.4971380826
906	0.4971254658
907	0.4971085062
908	0.4970951599
909	0.4970846732
910	0.4970693294
911	0.4970616839
912	0.4970456766
913	0.4970354421
914	0.497027008
915	0.4970171388
916	0.4970017586
917	0.4969786821
918	0.4969595129
919	0.4969415939
920	0.4969331587
921	0.4969173908
922	0.4969059254
923	0.4968842727
924	0.4968660115
925	0.4968541724
926	0.4968465359
927	0.4968392643
928	0.4968210891
929	0.4968106484
930	0.4967997769
931	0.4967890364
932	0.4967822731
933	0.4967672288
934	0.4967546805
935	0.4967374949
936	0.496728731
937	0.4967133718
938	0.4966920837
939	0.4966814257
940	0.4966762177
941	0.4966616317
942	0.4966451814
943	0.4966347895
944	0.4966147117
945	0.4965953532
946	0.4965921421
947	0.4965831661
948	0.4965717591
949	0.4965567793
950	0.4965464534
951	0.4965398257
952	0.4965292826
953	0.4965188045
954	0.4965080056
955	0.4964927643
956	0.4964853091
957	0.4964676783
958	0.4964622836
959	0.4964420637
960	0.4964220773
961	0.4964081456
962	0.4963926758
963	0.4963791988
964	0.4963669055
965	0.4963585618
966	0.4963524013
967	0.4963367504
968	0.4963168171
969	0.4963028836
970	0.4962930374
971	0.4962875132
972	0.4962722799
973	0.4962647026
974	0.496252547
975	0.4962426177
976	0.496229112
977	0.4962085073
978	0.4962011123
979	0.4961881685
980	0.4961793362
981	0.4961672698
982	0.4961563646
983	0.4961489913
984	0.4961377041
985	0.4961340693
986	0.4961280622
987	0.4961157133
988	0.4960983392
989	0.4960827829
990	0.4960728407
991	0.4960641194
992	0.496057293
993	0.4960449008
994	0.4960353844
995	0.4960251295
996	0.4960136029
997	0.4960034539
998	0.4959875937
999	0.4959661409
1000	0.4959567247
1001	0.4959474574
1002	0.495931722
1003	0.4959169662
1004	0.4959102541
1005	0.4958991336
1006	0.4958901572
1007	0.4958787102
1008	0.4958679765
1009	0.4958584986
1010	0.4958533879
1011	0.4958435558
1012	0.4958338967
1013	0.4958224081
1014	0.4958175646
1015	0.4958064764
1016	0.4957953922
1017	0.4957806229
1018	0.4957706522
1019	0.4957613469
1020	0.495751637
1021	0.4957428278
1022	0.4957351191
1023	0.4957291294
1024	0.4957198567
1025	0.4957021076
1026	0.4956910637
1027	0.4956797929
1028	0.4956716631
1029	0.4956554908
1030	0.4956382384
1031	0.4956219886
1032	0.4956152411
1033	0.4956044448
1034	0.4955945588
1035	0.4955808883
1036	0.4955632942
1037	0.4955488165
1038	0.4955404655
1039	0.4955306
1040	0.4955205719
1041	0.4955077403
1042	0.4955048825
1043	0.4954906269
1044	0.4954738834
1045	0.4954622638
1046	0.4954523626
1047	0.4954419728
1048	0.495438516
1049	0.495423789
1050	0.495420231
1051	0.4954092935
1052	0.4954017972
1053	0.4953907953
1054	0.495380304
1055	0.4953682486
1056	0.4953594726
1057	0.4953513821
1058	0.495340592
1059	0.4953249474
1060	0.4953159255
1061	0.4953031508
1062	0.4952968007
1063	0.495292249
1064	0.4952806753
1065	0.495272513
1066	0.4952617854
1067	0.4952521228
1068	0.4952456742
1069	0.4952400392
1070	0.4952290972
1071	0.4952224265
1072	0.4952151435
1073	0.4952117131
1074	0.4952013213
1075	0.4951900383
1076	0.4951800021
1077	0.4951678415
1078	0.4951630371
1079	0.4951517642
1080	0.4951400265
1081	0.4951366639
1082	0.4951259162
1083	0.4951123468
1084	0.4950871333
1085	0.495077952
1086	0.4950657808
1087	0.4950559907
1088	0.4950406458
1089	0.4950328629
1090	0.4950190177
1091	0.4950130678
1092	0.4950034381
1093	0.4949947621
1094	0.4949822073
1095	0.4949693747
1096	0.4949607211
1097	0.4949484579
1098	0.4949339276
1099	0.494929679
1100	0.4949183259
1101	0.4949115393
1102	0.494900806
1103	0.494894639
1104	0.4948890101
1105	0.494883366
1106	0.4948699975
1107	0.4948682305
1108	0.4948548267
1109	0.4948446491
1110	0.4948337312
1111	0.4948197631
1112	0.4948090641
1113	0.4947963482
1114	0.4947864701
1115	0.4947757218
1116	0.4947671671
1117	0.4947580193
1118	0.4947494601
1119	0.4947383154
1120	0.4947275976
1121	0.4947149865
1122	0.4947056262
1123	0.4946979911
1124	0.4946900028
1125	0.4946809556
1126	0.4946677665
1127	0.4946588369
1128	0.4946494755
1129	0.4946415197
1130	0.4946315759
1131	0.4946222211
1132	0.4946047497
1133	0.4945961156
1134	0.4945802015
1135	0.494568354
1136	0.4945595082
1137	0.4945527824
1138	0.4945387992
1139	0.4945299939
1140	0.494523642
1141	0.4945129748
1142	0.4945065188
1143	0.4944960855
1144	0.4944864351
1145	0.4944734574
1146	0.4944590982
1147	0.4944523925
1148	0.4944447466
1149	0.4944345634
1150	0.4944256427
1151	0.4944160769
1152	0.4944011644
1153	0.4943959459
1154	0.4943840103
1155	0.494370752
1156	0.4943619331
1157	0.4943545595
1158	0.4943469623
1159	0.4943390819
1160	0.4943302261
1161	0.4943212492
1162	0.4943059715
1163	0.4942970638
1164	0.4942897099
1165	0.4942789149
1166	0.4942731314
1167	0.4942640848
1168	0.4942551868
1169	0.494242498
1170	0.494233801
1171	0.4942246065
1172	0.494209876
1173	0.4941999745
1174	0.4941945136
1175	0.4941814871
1176	0.4941741015
1177	0.4941649155
1178	0.4941588245
1179	0.4941474226
1180	0.4941373325
1181	0.4941200418
1182	0.4941142215
1183	0.494106447
1184	0.4940905499
1185	0.4940820281
1186	0.4940711799
1187	0.4940595392
1188	0.4940454302
1189	0.4940350612
1190	0.4940291375
1191	0.4940245104
1192	0.494010538
1193	0.4940046196
1194	0.4939936352
1195	0.4939882289
1196	0.4939790672
1197	0.4939684132
1198	0.4939606041
1199	0.493948188
1200	0.4939309373
1201	0.4939229101
1202	0.4939157923
1203	0.4939024695
1204	0.493894645
1205	0.4938903166
1206	0.4938776903
1207	0.4938703521
1208	0.4938667465
1209	0.493855557
1210	0.493851277
1211	0.4938405509
1212	0.4938318892
1213	0.4938216466
1214	0.4938152188
1215	0.4938080127
1216	0.4937981181
1217	0.493788554
1218	0.4937832799
1219	0.4937794268
1220	0.4937714747
1221	0.4937670355
1222	0.4937552394
1223	0.4937500012
1224	0.4937469398
1225	0.4937413801
1226	0.4937312306
1227	0.4937227884
1228	0.4937156918
1229	0.4937131118
1230	0.4937081348
1231	0.4936945104
1232	0.4936876881
1233	0.4936786498
1234	0.4936639682
1235	0.4936499353
1236	0.4936429498
1237	0.4936266645
1238	0.4936237042
1239	0.4936133702
1240	0.4936036119
1241	0.4935990914
1242	0.4935880912
1243	0.4935752677
1244	0.4935642142
1245	0.4935569358
1246	0.4935519498
1247	0.493543236
1248	0.4935397011
1249	0.4935310901
1250	0.4935247221
1251	0.4935146252
1252	0.4935061058
1253	0.4934967512
1254	0.4934895362
1255	0.4934819008
1256	0.4934720188
1257	0.4934644881
1258	0.4934575476
1259	0.4934473004
1260	0.4934401538
1261	0.4934352708
1262	0.4934219676
1263	0.4934075214
1264	0.4933985954
1265	0.4933970932
1266	0.4933872646
1267	0.4933850155
1268	0.4933738963
1269	0.4933673292
1270	0.4933575381
1271	0.4933486071
1272	0.4933363725
1273	0.4933276722
1274	0.4933206649
1275	0.493310696
1276	0.4933033294
1277	0.4932946666
1278	0.4932867153
1279	0.4932734117
1280	0.4932600362
1281	0.4932537297
1282	0.4932456547
1283	0.4932351744
1284	0.493225064
1285	0.4932167735
1286	0.4932087789
1287	0.4932011829
1288	0.4931995382
1289	0.493189118
1290	0.4931799263
1291	0.4931718526
1292	0.4931645656
1293	0.4931516604
1294	0.493139975
1295	0.4931344533
1296	0.4931286472
1297	0.4931159711
1298	0.4931043173
1299	0.4930935098
1300	0.4930894609
1301	0.4930756156
1302	0.4930663798
1303	0.4930535924
1304	0.4930442538
1305	0.4930358845
1306	0.4930247473
1307	0.493009659
1308	0.4930041349
1309	0.4929955727
1310	0.4929878908
1311	0.4929836615
1312	0.4929776557
1313	0.4929630313
1314	0.4929521962
1315	0.4929452511
1316	0.4929397197
1317	0.4929365702
1318	0.4929269012
1319	0.4929209047
1320	0.492905872
1321	0.4928917565
1322	0.4928792313
1323	0.4928709575
1324	0.4928646307
1325	0.4928522407
1326	0.4928437814
1327	0.4928357768
1328	0.4928292644
1329	0.4928245884
1330	0.4928184782
1331	0.4928112832
1332	0.4928068377
1333	0.4927975459
1334	0.4927874768
1335	0.4927745123
1336	0.4927596509
1337	0.4927571263
1338	0.4927492664
1339	0.492741979
1340	0.4927317381
1341	0.4927296008
1342	0.4927235501
1343	0.4927149275
1344	0.4927069869
1345	0.4927003672
1346	0.492694012
1347	0.4926799354
1348	0.4926713662
1349	0.4926635748
1350	0.4926552638
1351	0.4926446283
1352	0.4926375043
1353	0.4926250707
1354	0.4926177098
1355	0.4926025528
1356	0.4925949749
1357	0.4925866506
1358	0.4925758092
1359	0.4925677836
1360	0.4925602116
1361	0.4925566215
1362	0.492547756
1363	0.4925422932
1364	0.4925351267
1365	0.4925272065
1366	0.4925232172
1367	0.4925149799
1368	0.4925139489
1369	0.4925059643
1370	0.4924990051
1371	0.4924912675
1372	0.4924843752
1373	0.492477287
1374	0.4924713594
1375	0.492464287
1376	0.4924565111
1377	0.4924445033
1378	0.4924337429
1379	0.4924225492
1380	0.4924152264
1381	0.4924108901
1382	0.4923991159
1383	0.4923899745
1384	0.4923826908
1385	0.4923712032
1386	0.4923642694
1387	0.4923591684
1388	0.4923523213
1389	0.4923492846
1390	0.4923459724
1391	0.4923361529
1392	0.4923301952
1393	0.4923273349
1394	0.4923157771
1395	0.4923125672
1396	0.4923112593
1397	0.4923079875
1398	0.4923060481
1399	0.4922976786
1400	0.4922880179
1401	0.4922802387
1402	0.4922748346
1403	0.4922652192
1404	0.4922612184
1405	0.492258169
1406	0.4922491415
1407	0.4922406299
1408	0.4922324711
1409	0.492225597
1410	0.4922191058
1411	0.4922071939
1412	0.4922034036
1413	0.492197066
1414	0.4921878093
1415	0.4921800656
1416	0.492169256
1417	0.4921606124
1418	0.4921509994
1419	0.4921434464
1420	0.4921397998
1421	0.4921253621
1422	0.4921140046
1423	0.4921049501
1424	0.4921030904
1425	0.4920963161
1426	0.4920899302
1427	0.4920847636
1428	0.4920788585
1429	0.4920771397
1430	0.4920692282
1431	0.492061151
1432	0.4920558211
1433	0.4920498818
1434	0.4920412952
1435	0.4920303814
1436	0.4920221103
1437	0.4920171713
1438	0.4920108355
1439	0.4919924382
1440	0.4919910243
1441	0.4919853106
1442	0.4919828717
1443	0.4919784423
1444	0.4919696426
1445	0.4919635154
1446	0.4919572532
1447	0.4919507997
1448	0.4919431874
1449	0.4919357758
1450	0.4919302314
1451	0.4919237201
1452	0.4919213915
1453	0.4919168831
1454	0.4919028996
1455	0.4918942311
1456	0.4918844451
1457	0.4918763414
1458	0.4918677387
1459	0.4918582365
1460	0.491853792
1461	0.4918463631
1462	0.4918384275
1463	0.4918309231
1464	0.4918240722
1465	0.4918232999
1466	0.4918154836
1467	0.4918082787
1468	0.4918006035
1469	0.4917957141
1470	0.4917874242
1471	0.49177935
1472	0.4917750938
1473	0.4917709527
1474	0.4917685422
1475	0.4917631503
1476	0.4917568767
1477	0.4917457047
1478	0.4917401774
1479	0.4917320107
1480	0.4917215352
1481	0.4917187271
1482	0.4917120147
1483	0.4917050175
1484	0.4916978469
1485	0.491691666
1486	0.4916833773
1487	0.4916746066
1488	0.491670626
1489	0.4916617225
1490	0.4916544002
1491	0.4916505548
1492	0.4916440341
1493	0.4916392646
1494	0.4916256806
1495	0.4916169735
1496	0.4916111847
1497	0.4916043364
1498	0.4915993551
1499	0.4915906333
1500	0.4915853812
1501	0.4915812825
1502	0.4915790889
1503	0.4915716397
1504	0.4915622987
1505	0.4915588596
1506	0.4915537827
1507	0.49154735
1508	0.491542053
1509	0.4915378489
1510	0.4915331824
1511	0.4915226574
1512	0.4915137838
1513	0.4915050445
1514	0.4914950505
1515	0.4914861719
1516	0.4914838022
1517	0.4914755433
1518	0.4914701621
1519	0.4914606368
1520	0.4914557092
1521	0.4914452301
1522	0.4914335393
1523	0.4914284361
1524	0.4914191722
1525	0.4914128556
1526	0.4913995275
1527	0.4913948536
1528	0.4913873537
1529	0.491380565
1530	0.491375976
1531	0.4913720209
1532	0.49136904
1533	0.4913584402
1534	0.4913541274
1535	0.491344137
1536	0.4913399409
1537	0.4913293129
1538	0.4913181449
1539	0.4913087172
1540	0.4913047579
1541	0.4913009453
1542	0.4912925668
1543	0.491284776
1544	0.4912810311
1545	0.4912713699
1546	0.4912656857
1547	0.491258911
1548	0.4912518622
1549	0.4912447881
1550	0.4912324767
1551	0.4912247906
1552	0.4912193073
1553	0.4912107084
1554	0.4912014776
1555	0.4911912099
1556	0.4911839925
1557	0.4911728676
1558	0.4911573517
1559	0.4911538169
1560	0.4911473363
1561	0.4911394159
1562	0.491137998
1563	0.4911355549
1564	0.4911290351
1565	0.4911215712
1566	0.4911150783
1567	0.4911073205
1568	0.491098295
1569	0.4910894324
1570	0.4910874156
1571	0.4910786196
1572	0.4910703544
1573	0.4910599022
1574	0.4910490834
1575	0.4910403126
1576	0.491027665
1577	0.4910153192
1578	0.4910074991
1579	0.491006749
1580	0.4909998269
1581	0.4909861503
1582	0.4909821616
1583	0.4909738634
1584	0.4909656037
1585	0.4909546925
1586	0.4909426199
1587	0.4909363801
1588	0.4909268566
1589	0.4909241723
1590	0.4909195568
1591	0.4909142641
1592	0.490907924
1593	0.4909003615
1594	0.4908914911
1595	0.4908848561
1596	0.4908785849
1597	0.4908721097
1598	0.4908661426
1599	0.4908557909
1600	0.4908485222
1601	0.4908396146
1602	0.4908326706
1603	0.4908271857
1604	0.4908207703
1605	0.4908154327
1606	0.4908090062
1607	0.4908042842
1608	0.4907931023
1609	0.4907891695
1610	0.4907821448
1611	0.4907752253
1612	0.490771088
1613	0.4907617437
1614	0.4907549045
1615	0.4907524238
1616	0.4907491235
1617	0.4907387128
1618	0.4907361355
1619	0.4907281945
1620	0.4907223983
1621	0.4907153763
1622	0.4907099417
1623	0.4907062527
1624	0.4906968351
1625	0.4906933117
1626	0.4906843488
1627	0.4906765928
1628	0.4906725276
1629	0.4906604248
1630	0.4906502953
1631	0.4906422358
1632	0.4906357807
1633	0.4906312769
1634	0.490626408
1635	0.4906191708
1636	0.4906128845
1637	0.4906061404
1638	0.4905972473
1639	0.4905861956
1640	0.4905800781
1641	0.4905689935
1642	0.4905616789
1643	0.4905561277
1644	0.4905496901
1645	0.4905383978
1646	0.4905347529
1647	0.4905339284
1648	0.4905252265
1649	0.490522827
1650	0.4905166659
1651	0.4905098193
1652	0.4905080288
1653	0.4905046344
1654	0.4905007935
1655	0.4904902964
1656	0.4904828253
1657	0.4904706336
1658	0.4904613078
1659	0.4904576006
1660	0.4904511754
1661	0.4904429751
1662	0.49044172
1663	0.4904375722
1664	0.4904318414
1665	0.4904239475
1666	0.4904205501
1667	0.490415299
1668	0.4904056215
1669	0.4904018059
1670	0.4903971556
1671	0.4903953527
1672	0.4903912165
1673	0.4903877483
1674	0.4903793175
1675	0.4903754374
1676	0.4903685186
1677	0.4903613862
1678	0.490354235
1679	0.4903517033
1680	0.4903499541
1681	0.4903454107
1682	0.4903351194
1683	0.4903316871
1684	0.4903289623
1685	0.4903231363
1686	0.4903175312
1687	0.4903047208
1688	0.4902977619
1689	0.4902870582
1690	0.4902749964
1691	0.4902690963
1692	0.4902612512
1693	0.4902583418
1694	0.4902506445
1695	0.4902449324
1696	0.4902334183
1697	0.4902291464
1698	0.4902238531
1699	0.490218492
1700	0.4902124746
1701	0.4902070332
1702	0.4902056892
1703	0.4901974871
1704	0.4901914696
1705	0.4901868813
1706	0.4901791156
1707	0.4901713248
1708	0.4901615311
1709	0.4901553219
1710	0.4901476912
1711	0.4901428579
1712	0.4901321143
1713	0.4901244091
1714	0.4901165702
1715	0.4901124014
1716	0.490103073
1717	0.4900997343
1718	0.4900973839
1719	0.4900905249
1720	0.4900890346
1721	0.49008742
1722	0.4900828268
1723	0.4900800408
1724	0.4900743762
1725	0.490064988
1726	0.4900609871
1727	0.4900577007
1728	0.4900525733
1729	0.4900474833
1730	0.4900421652
1731	0.4900382351
1732	0.4900332619
1733	0.490024162
1734	0.4900210714
1735	0.4900153945
1736	0.4900056489
1737	0.4900011081
1738	0.4899962538
1739	0.4899904665
1740	0.4899851217
1741	0.4899753949
1742	0.4899708015
1743	0.4899626512
1744	0.4899595741
1745	0.4899533473
1746	0.4899431247
1747	0.4899321332
1748	0.4899258261
1749	0.4899193334
1750	0.489915881
1751	0.4899100066
1752	0.4899024075
1753	0.4898986671
1754	0.4898937516
1755	0.4898870358
1756	0.4898828656
1757	0.4898785205
1758	0.4898729039
1759	0.489863549
1760	0.4898619216
1761	0.489855891
1762	0.4898530552
1763	0.4898499361
1764	0.4898404988
1765	0.4898361015
1766	0.489832966
1767	0.4898209557
1768	0.4898146305
1769	0.4898055052
1770	0.4897988736
1771	0.4897958526
1772	0.4897896051
1773	0.4897835723
1774	0.4897783189
1775	0.4897760597
1776	0.4897712667
1777	0.4897666082
1778	0.489754608
1779	0.4897481672
1780	0.4897414671
1781	0.4897372331
1782	0.4897294199
1783	0.4897237868
1784	0.4897207352
1785	0.4897154279
1786	0.4897113058
1787	0.489710681
1788	0.4897036878
1789	0.4896967587
1790	0.4896914519
1791	0.4896886124
1792	0.4896814238
1793	0.489676998
1794	0.4896755641
1795	0.4896647717
1796	0.4896593961
1797	0.4896504711
1798	0.4896456446
1799	0.4896426631
1800	0.4896332157
1801	0.4896256393
1802	0.4896220948
1803	0.4896154991
1804	0.4896090519
1805	0.4896039738
1806	0.4895947601
1807	0.4895894333
1808	0.4895846483
1809	0.4895812305
1810	0.4895759635
1811	0.4895699283
1812	0.4895647225
1813	0.4895593633
1814	0.4895482402
1815	0.4895404098
1816	0.489536022
1817	0.4895284406
1818	0.4895237499
1819	0.4895134777
1820	0.489504323
1821	0.4894953675
1822	0.4894883955
1823	0.4894854601
1824	0.489478009
1825	0.4894696797
1826	0.4894674582
1827	0.4894584424
1828	0.4894509406
1829	0.4894449991
1830	0.4894396406
1831	0.4894355448
1832	0.4894295787
1833	0.4894201408
1834	0.4894132522
1835	0.4894090026
1836	0.4894066448
1837	0.4894041177
1838	0.4894017709
1839	0.489391931
1840	0.4893860428
1841	0.4893786532
1842	0.4893782841
1843	0.4893740272
1844	0.4893695136
1845	0.4893667614
1846	0.4893611477
1847	0.4893552014
1848	0.4893519125
1849	0.4893487743
1850	0.4893393953
1851	0.489336661
1852	0.4893313212
1853	0.4893252075
1854	0.4893221886
1855	0.4893203361
1856	0.4893078533
1857	0.4893028037
1858	0.4892989443
1859	0.4892864901
1860	0.4892779629
1861	0.4892742051
1862	0.489271882
1863	0.4892593776
1864	0.4892560223
1865	0.4892484948
1866	0.4892471363
1867	0.4892359957
1868	0.4892279413
1869	0.489212928
1870	0.4892097767
1871	0.4892081902
1872	0.4892046986
1873	0.4891987742
1874	0.489189969
1875	0.4891806438
1876	0.4891755414
1877	0.4891621865
1878	0.4891524128
1879	0.4891497029
1880	0.4891438405
1881	0.4891395504
1882	0.4891300478
1883	0.489128074
1884	0.4891138798
1885	0.4891069166
1886	0.4890982665
1887	0.4890873299
1888	0.4890819813
1889	0.4890794659
1890	0.4890700418
1891	0.4890631135
1892	0.4890556867
1893	0.4890474694
1894	0.4890423175
1895	0.4890363499
1896	0.4890317808
1897	0.4890294677
1898	0.4890238652
1899	0.4890168125
1900	0.4890136026
1901	0.4890071856
1902	0.4890007969
1903	0.4889965437
1904	0.4889886796
1905	0.4889842258
1906	0.4889750405
1907	0.4889716953
1908	0.4889676865
1909	0.4889607804
1910	0.4889501708
1911	0.4889459994
1912	0.4889425956
1913	0.48893413
1914	0.4889258436
1915	0.4889221486
1916	0.4889199835
1917	0.4889178524
1918	0.4889117332
1919	0.4889036489
1920	0.4888936264
1921	0.4888864089
1922	0.488882767
1923	0.4888767748
1924	0.4888678617
1925	0.488857789
1926	0.4888543019
1927	0.4888440716
1928	0.4888352832
1929	0.4888320672
1930	0.4888264794
1931	0.488823078
1932	0.4888203177
1933	0.4888130764
1934	0.488807531
1935	0.4887992133
1936	0.4887937634
1937	0.4887887134
1938	0.4887823725
1939	0.4887781522
1940	0.488775894
1941	0.4887733891
1942	0.4887668638
1943	0.4887598267
1944	0.4887531099
1945	0.4887473157
1946	0.4887432447
1947	0.4887401836
1948	0.4887300438
1949	0.4887233882
1950	0.4887156732
1951	0.4887134557
1952	0.4887060644
1953	0.4886998546
1954	0.4886964035
1955	0.4886927604
1956	0.4886882829
1957	0.4886856176
1958	0.4886803336
1959	0.4886748741
1960	0.4886656606
1961	0.4886596893
1962	0.4886560803
1963	0.4886480003
1964	0.4886445956
1965	0.4886372289
1966	0.4886329894
1967	0.4886229421
1968	0.4886149683
1969	0.4886087165
1970	0.4886029753
1971	0.4885928829
1972	0.488590548
1973	0.4885851994
1974	0.4885800276
1975	0.4885718399
1976	0.4885661837
1977	0.4885620801
1978	0.4885553407
1979	0.4885449681
1980	0.4885403045
1981	0.4885352189
1982	0.4885310293
1983	0.4885286134
1984	0.4885203209
1985	0.4885174561
1986	0.4885107003
1987	0.4885030321
1988	0.4884990358
1989	0.4884972933
1990	0.4884840889
1991	0.4884711902
1992	0.4884653994
1993	0.4884580942
1994	0.4884467754
1995	0.4884373826
1996	0.4884304025
1997	0.4884238755
1998	0.4884205152
1999	0.4884169911
2000	0.4884102381
2001	0.4884048684
2002	0.4883978693
2003	0.4883869529
2004	0.4883789844
2005	0.4883721064
2006	0.4883655053
2007	0.4883606264
2008	0.4883602776
2009	0.4883543454
2010	0.4883529413
2011	0.4883500416
2012	0.4883445561
2013	0.4883387769
2014	0.4883300357
2015	0.4883243379
2016	0.488320474
2017	0.48831122
2018	0.4883066093
2019	0.4883031601
2020	0.488299051
2021	0.4882888937
2022	0.4882824165
2023	0.4882802744
2024	0.4882746615
2025	0.4882670612
2026	0.4882620572
2027	0.4882599571
2028	0.4882574362
2029	0.4882537506
2030	0.4882487006
2031	0.4882321429
2032	0.48822747
2033	0.4882229509
2034	0.4882199408
2035	0.4882180588
2036	0.488212237
2037	0.4882085977
2038	0.4882069366
2039	0.4881956248
2040	0.4881914839
2041	0.4881828274
2042	0.4881804034
2043	0.4881739076
2044	0.4881681211
2045	0.4881612989
2046	0.4881542333
2047	0.4881493622
2048	0.4881414176
2049	0.4881368288
2050	0.4881331865
2051	0.4881295875
2052	0.4881233998
2053	0.4881161632
2054	0.4881130207
2055	0.4881072539
2056	0.4881001127
2057	0.4880933081
2058	0.4880887888
2059	0.4880853548
2060	0.4880841668
2061	0.4880824645
2062	0.4880740468
2063	0.4880611673
2064	0.488056571
2065	0.4880464995
2066	0.4880381852
2067	0.4880364807
2068	0.4880311701
2069	0.4880220764
2070	0.4880216896
2071	0.4880113986
2072	0.4880110829
2073	0.488005795
2074	0.4879934525
2075	0.4879888515
2076	0.4879834132
2077	0.4879793512
2078	0.4879748234
2079	0.4879653702
2080	0.4879638124
2081	0.4879602468
2082	0.4879547893
2083	0.4879499534
2084	0.4879472469
2085	0.4879445888
2086	0.4879380383
2087	0.487931272
2088	0.4879268988
2089	0.4879225799
2090	0.4879195432
2091	0.4879147535
2092	0.4879123118
2093	0.4879077388
2094	0.4879023174
2095	0.4878911662
2096	0.4878791103
2097	0.4878767761
2098	0.4878654218
2099	0.4878573298
2100	0.4878513815
2101	0.4878428479
2102	0.4878325548
2103	0.4878266556
2104	0.4878222497
2105	0.4878180255
2106	0.4878107965
2107	0.4878073059
2108	0.4877974406
2109	0.487794993
2110	0.4877890147
2111	0.4877850014
2112	0.4877787897
2113	0.4877723285
2114	0.487765972
2115	0.4877591939
2116	0.4877496199
2117	0.4877416031
2118	0.4877368663
2119	0.4877328906
2120	0.4877271079
2121	0.487721506
2122	0.4877173112
2123	0.4877126167
2124	0.4877036934
2125	0.4876960894
2126	0.4876904258
2127	0.4876831298
2128	0.4876817462
2129	0.4876750529
2130	0.4876681158
2131	0.4876635527
2132	0.4876542841
2133	0.4876516335
2134	0.4876463634
2135	0.4876387117
2136	0.4876255502
2137	0.4876229889
2138	0.4876140065
2139	0.4876112253
2140	0.487610305
2141	0.4876037186
2142	0.4875971642
2143	0.4875930379
2144	0.4875866996
2145	0.4875800984
2146	0.4875751624
2147	0.4875682961
2148	0.4875630119
2149	0.4875580983
2150	0.4875529547
2151	0.4875490395
2152	0.4875381032
2153	0.4875276317
2154	0.4875231061
2155	0.4875200666
2156	0.4875139422
2157	0.4875070132
2158	0.4874987792
2159	0.4874932517
2160	0.4874895358
2161	0.4874850379
2162	0.4874834482
2163	0.4874801186
2164	0.4874762514
2165	0.4874699013
2166	0.4874661679
2167	0.4874600754
2168	0.4874558841
2169	0.487452952
2170	0.4874467346
2171	0.4874419327
2172	0.487430936
2173	0.4874222202
2174	0.4874094993
2175	0.4874082638
2176	0.4874014951
2177	0.4873968237
2178	0.4873887135
2179	0.4873863423
2180	0.4873809114
2181	0.4873719289
2182	0.4873633256
2183	0.4873578023
2184	0.4873554209
2185	0.487352184
2186	0.4873443375
2187	0.487336038
2188	0.4873355982
2189	0.4873284388
2190	0.4873249721
2191	0.4873208492
2192	0.487315728
2193	0.4873056555
2194	0.4872990477
2195	0.4872965092
2196	0.4872923909
2197	0.4872909119
2198	0.487284356
2199	0.4872835152
2200	0.487282239
2201	0.4872703449
2202	0.4872633168
2203	0.4872587791
2204	0.4872514674
2205	0.4872402558
2206	0.4872366329
2207	0.4872294864
2208	0.4872238364
2209	0.4872170438
2210	0.4872149743
2211	0.4872092415
2212	0.4872066667
2213	0.487202489
2214	0.4871937332
2215	0.4871882011
2216	0.4871770501
2217	0.4871717709
2218	0.4871636625
2219	0.4871566006
2220	0.4871520913
2221	0.4871457866
2222	0.4871407373
2223	0.4871330052
2224	0.4871307338
2225	0.4871268456
2226	0.4871179735
2227	0.487114517
2228	0.4871096851
2229	0.4871013439
2230	0.4870979212
2231	0.4870932223
2232	0.4870858002
2233	0.4870834097
2234	0.4870783348
2235	0.4870750792
2236	0.4870686488
2237	0.4870643787
2238	0.4870595875
2239	0.4870522059
2240	0.4870466554
2241	0.4870413199
2242	0.4870337575
2243	0.4870294652
2244	0.4870201787
2245	0.4870151759
2246	0.4870099355
2247	0.4870013772
2248	0.4869970356
2249	0.4869956927
2250	0.4869928401
2251	0.4869879752
2252	0.4869857755
2253	0.4869788711
2254	0.4869715504
2255	0.4869645863
2256	0.4869616001
2257	0.486955709
2258	0.4869432386
2259	0.4869372651
2260	0.4869336253
2261	0.486929242
2262	0.4869237549
2263	0.4869177098
2264	0.4869067804
2265	0.4869006501
2266	0.4868931739
2267	0.4868866486
2268	0.4868850608
2269	0.486879766
2270	0.4868713816
2271	0.486861925
2272	0.4868565876
2273	0.4868486955
2274	0.4868468462
2275	0.486839693
2276	0.4868293267
2277	0.4868262836
2278	0.486819082
2279	0.4868172808
2280	0.4868150761
2281	0.4868072363
2282	0.4868001811
2283	0.4867952708
2284	0.486790753
2285	0.4867864735
2286	0.4867834914
2287	0.4867794149
2288	0.4867770599
2289	0.486775109
2290	0.4867705437
2291	0.4867667584
2292	0.4867643614
2293	0.4867553526
2294	0.4867496438
2295	0.4867430661
2296	0.4867381098
2297	0.4867350258
2298	0.4867307319
2299	0.4867256315
2300	0.4867182417
2301	0.4867095182
2302	0.4867026893
2303	0.486689627
2304	0.4866834023
2305	0.4866762445
2306	0.4866715565
2307	0.4866684558
2308	0.4866634332
2309	0.4866571196
2310	0.4866525016
2311	0.4866488798
2312	0.486640278
2313	0.4866349831
2314	0.4866311141
2315	0.4866252732
2316	0.4866217746
2317	0.486619727
2318	0.4866164904
2319	0.4866111056
2320	0.4866097637
2321	0.4866045046
2322	0.4865936105
2323	0.4865860449
2324	0.4865812657
2325	0.4865796917
2326	0.4865731348
2327	0.4865695052
2328	0.4865640405
2329	0.4865603861
2330	0.4865557016
2331	0.4865510604
2332	0.4865457265
2333	0.4865412198
2334	0.4865373539
2335	0.4865258454
2336	0.4865224007
2337	0.4865123143
2338	0.4865054248
2339	0.4865013578
2340	0.48649618
2341	0.4864947035
2342	0.4864816889
2343	0.4864767155
2344	0.4864700146
2345	0.4864642583
2346	0.486457915
2347	0.4864569448
2348	0.4864501216
2349	0.4864420712
2350	0.4864379612
2351	0.4864303468
2352	0.4864289064
2353	0.4864227625
2354	0.4864173486
2355	0.4864150656
2356	0.4864091118
2357	0.4864010111
2358	0.4863975928
2359	0.4863901566
2360	0.486385947
2361	0.486384446
2362	0.4863764083
2363	0.4863669915
2364	0.4863632212
2365	0.4863598467
2366	0.4863531649
2367	0.4863457359
2368	0.4863400248
2369	0.4863370152
2370	0.4863345601
2371	0.4863334925
2372	0.4863309559
2373	0.4863264377
2374	0.4863164472
2375	0.4863118927
2376	0.4863086471
2377	0.4863055344
2378	0.4863019306
2379	0.4862963226
2380	0.4862938526
2381	0.4862848385
2382	0.4862787496
2383	0.4862757118
2384	0.4862680639
2385	0.4862603639
2386	0.4862555107
2387	0.4862514893
2388	0.4862409948
2389	0.4862294698
2390	0.4862279707
2391	0.4862224741
2392	0.4862142042
2393	0.4862056982
2394	0.4861948832
2395	0.4861889145
2396	0.4861857
2397	0.4861830133
2398	0.4861825454
2399	0.4861726153
2400	0.4861687711
2401	0.4861636169
2402	0.486156854
2403	0.4861545021
2404	0.486152985
2405	0.4861475549
2406	0.4861455722
2407	0.4861389622
2408	0.4861369864
2409	0.4861327353
2410	0.4861280819
2411	0.486124451
2412	0.4861199315
2413	0.4861136037
2414	0.4861114486
2415	0.4861032275
2416	0.4860938897
2417	0.486090175
2418	0.4860856322
2419	0.4860850392
2420	0.4860729865
2421	0.4860678416
2422	0.4860643216
2423	0.4860607136
2424	0.4860532692
2425	0.4860442258
2426	0.4860384187
2427	0.4860325466
2428	0.4860262621
2429	0.4860200406
2430	0.486012774
2431	0.4860039626
2432	0.4860013106
2433	0.485996585
2434	0.4859866225
2435	0.4859812932
2436	0.4859772656
2437	0.4859719161
2438	0.4859667065
2439	0.4859610176
2440	0.4859557857
2441	0.4859500555
2442	0.4859459439
2443	0.4859409617
2444	0.4859343605
2445	0.48592983
2446	0.485916936
2447	0.4859112536
2448	0.485904389
2449	0.485901416
2450	0.4858955694
2451	0.4858911024
2452	0.4858830314
2453	0.4858777551
2454	0.4858659314
2455	0.4858627769
2456	0.4858610874
2457	0.4858510665
2458	0.4858427058
2459	0.485840103
2460	0.4858300719
2461	0.4858282951
2462	0.4858248206
2463	0.4858192995
2464	0.4858155296
2465	0.4858077698
2466	0.4857984538
2467	0.4857921285
2468	0.4857880673
2469	0.4857814309
2470	0.4857759682
2471	0.4857748875
2472	0.4857652482
2473	0.4857630334
2474	0.4857598907
2475	0.4857558611
2476	0.4857524815
2477	0.4857469253
2478	0.4857423153
2479	0.4857369072
2480	0.4857300461
2481	0.4857241629
2482	0.4857228229
2483	0.4857182714
2484	0.4857150398
2485	0.4857121699
2486	0.4856972728
2487	0.4856932417
2488	0.4856895172
2489	0.4856868945
2490	0.4856830369
2491	0.4856776672
2492	0.4856722253
2493	0.4856634157
2494	0.4856623995
2495	0.4856596532
2496	0.4856517109
2497	0.4856490987
2498	0.4856453582
2499	0.4856431724
2500	0.4856353756
2501	0.4856294821
2502	0.4856200543
2503	0.4856178937
2504	0.485616433
2505	0.4856106007
2506	0.4856057834
2507	0.4856010593
2508	0.4855943269
2509	0.4855924456
2510	0.4855874348
2511	0.4855821229
2512	0.4855791368
2513	0.4855729428
2514	0.4855701926
2515	0.4855642022
2516	0.4855605704
2517	0.4855575266
2518	0.4855524768
2519	0.4855486075
2520	0.4855443886
2521	0.4855420887
2522	0.4855371117
2523	0.4855339941
2524	0.4855319961
2525	0.4855258399
2526	0.4855214404
2527	0.4855074309
2528	0.4855058402
2529	0.4855021662
2530	0.4854962431
2531	0.485486831
2532	0.4854857728
2533	0.4854792449
2534	0.4854760706
2535	0.4854691431
2536	0.4854596116
2537	0.4854579506
2538	0.4854518578
2539	0.4854461329
2540	0.4854387113
2541	0.4854337584
2542	0.4854242427
2543	0.4854209498
2544	0.4854154516
2545	0.4854090247
2546	0.4854037612
2547	0.485400857
2548	0.4853934202
2549	0.4853894185
2550	0.4853882986
2551	0.4853842597
2552	0.485379531
2553	0.485371968
2554	0.4853663869
2555	0.4853609183
2556	0.4853539935
2557	0.4853482182
2558	0.4853434236
2559	0.4853406269
2560	0.4853384023
2561	0.4853327372
2562	0.4853259747
2563	0.4853181314
2564	0.4853175799
2565	0.4853131578
2566	0.4853100142
2567	0.4853047301
2568	0.4852983221
2569	0.4852944051
2570	0.4852890925
2571	0.4852877658
2572	0.4852818448
2573	0.4852686531
2574	0.4852631449
2575	0.485258361
2576	0.4852541286
2577	0.4852513453
2578	0.4852480371
2579	0.4852466963
2580	0.4852421262
2581	0.4852385212
2582	0.4852359407
2583	0.485225684
2584	0.4852225869
2585	0.4852174132
2586	0.4852117022
2587	0.485205328
2588	0.4851999053
2589	0.4851956787
2590	0.4851929104
2591	0.4851919191
2592	0.485187885
2593	0.4851834573
2594	0.4851753563
2595	0.4851717493
2596	0.4851627441
2597	0.4851599875
2598	0.485150609
2599	0.4851466785
2600	0.4851426545
2601	0.4851353504
2602	0.4851281165
2603	0.4851214509
2604	0.4851157277
2605	0.4851139497
2606	0.4851108017
2607	0.4851050763
2608	0.4850987966
2609	0.4850942744
2610	0.4850846775
2611	0.4850824599
2612	0.4850817279
2613	0.4850781913
2614	0.4850723383
2615	0.4850705309
2616	0.4850594159
2617	0.4850574452
2618	0.4850548014
2619	0.4850498557
2620	0.4850470249
2621	0.4850432248
2622	0.4850348728
2623	0.4850242451
2624	0.4850172651
2625	0.4850164375
2626	0.4850147559
2627	0.4850091326
2628	0.4850051704
2629	0.4850018088
2630	0.4849977473
2631	0.4849934795
2632	0.4849915194
2633	0.4849823945
2634	0.4849799465
2635	0.4849747968
2636	0.4849734674
2637	0.484964061
2638	0.484960291
2639	0.4849592803
2640	0.4849525853
2641	0.484948618
2642	0.4849443687
2643	0.4849395924
2644	0.4849342461
2645	0.4849290908
2646	0.4849260858
2647	0.4849219319
2648	0.484919449
2649	0.4849140087
2650	0.484910151
2651	0.4849063073
2652	0.4848976707
2653	0.4848888015
2654	0.4848864833
2655	0.4848856349
2656	0.4848833028
2657	0.4848818728
2658	0.4848802841
2659	0.4848757586
2660	0.484867631
2661	0.4848668483
2662	0.4848640611
2663	0.4848594731
2664	0.4848563694
2665	0.4848500245
2666	0.4848432028
2667	0.484842694
2668	0.4848390948
2669	0.4848373836
2670	0.4848357939
2671	0.4848319225
2672	0.4848294247
2673	0.4848253413
2674	0.484817501
2675	0.4848143777
2676	0.484810458
2677	0.4848059499
2678	0.4848016904
2679	0.4848005536
2680	0.4847960582
2681	0.4847923868
2682	0.4847815344
2683	0.4847758738
2684	0.4847689172
2685	0.484762715
2686	0.4847557207
2687	0.4847467887
2688	0.4847396379
2689	0.4847354902
2690	0.4847297706
2691	0.4847269773
2692	0.4847196249
2693	0.484716347
2694	0.4847118081
2695	0.4847079286
2696	0.4847016112
2697	0.4846923683
2698	0.4846864309
2699	0.484682847
2700	0.4846799881
2701	0.4846760067
2702	0.4846715129
2703	0.4846708453
2704	0.4846654912
2705	0.4846618635
2706	0.4846569004
2707	0.4846546271
2708	0.4846514814
2709	0.4846465508
2710	0.4846391287
2711	0.4846320505
2712	0.484630679
2713	0.4846199937
2714	0.4846194948
2715	0.4846117796
2716	0.4846073035
2717	0.4846034285
2718	0.4845979782
2719	0.4845931288
2720	0.4845917272
2721	0.4845866088
2722	0.4845859063
2723	0.4845824997
2724	0.4845780417
2725	0.4845759639
2726	0.4845690211
2727	0.4845640433
2728	0.4845601629
2729	0.4845558479
2730	0.484548018
2731	0.4845433345
2732	0.4845400043
2733	0.4845364097
2734	0.4845340772
2735	0.4845327104
2736	0.484528214
2737	0.4845264196
2738	0.4845203947
2739	0.484511352
2740	0.484507414
2741	0.4845009355
2742	0.4844992457
2743	0.4844902134
2744	0.4844860687
2745	0.4844838469
2746	0.4844779674
2747	0.4844691094
2748	0.484464397
2749	0.4844585412
2750	0.4844523052
2751	0.4844435654
2752	0.4844382338
2753	0.4844330279
2754	0.484432291
2755	0.4844283738
2756	0.4844253139
2757	0.4844218836
2758	0.4844205283
2759	0.4844098828
2760	0.4844057536
2761	0.4843980556
2762	0.4843935561
2763	0.4843878245
2764	0.4843810355
2765	0.4843763817
2766	0.4843747475
2767	0.48436575
2768	0.4843605975
2769	0.4843595563
2770	0.4843521593
2771	0.4843466073
2772	0.4843423044
2773	0.4843342188
2774	0.4843280019
2775	0.4843240825
2776	0.4843171388
2777	0.4843091326
2778	0.4842975194
2779	0.4842937593
2780	0.4842908724
2781	0.4842832684
2782	0.4842763595
2783	0.4842718718
2784	0.4842668251
2785	0.4842596652
2786	0.484254695
2787	0.4842513334
2788	0.4842476349
2789	0.4842427006
2790	0.4842383065
2791	0.484232764
2792	0.4842257741
2793	0.4842217606
2794	0.4842195677
2795	0.4842153501
2796	0.484204746
2797	0.4841985924
2798	0.4841976048
2799	0.4841939626
2800	0.4841907713
2801	0.4841887336
2802	0.4841861628
2803	0.4841836341
2804	0.4841796687
2805	0.4841776136
2806	0.4841766051
2807	0.4841739318
2808	0.4841654057
2809	0.4841571052
2810	0.4841555157
2811	0.4841513095
2812	0.4841472819
2813	0.4841431499
2814	0.4841362904
2815	0.4841279965
2816	0.4841239612
2817	0.4841209354
2818	0.4841154533
2819	0.4841088578
2820	0.4841055017
2821	0.4841008029
2822	0.4840964414
2823	0.4840884033
2824	0.4840858068
2825	0.4840761591
2826	0.4840719021
2827	0.4840685138
2828	0.4840638014
2829	0.4840592581
2830	0.4840583923
2831	0.4840518312
2832	0.4840451815
2833	0.4840406259
2834	0.4840356295
2835	0.4840295534
2836	0.4840278939
2837	0.4840214084
2838	0.4840185721
2839	0.4840139958
2840	0.484013315
2841	0.4840022635
2842	0.4839980598
2843	0.4839890419
2844	0.4839852285
2845	0.4839744675
2846	0.4839694953
2847	0.4839635252
2848	0.4839599462
2849	0.4839545152
2850	0.4839508052
2851	0.4839487318
2852	0.4839455977
2853	0.4839392995
2854	0.4839340007
2855	0.48393317
2856	0.4839298331
2857	0.4839266962
2858	0.4839205263
2859	0.4839191931
2860	0.4839134214
2861	0.4839091494
2862	0.4839042237
2863	0.4839034366
2864	0.4838991471
2865	0.4838975333
2866	0.4838934987
2867	0.4838907451
2868	0.4838890006
2869	0.4838867132
2870	0.4838828763
2871	0.4838790979
2872	0.4838752721
2873	0.4838735707
2874	0.4838716246
2875	0.4838626853
2876	0.4838540144
2877	0.4838475292
2878	0.4838412345
2879	0.4838348662
2880	0.4838316993
2881	0.4838299288
2882	0.4838267064
2883	0.4838203635
2884	0.4838137959
2885	0.4838072761
2886	0.4838006478
2887	0.4837992226
2888	0.4837963415
2889	0.4837916322
2890	0.4837863424
2891	0.4837834781
2892	0.4837786249
2893	0.4837688663
2894	0.4837624663
2895	0.4837554331
2896	0.4837531386
2897	0.4837487279
2898	0.4837460279
2899	0.4837435743
2900	0.4837395583
2901	0.4837356598
2902	0.4837289963
2903	0.483722936
2904	0.4837188126
2905	0.4837159914
2906	0.483715569
2907	0.4837127121
2908	0.4837077274
2909	0.4837059044
2910	0.4837027119
2911	0.4836938341
2912	0.4836888724
2913	0.4836862739
2914	0.4836827273
2915	0.4836761183
2916	0.4836658188
2917	0.483662349
2918	0.483658602
2919	0.4836519788
2920	0.4836462772
2921	0.4836414943
2922	0.4836358582
2923	0.4836310483
2924	0.4836231305
2925	0.4836184912
2926	0.4836088188
2927	0.4836062794
2928	0.4836001985
2929	0.4835964666
2930	0.4835937263
2931	0.4835877526
2932	0.4835809764
2933	0.4835795064
2934	0.4835774154
2935	0.48357481
2936	0.4835674701
2937	0.4835642951
2938	0.4835573959
2939	0.4835494621
2940	0.4835460193
2941	0.4835414053
2942	0.4835362232
2943	0.4835316052
2944	0.4835289606
2945	0.4835212035
2946	0.483515658
2947	0.4835069406
2948	0.48350538
2949	0.4834995894
2950	0.4834976029
2951	0.4834926641
2952	0.4834906425
2953	0.4834816787
2954	0.4834772366
2955	0.4834697419
2956	0.4834647816
2957	0.4834622744
2958	0.4834591738
2959	0.4834565413
2960	0.4834499839
2961	0.4834461338
2962	0.4834424993
2963	0.483433769
2964	0.4834312895
2965	0.4834256535
2966	0.483418369
2967	0.4834159952
2968	0.4834128964
2969	0.483410841
2970	0.4834005563
2971	0.4833973711
2972	0.4833845146
2973	0.4833752434
2974	0.4833663734
2975	0.4833598923
2976	0.4833559731
2977	0.483352719
2978	0.483346568
2979	0.4833436073
2980	0.4833388617
2981	0.4833369086
2982	0.4833272013
2983	0.4833216729
2984	0.4833194169
2985	0.4833140079
2986	0.4833113018
2987	0.4833015303
2988	0.4832962249
2989	0.4832935269
2990	0.4832905281
2991	0.4832865062
2992	0.483283783
2993	0.4832775212
2994	0.4832704274
2995	0.483267106
2996	0.4832621324
2997	0.4832591764
2998	0.4832564775
2999	0.483253919
3000	0.4832468493
3001	0.4832445098
3002	0.4832391719
3003	0.4832351111
3004	0.4832337424
3005	0.4832321538
3006	0.4832244646
3007	0.4832187003
3008	0.4832132621
3009	0.4832089944
3010	0.4832002889
3011	0.4831956343
3012	0.4831880091
3013	0.4831812027
3014	0.4831749661
3015	0.4831656767
3016	0.4831637098
3017	0.483162024
3018	0.4831507189
3019	0.4831449982
3020	0.4831421103
3021	0.4831388699
3022	0.4831306769
3023	0.4831261491
3024	0.4831167144
3025	0.4831124251
3026	0.4831093908
3027	0.4831023707
3028	0.4830939164
3029	0.4830897059
3030	0.483079657
3031	0.483077656
3032	0.4830698929
3033	0.4830623179
3034	0.4830584031
3035	0.4830541238
3036	0.4830495988
3037	0.4830434228
3038	0.4830392205
3039	0.4830360314
3040	0.4830351968
3041	0.4830280672
3042	0.4830263693
3043	0.4830235592
3044	0.4830191415
3045	0.4830162327
3046	0.48301215
3047	0.4830100547
3048	0.4830026362
3049	0.4829976845
3050	0.482991966
3051	0.4829854019
3052	0.482980229
3053	0.4829739422
3054	0.4829710661
3055	0.4829664443
3056	0.4829618335
3057	0.48295833
3058	0.4829506357
3059	0.4829472035
3060	0.48294547
3061	0.4829366326
3062	0.4829356387
3063	0.4829336347
3064	0.482932303
3065	0.4829284797
3066	0.4829232199
3067	0.4829219175
3068	0.4829200416
3069	0.4829137337
3070	0.4829117672
3071	0.4829085619
3072	0.4829024726
3073	0.4829007786
3074	0.4828965253
3075	0.4828918754
3076	0.4828888045
3077	0.4828823679
3078	0.4828811123
3079	0.4828773103
3080	0.4828732927
3081	0.4828643129
3082	0.4828623367
3083	0.4828575599
3084	0.4828520393
3085	0.4828464523
3086	0.4828444174
3087	0.4828389973
3088	0.4828343884
3089	0.4828296649
3090	0.4828225812
3091	0.482819578
3092	0.4828162049
3093	0.482814806
3094	0.4828078745
3095	0.4828052206
3096	0.4827996948
3097	0.4827927756
3098	0.4827867037
3099	0.4827803567
3100	0.4827739847
3101	0.4827717348
3102	0.4827697894
3103	0.4827664261
3104	0.4827654245
3105	0.4827567474
3106	0.4827523793
3107	0.482749985
3108	0.4827481022
3109	0.4827438408
3110	0.4827361074
3111	0.4827294136
3112	0.4827250317
3113	0.4827224592
3114	0.4827208413
3115	0.4827190019
3116	0.4827162339
3117	0.4827125443
3118	0.4827111025
3119	0.4827042393
3120	0.4826941269
3121	0.4826902424
3122	0.48268223
3123	0.4826788209
3124	0.4826737607
3125	0.4826702837
3126	0.4826684809
3127	0.4826620327
3128	0.4826583121
3129	0.4826569472
3130	0.4826532853
3131	0.4826477247
3132	0.4826462661
3133	0.4826413459
3134	0.4826383941
3135	0.4826360314
3136	0.4826329806
3137	0.4826282473
3138	0.4826257436
3139	0.4826195128
3140	0.482615591
3141	0.4826078751
3142	0.4826041179
3143	0.4825997758
3144	0.4825920165
3145	0.4825867792
3146	0.482583335
3147	0.4825770249
3148	0.4825750019
3149	0.4825650795
3150	0.4825629471
3151	0.4825592647
3152	0.4825510681
3153	0.4825415587
3154	0.4825382432
3155	0.4825370126
3156	0.4825346869
3157	0.4825292238
3158	0.4825269478
3159	0.4825223019
3160	0.482516899
3161	0.4825132769
3162	0.4825074093
3163	0.4825014679
3164	0.4824935171
3165	0.4824922591
3166	0.4824879475
3167	0.4824853993
3168	0.4824823959
3169	0.4824785724
3170	0.4824740805
3171	0.4824706291
3172	0.4824670814
3173	0.4824612727
3174	0.482458128
3175	0.482456428
3176	0.4824542365
3177	0.4824523484
3178	0.4824501519
3179	0.4824423405
3180	0.4824415693
3181	0.4824388578
3182	0.4824344371
3183	0.4824299191
3184	0.4824277277
3185	0.4824221909
3186	0.4824134468
3187	0.4824093061
3188	0.4824051095
3189	0.4823966157
3190	0.482395034
3191	0.4823921737
3192	0.482388387
3193	0.4823822944
3194	0.4823780479
3195	0.4823750099
3196	0.4823700184
3197	0.4823665166
3198	0.4823611186
3199	0.4823570842
3200	0.4823560745
3201	0.4823521238
3202	0.4823414578
3203	0.4823336209
3204	0.482330351
3205	0.4823210161
3206	0.4823176179
3207	0.4823154493
3208	0.4823140727
3209	0.4823111218
3210	0.48230735
3211	0.4823008411
3212	0.4822992716
3213	0.4822901714
3214	0.4822816137
3215	0.4822761593
3216	0.4822695768
3217	0.4822681726
3218	0.4822669665
3219	0.4822577624
3220	0.4822529295
3221	0.4822490732
3222	0.4822458916
3223	0.4822446572
3224	0.4822385552
3225	0.4822372325
3226	0.4822319967
3227	0.4822293239
3228	0.4822255746
3229	0.4822145594
3230	0.4822101678
3231	0.4822040164
3232	0.4822028869
3233	0.4821993266
3234	0.4821971656
3235	0.4821924118
3236	0.4821914605
3237	0.4821900567
3238	0.4821859952
3239	0.4821851961
3240	0.4821836918
3241	0.4821787826
3242	0.4821747735
3243	0.4821700481
3244	0.4821673156
3245	0.482159086
3246	0.4821555461
3247	0.4821474591
3248	0.4821445304
3249	0.4821407563
3250	0.4821361863
3251	0.4821333701
3252	0.4821302764
3253	0.4821233848
3254	0.4821190324
3255	0.4821134659
3256	0.48211128
3257	0.4821071008
3258	0.4821012697
3259	0.4820899379
3260	0.482086046
3261	0.4820832377
3262	0.4820814781
3263	0.4820807242
3264	0.4820771875
3265	0.4820732728
3266	0.4820655501
3267	0.4820604164
3268	0.4820543837
3269	0.4820502081
3270	0.4820458924
3271	0.4820367575
3272	0.4820199613
3273	0.482014979
3274	0.4820136966
3275	0.4820051109
3276	0.4820033535
3277	0.4819992604
3278	0.4819934258
3279	0.4819914019
3280	0.4819840362
3281	0.4819808912
3282	0.4819728337
3283	0.4819702529
3284	0.4819682093
3285	0.4819664006
3286	0.4819595039
3287	0.4819546274
3288	0.4819442536
3289	0.4819411438
3290	0.4819352497
3291	0.4819340498
3292	0.4819285275
3293	0.4819258818
3294	0.4819169346
3295	0.4819104663
3296	0.4819070277
3297	0.4818988265
3298	0.4818922482
3299	0.4818855835
3300	0.4818820257
3301	0.4818815849
3302	0.4818786676
3303	0.4818720343
3304	0.4818657295
3305	0.4818579887
3306	0.4818507064
3307	0.481848806
3308	0.4818450421
3309	0.4818366144
3310	0.4818325714
3311	0.4818265124
3312	0.4818212526
3313	0.4818157187
3314	0.4818113962
3315	0.4818096276
3316	0.48180352
3317	0.4817948534
3318	0.4817855716
3319	0.4817813203
3320	0.4817787997
3321	0.4817764919
3322	0.4817713585
3323	0.4817648926
3324	0.4817596543
3325	0.4817562045
3326	0.4817509278
3327	0.4817467485
3328	0.481742949
3329	0.4817405633
3330	0.4817393307
3331	0.4817378721
3332	0.4817335619
3333	0.4817288237
3334	0.481726996
3335	0.4817200265
3336	0.4817165133
3337	0.4817112026
3338	0.481707591
3339	0.4817016423
3340	0.481697981
3341	0.4816927053
3342	0.4816893828
3343	0.4816858979
3344	0.4816835034
3345	0.4816799814
3346	0.481673556
3347	0.4816680112
3348	0.4816637979
3349	0.4816515742
3350	0.4816466725
3351	0.4816401252
3352	0.4816345481
3353	0.4816288935
3354	0.4816214992
3355	0.4816159978
3356	0.4816104976
3357	0.4816033214
3358	0.4816003891
3359	0.4815980252
3360	0.4815933922
3361	0.4815864073
3362	0.4815799739
3363	0.4815731855
3364	0.4815704927
3365	0.4815665104
3366	0.4815650826
3367	0.481559721
3368	0.48155469
3369	0.4815513585
3370	0.4815468565
3371	0.4815442698
3372	0.4815421942
3373	0.4815330465
3374	0.4815290969
3375	0.4815252292
3376	0.4815216016
3377	0.4815195336
3378	0.4815152339
3379	0.4815081569
3380	0.481503912
3381	0.4815024212
3382	0.4814993313
3383	0.4814956048
3384	0.4814943028
3385	0.481492523
3386	0.481490612
3387	0.4814868374
3388	0.4814843408
3389	0.4814818613
3390	0.4814778346
3391	0.4814742354
3392	0.4814686363
3393	0.4814667235
3394	0.4814573451
3395	0.4814538023
3396	0.4814480581
3397	0.4814409103
3398	0.4814363925
3399	0.4814333984
3400	0.4814304212
3401	0.4814292157
3402	0.4814256811
3403	0.4814199543
3404	0.4814154198
3405	0.4814104828
3406	0.4814038925
3407	0.4813968143
3408	0.4813944853
3409	0.4813923935
3410	0.4813900093
3411	0.4813868666
3412	0.4813790968
3413	0.4813712407
3414	0.4813677684
3415	0.4813618388
3416	0.4813541142
3417	0.4813522313
3418	0.4813507376
3419	0.4813461137
3420	0.4813428199
3421	0.4813387433
3422	0.4813323619
3423	0.4813275199
3424	0.4813224469
3425	0.4813185316
3426	0.4813156305
3427	0.4813093032
3428	0.4813012634
3429	0.4812977009
3430	0.481297135
3431	0.4812951269
3432	0.4812888287
3433	0.4812848004
3434	0.4812790558
3435	0.481277102
3436	0.481275206
3437	0.4812696577
3438	0.4812688932
3439	0.4812671853
3440	0.4812602489
3441	0.4812558174
3442	0.4812538359
3443	0.4812482705
3444	0.4812443105
3445	0.4812421107
3446	0.4812391683
3447	0.4812368458
3448	0.4812309518
3449	0.4812283238
3450	0.4812232677
3451	0.4812204624
3452	0.481211129
3453	0.4812070543
3454	0.4812019969
3455	0.4811992978
3456	0.4811905407
3457	0.4811862821
3458	0.4811813572
3459	0.4811765243
3460	0.4811716044
3461	0.4811706819
3462	0.4811664387
3463	0.4811607184
3464	0.4811579506
3465	0.4811530336
3466	0.4811484126
3467	0.4811465846
3468	0.4811444856
3469	0.4811419728
3470	0.4811375082
3471	0.4811303495
3472	0.4811251321
3473	0.4811225595
3474	0.4811205669
3475	0.4811139056
3476	0.4811126358
3477	0.4811084175
3478	0.481102473
3479	0.4811006255
3480	0.4810947138
3481	0.4810907049
3482	0.4810902269
3483	0.4810872264
3484	0.4810811812
3485	0.481075898
3486	0.4810718486
3487	0.4810663753
3488	0.481064678
3489	0.48105991
3490	0.4810579773
3491	0.4810544592
3492	0.4810493459
3493	0.4810469716
3494	0.4810442518
3495	0.4810399615
3496	0.4810345802
3497	0.4810326918
3498	0.4810276166
3499	0.4810200772
3500	0.481015699
3501	0.4810141681
3502	0.4810127044
3503	0.4810118932
3504	0.4810086493
3505	0.4810013318
3506	0.4809988978
3507	0.4809879641
3508	0.4809773099
3509	0.4809748448
3510	0.4809738197
3511	0.4809710738
3512	0.4809654633
3513	0.4809627029
3514	0.4809613507
3515	0.4809577423
3516	0.4809513584
3517	0.4809498276
3518	0.4809460448
3519	0.480940003
3520	0.4809358637
3521	0.4809317249
3522	0.4809286953
3523	0.4809220889
3524	0.4809185525
3525	0.4809152241
3526	0.480914303
3527	0.4809102654
3528	0.4809056446
3529	0.4809048566
3530	0.4809016693
3531	0.4808994429
3532	0.4808918263
3533	0.4808859397
3534	0.4808782187
3535	0.4808695862
3536	0.4808661197
3537	0.480860526
3538	0.4808574288
3539	0.4808525495
3540	0.4808457897
3541	0.4808406221
3542	0.4808343168
3543	0.4808283565
3544	0.4808235306
3545	0.4808211855
3546	0.4808169529
3547	0.4808118968
3548	0.4808050802
3549	0.4808021021
3550	0.4807984749
3551	0.4807979893
3552	0.4807960837
3553	0.4807943538
3554	0.4807903466
3555	0.4807856728
3556	0.4807805009
3557	0.4807753273
3558	0.4807717909
3559	0.4807678565
3560	0.4807636303
3561	0.4807592796
3562	0.480756652
3563	0.4807505499
3564	0.4807496985
3565	0.4807436229
3566	0.4807401338
3567	0.4807369264
3568	0.4807347856
3569	0.4807284513
3570	0.4807249392
3571	0.4807193964
3572	0.4807123344
3573	0.4807083407
3574	0.4807021913
3575	0.4806985105
3576	0.4806910801
3577	0.4806889065
3578	0.4806827619
3579	0.4806793312
3580	0.480673288
3581	0.4806691091
3582	0.4806667905
3583	0.4806644624
3584	0.4806567303
3585	0.4806528962
3586	0.4806491815
3587	0.4806431944
3588	0.4806413496
3589	0.4806371779
3590	0.4806327033
3591	0.4806293947
3592	0.4806243427
3593	0.4806222187
3594	0.4806191022
3595	0.4806147016
3596	0.4806133097
3597	0.4806101798
3598	0.4806047323
3599	0.4806032649
3600	0.4805982475
3601	0.4805953107
3602	0.4805917077
3603	0.4805855887
3604	0.4805825363
3605	0.4805766199
3606	0.4805731127
3607	0.4805691374
3608	0.4805661451
3609	0.4805596966
3610	0.4805560145
3611	0.480553751
3612	0.4805523395
3613	0.48054978
3614	0.4805467953
3615	0.4805399062
3616	0.4805383356
3617	0.4805363187
3618	0.4805338941
3619	0.4805296495
3620	0.4805252625
3621	0.4805208374
3622	0.4805184938
3623	0.4805124074
3624	0.4805084131
3625	0.4805022786
3626	0.4805011595
3627	0.4804978703
3628	0.4804956042
3629	0.4804935142
3630	0.4804909536
3631	0.4804892579
3632	0.4804872782
3633	0.4804845967
3634	0.4804805667
3635	0.480474948
3636	0.4804706288
3637	0.4804646676
3638	0.4804611307
3639	0.4804594292
3640	0.4804524807
3641	0.4804493242
3642	0.4804464276
3643	0.480442143
3644	0.4804367269
3645	0.4804313494
3646	0.4804280633
3647	0.4804233243
3648	0.4804184535
3649	0.4804176376
3650	0.4804159642
3651	0.4804128513
3652	0.4804056007
3653	0.480402131
3654	0.4803998439
3655	0.4803950972
3656	0.4803910918
3657	0.4803887934
3658	0.4803841425
3659	0.4803810622
3660	0.4803777239
3661	0.4803753122
3662	0.4803714058
3663	0.4803623692
3664	0.4803577008
3665	0.4803463997
3666	0.4803385141
3667	0.4803320735
3668	0.4803272428
3669	0.4803204669
3670	0.480318575
3671	0.4803154255
3672	0.4803111262
3673	0.4803048793
3674	0.4803035443
3675	0.4803017361
3676	0.480299561
3677	0.4802984678
3678	0.4802923906
3679	0.4802809968
3680	0.4802757712
3681	0.4802694781
3682	0.4802688362
3683	0.4802661559
3684	0.4802605028
3685	0.4802545961
3686	0.480252947
3687	0.480246405
3688	0.4802398287
3689	0.480234991
3690	0.4802312902
3691	0.4802251914
3692	0.4802219631
3693	0.4802201622
3694	0.4802157467
3695	0.480211215
3696	0.4802047346
3697	0.480200454
3698	0.4801951369
3699	0.4801924223
3700	0.4801858453
3701	0.4801813932
3702	0.480172243
3703	0.4801666217
3704	0.4801608489
3705	0.4801549201
3706	0.4801514809
3707	0.4801431346
3708	0.4801401807
3709	0.4801383804
3710	0.4801358333
3711	0.480134992
3712	0.4801330855
3713	0.4801276019
3714	0.4801235328
3715	0.480118233
3716	0.4801169006
3717	0.480112191
3718	0.4801054445
3719	0.4801024786
3720	0.4800995537
3721	0.4800960772
3722	0.4800931097
3723	0.4800867294
3724	0.4800823808
3725	0.4800736364
3726	0.4800713385
3727	0.4800656434
3728	0.4800635507
3729	0.4800596822
3730	0.4800556707
3731	0.4800520157
3732	0.4800448514
3733	0.4800404073
3734	0.4800379059
3735	0.4800313314
3736	0.4800298249
3737	0.4800281717
3738	0.4800197975
3739	0.4800125415
3740	0.480010829
3741	0.4800073362
3742	0.4799981341
3743	0.4799948905
3744	0.4799934365
3745	0.4799911395
3746	0.4799904852
3747	0.4799852869
3748	0.4799780943
3749	0.4799753292
3750	0.4799673468
3751	0.4799610723
3752	0.4799592517
3753	0.4799564032
3754	0.4799514271
3755	0.4799471069
3756	0.4799436488
3757	0.479937913
3758	0.4799319701
3759	0.4799307861
3760	0.4799256785
3761	0.4799129235
3762	0.479910904
3763	0.4799094917
3764	0.4799072916
3765	0.4799054128
3766	0.479903303
3767	0.4798981137
3768	0.4798931884
3769	0.4798916983
3770	0.4798912925
3771	0.4798863436
3772	0.4798817209
3773	0.4798762801
3774	0.4798751539
3775	0.479870451
3776	0.4798687668
3777	0.4798659168
3778	0.4798626527
3779	0.4798583157
3780	0.4798571133
3781	0.4798552623
3782	0.4798524838
3783	0.4798457501
3784	0.4798412147
3785	0.4798365449
3786	0.4798344541
3787	0.4798325469
3788	0.4798287334
3789	0.4798193666
3790	0.4798154415
3791	0.4798138705
3792	0.4798122369
3793	0.4798063166
3794	0.4798029834
3795	0.4798016454
3796	0.4797977107
3797	0.4797936643
3798	0.4797899466
3799	0.4797876486
3800	0.4797829573
3801	0.4797784451
3802	0.4797708506
3803	0.4797640894
3804	0.4797611401
3805	0.4797595475
3806	0.4797529044
3807	0.4797488983
3808	0.4797412087
3809	0.479735469
3810	0.4797293618
3811	0.4797250856
3812	0.4797186776
3813	0.4797142525
3814	0.479710732
3815	0.4797068236
3816	0.4797043896
3817	0.4796998807
3818	0.4796976817
3819	0.4796944932
3820	0.4796907469
3821	0.4796896955
3822	0.4796863367
3823	0.4796814056
3824	0.479675929
3825	0.479671054
3826	0.4796669097
3827	0.4796641261
3828	0.4796574175
3829	0.4796500508
3830	0.4796456512
3831	0.4796418965
3832	0.4796379709
3833	0.479635276
3834	0.4796321536
3835	0.4796305888
3836	0.4796252097
3837	0.4796182844
3838	0.4796154921
3839	0.4796138308
3840	0.4796129122
3841	0.4796118311
3842	0.4796069348
3843	0.4796062135
3844	0.4796047779
3845	0.4796019096
3846	0.4795960704
3847	0.4795877476
3848	0.4795813487
3849	0.479576648
3850	0.4795709223
3851	0.4795658082
3852	0.479564445
3853	0.4795576777
3854	0.479553575
3855	0.4795507648
3856	0.479547856
3857	0.4795432586
3858	0.4795408211
3859	0.4795380531
3860	0.4795356557
3861	0.4795337839
3862	0.4795314231
3863	0.4795293643
3864	0.4795269054
3865	0.4795247331
3866	0.4795232247
3867	0.4795189331
3868	0.4795188419
3869	0.4795172279
3870	0.4795145848
3871	0.479511368
3872	0.4795074568
3873	0.479503501
3874	0.4795008714
3875	0.4794964773
3876	0.4794938025
3877	0.4794896453
3878	0.4794868391
3879	0.4794759648
3880	0.479471618
3881	0.4794703449
3882	0.4794594885
3883	0.4794570121
3884	0.4794484209
3885	0.4794437172
3886	0.4794432153
3887	0.4794400306
3888	0.4794374436
3889	0.4794282738
3890	0.4794209048
3891	0.4794142216
3892	0.4794105419
3893	0.4794049665
3894	0.4793991176
3895	0.4793969807
3896	0.4793915978
3897	0.4793860635
3898	0.4793835649
3899	0.4793805623
3900	0.4793781131
3901	0.479371304
3902	0.4793696035
3903	0.4793625608
3904	0.4793522584
3905	0.4793479727
3906	0.4793418835
3907	0.4793362711
3908	0.479334145
3909	0.4793275836
3910	0.4793239423
3911	0.479320437
3912	0.479318406
3913	0.4793116768
3914	0.4793080529
3915	0.4793044674
3916	0.4793028243
3917	0.4792968859
3918	0.4792926376
3919	0.4792914915
3920	0.479288719
3921	0.4792867463
3922	0.4792842327
3923	0.4792826255
3924	0.4792786348
3925	0.4792747641
3926	0.4792720191
3927	0.4792679873
3928	0.479263537
3929	0.4792611454
3930	0.4792569937
3931	0.4792522196
3932	0.4792497595
3933	0.4792431232
3934	0.4792417891
3935	0.4792370247
3936	0.4792341073
3937	0.4792329081
3938	0.4792322519
3939	0.4792285264
3940	0.4792238816
3941	0.4792195342
3942	0.4792179452
3943	0.4792151557
3944	0.4792115938
3945	0.4792097143
3946	0.479203362
3947	0.4792013475
3948	0.479193356
3949	0.4791901072
3950	0.479186088
3951	0.4791781752
3952	0.4791731017
3953	0.4791712903
3954	0.4791704527
3955	0.4791668582
3956	0.479157105
3957	0.4791556213
3958	0.4791510853
3959	0.4791489346
3960	0.4791450078
3961	0.4791402026
3962	0.4791362274
3963	0.4791345739
3964	0.4791326088
3965	0.4791260934
3966	0.4791206748
3967	0.4791182288
3968	0.479115268
3969	0.4791084376
3970	0.4791047796
3971	0.479099267
3972	0.4790961876
3973	0.4790900259
3974	0.4790862784
3975	0.4790774684
3976	0.4790731244
3977	0.4790709444
3978	0.4790631439
3979	0.4790580437
3980	0.4790544913
3981	0.4790485333
3982	0.4790449253
3983	0.4790411289
3984	0.4790356042
3985	0.4790318845
3986	0.479026201
3987	0.479020954
3988	0.479017408
3989	0.4790142493
3990	0.4790046003
3991	0.4790019426
3992	0.4789970225
3993	0.4789876988
3994	0.4789859605
3995	0.4789815854
3996	0.4789773323
3997	0.4789741326
3998	0.4789731638
3999	0.4789688444
4000	0.4789638461
4001	0.4789593216
4002	0.4789566594
4003	0.4789511647
4004	0.4789419745
4005	0.4789355646
4006	0.4789319519
4007	0.4789305237
4008	0.4789263501
4009	0.478923575
4010	0.4789201507
4011	0.4789168057
4012	0.4789156029
4013	0.4789137204
4014	0.4789118928
4015	0.4789079305
4016	0.4789042029
4017	0.4789030762
4018	0.478898782
4019	0.4788912851
4020	0.4788889443
4021	0.4788878572
4022	0.4788859397
4023	0.4788825997
4024	0.4788773467
4025	0.4788755721
4026	0.4788700588
4027	0.478863282
4028	0.4788582702
4029	0.4788527601
4030	0.4788455495
4031	0.4788399845
4032	0.4788335589
4033	0.4788311143
4034	0.4788282239
4035	0.4788272491
4036	0.4788228452
4037	0.4788199111
4038	0.4788147447
4039	0.4788113476
4040	0.4788049135
4041	0.4788007938
4042	0.4787959648
4043	0.4787936669
4044	0.4787881638
4045	0.478779009
4046	0.4787741789
4047	0.4787718141
4048	0.4787656151
4049	0.4787625627
4050	0.478760755
4051	0.478759885
4052	0.4787578112
4053	0.4787503075
4054	0.4787460351
4055	0.4787390077
4056	0.4787340342
4057	0.4787304327
4058	0.4787241436
4059	0.4787225668
4060	0.4787221713
4061	0.4787163492
4062	0.4787131646
4063	0.4787124321
4064	0.4787097947
4065	0.4787042143
4066	0.4787000582
4067	0.4786964527
4068	0.4786941893
4069	0.478683342
4070	0.4786801017
4071	0.4786751904
4072	0.4786725565
4073	0.4786706591
4074	0.4786662107
4075	0.4786621814
4076	0.4786558754
4077	0.4786516236
4078	0.4786485282
4079	0.4786445282
4080	0.4786423925
4081	0.4786363035
4082	0.4786325262
4083	0.478628431
4084	0.4786227835
4085	0.4786151731
4086	0.4786140219
4087	0.4786108934
4088	0.478609611
4089	0.4786044569
4090	0.4786018967
4091	0.4785962457
4092	0.4785933045
4093	0.4785856722
4094	0.4785784822
4095	0.4785735379
4096	0.4785683999
4097	0.4785658438
4098	0.4785613778
4099	0.4785591366
4100	0.4785561767
4101	0.4785519796
4102	0.4785492049
4103	0.4785400196
4104	0.4785303496
4105	0.4785242998
4106	0.4785213258
4107	0.4785138428
4108	0.4785108621
4109	0.478504793
4110	0.4784975965
4111	0.4784955171
4112	0.4784923529
4113	0.4784908175
4114	0.4784886815
4115	0.4784869486
4116	0.4784852745
4117	0.4784811207
4118	0.4784759141
4119	0.4784737018
4120	0.4784690305
4121	0.4784664636
4122	0.4784604655
4123	0.478458555
4124	0.4784544542
4125	0.4784489594
4126	0.4784470052
4127	0.4784431816
4128	0.4784358402
4129	0.4784324221
4130	0.4784243726
4131	0.4784222926
4132	0.4784186704
4133	0.4784165828
4134	0.4784126382
4135	0.4784090042
4136	0.4784073712
4137	0.4784015178
4138	0.4783933212
4139	0.4783833351
4140	0.4783777299
4141	0.4783734879
4142	0.4783711667
4143	0.4783650112
4144	0.4783631626
4145	0.478356361
4146	0.4783552166
4147	0.4783527109
4148	0.47834958
4149	0.4783452595
4150	0.4783401855
4151	0.4783309072
4152	0.4783285835
4153	0.478326861
4154	0.478324273
4155	0.4783218927
4156	0.4783205442
4157	0.4783180815
4158	0.4783163984
4159	0.4783098796
4160	0.4783069821
4161	0.4783035398
4162	0.4782990722
4163	0.4782940053
4164	0.4782911141
4165	0.4782869674
4166	0.4782858833
4167	0.4782797616
4168	0.4782775675
4169	0.4782712551
4170	0.4782675442
4171	0.4782630446
4172	0.478257816
4173	0.4782552018
4174	0.4782508067
4175	0.478245768
4176	0.4782407844
4177	0.4782385836
4178	0.4782354627
4179	0.4782315567
4180	0.4782289618
4181	0.4782232581
4182	0.4782175547
4183	0.4782156986
4184	0.4782145256
4185	0.4782062711
4186	0.4782018541
4187	0.4781976728
4188	0.4781924475
4189	0.4781888249
4190	0.4781839158
4191	0.4781769701
4192	0.4781702477
4193	0.4781660512
4194	0.4781637198
4195	0.4781596226
4196	0.4781568698
4197	0.478151791
4198	0.4781496825
4199	0.4781452177
4200	0.4781409542
4201	0.4781354726
4202	0.4781322501
4203	0.4781302634
4204	0.4781295693
4205	0.478123184
4206	0.4781168916
4207	0.478113047
4208	0.478110683
4209	0.4781027792
4210	0.4781005369
4211	0.4780998273
4212	0.4780937887
4213	0.4780909828
4214	0.4780902575
4215	0.4780846975
4216	0.4780783461
4217	0.4780720161
4218	0.4780707912
4219	0.4780698198
4220	0.4780660654
4221	0.4780618701
4222	0.4780609129
4223	0.4780572742
4224	0.4780529184
4225	0.4780481226
4226	0.478042793
4227	0.4780398516
4228	0.4780355105
4229	0.4780317196
4230	0.4780297464
4231	0.47802608
4232	0.4780213186
4233	0.4780189955
4234	0.4780129206
4235	0.4780116311
4236	0.4780041754
4237	0.477999382
4238	0.4779952023
4239	0.4779928696
4240	0.4779885107
4241	0.477983339
4242	0.477977327
4243	0.4779730194
4244	0.4779684616
4245	0.4779673678
4246	0.4779632574
4247	0.4779624816
4248	0.4779613615
4249	0.4779603712
4250	0.4779566626
4251	0.4779540037
4252	0.4779498599
4253	0.4779444185
4254	0.4779414824
4255	0.4779392627
4256	0.4779347412
4257	0.477930438
4258	0.4779246465
4259	0.477921571
4260	0.4779165871
4261	0.4779147348
4262	0.4779116666
4263	0.4779065949
4264	0.4779060566
4265	0.477903696
4266	0.4779031714
4267	0.4779010461
4268	0.4778948511
4269	0.4778935302
4270	0.4778905777
4271	0.477886662
4272	0.4778840566
4273	0.4778813785
4274	0.4778791631
4275	0.4778721291
4276	0.4778683202
4277	0.4778657199
4278	0.4778615484
4279	0.4778548598
4280	0.4778537117
4281	0.4778495971
4282	0.4778437703
4283	0.4778385795
4284	0.477836754
4285	0.4778334209
4286	0.4778286716
4287	0.4778225369
4288	0.4778211838
4289	0.4778162865
4290	0.4778111992
4291	0.4778047308
4292	0.4778024554
4293	0.4777994178
4294	0.477798606
4295	0.4777951272
4296	0.4777877796
4297	0.4777861214
4298	0.4777843776
4299	0.477779446
4300	0.477778334
4301	0.4777735144
4302	0.4777660015
4303	0.4777626217
4304	0.4777601824
4305	0.4777569435
4306	0.4777555906
4307	0.477751303
4308	0.4777490125
4309	0.4777469193
4310	0.4777413639
4311	0.4777374347
4312	0.4777334058
4313	0.4777323448
4314	0.477728149
4315	0.4777249164
4316	0.4777225763
4317	0.4777211932
4318	0.4777184999
4319	0.477715002
4320	0.4777086414
4321	0.4777059118
4322	0.4777030504
4323	0.4776966268
4324	0.4776921914
4325	0.4776845918
4326	0.4776774209
4327	0.4776753669
4328	0.4776737133
4329	0.4776704623
4330	0.4776642157
4331	0.477659804
4332	0.477654087
4333	0.4776529332
4334	0.4776503736
4335	0.4776465876
4336	0.4776422974
4337	0.4776384733
4338	0.4776306705
4339	0.477629337
4340	0.4776260383
4341	0.4776191471
4342	0.4776169546
4343	0.4776117491
4344	0.4776071101
4345	0.477602861
4346	0.4775998502
4347	0.4775942964
4348	0.4775855398
4349	0.4775798492
4350	0.4775781644
4351	0.4775756006
4352	0.4775725573
4353	0.4775662
4354	0.4775645093
4355	0.4775567435
4356	0.4775524417
4357	0.4775478768
4358	0.4775462076
4359	0.4775443266
4360	0.4775409239
4361	0.4775384149
4362	0.4775336416
4363	0.4775290226
4364	0.477525168
4365	0.4775209645
4366	0.4775205276
4367	0.4775192596
4368	0.4775161189
4369	0.4775093311
4370	0.477508311
4371	0.4775040433
4372	0.4774986158
4373	0.477497135
4374	0.477490023
4375	0.4774886534
4376	0.4774876938
4377	0.4774849897
4378	0.4774788352
4379	0.4774758557
4380	0.4774713332
4381	0.477467682
4382	0.4774599111
4383	0.4774577887
4384	0.477454478
4385	0.4774506776
4386	0.4774412482
4387	0.4774366641
4388	0.4774327748
4389	0.4774307204
4390	0.4774262033
4391	0.4774205902
4392	0.4774139807
4393	0.4774062488
4394	0.4774045188
4395	0.4774014934
4396	0.4773914599
4397	0.4773875268
4398	0.4773858035
4399	0.4773820732
4400	0.4773765898
4401	0.4773722582
4402	0.4773661855
4403	0.477361365
4404	0.47735485
4405	0.4773501153
4406	0.4773427791
4407	0.4773386193
4408	0.4773363797
4409	0.4773322415
4410	0.4773234841
4411	0.4773228282
4412	0.4773183307
4413	0.4773169474
4414	0.4773092657
4415	0.4773065457
4416	0.4772991635
4417	0.4772977815
4418	0.4772938299
4419	0.4772919744
4420	0.4772853898
4421	0.4772807385
4422	0.4772761182
4423	0.4772709317
4424	0.477266179
4425	0.4772625472
4426	0.4772602696
4427	0.4772572456
4428	0.4772534757
4429	0.4772490293
4430	0.4772486633
4431	0.4772449297
4432	0.47724217
4433	0.4772388255
4434	0.4772339239
4435	0.4772291738
4436	0.4772246753
4437	0.4772191315
4438	0.477215221
4439	0.4772120367
4440	0.4772055857
4441	0.4771992253
4442	0.477196691
4443	0.4771942048
4444	0.477189222
4445	0.477186547
4446	0.4771839665
4447	0.4771812149
4448	0.4771778794
4449	0.4771730663
4450	0.4771694067
4451	0.477168831
4452	0.4771611848
4453	0.4771589019
4454	0.4771559168
4455	0.4771520625
4456	0.4771488809
4457	0.4771477703
4458	0.4771456787
4459	0.4771385684
4460	0.4771355419
4461	0.4771331364
4462	0.4771318566
4463	0.4771276505
4464	0.4771217426
4465	0.4771172202
4466	0.4771155117
4467	0.477109789
4468	0.4771030489
4469	0.4771026846
4470	0.4770993306
4471	0.4770919191
4472	0.4770871274
4473	0.4770813745
4474	0.4770705864
4475	0.4770683848
4476	0.4770666173
4477	0.4770648927
4478	0.4770611819
4479	0.47705661
4480	0.4770458819
4481	0.4770396312
4482	0.4770386951
4483	0.4770347193
4484	0.4770307353
4485	0.4770250765
4486	0.4770189276
4487	0.4770164321
4488	0.4770123933
4489	0.4770048678
4490	0.477000488
4491	0.4769953778
4492	0.4769934232
4493	0.4769917513
4494	0.4769878301
4495	0.4769848043
4496	0.4769839177
4497	0.4769827335
4498	0.4769744272
4499	0.4769700145
4500	0.4769650931
4501	0.4769632469
4502	0.4769606854
4503	0.4769545599
4504	0.4769528447
4505	0.4769513386
4506	0.4769472446
4507	0.4769450172
4508	0.4769427737
4509	0.4769379403
4510	0.4769363059
4511	0.4769341382
4512	0.4769276717
4513	0.4769231716
4514	0.4769214043
4515	0.4769185393
4516	0.4769149529
4517	0.4769116478
4518	0.4769066016
4519	0.4769024164
4520	0.4768971119
4521	0.4768910146
4522	0.4768894112
4523	0.4768857257
4524	0.4768756917
4525	0.4768730941
4526	0.4768709377
4527	0.4768674361
4528	0.4768636937
4529	0.4768569177
4530	0.4768523362
4531	0.4768497174
4532	0.4768470276
4533	0.4768436816
4534	0.4768405029
4535	0.4768350424
4536	0.4768270295
4537	0.4768231027
4538	0.4768226334
4539	0.4768181465
4540	0.4768096603
4541	0.4768044673
4542	0.4767989061
4543	0.4767913394
4544	0.4767872585
4545	0.4767840678
4546	0.4767812939
4547	0.4767773901
4548	0.4767713512
4549	0.4767691641
4550	0.4767665191
4551	0.476764215
4552	0.4767564485
4553	0.4767524002
4554	0.4767504731
4555	0.4767466127
4556	0.476743317
4557	0.4767393339
4558	0.4767363968
4559	0.4767321712
4560	0.4767303345
4561	0.4767282563
4562	0.4767266267
4563	0.4767211873
4564	0.4767187087
4565	0.4767172966
4566	0.4767118656
4567	0.4767107811
4568	0.4767048178
4569	0.476700965
4570	0.4766980997
4571	0.4766920897
4572	0.4766872899
4573	0.4766817689
4574	0.476679164
4575	0.4766740806
4576	0.4766680217
4577	0.4766627044
4578	0.4766617687
4579	0.4766596746
4580	0.4766543885
4581	0.4766518059
4582	0.4766510986
4583	0.4766461484
4584	0.4766444742
4585	0.4766423435
4586	0.4766388675
4587	0.476633009
4588	0.4766279365
4589	0.4766274201
4590	0.476620831
4591	0.4766198698
4592	0.4766166836
4593	0.4766142435
4594	0.4766082516
4595	0.4766048978
4596	0.4765956371
4597	0.476593494
4598	0.4765915119
4599	0.47658864
4600	0.4765845893
4601	0.4765807955
4602	0.4765767399
4603	0.476572617
4604	0.4765705266
4605	0.4765628668
4606	0.4765554199
4607	0.4765528767
4608	0.4765463398
4609	0.4765449557
4610	0.4765403148
4611	0.4765376692
4612	0.4765343918
4613	0.4765313447
4614	0.4765285513
4615	0.4765259544
4616	0.476523466
4617	0.4765227891
4618	0.4765192084
4619	0.4765113819
4620	0.476503563
4621	0.4765006336
4622	0.4764941372
4623	0.4764895708
4624	0.4764823294
4625	0.4764810499
4626	0.476477935
4627	0.4764675649
4628	0.4764644192
4629	0.4764612106
4630	0.4764572033
4631	0.4764515072
4632	0.4764480645
4633	0.4764452886
4634	0.4764441472
4635	0.4764399778
4636	0.4764357368
4637	0.4764302961
4638	0.4764254961
4639	0.4764228012
4640	0.4764200339
4641	0.4764166846
4642	0.4764161408
4643	0.4764116775
4644	0.4764017511
4645	0.4763979097
4646	0.4763937323
4647	0.4763905861
4648	0.4763883903
4649	0.4763879441
4650	0.4763827364
4651	0.4763773538
4652	0.4763724512
4653	0.4763685736
4654	0.476364992
4655	0.4763608259
4656	0.4763572745
4657	0.4763535026
4658	0.4763510646
4659	0.476347358
4660	0.476345862
4661	0.4763444108
4662	0.4763394959
4663	0.4763366576
4664	0.4763331157
4665	0.4763296572
4666	0.4763246386
4667	0.476321058
4668	0.4763139989
4669	0.4763093195
4670	0.4763077843
4671	0.4763075264
4672	0.4763053687
4673	0.4763039485
4674	0.4762979681
4675	0.4762963094
4676	0.476294689
4677	0.4762904324
4678	0.4762851474
4679	0.4762835067
4680	0.4762796296
4681	0.4762781317
4682	0.4762757755
4683	0.4762737792
4684	0.4762706268
4685	0.4762663599
4686	0.4762651961
4687	0.4762624572
4688	0.476257652
4689	0.4762558733
4690	0.4762537324
4691	0.476248254
4692	0.4762416166
4693	0.4762391057
4694	0.4762342458
4695	0.47622933
4696	0.4762240002
4697	0.4762184687
4698	0.4762169254
4699	0.4762157205
4700	0.4762087675
4701	0.4762044861
4702	0.4761960175
4703	0.4761922843
4704	0.4761889218
4705	0.476184095
4706	0.4761799417
4707	0.4761759239
4708	0.4761698977
4709	0.4761674042
4710	0.4761640042
4711	0.4761588351
4712	0.4761578189
4713	0.4761546337
4714	0.4761507165
4715	0.4761464172
4716	0.4761438206
4717	0.4761418096
4718	0.4761403375
4719	0.4761360445
4720	0.4761343658
4721	0.4761279799
4722	0.4761260623
4723	0.476124005
4724	0.4761217909
4725	0.4761175843
4726	0.4761140208
4727	0.4761100996
4728	0.4761023453
4729	0.4760973618
4730	0.476093589
4731	0.4760874811
4732	0.4760806753
4733	0.4760750134
4734	0.4760727126
4735	0.4760721882
4736	0.4760646986
4737	0.4760602539
4738	0.4760548206
4739	0.4760502976
4740	0.4760469393
4741	0.4760439247
4742	0.4760387777
4743	0.4760339263
4744	0.4760286605
4745	0.4760219012
4746	0.4760199084
4747	0.4760186087
4748	0.4760175717
4749	0.4760167089
4750	0.4760136201
4751	0.4760107488
4752	0.4760099796
4753	0.4760046435
4754	0.4759977777
4755	0.4759961267
4756	0.4759893731
4757	0.4759854084
4758	0.4759813773
4759	0.4759753176
4760	0.4759722644
4761	0.4759694236
4762	0.4759642747
4763	0.4759634201
4764	0.4759570757
4765	0.4759539607
4766	0.475952069
4767	0.4759504959
4768	0.4759478231
4769	0.4759444582
4770	0.4759392647
4771	0.4759329803
4772	0.4759288959
4773	0.4759249918
4774	0.4759216121
4775	0.4759189928
4776	0.4759127149
4777	0.4759079394
4778	0.4759019248
4779	0.4758992739
4780	0.4758971864
4781	0.4758953024
4782	0.4758910472
4783	0.4758893856
4784	0.4758879059
4785	0.4758836127
4786	0.4758825993
4787	0.4758782406
4788	0.4758733949
4789	0.4758707166
4790	0.4758691142
4791	0.4758675468
4792	0.4758611051
4793	0.4758559887
4794	0.4758541895
4795	0.4758530981
4796	0.4758458658
4797	0.4758410498
4798	0.4758361925
4799	0.4758305977
4800	0.4758294915
4801	0.4758229787
4802	0.4758203923
4803	0.4758152118
4804	0.4758101396
4805	0.4758054327
4806	0.4758041864
4807	0.4757986918
4808	0.4757967791
4809	0.4757916298
4810	0.4757867044
4811	0.4757806859
4812	0.4757755276
4813	0.4757726606
4814	0.4757684761
4815	0.4757638721
4816	0.4757555336
4817	0.4757519534
4818	0.4757451762
4819	0.4757403506
4820	0.4757319511
4821	0.4757264796
4822	0.4757219447
4823	0.4757208813
4824	0.4757182055
4825	0.4757099945
4826	0.4757056043
4827	0.4757032809
4828	0.4756984705
4829	0.4756931193
4830	0.4756921781
4831	0.4756891441
4832	0.4756841473
4833	0.4756826291
4834	0.4756776191
4835	0.4756694857
4836	0.4756676329
4837	0.4756643638
4838	0.4756632576
4839	0.4756535095
4840	0.4756520441
4841	0.4756477427
4842	0.4756438911
4843	0.4756394282
4844	0.4756340485
4845	0.4756318085
4846	0.4756270271
4847	0.4756175138
4848	0.4756152047
4849	0.4756104885
4850	0.4756080717
4851	0.475602108
4852	0.4755987231
4853	0.4755938418
4854	0.4755911908
4855	0.4755877582
4856	0.4755838474
4857	0.4755784641
4858	0.4755727965
4859	0.4755676393
4860	0.4755651185
4861	0.4755592959
4862	0.4755498261
4863	0.4755438121
4864	0.4755371338
4865	0.4755326232
4866	0.4755272767
4867	0.4755218294
4868	0.4755194511
4869	0.4755176745
4870	0.4755088446
4871	0.4755040048
4872	0.4754989224
4873	0.4754968266
4874	0.4754912797
4875	0.4754875156
4876	0.4754855465
4877	0.4754844778
4878	0.4754771275
4879	0.4754715105
4880	0.4754654628
4881	0.47545913
4882	0.4754567079
4883	0.4754550857
4884	0.4754533091
4885	0.4754514526
4886	0.4754459636
4887	0.4754423678
4888	0.4754397932
4889	0.4754351234
4890	0.4754319959
4891	0.475427945
4892	0.4754272971
4893	0.4754231408
4894	0.4754179633
4895	0.4754136833
4896	0.4754076887
4897	0.4754055028
4898	0.4754043699
4899	0.4754024126
4900	0.4754000157
4901	0.4753975613
4902	0.4753932801
4903	0.4753885055
4904	0.4753848899
4905	0.4753829908
4906	0.4753807667
4907	0.4753789468
4908	0.4753747643
4909	0.4753725643
4910	0.475364551
4911	0.4753639251
4912	0.4753602927
4913	0.4753542787
4914	0.4753472397
4915	0.4753416451
4916	0.4753399622
4917	0.4753382046
4918	0.4753332785
4919	0.4753293672
4920	0.4753257577
4921	0.4753229069
4922	0.4753184495
4923	0.4753122978
4924	0.4753070773
4925	0.4753044936
4926	0.475303013
4927	0.4752986169
4928	0.4752937955
4929	0.4752886155
4930	0.4752860789
4931	0.4752845896
4932	0.4752797916
4933	0.4752740297
4934	0.4752729467
4935	0.4752712369
4936	0.4752683256
4937	0.4752673816
4938	0.4752609157
4939	0.4752577893
4940	0.4752532072
4941	0.4752514813
4942	0.4752450335
4943	0.4752371011
4944	0.4752329233
4945	0.475228417
4946	0.4752256035
4947	0.4752235795
4948	0.4752206209
4949	0.475216202
4950	0.475214522
4951	0.4752115019
4952	0.4752079628
4953	0.4752067086
4954	0.4752065001
4955	0.4751981116
4956	0.4751942444
4957	0.4751920672
4958	0.47518865
4959	0.4751855149
4960	0.4751844197
4961	0.4751826837
4962	0.47517799
4963	0.4751736377
4964	0.475169441
4965	0.4751622699
4966	0.4751579718
4967	0.4751538939
4968	0.4751523392
4969	0.4751479389
4970	0.4751441089
4971	0.4751431975
4972	0.4751406197
4973	0.4751387967
4974	0.4751356808
4975	0.4751336775
4976	0.475129985
4977	0.4751285022
4978	0.4751259396
4979	0.4751218074
4980	0.4751186927
4981	0.4751166397
4982	0.4751153977
4983	0.4751133918
4984	0.4751119655
4985	0.4751060036
4986	0.4751005852
4987	0.4750974647
4988	0.47509309
4989	0.475090258
4990	0.4750827915
4991	0.4750820111
4992	0.4750778326
4993	0.4750752263
4994	0.4750693393
4995	0.4750643437
4996	0.4750625454
4997	0.4750612801
4998	0.4750558586
4999	0.4750534255
5000	0.4750477724
5001	0.4750418163
5002	0.4750378209
5003	0.4750348413
5004	0.4750295502
5005	0.4750220398
5006	0.475018037
5007	0.4750137314
5008	0.475012408
5009	0.4750105173
5010	0.4750074229
5011	0.4750038477
5012	0.4749997035
5013	0.4749957
5014	0.4749917158
5015	0.4749899154
5016	0.4749874794
5017	0.4749850505
5018	0.4749845067
5019	0.4749797509
5020	0.4749758503
5021	0.4749722406
5022	0.474967139
5023	0.4749638586
5024	0.474962343
5025	0.4749571302
5026	0.4749560285
5027	0.4749526928
5028	0.4749497468
5029	0.4749449129
5030	0.4749418187
5031	0.4749414464
5032	0.474935381
5033	0.4749278773
5034	0.4749253512
5035	0.4749222969
5036	0.4749183596
5037	0.4749173223
5038	0.4749135857
5039	0.4749116775
5040	0.4749077017
5041	0.4749039568
5042	0.474900429
5043	0.474896408
5044	0.4748937209
5045	0.474891685
5046	0.4748884547
5047	0.474883694
5048	0.4748806407
5049	0.4748797631
5050	0.4748775516
5051	0.4748736131
5052	0.4748715938
5053	0.474864489
5054	0.4748545306
5055	0.4748495562
5056	0.4748446571
5057	0.4748397566
5058	0.4748355212
5059	0.4748329635
5060	0.4748291824
5061	0.4748220203
5062	0.4748186533
5063	0.4748166449
5064	0.4748146455
5065	0.4748123598
5066	0.4748099634
5067	0.4748061951
5068	0.4748050173
5069	0.4748038208
5070	0.4748011817
5071	0.4747969179
5072	0.474791953
5073	0.4747886935
5074	0.4747866021
5075	0.4747819585
5076	0.4747796119
5077	0.4747740291
5078	0.4747675433
5079	0.4747646811
5080	0.4747617853
5081	0.4747604808
5082	0.4747558452
5083	0.4747539156
5084	0.4747522913
5085	0.4747505766
5086	0.4747482687
5087	0.4747453604
5088	0.474743597
5089	0.4747402015
5090	0.4747330931
5091	0.4747285548
5092	0.4747248007
5093	0.4747187606
5094	0.4747123263
5095	0.4747077623
5096	0.4747057383
5097	0.4747034295
5098	0.4747003507
5099	0.4746952459
5100	0.47469095
5101	0.4746867102
5102	0.4746794868
5103	0.4746774987
5104	0.4746753095
5105	0.4746674444
5106	0.4746614622
5107	0.4746602869
5108	0.4746543883
5109	0.4746499542
5110	0.4746471341
5111	0.4746422313
5112	0.4746354193
5113	0.474633946
5114	0.4746299051
5115	0.474626049
5116	0.4746247769
5117	0.4746198091
5118	0.4746175372
5119	0.4746149749
5120	0.4746115778
5121	0.4746082088
5122	0.4746014758
5123	0.4745999781
5124	0.4745966034
5125	0.4745928349
5126	0.4745893996
5127	0.4745878118
5128	0.4745869957
5129	0.4745849132
5130	0.4745815081
5131	0.4745771288
5132	0.4745746579
5133	0.4745717111
5134	0.4745681907
5135	0.4745581777
5136	0.4745534534
5137	0.4745488687
5138	0.474543969
5139	0.4745420208
5140	0.4745386581
5141	0.4745361212
5142	0.4745343526
5143	0.4745316239
5144	0.4745271539
5145	0.4745232141
5146	0.4745199153
5147	0.4745186549
5148	0.4745139727
5149	0.4745102443
5150	0.4745079237
5151	0.4745035036
5152	0.4745003458
5153	0.4744947556
5154	0.4744891803
5155	0.4744874948
5156	0.4744854876
5157	0.474481854
5158	0.47448105
5159	0.4744725634
5160	0.4744690001
5161	0.474461945
5162	0.4744601141
5163	0.4744596559
5164	0.4744565651
5165	0.474451759
5166	0.4744475267
5167	0.474444626
5168	0.4744413081
5169	0.4744371382
5170	0.4744345491
5171	0.4744314645
5172	0.4744271802
5173	0.47442567
5174	0.4744176333
5175	0.4744114404
5176	0.4744088697
5177	0.4744038978
5178	0.4743971879
5179	0.4743930117
5180	0.4743875774
5181	0.4743851821
5182	0.4743813278
5183	0.4743781649
5184	0.47437475
5185	0.4743736283
5186	0.4743694116
5187	0.4743677494
5188	0.4743661558
5189	0.4743610872
5190	0.4743569773
5191	0.4743509865
5192	0.4743488233
5193	0.4743454674
5194	0.4743404742
5195	0.4743364154
5196	0.4743327719
5197	0.4743292259
5198	0.4743273153
5199	0.4743219214
5200	0.474320209
5201	0.4743143529
5202	0.4743096667
5203	0.4743083692
5204	0.4743059835
5205	0.4743046294
5206	0.4743020675
5207	0.4742948112
5208	0.4742927711
5209	0.4742861916
5210	0.4742769026
5211	0.4742722093
5212	0.4742654095
5213	0.4742632627
5214	0.4742616138
5215	0.4742514604
5216	0.4742504844
5217	0.4742469008
5218	0.4742412025
5219	0.4742403857
5220	0.4742375293
5221	0.4742352254
5222	0.4742314437
5223	0.4742260413
5224	0.474224638
5225	0.4742220347
5226	0.4742179481
5227	0.4742131175
5228	0.4742085896
5229	0.4742052558
5230	0.4742036015
5231	0.4742020768
5232	0.474200435
5233	0.4741988529
5234	0.4741969021
5235	0.4741958173
5236	0.4741937571
5237	0.4741843574
5238	0.4741826087
5239	0.4741806758
5240	0.4741781195
5241	0.4741702172
5242	0.4741677781
5243	0.4741643847
5244	0.474158818
5245	0.4741571016
5246	0.4741511235
5247	0.4741487078
5248	0.47414554
5249	0.4741443823
5250	0.474140697
5251	0.4741348103
5252	0.474131217
5253	0.4741276212
5254	0.4741222954
5255	0.4741135907
5256	0.4741074779
5257	0.4741001661
5258	0.474098104
5259	0.4740906774
5260	0.4740857297
5261	0.4740824354
5262	0.4740799706
5263	0.4740754122
5264	0.4740698465
5265	0.4740693683
5266	0.4740639738
5267	0.474059119
5268	0.4740566173
5269	0.474052899
5270	0.4740476061
5271	0.4740440623
5272	0.4740411365
5273	0.4740360803
5274	0.474029278
5275	0.4740234371
5276	0.4740195889
5277	0.4740189934
5278	0.4740149684
5279	0.4740072095
5280	0.4740023714
5281	0.4739990987
5282	0.4739957901
5283	0.473991148
5284	0.4739883578
5285	0.4739845554
5286	0.47398032
5287	0.4739773057
5288	0.4739730202
5289	0.4739709467
5290	0.4739675741
5291	0.4739601957
5292	0.4739568449
5293	0.4739493863
5294	0.4739485652
5295	0.4739455488
5296	0.4739397717
5297	0.473933788
5298	0.4739317708
5299	0.4739252736
5300	0.4739197926
5301	0.4739161491
5302	0.4739107444
5303	0.4739045348
5304	0.4738998705
5305	0.4738976159
5306	0.4738930479
5307	0.4738868548
5308	0.4738824675
5309	0.4738792252
5310	0.4738736044
5311	0.4738686088
5312	0.473865718
5313	0.4738647748
5314	0.4738597697
5315	0.4738555451
5316	0.4738522259
5317	0.4738481811
5318	0.4738454819
5319	0.4738440425
5320	0.4738362208
5321	0.4738341795
5322	0.4738272628
5323	0.4738211391
5324	0.4738142457
5325	0.4738113006
5326	0.4738096552
5327	0.4738077478
5328	0.4738048487
5329	0.4738037272
5330	0.4737968267
5331	0.4737906101
5332	0.4737868408
5333	0.4737815824
5334	0.473773641
5335	0.4737693424
5336	0.4737662745
5337	0.4737589473
5338	0.4737573665
5339	0.4737512147
5340	0.4737473147
5341	0.4737458796
5342	0.4737427701
5343	0.4737386656
5344	0.473734986
5345	0.4737329797
5346	0.4737283124
5347	0.4737244101
5348	0.4737231303
5349	0.4737209797
5350	0.4737188648
5351	0.4737174507
5352	0.4737142108
5353	0.4737106194
5354	0.4737087491
5355	0.4737040076
5356	0.4737009008
5357	0.4736979801
5358	0.4736935687
5359	0.4736866726
5360	0.47368477
5361	0.4736784128
5362	0.4736771653
5363	0.4736676245
5364	0.4736644171
5365	0.4736586275
5366	0.473655949
5367	0.4736508524
5368	0.4736499363
5369	0.4736472305
5370	0.4736457594
5371	0.4736436998
5372	0.473639681
5373	0.4736329976
5374	0.4736276095
5375	0.4736229572
5376	0.4736202877
5377	0.4736110981
5378	0.473605358
5379	0.4736035484
5380	0.4736000989
5381	0.4735935985
5382	0.4735866461
5383	0.4735830677
5384	0.4735793524
5385	0.4735776599
5386	0.473572582
5387	0.4735703141
5388	0.4735661001
5389	0.4735635442
5390	0.4735595258
5391	0.4735561528
5392	0.4735550596
5393	0.473550317
5394	0.4735398259
5395	0.4735380869
5396	0.4735312532
5397	0.4735274468
5398	0.4735220996
5399	0.4735166558
5400	0.473514201
5401	0.4735119033
5402	0.473508731
5403	0.4735065534
5404	0.4735035833
5405	0.4735017343
5406	0.4734996263
5407	0.473496283
5408	0.4734918787
5409	0.4734891077
5410	0.4734881579
5411	0.4734824448
5412	0.4734819171
5413	0.4734775345
5414	0.473475415
5415	0.4734728827
5416	0.4734697881
5417	0.4734684478
5418	0.4734631729
5419	0.4734598449
5420	0.473458698
5421	0.4734514549
5422	0.4734479125
5423	0.4734462392
5424	0.4734439184
5425	0.4734405019
5426	0.4734375576
5427	0.4734297733
5428	0.4734261041
5429	0.4734238833
5430	0.4734196311
5431	0.4734135779
5432	0.4734070008
5433	0.4734046335
5434	0.473403543
5435	0.4734004021
5436	0.4733989355
5437	0.4733975745
5438	0.4733937297
5439	0.4733882698
5440	0.4733845255
5441	0.473379933
5442	0.4733767209
5443	0.4733738709
5444	0.4733724979
5445	0.4733694733
5446	0.4733638655
5447	0.4733600283
5448	0.4733568534
5449	0.4733556499
5450	0.4733494038
5451	0.4733474763
5452	0.4733403278
5453	0.4733389177
5454	0.4733346294
5455	0.4733324523
5456	0.4733297053
5457	0.4733285334
5458	0.4733261312
5459	0.4733151894
5460	0.4733111173
5461	0.4733016441
5462	0.4732958038
5463	0.4732921801
5464	0.4732905091
5465	0.4732873339
5466	0.4732844253
5467	0.4732768112
5468	0.473273378
5469	0.4732679946
5470	0.4732619613
5471	0.4732586705
5472	0.4732567339
5473	0.4732530094
5474	0.4732485578
5475	0.4732441222
5476	0.4732421115
5477	0.4732391766
5478	0.4732358549
5479	0.4732296963
5480	0.4732251167
5481	0.4732171853
5482	0.4732141395
5483	0.4732126325
5484	0.4732053962
5485	0.4731995702
5486	0.4731972827
5487	0.4731918648
5488	0.4731904299
5489	0.4731875865
5490	0.4731839567
5491	0.4731815397
5492	0.4731757365
5493	0.4731752989
5494	0.4731729525
5495	0.4731690775
5496	0.4731673644
5497	0.4731616323
5498	0.4731563859
5499	0.4731517665
5500	0.4731502317
5501	0.4731445047
5502	0.4731418195
5503	0.4731404202
5504	0.4731375895
5505	0.473133699
5506	0.4731313913
5507	0.4731285251
5508	0.4731257893
5509	0.4731245545
5510	0.4731193204
5511	0.4731163919
5512	0.4731152521
5513	0.4731104842
5514	0.4731040617
5515	0.4731011872
5516	0.4730977584
5517	0.4730944063
5518	0.4730861364
5519	0.47308278
5520	0.4730769676
5521	0.4730721525
5522	0.4730654396
5523	0.4730617286
5524	0.4730560893
5525	0.4730553783
5526	0.4730531212
5527	0.4730505834
5528	0.4730472188
5529	0.4730450883
5530	0.4730373575
5531	0.4730348457
5532	0.4730333373
5533	0.47302897
5534	0.473024665
5535	0.4730231137
5536	0.4730175723
5537	0.4730133127
5538	0.4730098647
5539	0.4730052241
5540	0.47300191
5541	0.4729960832
5542	0.472993011
5543	0.4729889917
5544	0.4729853554
5545	0.4729830387
5546	0.4729783923
5547	0.472974577
5548	0.4729730742
5549	0.4729701944
5550	0.4729651126
5551	0.4729625875
5552	0.4729596232
5553	0.4729527083
5554	0.4729494942
5555	0.4729463412
5556	0.4729448883
5557	0.4729397955
5558	0.472934065
5559	0.4729274212
5560	0.4729239277
5561	0.4729175527
5562	0.4729085446
5563	0.4729073509
5564	0.4729017772
5565	0.472896643
5566	0.47289314
5567	0.4728896319
5568	0.4728863145
5569	0.4728807736
5570	0.4728769506
5571	0.4728719786
5572	0.4728681596
5573	0.4728617887
5574	0.4728607308
5575	0.4728543634
5576	0.4728499464
5577	0.472843559
5578	0.4728398756
5579	0.4728377349
5580	0.472835791
5581	0.4728336156
5582	0.4728309917
5583	0.4728270342
5584	0.4728265439
5585	0.4728249442
5586	0.4728203153
5587	0.472816504
5588	0.4728117271
5589	0.472807251
5590	0.4728061863
5591	0.4728050969
5592	0.47280095
5593	0.4727990447
5594	0.4727955805
5595	0.4727940276
5596	0.4727909841
5597	0.4727853088
5598	0.4727836438
5599	0.4727801749
5600	0.4727768991
5601	0.4727743805
5602	0.4727716484
5603	0.4727666621
5604	0.4727659788
5605	0.4727603135
5606	0.4727566358
5607	0.4727536795
5608	0.4727511918
5609	0.4727490217
5610	0.4727476289
5611	0.4727448433
5612	0.4727422081
5613	0.4727372167
5614	0.4727318113
5615	0.4727274551
5616	0.4727231204
5617	0.472719982
5618	0.4727167595
5619	0.472713395
5620	0.472711741
5621	0.4727099088
5622	0.4727046096
5623	0.4727022174
5624	0.4726994978
5625	0.4726965802
5626	0.4726956583
5627	0.4726921771
5628	0.472688984
5629	0.4726793315
5630	0.4726726492
5631	0.4726667907
5632	0.4726643199
5633	0.4726634847
5634	0.4726563494
5635	0.4726517347
5636	0.4726498586
5637	0.4726493018
5638	0.4726436435
5639	0.4726411114
5640	0.4726350733
5641	0.4726308218
5642	0.4726291604
5643	0.4726231703
5644	0.4726213004
5645	0.4726171405
5646	0.4726134037
5647	0.4726129891
5648	0.4726074647
5649	0.4726052475
5650	0.4726016215
5651	0.4725950877
5652	0.4725920453
5653	0.4725910493
5654	0.4725895342
5655	0.4725880631
5656	0.4725836501
5657	0.4725820928
5658	0.4725782261
5659	0.4725696261
5660	0.4725684844
5661	0.4725651042
5662	0.4725639917
5663	0.472561291
5664	0.4725595728
5665	0.4725580227
5666	0.4725563102
5667	0.4725503368
5668	0.4725470417
5669	0.4725444763
5670	0.4725432891
5671	0.4725410302
5672	0.4725393938
5673	0.472535885
5674	0.472533562
5675	0.4725263195
5676	0.472524551
5677	0.4725231538
5678	0.4725195634
5679	0.4725161029
5680	0.4725130819
5681	0.4725121308
5682	0.4725076928
5683	0.4725064379
5684	0.4725042981
5685	0.4725029868
5686	0.4724997143
5687	0.4724951541
5688	0.4724913391
5689	0.4724885888
5690	0.4724839599
5691	0.4724782561
5692	0.4724778796
5693	0.472473439
5694	0.4724703822
5695	0.4724663938
5696	0.4724622535
5697	0.4724569359
5698	0.4724519978
5699	0.4724472271
5700	0.4724462056
5701	0.4724451199
5702	0.4724402975
5703	0.4724348748
5704	0.4724298866
5705	0.4724249684
5706	0.4724195007
5707	0.4724172623
5708	0.4724159347
5709	0.4724081976
5710	0.4724030726
5711	0.4724006934
5712	0.4723972138
5713	0.472393381
5714	0.4723883951
5715	0.4723860445
5716	0.4723819321
5717	0.4723793365
5718	0.4723780432
5719	0.4723758348
5720	0.4723750508
5721	0.472373664
5722	0.4723686285
5723	0.472364976
5724	0.4723568275
5725	0.4723538319
5726	0.4723493538
5727	0.4723471151
5728	0.4723441493
5729	0.4723369995
5730	0.4723349597
5731	0.4723319119
5732	0.4723271793
5733	0.4723239843
5734	0.4723205046
5735	0.4723165375
5736	0.4723148457
5737	0.4723125042
5738	0.4723103317
5739	0.4723061697
5740	0.4723013178
5741	0.4722956337
5742	0.4722923192
5743	0.4722870646
5744	0.4722804589
5745	0.4722732486
5746	0.4722723676
5747	0.4722642317
5748	0.4722605892
5749	0.4722572259
5750	0.4722521757
5751	0.4722495292
5752	0.472247072
5753	0.4722454828
5754	0.4722417256
5755	0.4722388871
5756	0.4722364448
5757	0.4722349712
5758	0.4722291144
5759	0.4722218172
5760	0.4722158597
5761	0.4722147989
5762	0.4722106483
5763	0.4722067029
5764	0.4722028077
5765	0.4722013243
5766	0.4721977205
5767	0.4721949327
5768	0.4721910628
5769	0.4721857299
5770	0.4721833767
5771	0.472182282
5772	0.4721798142
5773	0.4721757945
5774	0.4721711387
5775	0.472166017
5776	0.4721614744
5777	0.4721573828
5778	0.4721553903
5779	0.4721517147
5780	0.4721488659
5781	0.472148041
5782	0.4721460705
5783	0.472143897
5784	0.4721436922
5785	0.4721408092
5786	0.4721385719
5787	0.4721373493
5788	0.4721331907
5789	0.4721279247
5790	0.4721242526
5791	0.4721209553
5792	0.47212001
5793	0.4721172481
5794	0.4721160753
5795	0.4721145365
5796	0.472113862
5797	0.4721104954
5798	0.4721070748
5799	0.4721030786
5800	0.4721023518
5801	0.4720948614
5802	0.472093956
5803	0.4720885579
5804	0.4720830695
5805	0.4720793205
5806	0.4720720354
5807	0.4720681449
5808	0.4720649823
5809	0.4720611014
5810	0.4720558309
5811	0.4720523692
5812	0.472050621
5813	0.4720471863
5814	0.4720404639
5815	0.4720357216
5816	0.4720318945
5817	0.4720304486
5818	0.4720247319
5819	0.4720204476
5820	0.4720151598
5821	0.4720109492
5822	0.4720066056
5823	0.4720011762
5824	0.4719965017
5825	0.4719881664
5826	0.4719828736
5827	0.4719789452
5828	0.4719748678
5829	0.4719716364
5830	0.4719677442
5831	0.4719638662
5832	0.4719599477
5833	0.4719573801
5834	0.4719534387
5835	0.4719514802
5836	0.471946659
5837	0.4719417091
5838	0.4719390905
5839	0.4719358778
5840	0.4719281607
5841	0.4719251421
5842	0.4719236452
5843	0.4719218982
5844	0.4719169664
5845	0.4719096231
5846	0.4719040821
5847	0.4718996385
5848	0.4718984462
5849	0.471893012
5850	0.4718853562
5851	0.4718813909
5852	0.4718800103
5853	0.4718765941
5854	0.4718718493
5855	0.4718674873
5856	0.471865355
5857	0.4718639295
5858	0.4718616601
5859	0.4718577205
5860	0.4718505526
5861	0.4718488979
5862	0.471847844
5863	0.4718460292
5864	0.4718393904
5865	0.4718377601
5866	0.4718352977
5867	0.4718332595
5868	0.4718320458
5869	0.4718261436
5870	0.4718234052
5871	0.4718195812
5872	0.4718169615
5873	0.4718157031
5874	0.4718089584
5875	0.4718058793
5876	0.471801901
5877	0.4717971615
5878	0.4717931206
5879	0.4717899653
5880	0.4717877932
5881	0.471782539
5882	0.4717814538
5883	0.4717768523
5884	0.4717705256
5885	0.471767962
5886	0.4717657493
5887	0.4717613527
5888	0.4717575761
5889	0.4717516352
5890	0.4717437827
5891	0.4717393244
5892	0.471732365
5893	0.4717306701
5894	0.4717255423
5895	0.4717185236
5896	0.4717137116
5897	0.4717108822
5898	0.4717063174
5899	0.4717048701
5900	0.4717016713
5901	0.4717001998
5902	0.4716978796
5903	0.4716949411
5904	0.4716908208
5905	0.4716858469
5906	0.4716845226
5907	0.4716802199
5908	0.4716784972
5909	0.4716735514
5910	0.4716700444
5911	0.4716673644
5912	0.4716649454
5913	0.4716610871
5914	0.4716569675
5915	0.4716536745
5916	0.4716493728
5917	0.4716463383
5918	0.4716410234
5919	0.4716386798
5920	0.4716349037
5921	0.4716303019
5922	0.4716275338
5923	0.47162125
5924	0.4716195118
5925	0.4716152723
5926	0.4716103106
5927	0.4716060892
5928	0.471602764
5929	0.4715965228
5930	0.4715905157
5931	0.4715845718
5932	0.4715824479
5933	0.4715804448
5934	0.4715790908
5935	0.4715741859
5936	0.471568977
5937	0.4715676735
5938	0.4715639431
5939	0.4715605704
5940	0.4715588725
5941	0.4715585959
5942	0.4715528457
5943	0.4715510761
5944	0.4715487657
5945	0.4715478351
5946	0.4715432147
5947	0.4715408157
5948	0.4715328721
5949	0.4715278441
5950	0.4715254019
5951	0.471521533
5952	0.4715182918
5953	0.471516706
5954	0.471515168
5955	0.4715111659
5956	0.4715074631
5957	0.471504084
5958	0.4715012921
5959	0.4714954054
5960	0.4714912604
5961	0.4714889746
5962	0.4714838032
5963	0.471482359
5964	0.4714796863
5965	0.471478243
5966	0.4714753206
5967	0.4714700327
5968	0.4714651402
5969	0.4714589693
5970	0.4714559917
5971	0.4714530086
5972	0.4714519344
5973	0.4714465345
5974	0.4714429751
5975	0.4714415584
5976	0.4714365034
5977	0.4714333652
5978	0.4714286021
5979	0.4714257466
5980	0.4714232008
5981	0.4714210828
5982	0.4714189816
5983	0.4714144324
5984	0.4714114574
5985	0.4714076794
5986	0.4714008812
5987	0.4713958125
5988	0.4713930856
5989	0.47139022
5990	0.4713866122
5991	0.4713830959
5992	0.471376946
5993	0.471373012
5994	0.4713717039
5995	0.4713682408
5996	0.4713634466
5997	0.4713607523
5998	0.4713548018
5999	0.4713532674
