iter	Passed	Remaining
0	84	509695
1	127	381042
2	208	416493
3	253	380684
4	333	400201
5	408	407700
6	465	398621
7	525	393488
8	612	407997
9	679	406795
10	711	387255
11	754	376359
12	804	370612
13	877	375390
14	950	379360
15	1032	385991
16	1098	386766
17	1192	396205
18	1284	404248
19	1350	403724
20	1445	411517
21	1509	410213
22	1576	409807
23	1650	410953
24	1715	409892
25	1786	410524
26	1848	409000
27	1909	407339
28	1947	400956
29	2022	402482
30	2088	402140
31	2173	405271
32	2247	406392
33	2329	408769
34	2366	403401
35	2408	399053
36	2484	400443
37	2543	399026
38	2625	401237
39	2688	400543
40	2768	402336
41	2838	402592
42	2909	403091
43	2980	403462
44	3065	405705
45	3145	407082
46	3203	405763
47	3285	407400
48	3373	409665
49	3441	409516
50	3496	407841
51	3569	408292
52	3648	409361
53	3729	410635
54	3817	412593
55	3887	412615
56	3964	413379
57	4052	415123
58	4127	415614
59	4205	416374
60	4280	416763
61	4350	416663
62	4415	416131
63	4476	415158
64	4519	412697
65	4594	413103
66	4681	414515
67	4760	415307
68	4826	414865
69	4886	413919
70	4950	413420
71	5004	412042
72	5073	411901
73	5126	410546
74	5190	410014
75	5272	410962
76	5346	411285
77	5413	411035
78	5489	411444
79	5568	412037
80	5644	412453
81	5730	413550
82	5798	413357
83	5895	415244
84	5943	413593
85	6044	415668
86	6126	416373
87	6194	416145
88	6257	415616
89	6354	417274
90	6428	417421
91	6517	418537
92	6588	418485
93	6677	419558
94	6750	419588
95	6821	419529
96	6884	418961
97	6951	418672
98	7037	419458
99	7100	418954
100	7182	419494
101	7254	419490
102	7324	419327
103	7397	419398
104	7481	420018
105	7578	421378
106	7648	421225
107	7735	422030
108	7805	421864
109	7882	422093
110	7964	422551
111	8049	423156
112	8148	424493
113	8260	426525
114	8340	426795
115	8433	427796
116	8482	426530
117	8567	427068
118	8650	427487
119	8711	426854
120	8793	427229
121	8877	427743
122	8964	428322
123	9031	427988
124	9119	428600
125	9212	429458
126	9306	430349
127	9379	430278
128	9467	430871
129	9562	431804
130	9641	431933
131	9726	432370
132	9830	433672
133	9932	434827
134	10017	435220
135	10049	433319
136	10104	432420
137	10189	432840
138	10257	432529
139	10332	432473
140	10405	432391
141	10480	432355
142	10560	432533
143	10646	432955
144	10722	432949
145	10771	431910
146	10846	431870
147	10925	431997
148	11003	432085
149	11083	432258
150	11149	431875
151	11229	432027
152	11306	432076
153	11382	432076
154	11469	432515
155	11580	433830
156	11667	434236
157	11773	435305
158	11864	435847
159	11921	435145
160	11998	435157
161	12085	435508
162	12161	435514
163	12252	436002
164	12328	435996
165	12406	436038
166	12494	436394
167	12567	436278
168	12628	435711
169	12714	436033
170	12759	434945
171	12836	434954
172	12865	433334
173	12953	433703
174	13036	433927
175	13121	434214
176	13196	434149
177	13277	434287
178	13386	435307
179	13497	436420
180	13577	436493
181	13688	437583
182	13786	438220
183	13878	438672
184	14011	440421
185	14147	442234
186	14206	441632
187	14320	442708
188	14416	443252
189	14506	443585
190	14555	442670
191	14642	442936
192	14741	443538
193	14810	443250
194	14926	444355
195	15022	444849
196	15120	445412
197	15163	444339
198	15260	444857
199	15366	445634
200	15456	445941
201	15546	446225
202	15621	446093
203	15711	446381
204	15805	446800
205	15907	447424
206	15938	446053
207	16005	445694
208	16087	445759
209	16168	445776
210	16271	446417
211	16338	446068
212	16424	446232
213	16502	446190
214	16576	446015
215	16639	445556
216	16671	444288
217	16757	444457
218	16833	444347
219	16911	444316
220	16982	444081
221	17011	442760
222	17104	443113
223	17204	443641
224	17272	443315
225	17336	442936
226	17420	443021
227	17489	442766
228	17582	443104
229	17766	445696
230	17927	447711
231	18016	447933
232	18133	448815
233	18259	449926
234	18415	451764
235	18534	452689
236	18640	453278
237	18743	453778
238	18820	453651
239	18886	453272
240	18976	453476
241	19069	453726
242	19164	454029
243	19242	453925
244	19350	454530
245	19440	454715
246	19519	454640
247	19594	454474
248	19646	453767
249	19741	454060
250	19859	454866
251	19917	454304
252	20036	455129
253	20151	455862
254	20245	456110
255	20340	456394
256	20404	455961
257	20480	455801
258	20513	454703
259	20546	453600
260	20653	454130
261	20755	454561
262	20878	455438
263	21010	456506
264	21098	456594
265	21174	456454
266	21235	455967
267	21322	456047
268	21412	456198
269	21508	456451
270	21594	456512
271	21678	456532
272	21754	456356
273	21829	456190
274	21907	456074
275	21946	455153
276	22045	455465
277	22152	455953
278	22245	456158
279	22344	456471
280	22425	456413
281	22508	456387
282	22593	456424
283	22667	456214
284	22752	456237
285	22833	456189
286	22913	456119
287	22995	456074
288	23074	455971
289	23164	456096
290	23231	455768
291	23327	455994
292	23382	455441
293	23486	455837
294	23572	455863
295	23598	454741
296	23689	454884
297	23714	453764
298	23798	453759
299	23884	453814
300	23958	453627
301	24050	453774
302	24140	453895
303	24229	453993
304	24313	453991
305	24398	453999
306	24445	453318
307	24546	453628
308	24655	454092
309	24747	454238
310	24831	454238
311	24907	454089
312	24989	454039
313	25092	454381
314	25194	454709
315	25320	455454
316	25413	455601
317	25502	455684
318	25522	454519
319	25615	454669
320	25700	454674
321	25782	454628
322	25867	454644
323	25942	454465
324	26031	454558
325	26087	454053
326	26181	454206
327	26196	453002
328	26224	452037
329	26303	451935
330	26341	451146
331	26429	451216
332	26500	450985
333	26597	451204
334	26716	451783
335	26809	451927
336	26896	451968
337	26945	451373
338	27044	451611
339	27139	451797
340	27169	450882
341	27244	450720
342	27337	450867
343	27467	451610
344	27605	452487
345	27693	452546
346	27824	453283
347	27928	453595
348	28040	454038
349	28152	454458
350	28279	455137
351	28366	455155
352	28463	455329
353	28558	455487
354	28615	455032
355	28734	455558
356	28849	456016
357	28939	456083
358	29026	456089
359	29133	456427
360	29211	456303
361	29324	456723
362	29412	456737
363	29438	455804
364	29532	455937
365	29634	456181
366	29736	456415
367	29835	456607
368	29927	456701
369	30002	456525
370	30089	456529
371	30182	456631
372	30310	457253
373	30388	457132
374	30417	456258
375	30516	456456
376	30617	456669
377	30706	456697
378	30792	456685
379	30876	456646
380	30963	456646
381	31064	456864
382	31134	456606
383	31232	456782
384	31318	456766
385	31406	456777
386	31488	456707
387	31578	456747
388	31675	456897
389	31766	456946
390	31846	456851
391	31934	456856
392	32024	456895
393	32143	457348
394	32233	457386
395	32272	456699
396	32334	456350
397	32434	456522
398	32455	455598
399	32543	455604
400	32647	455847
401	32748	456031
402	32811	455696
403	32884	455504
404	32950	455201
405	33045	455314
406	33131	455297
407	33221	455330
408	33309	455335
409	33398	455359
410	33529	455948
411	33621	456007
412	33670	455493
413	33818	456309
414	33913	456405
415	34011	456540
416	34106	456633
417	34205	456780
418	34296	456828
419	34372	456665
420	34453	456576
421	34538	456530
422	34564	455712
423	34674	456006
424	34782	456268
425	34871	456278
426	34976	456502
427	35046	456259
428	35145	456400
429	35174	455626
430	35253	455519
431	35336	455453
432	35426	455467
433	35505	455353
434	35588	455292
435	35664	455128
436	35744	455031
437	35827	454961
438	35921	455034
439	36011	455048
440	36091	454945
441	36171	454838
442	36261	454870
443	36353	454912
444	36444	454937
445	36527	454879
446	36613	454841
447	36698	454794
448	36716	453932
449	36810	453999
450	36884	453822
451	36993	454074
452	37066	453885
453	37152	453851
454	37220	453594
455	37313	453653
456	37397	453603
457	37491	453665
458	37567	453514
459	37659	453555
460	37775	453879
461	37823	453392
462	37909	453353
463	38001	453399
464	38084	453328
465	38185	453469
466	38259	453298
467	38336	453161
468	38413	453012
469	38487	452841
470	38589	452998
471	38664	452833
472	38737	452651
473	38821	452594
474	38847	451859
475	38902	451460
476	38929	450755
477	39030	450890
478	39138	451119
479	39210	450916
480	39296	450894
481	39386	450896
482	39476	450911
483	39561	450867
484	39653	450903
485	39744	450930
486	39833	450927
487	39937	451094
488	40037	451217
489	40122	451168
490	40214	451208
491	40301	451180
492	40391	451188
493	40471	451082
494	40570	451194
495	40660	451203
496	40734	451029
497	40806	450837
498	40888	450755
499	40965	450622
500	41044	450510
501	41119	450346
502	41197	450227
503	41301	450387
504	41388	450356
505	41447	450027
506	41562	450297
507	41661	450400
508	41751	450406
509	41832	450312
510	41900	450085
511	42031	450521
512	42146	450790
513	42232	450759
514	42335	450889
515	42424	450878
516	42499	450720
517	42589	450728
518	42690	450842
519	42776	450794
520	42867	450812
521	42971	450952
522	43049	450829
523	43124	450664
524	43197	450490
525	43275	450360
526	43365	450364
527	43449	450295
528	43537	450275
529	43619	450181
530	43698	450065
531	43769	449868
532	43853	449805
533	43928	449646
534	43968	449133
535	44044	448987
536	44109	448729
537	44190	448638
538	44290	448736
539	44374	448678
540	44488	448915
541	44560	448730
542	44626	448488
543	44702	448339
544	44783	448246
545	44862	448132
546	44954	448148
547	45029	447998
548	45108	447879
549	45207	447962
550	45275	447740
551	45366	447750
552	45444	447620
553	45521	447493
554	45610	447477
555	45706	447532
556	45783	447397
557	45871	447365
558	45930	447059
559	46004	446898
560	46075	446712
561	46150	446559
562	46208	446240
563	46299	446248
564	46385	446201
565	46497	446406
566	46586	446397
567	46663	446256
568	46753	446250
569	46845	446262
570	46928	446191
571	47025	446248
572	47116	446246
573	47192	446104
574	47286	446133
575	47344	445831
576	47426	445742
577	47523	445804
578	47588	445554
579	47655	445328
580	47744	445312
581	47828	445247
582	47876	444853
583	47952	444712
584	48036	444643
585	48118	444563
586	48195	444430
587	48275	444335
588	48350	444182
589	48419	443985
590	48504	443923
591	48585	443836
592	48689	443951
593	48787	444015
594	48912	444327
595	48991	444213
596	49067	444075
597	49152	444017
598	49222	443820
599	49300	443706
600	49416	443925
601	49514	443981
602	49599	443925
603	49697	443982
604	49772	443834
605	49861	443819
606	49956	443844
607	50032	443708
608	50085	443370
609	50166	443278
610	50252	443225
611	50327	443077
612	50405	442957
613	50473	442750
614	50550	442621
615	50652	442714
616	50730	442593
617	50820	442586
618	50915	442607
619	51028	442796
620	51099	442618
621	51190	442606
622	51275	442550
623	51328	442218
624	51412	442151
625	51502	442134
626	51585	442056
627	51683	442109
628	51761	441985
629	51846	441925
630	51935	441902
631	52008	441743
632	52083	441597
633	52163	441495
634	52246	441424
635	52328	441339
636	52413	441276
637	52479	441061
638	52564	440999
639	52630	440778
640	52725	440804
641	52797	440639
642	52875	440521
643	52971	440555
644	53060	440521
645	53155	440552
646	53236	440456
647	53323	440414
648	53444	440645
649	53527	440573
650	53611	440503
651	53695	440437
652	53768	440275
653	53842	440128
654	53921	440012
655	54020	440068
656	54125	440174
657	54230	440270
658	54320	440255
659	54385	440030
660	54476	440013
661	54536	439753
662	54622	439701
663	54727	439794
664	54808	439706
665	54886	439585
666	54965	439480
667	55043	439356
668	55126	439277
669	55197	439105
670	55292	439124
671	55389	439158
672	55471	439076
673	55550	438962
674	55626	438828
675	55720	438839
676	55809	438810
677	55900	438792
678	55978	438677
679	56060	438591
680	56141	438496
681	56237	438519
682	56333	438545
683	56436	438622
684	56529	438615
685	56628	438663
686	56729	438723
687	56820	438707
688	56911	438692
689	57021	438820
690	57091	438636
691	57182	438620
692	57276	438627
693	57368	438609
694	57458	438589
695	57556	438621
696	57639	438538
697	57721	438452
698	57855	438761
699	57974	438949
700	58139	439486
701	58277	439823
702	58365	439773
703	58429	439548
704	58566	439869
705	58705	440206
706	58814	440318
707	58938	440537
708	59104	441074
709	59221	441243
710	59334	441380
711	59451	441541
712	59571	441728
713	59708	442044
714	59828	442228
715	59958	442489
716	60128	443037
717	60254	443266
718	60343	443221
719	60439	443221
720	60528	443175
721	60617	443127
722	60727	443233
723	60842	443375
724	60933	443343
725	61043	443445
726	61119	443304
727	61243	443513
728	61350	443591
729	61454	443652
730	61561	443729
731	61655	443719
732	61757	443762
733	61837	443644
734	61925	443591
735	61995	443401
736	62074	443280
737	62142	443082
738	62241	443102
739	62319	442970
740	62437	443127
741	62541	443188
742	62630	443136
743	62731	443170
744	62827	443165
745	62895	442966
746	62983	442905
747	63057	442754
748	63142	442669
749	63211	442478
750	63290	442356
751	63383	442336
752	63487	442390
753	63581	442374
754	63702	442542
755	63808	442605
756	63903	442596
757	63988	442519
758	64049	442268
759	64113	442046
760	64181	441848
761	64241	441596
762	64335	441578
763	64409	441420
764	64470	441178
765	64541	441007
766	64607	440795
767	64687	440683
768	64788	440716
769	64879	440674
770	64950	440500
771	65030	440386
772	65111	440278
773	65188	440151
774	65279	440112
775	65384	440169
776	65501	440304
777	65590	440248
778	65674	440159
779	65762	440100
780	65840	439976
781	65907	439778
782	65963	439506
783	66059	439494
784	66155	439491
785	66257	439523
786	66335	439397
787	66418	439304
788	66482	439088
789	66566	439002
790	66638	438839
791	66728	438793
792	66810	438688
793	66902	438655
794	66982	438546
795	67059	438411
796	67125	438209
797	67203	438083
798	67279	437948
799	67350	437780
800	67421	437605
801	67492	437435
802	67570	437313
803	67659	437265
804	67727	437073
805	67816	437019
806	67894	436898
807	67963	436714
808	68032	436536
809	68096	436323
810	68182	436252
811	68276	436231
812	68352	436096
813	68428	435959
814	68515	435893
815	68601	435823
816	68696	435804
817	68780	435720
818	68870	435674
819	68949	435557
820	69021	435401
821	69090	435219
822	69164	435069
823	69235	434909
824	69324	434855
825	69406	434757
826	69475	434577
827	69563	434518
828	69644	434415
829	69731	434353
830	69815	434269
831	69886	434100
832	69980	434081
833	70046	433886
834	70115	433708
835	70193	433590
836	70287	433567
837	70357	433397
838	70423	433198
839	70491	433021
840	70569	432900
841	70648	432785
842	70726	432667
843	70810	432582
844	70874	432377
845	70962	432320
846	71057	432303
847	71140	432210
848	71213	432061
849	71289	431933
850	71401	432018
851	71498	432009
852	71580	431913
853	71710	432111
854	71824	432204
855	71911	432138
856	72012	432156
857	72081	431982
858	72157	431852
859	72263	431900
860	72333	431735
861	72418	431651
862	72502	431571
863	72583	431466
864	72664	431369
865	72736	431210
866	72822	431138
867	72906	431053
868	72997	431015
869	73071	430869
870	73151	430760
871	73238	430697
872	73314	430566
873	73391	430438
874	73452	430223
875	73536	430136
876	73618	430042
877	73692	429900
878	73783	429857
879	73859	429728
880	73943	429646
881	74025	429549
882	74103	429429
883	74176	429284
884	74264	429221
885	74345	429122
886	74432	429055
887	74489	428817
888	74559	428652
889	74648	428601
890	74735	428535
891	74806	428377
892	74882	428249
893	74924	427922
894	74988	427726
895	75070	427634
896	75131	427421
897	75215	427340
898	75285	427174
899	75355	427014
900	75420	426827
901	75510	426774
902	75570	426557
903	75652	426464
904	75722	426305
905	75788	426120
906	75873	426047
907	75958	425970
908	76019	425758
909	76091	425612
910	76160	425447
911	76229	425280
912	76304	425147
913	76373	424984
914	76447	424846
915	76526	424738
916	76594	424568
917	76664	424412
918	76729	424224
919	76792	424027
920	76874	423937
921	76942	423768
922	77018	423643
923	77087	423481
924	77154	423304
925	77220	423128
926	77284	422939
927	77353	422776
928	77422	422613
929	77502	422513
930	77580	422403
931	77656	422275
932	77735	422172
933	77801	421994
934	77869	421825
935	77958	421776
936	78035	421659
937	78101	421483
938	78153	421232
939	78218	421047
940	78292	420914
941	78356	420727
942	78436	420626
943	78506	420473
944	78573	420307
945	78661	420247
946	78747	420182
947	78808	419977
948	78865	419755
949	78936	419611
950	79016	419512
951	79087	419361
952	79155	419199
953	79234	419097
954	79311	418981
955	79386	418856
956	79460	418722
957	79522	418530
958	79612	418486
959	79679	418318
960	79734	418087
961	79821	418027
962	79909	417970
963	79993	417891
964	80077	417813
965	80152	417689
966	80227	417563
967	80306	417462
968	80368	417270
969	80444	417151
970	80533	417096
971	80621	417040
972	80696	416915
973	80812	417003
974	80886	416874
975	80956	416724
976	81026	416575
977	81096	416428
978	81181	416356
979	81250	416203
980	81335	416131
981	81401	415957
982	81475	415834
983	81553	415725
984	81629	415603
985	81694	415433
986	81791	415423
987	81879	415365
988	81944	415190
989	82000	414971
990	82098	414967
991	82168	414819
992	82248	414719
993	82324	414602
994	82397	414473
995	82468	414331
996	82530	414142
997	82578	413885
998	82643	413712
999	82726	413633
1000	82792	413465
1001	82860	413311
1002	82935	413187
1003	83025	413143
1004	83110	413070
1005	83198	413016
1006	83291	412981
1007	83359	412827
1008	83424	412659
1009	83497	412525
1010	83572	412404
1011	83644	412270
1012	83707	412091
1013	83791	412014
1014	83870	411914
1015	83940	411769
1016	84026	411703
1017	84091	411535
1018	84211	411634
1019	84289	411530
1020	84374	411461
1021	84472	411454
1022	84566	411426
1023	84655	411371
1024	84747	411337
1025	84831	411261
1026	84928	411246
1027	85026	411237
1028	85117	411192
1029	85177	411001
1030	85270	410967
1031	85344	410845
1032	85413	410697
1033	85476	410520
1034	85559	410436
1035	85625	410274
1036	85708	410194
1037	85776	410043
1038	85858	409954
1039	85935	409844
1040	86011	409731
1041	86086	409611
1042	86154	409460
1043	86227	409332
1044	86308	409243
1045	86376	409090
1046	86460	409016
1047	86533	408888
1048	86609	408773
1049	86681	408640
1050	86745	408470
1051	86812	408314
1052	86891	408216
1053	86956	408049
1054	87022	407894
1055	87095	407763
1056	87161	407607
1057	87233	407476
1058	87316	407396
1059	87375	407204
1060	87449	407078
1061	87542	407049
1062	87653	407097
1063	87724	406960
1064	87807	406880
1065	87862	406673
1066	87928	406515
1067	88027	406507
1068	88108	406421
1069	88191	406340
1070	88265	406218
1071	88336	406082
1072	88395	405892
1073	88471	405782
1074	88555	405706
1075	88628	405584
1076	88699	405447
1077	88769	405308
1078	88849	405214
1079	88932	405137
1080	89024	405098
1081	89101	404990
1082	89184	404913
1083	89252	404762
1084	89342	404718
1085	89415	404594
1086	89499	404518
1087	89571	404387
1088	89637	404235
1089	89711	404111
1090	89781	403976
1091	89852	403841
1092	89917	403682
1093	89982	403523
1094	90073	403480
1095	90135	403305
1096	90200	403146
1097	90275	403033
1098	90354	402937
1099	90415	402757
1100	90476	402583
1101	90542	402427
1102	90604	402258
1103	90685	402168
1104	90757	402044
1105	90827	401909
1106	90904	401804
1107	90985	401717
1108	91056	401583
1109	91136	401494
1110	91224	401436
1111	91303	401343
1112	91360	401150
1113	91439	401053
1114	91516	400948
1115	91599	400872
1116	91679	400778
1117	91760	400693
1118	91849	400640
1119	91926	400536
1120	92003	400431
1121	92083	400342
1122	92160	400238
1123	92227	400087
1124	92306	399995
1125	92369	399828
1126	92446	399725
1127	92518	399599
1128	92580	399432
1129	92648	399290
1130	92716	399147
1131	92792	399041
1132	92871	398946
1133	92948	398842
1134	93018	398709
1135	93081	398544
1136	93150	398410
1137	93223	398288
1138	93306	398211
1139	93368	398045
1140	93441	397924
1141	93514	397806
1142	93595	397719
1143	93684	397666
1144	93746	397502
1145	93811	397349
1146	93885	397231
1147	93963	397135
1148	94056	397100
1149	94136	397012
1150	94220	396936
1151	94291	396810
1152	94354	396650
1153	94429	396536
1154	94511	396459
1155	94584	396336
1156	94659	396229
1157	94751	396190
1158	94839	396132
1159	94932	396096
1160	95019	396037
1161	95114	396011
1162	95182	395871
1163	95260	395773
1164	95340	395682
1165	95405	395531
1166	95502	395510
1167	95596	395479
1168	95683	395422
1169	95753	395289
1170	95831	395193
1171	95905	395077
1172	95978	394960
1173	96046	394821
1174	96121	394713
1175	96207	394645
1176	96287	394556
1177	96344	394376
1178	96420	394270
1179	96492	394147
1180	96557	393996
1181	96618	393828
1182	96693	393722
1183	96761	393583
1184	96818	393401
1185	96890	393282
1186	96957	393140
1187	97024	392999
1188	97094	392870
1189	97163	392738
1190	97246	392661
1191	97315	392529
1192	97409	392494
1193	97492	392420
1194	97564	392298
1195	97640	392195
1196	97704	392042
1197	97778	391928
1198	97844	391787
1199	97914	391657
1200	97971	391476
1201	98034	391321
1202	98120	391260
1203	98204	391186
1204	98275	391064
1205	98354	390971
1206	98423	390840
1207	98505	390760
1208	98574	390629
1209	98641	390490
1210	98705	390337
1211	98774	390206
1212	98840	390066
1213	98915	389957
1214	98978	389805
1215	99041	389649
1216	99109	389515
1217	99178	389384
1218	99256	389290
1219	99328	389172
1220	99395	389033
1221	99465	388908
1222	99520	388723
1223	99596	388620
1224	99668	388501
1225	99744	388402
1226	99819	388295
1227	99882	388141
1228	99955	388027
1229	100042	387970
1230	100110	387838
1231	100179	387706
1232	100244	387564
1233	100330	387501
1234	100399	387370
1235	100465	387231
1236	100533	387099
1237	100590	386922
1238	100668	386832
1239	100743	386723
1240	100820	386625
1241	100909	386576
1242	100997	386521
1243	101076	386432
1244	101154	386335
1245	101227	386225
1246	101301	386116
1247	101383	386038
1248	101465	385959
1249	101558	385921
1250	101637	385833
1251	101716	385742
1252	101782	385603
1253	101857	385498
1254	101932	385392
1255	102014	385316
1256	102102	385260
1257	102181	385170
1258	102255	385063
1259	102326	384944
1260	102395	384816
1261	102473	384722
1262	102558	384654
1263	102647	384603
1264	102727	384516
1265	102803	384417
1266	102884	384336
1267	102953	384207
1268	103039	384145
1269	103116	384047
1270	103179	383897
1271	103251	383784
1272	103334	383708
1273	103395	383552
1274	103485	383504
1275	103585	383494
1276	103653	383362
1277	103734	383283
1278	103808	383175
1279	103867	383013
1280	103941	382902
1281	104002	382747
1282	104064	382595
1283	104139	382494
1284	104221	382415
1285	104298	382319
1286	104359	382163
1287	104434	382061
1288	104506	381946
1289	104590	381875
1290	104664	381770
1291	104749	381702
1292	104816	381571
1293	104904	381513
1294	104972	381386
1295	105046	381279
1296	105130	381210
1297	105211	381128
1298	105295	381057
1299	105387	381018
1300	105478	380970
1301	105542	380828
1302	105620	380734
1303	105683	380590
1304	105740	380423
1305	105808	380294
1306	105882	380187
1307	105947	380051
1308	106025	379958
1309	106100	379856
1310	106168	379729
1311	106238	379609
1312	106313	379504
1313	106383	379386
1314	106457	379278
1315	106527	379160
1316	106593	379027
1317	106674	378944
1318	106748	378840
1319	106827	378750
1320	106890	378607
1321	106963	378499
1322	107033	378379
1323	107107	378274
1324	107166	378115
1325	107235	377994
1326	107305	377874
1327	107384	377786
1328	107456	377674
1329	107539	377600
1330	107617	377511
1331	107702	377442
1332	107779	377348
1333	107871	377307
1334	107942	377191
1335	108010	377065
1336	108085	376964
1337	108153	376839
1338	108246	376800
1339	108332	376737
1340	108399	376609
1341	108463	376471
1342	108534	376356
1343	108621	376297
1344	108699	376206
1345	108767	376080
1346	108844	375987
1347	108918	375880
1348	109007	375828
1349	109087	375745
1350	109155	375620
1351	109233	375531
1352	109311	375440
1353	109385	375335
1354	109453	375209
1355	109515	375067
1356	109587	374956
1357	109659	374844
1358	109743	374775
1359	109833	374725
1360	109886	374552
1361	109952	374419
1362	110051	374401
1363	110121	374282
1364	110194	374176
1365	110264	374058
1366	110345	373978
1367	110415	373864
1368	110488	373757
1369	110574	373694
1370	110645	373580
1371	110724	373493
1372	110796	373383
1373	110863	373256
1374	110937	373153
1375	110996	373000
1376	111069	372894
1377	111143	372791
1378	111206	372650
1379	111293	372589
1380	111381	372536
1381	111455	372431
1382	111535	372348
1383	111623	372292
1384	111703	372211
1385	111788	372142
1386	111887	372123
1387	111963	372027
1388	112046	371954
1389	112129	371884
1390	112203	371778
1391	112268	371647
1392	112344	371550
1393	112409	371418
1394	112483	371315
1395	112559	371222
1396	112634	371122
1397	112713	371035
1398	112791	370947
1399	112856	370813
1400	112948	370772
1401	113035	370711
1402	113116	370630
1403	113193	370540
1404	113259	370410
1405	113331	370303
1406	113403	370193
1407	113473	370077
1408	113545	369969
1409	113614	369852
1410	113689	369754
1411	113771	369675
1412	113837	369550
1413	113930	369509
1414	113997	369383
1415	114062	369254
1416	114139	369162
1417	114229	369111
1418	114304	369013
1419	114375	368901
1420	114452	368809
1421	114529	368718
1422	114613	368647
1423	114689	368554
1424	114767	368464
1425	114850	368392
1426	114927	368299
1427	115016	368244
1428	115094	368158
1429	115174	368074
1430	115261	368014
1431	115351	367964
1432	115418	367840
1433	115499	367760
1434	115585	367698
1435	115676	367652
1436	115754	367562
1437	115827	367457
1438	115914	367399
1439	115995	367318
1440	116062	367194
1441	116138	367100
1442	116207	366983
1443	116303	366952
1444	116356	366784
1445	116422	366659
1446	116502	366576
1447	116570	366456
1448	116638	366337
1449	116710	366228
1450	116781	366119
1451	116854	366015
1452	116921	365893
1453	116993	365785
1454	117058	365658
1455	117143	365590
1456	117207	365457
1457	117286	365373
1458	117353	365251
1459	117416	365116
1460	117486	365003
1461	117568	364927
1462	117632	364797
1463	117717	364730
1464	117794	364641
1465	117878	364570
1466	117960	364494
1467	118028	364377
1468	118108	364296
1469	118168	364152
1470	118249	364073
1471	118330	363996
1472	118401	363886
1473	118464	363752
1474	118532	363632
1475	118600	363516
1476	118665	363389
1477	118736	363278
1478	118805	363164
1479	118873	363046
1480	118945	362941
1481	119032	362879
1482	119110	362792
1483	119191	362715
1484	119268	362623
1485	119339	362515
1486	119406	362394
1487	119469	362262
1488	119549	362182
1489	119618	362066
1490	119688	361956
1491	119759	361847
1492	119860	361830
1493	119956	361795
1494	120041	361730
1495	120120	361647
1496	120191	361538
1497	120277	361474
1498	120352	361379
1499	120435	361305
1500	120515	361226
1501	120592	361134
1502	120669	361046
1503	120743	360947
1504	120827	360877
1505	120900	360775
1506	120979	360689
1507	121051	360585
1508	121120	360472
1509	121191	360363
1510	121255	360235
1511	121338	360163
1512	121408	360052
1513	121490	359979
1514	121549	359835
1515	121614	359709
1516	121678	359580
1517	121753	359486
1518	121829	359391
1519	121905	359299
1520	121983	359215
1521	122069	359150
1522	122151	359074
1523	122237	359012
1524	122303	358889
1525	122385	358814
1526	122448	358683
1527	122521	358583
1528	122580	358441
1529	122654	358343
1530	122722	358227
1531	122801	358143
1532	122875	358046
1533	122940	357922
1534	123013	357820
1535	123077	357693
1536	123161	357625
1537	123246	357559
1538	123332	357496
1539	123410	357409
1540	123483	357309
1541	123573	357257
1542	123658	357190
1543	123755	357160
1544	123845	357109
1545	123947	357090
1546	124035	357032
1547	124111	356939
1548	124188	356850
1549	124274	356787
1550	124352	356702
1551	124429	356612
1552	124499	356503
1553	124574	356409
1554	124667	356364
1555	124736	356253
1556	124804	356138
1557	124878	356041
1558	124944	355919
1559	125022	355831
1560	125091	355720
1561	125153	355590
1562	125222	355478
1563	125313	355429
1564	125385	355324
1565	125450	355202
1566	125518	355087
1567	125608	355035
1568	125678	354927
1569	125758	354846
1570	125846	354789
1571	125927	354711
1572	125994	354595
1573	126069	354500
1574	126143	354403
1575	126219	354312
1576	126299	354231
1577	126375	354140
1578	126449	354042
1579	126521	353941
1580	126587	353819
1581	126657	353712
1582	126721	353587
1583	126803	353512
1584	126873	353404
1585	126944	353299
1586	127013	353188
1587	127087	353092
1588	127152	352971
1589	127224	352868
1590	127299	352775
1591	127386	352712
1592	127456	352605
1593	127524	352491
1594	127589	352371
1595	127666	352282
1596	127734	352169
1597	127801	352055
1598	127875	351957
1599	127952	351869
1600	128028	351778
1601	128135	351772
1602	128234	351746
1603	128339	351732
1604	128412	351633
1605	128500	351576
1606	128567	351459
1607	128634	351343
1608	128700	351226
1609	128782	351153
1610	128858	351060
1611	128938	350980
1612	129011	350883
1613	129073	350753
1614	129148	350659
1615	129221	350561
1616	129293	350458
1617	129377	350390
1618	129449	350289
1619	129525	350198
1620	129595	350091
1621	129669	349996
1622	129748	349914
1623	129822	349817
1624	129907	349750
1625	129981	349653
1626	130055	349557
1627	130122	349443
1628	130175	349291
1629	130244	349183
1630	130285	348999
1631	130334	348837
1632	130424	348784
1633	130517	348738
1634	130574	348598
1635	130633	348462
1636	130715	348388
1637	130803	348329
1638	130874	348227
1639	130940	348110
1640	131016	348019
1641	131086	347914
1642	131163	347827
1643	131236	347729
1644	131322	347665
1645	131394	347565
1646	131466	347464
1647	131531	347346
1648	131605	347250
1649	131677	347150
1650	131765	347092
1651	131848	347019
1652	131932	346950
1653	132013	346875
1654	132113	346847
1655	132210	346813
1656	132292	346739
1657	132361	346630
1658	132432	346528
1659	132497	346408
1660	132564	346295
1661	132636	346194
1662	132710	346099
1663	132778	345989
1664	132839	345860
1665	132913	345766
1666	132988	345674
1667	133063	345582
1668	133140	345494
1669	133203	345370
1670	133259	345229
1671	133335	345140
1672	133418	345070
1673	133484	344955
1674	133563	344873
1675	133625	344746
1676	133689	344626
1677	133755	344513
1678	133817	344385
1679	133885	344276
1680	133929	344104
1681	134003	344010
1682	134067	343891
1683	134134	343778
1684	134201	343666
1685	134271	343563
1686	134351	343483
1687	134423	343384
1688	134519	343346
1689	134585	343233
1690	134654	343125
1691	134734	343048
1692	134811	342960
1693	134881	342857
1694	134975	342813
1695	135041	342698
1696	135102	342574
1697	135176	342478
1698	135250	342385
1699	135321	342282
1700	135394	342187
1701	135458	342069
1702	135547	342011
1703	135631	341943
1704	135702	341841
1705	135767	341727
1706	135837	341622
1707	135925	341564
1708	135994	341458
1709	136062	341349
1710	136129	341239
1711	136201	341139
1712	136285	341072
1713	136363	340989
1714	136455	340939
1715	136539	340871
1716	136619	340792
1717	136699	340714
1718	136777	340631
1719	136857	340552
1720	136920	340430
1721	136992	340333
1722	137068	340244
1723	137151	340174
1724	137224	340078
1725	137298	339985
1726	137371	339889
1727	137440	339782
1728	137509	339677
1729	137583	339583
1730	137659	339496
1731	137737	339413
1732	137811	339320
1733	137886	339230
1734	137966	339150
1735	138044	339068
1736	138106	338945
1737	138190	338877
1738	138267	338790
1739	138354	338730
1740	138432	338647
1741	138514	338573
1742	138598	338504
1743	138678	338425
1744	138736	338293
1745	138806	338191
1746	138885	338111
1747	138951	337999
1748	139013	337877
1749	139084	337777
1750	139180	337737
1751	139257	337650
1752	139335	337568
1753	139410	337477
1754	139480	337376
1755	139556	337288
1756	139619	337169
1757	139691	337070
1758	139759	336964
1759	139839	336884
1760	139907	336779
1761	139979	336681
1762	140040	336558
1763	140127	336495
1764	140199	336398
1765	140268	336296
1766	140339	336195
1767	140429	336141
1768	140509	336063
1769	140591	335989
1770	140694	335967
1771	140785	335914
1772	140902	335924
1773	140974	335828
1774	141048	335734
1775	141122	335642
1776	141189	335532
1777	141283	335489
1778	141351	335382
1779	141441	335327
1780	141518	335242
1781	141596	335159
1782	141672	335072
1783	141755	335000
1784	141837	334926
1785	141918	334852
1786	141984	334740
1787	142059	334649
1788	142158	334617
1789	142241	334546
1790	142320	334464
1791	142397	334380
1792	142474	334295
1793	142549	334204
1794	142620	334105
1795	142708	334046
1796	142778	333943
1797	142852	333851
1798	142911	333724
1799	142984	333629
1800	143057	333535
1801	143125	333429
1802	143202	333344
1803	143285	333274
1804	143391	333255
1805	143459	333150
1806	143537	333068
1807	143606	332963
1808	143687	332888
1809	143751	332772
1810	143813	332652
1811	143891	332569
1812	143967	332483
1813	144036	332378
1814	144107	332279
1815	144184	332195
1816	144253	332091
1817	144339	332028
1818	144399	331904
1819	144476	331818
1820	144545	331716
1821	144630	331650
1822	144692	331529
1823	144781	331472
1824	144859	331391
1825	144938	331311
1826	145025	331249
1827	145097	331153
1828	145177	331074
1829	145259	331001
1830	145328	330898
1831	145394	330787
1832	145453	330662
1833	145525	330567
1834	145595	330466
1835	145671	330378
1836	145738	330271
1837	145815	330187
1838	145882	330080
1839	145956	329989
1840	146042	329923
1841	146113	329826
1842	146175	329708
1843	146244	329605
1844	146320	329517
1845	146394	329426
1846	146461	329320
1847	146536	329231
1848	146642	329212
1849	146731	329153
1850	146814	329083
1851	146922	329069
1852	147012	329012
1853	147098	328947
1854	147173	328858
1855	147247	328768
1856	147324	328682
1857	147404	328606
1858	147472	328500
1859	147552	328423
1860	147615	328307
1861	147694	328227
1862	147772	328145
1863	147844	328050
1864	147915	327952
1865	147996	327875
1866	148066	327775
1867	148136	327677
1868	148216	327599
1869	148304	327538
1870	148393	327480
1871	148491	327442
1872	148558	327337
1873	148628	327235
1874	148684	327106
1875	148754	327005
1876	148829	326917
1877	148912	326846
1878	148987	326756
1879	149071	326688
1880	149144	326596
1881	149218	326504
1882	149300	326431
1883	149372	326336
1884	149436	326222
1885	149496	326101
1886	149574	326021
1887	149657	325948
1888	149730	325856
1889	149808	325773
1890	149879	325676
1891	149944	325566
1892	150026	325494
1893	150094	325389
1894	150175	325313
1895	150249	325223
1896	150320	325127
1897	150386	325019
1898	150463	324935
1899	150532	324832
1900	150615	324762
1901	150708	324713
1902	150783	324625
1903	150858	324536
1904	150931	324443
1905	151009	324362
1906	151089	324282
1907	151165	324197
1908	151242	324114
1909	151313	324016
1910	151387	323925
1911	151459	323831
1912	151531	323736
1913	151612	323661
1914	151676	323550
1915	151754	323467
1916	151833	323389
1917	151900	323283
1918	151977	323200
1919	152058	323124
1920	152128	323024
1921	152208	322949
1922	152283	322860
1923	152398	322856
1924	152468	322758
1925	152533	322649
1926	152617	322579
1927	152683	322473
1928	152763	322394
1929	152836	322302
1930	152904	322199
1931	152979	322111
1932	153052	322020
1933	153124	321925
1934	153185	321808
1935	153252	321702
1936	153308	321575
1937	153373	321466
1938	153424	321328
1939	153515	321274
1940	153596	321198
1941	153689	321149
1942	153763	321060
1943	153842	320980
1944	153914	320885
1945	153984	320786
1946	154065	320712
1947	154137	320619
1948	154198	320502
1949	154263	320394
1950	154340	320310
1951	154402	320195
1952	154476	320105
1953	154557	320029
1954	154640	319959
1955	154732	319907
1956	154827	319861
1957	154908	319784
1958	154970	319671
1959	155054	319601
1960	155120	319495
1961	155198	319415
1962	155256	319291
1963	155325	319191
1964	155396	319096
1965	155470	319007
1966	155542	318914
1967	155611	318813
1968	155675	318704
1969	155735	318585
1970	155817	318512
1971	155884	318408
1972	155960	318323
1973	156032	318231
1974	156105	318138
1975	156185	318062
1976	156257	317969
1977	156329	317875
1978	156397	317773
1979	156477	317697
1980	156545	317594
1981	156615	317498
1982	156685	317401
1983	156755	317304
1984	156838	317231
1985	156904	317127
1986	156972	317025
1987	157052	316949
1988	157131	316870
1989	157203	316777
1990	157292	316718
1991	157364	316625
1992	157429	316517
1993	157493	316407
1994	157556	316297
1995	157621	316190
1996	157689	316090
1997	157758	315991
1998	157830	315897
1999	157906	315812
2000	158001	315766
2001	158086	315698
2002	158153	315596
2003	158200	315453
2004	158290	315396
2005	158379	315337
2006	158461	315265
2007	158552	315210
2008	158618	315106
2009	158692	315016
2010	158749	314894
2011	158829	314817
2012	158912	314747
2013	158988	314660
2014	159058	314564
2015	159127	314466
2016	159211	314396
2017	159278	314294
2018	159363	314228
2019	159445	314154
2020	159527	314082
2021	159621	314032
2022	159705	313964
2023	159793	313902
2024	159862	313804
2025	159937	313717
2026	159996	313599
2027	160066	313502
2028	160159	313452
2029	160227	313351
2030	160302	313265
2031	160374	313172
2032	160458	313103
2033	160526	313003
2034	160613	312940
2035	160697	312870
2036	160787	312814
2037	160863	312728
2038	160927	312619
2039	161007	312544
2040	161073	312439
2041	161164	312384
2042	161233	312285
2043	161318	312219
2044	161391	312128
2045	161466	312041
2046	161548	311969
2047	161616	311868
2048	161673	311747
2049	161750	311664
2050	161819	311566
2051	161896	311486
2052	161971	311398
2053	162061	311340
2054	162125	311234
2055	162197	311142
2056	162274	311059
2057	162345	310965
2058	162432	310901
2059	162521	310842
2060	162603	310769
2061	162690	310705
2062	162770	310628
2063	162836	310524
2064	162904	310425
2065	163003	310384
2066	163099	310338
2067	163176	310256
2068	163256	310178
2069	163338	310105
2070	163405	310004
2071	163478	309915
2072	163536	309796
2073	163612	309711
2074	163689	309629
2075	163766	309546
2076	163838	309455
2077	163902	309347
2078	163964	309237
2079	164067	309203
2080	164136	309106
2081	164219	309035
2082	164288	308937
2083	164361	308848
2084	164421	308734
2085	164496	308647
2086	164570	308560
2087	164640	308464
2088	164720	308388
2089	164804	308318
2090	164895	308262
2091	164944	308128
2092	165010	308024
2093	165095	307956
2094	165162	307856
2095	165235	307766
2096	165309	307678
2097	165388	307599
2098	165464	307515
2099	165550	307450
2100	165626	307367
2101	165707	307292
2102	165779	307200
2103	165857	307119
2104	165940	307048
2105	166004	306943
2106	166095	306887
2107	166185	306828
2108	166286	306789
2109	166369	306718
2110	166445	306634
2111	166533	306572
2112	166611	306492
2113	166696	306425
2114	166777	306350
2115	166861	306281
2116	166941	306203
2117	167014	306113
2118	167094	306038
2119	167169	305952
2120	167250	305877
2121	167314	305770
2122	167394	305693
2123	167475	305618
2124	167569	305568
2125	167647	305486
2126	167743	305439
2127	167820	305358
2128	167895	305271
2129	167967	305180
2130	168073	305150
2131	168134	305039
2132	168208	304952
2133	168282	304863
2134	168359	304781
2135	168450	304725
2136	168522	304632
2137	168606	304564
2138	168681	304478
2139	168758	304396
2140	168837	304317
2141	168923	304251
2142	168982	304137
2143	169056	304048
2144	169117	303939
2145	169194	303856
2146	169273	303778
2147	169341	303679
2148	169455	303663
2149	169564	303639
2150	169652	303575
2151	169746	303524
2152	169847	303484
2153	169930	303413
2154	170006	303329
2155	170082	303245
2156	170159	303162
2157	170262	303128
2158	170341	303049
2159	170421	302971
2160	170492	302879
2161	170555	302772
2162	170656	302731
2163	170738	302658
2164	170815	302576
2165	170881	302473
2166	170947	302372
2167	171021	302285
2168	171101	302207
2169	171180	302130
2170	171249	302033
2171	171335	301967
2172	171421	301901
2173	171497	301816
2174	171573	301732
2175	171690	301720
2176	171790	301679
2177	171877	301614
2178	171967	301554
2179	172060	301500
2180	172142	301427
2181	172226	301357
2182	172326	301314
2183	172404	301235
2184	172491	301169
2185	172563	301077
2186	172640	300996
2187	172731	300938
2188	172842	300914
2189	172967	300916
2190	173062	300865
2191	173155	300809
2192	173255	300766
2193	173327	300677
2194	173412	300608
2195	173500	300544
2196	173596	300494
2197	173683	300429
2198	173754	300337
2199	173830	300252
2200	173896	300150
2201	173971	300064
2202	174034	299959
2203	174121	299893
2204	174202	299818
2205	174286	299748
2206	174384	299700
2207	174496	299678
2208	174585	299616
2209	174665	299539
2210	174749	299469
2211	174857	299440
2212	174955	299392
2213	175042	299327
2214	175121	299248
2215	175200	299169
2216	175285	299099
2217	175355	299004
2218	175438	298933
2219	175514	298848
2220	175579	298746
2221	175653	298657
2222	175727	298571
2223	175810	298498
2224	175885	298412
2225	175967	298338
2226	176047	298261
2227	176131	298190
2228	176195	298085
2229	176267	297995
2230	176347	297918
2231	176425	297837
2232	176503	297755
2233	176566	297649
2234	176644	297568
2235	176716	297478
2236	176790	297391
2237	176863	297301
2238	176956	297244
2239	177021	297142
2240	177090	297047
2241	177179	296984
2242	177278	296939
2243	177352	296852
2244	177430	296770
2245	177514	296700
2246	177592	296619
2247	177664	296529
2248	177734	296434
2249	177819	296365
2250	177914	296314
2251	177993	296234
2252	178070	296152
2253	178143	296062
2254	178224	295986
2255	178305	295910
2256	178400	295859
2257	178498	295811
2258	178572	295724
2259	178652	295646
2260	178736	295574
2261	178823	295509
2262	178903	295431
2263	179000	295381
2264	179098	295333
2265	179197	295288
2266	179270	295199
2267	179365	295147
2268	179466	295103
2269	179561	295051
2270	179650	294987
2271	179748	294938
2272	179833	294869
2273	179904	294778
2274	180005	294733
2275	180080	294648
2276	180144	294544
2277	180226	294469
2278	180311	294399
2279	180394	294327
2280	180466	294236
2281	180542	294153
2282	180613	294060
2283	180688	293974
2284	180759	293882
2285	180834	293796
2286	180906	293706
2287	180978	293615
2288	181046	293517
2289	181125	293439
2290	181190	293337
2291	181258	293240
2292	181326	293142
2293	181397	293050
2294	181490	292994
2295	181597	292960
2296	181691	292905
2297	181788	292855
2298	181893	292817
2299	182003	292787
2300	182107	292749
2301	182238	292753
2302	182318	292675
2303	182405	292608
2304	182502	292558
2305	182612	292529
2306	182698	292459
2307	182788	292397
2308	182884	292345
2309	182999	292323
2310	183103	292283
2311	183195	292225
2312	183291	292172
2313	183389	292122
2314	183492	292082
2315	183564	291991
2316	183655	291930
2317	183724	291834
2318	183796	291743
2319	183880	291671
2320	183982	291628
2321	184071	291564
2322	184189	291546
2323	184277	291482
2324	184355	291401
2325	184441	291332
2326	184542	291287
2327	184637	291232
2328	184723	291164
2329	184822	291115
2330	184925	291072
2331	185051	291067
2332	185135	290995
2333	185220	290924
2334	185316	290870
2335	185413	290819
2336	185517	290778
2337	185631	290754
2338	185776	290776
2339	185913	290787
2340	186026	290760
2341	186132	290722
2342	186234	290678
2343	186339	290639
2344	186447	290604
2345	186556	290569
2346	186652	290515
2347	186767	290491
2348	186859	290431
2349	186945	290361
2350	187025	290283
2351	187116	290221
2352	187214	290170
2353	187309	290115
2354	187395	290046
2355	187497	290000
2356	187625	289996
2357	187750	289985
2358	187857	289949
2359	187951	289891
2360	188043	289830
2361	188168	289820
2362	188283	289795
2363	188384	289748
2364	188499	289724
2365	188597	289671
2366	188693	289617
2367	188780	289548
2368	188920	289560
2369	189034	289533
2370	189158	289522
2371	189255	289468
2372	189355	289420
2373	189457	289372
2374	189563	289333
2375	189652	289267
2376	189732	289188
2377	189831	289137
2378	189917	289067
2379	190008	289004
2380	190109	288957
2381	190228	288936
2382	190344	288911
2383	190434	288846
2384	190543	288811
2385	190659	288786
2386	190803	288802
2387	190912	288766
2388	191023	288734
2389	191110	288665
2390	191215	288622
2391	191300	288550
2392	191373	288460
2393	191495	288442
2394	191593	288389
2395	191687	288331
2396	191791	288288
2397	191912	288269
2398	192006	288210
2399	192088	288132
2400	192183	288075
2401	192292	288039
2402	192422	288032
2403	192501	287951
2404	192590	287885
2405	192696	287843
2406	192793	287788
2407	192889	287732
2408	192979	287666
2409	193087	287628
2410	193216	287620
2411	193309	287559
2412	193394	287486
2413	193487	287425
2414	193571	287351
2415	193662	287286
2416	193756	287227
2417	193849	287166
2418	193931	287088
2419	194005	287000
2420	194095	286934
2421	194205	286897
2422	194286	286819
2423	194393	286778
2424	194495	286729
2425	194599	286685
2426	194687	286615
2427	194800	286585
2428	194885	286511
2429	195038	286538
2430	195127	286471
2431	195225	286415
2432	195320	286358
2433	195439	286334
2434	195531	286271
2435	195605	286181
2436	195702	286125
2437	195798	286068
2438	195894	286011
2439	195989	285951
2440	196074	285877
2441	196163	285811
2442	196257	285750
2443	196335	285667
2444	196455	285644
2445	196525	285548
2446	196613	285478
2447	196728	285448
2448	196812	285373
2449	196935	285354
2450	197036	285304
2451	197153	285278
2452	197260	285236
2453	197357	285178
2454	197446	285110
2455	197549	285063
2456	197655	285019
2457	197749	284959
2458	197858	284918
2459	197949	284854
2460	198037	284785
2461	198126	284716
2462	198230	284669
2463	198320	284603
2464	198424	284556
2465	198568	284566
2466	198664	284508
2467	198785	284485
2468	198889	284439
2469	199015	284422
2470	199117	284373
2471	199204	284300
2472	199322	284274
2473	199419	284217
2474	199511	284152
2475	199596	284078
2476	199723	284063
2477	199821	284008
2478	199919	283951
2479	200036	283922
2480	200123	283851
2481	200219	283791
2482	200301	283713
2483	200400	283658
2484	200503	283609
2485	200602	283554
2486	200695	283492
2487	200799	283444
2488	200931	283435
2489	201061	283424
2490	201152	283358
2491	201248	283298
2492	201328	283217
2493	201430	283165
2494	201514	283090
2495	201597	283011
2496	201691	282949
2497	201777	282875
2498	201876	282820
2499	202000	282800
2500	202111	282761
2501	202214	282712
2502	202314	282658
2503	202424	282618
2504	202518	282556
2505	202627	282514
2506	202758	282503
2507	202846	282431
2508	202991	282440
2509	203082	282373
2510	203191	282331
2511	203311	282304
2512	203418	282260
2513	203507	282191
2514	203621	282155
2515	203724	282105
2516	203819	282043
2517	203924	281995
2518	204039	281961
2519	204142	281911
2520	204220	281825
2521	204325	281777
2522	204442	281746
2523	204523	281665
2524	204612	281594
2525	204724	281557
2526	204811	281483
2527	204899	281412
2528	204991	281346
2529	205093	281293
2530	205193	281239
2531	205287	281176
2532	205380	281111
2533	205470	281042
2534	205567	280983
2535	205668	280929
2536	205772	280878
2537	205857	280802
2538	205952	280740
2539	206049	280681
2540	206158	280637
2541	206253	280576
2542	206347	280513
2543	206449	280460
2544	206539	280390
2545	206667	280373
2546	206756	280301
2547	206847	280235
2548	206935	280162
2549	207048	280123
2550	207157	280081
2551	207255	280021
2552	207361	279974
2553	207497	279967
2554	207647	279978
2555	207749	279926
2556	207823	279833
2557	207909	279759
2558	208007	279700
2559	208116	279656
2560	208222	279608
2561	208368	279614
2562	208483	279578
2563	208602	279546
2564	208696	279481
2565	208795	279424
2566	208930	279415
2567	209043	279376
2568	209145	279322
2569	209252	279274
2570	209353	279220
2571	209481	279199
2572	209607	279177
2573	209703	279115
2574	209800	279055
2575	209879	278970
2576	209976	278909
2577	210070	278844
2578	210172	278790
2579	210257	278713
2580	210346	278642
2581	210459	278601
2582	210564	278551
2583	210657	278485
2584	210754	278424
2585	210846	278356
2586	210911	278252
2587	211015	278200
2588	211098	278121
2589	211196	278061
2590	211323	278040
2591	211413	277969
2592	211514	277913
2593	211602	277841
2594	211695	277773
2595	211795	277716
2596	211899	277664
2597	211978	277579
2598	212124	277582
2599	212212	277509
2600	212324	277466
2601	212414	277395
2602	212506	277327
2603	212622	277291
2604	212713	277221
2605	212820	277172
2606	212917	277111
2607	213057	277105
2608	213185	277084
2609	213290	277032
2610	213403	276991
2611	213529	276966
2612	213649	276934
2613	213748	276874
2614	213826	276789
2615	213930	276735
2616	214021	276665
2617	214119	276604
2618	214242	276576
2619	214339	276514
2620	214424	276436
2621	214515	276367
2622	214602	276290
2623	214691	276219
2624	214797	276167
2625	214901	276114
2626	214992	276044
2627	215115	276015
2628	215217	275959
2629	215327	275914
2630	215433	275862
2631	215510	275774
2632	215614	275721
2633	215713	275661
2634	215815	275605
2635	215937	275573
2636	216042	275522
2637	216173	275502
2638	216285	275459
2639	216380	275393
2640	216477	275330
2641	216595	275294
2642	216747	275300
2643	216899	275307
2644	217037	275297
2645	217181	275293
2646	217291	275246
2647	217469	275286
2648	217595	275259
2649	217701	275207
2650	217827	275181
2651	217952	275152
2652	218067	275112
2653	218154	275035
2654	218260	274983
2655	218361	274925
2656	218481	274890
2657	218605	274860
2658	218757	274866
2659	218900	274859
2660	219014	274817
2661	219110	274752
2662	219231	274718
2663	219351	274683
2664	219501	274685
2665	219644	274679
2666	219774	274656
2667	219862	274580
2668	219947	274501
2669	220041	274434
2670	220135	274365
2671	220225	274293
2672	220316	274220
2673	220403	274144
2674	220511	274093
2675	220628	274054
2676	220730	273995
2677	220851	273961
2678	220949	273897
2679	221031	273814
2680	221145	273772
2681	221241	273705
2682	221338	273641
2683	221428	273567
2684	221534	273514
2685	221622	273438
2686	221745	273406
2687	221849	273350
2688	221976	273322
2689	222088	273275
2690	222253	273294
2691	222383	273270
2692	222532	273269
2693	222666	273250
2694	222782	273208
2695	222895	273163
2696	223029	273142
2697	223130	273082
2698	223244	273038
2699	223389	273031
2700	223493	272975
2701	223617	272942
2702	223744	272913
2703	223846	272854
2704	223927	272768
2705	224030	272711
2706	224130	272648
2707	224257	272620
2708	224368	272571
2709	224463	272503
2710	224548	272423
2711	224632	272341
2712	224724	272270
2713	224849	272238
2714	224954	272182
2715	225039	272102
2716	225164	272069
2717	225275	272021
2718	225393	271980
2719	225509	271938
2720	225608	271874
2721	225708	271812
2722	225792	271730
2723	225875	271648
2724	225964	271572
2725	226071	271518
2726	226173	271458
2727	226283	271407
2728	226395	271359
2729	226516	271322
2730	226662	271314
2731	226809	271307
2732	226928	271268
2733	227050	271231
2734	227154	271173
2735	227275	271135
2736	227422	271128
2737	227567	271119
2738	227757	271163
2739	227863	271107
2740	227953	271033
2741	228102	271028
2742	228248	271019
2743	228379	270992
2744	228542	271004
2745	228666	270968
2746	228818	270966
2747	228900	270882
2748	229024	270847
2749	229133	270793
2750	229236	270733
2751	229323	270654
2752	229413	270579
2753	229508	270509
2754	229612	270450
2755	229727	270404
2756	229817	270329
2757	229942	270295
2758	230032	270219
2759	230129	270151
2760	230215	270071
2761	230321	270014
2762	230431	269962
2763	230529	269896
2764	230636	269840
2765	230726	269765
2766	230839	269716
2767	230937	269649
2768	231012	269556
2769	231108	269487
2770	231211	269427
2771	231300	269349
2772	231396	269281
2773	231547	269275
2774	231654	269220
2775	231739	269138
2776	231856	269094
2777	231965	269039
2778	232067	268977
2779	232177	268924
2780	232254	268834
2781	232347	268761
2782	232425	268671
2783	232517	268598
2784	232619	268535
2785	232702	268451
2786	232787	268370
2787	232883	268300
2788	232984	268236
2789	233087	268176
2790	233182	268105
2791	233283	268042
2792	233372	267965
2793	233472	267899
2794	233581	267845
2795	233690	267790
2796	233773	267706
2797	233879	267649
2798	233981	267586
2799	234094	267536
2800	234183	267458
2801	234278	267388
2802	234375	267319
2803	234478	267258
2804	234570	267185
2805	234663	267112
2806	234752	267033
2807	234846	266962
2808	234951	266902
2809	235038	266823
2810	235141	266761
2811	235242	266696
2812	235345	266635
2813	235424	266546
2814	235519	266476
2815	235622	266414
2816	235722	266349
2817	235829	266291
2818	235916	266211
2819	236003	266131
2820	236084	266044
2821	236223	266023
2822	236331	265966
2823	236459	265933
2824	236548	265855
2825	236645	265786
2826	236750	265726
2827	236897	265714
2828	236982	265631
2829	237120	265608
2830	237245	265571
2831	237355	265515
2832	237470	265467
2833	237585	265418
2834	237681	265348
2835	237767	265266
2836	237846	265177
2837	237972	265140
2838	238089	265093
2839	238211	265052
2840	238313	264989
2841	238404	264912
2842	238507	264850
2843	238608	264784
2844	238693	264701
2845	238803	264647
2846	238897	264574
2847	238999	264511
2848	239083	264426
2849	239169	264345
2850	239240	264247
2851	239317	264154
2852	239398	264068
2853	239504	264008
2854	239587	263923
2855	239702	263873
2856	239800	263805
2857	239903	263742
2858	239982	263653
2859	240097	263604
2860	240220	263562
2861	240331	263507
2862	240433	263444
2863	240524	263367
2864	240617	263293
2865	240710	263219
2866	240791	263131
2867	240884	263057
2868	240977	262983
2869	241069	262908
2870	241148	262819
2871	241229	262731
2872	241305	262638
2873	241393	262559
2874	241473	262471
2875	241567	262397
2876	241669	262334
2877	241771	262268
2878	241903	262237
2879	242016	262184
2880	242141	262144
2881	242277	262116
2882	242389	262063
2883	242512	262021
2884	242629	261972
2885	242759	261938
2886	242865	261877
2887	242993	261840
2888	243103	261784
2889	243213	261728
2890	243307	261654
2891	243400	261579
2892	243501	261513
2893	243622	261469
2894	243725	261404
2895	243819	261331
2896	243927	261272
2897	244034	261213
2898	244200	261215
2899	244294	261142
2900	244411	261093
2901	244550	261067
2902	244659	261009
2903	244762	260945
2904	244874	260890
2905	244968	260816
2906	245071	260752
2907	245168	260681
2908	245290	260637
2909	245368	260545
2910	245478	260488
2911	245600	260444
2912	245727	260404
2913	245835	260345
2914	245930	260272
2915	246035	260210
2916	246166	260175
2917	246269	260110
2918	246401	260076
2919	246524	260032
2920	246643	259984
2921	246732	259904
2922	246833	259838
2923	246913	259748
2924	246997	259664
2925	247088	259586
2926	247197	259527
2927	247297	259459
2928	247397	259391
2929	247484	259309
2930	247578	259235
2931	247713	259203
2932	247814	259136
2933	247939	259093
2934	248036	259022
2935	248173	258993
2936	248284	258935
2937	248383	258866
2938	248493	258809
2939	248582	258728
2940	248674	258651
2941	248773	258582
2942	248874	258514
2943	248967	258439
2944	249050	258352
2945	249171	258306
2946	249269	258235
2947	249405	258204
2948	249504	258134
2949	249592	258053
2950	249674	257965
2951	249779	257902
2952	249873	257827
2953	249974	257759
2954	250095	257712
2955	250197	257646
2956	250308	257588
2957	250400	257511
2958	250494	257436
2959	250597	257370
2960	250726	257331
2961	250841	257277
2962	250993	257262
2963	251111	257211
2964	251202	257133
2965	251321	257083
2966	251417	257010
2967	251553	256978
2968	251652	256907
2969	251746	256831
2970	251837	256754
2971	251927	256674
2972	252020	256597
2973	252128	256536
2974	252221	256460
2975	252299	256369
2976	252394	256294
2977	252476	256206
2978	252576	256137
2979	252700	256092
2980	252803	256026
2981	252901	255954
2982	252986	255870
2983	253091	255805
2984	253198	255743
2985	253286	255662
2986	253381	255587
2987	253499	255535
2988	253660	255527
2989	253774	255471
2990	253875	255403
2991	253981	255339
2992	254100	255288
2993	254193	255212
2994	254289	255138
2995	254391	255070
2996	254504	255013
2997	254604	254944
2998	254684	254854
2999	254771	254771
3000	254852	254682
3001	254939	254599
3002	255047	254538
3003	255154	254475
3004	255260	254410
3005	255352	254333
3006	255427	254237
3007	255515	254156
3008	255624	254095
3009	255723	254024
3010	255878	254008
3011	255988	253948
3012	256098	253888
3013	256219	253838
3014	256344	253794
3015	256451	253730
3016	256550	253659
3017	256628	253567
3018	256731	253499
3019	256834	253433
3020	256916	253344
3021	256990	253248
3022	257113	253200
3023	257210	253127
3024	257349	253095
3025	257455	253031
3026	257541	252946
3027	257620	252856
3028	257701	252766
3029	257787	252683
3030	257876	252601
3031	257957	252512
3032	258064	252449
3033	258164	252378
3034	258283	252326
3035	258403	252275
3036	258517	252218
3037	258635	252165
3038	258750	252109
3039	258879	252066
3040	258993	252009
3041	259080	251926
3042	259177	251853
3043	259272	251777
3044	259362	251696
3045	259440	251604
3046	259561	251553
3047	259663	251485
3048	259729	251381
3049	259843	251323
3050	259935	251245
3051	260033	251172
3052	260161	251128
3053	260251	251047
3054	260366	250991
3055	260484	250937
3056	260591	250874
3057	260692	250803
3058	260823	250762
3059	260920	250688
3060	261014	250611
3061	261126	250551
3062	261225	250479
3063	261327	250409
3064	261435	250346
3065	261531	250271
3066	261631	250201
3067	261722	250120
3068	261822	250049
3069	261912	249968
3070	261993	249879
3071	262099	249814
3072	262195	249738
3073	262294	249666
3074	262395	249595
3075	262488	249517
3076	262584	249442
3077	262681	249367
3078	262781	249296
3079	262878	249222
3080	262984	249157
3081	263073	249074
3082	263166	248996
3083	263265	248924
3084	263357	248845
3085	263484	248799
3086	263579	248722
3087	263682	248653
3088	263782	248582
3089	263868	248497
3090	263954	248412
3091	264031	248319
3092	264154	248269
3093	264257	248200
3094	264335	248108
3095	264459	248059
3096	264571	247998
3097	264676	247931
3098	264792	247874
3099	264917	247826
3100	265026	247762
3101	265129	247693
3102	265257	247647
3103	265341	247561
3104	265429	247477
3105	265514	247391
3106	265612	247318
3107	265694	247229
3108	265794	247156
3109	265893	247084
3110	265990	247009
3111	266121	246965
3112	266244	246915
3113	266345	246844
3114	266424	246752
3115	266508	246665
3116	266580	246567
3117	266658	246475
3118	266745	246390
3119	266813	246288
3120	266910	246214
3121	267019	246150
3122	267141	246098
3123	267230	246016
3124	267339	245952
3125	267441	245882
3126	267530	245799
3127	267622	245719
3128	267729	245653
3129	267819	245572
3130	267913	245494
3131	268001	245411
3132	268112	245348
3133	268223	245286
3134	268319	245210
3135	268413	245132
3136	268500	245048
3137	268591	244968
3138	268673	244878
3139	268804	244834
3140	268898	244756
3141	269006	244691
3142	269111	244623
3143	269205	244545
3144	269316	244483
3145	269404	244399
3146	269487	244311
3147	269601	244251
3148	269688	244167
3149	269772	244080
3150	269865	244000
3151	269959	243922
3152	270056	243847
3153	270173	243789
3154	270267	243711
3155	270408	243675
3156	270483	243580
3157	270575	243500
3158	270680	243432
3159	270787	243365
3160	270886	243291
3161	270983	243216
3162	271088	243148
3163	271189	243076
3164	271276	242991
3165	271412	242950
3166	271516	242881
3167	271618	242810
3168	271747	242763
3169	271840	242684
3170	271925	242597
3171	272006	242508
3172	272115	242442
3173	272198	242354
3174	272291	242275
3175	272383	242194
3176	272470	242109
3177	272563	242030
3178	272645	241941
3179	272748	241871
3180	272837	241788
3181	272936	241714
3182	273025	241631
3183	273167	241594
3184	273281	241534
3185	273362	241444
3186	273447	241358
3187	273529	241268
3188	273612	241180
3189	273739	241131
3190	273840	241058
3191	273935	240981
3192	274030	240902
3193	274132	240831
3194	274262	240784
3195	274352	240701
3196	274439	240617
3197	274537	240542
3198	274637	240468
3199	274731	240390
3200	274823	240309
3201	274905	240220
3202	274970	240116
3203	275073	240045
3204	275205	240000
3205	275320	239939
3206	275430	239874
3207	275531	239801
3208	275618	239717
3209	275729	239652
3210	275810	239562
3211	275913	239491
3212	276028	239430
3213	276130	239358
3214	276213	239270
3215	276313	239197
3216	276411	239121
3217	276492	239031
3218	276615	238977
3219	276713	238902
3220	276795	238812
3221	276913	238754
3222	277007	238675
3223	277132	238622
3224	277248	238562
3225	277330	238473
3226	277437	238405
3227	277527	238323
3228	277640	238260
3229	277750	238194
3230	277836	238108
3231	277917	238018
3232	278023	237949
3233	278120	237873
3234	278213	237793
3235	278306	237712
3236	278389	237624
3237	278475	237538
3238	278554	237446
3239	278624	237347
3240	278732	237279
3241	278819	237194
3242	278908	237111
3243	279006	237034
3244	279099	236955
3245	279219	236897
3246	279320	236824
3247	279420	236750
3248	279519	236675
3249	279608	236591
3250	279683	236496
3251	279763	236405
3252	279866	236333
3253	279966	236259
3254	280075	236192
3255	280167	236111
3256	280256	236027
3257	280372	235967
3258	280459	235882
3259	280558	235806
3260	280647	235722
3261	280753	235654
3262	280895	235614
3263	281007	235550
3264	281161	235521
3265	281270	235454
3266	281374	235383
3267	281468	235303
3268	281563	235224
3269	281659	235147
3270	281747	235061
3271	281837	234979
3272	281947	234912
3273	282054	234844
3274	282175	234787
3275	282274	234711
3276	282369	234632
3277	282474	234562
3278	282550	234468
3279	282660	234401
3280	282775	234339
3281	282875	234264
3282	282995	234206
3283	283144	234171
3284	283257	234108
3285	283381	234052
3286	283508	234000
3287	283595	233914
3288	283693	233837
3289	283795	233764
3290	283901	233694
3291	284022	233636
3292	284133	233570
3293	284241	233502
3294	284375	233455
3295	284470	233376
3296	284554	233288
3297	284676	233231
3298	284800	233175
3299	284897	233098
3300	284982	233010
3301	285079	232932
3302	285195	232870
3303	285296	232796
3304	285395	232720
3305	285484	232635
3306	285609	232581
3307	285702	232499
3308	285807	232429
3309	285890	232340
3310	285976	232253
3311	286081	232182
3312	286180	232106
3313	286277	232027
3314	286380	231954
3315	286471	231872
3316	286554	231783
3317	286662	231714
3318	286756	231634
3319	286869	231569
3320	286968	231493
3321	287066	231416
3322	287164	231338
3323	287239	231243
3324	287337	231166
3325	287439	231092
3326	287554	231029
3327	287650	230950
3328	287748	230873
3329	287821	230775
3330	287907	230688
3331	288004	230610
3332	288144	230567
3333	288248	230494
3334	288364	230431
3335	288464	230356
3336	288582	230295
3337	288689	230225
3338	288808	230164
3339	288903	230084
3340	289018	230021
3341	289136	229959
3342	289226	229875
3343	289333	229805
3344	289438	229733
3345	289549	229666
3346	289646	229588
3347	289772	229532
3348	289867	229453
3349	289967	229377
3350	290081	229312
3351	290175	229231
3352	290298	229174
3353	290425	229119
3354	290502	229025
3355	290562	228917
3356	290662	228841
3357	290762	228765
3358	290841	228672
3359	290934	228591
3360	291070	228543
3361	291157	228457
3362	291292	228408
3363	291388	228329
3364	291481	228247
3365	291572	228164
3366	291666	228083
3367	291764	228005
3368	291856	227923
3369	291921	227820
3370	292023	227745
3371	292138	227681
3372	292231	227599
3373	292345	227533
3374	292451	227462
3375	292550	227384
3376	292630	227293
3377	292730	227217
3378	292824	227136
3379	292927	227062
3380	293018	226978
3381	293116	226900
3382	293192	226805
3383	293292	226729
3384	293400	226659
3385	293488	226573
3386	293574	226486
3387	293684	226417
3388	293770	226330
3389	293856	226243
3390	293953	226164
3391	294043	226080
3392	294131	225994
3393	294227	225915
3394	294327	225838
3395	294470	225795
3396	294568	225717
3397	294656	225631
3398	294778	225571
3399	294860	225481
3400	294947	225394
3401	295056	225325
3402	295147	225242
3403	295291	225198
3404	295413	225138
3405	295557	225095
3406	295666	225026
3407	295788	224965
3408	295914	224908
3409	296020	224836
3410	296127	224764
3411	296231	224691
3412	296326	224610
3413	296447	224549
3414	296537	224465
3415	296637	224388
3416	296751	224322
3417	296836	224233
3418	296925	224149
3419	297019	224067
3420	297110	223983
3421	297206	223903
3422	297293	223816
3423	297431	223768
3424	297533	223692
3425	297627	223611
3426	297705	223517
3427	297821	223452
3428	297917	223373
3429	298018	223296
3430	298146	223240
3431	298288	223195
3432	298404	223129
3433	298499	223049
3434	298615	222983
3435	298734	222920
3436	298819	222831
3437	298923	222758
3438	299006	222667
3439	299109	222593
3440	299261	222554
3441	299369	222483
3442	299485	222418
3443	299602	222353
3444	299723	222291
3445	299840	222226
3446	299915	222130
3447	299992	222036
3448	300072	221944
3449	300174	221868
3450	300294	221805
3451	300394	221728
3452	300492	221648
3453	300574	221558
3454	300657	221468
3455	300747	221383
3456	300822	221287
3457	300912	221202
3458	301006	221121
3459	301116	221051
3460	301198	220960
3461	301314	220894
3462	301400	220806
3463	301507	220734
3464	301601	220652
3465	301712	220582
3466	301815	220507
3467	301912	220427
3468	301995	220337
3469	302125	220281
3470	302221	220200
3471	302297	220106
3472	302443	220061
3473	302556	219993
3474	302684	219936
3475	302786	219859
3476	302900	219792
3477	303009	219721
3478	303117	219649
3479	303229	219580
3480	303339	219509
3481	303474	219456
3482	303580	219383
3483	303678	219303
3484	303782	219228
3485	303866	219139
3486	303962	219059
3487	304043	218967
3488	304121	218873
3489	304200	218780
3490	304333	218725
3491	304438	218651
3492	304531	218568
3493	304616	218479
3494	304705	218394
3495	304799	218312
3496	304898	218233
3497	304984	218144
3498	305086	218068
3499	305189	217992
3500	305309	217928
3501	305409	217850
3502	305527	217785
3503	305640	217716
3504	305764	217655
3505	305865	217577
3506	305978	217509
3507	306057	217416
3508	306214	217378
3509	306349	217324
3510	306496	217280
3511	306635	217229
3512	306740	217154
3513	306877	217102
3514	307011	217048
3515	307118	216974
3516	307235	216908
3517	307327	216824
3518	307413	216735
3519	307501	216649
3520	307597	216567
3521	307729	216511
3522	307842	216442
3523	307928	216354
3524	308030	216276
3525	308127	216196
3526	308231	216120
3527	308313	216029
3528	308411	215949
3529	308532	215885
3530	308623	215800
3531	308725	215722
3532	308838	215653
3533	308943	215578
3534	309076	215522
3535	309171	215440
3536	309279	215367
3537	309378	215288
3538	309440	215183
3539	309568	215123
3540	309642	215026
3541	309725	214936
3542	309801	214841
3543	309901	214762
3544	309990	214675
3545	310079	214589
3546	310189	214517
3547	310314	214456
3548	310446	214399
3549	310553	214325
3550	310660	214251
3551	310765	214176
3552	310843	214082
3553	310932	213995
3554	311026	213912
3555	311182	213872
3556	311296	213802
3557	311412	213734
3558	311556	213686
3559	311680	213623
3560	311772	213539
3561	311872	213460
3562	311968	213378
3563	312052	213288
3564	312168	213220
3565	312265	213138
3566	312349	213048
3567	312469	212983
3568	312588	212917
3569	312698	212845
3570	312805	212770
3571	312954	212725
3572	313077	212661
3573	313215	212607
3574	313315	212528
3575	313411	212447
3576	313510	212366
3577	313655	212317
3578	313776	212252
3579	313876	212173
3580	313943	212072
3581	314033	211985
3582	314118	211896
3583	314196	211801
3584	314278	211710
3585	314370	211625
3586	314484	211556
3587	314576	211471
3588	314677	211392
3589	314794	211324
3590	314886	211239
3591	314980	211155
3592	315069	211069
3593	315156	210980
3594	315259	210903
3595	315352	210819
3596	315443	210734
3597	315576	210676
3598	315701	210613
3599	315797	210531
3600	315885	210444
3601	315986	210365
3602	316116	210305
3603	316232	210236
3604	316316	210146
3605	316441	210083
3606	316578	210028
3607	316676	209947
3608	316760	209857
3609	316872	209785
3610	316983	209712
3611	317080	209631
3612	317173	209546
3613	317283	209473
3614	317373	209387
3615	317479	209311
3616	317595	209242
3617	317707	209170
3618	317840	209112
3619	317922	209021
3620	318030	208946
3621	318133	208868
3622	318258	208804
3623	318357	208724
3624	318443	208635
3625	318546	208557
3626	318629	208466
3627	318716	208377
3628	318801	208288
3629	318893	208203
3630	318981	208115
3631	319089	208040
3632	319194	207963
3633	319296	207885
3634	319391	207802
3635	319496	207725
3636	319587	207639
3637	319688	207560
3638	319772	207469
3639	319875	207391
3640	319986	207319
3641	320082	207236
3642	320161	207142
3643	320246	207052
3644	320370	206988
3645	320485	206917
3646	320585	206838
3647	320666	206745
3648	320752	206656
3649	320827	206560
3650	320919	206474
3651	321025	206398
3652	321121	206316
3653	321222	206236
3654	321345	206170
3655	321432	206082
3656	321547	206011
3657	321639	205926
3658	321728	205839
3659	321819	205753
3660	321912	205669
3661	321989	205574
3662	322074	205483
3663	322166	205398
3664	322250	205308
3665	322358	205233
3666	322461	205155
3667	322564	205076
3668	322658	204992
3669	322761	204914
3670	322854	204829
3671	322943	204742
3672	323021	204647
3673	323110	204560
3674	323204	204476
3675	323297	204391
3676	323428	204330
3677	323532	204252
3678	323673	204198
3679	323770	204116
3680	323871	204036
3681	323966	203952
3682	324045	203859
3683	324158	203786
3684	324262	203708
3685	324374	203636
3686	324493	203567
3687	324588	203484
3688	324659	203385
3689	324753	203300
3690	324837	203210
3691	324960	203144
3692	325049	203057
3693	325167	202987
3694	325306	202931
3695	325392	202842
3696	325479	202753
3697	325568	202665
3698	325681	202593
3699	325783	202513
3700	325868	202423
3701	325956	202336
3702	326045	202248
3703	326163	202179
3704	326290	202115
3705	326398	202039
3706	326520	201972
3707	326616	201888
3708	326701	201799
3709	326809	201723
3710	326909	201642
3711	327039	201580
3712	327146	201503
3713	327247	201423
3714	327357	201349
3715	327477	201280
3716	327572	201196
3717	327725	201148
3718	327817	201062
3719	327913	200979
3720	328020	200902
3721	328121	200822
3722	328233	200748
3723	328335	200669
3724	328452	200598
3725	328543	200511
3726	328625	200419
3727	328715	200332
3728	328802	200244
3729	328896	200159
3730	328981	200069
3731	329095	199997
3732	329196	199916
3733	329342	199863
3734	329443	199782
3735	329552	199707
3736	329665	199634
3737	329761	199550
3738	329872	199475
3739	330004	199414
3740	330124	199345
3741	330225	199264
3742	330337	199190
3743	330446	199115
3744	330538	199029
3745	330618	198936
3746	330719	198855
3747	330810	198768
3748	330908	198686
3749	330988	198593
3750	331093	198514
3751	331212	198444
3752	331327	198372
3753	331431	198293
3754	331528	198210
3755	331613	198120
3756	331714	198039
3757	331804	197952
3758	331886	197860
3759	331979	197775
3760	332082	197695
3761	332211	197631
3762	332295	197540
3763	332394	197458
3764	332493	197376
3765	332575	197284
3766	332690	197212
3767	332782	197125
3768	332922	197067
3769	333037	196995
3770	333120	196903
3771	333218	196821
3772	333320	196741
3773	333415	196656
3774	333523	196580
3775	333639	196507
3776	333793	196458
3777	333899	196380
3778	334006	196302
3779	334150	196247
3780	334239	196158
3781	334354	196086
3782	334457	196006
3783	334565	195929
3784	334656	195842
3785	334771	195769
3786	334868	195686
3787	334982	195612
3788	335117	195551
3789	335235	195480
3790	335376	195422
3791	335482	195344
3792	335592	195268
3793	335694	195187
3794	335818	195119
3795	335959	195061
3796	336063	194982
3797	336162	194899
3798	336274	194825
3799	336366	194738
3800	336499	194675
3801	336617	194604
3802	336753	194543
3803	336897	194486
3804	337000	194406
3805	337114	194332
3806	337252	194272
3807	337350	194189
3808	337448	194105
3809	337544	194021
3810	337636	193935
3811	337747	193859
3812	337838	193772
3813	337903	193669
3814	337989	193579
3815	338077	193490
3816	338173	193406
3817	338260	193316
3818	338354	193231
3819	338458	193151
3820	338549	193064
3821	338668	192992
3822	338786	192921
3823	338913	192854
3824	339005	192767
3825	339090	192677
3826	339180	192589
3827	339280	192506
3828	339391	192431
3829	339496	192351
3830	339617	192281
3831	339723	192202
3832	339810	192112
3833	339902	192026
3834	340003	191944
3835	340087	191853
3836	340190	191772
3837	340277	191683
3838	340379	191602
3839	340477	191518
3840	340581	191438
3841	340665	191347
3842	340759	191261
3843	340853	191175
3844	340986	191111
3845	341087	191030
3846	341189	190948
3847	341297	190871
3848	341408	190795
3849	341543	190732
3850	341627	190640
3851	341709	190548
3852	341811	190466
3853	341914	190386
3854	341993	190292
3855	342076	190199
3856	342208	190135
3857	342297	190046
3858	342396	189964
3859	342479	189872
3860	342581	189790
3861	342676	189705
3862	342778	189624
3863	342877	189541
3864	342952	189444
3865	343045	189358
3866	343135	189270
3867	343220	189179
3868	343306	189089
3869	343408	189007
3870	343547	188946
3871	343653	188867
3872	343766	188791
3873	343882	188717
3874	343978	188633
3875	344084	188554
3876	344187	188473
3877	344311	188403
3878	344405	188317
3879	344527	188247
3880	344631	188166
3881	344712	188073
3882	344834	188002
3883	344953	187930
3884	345049	187845
3885	345164	187770
3886	345255	187683
3887	345361	187603
3888	345453	187516
3889	345572	187444
3890	345668	187359
3891	345812	187300
3892	345904	187213
3893	346007	187131
3894	346115	187053
3895	346202	186963
3896	346316	186888
3897	346438	186817
3898	346519	186723
3899	346690	186679
3900	346869	186639
3901	347009	186577
3902	347095	186487
3903	347192	186402
3904	347317	186332
3905	347410	186245
3906	347547	186182
3907	347658	186105
3908	347781	186035
3909	347900	185962
3910	348025	185892
3911	348126	185809
3912	348226	185726
3913	348369	185666
3914	348472	185585
3915	348564	185497
3916	348667	185415
3917	348753	185325
3918	348830	185230
3919	348916	185139
3920	349011	185053
3921	349112	184971
3922	349197	184879
3923	349306	184801
3924	349410	184720
3925	349540	184652
3926	349620	184559
3927	349716	184473
3928	349783	184372
3929	349928	184313
3930	350027	184229
3931	350124	184145
3932	350226	184062
3933	350321	183976
3934	350415	183890
3935	350500	183799
3936	350592	183711
3937	350687	183625
3938	350777	183537
3939	350888	183459
3940	350984	183374
3941	351067	183282
3942	351162	183195
3943	351266	183114
3944	351380	183038
3945	351498	182964
3946	351606	182885
3947	351712	182804
3948	351796	182713
3949	351885	182623
3950	352008	182552
3951	352089	182459
3952	352190	182376
3953	352295	182295
3954	352451	182241
3955	352548	182155
3956	352663	182080
3957	352749	181989
3958	352845	181903
3959	352919	181806
3960	353026	181727
3961	353120	181640
3962	353225	181559
3963	353311	181468
3964	353407	181382
3965	353526	181309
3966	353639	181232
3967	353757	181157
3968	353861	181076
3969	353962	180993
3970	354051	180904
3971	354175	180832
3972	354245	180733
3973	354359	180657
3974	354441	180564
3975	354529	180474
3976	354655	180404
3977	354755	180320
3978	354863	180241
3979	354959	180155
3980	355079	180081
3981	355162	179989
3982	355257	179903
3983	355349	179815
3984	355460	179737
3985	355575	179661
3986	355685	179582
3987	355771	179491
3988	355847	179395
3989	355960	179318
3990	356056	179232
3991	356146	179144
3992	356268	179071
3993	356366	178986
3994	356458	178898
3995	356573	178822
3996	356662	178733
3997	356739	178637
3998	356825	178546
3999	356931	178465
4000	357042	178387
4001	357125	178294
4002	357222	178209
4003	357338	178133
4004	357452	178057
4005	357539	177966
4006	357643	177884
4007	357724	177791
4008	357817	177704
4009	357910	177616
4010	357997	177525
4011	358095	177440
4012	358204	177361
4013	358305	177278
4014	358404	177193
4015	358491	177103
4016	358624	177035
4017	358707	176943
4018	358793	176852
4019	358904	176773
4020	359010	176692
4021	359096	176601
4022	359202	176520
4023	359340	176455
4024	359452	176377
4025	359551	176292
4026	359648	176207
4027	359736	176117
4028	359857	176043
4029	359973	175967
4030	360044	175869
4031	360126	175775
4032	360212	175684
4033	360303	175596
4034	360394	175508
4035	360489	175421
4036	360586	175335
4037	360666	175242
4038	360767	175158
4039	360863	175072
4040	360957	174985
4041	361043	174894
4042	361141	174809
4043	361221	174715
4044	361338	174639
4045	361432	174552
4046	361537	174470
4047	361629	174382
4048	361779	174322
4049	361880	174238
4050	361972	174150
4051	362079	174069
4052	362174	173983
4053	362290	173906
4054	362384	173819
4055	362477	173731
4056	362590	173653
4057	362696	173572
4058	362821	173499
4059	362920	173415
4060	362992	173317
4061	363096	173234
4062	363188	173147
4063	363260	173049
4064	363350	172960
4065	363448	172874
4066	363536	172784
4067	363632	172698
4068	363729	172613
4069	363846	172536
4070	363913	172436
4071	364014	172352
4072	364101	172262
4073	364183	172169
4074	364278	172082
4075	364389	172003
4076	364496	171922
4077	364579	171829
4078	364674	171742
4079	364789	171665
4080	364882	171577
4081	364982	171493
4082	365112	171423
4083	365209	171337
4084	365327	171261
4085	365416	171171
4086	365502	171080
4087	365601	170995
4088	365695	170908
4089	365801	170826
4090	365909	170745
4091	366008	170660
4092	366099	170572
4093	366186	170481
4094	366284	170396
4095	366373	170306
4096	366506	170237
4097	366599	170149
4098	366712	170070
4099	366837	169998
4100	366944	169916
4101	367089	169852
4102	367175	169761
4103	367275	169676
4104	367383	169596
4105	367468	169504
4106	367573	169421
4107	367680	169340
4108	367776	169254
4109	367858	169161
4110	367955	169074
4111	368035	168981
4112	368126	168892
4113	368207	168799
4114	368275	168699
4115	368373	168614
4116	368519	168550
4117	368637	168473
4118	368718	168380
4119	368814	168294
4120	368906	168205
4121	369015	168125
4122	369091	168029
4123	369193	167945
4124	369300	167863
4125	369422	167789
4126	369527	167706
4127	369624	167620
4128	369716	167531
4129	369825	167451
4130	369905	167357
4131	369996	167268
4132	370112	167190
4133	370197	167099
4134	370272	167003
4135	370376	166919
4136	370473	166834
4137	370581	166752
4138	370678	166666
4139	370747	166567
4140	370843	166481
4141	370947	166398
4142	371048	166313
4143	371137	166223
4144	371238	166139
4145	371319	166045
4146	371420	165961
4147	371537	165884
4148	371667	165812
4149	371758	165723
4150	371846	165633
4151	371934	165543
4152	372018	165451
4153	372137	165374
4154	372237	165289
4155	372334	165203
4156	372412	165108
4157	372515	165024
4158	372646	164953
4159	372760	164874
4160	372858	164788
4161	372959	164704
4162	373064	164621
4163	373177	164542
4164	373267	164452
4165	373403	164383
4166	373586	164335
4167	373758	164281
4168	373894	164212
4169	374015	164136
4170	374131	164058
4171	374300	164003
4172	374423	163928
4173	374536	163848
4174	374647	163767
4175	374763	163689
4176	374879	163611
4177	374989	163530
4178	375130	163463
4179	375233	163379
4180	375329	163291
4181	375428	163206
4182	375538	163125
4183	375663	163051
4184	375794	162979
4185	375866	162881
4186	375955	162791
4187	376038	162698
4188	376131	162610
4189	376237	162527
4190	376334	162440
4191	376442	162358
4192	376523	162265
4193	376647	162190
4194	376800	162127
4195	376950	162063
4196	377050	161977
4197	377137	161887
4198	377239	161802
4199	377335	161715
4200	377445	161633
4201	377569	161558
4202	377707	161489
4203	377844	161419
4204	377980	161349
4205	378121	161281
4206	378244	161205
4207	378357	161125
4208	378459	161040
4209	378560	160955
4210	378696	160885
4211	378807	160804
4212	378904	160717
4213	379008	160633
4214	379125	160555
4215	379264	160485
4216	379410	160419
4217	379515	160335
4218	379676	160276
4219	379809	160204
4220	379919	160122
4221	380040	160045
4222	380156	159966
4223	380254	159879
4224	380352	159793
4225	380466	159713
4226	380586	159635
4227	380695	159553
4228	380791	159466
4229	380875	159373
4230	380973	159286
4231	381065	159197
4232	381167	159112
4233	381242	159015
4234	381348	158932
4235	381435	158841
4236	381516	158747
4237	381634	158669
4238	381743	158587
4239	381842	158500
4240	381963	158423
4241	382081	158344
4242	382175	158256
4243	382305	158182
4244	382429	158107
4245	382526	158019
4246	382634	157936
4247	382768	157864
4248	382854	157773
4249	382972	157694
4250	383114	157625
4251	383211	157538
4252	383305	157449
4253	383403	157363
4254	383514	157281
4255	383614	157195
4256	383699	157103
4257	383792	157014
4258	383893	156928
4259	383987	156839
4260	384097	156757
4261	384195	156671
4262	384288	156582
4263	384410	156505
4264	384499	156414
4265	384594	156326
4266	384697	156241
4267	384815	156162
4268	384932	156082
4269	385033	155997
4270	385126	155908
4271	385226	155822
4272	385329	155736
4273	385442	155655
4274	385554	155574
4275	385641	155483
4276	385739	155395
4277	385839	155309
4278	385953	155229
4279	386117	155168
4280	386228	155087
4281	386311	154993
4282	386412	154907
4283	386515	154822
4284	386609	154733
4285	386699	154643
4286	386804	154559
4287	386911	154475
4288	387002	154386
4289	387146	154317
4290	387266	154238
4291	387387	154160
4292	387484	154073
4293	387568	153980
4294	387655	153888
4295	387777	153811
4296	387895	153731
4297	388001	153647
4298	388116	153567
4299	388260	153498
4300	388380	153419
4301	388506	153343
4302	388611	153258
4303	388699	153167
4304	388805	153083
4305	388903	152996
4306	388988	152903
4307	389100	152822
4308	389206	152737
4309	389319	152656
4310	389396	152561
4311	389496	152474
4312	389596	152388
4313	389708	152306
4314	389829	152227
4315	389938	152144
4316	390049	152062
4317	390168	151983
4318	390260	151893
4319	390350	151803
4320	390461	151720
4321	390557	151632
4322	390650	151542
4323	390724	151446
4324	390859	151373
4325	390951	151283
4326	391057	151199
4327	391167	151116
4328	391292	151039
4329	391407	150958
4330	391516	150875
4331	391620	150789
4332	391722	150704
4333	391855	150630
4334	392023	150569
4335	392168	150499
4336	392278	150417
4337	392407	150341
4338	392492	150248
4339	392589	150160
4340	392714	150083
4341	392855	150012
4342	392956	149926
4343	393078	149847
4344	393187	149764
4345	393313	149687
4346	393431	149607
4347	393563	149532
4348	393714	149464
4349	393837	149386
4350	393920	149293
4351	394018	149205
4352	394128	149122
4353	394231	149036
4354	394326	148947
4355	394409	148854
4356	394474	148754
4357	394583	148670
4358	394665	148576
4359	394740	148480
4360	394855	148398
4361	394946	148308
4362	395021	148212
4363	395117	148123
4364	395210	148034
4365	395317	147949
4366	395421	147864
4367	395515	147775
4368	395601	147682
4369	395689	147591
4370	395795	147506
4371	395889	147417
4372	395995	147332
4373	396110	147250
4374	396219	147167
4375	396338	147087
4376	396436	146999
4377	396582	146929
4378	396687	146844
4379	396799	146761
4380	396908	146677
4381	396985	146582
4382	397093	146497
4383	397188	146408
4384	397337	146339
4385	397452	146258
4386	397560	146173
4387	397666	146088
4388	397777	146005
4389	397865	145914
4390	397971	145829
4391	398094	145750
4392	398198	145664
4393	398297	145577
4394	398419	145497
4395	398541	145418
4396	398643	145332
4397	398749	145246
4398	398820	145149
4399	398934	145067
4400	399048	144984
4401	399134	144892
4402	399260	144814
4403	399380	144734
4404	399520	144661
4405	399629	144577
4406	399728	144490
4407	399898	144427
4408	400007	144343
4409	400124	144262
4410	400255	144186
4411	400363	144101
4412	400475	144018
4413	400592	143937
4414	400694	143850
4415	400779	143757
4416	400907	143680
4417	401038	143604
4418	401162	143525
4419	401261	143437
4420	401396	143362
4421	401537	143289
4422	401657	143209
4423	401751	143119
4424	401844	143029
4425	401973	142952
4426	402074	142865
4427	402184	142780
4428	402288	142694
4429	402382	142605
4430	402465	142511
4431	402573	142426
4432	402681	142341
4433	402786	142255
4434	402888	142169
4435	403007	142088
4436	403094	141996
4437	403243	141925
4438	403355	141842
4439	403473	141760
4440	403579	141675
4441	403691	141592
4442	403787	141502
4443	403902	141420
4444	404000	141332
4445	404159	141264
4446	404256	141176
4447	404356	141088
4448	404460	141002
4449	404571	140918
4450	404694	140838
4451	404796	140751
4452	404902	140665
4453	404991	140574
4454	405093	140487
4455	405199	140401
4456	405279	140306
4457	405398	140225
4458	405501	140138
4459	405645	140066
4460	405767	139985
4461	405877	139901
4462	405988	139817
4463	406082	139727
4464	406189	139641
4465	406279	139550
4466	406399	139469
4467	406516	139387
4468	406654	139312
4469	406758	139226
4470	406911	139156
4471	407009	139067
4472	407120	138983
4473	407246	138904
4474	407350	138817
4475	407483	138740
4476	407614	138663
4477	407725	138579
4478	407855	138501
4479	407968	138417
4480	408092	138338
4481	408203	138253
4482	408313	138168
4483	408461	138097
4484	408589	138018
4485	408739	137947
4486	408937	137892
4487	409044	137806
4488	409149	137720
4489	409265	137637
4490	409387	137556
4491	409494	137470
4492	409594	137382
4493	409701	137296
4494	409788	137203
4495	409899	137119
4496	409980	137024
4497	410063	136930
4498	410147	136837
4499	410250	136750
4500	410351	136662
4501	410459	136576
4502	410575	136493
4503	410661	136400
4504	410760	136312
4505	410876	136229
4506	410973	136140
4507	411054	136045
4508	411133	135950
4509	411253	135868
4510	411348	135778
4511	411464	135695
4512	411595	135617
4513	411704	135532
4514	411824	135450
4515	411931	135364
4516	412042	135279
4517	412127	135186
4518	412216	135094
4519	412321	135007
4520	412398	134911
4521	412495	134822
4522	412579	134729
4523	412696	134646
4524	412840	134572
4525	412917	134476
4526	413004	134383
4527	413096	134292
4528	413185	134200
4529	413287	134113
4530	413415	134033
4531	413515	133945
4532	413625	133860
4533	413744	133778
4534	413836	133687
4535	413975	133611
4536	414115	133535
4537	414222	133449
4538	414329	133363
4539	414470	133287
4540	414579	133202
4541	414697	133119
4542	414816	133037
4543	414925	132951
4544	415046	132869
4545	415181	132792
4546	415291	132706
4547	415421	132627
4548	415507	132535
4549	415606	132445
4550	415704	132356
4551	415825	132275
4552	415967	132199
4553	416067	132111
4554	416149	132016
4555	416252	131929
4556	416346	131838
4557	416467	131756
4558	416577	131670
4559	416653	131574
4560	416779	131494
4561	416889	131408
4562	417020	131329
4563	417152	131251
4564	417291	131174
4565	417409	131091
4566	417540	131012
4567	417673	130934
4568	417808	130856
4569	417911	130768
4570	418006	130678
4571	418085	130583
4572	418186	130494
4573	418271	130401
4574	418382	130315
4575	418475	130225
4576	418582	130138
4577	418688	130051
4578	418799	129965
4579	418895	129875
4580	419003	129789
4581	419107	129702
4582	419215	129615
4583	419310	129525
4584	419411	129436
4585	419535	129355
4586	419631	129265
4587	419745	129180
4588	419855	129094
4589	419945	129002
4590	420029	128908
4591	420126	128819
4592	420226	128730
4593	420350	128648
4594	420438	128556
4595	420549	128470
4596	420690	128394
4597	420782	128303
4598	420869	128210
4599	420962	128119
4600	421043	128024
4601	421177	127945
4602	421284	127858
4603	421374	127766
4604	421462	127674
4605	421583	127591
4606	421667	127497
4607	421768	127409
4608	421886	127325
4609	421997	127239
4610	422104	127153
4611	422190	127059
4612	422321	126980
4613	422442	126897
4614	422553	126811
4615	422664	126725
4616	422762	126636
4617	422851	126544
4618	422993	126467
4619	423103	126381
4620	423244	126304
4621	423405	126233
4622	423550	126158
4623	423748	126098
4624	423904	126025
4625	424034	125945
4626	424156	125862
4627	424233	125766
4628	424359	125685
4629	424467	125598
4630	424590	125515
4631	424711	125432
4632	424816	125345
4633	424979	125274
4634	425113	125195
4635	425240	125113
4636	425339	125024
4637	425469	124943
4638	425605	124864
4639	425731	124783
4640	425843	124697
4641	425917	124600
4642	426021	124512
4643	426128	124425
4644	426209	124330
4645	426295	124236
4646	426410	124151
4647	426528	124067
4648	426600	123970
4649	426693	123878
4650	426784	123786
4651	426931	123711
4652	427026	123620
4653	427141	123535
4654	427237	123444
4655	427336	123354
4656	427464	123273
4657	427571	123186
4658	427692	123102
4659	427801	123015
4660	427883	122921
4661	427977	122830
4662	428074	122739
4663	428157	122645
4664	428321	122574
4665	428485	122503
4666	428609	122420
4667	428726	122335
4668	428880	122261
4669	428989	122174
4670	429072	122080
4671	429212	122002
4672	429347	121922
4673	429457	121835
4674	429586	121754
4675	429689	121665
4676	429778	121573
4677	429925	121496
4678	430087	121424
4679	430234	121348
4680	430350	121263
4681	430490	121184
4682	430613	121101
4683	430771	121027
4684	430885	120942
4685	430987	120852
4686	431085	120762
4687	431190	120674
4688	431309	120590
4689	431425	120504
4690	431529	120416
4691	431640	120329
4692	431805	120257
4693	431921	120172
4694	432024	120083
4695	432150	120001
4696	432281	119919
4697	432393	119833
4698	432507	119747
4699	432669	119674
4700	432793	119591
4701	432926	119510
4702	433028	119421
4703	433148	119336
4704	433257	119249
4705	433365	119161
4706	433474	119074
4707	433566	118982
4708	433672	118893
4709	433797	118810
4710	433902	118722
4711	434018	118636
4712	434152	118555
4713	434245	118463
4714	434380	118383
4715	434546	118311
4716	434668	118227
4717	434764	118136
4718	434874	118049
4719	434962	117955
4720	435077	117870
4721	435177	117780
4722	435276	117689
4723	435391	117603
4724	435483	117511
4725	435586	117422
4726	435690	117333
4727	435794	117244
4728	435890	117153
4729	436019	117070
4730	436114	116979
4731	436221	116891
4732	436358	116810
4733	436475	116725
4734	436562	116631
4735	436653	116539
4736	436778	116455
4737	436917	116376
4738	437004	116282
4739	437129	116199
4740	437227	116108
4741	437316	116015
4742	437454	115935
4743	437580	115851
4744	437723	115772
4745	437834	115685
4746	437985	115608
4747	438135	115532
4748	438282	115454
4749	438443	115379
4750	438541	115289
4751	438650	115201
4752	438770	115116
4753	438953	115047
4754	439100	114969
4755	439253	114893
4756	439377	114808
4757	439496	114723
4758	439611	114637
4759	439731	114552
4760	439860	114469
4761	440008	114391
4762	440154	114312
4763	440290	114231
4764	440395	114142
4765	440510	114055
4766	440599	113962
4767	440691	113869
4768	440777	113775
4769	440875	113684
4770	440999	113600
4771	441099	113510
4772	441175	113413
4773	441288	113326
4774	441373	113231
4775	441478	113142
4776	441603	113058
4777	441703	112968
4778	441815	112880
4779	441919	112791
4780	442044	112706
4781	442148	112617
4782	442246	112526
4783	442355	112438
4784	442443	112344
4785	442526	112249
4786	442613	112155
4787	442749	112074
4788	442838	111980
4789	443032	111914
4790	443230	111848
4791	443398	111774
4792	443608	111711
4793	443749	111631
4794	443937	111563
4795	444195	111511
4796	444388	111444
4797	444625	111387
4798	444804	111316
4799	444965	111241
4800	445141	111169
4801	445386	111114
4802	445573	111045
4803	445777	110980
4804	445897	110894
4805	446052	110817
4806	446233	110746
4807	446472	110689
4808	446654	110618
4809	446777	110533
4810	446954	110461
4811	447098	110380
4812	447281	110310
4813	447416	110227
4814	447582	110152
4815	447755	110079
4816	447890	109996
4817	448088	109929
4818	448223	109846
4819	448487	109795
4820	448735	109740
4821	448891	109662
4822	449061	109588
4823	449199	109506
4824	449341	109425
4825	449558	109362
4826	449737	109289
4827	449866	109205
4828	450026	109128
4829	450159	109044
4830	450262	108954
4831	450401	108871
4832	450537	108789
4833	450715	108716
4834	450869	108637
4835	451021	108558
4836	451180	108481
4837	451293	108392
4838	451382	108298
4839	451489	108208
4840	451612	108121
4841	451748	108038
4842	451857	107949
4843	451971	107860
4844	452096	107775
4845	452197	107683
4846	452314	107596
4847	452429	107508
4848	452538	107418
4849	452633	107325
4850	452755	107238
4851	452862	107148
4852	452973	107059
4853	453093	106972
4854	453192	106880
4855	453334	106798
4856	453540	106731
4857	453741	106663
4858	453865	106577
4859	453991	106491
4860	454082	106397
4861	454193	106308
4862	454289	106215
4863	454414	106129
4864	454529	106041
4865	454613	105945
4866	454727	105857
4867	454858	105772
4868	454965	105681
4869	455075	105592
4870	455172	105499
4871	455270	105407
4872	455382	105318
4873	455482	105226
4874	455580	105134
4875	455661	105037
4876	455760	104945
4877	455912	104865
4878	456027	104777
4879	456143	104688
4880	456254	104599
4881	456335	104502
4882	456421	104407
4883	456534	104318
4884	456634	104226
4885	456732	104134
4886	456821	104039
4887	456913	103945
4888	457054	103863
4889	457148	103769
4890	457229	103673
4891	457323	103580
4892	457421	103487
4893	457553	103402
4894	457691	103319
4895	457829	103236
4896	457938	103146
4897	458075	103062
4898	458185	102972
4899	458284	102880
4900	458405	102792
4901	458503	102700
4902	458623	102612
4903	458739	102524
4904	458866	102438
4905	458959	102344
4906	459097	102260
4907	459194	102167
4908	459300	102077
4909	459416	101988
4910	459512	101895
4911	459615	101804
4912	459754	101720
4913	459845	101626
4914	459931	101531
4915	460041	101441
4916	460149	101350
4917	460242	101257
4918	460339	101164
4919	460448	101074
4920	460567	100986
4921	460665	100893
4922	460792	100807
4923	460895	100715
4924	461021	100629
4925	461137	100540
4926	461233	100447
4927	461356	100359
4928	461451	100266
4929	461544	100172
4930	461643	100080
4931	461751	99990
4932	461896	99907
4933	462011	99818
4934	462121	99728
4935	462211	99634
4936	462312	99541
4937	462418	99450
4938	462548	99365
4939	462665	99276
4940	462804	99192
4941	462908	99101
4942	462992	99005
4943	463082	98910
4944	463180	98818
4945	463302	98730
4946	463432	98644
4947	463556	98557
4948	463652	98464
4949	463764	98374
4950	463905	98290
4951	464030	98203
4952	464196	98125
4953	464293	98032
4954	464389	97938
4955	464471	97842
4956	464568	97749
4957	464647	97652
4958	464761	97563
4959	464878	97474
4960	464962	97378
4961	465050	97283
4962	465147	97190
4963	465231	97095
4964	465313	96998
4965	465403	96904
4966	465514	96814
4967	465627	96724
4968	465707	96627
4969	465800	96534
4970	465928	96447
4971	466024	96354
4972	466128	96262
4973	466262	96177
4974	466348	96081
4975	466453	95990
4976	466601	95907
4977	466704	95816
4978	466811	95725
4979	466933	95636
4980	467031	95544
4981	467120	95449
4982	467224	95357
4983	467294	95259
4984	467374	95162
4985	467470	95069
4986	467555	94973
4987	467670	94884
4988	467789	94795
4989	467900	94705
4990	467975	94607
4991	468090	94518
4992	468224	94432
4993	468320	94339
4994	468451	94253
4995	468575	94165
4996	468655	94068
4997	468753	93975
4998	468856	93883
4999	468949	93789
5000	469040	93695
5001	469173	93609
5002	469307	93523
5003	469428	93435
5004	469531	93343
5005	469648	93254
5006	469750	93162
5007	469880	93075
5008	469963	92979
5009	470058	92885
5010	470251	92811
5011	470367	92722
5012	470451	92626
5013	470578	92538
5014	470672	92445
5015	470775	92353
5016	470929	92271
5017	471048	92181
5018	471140	92087
5019	471246	91996
5020	471341	91902
5021	471448	91811
5022	471541	91717
5023	471651	91626
5024	471765	91536
5025	471878	91446
5026	472004	91358
5027	472118	91268
5028	472242	91180
5029	472320	91083
5030	472416	90990
5031	472520	90898
5032	472632	90807
5033	472727	90714
5034	472870	90629
5035	472963	90535
5036	473058	90441
5037	473140	90345
5038	473233	90251
5039	473334	90158
5040	473424	90064
5041	473519	89970
5042	473632	89880
5043	473739	89788
5044	473836	89695
5045	473941	89603
5046	474021	89507
5047	474117	89413
5048	474243	89325
5049	474352	89234
5050	474457	89142
5051	474557	89049
5052	474662	88958
5053	474776	88867
5054	474894	88778
5055	474999	88686
5056	475084	88591
5057	475186	88498
5058	475282	88405
5059	475400	88315
5060	475488	88220
5061	475569	88124
5062	475680	88033
5063	475781	87940
5064	475911	87853
5065	476021	87762
5066	476110	87667
5067	476208	87574
5068	476302	87480
5069	476429	87392
5070	476540	87301
5071	476629	87206
5072	476715	87111
5073	476884	87031
5074	476993	86939
5075	477071	86842
5076	477177	86751
5077	477251	86653
5078	477388	86567
5079	477489	86474
5080	477581	86380
5081	477687	86288
5082	477772	86192
5083	477870	86099
5084	477959	86004
5085	478062	85912
5086	478170	85820
5087	478275	85728
5088	478374	85635
5089	478461	85540
5090	478546	85444
5091	478638	85350
5092	478748	85259
5093	478850	85166
5094	478955	85074
5095	479068	84983
5096	479184	84893
5097	479283	84800
5098	479367	84704
5099	479463	84611
5100	479538	84513
5101	479657	84424
5102	479759	84331
5103	479887	84243
5104	480023	84156
5105	480110	84061
5106	480208	83968
5107	480298	83873
5108	480390	83779
5109	480476	83683
5110	480576	83590
5111	480684	83499
5112	480799	83408
5113	480891	83314
5114	481015	83225
5115	481091	83128
5116	481198	83036
5117	481308	82945
5118	481392	82849
5119	481486	82755
5120	481578	82661
5121	481703	82572
5122	481801	82479
5123	481911	82387
5124	482003	82293
5125	482094	82198
5126	482194	82105
5127	482279	82010
5128	482369	81915
5129	482520	81830
5130	482633	81740
5131	482760	81651
5132	482867	81559
5133	482962	81465
5134	483055	81371
5135	483159	81279
5136	483246	81183
5137	483328	81087
5138	483420	80993
5139	483522	80900
5140	483626	80808
5141	483727	80715
5142	483830	80622
5143	483992	80539
5144	484111	80450
5145	484225	80359
5146	484304	80262
5147	484417	80171
5148	484522	80079
5149	484651	79990
5150	484748	79897
5151	484919	79815
5152	485019	79722
5153	485116	79629
5154	485223	79537
5155	485328	79444
5156	485423	79350
5157	485503	79254
5158	485592	79159
5159	485684	79064
5160	485771	78969
5161	485886	78878
5162	485985	78785
5163	486110	78696
5164	486230	78606
5165	486324	78512
5166	486418	78418
5167	486511	78323
5168	486606	78229
5169	486774	78147
5170	486906	78059
5171	487004	77965
5172	487103	77872
5173	487179	77775
5174	487269	77680
5175	487369	77587
5176	487496	77498
5177	487615	77408
5178	487725	77316
5179	487839	77225
5180	487953	77134
5181	488070	77043
5182	488177	76951
5183	488288	76860
5184	488381	76765
5185	488472	76671
5186	488565	76576
5187	488675	76485
5188	488788	76393
5189	488890	76300
5190	488992	76207
5191	489087	76113
5192	489161	76016
5193	489263	75923
5194	489374	75831
5195	489488	75740
5196	489574	75645
5197	489656	75549
5198	489792	75461
5199	489883	75366
5200	489982	75273
5201	490075	75178
5202	490178	75085
5203	490321	74999
5204	490435	74908
5205	490533	74814
5206	490627	74720
5207	490736	74628
5208	490862	74538
5209	490997	74450
5210	491088	74355
5211	491195	74263
5212	491278	74167
5213	491374	74073
5214	491464	73978
5215	491576	73887
5216	491673	73793
5217	491810	73705
5218	491926	73614
5219	492091	73530
5220	492198	73438
5221	492292	73344
5222	492384	73249
5223	492483	73156
5224	492607	73066
5225	492684	72969
5226	492769	72873
5227	492888	72783
5228	493007	72692
5229	493109	72599
5230	493229	72508
5231	493323	72414
5232	493404	72318
5233	493540	72229
5234	493630	72135
5235	493721	72040
5236	493821	71946
5237	493952	71857
5238	494049	71764
5239	494135	71668
5240	494242	71576
5241	494330	71480
5242	494430	71387
5243	494517	71292
5244	494609	71197
5245	494701	71102
5246	494785	71006
5247	494932	70920
5248	495029	70826
5249	495116	70730
5250	495230	70639
5251	495320	70544
5252	495398	70447
5253	495478	70351
5254	495560	70255
5255	495666	70162
5256	495768	70069
5257	495841	69972
5258	495983	69884
5259	496071	69789
5260	496176	69696
5261	496283	69604
5262	496358	69507
5263	496444	69411
5264	496538	69317
5265	496618	69221
5266	496712	69126
5267	496816	69033
5268	496920	68940
5269	497059	68852
5270	497174	68761
5271	497272	68667
5272	497368	68573
5273	497501	68484
5274	497627	68394
5275	497715	68299
5276	497831	68207
5277	497927	68113
5278	498020	68019
5279	498106	67923
5280	498198	67828
5281	498316	67737
5282	498427	67645
5283	498516	67550
5284	498607	67455
5285	498716	67363
5286	498844	67273
5287	498946	67180
5288	499059	67088
5289	499182	66997
5290	499262	66901
5291	499364	66808
5292	499450	66712
5293	499547	66618
5294	499644	66524
5295	499760	66433
5296	499859	66339
5297	499964	66246
5298	500054	66151
5299	500163	66059
5300	500248	65963
5301	500363	65872
5302	500477	65780
5303	500591	65688
5304	500693	65595
5305	500849	65508
5306	500978	65418
5307	501079	65325
5308	501158	65228
5309	501274	65137
5310	501370	65043
5311	501466	64949
5312	501551	64853
5313	501623	64756
5314	501729	64663
5315	501832	64569
5316	501936	64476
5317	502037	64383
5318	502138	64289
5319	502217	64193
5320	502324	64100
5321	502415	64005
5322	502517	63912
5323	502604	63816
5324	502691	63721
5325	502795	63628
5326	502893	63534
5327	502987	63439
5328	503084	63345
5329	503162	63249
5330	503267	63156
5331	503391	63065
5332	503522	62975
5333	503622	62881
5334	503716	62787
5335	503816	62693
5336	503921	62600
5337	504011	62505
5338	504103	62410
5339	504189	62315
5340	504286	62221
5341	504376	62126
5342	504507	62036
5343	504598	61941
5344	504693	61847
5345	504789	61753
5346	504864	61656
5347	504980	61564
5348	505088	61471
5349	505182	61377
5350	505303	61286
5351	505445	61197
5352	505545	61103
5353	505627	61007
5354	505705	60911
5355	505835	60821
5356	505958	60730
5357	506088	60639
5358	506212	60549
5359	506305	60454
5360	506397	60359
5361	506524	60269
5362	506623	60175
5363	506733	60082
5364	506845	59990
5365	506935	59895
5366	507080	59806
5367	507207	59715
5368	507285	59619
5369	507379	59524
5370	507457	59428
5371	507538	59332
5372	507674	59242
5373	507784	59150
5374	507897	59057
5375	508003	58964
5376	508108	58871
5377	508231	58780
5378	508325	58685
5379	508407	58589
5380	508513	58496
5381	508616	58403
5382	508709	58308
5383	508806	58214
5384	508890	58118
5385	509027	58028
5386	509119	57933
5387	509220	57840
5388	509337	57748
5389	509429	57653
5390	509545	57561
5391	509639	57466
5392	509734	57372
5393	509814	57276
5394	509886	57179
5395	509981	57084
5396	510081	56990
5397	510167	56895
5398	510270	56801
5399	510339	56704
5400	510433	56609
5401	510551	56517
5402	510634	56422
5403	510750	56330
5404	510843	56235
5405	510963	56143
5406	511092	56052
5407	511222	55962
5408	511342	55870
5409	511456	55778
5410	511565	55685
5411	511680	55592
5412	511777	55498
5413	511878	55404
5414	511974	55310
5415	512075	55216
5416	512176	55122
5417	512268	55027
5418	512339	54930
5419	512441	54836
5420	512541	54742
5421	512630	54647
5422	512736	54554
5423	512866	54463
5424	512982	54371
5425	513134	54282
5426	513257	54191
5427	513351	54096
5428	513430	54000
5429	513522	53905
5430	513615	53810
5431	513705	53715
5432	513785	53619
5433	513885	53525
5434	513977	53430
5435	514089	53338
5436	514187	53243
5437	514286	53149
5438	514381	53055
5439	514449	52958
5440	514557	52864
5441	514653	52770
5442	514728	52673
5443	514808	52577
5444	514936	52486
5445	515060	52395
5446	515148	52299
5447	515236	52204
5448	515324	52109
5449	515426	52015
5450	515521	51921
5451	515632	51828
5452	515733	51734
5453	515873	51644
5454	515990	51551
5455	516078	51456
5456	516194	51364
5457	516296	51270
5458	516412	51177
5459	516474	51079
5460	516550	50983
5461	516647	50889
5462	516747	50795
5463	516837	50699
5464	516944	50606
5465	517027	50510
5466	517119	50416
5467	517255	50325
5468	517348	50230
5469	517445	50136
5470	517535	50041
5471	517634	49947
5472	517749	49854
5473	517851	49760
5474	517975	49668
5475	518068	49574
5476	518160	49479
5477	518288	49387
5478	518372	49292
5479	518510	49201
5480	518617	49108
5481	518690	49011
5482	518786	48917
5483	518912	48825
5484	519008	48730
5485	519117	48637
5486	519214	48543
5487	519313	48449
5488	519436	48357
5489	519543	48263
5490	519628	48168
5491	519735	48074
5492	519859	47982
5493	519953	47887
5494	520084	47796
5495	520203	47704
5496	520330	47612
5497	520454	47520
5498	520583	47429
5499	520720	47338
5500	520822	47244
5501	520940	47151
5502	521044	47057
5503	521157	46964
5504	521267	46871
5505	521348	46775
5506	521455	46681
5507	521557	46587
5508	521645	46492
5509	521761	46399
5510	521887	46307
5511	521992	46214
5512	522117	46122
5513	522234	46029
5514	522336	45935
5515	522460	45843
5516	522568	45749
5517	522658	45654
5518	522765	45560
5519	522852	45465
5520	522954	45371
5521	523074	45278
5522	523171	45184
5523	523298	45092
5524	523424	45000
5525	523539	44907
5526	523629	44812
5527	523732	44718
5528	523843	44624
5529	523960	44531
5530	524065	44438
5531	524176	44344
5532	524295	44251
5533	524392	44157
5534	524503	44063
5535	524581	43967
5536	524674	43872
5537	524768	43778
5538	524863	43683
5539	524994	43591
5540	525107	43498
5541	525228	43405
5542	525343	43312
5543	525472	43220
5544	525640	43131
5545	525775	43040
5546	525892	42947
5547	525986	42852
5548	526094	42758
5549	526213	42665
5550	526327	42572
5551	526451	42480
5552	526563	42386
5553	526657	42291
5554	526733	42195
5555	526866	42103
5556	526974	42010
5557	527071	41915
5558	527212	41824
5559	527314	41729
5560	527419	41635
5561	527539	41543
5562	527637	41448
5563	527722	41352
5564	527822	41258
5565	527903	41162
5566	528029	41070
5567	528135	40976
5568	528241	40882
5569	528342	40787
5570	528430	40692
5571	528508	40596
5572	528616	40502
5573	528732	40409
5574	528845	40315
5575	528961	40222
5576	529082	40129
5577	529161	40033
5578	529273	39939
5579	529375	39845
5580	529501	39752
5581	529610	39659
5582	529730	39566
5583	529851	39473
5584	529947	39378
5585	530055	39284
5586	530149	39189
5587	530242	39094
5588	530331	38999
5589	530416	38903
5590	530539	38810
5591	530641	38716
5592	530790	38625
5593	530890	38530
5594	531001	38437
5595	531114	38343
5596	531225	38249
5597	531313	38154
5598	531408	38059
5599	531522	37965
5600	531623	37871
5601	531734	37777
5602	531837	37683
5603	531937	37588
5604	532034	37493
5605	532176	37402
5606	532264	37306
5607	532348	37211
5608	532431	37115
5609	532576	37024
5610	532684	36929
5611	532809	36837
5612	532900	36741
5613	533020	36648
5614	533190	36558
5615	533287	36464
5616	533391	36369
5617	533541	36278
5618	533660	36185
5619	533759	36090
5620	533900	35998
5621	533992	35903
5622	534095	35809
5623	534213	35715
5624	534307	35620
5625	534398	35525
5626	534507	35431
5627	534591	35335
5628	534683	35240
5629	534766	35144
5630	534868	35049
5631	534963	34955
5632	535056	34859
5633	535155	34765
5634	535274	34671
5635	535388	34577
5636	535498	34483
5637	535588	34388
5638	535698	34294
5639	535772	34198
5640	535866	34103
5641	535955	34007
5642	536073	33914
5643	536172	33819
5644	536296	33726
5645	536416	33632
5646	536503	33537
5647	536593	33442
5648	536686	33346
5649	536791	33252
5650	536906	33158
5651	537030	33065
5652	537165	32972
5653	537263	32878
5654	537369	32783
5655	537496	32690
5656	537627	32597
5657	537718	32502
5658	537819	32407
5659	537940	32314
5660	538032	32219
5661	538162	32126
5662	538277	32032
5663	538367	31937
5664	538449	31841
5665	538577	31748
5666	538670	31652
5667	538823	31561
5668	538956	31468
5669	539042	31372
5670	539140	31277
5671	539250	31183
5672	539391	31091
5673	539526	30998
5674	539637	30904
5675	539753	30810
5676	539877	30717
5677	539966	30621
5678	540046	30525
5679	540201	30433
5680	540308	30339
5681	540440	30246
5682	540548	30151
5683	540652	30057
5684	540748	29962
5685	540903	29870
5686	541038	29777
5687	541130	29682
5688	541245	29588
5689	541380	29495
5690	541490	29400
5691	541601	29306
5692	541695	29211
5693	541809	29117
5694	541901	29021
5695	541987	28926
5696	542111	28832
5697	542207	28737
5698	542336	28644
5699	542445	28549
5700	542542	28454
5701	542660	28360
5702	542777	28266
5703	542865	28171
5704	542970	28076
5705	543080	27982
5706	543167	27886
5707	543264	27791
5708	543406	27698
5709	543506	27603
5710	543639	27510
5711	543766	27416
5712	543882	27322
5713	543990	27228
5714	544114	27134
5715	544218	27039
5716	544321	26944
5717	544404	26848
5718	544541	26755
5719	544647	26661
5720	544794	26568
5721	544875	26472
5722	544982	26377
5723	545085	26282
5724	545212	26189
5725	545302	26093
5726	545423	25999
5727	545575	25907
5728	545665	25811
5729	545792	25717
5730	545884	25622
5731	545988	25527
5732	546078	25432
5733	546193	25337
5734	546338	25244
5735	546422	25149
5736	546525	25054
5737	546631	24959
5738	546712	24863
5739	546810	24768
5740	546963	24675
5741	547069	24580
5742	547195	24487
5743	547295	24391
5744	547389	24296
5745	547508	24202
5746	547607	24107
5747	547717	24012
5748	547825	23917
5749	547917	23822
5750	548012	23727
5751	548127	23632
5752	548233	23537
5753	548385	23445
5754	548503	23350
5755	548590	23255
5756	548702	23160
5757	548800	23065
5758	548926	22971
5759	549081	22878
5760	549180	22783
5761	549286	22688
5762	549379	22592
5763	549506	22498
5764	549605	22403
5765	549697	22308
5766	549788	22212
5767	549890	22117
5768	549987	22022
5769	550108	21928
5770	550222	21833
5771	550317	21738
5772	550421	21643
5773	550507	21547
5774	550581	21451
5775	550688	21356
5776	550785	21261
5777	550880	21165
5778	550980	21070
5779	551069	20974
5780	551161	20879
5781	551254	20784
5782	551401	20690
5783	551492	20595
5784	551573	20499
5785	551665	20403
5786	551773	20308
5787	551861	20213
5788	551967	20118
5789	552060	20022
5790	552174	19928
5791	552279	19833
5792	552380	19738
5793	552511	19643
5794	552621	19549
5795	552748	19454
5796	552838	19359
5797	552927	19263
5798	553042	19169
5799	553147	19074
5800	553237	18978
5801	553339	18883
5802	553453	18788
5803	553587	18694
5804	553726	18600
5805	553807	18504
5806	553891	18408
5807	553986	18313
5808	554102	18218
5809	554215	18124
5810	554321	18029
5811	554428	17934
5812	554522	17838
5813	554614	17743
5814	554706	17647
5815	554797	17552
5816	554902	17456
5817	554995	17361
5818	555089	17266
5819	555257	17172
5820	555398	17078
5821	555518	16984
5822	555656	16890
5823	555791	16795
5824	555920	16701
5825	556030	16606
5826	556148	16511
5827	556255	16416
5828	556384	16322
5829	556484	16226
5830	556585	16131
5831	556685	16036
5832	556814	15941
5833	556953	15847
5834	557083	15753
5835	557201	15658
5836	557316	15563
5837	557453	15468
5838	557565	15373
5839	557665	15278
5840	557767	15183
5841	557857	15087
5842	557958	14992
5843	558035	14896
5844	558126	14800
5845	558232	14705
5846	558339	14610
5847	558401	14513
5848	558494	14418
5849	558595	14322
5850	558687	14227
5851	558771	14131
5852	558857	14035
5853	558975	13940
5854	559070	13845
5855	559171	13750
5856	559270	13654
5857	559372	13559
5858	559452	13463
5859	559543	13367
5860	559669	13273
5861	559738	13177
5862	559842	13081
5863	559955	12986
5864	560058	12891
5865	560206	12797
5866	560336	12702
5867	560425	12606
5868	560537	12511
5869	560669	12416
5870	560776	12321
5871	560906	12226
5872	560996	12131
5873	561109	12036
5874	561202	11940
5875	561295	11844
5876	561407	11749
5877	561505	11654
5878	561615	11559
5879	561709	11463
5880	561809	11368
5881	561919	11272
5882	562036	11177
5883	562136	11082
5884	562258	10987
5885	562351	10891
5886	562439	10795
5887	562522	10700
5888	562610	10604
5889	562742	10509
5890	562848	10414
5891	562961	10319
5892	563085	10224
5893	563197	10128
5894	563297	10033
5895	563386	9937
5896	563471	9841
5897	563557	9746
5898	563650	9650
5899	563761	9555
5900	563899	9460
5901	564023	9365
5902	564146	9270
5903	564282	9175
5904	564379	9079
5905	564518	8984
5906	564684	8890
5907	564799	8795
5908	564922	8699
5909	565032	8604
5910	565124	8508
5911	565225	8413
5912	565313	8317
5913	565434	8222
5914	565547	8127
5915	565647	8031
5916	565756	7936
5917	565879	7840
5918	565996	7745
5919	566104	7650
5920	566221	7554
5921	566330	7459
5922	566450	7363
5923	566563	7268
5924	566690	7173
5925	566777	7077
5926	566873	6981
5927	566986	6886
5928	567096	6791
5929	567214	6695
5930	567349	6600
5931	567459	6504
5932	567629	6410
5933	567741	6314
5934	567872	6219
5935	568000	6123
5936	568107	6028
5937	568206	5932
5938	568358	5837
5939	568467	5742
5940	568577	5646
5941	568669	5550
5942	568807	5455
5943	568927	5360
5944	569026	5264
5945	569135	5168
5946	569238	5073
5947	569333	4977
5948	569410	4881
5949	569512	4785
5950	569623	4690
5951	569723	4594
5952	569815	4498
5953	569918	4403
5954	570003	4307
5955	570105	4211
5956	570213	4116
5957	570304	4020
5958	570437	3924
5959	570573	3829
5960	570688	3733
5961	570792	3638
5962	570912	3542
5963	571023	3446
5964	571137	3351
5965	571260	3255
5966	571385	3159
5967	571489	3064
5968	571567	2968
5969	571695	2872
5970	571824	2777
5971	571950	2681
5972	572068	2585
5973	572164	2490
5974	572297	2394
5975	572420	2298
5976	572526	2203
5977	572672	2107
5978	572806	2011
5979	572902	1916
5980	573003	1820
5981	573091	1724
5982	573211	1628
5983	573325	1532
5984	573449	1437
5985	573589	1341
5986	573712	1245
5987	573828	1149
5988	573955	1054
5989	574098	958
5990	574209	862
5991	574318	766
5992	574472	671
5993	574566	575
5994	574702	479
5995	574790	383
5996	574914	287
5997	575017	191
5998	575120	95
5999	575217	0
